entry_id,symbol,direction,signal_index,signal_time,signal_datetime,entry_index,entry_time,entry_datetime,entry_price,exit_index,exit_time,exit_datetime,exit_price,duration_bars,peak_favorable_price,max_adverse_price,max_roe_pct,max_stoploss_pct,net_pnl_pct,label
1,ADAUSDT,SELL,19,1760638500000,2025-10-16 18:15:00,20,1760639400000,2025-10-16 18:30:00,0.6477,213,1760814000000,2025-10-18 19:00:00,0.6348,194,0.5917,0.6556,8.646,1.22,1.992,win
2,ADAUSDT,BUY,213,1760813100000,2025-10-18 18:45:00,214,1760814000000,2025-10-18 19:00:00,0.6348,444,1761021900000,2025-10-21 04:45:00,0.6412,231,0.6755,0.6221,6.411,2.001,1.008,win
3,ADAUSDT,SELL,444,1761021000000,2025-10-21 04:30:00,445,1761021900000,2025-10-21 04:45:00,0.6412,488,1761061500000,2025-10-21 15:45:00,0.6827,44,0.6365,0.6852,0.733,6.862,-6.472,lose
4,ADAUSDT,BUY,488,1761060600000,2025-10-21 15:30:00,489,1761061500000,2025-10-21 15:45:00,0.6827,528,1761097500000,2025-10-22 01:45:00,0.6413,40,0.6838,0.6373,0.161,6.65,-6.064,lose
5,ADAUSDT,SELL,528,1761096600000,2025-10-22 01:30:00,529,1761097500000,2025-10-22 01:45:00,0.6413,680,1761234300000,2025-10-23 15:45:00,0.6418,152,0.6045,0.6458,5.738,0.702,-0.078,win
6,ADAUSDT,BUY,680,1761233400000,2025-10-23 15:30:00,681,1761234300000,2025-10-23 15:45:00,0.6418,1116,1761626700000,2025-10-28 04:45:00,0.6646,436,0.6933,0.6361,8.024,0.888,3.553,win
7,ADAUSDT,SELL,1116,1761625800000,2025-10-28 04:30:00,1117,1761626700000,2025-10-28 04:45:00,0.6646,1941,1762369200000,2025-11-05 19:00:00,0.5474,825,0.4894,0.6752,26.362,1.595,17.635,win
8,ADAUSDT,BUY,1941,1762368300000,2025-11-05 18:45:00,1942,1762369200000,2025-11-05 19:00:00,0.5474,2031,1762450200000,2025-11-06 17:30:00,0.5247,90,0.5484,0.5164,0.183,5.663,-4.147,lose
9,ADAUSDT,SELL,2031,1762449300000,2025-11-06 17:15:00,2032,1762450200000,2025-11-06 17:30:00,0.5247,2125,1762534800000,2025-11-07 17:00:00,0.5667,94,0.5192,0.5702,1.048,8.672,-8.005,lose
10,ADAUSDT,BUY,2125,1762533900000,2025-11-07 16:45:00,2126,1762534800000,2025-11-07 17:00:00,0.5667,2233,1762632000000,2025-11-08 20:00:00,0.5605,108,0.5928,0.5535,4.606,2.329,-1.094,win
11,ADAUSDT,SELL,2233,1762631100000,2025-11-08 19:45:00,2234,1762632000000,2025-11-08 20:00:00,0.5605,2317,1762707600000,2025-11-09 17:00:00,0.5772,84,0.5476,0.579,2.302,3.301,-2.979,win
12,ADAUSDT,BUY,2317,1762706700000,2025-11-09 16:45:00,2318,1762707600000,2025-11-09 17:00:00,0.5772,2514,1762884900000,2025-11-11 18:15:00,0.5702,197,0.6068,0.5662,5.128,1.906,-1.213,win
13,ADAUSDT,SELL,2514,1762884000000,2025-11-11 18:00:00,2515,1762884900000,2025-11-11 18:15:00,0.5702,2594,1762956900000,2025-11-12 14:15:00,0.5798,80,0.5523,0.5805,3.139,1.806,-1.684,win
14,ADAUSDT,BUY,2594,1762956000000,2025-11-12 14:00:00,2595,1762956900000,2025-11-12 14:15:00,0.5798,2606,1762967700000,2025-11-12 17:15:00,0.5448,12,0.5801,0.5444,0.052,6.106,-6.037,lose
15,ADAUSDT,SELL,2606,1762966800000,2025-11-12 17:00:00,2607,1762967700000,2025-11-12 17:15:00,0.5448,2683,1763037000000,2025-11-13 12:30:00,0.5632,77,0.5389,0.5715,1.083,4.901,-3.377,lose
16,ADAUSDT,BUY,2683,1763036100000,2025-11-13 12:15:00,2684,1763037000000,2025-11-13 12:30:00,0.5632,2705,1763056800000,2025-11-13 18:00:00,0.529,22,0.5686,0.5282,0.959,6.214,-6.072,lose
17,ADAUSDT,SELL,2705,1763055900000,2025-11-13 17:45:00,2706,1763056800000,2025-11-13 18:00:00,0.529,3648,1763905500000,2025-11-23 13:45:00,0.4141,943,0.3875,0.5343,26.749,1.002,21.72,win
18,ADAUSDT,BUY,3648,1763904600000,2025-11-23 13:30:00,3649,1763905500000,2025-11-23 13:45:00,0.4141,3840,1764078300000,2025-11-25 13:45:00,0.4114,192,0.4339,0.4017,4.781,2.994,-0.652,win
19,ADAUSDT,SELL,3840,1764077400000,2025-11-25 13:30:00,3841,1764078300000,2025-11-25 13:45:00,0.4114,3957,1764183600000,2025-11-26 19:00:00,0.4348,117,0.4044,0.4357,1.702,5.907,-5.688,lose
20,ADAUSDT,BUY,3957,1764182700000,2025-11-26 18:45:00,3958,1764183600000,2025-11-26 19:00:00,0.4348,4087,1764300600000,2025-11-28 03:30:00,0.4242,130,0.4389,0.4214,0.943,3.082,-2.438,lose
21,ADAUSDT,SELL,4087,1764299700000,2025-11-28 03:15:00,4088,1764300600000,2025-11-28 03:30:00,0.4242,4505,1764676800000,2025-12-02 12:00:00,0.3935,418,0.3705,0.4369,12.659,2.994,7.237,win
22,ADAUSDT,BUY,4505,1764675900000,2025-12-02 11:45:00,4506,1764676800000,2025-12-02 12:00:00,0.3935,4784,1764927900000,2025-12-05 09:45:00,0.4307,279,0.4557,0.3926,15.807,0.229,9.454,win
23,ADAUSDT,SELL,4784,1764927000000,2025-12-05 09:30:00,4785,1764927900000,2025-12-05 09:45:00,0.4307,5011,1765132200000,2025-12-07 18:30:00,0.4338,227,0.4052,0.4349,5.921,0.975,-0.72,win
24,ADAUSDT,BUY,5011,1765131300000,2025-12-07 18:15:00,5012,1765132200000,2025-12-07 18:30:00,0.4338,5324,1765413900000,2025-12-11 00:45:00,0.4469,313,0.4837,0.4106,11.503,5.348,3.02,win
25,ADAUSDT,SELL,5324,1765413000000,2025-12-11 00:30:00,5325,1765413900000,2025-12-11 00:45:00,0.4469,6129,1766138400000,2025-12-19 10:00:00,0.3657,805,0.3463,0.4476,22.511,0.157,18.17,win
26,ADAUSDT,BUY,6129,1766137500000,2025-12-19 09:45:00,6130,1766138400000,2025-12-19 10:00:00,0.3657,6292,1766285100000,2025-12-21 02:45:00,0.3678,163,0.3809,0.3647,4.156,0.273,0.574,win
27,ADAUSDT,SELL,6292,1766284200000,2025-12-21 02:30:00,6293,1766285100000,2025-12-21 02:45:00,0.3678,6430,1766409300000,2025-12-22 13:15:00,0.3741,138,0.3573,0.3768,2.855,2.447,-1.713,win
28,ADAUSDT,BUY,6430,1766408400000,2025-12-22 13:00:00,6431,1766409300000,2025-12-22 13:15:00,0.3741,6514,1766484900000,2025-12-23 10:15:00,0.3638,84,0.3822,0.362,2.165,3.234,-2.753,win
29,ADAUSDT,SELL,6514,1766484000000,2025-12-23 10:00:00,6515,1766484900000,2025-12-23 10:15:00,0.3638,6816,1766756700000,2025-12-26 13:45:00,0.3566,302,0.3389,0.3688,6.844,1.374,1.979,win
30,ADAUSDT,BUY,6816,1766755800000,2025-12-26 13:30:00,6817,1766756700000,2025-12-26 13:45:00,0.3566,6829,1766768400000,2025-12-26 17:00:00,0.3442,13,0.3578,0.3439,0.337,3.561,-3.477,lose
31,ADAUSDT,SELL,6829,1766767500000,2025-12-26 16:45:00,6830,1766768400000,2025-12-26 17:00:00,0.3442,6906,1766837700000,2025-12-27 12:15:00,0.357,77,0.3441,0.3589,0.029,4.271,-3.719,lose
32,ADAUSDT,BUY,6906,1766836800000,2025-12-27 12:00:00,6907,1766837700000,2025-12-27 12:15:00,0.357,7036,1766954700000,2025-12-28 20:45:00,0.3634,130,0.3773,0.3553,5.686,0.476,1.793,win
33,ADAUSDT,SELL,7036,1766953800000,2025-12-28 20:30:00,7037,1766954700000,2025-12-28 20:45:00,0.3634,7059,1766975400000,2025-12-29 02:30:00,0.3766,23,0.3619,0.38,0.413,4.568,-3.632,lose
34,ADAUSDT,BUY,7059,1766974500000,2025-12-29 02:15:00,7060,1766975400000,2025-12-29 02:30:00,0.3766,7105,1767016800000,2025-12-29 14:00:00,0.3639,46,0.3846,0.3617,2.124,3.956,-3.372,win
35,ADAUSDT,SELL,7105,1767015900000,2025-12-29 13:45:00,7106,1767016800000,2025-12-29 14:00:00,0.3639,7400,1767282300000,2026-01-01 15:45:00,0.3461,295,0.3276,0.3695,9.975,1.539,4.891,win
36,ADAUSDT,BUY,7400,1767281400000,2026-01-01 15:30:00,7401,1767282300000,2026-01-01 15:45:00,0.3461,7931,1767760200000,2026-01-07 04:30:00,0.4116,531,0.4373,0.3454,26.351,0.202,18.925,win
37,ADAUSDT,SELL,7931,1767759300000,2026-01-07 04:15:00,7932,1767760200000,2026-01-07 04:30:00,0.4116,8405,1768186800000,2026-01-12 03:00:00,0.4018,474,0.3835,0.4229,6.827,2.745,2.381,win
38,ADAUSDT,BUY,8405,1768185900000,2026-01-12 02:45:00,8406,1768186800000,2026-01-12 03:00:00,0.4018,8449,1768226400000,2026-01-12 14:00:00,0.3822,44,0.4035,0.3814,0.423,5.077,-4.878,lose
39,ADAUSDT,SELL,8449,1768225500000,2026-01-12 13:45:00,8450,1768226400000,2026-01-12 14:00:00,0.3822,8553,1768320000000,2026-01-13 16:00:00,0.4061,104,0.3812,0.4063,0.262,6.306,-6.253,lose
40,ADAUSDT,BUY,8553,1768319100000,2026-01-13 15:45:00,8554,1768320000000,2026-01-13 16:00:00,0.4061,8696,1768448700000,2026-01-15 03:45:00,0.3999,143,0.4271,0.3988,5.171,1.798,-1.527,win
41,ADAUSDT,SELL,8696,1768447800000,2026-01-15 03:30:00,8697,1768448700000,2026-01-15 03:45:00,0.3999,8889,1768622400000,2026-01-17 04:00:00,0.3944,193,0.3782,0.4107,5.426,2.701,1.375,win
42,ADAUSDT,BUY,8889,1768621500000,2026-01-17 03:45:00,8890,1768622400000,2026-01-17 04:00:00,0.3944,9041,1768759200000,2026-01-18 18:00:00,0.3918,152,0.4042,0.3891,2.485,1.344,-0.659,win
43,ADAUSDT,SELL,9041,1768758300000,2026-01-18 17:45:00,9042,1768759200000,2026-01-18 18:00:00,0.3918,9348,1769035500000,2026-01-21 22:45:00,0.3684,307,0.3411,0.3969,12.94,1.302,5.972,win
44,ADAUSDT,BUY,9348,1769034600000,2026-01-21 22:30:00,9349,1769035500000,2026-01-21 22:45:00,0.3684,9508,1769179500000,2026-01-23 14:45:00,0.3544,160,0.3695,0.3528,0.299,4.235,-3.8,lose
45,ADAUSDT,SELL,9508,1769178600000,2026-01-23 14:30:00,9509,1769179500000,2026-01-23 14:45:00,0.3544,9802,1769444100000,2026-01-26 16:15:00,0.3521,294,0.3325,0.3708,6.179,4.628,0.649,win
46,ADAUSDT,BUY,9802,1769443200000,2026-01-26 16:00:00,9803,1769444100000,2026-01-26 16:15:00,0.3521,10046,1769663700000,2026-01-29 05:15:00,0.3501,244,0.3649,0.3464,3.635,1.619,-0.568,win
47,ADAUSDT,SELL,10046,1769662800000,2026-01-29 05:00:00,10047,1769663700000,2026-01-29 05:15:00,0.3501,10494,1770066900000,2026-02-02 21:15:00,0.3004,448,0.2688,0.3523,23.222,0.628,14.196,win
48,ADAUSDT,BUY,10494,1770066000000,2026-02-02 21:00:00,10495,1770066900000,2026-02-02 21:15:00,0.3004,10664,1770219900000,2026-02-04 15:45:00,0.2862,170,0.3049,0.2816,1.498,6.258,-4.727,lose
49,ADAUSDT,SELL,10664,1770219000000,2026-02-04 15:30:00,10665,1770219900000,2026-02-04 15:45:00,0.2862,10858,1770394500000,2026-02-06 16:15:00,0.2769,194,0.2204,0.2934,22.991,2.516,3.249,win
50,ADAUSDT,BUY,10858,1770393600000,2026-02-06 16:00:00,10859,1770394500000,2026-02-06 16:15:00,0.2769,11122,1770632100000,2026-02-09 10:15:00,0.2637,264,0.2841,0.2634,2.6,4.875,-4.767,win
51,ADAUSDT,SELL,11122,1770631200000,2026-02-09 10:00:00,11123,1770632100000,2026-02-09 10:15:00,0.2637,11411,1770892200000,2026-02-12 10:30:00,0.2654,289,0.2502,0.2735,5.119,3.716,-0.645,win
52,ADAUSDT,BUY,11411,1770891300000,2026-02-12 10:15:00,11412,1770892200000,2026-02-12 10:30:00,0.2654,11720,1771170300000,2026-02-15 15:45:00,0.2844,309,0.3017,0.2573,13.677,3.052,7.159,win
53,ADAUSDT,SELL,11720,1771169400000,2026-02-15 15:30:00,11721,1771170300000,2026-02-15 15:45:00,0.2844,12201,1771603200000,2026-02-20 16:00:00,0.2888,481,0.2669,0.2895,6.153,1.793,-1.547,win
54,ADAUSDT,BUY,12201,1771602300000,2026-02-20 15:45:00,12202,1771603200000,2026-02-20 16:00:00,0.2888,12350,1771737300000,2026-02-22 05:15:00,0.2756,149,0.2937,0.2752,1.697,4.709,-4.571,lose
55,ADAUSDT,SELL,12350,1771736400000,2026-02-22 05:00:00,12351,1771737300000,2026-02-22 05:15:00,0.2756,12477,1771851600000,2026-02-23 13:00:00,0.2736,127,0.2569,0.2773,6.785,0.617,0.726,win
56,ADAUSDT,BUY,12477,1771850700000,2026-02-23 12:45:00,12478,1771851600000,2026-02-23 13:00:00,0.2736,12506,1771877700000,2026-02-23 20:15:00,0.2608,29,0.2741,0.2601,0.183,4.934,-4.678,lose
57,ADAUSDT,SELL,12506,1771876800000,2026-02-23 20:00:00,12507,1771877700000,2026-02-23 20:15:00,0.2608,12627,1771986600000,2026-02-25 02:30:00,0.2706,121,0.2534,0.2708,2.837,3.834,-3.758,win
58,ADAUSDT,BUY,12627,1771985700000,2026-02-25 02:15:00,12628,1771986600000,2026-02-25 02:30:00,0.2706,12786,1772129700000,2026-02-26 18:15:00,0.2833,159,0.3134,0.2619,15.817,3.215,4.693,win
59,ADAUSDT,SELL,12786,1772128800000,2026-02-26 18:00:00,12787,1772129700000,2026-02-26 18:15:00,0.2833,12993,1772316000000,2026-02-28 22:00:00,0.2781,207,0.2591,0.2962,8.542,4.553,1.836,win
60,ADAUSDT,BUY,12993,1772315100000,2026-02-28 21:45:00,12994,1772316000000,2026-02-28 22:00:00,0.2781,13082,1772396100000,2026-03-01 20:15:00,0.2709,89,0.2922,0.2706,5.07,2.697,-2.589,win
61,ADAUSDT,SELL,13082,1772395200000,2026-03-01 20:00:00,13083,1772396100000,2026-03-01 20:15:00,0.2709,13162,1772468100000,2026-03-02 16:15:00,0.288,80,0.2682,0.2883,0.997,6.423,-6.312,lose
62,ADAUSDT,BUY,13162,1772467200000,2026-03-02 16:00:00,13163,1772468100000,2026-03-02 16:15:00,0.288,13221,1772521200000,2026-03-03 07:00:00,0.269,59,0.2885,0.2682,0.174,6.875,-6.597,lose
63,ADAUSDT,SELL,13221,1772520300000,2026-03-03 06:45:00,13222,1772521200000,2026-03-03 07:00:00,0.269,13347,1772634600000,2026-03-04 14:30:00,0.2728,126,0.2582,0.2742,4.015,1.933,-1.413,win
64,ADAUSDT,BUY,13347,1772633700000,2026-03-04 14:15:00,13348,1772634600000,2026-03-04 14:30:00,0.2728,13473,1772748000000,2026-03-05 22:00:00,0.269,126,0.285,0.2649,4.472,2.896,-1.393,win
65,ADAUSDT,SELL,13473,1772747100000,2026-03-05 21:45:00,13474,1772748000000,2026-03-05 22:00:00,0.269,13849,1773086400000,2026-03-09 20:00:00,0.2592,376,0.2456,0.2718,8.699,1.041,3.643,win
66,ADAUSDT,BUY,13849,1773085500000,2026-03-09 19:45:00,13850,1773086400000,2026-03-09 20:00:00,0.2592,14086,1773299700000,2026-03-12 07:15:00,0.259,237,0.2743,0.2545,5.826,1.813,-0.077,win
67,ADAUSDT,SELL,14086,1773298800000,2026-03-12 07:00:00,14087,1773299700000,2026-03-12 07:15:00,0.259,14156,1773362700000,2026-03-13 00:45:00,0.2699,70,0.2581,0.2729,0.347,5.367,-4.208,lose
68,ADAUSDT,BUY,14156,1773361800000,2026-03-13 00:30:00,14157,1773362700000,2026-03-13 00:45:00,0.2699,14247,1773444600000,2026-03-13 23:30:00,0.2652,91,0.2814,0.2633,4.261,2.445,-1.741,win
69,ADAUSDT,SELL,14247,1773443700000,2026-03-13 23:15:00,14248,1773444600000,2026-03-13 23:30:00,0.2652,14366,1773551700000,2026-03-15 05:15:00,0.2653,119,0.258,0.2666,2.715,0.528,-0.038,win
70,ADAUSDT,BUY,14366,1773550800000,2026-03-15 05:00:00,14367,1773551700000,2026-03-15 05:15:00,0.2653,14684,1773837900000,2026-03-18 12:45:00,0.2762,318,0.2955,0.2618,11.383,1.319,4.109,win
71,ADAUSDT,SELL,14684,1773837000000,2026-03-18 12:30:00,14685,1773837900000,2026-03-18 12:45:00,0.2762,15166,1774271700000,2026-03-23 13:15:00,0.26,482,0.2475,0.2774,10.391,0.434,5.865,win
72,ADAUSDT,BUY,15166,1774270800000,2026-03-23 13:00:00,15167,1774271700000,2026-03-23 13:15:00,0.26,15425,1774504800000,2026-03-26 06:00:00,0.2622,259,0.2768,0.2578,6.462,0.846,0.846,win
73,ADAUSDT,SELL,15425,1774503900000,2026-03-26 05:45:00,15426,1774504800000,2026-03-26 06:00:00,0.2622,15820,1774860300000,2026-03-30 08:45:00,0.2509,395,0.2324,0.2625,11.365,0.114,4.31,win
74,ADAUSDT,BUY,15820,1774859400000,2026-03-30 08:30:00,15821,1774860300000,2026-03-30 08:45:00,0.2509,15922,1774952100000,2026-03-31 10:15:00,0.2405,102,0.2528,0.2394,0.757,4.583,-4.145,lose
75,ADAUSDT,SELL,15922,1774951200000,2026-03-31 10:00:00,15923,1774952100000,2026-03-31 10:15:00,0.2405,16004,1775025900000,2026-04-01 06:45:00,0.2527,82,0.2342,0.2547,2.62,5.904,-5.073,win
76,ADAUSDT,BUY,16004,1775025000000,2026-04-01 06:30:00,16005,1775025900000,2026-04-01 06:45:00,0.2527,16089,1775102400000,2026-04-02 04:00:00,0.2389,85,0.2533,0.2375,0.237,6.015,-5.461,lose
77,ADAUSDT,SELL,16089,1775101500000,2026-04-02 03:45:00,16090,1775102400000,2026-04-02 04:00:00,0.2389,16203,1775205000000,2026-04-03 08:30:00,0.2439,114,0.2346,0.2452,1.8,2.637,-2.093,lose
78,ADAUSDT,BUY,16203,1775204100000,2026-04-03 08:15:00,16204,1775205000000,2026-04-03 08:30:00,0.2439,16391,1775374200000,2026-04-05 07:30:00,0.2423,188,0.2513,0.2416,3.034,0.943,-0.656,win
79,ADAUSDT,SELL,16391,1775373300000,2026-04-05 07:15:00,16392,1775374200000,2026-04-05 07:30:00,0.2423,16458,1775434500000,2026-04-06 00:15:00,0.2547,67,0.2395,0.2567,1.156,5.943,-5.118,lose
80,ADAUSDT,BUY,16458,1775433600000,2026-04-06 00:00:00,16459,1775434500000,2026-04-06 00:15:00,0.2547,16551,1775518200000,2026-04-06 23:30:00,0.245,93,0.26,0.2445,2.081,4.005,-3.808,win
81,ADAUSDT,SELL,16551,1775517300000,2026-04-06 23:15:00,16552,1775518200000,2026-04-06 23:30:00,0.245,16643,1775601000000,2026-04-07 22:30:00,0.2549,92,0.2397,0.2554,2.163,4.245,-4.041,win
82,ADAUSDT,BUY,16643,1775600100000,2026-04-07 22:15:00,16644,1775601000000,2026-04-07 22:30:00,0.2549,16732,1775681100000,2026-04-08 20:45:00,0.2517,89,0.2663,0.2512,4.472,1.452,-1.255,win
83,ADAUSDT,SELL,16732,1775680200000,2026-04-08 20:30:00,16733,1775681100000,2026-04-08 20:45:00,0.2517,16832,1775771100000,2026-04-09 21:45:00,0.2568,100,0.2473,0.2579,1.748,2.463,-2.026,lose
84,ADAUSDT,BUY,16832,1775770200000,2026-04-09 21:30:00,16833,1775771100000,2026-04-09 21:45:00,0.2568,16971,1775896200000,2026-04-11 08:30:00,0.2503,139,0.2611,0.2492,1.674,2.96,-2.531,lose
85,ADAUSDT,SELL,16971,1775895300000,2026-04-11 08:15:00,16972,1775896200000,2026-04-11 08:30:00,0.2503,17221,1776121200000,2026-04-13 23:00:00,0.2473,250,0.2351,0.2559,6.073,2.237,1.199,win
86,ADAUSDT,BUY,17221,1776120300000,2026-04-13 22:45:00,17222,1776121200000,2026-04-13 23:00:00,0.2473,17355,1776241800000,2026-04-15 08:30:00,0.2401,134,0.2495,0.238,0.89,3.761,-2.911,lose
87,ADAUSDT,SELL,17355,1776240900000,2026-04-15 08:15:00,17356,1776241800000,2026-04-15 08:30:00,0.2401,17399,1776281400000,2026-04-15 19:30:00,0.2465,44,0.2386,0.2476,0.625,3.124,-2.666,lose
88,ADAUSDT,BUY,17399,1776280500000,2026-04-15 19:15:00,17400,1776281400000,2026-04-15 19:30:00,0.2465,17652,1776509100000,2026-04-18 10:45:00,0.2527,253,0.2679,0.2435,8.682,1.217,2.515,win
89,ADAUSDT,SELL,17652,1776508200000,2026-04-18 10:30:00,17653,1776509100000,2026-04-18 10:45:00,0.2527,17918,1776748500000,2026-04-21 05:15:00,0.2493,266,0.2407,0.2532,4.749,0.198,1.345,win
90,ADAUSDT,BUY,17918,1776747600000,2026-04-21 05:00:00,17919,1776748500000,2026-04-21 05:15:00,0.2493,18095,1776907800000,2026-04-23 01:30:00,0.247,177,0.2575,0.2438,3.289,2.206,-0.923,win
91,ADAUSDT,SELL,18095,1776906900000,2026-04-23 01:15:00,18096,1776907800000,2026-04-23 01:30:00,0.247,18245,1777042800000,2026-04-24 15:00:00,0.2504,150,0.2444,0.2519,1.053,1.984,-1.377,lose
92,ADAUSDT,BUY,18245,1777041900000,2026-04-24 14:45:00,18246,1777042800000,2026-04-24 15:00:00,0.2504,18357,1777143600000,2026-04-25 19:00:00,0.2486,112,0.2538,0.2479,1.358,0.998,-0.719,lose
93,ADAUSDT,SELL,18357,1777142700000,2026-04-25 18:45:00,18358,1777143600000,2026-04-25 19:00:00,0.2486,18423,1777203000000,2026-04-26 11:30:00,0.2541,66,0.2483,0.2542,0.121,2.253,-2.212,lose
94,ADAUSDT,BUY,18423,1777202100000,2026-04-26 11:15:00,18424,1777203000000,2026-04-26 11:30:00,0.2541,18503,1777275000000,2026-04-27 07:30:00,0.2472,80,0.2561,0.246,0.787,3.188,-2.715,lose
95,ADAUSDT,SELL,18503,1777274100000,2026-04-27 07:15:00,18504,1777275000000,2026-04-27 07:30:00,0.2472,18696,1777448700000,2026-04-29 07:45:00,0.2496,193,0.2428,0.2505,1.78,1.335,-0.971,lose
96,ADAUSDT,BUY,18696,1777447800000,2026-04-29 07:30:00,18697,1777448700000,2026-04-29 07:45:00,0.2496,18729,1777478400000,2026-04-29 16:00:00,0.2438,33,0.254,0.243,1.763,2.644,-2.324,lose
97,ADAUSDT,SELL,18729,1777477500000,2026-04-29 15:45:00,18730,1777478400000,2026-04-29 16:00:00,0.2438,18874,1777608900000,2026-05-01 04:15:00,0.2494,145,0.2381,0.2503,2.338,2.666,-2.297,win
98,ADAUSDT,BUY,18874,1777608000000,2026-05-01 04:00:00,18875,1777608900000,2026-05-01 04:15:00,0.2494,19524,1778193900000,2026-05-07 22:45:00,0.261,650,0.2737,0.2467,9.743,1.083,4.651,win
99,ADAUSDT,SELL,19524,1778193000000,2026-05-07 22:30:00,19525,1778193900000,2026-05-07 22:45:00,0.261,19599,1778261400000,2026-05-08 17:30:00,0.2709,75,0.2599,0.2714,0.421,3.985,-3.793,lose
100,ADAUSDT,BUY,19599,1778260500000,2026-05-08 17:15:00,19600,1778261400000,2026-05-08 17:30:00,0.2709,19745,1778392800000,2026-05-10 06:00:00,0.2696,146,0.2787,0.2686,2.879,0.849,-0.48,win
101,ADAUSDT,SELL,19745,1778391900000,2026-05-10 05:45:00,19746,1778392800000,2026-05-10 06:00:00,0.2696,19784,1778427900000,2026-05-10 15:45:00,0.2771,39,0.2682,0.2773,0.519,2.856,-2.782,lose
102,ADAUSDT,BUY,19784,1778427000000,2026-05-10 15:30:00,19785,1778427900000,2026-05-10 15:45:00,0.2771,19950,1778577300000,2026-05-12 09:15:00,0.2745,166,0.2886,0.2739,4.15,1.155,-0.938,win
103,ADAUSDT,SELL,19950,1778576400000,2026-05-12 09:00:00,19951,1778577300000,2026-05-12 09:15:00,0.2745,20171,1778776200000,2026-05-14 16:30:00,0.2715,221,0.261,0.2777,4.918,1.166,1.093,win
104,ADAUSDT,BUY,20171,1778775300000,2026-05-14 16:15:00,20172,1778776200000,2026-05-14 16:30:00,0.2715,20256,1778852700000,2026-05-15 13:45:00,0.2607,85,0.2803,0.2604,3.241,4.088,-3.978,win
105,ADAUSDT,SELL,20256,1778851800000,2026-05-15 13:30:00,20257,1778852700000,2026-05-15 13:45:00,0.2607,20892,1779425100000,2026-05-22 04:45:00,0.2514,636,0.245,0.2625,6.022,0.69,3.567,win
106,ADAUSDT,BUY,20892,1779424200000,2026-05-22 04:30:00,20893,1779425100000,2026-05-22 04:45:00,0.2514,20952,1779479100000,2026-05-22 19:45:00,0.2431,60,0.2545,0.2421,1.233,3.699,-3.302,lose
107,ADAUSDT,SELL,20952,1779478200000,2026-05-22 19:30:00,20953,1779479100000,2026-05-22 19:45:00,0.2431,21052,1779569100000,2026-05-23 20:45:00,0.2487,100,0.2357,0.2492,3.044,2.509,-2.304,win
108,ADAUSDT,BUY,21052,1779568200000,2026-05-23 20:30:00,21053,1779569100000,2026-05-23 20:45:00,0.2487,21149,1779656400000,2026-05-24 21:00:00,0.2418,97,0.2508,0.2408,0.844,3.177,-2.774,lose
109,ADAUSDT,SELL,21149,1779655500000,2026-05-24 20:45:00,21150,1779656400000,2026-05-24 21:00:00,0.2418,21227,1779726600000,2026-05-25 16:30:00,0.2459,78,0.2383,0.2472,1.447,2.233,-1.696,lose
110,ADAUSDT,BUY,21227,1779725700000,2026-05-25 16:15:00,21228,1779726600000,2026-05-25 16:30:00,0.2459,21265,1779760800000,2026-05-26 02:00:00,0.2407,38,0.2477,0.2397,0.732,2.521,-2.115,lose
111,ADAUSDT,SELL,21265,1779759900000,2026-05-26 01:45:00,21266,1779760800000,2026-05-26 02:00:00,0.2407,21653,1780110000000,2026-05-30 03:00:00,0.2384,388,0.2278,0.2473,5.359,2.742,0.956,win
112,ADAUSDT,BUY,21653,1780109100000,2026-05-30 02:45:00,21654,1780110000000,2026-05-30 03:00:00,0.2384,21804,1780245900000,2026-05-31 16:45:00,0.2327,151,0.2394,0.2321,0.419,2.643,-2.391,lose
113,ADAUSDT,SELL,21804,1780245000000,2026-05-31 16:30:00,21805,1780245900000,2026-05-31 16:45:00,0.2327,22447,1780824600000,2026-06-07 09:30:00,0.1658,643,0.1485,0.2375,36.184,2.063,28.749,win
114,ADAUSDT,BUY,22447,1780823700000,2026-06-07 09:15:00,22448,1780824600000,2026-06-07 09:30:00,0.1658,22713,1781064000000,2026-06-10 04:00:00,0.1621,266,0.1744,0.1579,5.187,4.765,-2.232,win
115,ADAUSDT,SELL,22713,1781063100000,2026-06-10 03:45:00,22714,1781064000000,2026-06-10 04:00:00,0.1621,22865,1781200800000,2026-06-11 18:00:00,0.1705,152,0.1581,0.1705,2.468,5.182,-5.182,win
116,ADAUSDT,BUY,22865,1781199900000,2026-06-11 17:45:00,22866,1781200800000,2026-06-11 18:00:00,0.1705,23135,1781443800000,2026-06-14 13:30:00,0.1671,270,0.1757,0.1669,3.05,2.111,-1.994,win
117,ADAUSDT,SELL,23135,1781442900000,2026-06-14 13:15:00,23136,1781443800000,2026-06-14 13:30:00,0.1671,23171,1781476200000,2026-06-14 22:30:00,0.1754,36,0.1652,0.176,1.137,5.326,-4.967,lose
118,ADAUSDT,BUY,23171,1781475300000,2026-06-14 22:15:00,23172,1781476200000,2026-06-14 22:30:00,0.1754,23283,1781577000000,2026-06-16 02:30:00,0.1756,112,0.1899,0.1738,8.267,0.912,0.114,win
119,ADAUSDT,SELL,23283,1781576100000,2026-06-16 02:15:00,23284,1781577000000,2026-06-16 02:30:00,0.1756,24162,1782368100000,2026-06-25 06:15:00,0.1501,879,0.1394,0.1814,20.615,3.303,14.522,win
120,ADAUSDT,BUY,24162,1782367200000,2026-06-25 06:00:00,24163,1782368100000,2026-06-25 06:15:00,0.1501,24196,1782398700000,2026-06-25 14:45:00,0.1427,34,0.1504,0.1381,0.2,7.995,-4.93,lose
121,ADAUSDT,SELL,24196,1782397800000,2026-06-25 14:30:00,24197,1782398700000,2026-06-25 14:45:00,0.1427,24303,1782495000000,2026-06-26 17:30:00,0.1486,107,0.1383,0.1499,3.083,5.046,-4.135,win
122,ADAUSDT,BUY,24303,1782494100000,2026-06-26 17:15:00,24304,1782495000000,2026-06-26 17:30:00,0.1486,24418,1782598500000,2026-06-27 22:15:00,0.1447,115,0.1496,0.1443,0.673,2.894,-2.624,lose
123,ADAUSDT,SELL,24418,1782597600000,2026-06-27 22:00:00,24419,1782598500000,2026-06-27 22:15:00,0.1447,24612,1782773100000,2026-06-29 22:45:00,0.1466,194,0.141,0.1488,2.557,2.833,-1.313,win
124,ADAUSDT,BUY,24612,1782772200000,2026-06-29 22:30:00,24613,1782773100000,2026-06-29 22:45:00,0.1466,24669,1782824400000,2026-06-30 13:00:00,0.1421,57,0.1466,0.142,0.0,3.138,-3.07,lose
125,ADAUSDT,SELL,24669,1782823500000,2026-06-30 12:45:00,24670,1782824400000,2026-06-30 13:00:00,0.1421,24731,1782880200000,2026-07-01 04:30:00,0.1522,62,0.1418,0.153,0.211,7.671,-7.108,lose
126,ADAUSDT,BUY,24731,1782879300000,2026-07-01 04:15:00,24732,1782880200000,2026-07-01 04:30:00,0.1522,25220,1783320300000,2026-07-06 06:45:00,0.184,489,0.1999,0.1486,31.34,2.365,20.894,win
127,ADAUSDT,SELL,25220,1783319400000,2026-07-06 06:30:00,25221,1783320300000,2026-07-06 06:45:00,0.184,25736,1783784700000,2026-07-11 15:45:00,0.1721,516,0.1647,0.1871,10.489,1.685,6.467,win
128,ADAUSDT,BUY,25736,1783783800000,2026-07-11 15:30:00,25737,1783784700000,2026-07-11 15:45:00,0.1721,25772,1783817100000,2026-07-12 00:45:00,0.1632,36,0.1731,0.1628,0.581,5.404,-5.171,lose
129,ADAUSDT,SELL,25772,1783816200000,2026-07-12 00:30:00,25773,1783817100000,2026-07-12 00:45:00,0.1632,26017,1784037600000,2026-07-14 14:00:00,0.1637,245,0.1553,0.1664,4.841,1.961,-0.306,win
130,ADAUSDT,BUY,26017,1784036700000,2026-07-14 13:45:00,26018,1784037600000,2026-07-14 14:00:00,0.1637,26194,1784196900000,2026-07-16 10:15:00,0.1619,177,0.1693,0.1609,3.421,1.71,-1.1,win
131,ADAUSDT,SELL,26194,1784196000000,2026-07-16 10:00:00,26195,1784196900000,2026-07-16 10:15:00,0.1619,26319,1784309400000,2026-07-17 17:30:00,0.1658,125,0.1576,0.167,2.656,3.15,-2.409,win
132,ADAUSDT,BUY,26319,1784308500000,2026-07-17 17:15:00,26320,1784309400000,2026-07-17 17:30:00,0.1658,26563,1784529000000,2026-07-20 06:30:00,0.1616,244,0.1692,0.1614,2.051,2.654,-2.533,win
133,ADAUSDT,SELL,26563,1784528100000,2026-07-20 06:15:00,26564,1784529000000,2026-07-20 06:30:00,0.1616,26612,1784573100000,2026-07-20 18:45:00,0.1683,49,0.1605,0.1706,0.681,5.569,-4.146,lose
134,ADAUSDT,BUY,26612,1784572200000,2026-07-20 18:30:00,26613,1784573100000,2026-07-20 18:45:00,0.1683,26887,1784820600000,2026-07-23 15:30:00,0.1698,275,0.1808,0.1671,7.427,0.713,0.891,win
135,ADAUSDT,SELL,26887,1784819700000,2026-07-23 15:15:00,26888,1784820600000,2026-07-23 15:30:00,0.1698,27089,1785002400000,2026-07-25 18:00:00,0.1655,202,0.1613,0.1706,5.006,0.471,2.532,win
136,ADAUSDT,BUY,27089,1785001500000,2026-07-25 17:45:00,27090,1785002400000,2026-07-25 18:00:00,0.1655,27270,1785165300000,2026-07-27 15:15:00,0.1589,181,0.1672,0.1577,1.027,4.713,-3.988,lose
137,ADAUSDT,SELL,27270,1785164400000,2026-07-27 15:00:00,27271,1785165300000,2026-07-27 15:15:00,0.1589,27396,1785278700000,2026-07-28 22:45:00,0.1622,126,0.1532,0.1634,3.587,2.832,-2.077,win
138,ADAUSDT,BUY,27396,1785277800000,2026-07-28 22:30:00,27397,1785278700000,2026-07-28 22:45:00,0.1622,28188,1785991500000,2026-08-06 04:45:00,0.1876,792,0.1995,0.1603,22.996,1.171,15.66,win
139,ADAUSDT,SELL,28188,1785990600000,2026-08-06 04:30:00,28189,1785991500000,2026-08-06 04:45:00,0.1876,28229,1786028400000,2026-08-06 15:00:00,0.2002,41,0.187,0.2033,0.32,8.369,-6.716,lose
140,ADAUSDT,BUY,28229,1786027500000,2026-08-06 14:45:00,28230,1786028400000,2026-08-06 15:00:00,0.2002,28498,1786270500000,2026-08-09 10:15:00,0.1966,269,0.2117,0.1955,5.744,2.348,-1.798,win
141,ADAUSDT,SELL,28498,1786269600000,2026-08-09 10:00:00,28499,1786270500000,2026-08-09 10:15:00,0.1966,29480,1787154300000,2026-08-19 15:45:00,0.1815,982,0.1711,0.1994,12.97,1.424,7.681,win
142,ADAUSDT,BUY,29480,1787153400000,2026-08-19 15:30:00,29481,1787154300000,2026-08-19 15:45:00,0.1815,29824,1787463900000,2026-08-23 05:45:00,0.2165,344,0.2588,0.1777,42.59,2.094,19.284,win
143,ADAUSDT,SELL,29824,1787463000000,2026-08-23 05:30:00,29825,1787463900000,2026-08-23 05:45:00,0.2165,29999,1787620500000,2026-08-25 01:15:00,0.2239,175,0.2137,0.2306,1.293,6.513,-3.418,lose
1,AVAXUSDT,SELL,12,1760632200000,2025-10-16 16:30:00,13,1760633100000,2025-10-16 16:45:00,21.035,256,1760852700000,2025-10-19 05:45:00,20.174,244,19.01,21.506,9.627,2.239,4.093,win
2,AVAXUSDT,BUY,256,1760851800000,2025-10-19 05:30:00,257,1760852700000,2025-10-19 05:45:00,20.174,426,1761005700000,2025-10-21 00:15:00,20.267,170,21.2,19.737,5.086,2.166,0.461,win
3,AVAXUSDT,SELL,426,1761004800000,2025-10-21 00:00:00,427,1761005700000,2025-10-21 00:15:00,20.267,487,1761060600000,2025-10-21 15:30:00,20.768,61,19.457,20.843,3.997,2.842,-2.472,win
4,AVAXUSDT,BUY,487,1761059700000,2025-10-21 15:15:00,488,1761060600000,2025-10-21 15:30:00,20.768,524,1761093900000,2025-10-22 00:45:00,19.468,37,20.84,19.369,0.347,6.736,-6.26,lose
5,AVAXUSDT,SELL,524,1761093000000,2025-10-22 00:30:00,525,1761093900000,2025-10-22 00:45:00,19.468,652,1761209100000,2025-10-23 08:45:00,19.536,128,18.387,19.714,5.553,1.264,-0.349,win
6,AVAXUSDT,BUY,652,1761208200000,2025-10-23 08:30:00,653,1761209100000,2025-10-23 08:45:00,19.536,712,1761263100000,2025-10-23 23:45:00,19.053,60,19.74,18.98,1.044,2.846,-2.472,lose
7,AVAXUSDT,SELL,712,1761262200000,2025-10-23 23:30:00,713,1761263100000,2025-10-23 23:45:00,19.053,743,1761291000000,2025-10-24 07:30:00,19.554,31,19.01,19.65,0.226,3.133,-2.63,lose
8,AVAXUSDT,BUY,743,1761290100000,2025-10-24 07:15:00,744,1761291000000,2025-10-24 07:30:00,19.554,1145,1761652800000,2025-10-28 12:00:00,20.179,402,21.083,19.116,7.819,2.24,3.196,win
9,AVAXUSDT,SELL,1145,1761651900000,2025-10-28 11:45:00,1146,1761652800000,2025-10-28 12:00:00,20.179,1523,1761993000000,2025-11-01 10:30:00,18.577,378,17.516,20.476,13.197,1.472,7.939,win
10,AVAXUSDT,BUY,1523,1761992100000,2025-11-01 10:15:00,1524,1761993000000,2025-11-01 10:30:00,18.577,1641,1762099200000,2025-11-02 16:00:00,18.263,118,19.0,18.181,2.277,2.132,-1.69,win
11,AVAXUSDT,SELL,1641,1762098300000,2025-11-02 15:45:00,1642,1762099200000,2025-11-02 16:00:00,18.263,1941,1762369200000,2025-11-05 19:00:00,16.915,300,14.974,18.907,18.009,3.526,7.381,win
12,AVAXUSDT,BUY,1941,1762368300000,2025-11-05 18:45:00,1942,1762369200000,2025-11-05 19:00:00,16.915,2022,1762442100000,2025-11-06 15:15:00,16.034,81,16.924,15.995,0.053,5.439,-5.208,lose
13,AVAXUSDT,SELL,2022,1762441200000,2025-11-06 15:00:00,2023,1762442100000,2025-11-06 15:15:00,16.034,2089,1762502400000,2025-11-07 08:00:00,16.91,67,15.588,16.929,2.782,5.582,-5.463,win
14,AVAXUSDT,BUY,2089,1762501500000,2025-11-07 07:45:00,2090,1762502400000,2025-11-07 08:00:00,16.91,2261,1762657200000,2025-11-09 03:00:00,16.905,172,18.403,16.077,8.829,4.926,-0.03,win
15,AVAXUSDT,SELL,2261,1762656300000,2025-11-09 02:45:00,2262,1762657200000,2025-11-09 03:00:00,16.905,2308,1762699500000,2025-11-09 14:45:00,17.767,47,16.79,17.874,0.68,5.732,-5.099,lose
16,AVAXUSDT,BUY,2308,1762698600000,2025-11-09 14:30:00,2309,1762699500000,2025-11-09 14:45:00,17.767,2518,1762888500000,2025-11-11 19:15:00,17.335,210,18.599,17.252,4.683,2.899,-2.431,win
17,AVAXUSDT,SELL,2518,1762887600000,2025-11-11 19:00:00,2519,1762888500000,2025-11-11 19:15:00,17.335,2663,1763019000000,2025-11-13 07:30:00,17.562,145,16.619,17.76,4.13,2.452,-1.309,win
18,AVAXUSDT,BUY,2663,1763018100000,2025-11-13 07:15:00,2664,1763019000000,2025-11-13 07:30:00,17.562,2706,1763057700000,2025-11-13 18:15:00,16.274,43,17.6,16.234,0.216,7.562,-7.334,lose
19,AVAXUSDT,SELL,2706,1763056800000,2025-11-13 18:00:00,2707,1763057700000,2025-11-13 18:15:00,16.274,3710,1763961300000,2025-11-24 05:15:00,13.501,1004,12.25,16.333,24.727,0.363,17.039,win
20,AVAXUSDT,BUY,3710,1763960400000,2025-11-24 05:00:00,3711,1763961300000,2025-11-24 05:15:00,13.501,4179,1764383400000,2025-11-29 02:30:00,14.825,469,15.257,13.248,13.006,1.874,9.807,win
21,AVAXUSDT,SELL,4179,1764382500000,2025-11-29 02:15:00,4180,1764383400000,2025-11-29 02:30:00,14.825,4519,1764689400000,2025-12-02 15:30:00,13.44,340,12.544,14.901,15.386,0.513,9.342,win
22,AVAXUSDT,BUY,4519,1764688500000,2025-12-02 15:15:00,4520,1764689400000,2025-12-02 15:30:00,13.44,4731,1764880200000,2025-12-04 20:30:00,14.386,212,15.076,13.44,12.173,0.0,7.039,win
23,AVAXUSDT,SELL,4731,1764879300000,2025-12-04 20:15:00,4732,1764880200000,2025-12-04 20:30:00,14.386,5013,1765134000000,2025-12-07 19:00:00,13.766,282,12.9,14.518,10.329,0.918,4.31,win
24,AVAXUSDT,BUY,5013,1765133100000,2025-12-07 18:45:00,5014,1765134000000,2025-12-07 19:00:00,13.766,5323,1765413000000,2025-12-11 00:30:00,13.982,310,14.821,13.258,7.664,3.69,1.569,win
25,AVAXUSDT,SELL,5323,1765412100000,2025-12-11 00:15:00,5324,1765413000000,2025-12-11 00:30:00,13.982,5457,1765533600000,2025-12-12 10:00:00,13.626,134,12.87,13.983,7.953,0.007,2.546,win
26,AVAXUSDT,BUY,5457,1765532700000,2025-12-12 09:45:00,5458,1765533600000,2025-12-12 10:00:00,13.626,5483,1765557000000,2025-12-12 16:30:00,12.969,26,13.674,12.793,0.352,6.113,-4.822,lose
27,AVAXUSDT,SELL,5483,1765556100000,2025-12-12 16:15:00,5484,1765557000000,2025-12-12 16:30:00,12.969,5550,1765617300000,2025-12-13 09:15:00,13.399,67,12.791,13.459,1.373,3.778,-3.316,lose
28,AVAXUSDT,BUY,5550,1765616400000,2025-12-13 09:00:00,5551,1765617300000,2025-12-13 09:15:00,13.399,5650,1765707300000,2025-12-14 10:15:00,13.116,100,13.46,13.083,0.455,2.358,-2.112,lose
29,AVAXUSDT,SELL,5650,1765706400000,2025-12-14 10:00:00,5651,1765707300000,2025-12-14 10:15:00,13.116,6128,1766137500000,2025-12-19 09:45:00,11.933,478,11.261,13.354,14.143,1.815,9.02,win
30,AVAXUSDT,BUY,6128,1766136600000,2025-12-19 09:30:00,6129,1766137500000,2025-12-19 09:45:00,11.933,6313,1766304000000,2025-12-21 08:00:00,12.117,185,12.459,11.916,4.408,0.142,1.542,win
31,AVAXUSDT,SELL,6313,1766303100000,2025-12-21 07:45:00,6314,1766304000000,2025-12-21 08:00:00,12.117,6428,1766407500000,2025-12-22 12:45:00,12.363,115,11.944,12.442,1.428,2.682,-2.03,lose
32,AVAXUSDT,BUY,6428,1766406600000,2025-12-22 12:30:00,6429,1766407500000,2025-12-22 12:45:00,12.363,6533,1766502000000,2025-12-23 15:00:00,11.932,105,12.543,11.8,1.456,4.554,-3.486,lose
33,AVAXUSDT,SELL,6533,1766501100000,2025-12-23 14:45:00,6534,1766502000000,2025-12-23 15:00:00,11.932,6699,1766651400000,2025-12-25 08:30:00,12.214,166,11.871,12.382,0.511,3.771,-2.363,lose
34,AVAXUSDT,BUY,6699,1766650500000,2025-12-25 08:15:00,6700,1766651400000,2025-12-25 08:30:00,12.214,6763,1766709000000,2025-12-26 00:30:00,12.041,64,12.55,12.016,2.751,1.621,-1.416,win
35,AVAXUSDT,SELL,6763,1766708100000,2025-12-26 00:15:00,6764,1766709000000,2025-12-26 00:30:00,12.041,6779,1766723400000,2025-12-26 04:30:00,12.537,16,12.016,12.613,0.208,4.75,-4.119,lose
36,AVAXUSDT,BUY,6779,1766722500000,2025-12-26 04:15:00,6780,1766723400000,2025-12-26 04:30:00,12.537,6827,1766766600000,2025-12-26 16:30:00,12.254,48,12.574,12.129,0.295,3.254,-2.257,lose
37,AVAXUSDT,SELL,6827,1766765700000,2025-12-26 16:15:00,6828,1766766600000,2025-12-26 16:30:00,12.254,6910,1766841300000,2025-12-27 13:15:00,12.482,83,12.154,12.494,0.816,1.959,-1.861,lose
38,AVAXUSDT,BUY,6910,1766840400000,2025-12-27 13:00:00,6911,1766841300000,2025-12-27 13:15:00,12.482,7036,1766954700000,2025-12-28 20:45:00,12.552,126,12.9,12.432,3.349,0.401,0.561,win
39,AVAXUSDT,SELL,7036,1766953800000,2025-12-28 20:30:00,7037,1766954700000,2025-12-28 20:45:00,12.552,7061,1766977200000,2025-12-29 03:00:00,12.863,25,12.522,12.961,0.239,3.258,-2.478,lose
40,AVAXUSDT,BUY,7061,1766976300000,2025-12-29 02:45:00,7062,1766977200000,2025-12-29 03:00:00,12.863,7100,1767012300000,2025-12-29 12:45:00,12.568,39,13.198,12.443,2.604,3.265,-2.293,win
41,AVAXUSDT,SELL,7100,1767011400000,2025-12-29 12:30:00,7101,1767012300000,2025-12-29 12:45:00,12.568,7401,1767283200000,2026-01-01 16:00:00,12.522,301,12.189,12.734,3.016,1.321,0.366,win
42,AVAXUSDT,BUY,7401,1767282300000,2026-01-01 15:45:00,7402,1767283200000,2026-01-01 16:00:00,12.522,7974,1767798900000,2026-01-07 15:15:00,14.11,573,14.833,12.493,18.456,0.232,12.682,win
43,AVAXUSDT,SELL,7974,1767798000000,2026-01-07 15:00:00,7975,1767798900000,2026-01-07 15:15:00,14.11,8375,1768159800000,2026-01-11 19:30:00,13.886,401,13.58,14.238,3.756,0.907,1.588,win
44,AVAXUSDT,BUY,8375,1768158900000,2026-01-11 19:15:00,8376,1768159800000,2026-01-11 19:30:00,13.886,8439,1768217400000,2026-01-12 11:30:00,13.63,64,14.215,13.469,2.369,3.003,-1.844,win
45,AVAXUSDT,SELL,8439,1768216500000,2026-01-12 11:15:00,8440,1768217400000,2026-01-12 11:30:00,13.63,8548,1768315500000,2026-01-13 14:45:00,14.067,109,13.363,14.092,1.959,3.39,-3.206,lose
46,AVAXUSDT,BUY,8548,1768314600000,2026-01-13 14:30:00,8549,1768315500000,2026-01-13 14:45:00,14.067,8696,1768448700000,2026-01-15 03:45:00,14.136,148,14.945,13.902,6.242,1.173,0.491,win
47,AVAXUSDT,SELL,8696,1768447800000,2026-01-15 03:30:00,8697,1768448700000,2026-01-15 03:45:00,14.136,8932,1768661100000,2026-01-17 14:45:00,13.866,236,13.173,14.471,6.812,2.37,1.91,win
48,AVAXUSDT,BUY,8932,1768660200000,2026-01-17 14:30:00,8933,1768661100000,2026-01-17 14:45:00,13.866,9015,1768735800000,2026-01-18 11:30:00,13.57,83,13.925,13.564,0.426,2.178,-2.135,lose
49,AVAXUSDT,SELL,9015,1768734900000,2026-01-18 11:15:00,9016,1768735800000,2026-01-18 11:30:00,13.57,9347,1769034600000,2026-01-21 22:30:00,12.54,332,11.862,13.754,12.587,1.356,7.59,win
50,AVAXUSDT,BUY,9347,1769033700000,2026-01-21 22:15:00,9348,1769034600000,2026-01-21 22:30:00,12.54,9415,1769095800000,2026-01-22 15:30:00,12.046,68,12.616,12.034,0.606,4.035,-3.939,lose
51,AVAXUSDT,SELL,9415,1769094900000,2026-01-22 15:15:00,9416,1769095800000,2026-01-22 15:30:00,12.046,9850,1769487300000,2026-01-27 04:15:00,11.805,435,11.223,12.488,6.832,3.669,2.001,win
52,AVAXUSDT,BUY,9850,1769486400000,2026-01-27 04:00:00,9851,1769487300000,2026-01-27 04:15:00,11.805,10046,1769663700000,2026-01-29 05:15:00,11.794,196,12.283,11.573,4.049,1.965,-0.093,win
53,AVAXUSDT,SELL,10046,1769662800000,2026-01-29 05:00:00,10047,1769663700000,2026-01-29 05:15:00,11.794,10860,1770396300000,2026-02-06 16:45:00,9.247,814,7.534,11.86,36.12,0.56,21.596,win
54,AVAXUSDT,BUY,10860,1770395400000,2026-02-06 16:30:00,10861,1770396300000,2026-02-06 16:45:00,9.247,11117,1770627600000,2026-02-09 09:00:00,8.916,257,9.464,8.853,2.347,4.261,-3.58,win
55,AVAXUSDT,SELL,11117,1770626700000,2026-02-09 08:45:00,11118,1770627600000,2026-02-09 09:00:00,8.916,11408,1770889500000,2026-02-12 09:45:00,8.862,291,8.429,9.185,5.462,3.017,0.606,win
56,AVAXUSDT,BUY,11408,1770888600000,2026-02-12 09:30:00,11409,1770889500000,2026-02-12 09:45:00,8.862,11729,1771178400000,2026-02-15 18:00:00,9.25,321,9.745,8.61,9.964,2.844,4.378,win
57,AVAXUSDT,SELL,11729,1771177500000,2026-02-15 17:45:00,11730,1771178400000,2026-02-15 18:00:00,9.25,12167,1771572600000,2026-02-20 07:30:00,9.161,438,8.653,9.415,6.454,1.784,0.962,win
58,AVAXUSDT,BUY,12167,1771571700000,2026-02-20 07:15:00,12168,1771572600000,2026-02-20 07:30:00,9.161,12333,1771722000000,2026-02-22 01:00:00,9.058,166,9.449,8.922,3.144,2.609,-1.124,win
59,AVAXUSDT,SELL,12333,1771721100000,2026-02-22 00:45:00,12334,1771722000000,2026-02-22 01:00:00,9.058,12627,1771986600000,2026-02-25 02:30:00,8.679,294,8.173,9.097,9.77,0.431,4.184,win
60,AVAXUSDT,BUY,12627,1771985700000,2026-02-25 02:15:00,12628,1771986600000,2026-02-25 02:30:00,8.679,12783,1772127000000,2026-02-26 17:30:00,9.142,156,9.841,8.409,13.389,3.111,5.335,win
61,AVAXUSDT,SELL,12783,1772126100000,2026-02-26 17:15:00,12784,1772127000000,2026-02-26 17:30:00,9.142,12989,1772312400000,2026-02-28 21:00:00,9.145,206,8.426,9.481,7.832,3.708,-0.033,win
62,AVAXUSDT,BUY,12989,1772311500000,2026-02-28 20:45:00,12990,1772312400000,2026-02-28 21:00:00,9.145,13086,1772399700000,2026-03-01 21:15:00,8.87,97,9.427,8.838,3.084,3.357,-3.007,win
63,AVAXUSDT,SELL,13086,1772398800000,2026-03-01 21:00:00,13087,1772399700000,2026-03-01 21:15:00,8.87,13161,1772467200000,2026-03-02 16:00:00,9.31,75,8.859,9.398,0.124,5.953,-4.961,lose
64,AVAXUSDT,BUY,13161,1772466300000,2026-03-02 15:45:00,13162,1772467200000,2026-03-02 16:00:00,9.31,13241,1772539200000,2026-03-03 12:00:00,9.009,80,9.477,8.937,1.794,4.006,-3.233,lose
65,AVAXUSDT,SELL,13241,1772538300000,2026-03-03 11:45:00,13242,1772539200000,2026-03-03 12:00:00,9.009,13328,1772617500000,2026-03-04 09:45:00,9.456,87,8.891,9.5,1.31,5.45,-4.962,lose
66,AVAXUSDT,BUY,13328,1772616600000,2026-03-04 09:30:00,13329,1772617500000,2026-03-04 09:45:00,9.456,13531,1772800200000,2026-03-06 12:30:00,9.211,203,9.781,9.163,3.437,3.099,-2.591,win
67,AVAXUSDT,SELL,13531,1772799300000,2026-03-06 12:15:00,13532,1772800200000,2026-03-06 12:30:00,9.211,13796,1773038700000,2026-03-09 06:45:00,9.153,265,8.673,9.289,5.841,0.847,0.63,win
68,AVAXUSDT,BUY,13796,1773037800000,2026-03-09 06:30:00,13797,1773038700000,2026-03-09 06:45:00,9.153,14248,1773445500000,2026-03-13 23:45:00,9.718,452,10.28,9.009,12.313,1.573,6.173,win
69,AVAXUSDT,SELL,14248,1773444600000,2026-03-13 23:30:00,14249,1773445500000,2026-03-13 23:45:00,9.718,14354,1773540900000,2026-03-15 02:15:00,9.742,106,9.513,9.774,2.109,0.576,-0.247,win
70,AVAXUSDT,BUY,14354,1773540000000,2026-03-15 02:00:00,14355,1773540900000,2026-03-15 02:15:00,9.742,14681,1773835200000,2026-03-18 12:00:00,9.972,327,10.543,9.658,8.222,0.862,2.361,win
71,AVAXUSDT,SELL,14681,1773834300000,2026-03-18 11:45:00,14682,1773835200000,2026-03-18 12:00:00,9.972,15163,1774269000000,2026-03-23 12:30:00,9.428,482,8.867,9.972,11.081,0.0,5.455,win
72,AVAXUSDT,BUY,15163,1774268100000,2026-03-23 12:15:00,15164,1774269000000,2026-03-23 12:30:00,9.428,15426,1774505700000,2026-03-26 06:15:00,9.443,263,9.792,9.35,3.861,0.827,0.159,win
73,AVAXUSDT,SELL,15426,1774504800000,2026-03-26 06:00:00,15427,1774505700000,2026-03-26 06:15:00,9.443,15668,1774723500000,2026-03-28 18:45:00,8.911,242,8.658,9.451,8.313,0.085,5.634,win
74,AVAXUSDT,BUY,15668,1774722600000,2026-03-28 18:30:00,15669,1774723500000,2026-03-28 18:45:00,8.911,15703,1774755000000,2026-03-29 03:30:00,8.798,35,8.915,8.714,0.045,2.211,-1.268,lose
75,AVAXUSDT,SELL,15703,1774754100000,2026-03-29 03:15:00,15704,1774755000000,2026-03-29 03:30:00,8.798,15817,1774857600000,2026-03-30 08:00:00,8.914,114,8.365,8.923,4.922,1.421,-1.318,win
76,AVAXUSDT,BUY,15817,1774856700000,2026-03-30 07:45:00,15818,1774857600000,2026-03-30 08:00:00,8.914,15926,1774955700000,2026-03-31 11:15:00,8.756,109,9.079,8.688,1.851,2.535,-1.772,lose
77,AVAXUSDT,SELL,15926,1774954800000,2026-03-31 11:00:00,15927,1774955700000,2026-03-31 11:15:00,8.756,16001,1775023200000,2026-04-01 06:00:00,9.081,75,8.711,9.114,0.514,4.089,-3.712,lose
78,AVAXUSDT,BUY,16001,1775022300000,2026-04-01 05:45:00,16002,1775023200000,2026-04-01 06:00:00,9.081,16084,1775097900000,2026-04-02 02:45:00,8.768,83,9.48,8.766,4.394,3.469,-3.447,win
79,AVAXUSDT,SELL,16084,1775097000000,2026-04-02 02:30:00,16085,1775097900000,2026-04-02 02:45:00,8.768,16204,1775205900000,2026-04-03 08:45:00,8.894,120,8.612,8.947,1.779,2.042,-1.437,lose
80,AVAXUSDT,BUY,16204,1775205000000,2026-04-03 08:30:00,16205,1775205900000,2026-04-03 08:45:00,8.894,16390,1775373300000,2026-04-05 07:15:00,8.815,186,9.144,8.784,2.811,1.237,-0.888,win
81,AVAXUSDT,SELL,16390,1775372400000,2026-04-05 07:00:00,16391,1775373300000,2026-04-05 07:15:00,8.815,16458,1775434500000,2026-04-06 00:15:00,9.185,68,8.741,9.192,0.839,4.277,-4.197,lose
82,AVAXUSDT,BUY,16458,1775433600000,2026-04-06 00:00:00,16459,1775434500000,2026-04-06 00:15:00,9.185,16550,1775517300000,2026-04-06 23:15:00,8.903,92,9.663,8.866,5.204,3.473,-3.07,win
83,AVAXUSDT,SELL,16550,1775516400000,2026-04-06 23:00:00,16551,1775517300000,2026-04-06 23:15:00,8.903,16642,1775600100000,2026-04-07 22:15:00,9.146,92,8.46,9.157,4.976,2.853,-2.729,win
84,AVAXUSDT,BUY,16642,1775599200000,2026-04-07 22:00:00,16643,1775600100000,2026-04-07 22:15:00,9.146,16747,1775694600000,2026-04-09 00:30:00,8.979,105,9.619,8.977,5.172,1.848,-1.826,win
85,AVAXUSDT,SELL,16747,1775693700000,2026-04-09 00:15:00,16748,1775694600000,2026-04-09 00:30:00,8.979,16813,1775754000000,2026-04-09 17:00:00,9.286,66,8.908,9.388,0.791,4.555,-3.419,lose
86,AVAXUSDT,BUY,16813,1775753100000,2026-04-09 16:45:00,16814,1775754000000,2026-04-09 17:00:00,9.286,16975,1775899800000,2026-04-11 09:30:00,9.283,162,9.7,9.225,4.458,0.657,-0.032,win
87,AVAXUSDT,SELL,16975,1775898900000,2026-04-11 09:15:00,16976,1775899800000,2026-04-11 09:30:00,9.283,17013,1775934000000,2026-04-11 19:00:00,9.488,38,9.184,9.519,1.066,2.542,-2.208,lose
88,AVAXUSDT,BUY,17013,1775933100000,2026-04-11 18:45:00,17014,1775934000000,2026-04-11 19:00:00,9.488,17043,1775961000000,2026-04-12 02:30:00,9.087,30,9.61,9.02,1.286,4.933,-4.226,lose
89,AVAXUSDT,SELL,17043,1775960100000,2026-04-12 02:15:00,17044,1775961000000,2026-04-12 02:30:00,9.087,17200,1776102300000,2026-04-13 17:45:00,9.331,157,8.924,9.387,1.794,3.301,-2.685,lose
90,AVAXUSDT,BUY,17200,1776101400000,2026-04-13 17:30:00,17201,1776102300000,2026-04-13 17:45:00,9.331,17652,1776509100000,2026-04-18 10:45:00,9.422,452,10.006,9.172,7.234,1.704,0.975,win
91,AVAXUSDT,SELL,17652,1776508200000,2026-04-18 10:30:00,17653,1776509100000,2026-04-18 10:45:00,9.422,17880,1776714300000,2026-04-20 19:45:00,9.301,228,8.961,9.442,4.893,0.212,1.284,win
92,AVAXUSDT,BUY,17880,1776713400000,2026-04-20 19:30:00,17881,1776714300000,2026-04-20 19:45:00,9.301,18094,1776906900000,2026-04-23 01:15:00,9.309,214,9.673,9.163,4.0,1.484,0.086,win
93,AVAXUSDT,SELL,18094,1776906000000,2026-04-23 01:00:00,18095,1776906900000,2026-04-23 01:15:00,9.309,18270,1777065300000,2026-04-24 21:15:00,9.432,176,9.142,9.476,1.794,1.794,-1.321,lose
94,AVAXUSDT,BUY,18270,1777064400000,2026-04-24 21:00:00,18271,1777065300000,2026-04-24 21:15:00,9.432,18354,1777140900000,2026-04-25 18:15:00,9.299,84,9.498,9.278,0.7,1.633,-1.41,lose
95,AVAXUSDT,SELL,18354,1777140000000,2026-04-25 18:00:00,18355,1777140900000,2026-04-25 18:15:00,9.299,18417,1777197600000,2026-04-26 10:00:00,9.443,63,9.281,9.457,0.194,1.699,-1.549,lose
96,AVAXUSDT,BUY,18417,1777196700000,2026-04-26 09:45:00,18418,1777197600000,2026-04-26 10:00:00,9.443,18501,1777273200000,2026-04-27 07:00:00,9.242,84,9.56,9.203,1.239,2.542,-2.129,lose
97,AVAXUSDT,SELL,18501,1777272300000,2026-04-27 06:45:00,18502,1777273200000,2026-04-27 07:00:00,9.242,18687,1777440600000,2026-04-29 05:30:00,9.34,186,9.076,9.354,1.796,1.212,-1.06,lose
98,AVAXUSDT,BUY,18687,1777439700000,2026-04-29 05:15:00,18688,1777440600000,2026-04-29 05:30:00,9.34,18737,1777485600000,2026-04-29 18:00:00,9.18,50,9.442,9.079,1.092,2.794,-1.713,lose
99,AVAXUSDT,SELL,18737,1777484700000,2026-04-29 17:45:00,18738,1777485600000,2026-04-29 18:00:00,9.18,18934,1777662900000,2026-05-01 19:15:00,9.174,197,8.908,9.267,2.963,0.948,0.065,win
100,AVAXUSDT,BUY,18934,1777662000000,2026-05-01 19:00:00,18935,1777662900000,2026-05-01 19:15:00,9.174,19063,1777779000000,2026-05-03 03:30:00,9.036,129,9.245,9.017,0.774,1.711,-1.504,lose
101,AVAXUSDT,SELL,19063,1777778100000,2026-05-03 03:15:00,19064,1777779000000,2026-05-03 03:30:00,9.036,19158,1777864500000,2026-05-04 03:15:00,9.323,95,8.963,9.334,0.808,3.298,-3.176,lose
102,AVAXUSDT,BUY,19158,1777863600000,2026-05-04 03:00:00,19159,1777864500000,2026-05-04 03:15:00,9.323,19521,1778191200000,2026-05-07 22:00:00,9.441,363,9.774,9.026,4.837,3.186,1.266,win
103,AVAXUSDT,SELL,19521,1778190300000,2026-05-07 21:45:00,19522,1778191200000,2026-05-07 22:00:00,9.441,19596,1778258700000,2026-05-08 16:45:00,9.753,75,9.41,9.796,0.328,3.76,-3.305,lose
104,AVAXUSDT,BUY,19596,1778257800000,2026-05-08 16:30:00,19597,1778258700000,2026-05-08 16:45:00,9.753,19841,1778479200000,2026-05-11 06:00:00,10.076,245,10.483,9.703,7.485,0.513,3.312,win
105,AVAXUSDT,SELL,19841,1778478300000,2026-05-11 05:45:00,19842,1778479200000,2026-05-11 06:00:00,10.076,20027,1778646600000,2026-05-13 04:30:00,10.026,186,9.669,10.268,4.039,1.906,0.496,win
106,AVAXUSDT,BUY,20027,1778645700000,2026-05-13 04:15:00,20028,1778646600000,2026-05-13 04:30:00,10.026,20069,1778684400000,2026-05-13 15:00:00,9.797,42,10.152,9.698,1.257,3.271,-2.284,lose
107,AVAXUSDT,SELL,20069,1778683500000,2026-05-13 14:45:00,20070,1778684400000,2026-05-13 15:00:00,9.797,20166,1778771700000,2026-05-14 15:15:00,10.01,97,9.613,10.059,1.878,2.674,-2.174,lose
108,AVAXUSDT,BUY,20166,1778770800000,2026-05-14 15:00:00,20167,1778771700000,2026-05-14 15:15:00,10.01,20255,1778851800000,2026-05-15 13:30:00,9.696,89,10.133,9.672,1.229,3.377,-3.137,lose
109,AVAXUSDT,SELL,20255,1778850900000,2026-05-15 13:15:00,20256,1778851800000,2026-05-15 13:30:00,9.696,20739,1779287400000,2026-05-20 14:30:00,9.255,484,8.932,9.698,7.88,0.021,4.548,win
110,AVAXUSDT,BUY,20739,1779286500000,2026-05-20 14:15:00,20740,1779287400000,2026-05-20 14:30:00,9.255,20953,1779480000000,2026-05-22 20:00:00,9.211,214,9.599,9.14,3.717,1.243,-0.475,win
111,AVAXUSDT,SELL,20953,1779479100000,2026-05-22 19:45:00,20954,1779480000000,2026-05-22 20:00:00,9.211,21039,1779557400000,2026-05-23 17:30:00,9.146,86,8.833,9.279,4.104,0.738,0.706,win
112,AVAXUSDT,BUY,21039,1779556500000,2026-05-23 17:15:00,21040,1779557400000,2026-05-23 17:30:00,9.146,21148,1779655500000,2026-05-24 20:45:00,9.206,109,9.59,9.109,4.855,0.405,0.656,win
113,AVAXUSDT,SELL,21148,1779654600000,2026-05-24 20:30:00,21149,1779655500000,2026-05-24 20:45:00,9.206,21200,1779702300000,2026-05-25 09:45:00,9.376,52,9.061,9.377,1.575,1.857,-1.847,lose
114,AVAXUSDT,BUY,21200,1779701400000,2026-05-25 09:30:00,21201,1779702300000,2026-05-25 09:45:00,9.376,21265,1779760800000,2026-05-26 02:00:00,9.203,65,9.505,9.17,1.376,2.197,-1.845,lose
115,AVAXUSDT,SELL,21265,1779759900000,2026-05-26 01:45:00,21266,1779760800000,2026-05-26 02:00:00,9.203,21702,1780154100000,2026-05-30 15:15:00,8.988,437,8.648,9.488,6.031,3.097,2.336,win
116,AVAXUSDT,BUY,21702,1780153200000,2026-05-30 15:00:00,21703,1780154100000,2026-05-30 15:15:00,8.988,21805,1780246800000,2026-05-31 17:00:00,8.824,103,9.081,8.804,1.035,2.047,-1.825,lose
117,AVAXUSDT,SELL,21805,1780245900000,2026-05-31 16:45:00,21806,1780246800000,2026-05-31 17:00:00,8.824,22869,1781204400000,2026-06-11 19:00:00,6.646,1064,6.218,9.071,29.533,2.799,24.683,win
118,AVAXUSDT,BUY,22869,1781203500000,2026-06-11 18:45:00,22870,1781204400000,2026-06-11 19:00:00,6.646,23139,1781447400000,2026-06-14 14:30:00,6.544,270,6.772,6.514,1.896,1.986,-1.535,lose
119,AVAXUSDT,SELL,23139,1781446500000,2026-06-14 14:15:00,23140,1781447400000,2026-06-14 14:30:00,6.544,23172,1781477100000,2026-06-14 22:45:00,6.742,33,6.371,6.772,2.644,3.484,-3.026,win
120,AVAXUSDT,BUY,23172,1781476200000,2026-06-14 22:30:00,23173,1781477100000,2026-06-14 22:45:00,6.742,23341,1781629200000,2026-06-16 17:00:00,6.778,169,7.076,6.695,4.954,0.697,0.534,win
121,AVAXUSDT,SELL,23341,1781628300000,2026-06-16 16:45:00,23342,1781629200000,2026-06-16 17:00:00,6.778,23741,1781989200000,2026-06-20 21:00:00,6.136,400,5.673,7.018,16.303,3.541,9.472,win
122,AVAXUSDT,BUY,23741,1781988300000,2026-06-20 20:45:00,23742,1781989200000,2026-06-20 21:00:00,6.136,23851,1782088200000,2026-06-22 00:30:00,6.149,110,6.37,6.091,3.814,0.733,0.212,win
123,AVAXUSDT,SELL,23851,1782087300000,2026-06-22 00:15:00,23852,1782088200000,2026-06-22 00:30:00,6.149,23901,1782133200000,2026-06-22 13:00:00,6.402,50,6.149,6.422,0.0,4.44,-4.114,lose
124,AVAXUSDT,BUY,23901,1782132300000,2026-06-22 12:45:00,23902,1782133200000,2026-06-22 13:00:00,6.402,23980,1782204300000,2026-06-23 08:45:00,6.101,79,6.468,6.003,1.031,6.232,-4.702,lose
125,AVAXUSDT,SELL,23980,1782203400000,2026-06-23 08:30:00,23981,1782204300000,2026-06-23 08:45:00,6.101,24033,1782252000000,2026-06-23 22:00:00,6.426,53,6.093,6.454,0.131,5.786,-5.327,lose
126,AVAXUSDT,BUY,24033,1782251100000,2026-06-23 21:45:00,24034,1782252000000,2026-06-23 22:00:00,6.426,24110,1782321300000,2026-06-24 17:15:00,6.118,77,6.54,6.093,1.774,5.182,-4.793,lose
127,AVAXUSDT,SELL,24110,1782320400000,2026-06-24 17:00:00,24111,1782321300000,2026-06-24 17:15:00,6.118,24146,1782353700000,2026-06-25 02:15:00,6.393,36,5.989,6.488,2.109,6.048,-4.495,win
128,AVAXUSDT,BUY,24146,1782352800000,2026-06-25 02:00:00,24147,1782353700000,2026-06-25 02:15:00,6.393,24193,1782396000000,2026-06-25 14:00:00,5.974,47,6.635,5.946,3.785,6.992,-6.554,win
129,AVAXUSDT,SELL,24193,1782395100000,2026-06-25 13:45:00,24194,1782396000000,2026-06-25 14:00:00,5.974,24303,1782495000000,2026-06-26 17:30:00,6.494,110,5.957,6.523,0.285,9.19,-8.704,lose
130,AVAXUSDT,BUY,24303,1782494100000,2026-06-26 17:15:00,24304,1782495000000,2026-06-26 17:30:00,6.494,24418,1782598500000,2026-06-27 22:15:00,6.379,115,6.67,6.315,2.71,2.756,-1.771,win
131,AVAXUSDT,SELL,24418,1782597600000,2026-06-27 22:00:00,24419,1782598500000,2026-06-27 22:15:00,6.379,24541,1782709200000,2026-06-29 05:00:00,6.585,123,6.266,6.66,1.771,4.405,-3.229,lose
132,AVAXUSDT,BUY,24541,1782708300000,2026-06-29 04:45:00,24542,1782709200000,2026-06-29 05:00:00,6.585,24669,1782824400000,2026-06-30 13:00:00,6.392,128,6.818,6.383,3.538,3.068,-2.931,win
133,AVAXUSDT,SELL,24669,1782823500000,2026-06-30 12:45:00,24670,1782824400000,2026-06-30 13:00:00,6.392,24734,1782882900000,2026-07-01 05:15:00,6.683,65,6.381,6.725,0.172,5.21,-4.553,lose
134,AVAXUSDT,BUY,24734,1782882000000,2026-07-01 05:00:00,24735,1782882900000,2026-07-01 05:15:00,6.683,25109,1783220400000,2026-07-05 03:00:00,6.802,375,7.112,6.556,6.419,1.9,1.781,win
135,AVAXUSDT,SELL,25109,1783219500000,2026-07-05 02:45:00,25110,1783220400000,2026-07-05 03:00:00,6.802,25192,1783295100000,2026-07-05 23:45:00,6.924,83,6.745,7.006,0.838,2.999,-1.794,lose
136,AVAXUSDT,BUY,25192,1783294200000,2026-07-05 23:30:00,25193,1783295100000,2026-07-05 23:45:00,6.924,25308,1783399500000,2026-07-07 04:45:00,6.757,116,7.088,6.706,2.369,3.148,-2.412,win
137,AVAXUSDT,SELL,25308,1783398600000,2026-07-07 04:30:00,25309,1783399500000,2026-07-07 04:45:00,6.757,25508,1783579500000,2026-07-09 06:45:00,6.732,200,6.311,6.819,6.601,0.918,0.37,win
138,AVAXUSDT,BUY,25508,1783578600000,2026-07-09 06:30:00,25509,1783579500000,2026-07-09 06:45:00,6.732,25768,1783813500000,2026-07-11 23:45:00,6.556,260,6.833,6.545,1.5,2.778,-2.614,lose
139,AVAXUSDT,SELL,25768,1783812600000,2026-07-11 23:30:00,25769,1783813500000,2026-07-11 23:45:00,6.556,25905,1783936800000,2026-07-13 10:00:00,6.635,137,6.272,6.669,4.332,1.724,-1.205,win
140,AVAXUSDT,BUY,25905,1783935900000,2026-07-13 09:45:00,25906,1783936800000,2026-07-13 10:00:00,6.635,26195,1784197800000,2026-07-16 10:30:00,6.601,290,6.771,6.331,2.05,4.582,-0.512,win
141,AVAXUSDT,SELL,26195,1784196900000,2026-07-16 10:15:00,26196,1784197800000,2026-07-16 10:30:00,6.601,26354,1784340900000,2026-07-18 02:15:00,6.624,159,6.365,6.654,3.575,0.803,-0.348,win
142,AVAXUSDT,BUY,26354,1784340000000,2026-07-18 02:00:00,26355,1784340900000,2026-07-18 02:15:00,6.624,26488,1784461500000,2026-07-19 11:45:00,6.494,134,6.66,6.472,0.543,2.295,-1.963,lose
143,AVAXUSDT,SELL,26488,1784460600000,2026-07-19 11:30:00,26489,1784461500000,2026-07-19 11:45:00,6.494,26581,1784545200000,2026-07-20 11:00:00,6.539,93,6.385,6.65,1.678,2.402,-0.693,lose
144,AVAXUSDT,BUY,26581,1784544300000,2026-07-20 10:45:00,26582,1784545200000,2026-07-20 11:00:00,6.539,26754,1784700900000,2026-07-22 06:15:00,6.477,173,6.685,6.457,2.233,1.254,-0.948,win
145,AVAXUSDT,SELL,26754,1784700000000,2026-07-22 06:00:00,26755,1784700900000,2026-07-22 06:15:00,6.477,26803,1784745000000,2026-07-22 18:30:00,6.607,49,6.462,6.654,0.232,2.733,-2.007,lose
146,AVAXUSDT,BUY,26803,1784744100000,2026-07-22 18:15:00,26804,1784745000000,2026-07-22 18:30:00,6.607,26883,1784817000000,2026-07-23 14:30:00,6.48,80,6.662,6.418,0.832,2.861,-1.922,lose
147,AVAXUSDT,SELL,26883,1784816100000,2026-07-23 14:15:00,26884,1784817000000,2026-07-23 14:30:00,6.48,27073,1784988000000,2026-07-25 14:00:00,6.475,190,6.131,6.503,5.386,0.355,0.077,win
148,AVAXUSDT,BUY,27073,1784987100000,2026-07-25 13:45:00,27074,1784988000000,2026-07-25 14:00:00,6.475,27269,1785164400000,2026-07-27 15:00:00,6.522,196,6.844,6.475,5.699,0.0,0.726,win
149,AVAXUSDT,SELL,27269,1785163500000,2026-07-27 14:45:00,27270,1785164400000,2026-07-27 15:00:00,6.522,27392,1785275100000,2026-07-28 21:45:00,6.618,123,6.353,6.63,2.591,1.656,-1.472,win
150,AVAXUSDT,BUY,27392,1785274200000,2026-07-28 21:30:00,27393,1785275100000,2026-07-28 21:45:00,6.618,27424,1785303900000,2026-07-29 05:45:00,6.426,32,6.638,6.304,0.302,4.745,-2.901,lose
151,AVAXUSDT,SELL,27424,1785303000000,2026-07-29 05:30:00,27425,1785303900000,2026-07-29 05:45:00,6.426,27800,1785642300000,2026-08-02 03:45:00,6.332,376,6.033,6.542,6.116,1.805,1.463,win
152,AVAXUSDT,BUY,27800,1785641400000,2026-08-02 03:30:00,27801,1785642300000,2026-08-02 03:45:00,6.332,27901,1785733200000,2026-08-03 05:00:00,6.408,101,6.686,6.313,5.591,0.3,1.2,win
153,AVAXUSDT,SELL,27901,1785732300000,2026-08-03 04:45:00,27902,1785733200000,2026-08-03 05:00:00,6.408,27958,1785784500000,2026-08-03 19:15:00,6.57,57,6.364,6.584,0.687,2.747,-2.528,lose
154,AVAXUSDT,BUY,27958,1785783600000,2026-08-03 19:00:00,27959,1785784500000,2026-08-03 19:15:00,6.57,28128,1785937500000,2026-08-05 13:45:00,6.584,170,6.986,6.524,6.332,0.7,0.213,win
155,AVAXUSDT,SELL,28128,1785936600000,2026-08-05 13:30:00,28129,1785937500000,2026-08-05 13:45:00,6.584,28376,1786160700000,2026-08-08 03:45:00,6.515,248,6.338,6.701,3.736,1.777,1.048,win
156,AVAXUSDT,BUY,28376,1786159800000,2026-08-08 03:30:00,28377,1786160700000,2026-08-08 03:45:00,6.515,28511,1786282200000,2026-08-09 13:30:00,6.48,135,6.579,6.428,0.982,1.335,-0.537,lose
157,AVAXUSDT,SELL,28511,1786281300000,2026-08-09 13:15:00,28512,1786282200000,2026-08-09 13:30:00,6.48,28529,1786298400000,2026-08-09 18:00:00,6.546,18,6.473,6.589,0.108,1.682,-1.019,lose
158,AVAXUSDT,BUY,28529,1786297500000,2026-08-09 17:45:00,28530,1786298400000,2026-08-09 18:00:00,6.546,28643,1786401000000,2026-08-10 22:30:00,6.423,114,6.586,6.358,0.611,2.872,-1.879,lose
159,AVAXUSDT,SELL,28643,1786400100000,2026-08-10 22:15:00,28644,1786401000000,2026-08-10 22:30:00,6.423,28798,1786540500000,2026-08-12 13:15:00,6.407,155,6.102,6.556,4.998,2.071,0.249,win
160,AVAXUSDT,BUY,28798,1786539600000,2026-08-12 13:00:00,28799,1786540500000,2026-08-12 13:15:00,6.407,28977,1786701600000,2026-08-14 10:00:00,6.355,179,6.549,6.272,2.216,2.107,-0.812,win
161,AVAXUSDT,SELL,28977,1786700700000,2026-08-14 09:45:00,28978,1786701600000,2026-08-14 10:00:00,6.355,29037,1786755600000,2026-08-15 01:00:00,6.496,60,6.344,6.514,0.173,2.502,-2.219,lose
162,AVAXUSDT,BUY,29037,1786754700000,2026-08-15 00:45:00,29038,1786755600000,2026-08-15 01:00:00,6.496,29107,1786818600000,2026-08-15 18:30:00,6.491,70,6.879,6.471,5.896,0.385,-0.077,win
163,AVAXUSDT,SELL,29107,1786817700000,2026-08-15 18:15:00,29108,1786818600000,2026-08-15 18:30:00,6.491,29479,1787153400000,2026-08-19 15:30:00,6.671,372,6.216,6.732,4.237,3.713,-2.773,win
164,AVAXUSDT,BUY,29479,1787152500000,2026-08-19 15:15:00,29480,1787153400000,2026-08-19 15:30:00,6.671,29755,1787401800000,2026-08-22 12:30:00,7.583,276,8.331,6.493,24.884,2.668,13.671,win
165,AVAXUSDT,SELL,29755,1787400900000,2026-08-22 12:15:00,29756,1787401800000,2026-08-22 12:30:00,7.583,29891,1787524200000,2026-08-23 22:30:00,7.638,136,7.274,7.678,4.075,1.253,-0.725,win
166,AVAXUSDT,BUY,29891,1787523300000,2026-08-23 22:15:00,29892,1787524200000,2026-08-23 22:30:00,7.638,29999,1787620500000,2026-08-25 01:15:00,7.591,108,7.649,7.39,0.144,3.247,-0.615,lose
1,BNBUSDT,SELL,12,1760632200000,2025-10-16 16:30:00,13,1760633100000,2025-10-16 16:45:00,1140.49,169,1760774400000,2025-10-18 08:00:00,1118.02,157,1021.0,1164.96,10.477,2.146,1.97,win
2,BNBUSDT,BUY,169,1760773500000,2025-10-18 07:45:00,170,1760774400000,2025-10-18 08:00:00,1118.02,271,1760866200000,2025-10-19 09:30:00,1069.44,102,1124.32,1067.7,0.563,4.501,-4.345,lose
3,BNBUSDT,SELL,271,1760865300000,2025-10-19 09:15:00,272,1760866200000,2025-10-19 09:30:00,1069.44,299,1760891400000,2025-10-19 16:30:00,1120.11,28,1069.07,1122.4,0.035,4.952,-4.738,lose
4,BNBUSDT,BUY,299,1760890500000,2025-10-19 16:15:00,300,1760891400000,2025-10-19 16:30:00,1120.11,405,1760986800000,2025-10-20 19:00:00,1097.9,106,1142.74,1086.87,2.02,2.968,-1.983,win
5,BNBUSDT,SELL,405,1760985900000,2025-10-20 18:45:00,406,1760986800000,2025-10-20 19:00:00,1097.9,643,1761201000000,2025-10-23 06:30:00,1105.0,238,1051.01,1114.65,4.271,1.526,-0.647,win
6,BNBUSDT,BUY,643,1761200100000,2025-10-23 06:15:00,644,1761201000000,2025-10-23 06:30:00,1105.0,782,1761326100000,2025-10-24 17:15:00,1100.82,139,1159.84,1076.37,4.963,2.591,-0.378,win
7,BNBUSDT,SELL,782,1761325200000,2025-10-24 17:00:00,783,1761326100000,2025-10-24 17:15:00,1100.82,948,1761475500000,2025-10-26 10:45:00,1124.27,166,1100.0,1132.53,0.074,2.881,-2.13,lose
8,BNBUSDT,BUY,948,1761474600000,2025-10-26 10:30:00,949,1761475500000,2025-10-26 10:45:00,1124.27,1180,1761684300000,2025-10-28 20:45:00,1098.94,232,1182.76,1088.0,5.202,3.226,-2.253,win
9,BNBUSDT,SELL,1180,1761683400000,2025-10-28 20:30:00,1181,1761684300000,2025-10-28 20:45:00,1098.94,2091,1762504200000,2025-11-07 08:30:00,968.98,911,878.96,1129.87,20.017,2.815,11.826,win
10,BNBUSDT,BUY,2091,1762503300000,2025-11-07 08:15:00,2092,1762504200000,2025-11-07 08:30:00,968.98,2112,1762523100000,2025-11-07 13:45:00,935.47,21,969.39,929.84,0.042,4.039,-3.458,lose
11,BNBUSDT,SELL,2112,1762522200000,2025-11-07 13:30:00,2113,1762523100000,2025-11-07 13:45:00,935.47,2134,1762542900000,2025-11-07 19:15:00,983.58,22,925.82,983.94,1.032,5.181,-5.143,lose
12,BNBUSDT,BUY,2134,1762542000000,2025-11-07 19:00:00,2135,1762542900000,2025-11-07 19:15:00,983.58,2413,1762794000000,2025-11-10 17:00:00,979.49,279,1019.15,974.71,3.616,0.902,-0.416,win
13,BNBUSDT,SELL,2413,1762793100000,2025-11-10 16:45:00,2414,1762794000000,2025-11-10 17:00:00,979.49,2902,1763234100000,2025-11-15 19:15:00,944.19,489,888.07,1008.84,9.333,2.996,3.604,win
14,BNBUSDT,BUY,2902,1763233200000,2025-11-15 19:00:00,2903,1763234100000,2025-11-15 19:15:00,944.19,2988,1763311500000,2025-11-16 16:45:00,917.27,86,950.58,915.2,0.677,3.07,-2.851,lose
15,BNBUSDT,SELL,2988,1763310600000,2025-11-16 16:30:00,2989,1763311500000,2025-11-16 16:45:00,917.27,3188,1763491500000,2025-11-18 18:45:00,936.54,200,884.07,940.54,3.619,2.537,-2.101,win
16,BNBUSDT,BUY,3188,1763490600000,2025-11-18 18:30:00,3189,1763491500000,2025-11-18 18:45:00,936.54,3274,1763568900000,2025-11-19 16:15:00,897.87,86,941.85,892.96,0.567,4.653,-4.129,lose
17,BNBUSDT,SELL,3274,1763568000000,2025-11-19 16:00:00,3275,1763568900000,2025-11-19 16:15:00,897.87,3609,1763870400000,2025-11-23 04:00:00,847.33,335,790.92,916.0,11.912,2.019,5.629,win
18,BNBUSDT,BUY,3609,1763869500000,2025-11-23 03:45:00,3610,1763870400000,2025-11-23 04:00:00,847.33,3846,1764083700000,2025-11-25 15:15:00,842.76,237,877.0,830.0,3.502,2.045,-0.539,win
19,BNBUSDT,SELL,3846,1764082800000,2025-11-25 15:00:00,3847,1764083700000,2025-11-25 15:15:00,842.76,3951,1764178200000,2025-11-26 17:30:00,885.33,105,840.0,887.62,0.327,5.323,-5.051,lose
20,BNBUSDT,BUY,3951,1764177300000,2025-11-26 17:15:00,3952,1764178200000,2025-11-26 17:30:00,885.33,4171,1764376200000,2025-11-29 00:30:00,885.88,220,906.99,876.16,2.447,1.036,0.062,win
21,BNBUSDT,SELL,4171,1764375300000,2025-11-29 00:15:00,4172,1764376200000,2025-11-29 00:30:00,885.88,4321,1764511200000,2025-11-30 14:00:00,896.82,150,868.55,896.86,1.956,1.239,-1.235,lose
22,BNBUSDT,BUY,4321,1764510300000,2025-11-30 13:45:00,4322,1764511200000,2025-11-30 14:00:00,896.82,4363,1764549000000,2025-12-01 00:30:00,849.75,42,900.35,847.7,0.394,5.477,-5.249,lose
23,BNBUSDT,SELL,4363,1764548100000,2025-12-01 00:15:00,4364,1764549000000,2025-12-01 00:30:00,849.75,4508,1764679500000,2025-12-02 12:45:00,841.07,145,801.4,850.37,5.69,0.073,1.021,win
24,BNBUSDT,BUY,4508,1764678600000,2025-12-02 12:30:00,4509,1764679500000,2025-12-02 12:45:00,841.07,4731,1764880200000,2025-12-04 20:30:00,897.24,223,928.88,839.36,10.44,0.203,6.678,win
25,BNBUSDT,SELL,4731,1764879300000,2025-12-04 20:15:00,4732,1764880200000,2025-12-04 20:30:00,897.24,4948,1765075500000,2025-12-07 02:45:00,895.04,217,870.52,908.68,2.978,1.275,0.245,win
26,BNBUSDT,BUY,4948,1765074600000,2025-12-07 02:30:00,4949,1765075500000,2025-12-07 02:45:00,895.04,4997,1765119600000,2025-12-07 15:00:00,874.0,49,898.43,870.56,0.379,2.735,-2.351,lose
27,BNBUSDT,SELL,4997,1765118700000,2025-12-07 14:45:00,4998,1765119600000,2025-12-07 15:00:00,874.0,5019,1765139400000,2025-12-07 20:30:00,905.26,22,870.89,906.38,0.356,3.705,-3.577,lose
28,BNBUSDT,BUY,5019,1765138500000,2025-12-07 20:15:00,5020,1765139400000,2025-12-07 20:30:00,905.26,5140,1765248300000,2025-12-09 02:45:00,893.66,121,913.79,881.29,0.942,2.648,-1.281,lose
29,BNBUSDT,SELL,5140,1765247400000,2025-12-09 02:30:00,5141,1765248300000,2025-12-09 02:45:00,893.66,5196,1765298700000,2025-12-09 16:45:00,921.75,56,881.82,927.07,1.325,3.739,-3.143,lose
30,BNBUSDT,BUY,5196,1765297800000,2025-12-09 16:30:00,5197,1765298700000,2025-12-09 16:45:00,921.75,5238,1765336500000,2025-12-10 03:15:00,891.13,42,928.55,887.54,0.738,3.711,-3.322,lose
31,BNBUSDT,SELL,5238,1765335600000,2025-12-10 03:00:00,5239,1765336500000,2025-12-10 03:15:00,891.13,5416,1765496700000,2025-12-11 23:45:00,888.2,178,859.2,915.73,3.583,2.761,0.329,win
32,BNBUSDT,BUY,5416,1765495800000,2025-12-11 23:30:00,5417,1765496700000,2025-12-11 23:45:00,888.2,5678,1765732500000,2025-12-14 17:15:00,883.61,262,904.92,870.73,1.882,1.967,-0.517,lose
33,BNBUSDT,SELL,5678,1765731600000,2025-12-14 17:00:00,5679,1765732500000,2025-12-14 17:15:00,883.61,5893,1765926000000,2025-12-16 23:00:00,874.05,215,840.76,896.05,4.849,1.408,1.082,win
34,BNBUSDT,BUY,5893,1765925100000,2025-12-16 22:45:00,5894,1765926000000,2025-12-16 23:00:00,874.05,5942,1765970100000,2025-12-17 11:15:00,859.14,49,876.34,855.53,0.262,2.119,-1.706,lose
35,BNBUSDT,SELL,5942,1765969200000,2025-12-17 11:00:00,5943,1765970100000,2025-12-17 11:15:00,859.14,6142,1766150100000,2025-12-19 13:15:00,847.51,200,818.27,876.96,4.757,2.074,1.354,win
36,BNBUSDT,BUY,6142,1766149200000,2025-12-19 13:00:00,6143,1766150100000,2025-12-19 13:15:00,847.51,6502,1766474100000,2025-12-23 07:15:00,849.27,360,871.7,843.86,2.854,0.431,0.208,win
37,BNBUSDT,SELL,6502,1766473200000,2025-12-23 07:00:00,6503,1766474100000,2025-12-23 07:15:00,849.27,6674,1766628900000,2025-12-25 02:15:00,846.5,172,835.35,853.52,1.639,0.5,0.326,lose
38,BNBUSDT,BUY,6674,1766628000000,2025-12-25 02:00:00,6675,1766628900000,2025-12-25 02:15:00,846.5,6711,1766662200000,2025-12-25 11:30:00,838.2,37,848.31,835.35,0.214,1.317,-0.981,lose
39,BNBUSDT,SELL,6711,1766661300000,2025-12-25 11:15:00,6712,1766662200000,2025-12-25 11:30:00,838.2,6892,1766825100000,2025-12-27 08:45:00,841.8,181,821.01,847.5,2.051,1.11,-0.429,win
40,BNBUSDT,BUY,6892,1766824200000,2025-12-27 08:30:00,6893,1766825100000,2025-12-27 08:45:00,841.8,7098,1767010500000,2025-12-29 12:15:00,848.05,206,872.75,837.48,3.677,0.513,0.742,win
41,BNBUSDT,SELL,7098,1767009600000,2025-12-29 12:00:00,7099,1767010500000,2025-12-29 12:15:00,848.05,7212,1767113100000,2025-12-30 16:45:00,859.57,114,846.39,864.67,0.196,1.96,-1.358,lose
42,BNBUSDT,BUY,7212,1767112200000,2025-12-30 16:30:00,7213,1767113100000,2025-12-30 16:45:00,859.57,7387,1767270600000,2026-01-01 12:30:00,857.24,175,878.29,856.24,2.178,0.387,-0.271,win
43,BNBUSDT,SELL,7387,1767269700000,2026-01-01 12:15:00,7388,1767270600000,2026-01-01 12:30:00,857.24,7472,1767347100000,2026-01-02 09:45:00,870.88,85,856.6,870.9,0.075,1.593,-1.591,lose
44,BNBUSDT,BUY,7472,1767346200000,2026-01-02 09:30:00,7473,1767347100000,2026-01-02 09:45:00,870.88,7979,1767803400000,2026-01-07 16:30:00,902.0,507,924.84,865.59,6.196,0.607,3.573,win
45,BNBUSDT,SELL,7979,1767802500000,2026-01-07 16:15:00,7980,1767803400000,2026-01-07 16:30:00,902.0,8206,1768007700000,2026-01-10 01:15:00,899.78,227,875.0,905.36,2.993,0.373,0.246,win
46,BNBUSDT,BUY,8206,1768006800000,2026-01-10 01:00:00,8207,1768007700000,2026-01-10 01:15:00,899.78,8380,1768164300000,2026-01-11 20:45:00,901.37,174,918.0,898.67,2.025,0.123,0.177,win
47,BNBUSDT,SELL,8380,1768163400000,2026-01-11 20:30:00,8381,1768164300000,2026-01-11 20:45:00,901.37,8549,1768316400000,2026-01-13 15:00:00,910.98,169,894.06,915.68,0.811,1.588,-1.066,lose
48,BNBUSDT,BUY,8549,1768315500000,2026-01-13 14:45:00,8550,1768316400000,2026-01-13 15:00:00,910.98,8765,1768510800000,2026-01-15 21:00:00,925.94,216,955.65,909.17,4.904,0.199,1.642,win
49,BNBUSDT,SELL,8765,1768509900000,2026-01-15 20:45:00,8766,1768510800000,2026-01-15 21:00:00,925.94,8915,1768645800000,2026-01-17 10:30:00,942.75,150,923.82,944.08,0.229,1.959,-1.815,lose
50,BNBUSDT,BUY,8915,1768644900000,2026-01-17 10:15:00,8916,1768645800000,2026-01-17 10:30:00,942.75,9066,1768781700000,2026-01-19 00:15:00,913.66,151,960.5,900.67,1.883,4.464,-3.086,lose
51,BNBUSDT,SELL,9066,1768780800000,2026-01-19 00:00:00,9067,1768781700000,2026-01-19 00:15:00,913.66,9396,1769078700000,2026-01-22 10:45:00,897.49,330,864.5,933.6,5.381,2.182,1.77,win
52,BNBUSDT,BUY,9396,1769077800000,2026-01-22 10:30:00,9397,1769078700000,2026-01-22 10:45:00,897.49,9625,1769284800000,2026-01-24 20:00:00,888.59,229,905.78,878.52,0.924,2.114,-0.992,lose
53,BNBUSDT,SELL,9625,1769283900000,2026-01-24 19:45:00,9626,1769284800000,2026-01-24 20:00:00,888.59,9842,1769480100000,2026-01-27 02:15:00,882.96,217,856.03,890.11,3.664,0.171,0.634,win
54,BNBUSDT,BUY,9842,1769479200000,2026-01-27 02:00:00,9843,1769480100000,2026-01-27 02:15:00,882.96,10079,1769693400000,2026-01-29 13:30:00,892.68,237,909.98,877.23,3.06,0.649,1.101,win
55,BNBUSDT,SELL,10079,1769692500000,2026-01-29 13:15:00,10080,1769693400000,2026-01-29 13:30:00,892.68,10534,1770102900000,2026-02-03 07:15:00,780.16,455,728.53,893.0,18.388,0.036,12.605,win
56,BNBUSDT,BUY,10534,1770102000000,2026-02-03 07:00:00,10535,1770102900000,2026-02-03 07:15:00,780.16,10581,1770145200000,2026-02-03 19:00:00,737.12,47,783.78,736.28,0.464,5.624,-5.517,lose
57,BNBUSDT,SELL,10581,1770144300000,2026-02-03 18:45:00,10582,1770145200000,2026-02-03 19:00:00,737.12,10864,1770399900000,2026-02-06 17:45:00,665.07,283,572.0,775.97,22.401,5.271,9.775,win
58,BNBUSDT,BUY,10864,1770399000000,2026-02-06 17:30:00,10865,1770399900000,2026-02-06 17:45:00,665.07,10929,1770458400000,2026-02-07 10:00:00,636.24,65,668.49,632.15,0.514,4.95,-4.335,lose
59,BNBUSDT,SELL,10929,1770457500000,2026-02-07 09:45:00,10930,1770458400000,2026-02-07 10:00:00,636.24,11388,1770871500000,2026-02-12 04:45:00,615.58,459,587.03,655.53,7.735,3.032,3.247,win
60,BNBUSDT,BUY,11388,1770870600000,2026-02-12 04:30:00,11389,1770871500000,2026-02-12 04:45:00,615.58,11491,1770964200000,2026-02-13 06:30:00,593.18,103,620.79,592.3,0.846,3.782,-3.639,lose
61,BNBUSDT,SELL,11491,1770963300000,2026-02-13 06:15:00,11492,1770964200000,2026-02-13 06:30:00,593.18,11537,1771005600000,2026-02-13 18:00:00,615.9,46,592.58,619.17,0.101,4.381,-3.83,lose
62,BNBUSDT,BUY,11537,1771004700000,2026-02-13 17:45:00,11538,1771005600000,2026-02-13 18:00:00,615.9,11729,1771178400000,2026-02-15 18:00:00,613.92,192,642.7,610.05,4.351,0.95,-0.321,win
63,BNBUSDT,SELL,11729,1771177500000,2026-02-15 17:45:00,11730,1771178400000,2026-02-15 18:00:00,613.92,11852,1771289100000,2026-02-17 00:45:00,626.46,123,604.2,631.29,1.583,2.829,-2.043,lose
64,BNBUSDT,BUY,11852,1771288200000,2026-02-17 00:30:00,11853,1771289100000,2026-02-17 00:45:00,626.46,11920,1771350300000,2026-02-17 17:45:00,613.06,68,632.0,609.21,0.884,2.754,-2.139,lose
65,BNBUSDT,SELL,11920,1771349400000,2026-02-17 17:30:00,11921,1771350300000,2026-02-17 17:45:00,613.06,12204,1771605900000,2026-02-20 16:45:00,617.6,284,595.26,626.88,2.903,2.254,-0.741,win
66,BNBUSDT,BUY,12204,1771605000000,2026-02-20 16:30:00,12205,1771605900000,2026-02-20 16:45:00,617.6,12353,1771740000000,2026-02-22 06:00:00,619.71,149,635.12,616.08,2.837,0.246,0.342,win
67,BNBUSDT,SELL,12353,1771739100000,2026-02-22 05:45:00,12354,1771740000000,2026-02-22 06:00:00,619.71,12480,1771854300000,2026-02-23 13:45:00,611.82,127,582.77,625.0,5.961,0.854,1.273,win
68,BNBUSDT,BUY,12480,1771853400000,2026-02-23 13:30:00,12481,1771854300000,2026-02-23 13:45:00,611.82,12538,1771906500000,2026-02-24 04:15:00,589.62,58,611.98,589.53,0.026,3.643,-3.629,lose
69,BNBUSDT,SELL,12538,1771905600000,2026-02-24 04:00:00,12539,1771906500000,2026-02-24 04:15:00,589.62,12635,1771993800000,2026-02-25 04:30:00,595.22,97,576.61,601.99,2.207,2.098,-0.95,win
70,BNBUSDT,BUY,12635,1771992900000,2026-02-25 04:15:00,12636,1771993800000,2026-02-25 04:30:00,595.22,12858,1772194500000,2026-02-27 12:15:00,614.7,223,641.12,589.55,7.711,0.953,3.273,win
71,BNBUSDT,SELL,12858,1772193600000,2026-02-27 12:00:00,12859,1772194500000,2026-02-27 12:15:00,614.7,12992,1772315100000,2026-02-28 21:45:00,617.13,134,588.39,619.5,4.28,0.781,-0.395,win
72,BNBUSDT,BUY,12992,1772314200000,2026-02-28 21:30:00,12993,1772315100000,2026-02-28 21:45:00,617.13,13237,1772535600000,2026-03-03 11:00:00,625.46,245,653.44,611.13,5.884,0.972,1.35,win
73,BNBUSDT,SELL,13237,1772534700000,2026-03-03 10:45:00,13238,1772535600000,2026-03-03 11:00:00,625.46,13326,1772615700000,2026-03-04 09:15:00,652.08,89,620.6,654.52,0.777,4.646,-4.256,lose
74,BNBUSDT,BUY,13326,1772614800000,2026-03-04 09:00:00,13327,1772615700000,2026-03-04 09:15:00,652.08,13505,1772776800000,2026-03-06 06:00:00,644.79,179,666.43,641.12,2.201,1.681,-1.118,win
75,BNBUSDT,SELL,13505,1772775900000,2026-03-06 05:45:00,13506,1772776800000,2026-03-06 06:00:00,644.79,13814,1773054900000,2026-03-09 11:15:00,627.27,309,607.56,647.96,5.774,0.492,2.717,win
76,BNBUSDT,BUY,13814,1773054000000,2026-03-09 11:00:00,13815,1773054900000,2026-03-09 11:15:00,627.27,14253,1773450000000,2026-03-14 01:00:00,653.16,439,679.59,624.09,8.341,0.507,4.127,win
77,BNBUSDT,SELL,14253,1773449100000,2026-03-14 00:45:00,14254,1773450000000,2026-03-14 01:00:00,653.16,14367,1773552600000,2026-03-15 05:30:00,659.88,114,649.97,661.24,0.488,1.237,-1.029,lose
78,BNBUSDT,BUY,14367,1773551700000,2026-03-15 05:15:00,14368,1773552600000,2026-03-15 05:30:00,659.88,14592,1773755100000,2026-03-17 13:45:00,665.98,225,687.86,656.64,4.24,0.491,0.924,win
79,BNBUSDT,SELL,14592,1773754200000,2026-03-17 13:30:00,14593,1773755100000,2026-03-17 13:45:00,665.98,15165,1774270800000,2026-03-23 13:00:00,644.92,573,620.0,676.28,6.904,1.547,3.162,win
80,BNBUSDT,BUY,15165,1774269900000,2026-03-23 12:45:00,15166,1774270800000,2026-03-23 13:00:00,644.92,15233,1774332000000,2026-03-24 06:00:00,629.24,68,649.43,627.13,0.699,2.758,-2.431,lose
81,BNBUSDT,SELL,15233,1774331100000,2026-03-24 05:45:00,15234,1774332000000,2026-03-24 06:00:00,629.24,15316,1774406700000,2026-03-25 02:45:00,639.88,83,626.66,641.54,0.41,1.955,-1.691,lose
82,BNBUSDT,BUY,15316,1774405800000,2026-03-25 02:30:00,15317,1774406700000,2026-03-25 02:45:00,639.88,15428,1774507500000,2026-03-26 06:45:00,634.44,112,653.18,633.37,2.079,1.017,-0.85,win
83,BNBUSDT,SELL,15428,1774506600000,2026-03-26 06:30:00,15429,1774507500000,2026-03-26 06:45:00,634.44,15677,1774731600000,2026-03-28 21:00:00,617.71,249,605.48,635.9,4.565,0.23,2.637,win
84,BNBUSDT,BUY,15677,1774730700000,2026-03-28 20:45:00,15678,1774731600000,2026-03-28 21:00:00,617.71,15745,1774792800000,2026-03-29 14:00:00,610.06,68,617.88,609.63,0.028,1.308,-1.238,lose
85,BNBUSDT,SELL,15745,1774791900000,2026-03-29 13:45:00,15746,1774792800000,2026-03-29 14:00:00,610.06,15818,1774858500000,2026-03-30 08:15:00,620.16,73,596.01,620.48,2.303,1.708,-1.656,win
86,BNBUSDT,BUY,15818,1774857600000,2026-03-30 08:00:00,15819,1774858500000,2026-03-30 08:15:00,620.16,15919,1774949400000,2026-03-31 09:30:00,605.54,101,621.75,604.56,0.256,2.515,-2.357,lose
87,BNBUSDT,SELL,15919,1774948500000,2026-03-31 09:15:00,15920,1774949400000,2026-03-31 09:30:00,605.54,15973,1774998000000,2026-03-31 23:00:00,617.22,54,598.6,620.03,1.146,2.393,-1.929,lose
88,BNBUSDT,BUY,15973,1774997100000,2026-03-31 22:45:00,15974,1774998000000,2026-03-31 23:00:00,617.22,16083,1775097000000,2026-04-02 02:30:00,599.91,110,622.66,599.15,0.881,2.928,-2.805,lose
89,BNBUSDT,SELL,16083,1775096100000,2026-04-02 02:15:00,16084,1775097000000,2026-04-02 02:30:00,599.91,16286,1775279700000,2026-04-04 05:15:00,588.99,203,570.71,601.33,4.867,0.237,1.82,win
90,BNBUSDT,BUY,16286,1775278800000,2026-04-04 05:00:00,16287,1775279700000,2026-04-04 05:15:00,588.99,16561,1775527200000,2026-04-07 02:00:00,597.46,275,610.8,587.27,3.703,0.292,1.438,win
91,BNBUSDT,SELL,16561,1775526300000,2026-04-07 01:45:00,16562,1775527200000,2026-04-07 02:00:00,597.46,16638,1775596500000,2026-04-07 21:15:00,612.19,77,592.22,613.99,0.877,2.767,-2.465,lose
92,BNBUSDT,BUY,16638,1775595600000,2026-04-07 21:00:00,16639,1775596500000,2026-04-07 21:15:00,612.19,16716,1775666700000,2026-04-08 16:45:00,606.41,78,625.38,601.46,2.155,1.753,-0.944,win
93,BNBUSDT,SELL,16716,1775665800000,2026-04-08 16:30:00,16717,1775666700000,2026-04-08 16:45:00,606.41,16922,1775852100000,2026-04-10 20:15:00,609.92,206,597.14,612.65,1.529,1.029,-0.579,lose
94,BNBUSDT,BUY,16922,1775851200000,2026-04-10 20:00:00,16923,1775852100000,2026-04-10 20:15:00,609.92,17041,1775959200000,2026-04-12 02:00:00,593.81,119,614.57,590.23,0.762,3.228,-2.641,lose
95,BNBUSDT,SELL,17041,1775958300000,2026-04-12 01:45:00,17042,1775959200000,2026-04-12 02:00:00,593.81,17193,1776096000000,2026-04-13 16:00:00,603.8,152,589.17,605.41,0.781,1.953,-1.682,lose
96,BNBUSDT,BUY,17193,1776095100000,2026-04-13 15:45:00,17194,1776096000000,2026-04-13 16:00:00,603.8,17656,1776512700000,2026-04-18 11:45:00,632.27,463,649.19,602.48,7.517,0.219,4.715,win
97,BNBUSDT,SELL,17656,1776511800000,2026-04-18 11:30:00,17657,1776512700000,2026-04-18 11:45:00,632.27,17871,1776706200000,2026-04-20 17:30:00,629.4,215,615.14,635.21,2.709,0.465,0.454,win
98,BNBUSDT,BUY,17871,1776705300000,2026-04-20 17:15:00,17872,1776706200000,2026-04-20 17:30:00,629.4,18101,1776913200000,2026-04-23 03:00:00,635.09,230,654.89,625.12,4.05,0.68,0.904,win
99,BNBUSDT,SELL,18101,1776912300000,2026-04-23 02:45:00,18102,1776913200000,2026-04-23 03:00:00,635.09,18459,1777235400000,2026-04-26 20:30:00,635.57,358,627.15,640.88,1.25,0.912,-0.076,lose
100,BNBUSDT,BUY,18459,1777234500000,2026-04-26 20:15:00,18460,1777235400000,2026-04-26 20:30:00,635.57,18502,1777274100000,2026-04-27 07:15:00,626.41,43,640.38,625.33,0.757,1.611,-1.441,lose
101,BNBUSDT,SELL,18502,1777273200000,2026-04-27 07:00:00,18503,1777274100000,2026-04-27 07:15:00,626.41,18707,1777458600000,2026-04-29 10:30:00,629.8,205,618.76,629.85,1.221,0.549,-0.541,lose
102,BNBUSDT,BUY,18707,1777457700000,2026-04-29 10:15:00,18708,1777458600000,2026-04-29 10:30:00,629.8,18729,1777478400000,2026-04-29 16:00:00,616.75,22,629.9,615.65,0.016,2.247,-2.072,lose
103,BNBUSDT,SELL,18729,1777477500000,2026-04-29 15:45:00,18730,1777478400000,2026-04-29 16:00:00,616.75,18914,1777644900000,2026-05-01 14:15:00,622.44,185,610.29,623.17,1.047,1.041,-0.923,lose
104,BNBUSDT,BUY,18914,1777644000000,2026-05-01 14:00:00,18915,1777644900000,2026-05-01 14:15:00,622.44,18987,1777710600000,2026-05-02 08:30:00,616.07,73,623.0,614.0,0.09,1.356,-1.023,lose
105,BNBUSDT,SELL,18987,1777709700000,2026-05-02 08:15:00,18988,1777710600000,2026-05-02 08:30:00,616.07,19045,1777762800000,2026-05-02 23:00:00,620.0,58,615.0,622.21,0.174,0.997,-0.638,lose
106,BNBUSDT,BUY,19045,1777761900000,2026-05-02 22:45:00,19046,1777762800000,2026-05-02 23:00:00,620.0,19524,1778193900000,2026-05-07 22:45:00,634.27,479,664.72,615.32,7.213,0.755,2.302,win
107,BNBUSDT,SELL,19524,1778193000000,2026-05-07 22:30:00,19525,1778193900000,2026-05-07 22:45:00,634.27,19606,1778267700000,2026-05-08 19:15:00,648.15,82,633.79,650.04,0.076,2.486,-2.188,lose
108,BNBUSDT,BUY,19606,1778266800000,2026-05-08 19:00:00,19607,1778267700000,2026-05-08 19:15:00,648.15,19736,1778384700000,2026-05-10 03:45:00,648.0,130,656.63,645.2,1.308,0.455,-0.023,lose
109,BNBUSDT,SELL,19736,1778383800000,2026-05-10 03:30:00,19737,1778384700000,2026-05-10 03:45:00,648.0,19784,1778427900000,2026-05-10 15:45:00,655.41,48,647.64,655.6,0.056,1.173,-1.144,lose
110,BNBUSDT,BUY,19784,1778427000000,2026-05-10 15:30:00,19785,1778427900000,2026-05-10 15:45:00,655.41,19978,1778602500000,2026-05-12 16:15:00,653.7,194,673.59,648.87,2.774,0.998,-0.261,win
111,BNBUSDT,SELL,19978,1778601600000,2026-05-12 16:00:00,19979,1778602500000,2026-05-12 16:15:00,653.7,20002,1778624100000,2026-05-12 22:15:00,668.36,24,650.99,668.44,0.415,2.255,-2.243,lose
112,BNBUSDT,BUY,20002,1778623200000,2026-05-12 22:00:00,20003,1778624100000,2026-05-12 22:15:00,668.36,20123,1778733000000,2026-05-14 04:30:00,667.88,121,686.14,664.11,2.66,0.636,-0.072,win
113,BNBUSDT,SELL,20123,1778732100000,2026-05-14 04:15:00,20124,1778733000000,2026-05-14 04:30:00,667.88,20174,1778778900000,2026-05-14 17:15:00,684.33,51,666.83,688.4,0.157,3.072,-2.463,lose
114,BNBUSDT,BUY,20174,1778778000000,2026-05-14 17:00:00,20175,1778778900000,2026-05-14 17:15:00,684.33,20296,1778888700000,2026-05-15 23:45:00,672.57,122,690.55,669.42,0.909,2.179,-1.718,lose
115,BNBUSDT,SELL,20296,1778887800000,2026-05-15 23:30:00,20297,1778888700000,2026-05-15 23:45:00,672.57,20744,1779291900000,2026-05-20 15:45:00,648.37,448,634.43,675.2,5.671,0.391,3.598,win
116,BNBUSDT,BUY,20744,1779291000000,2026-05-20 15:30:00,20745,1779291900000,2026-05-20 15:45:00,648.37,20972,1779497100000,2026-05-23 00:45:00,649.46,228,664.95,646.29,2.557,0.321,0.168,win
117,BNBUSDT,SELL,20972,1779496200000,2026-05-23 00:30:00,20973,1779497100000,2026-05-23 00:45:00,649.46,21047,1779564600000,2026-05-23 19:30:00,653.26,75,635.0,653.48,2.226,0.619,-0.585,win
118,BNBUSDT,BUY,21047,1779563700000,2026-05-23 19:15:00,21048,1779564600000,2026-05-23 19:30:00,653.26,21265,1779760800000,2026-05-26 02:00:00,657.93,218,673.51,650.0,3.1,0.499,0.715,win
119,BNBUSDT,SELL,21265,1779759900000,2026-05-26 01:45:00,21266,1779760800000,2026-05-26 02:00:00,657.93,21647,1780104600000,2026-05-30 01:30:00,648.08,382,628.42,668.5,4.485,1.607,1.497,win
120,BNBUSDT,BUY,21647,1780103700000,2026-05-30 01:15:00,21648,1780104600000,2026-05-30 01:30:00,648.08,21827,1780266600000,2026-05-31 22:30:00,711.65,180,746.59,647.51,15.2,0.088,9.809,win
121,BNBUSDT,SELL,21827,1780265700000,2026-05-31 22:15:00,21828,1780266600000,2026-05-31 22:30:00,711.65,22437,1780815600000,2026-06-07 07:00:00,588.7,610,556.88,731.4,21.748,2.775,17.277,win
122,BNBUSDT,BUY,22437,1780814700000,2026-06-07 06:45:00,22438,1780815600000,2026-06-07 07:00:00,588.7,22660,1781016300000,2026-06-09 14:45:00,586.12,223,611.19,583.99,3.82,0.8,-0.438,win
123,BNBUSDT,SELL,22660,1781015400000,2026-06-09 14:30:00,22661,1781016300000,2026-06-09 14:45:00,586.12,22828,1781167500000,2026-06-11 08:45:00,600.93,168,580.9,603.88,0.891,3.03,-2.527,lose
124,BNBUSDT,BUY,22828,1781166600000,2026-06-11 08:30:00,22829,1781167500000,2026-06-11 08:45:00,600.93,23162,1781468100000,2026-06-14 20:15:00,603.1,334,613.9,596.4,2.158,0.754,0.361,win
125,BNBUSDT,SELL,23162,1781467200000,2026-06-14 20:00:00,23163,1781468100000,2026-06-14 20:15:00,603.1,23174,1781478900000,2026-06-14 23:15:00,615.54,12,603.09,617.63,0.002,2.409,-2.063,lose
126,BNBUSDT,BUY,23174,1781478000000,2026-06-14 23:00:00,23175,1781478900000,2026-06-14 23:15:00,615.54,23327,1781616600000,2026-06-16 13:30:00,605.57,153,633.16,600.77,2.863,2.4,-1.62,win
127,BNBUSDT,SELL,23327,1781615700000,2026-06-16 13:15:00,23328,1781616600000,2026-06-16 13:30:00,605.57,23685,1781938800000,2026-06-20 07:00:00,587.7,358,570.69,612.9,5.76,1.21,2.951,win
128,BNBUSDT,BUY,23685,1781937900000,2026-06-20 06:45:00,23686,1781938800000,2026-06-20 07:00:00,587.7,23970,1782195300000,2026-06-23 06:15:00,583.35,285,602.79,581.7,2.568,1.021,-0.74,win
129,BNBUSDT,SELL,23970,1782194400000,2026-06-23 06:00:00,23971,1782195300000,2026-06-23 06:15:00,583.35,24175,1782379800000,2026-06-25 09:30:00,568.81,205,546.32,584.02,6.348,0.115,2.493,win
130,BNBUSDT,BUY,24175,1782378900000,2026-06-25 09:15:00,24176,1782379800000,2026-06-25 09:30:00,568.81,24193,1782396000000,2026-06-25 14:00:00,542.17,18,569.26,540.5,0.079,4.977,-4.683,lose
131,BNBUSDT,SELL,24193,1782395100000,2026-06-25 13:45:00,24194,1782396000000,2026-06-25 14:00:00,542.17,24606,1782767700000,2026-06-29 21:15:00,561.02,413,542.17,570.74,0.0,5.27,-3.477,lose
132,BNBUSDT,BUY,24606,1782766800000,2026-06-29 21:00:00,24607,1782767700000,2026-06-29 21:15:00,561.02,24653,1782810000000,2026-06-30 09:00:00,550.35,47,562.23,550.01,0.216,1.962,-1.902,lose
133,BNBUSDT,SELL,24653,1782809100000,2026-06-30 08:45:00,24654,1782810000000,2026-06-30 09:00:00,550.35,24792,1782935100000,2026-07-01 19:45:00,551.94,139,537.31,556.22,2.369,1.067,-0.289,win
134,BNBUSDT,BUY,24792,1782934200000,2026-07-01 19:30:00,24793,1782935100000,2026-07-01 19:45:00,551.94,25246,1783343700000,2026-07-06 13:15:00,571.22,454,593.83,546.52,7.59,0.982,3.493,win
135,BNBUSDT,SELL,25246,1783342800000,2026-07-06 13:00:00,25247,1783343700000,2026-07-06 13:15:00,571.22,25286,1783379700000,2026-07-06 23:15:00,588.98,40,570.48,592.6,0.13,3.743,-3.109,lose
136,BNBUSDT,BUY,25286,1783378800000,2026-07-06 23:00:00,25287,1783379700000,2026-07-06 23:15:00,588.98,25334,1783422900000,2026-07-07 11:15:00,577.82,48,589.0,576.68,0.003,2.088,-1.895,lose
137,BNBUSDT,SELL,25334,1783422000000,2026-07-07 11:00:00,25335,1783422900000,2026-07-07 11:15:00,577.82,25509,1783580400000,2026-07-09 07:00:00,575.14,175,560.58,587.47,2.984,1.67,0.464,win
138,BNBUSDT,BUY,25509,1783579500000,2026-07-09 06:45:00,25510,1783580400000,2026-07-09 07:00:00,575.14,25771,1783816200000,2026-07-12 00:30:00,572.36,262,583.42,568.35,1.44,1.181,-0.483,lose
139,BNBUSDT,SELL,25771,1783815300000,2026-07-12 00:15:00,25772,1783816200000,2026-07-12 00:30:00,572.36,25821,1783861200000,2026-07-12 13:00:00,582.76,50,570.24,585.07,0.37,2.221,-1.817,lose
140,BNBUSDT,BUY,25821,1783860300000,2026-07-12 12:45:00,25822,1783861200000,2026-07-12 13:00:00,582.76,25865,1783900800000,2026-07-13 00:00:00,574.13,44,583.22,573.12,0.079,1.654,-1.481,lose
141,BNBUSDT,SELL,25865,1783899900000,2026-07-12 23:45:00,25866,1783900800000,2026-07-13 00:00:00,574.13,26015,1784035800000,2026-07-14 13:30:00,579.92,150,562.52,581.65,2.022,1.31,-1.008,win
142,BNBUSDT,BUY,26015,1784034900000,2026-07-14 13:15:00,26016,1784035800000,2026-07-14 13:30:00,579.92,26226,1784225700000,2026-07-16 18:15:00,576.42,211,586.34,574.49,1.107,0.936,-0.604,lose
143,BNBUSDT,SELL,26226,1784224800000,2026-07-16 18:00:00,26227,1784225700000,2026-07-16 18:15:00,576.42,26411,1784392200000,2026-07-18 16:30:00,570.49,185,555.69,577.37,3.596,0.165,1.029,win
144,BNBUSDT,BUY,26411,1784391300000,2026-07-18 16:15:00,26412,1784392200000,2026-07-18 16:30:00,570.49,26570,1784535300000,2026-07-20 08:15:00,566.6,159,574.41,563.01,0.687,1.311,-0.682,lose
145,BNBUSDT,SELL,26570,1784534400000,2026-07-20 08:00:00,26571,1784535300000,2026-07-20 08:15:00,566.6,26611,1784572200000,2026-07-20 18:30:00,574.72,41,564.65,575.68,0.344,1.603,-1.433,lose
146,BNBUSDT,BUY,26611,1784571300000,2026-07-20 18:15:00,26612,1784572200000,2026-07-20 18:30:00,574.72,26754,1784700900000,2026-07-22 06:15:00,569.69,143,580.2,568.73,0.954,1.042,-0.875,lose
147,BNBUSDT,SELL,26754,1784700000000,2026-07-22 06:00:00,26755,1784700900000,2026-07-22 06:15:00,569.69,27086,1784999700000,2026-07-25 17:15:00,567.63,332,556.12,575.83,2.382,1.078,0.362,win
148,BNBUSDT,BUY,27086,1784998800000,2026-07-25 17:00:00,27087,1784999700000,2026-07-25 17:15:00,567.63,27305,1785196800000,2026-07-28 00:00:00,566.56,219,577.6,565.59,1.756,0.359,-0.189,lose
149,BNBUSDT,SELL,27305,1785195900000,2026-07-27 23:45:00,27306,1785196800000,2026-07-28 00:00:00,566.56,27404,1785285900000,2026-07-29 00:45:00,573.38,99,562.49,576.1,0.718,1.684,-1.204,lose
150,BNBUSDT,BUY,27404,1785285000000,2026-07-29 00:30:00,27405,1785285900000,2026-07-29 00:45:00,573.38,27730,1785579300000,2026-08-01 10:15:00,582.9,326,596.6,565.52,4.05,1.371,1.66,win
151,BNBUSDT,SELL,27730,1785578400000,2026-08-01 10:00:00,27731,1785579300000,2026-08-01 10:15:00,582.9,27805,1785646800000,2026-08-02 05:00:00,585.26,75,573.7,585.71,1.578,0.482,-0.405,lose
152,BNBUSDT,BUY,27805,1785645900000,2026-08-02 04:45:00,27806,1785646800000,2026-08-02 05:00:00,585.26,28177,1785981600000,2026-08-06 02:00:00,594.34,372,606.08,581.43,3.557,0.654,1.551,win
153,BNBUSDT,SELL,28177,1785980700000,2026-08-06 01:45:00,28178,1785981600000,2026-08-06 02:00:00,594.34,28382,1786166100000,2026-08-08 05:15:00,593.81,205,585.6,598.73,1.471,0.739,0.089,lose
154,BNBUSDT,BUY,28382,1786165200000,2026-08-08 05:00:00,28383,1786166100000,2026-08-08 05:15:00,593.81,28609,1786370400000,2026-08-10 14:00:00,600.6,227,612.46,593.2,3.141,0.103,1.143,win
155,BNBUSDT,SELL,28609,1786369500000,2026-08-10 13:45:00,28610,1786370400000,2026-08-10 14:00:00,600.6,28690,1786443300000,2026-08-11 10:15:00,607.17,81,597.61,608.45,0.498,1.307,-1.094,lose
156,BNBUSDT,BUY,28690,1786442400000,2026-08-11 10:00:00,28691,1786443300000,2026-08-11 10:15:00,607.17,28909,1786640400000,2026-08-13 17:00:00,607.59,219,620.88,605.03,2.258,0.352,0.069,win
157,BNBUSDT,SELL,28909,1786639500000,2026-08-13 16:45:00,28910,1786640400000,2026-08-13 17:00:00,607.59,29053,1786770000000,2026-08-15 05:00:00,611.89,144,603.1,613.26,0.739,0.933,-0.708,lose
158,BNBUSDT,BUY,29053,1786769100000,2026-08-15 04:45:00,29054,1786770000000,2026-08-15 05:00:00,611.89,29135,1786843800000,2026-08-16 01:30:00,607.67,82,613.22,607.26,0.217,0.757,-0.69,lose
159,BNBUSDT,SELL,29135,1786842900000,2026-08-16 01:15:00,29136,1786843800000,2026-08-16 01:30:00,607.67,29477,1787151600000,2026-08-19 15:00:00,609.09,342,600.18,609.68,1.233,0.331,-0.234,lose
160,BNBUSDT,BUY,29477,1787150700000,2026-08-19 14:45:00,29478,1787151600000,2026-08-19 15:00:00,609.09,29823,1787463000000,2026-08-23 05:30:00,683.8,346,727.15,609.04,19.383,0.008,12.266,win
161,BNBUSDT,SELL,29823,1787462100000,2026-08-23 05:15:00,29824,1787463000000,2026-08-23 05:30:00,683.8,29886,1787519700000,2026-08-23 21:15:00,704.28,63,681.0,704.69,0.409,3.055,-2.995,lose
162,BNBUSDT,BUY,29886,1787518800000,2026-08-23 21:00:00,29887,1787519700000,2026-08-23 21:15:00,704.28,29999,1787620500000,2026-08-25 01:15:00,709.2,113,717.41,693.23,1.864,1.569,0.699,lose
1,BTCUSDT,SELL,14,1760634000000,2025-10-16 17:00:00,15,1760634900000,2025-10-16 17:15:00,108432.0,281,1760875200000,2025-10-19 12:00:00,107730.6,267,103470.0,109199.8,4.576,0.708,0.647,win
2,BTCUSDT,BUY,281,1760874300000,2025-10-19 11:45:00,282,1760875200000,2025-10-19 12:00:00,107730.6,443,1761021000000,2025-10-21 04:30:00,108181.9,162,111650.0,107312.2,3.638,0.388,0.419,win
3,BTCUSDT,SELL,443,1761020100000,2025-10-21 04:15:00,444,1761021000000,2025-10-21 04:30:00,108181.9,487,1761060600000,2025-10-21 15:30:00,112899.9,44,107400.0,113100.0,0.723,4.546,-4.361,lose
4,BTCUSDT,BUY,487,1761059700000,2025-10-21 15:15:00,488,1761060600000,2025-10-21 15:30:00,112899.9,525,1761094800000,2025-10-22 01:00:00,107930.1,38,113940.0,107777.1,0.921,4.537,-4.402,lose
5,BTCUSDT,SELL,525,1761093900000,2025-10-22 00:45:00,526,1761094800000,2025-10-22 01:00:00,107930.1,671,1761226200000,2025-10-23 13:30:00,109106.1,146,106360.3,110275.9,1.454,2.173,-1.09,lose
6,BTCUSDT,BUY,671,1761225300000,2025-10-23 13:15:00,672,1761226200000,2025-10-23 13:30:00,109106.1,1120,1761630300000,2025-10-28 05:45:00,113650.0,449,116380.2,108647.4,6.667,0.42,4.165,win
7,BTCUSDT,SELL,1120,1761629400000,2025-10-28 05:30:00,1121,1761630300000,2025-10-28 05:45:00,113650.0,1433,1761912000000,2025-10-31 12:00:00,110375.7,313,106200.0,116074.3,6.555,2.133,2.881,win
8,BTCUSDT,BUY,1433,1761911100000,2025-10-31 11:45:00,1434,1761912000000,2025-10-31 12:00:00,110375.7,1687,1762140600000,2025-11-03 03:30:00,108079.9,254,111233.0,107900.1,0.777,2.243,-2.08,lose
9,BTCUSDT,SELL,1687,1762139700000,2025-11-03 03:15:00,1688,1762140600000,2025-11-03 03:30:00,108079.9,1938,1762366500000,2025-11-05 18:15:00,103889.9,251,98888.8,108350.9,8.504,0.251,3.877,win
10,BTCUSDT,BUY,1938,1762365600000,2025-11-05 18:00:00,1939,1762366500000,2025-11-05 18:15:00,103889.9,2032,1762451100000,2025-11-06 17:45:00,101316.5,94,104497.6,100238.4,0.585,3.515,-2.477,lose
11,BTCUSDT,SELL,2032,1762450200000,2025-11-06 17:30:00,2033,1762451100000,2025-11-06 17:45:00,101316.5,2139,1762547400000,2025-11-07 20:30:00,103145.0,107,99200.0,103377.2,2.089,2.034,-1.805,win
12,BTCUSDT,BUY,2139,1762546500000,2025-11-07 20:15:00,2140,1762547400000,2025-11-07 20:30:00,103145.0,2286,1762679700000,2025-11-09 09:15:00,102009.2,147,104070.7,101300.0,0.897,1.789,-1.101,lose
13,BTCUSDT,SELL,2286,1762678800000,2025-11-09 09:00:00,2287,1762679700000,2025-11-09 09:15:00,102009.2,2310,1762701300000,2025-11-09 15:15:00,103300.3,24,101457.0,104031.4,0.541,1.982,-1.266,lose
14,BTCUSDT,BUY,2310,1762700400000,2025-11-09 15:00:00,2311,1762701300000,2025-11-09 15:15:00,103300.3,2505,1762876800000,2025-11-11 16:00:00,103417.2,195,107473.7,103135.2,4.04,0.16,0.113,win
15,BTCUSDT,SELL,2505,1762875900000,2025-11-11 15:45:00,2506,1762876800000,2025-11-11 16:00:00,103417.2,2584,1762947900000,2025-11-12 11:45:00,104708.7,79,102400.0,105162.6,0.984,1.688,-1.249,lose
16,BTCUSDT,BUY,2584,1762947000000,2025-11-12 11:30:00,2585,1762947900000,2025-11-12 11:45:00,104708.7,2603,1762965000000,2025-11-12 16:30:00,101750.2,19,105297.0,101274.8,0.562,3.279,-2.825,lose
17,BTCUSDT,SELL,2603,1762964100000,2025-11-12 16:15:00,2604,1762965000000,2025-11-12 16:30:00,101750.2,3200,1763502300000,2025-11-18 21:45:00,92591.1,597,89012.0,104024.6,12.519,2.235,9.002,win
18,BTCUSDT,BUY,3200,1763501400000,2025-11-18 21:30:00,3201,1763502300000,2025-11-18 21:45:00,92591.1,3235,1763533800000,2025-11-19 06:30:00,90769.3,35,93400.0,89966.0,0.874,2.835,-1.968,lose
19,BTCUSDT,SELL,3235,1763532900000,2025-11-19 06:15:00,3236,1763533800000,2025-11-19 06:30:00,90769.3,3317,1763607600000,2025-11-20 03:00:00,92556.0,82,88564.4,92760.0,2.429,2.193,-1.968,win
20,BTCUSDT,BUY,3317,1763606700000,2025-11-20 02:45:00,3318,1763607600000,2025-11-20 03:00:00,92556.0,3372,1763657100000,2025-11-20 16:45:00,88199.0,55,93150.0,88070.7,0.642,4.846,-4.707,lose
21,BTCUSDT,SELL,3372,1763656200000,2025-11-20 16:30:00,3373,1763657100000,2025-11-20 16:45:00,88199.0,3604,1763865900000,2025-11-23 02:45:00,86120.0,232,80600.0,88396.3,8.616,0.224,2.357,win
22,BTCUSDT,BUY,3604,1763865000000,2025-11-23 02:30:00,3605,1763865900000,2025-11-23 02:45:00,86120.0,3925,1764154800000,2025-11-26 11:00:00,86916.1,321,89177.3,85226.4,3.55,1.038,0.924,win
23,BTCUSDT,SELL,3925,1764153900000,2025-11-26 10:45:00,3926,1764154800000,2025-11-26 11:00:00,86916.1,3954,1764180900000,2025-11-26 18:15:00,90001.1,29,86260.9,90090.2,0.754,3.652,-3.549,lose
24,BTCUSDT,BUY,3954,1764180000000,2025-11-26 18:00:00,3955,1764180900000,2025-11-26 18:15:00,90001.1,4363,1764549000000,2025-12-01 00:30:00,88338.3,409,93080.0,88312.5,3.421,1.876,-1.848,win
25,BTCUSDT,SELL,4363,1764548100000,2025-12-01 00:15:00,4364,1764549000000,2025-12-01 00:30:00,88338.3,4516,1764686700000,2025-12-02 14:45:00,88784.0,153,83786.0,88858.9,5.153,0.589,-0.505,win
26,BTCUSDT,BUY,4516,1764685800000,2025-12-02 14:30:00,4517,1764686700000,2025-12-02 14:45:00,88784.0,4765,1764910800000,2025-12-05 05:00:00,91985.6,249,94185.0,88738.7,6.083,0.051,3.606,win
27,BTCUSDT,SELL,4765,1764909900000,2025-12-05 04:45:00,4766,1764910800000,2025-12-05 05:00:00,91985.6,5012,1765133100000,2025-12-07 18:45:00,91337.3,247,87688.0,92455.4,4.672,0.511,0.705,win
28,BTCUSDT,BUY,5012,1765132200000,2025-12-07 18:30:00,5013,1765133100000,2025-12-07 18:45:00,91337.3,5099,1765211400000,2025-12-08 16:30:00,90249.7,87,92262.6,88890.0,1.013,2.679,-1.191,lose
29,BTCUSDT,SELL,5099,1765210500000,2025-12-08 16:15:00,5100,1765211400000,2025-12-08 16:30:00,90249.7,5195,1765297800000,2025-12-09 16:30:00,93344.8,96,89368.9,93690.1,0.976,3.812,-3.429,lose
30,BTCUSDT,BUY,5195,1765296900000,2025-12-09 16:15:00,5196,1765297800000,2025-12-09 16:30:00,93344.8,5327,1765416600000,2025-12-11 01:30:00,91044.0,132,94555.0,90660.1,1.296,2.876,-2.465,lose
31,BTCUSDT,SELL,5327,1765415700000,2025-12-11 01:15:00,5328,1765416600000,2025-12-11 01:30:00,91044.0,5409,1765490400000,2025-12-11 22:00:00,92823.6,82,89200.0,93547.3,2.025,2.75,-1.955,win
32,BTCUSDT,BUY,5409,1765489500000,2025-12-11 21:45:00,5410,1765490400000,2025-12-11 22:00:00,92823.6,5484,1765557900000,2025-12-12 16:45:00,89602.7,75,93169.3,89429.0,0.372,3.657,-3.47,lose
33,BTCUSDT,SELL,5484,1765557000000,2025-12-12 16:30:00,5485,1765557900000,2025-12-12 16:45:00,89602.7,5888,1765921500000,2025-12-16 21:45:00,87843.7,404,85073.0,90617.7,5.055,1.133,1.963,win
34,BTCUSDT,BUY,5888,1765920600000,2025-12-16 21:30:00,5889,1765921500000,2025-12-16 21:45:00,87843.7,6021,1766041200000,2025-12-18 07:00:00,86607.0,133,90363.2,85261.3,2.868,2.94,-1.408,win
35,BTCUSDT,SELL,6021,1766040300000,2025-12-18 06:45:00,6022,1766041200000,2025-12-18 07:00:00,86607.0,6051,1766068200000,2025-12-18 14:30:00,88488.4,30,86546.0,89447.9,0.07,3.28,-2.172,lose
36,BTCUSDT,BUY,6051,1766067300000,2025-12-18 14:15:00,6052,1766068200000,2025-12-18 14:30:00,88488.4,6088,1766101500000,2025-12-18 23:45:00,85444.7,37,89333.0,84408.6,0.954,4.611,-3.44,lose
37,BTCUSDT,SELL,6088,1766100600000,2025-12-18 23:30:00,6089,1766101500000,2025-12-18 23:45:00,85444.7,6125,1766134800000,2025-12-19 09:00:00,88063.2,37,85062.7,88366.0,0.447,3.419,-3.065,lose
38,BTCUSDT,BUY,6125,1766133900000,2025-12-19 08:45:00,6126,1766134800000,2025-12-19 09:00:00,88063.2,6484,1766457900000,2025-12-23 02:45:00,88229.0,359,90599.0,86795.5,2.88,1.44,0.188,win
39,BTCUSDT,SELL,6484,1766457000000,2025-12-23 02:30:00,6485,1766457900000,2025-12-23 02:45:00,88229.0,6731,1766680200000,2025-12-25 16:30:00,88377.0,247,86355.0,88594.0,2.124,0.414,-0.168,win
40,BTCUSDT,BUY,6731,1766679300000,2025-12-25 16:15:00,6732,1766680200000,2025-12-25 16:30:00,88377.0,6826,1766765700000,2025-12-26 16:15:00,86980.1,95,89557.6,86619.9,1.336,1.988,-1.581,lose
41,BTCUSDT,SELL,6826,1766764800000,2025-12-26 16:00:00,6827,1766765700000,2025-12-26 16:15:00,86980.1,6989,1766912400000,2025-12-28 09:00:00,87771.1,163,86760.4,87956.9,0.253,1.123,-0.909,lose
42,BTCUSDT,BUY,6989,1766911500000,2025-12-28 08:45:00,6990,1766912400000,2025-12-28 09:00:00,87771.1,7093,1767006000000,2025-12-29 11:00:00,87747.2,104,90373.4,87402.6,2.965,0.42,-0.027,win
43,BTCUSDT,SELL,7093,1767005100000,2025-12-29 10:45:00,7094,1767006000000,2025-12-29 11:00:00,87747.2,7209,1767110400000,2025-12-30 16:00:00,88966.8,116,86760.0,89126.0,1.125,1.571,-1.39,lose
44,BTCUSDT,BUY,7209,1767109500000,2025-12-30 15:45:00,7210,1767110400000,2025-12-30 16:00:00,88966.8,7311,1767202200000,2025-12-31 17:30:00,87588.4,102,89355.0,87350.5,0.436,1.817,-1.549,lose
45,BTCUSDT,SELL,7311,1767201300000,2025-12-31 17:15:00,7312,1767202200000,2025-12-31 17:30:00,87588.4,7424,1767303900000,2026-01-01 21:45:00,88286.3,113,87189.2,88475.8,0.456,1.013,-0.797,lose
46,BTCUSDT,BUY,7424,1767303000000,2026-01-01 21:30:00,7425,1767303900000,2026-01-01 21:45:00,88286.3,7890,1767723300000,2026-01-06 18:15:00,91784.2,466,94760.3,88263.3,7.333,0.026,3.962,win
47,BTCUSDT,SELL,7890,1767722400000,2026-01-06 18:00:00,7891,1767723300000,2026-01-06 18:15:00,91784.2,8356,1768142700000,2026-01-11 14:45:00,90987.1,466,89242.0,93825.0,2.77,2.223,0.868,win
48,BTCUSDT,BUY,8356,1768141800000,2026-01-11 14:30:00,8357,1768142700000,2026-01-11 14:45:00,90987.1,8453,1768230000000,2026-01-12 15:00:00,90852.7,97,92488.0,90066.0,1.65,1.012,-0.148,lose
49,BTCUSDT,SELL,8453,1768229100000,2026-01-12 14:45:00,8454,1768230000000,2026-01-12 15:00:00,90852.7,8520,1768290300000,2026-01-13 07:45:00,91908.8,67,90657.0,92299.0,0.215,1.592,-1.162,lose
50,BTCUSDT,BUY,8520,1768289400000,2026-01-13 07:30:00,8521,1768290300000,2026-01-13 07:45:00,91908.8,8768,1768513500000,2026-01-15 21:45:00,95453.9,248,97932.1,91700.6,6.554,0.227,3.857,win
51,BTCUSDT,SELL,8768,1768512600000,2026-01-15 21:30:00,8769,1768513500000,2026-01-15 21:45:00,95453.9,9524,1769193900000,2026-01-23 18:45:00,90700.9,756,87205.5,95837.8,8.641,0.402,4.979,win
52,BTCUSDT,BUY,9524,1769193000000,2026-01-23 18:30:00,9525,1769193900000,2026-01-23 18:45:00,90700.9,9610,1769271300000,2026-01-24 16:15:00,89207.3,86,90700.9,89131.2,0.0,1.731,-1.647,lose
53,BTCUSDT,SELL,9610,1769270400000,2026-01-24 16:00:00,9611,1769271300000,2026-01-24 16:15:00,89207.3,9845,1769482800000,2026-01-27 03:00:00,88785.7,235,86021.7,89444.4,3.571,0.266,0.473,win
54,BTCUSDT,BUY,9845,1769481900000,2026-01-27 02:45:00,9846,1769482800000,2026-01-27 03:00:00,88785.7,10043,1769661000000,2026-01-29 04:30:00,88033.9,198,90592.7,87265.4,2.035,1.712,-0.847,win
55,BTCUSDT,SELL,10043,1769660100000,2026-01-29 04:15:00,10044,1769661000000,2026-01-29 04:30:00,88033.9,10539,1770107400000,2026-02-03 08:30:00,78846.7,496,74555.0,88461.2,15.311,0.485,10.436,win
56,BTCUSDT,BUY,10539,1770106500000,2026-02-03 08:15:00,10540,1770107400000,2026-02-03 08:30:00,78846.7,10576,1770140700000,2026-02-03 17:45:00,75120.3,37,79049.0,75111.0,0.257,4.738,-4.726,lose
57,BTCUSDT,SELL,10576,1770139800000,2026-02-03 17:30:00,10577,1770140700000,2026-02-03 17:45:00,75120.3,10858,1770394500000,2026-02-06 16:15:00,69220.6,282,59800.0,76952.5,20.394,2.439,7.854,win
58,BTCUSDT,BUY,10858,1770393600000,2026-02-06 16:00:00,10859,1770394500000,2026-02-06 16:15:00,69220.6,11127,1770636600000,2026-02-09 11:30:00,68832.9,269,72300.0,67250.0,4.449,2.847,-0.56,win
59,BTCUSDT,SELL,11127,1770635700000,2026-02-09 11:15:00,11128,1770636600000,2026-02-09 11:30:00,68832.9,11527,1770996600000,2026-02-13 15:30:00,68864.1,400,65081.0,71085.0,5.451,3.272,-0.045,win
60,BTCUSDT,BUY,11527,1770995700000,2026-02-13 15:15:00,11528,1770996600000,2026-02-13 15:30:00,68864.1,11718,1771168500000,2026-02-15 15:15:00,69174.0,191,70938.5,68325.0,3.012,0.783,0.45,win
61,BTCUSDT,SELL,11718,1771167600000,2026-02-15 15:00:00,11719,1771168500000,2026-02-15 15:15:00,69174.0,12167,1771572600000,2026-02-20 07:30:00,67910.6,449,65595.7,70110.9,5.173,1.354,1.826,win
62,BTCUSDT,BUY,12167,1771571700000,2026-02-20 07:15:00,12168,1771572600000,2026-02-20 07:30:00,67910.6,12391,1771774200000,2026-02-22 15:30:00,67574.2,224,68687.0,66408.1,1.143,2.212,-0.495,lose
63,BTCUSDT,SELL,12391,1771773300000,2026-02-22 15:15:00,12392,1771774200000,2026-02-22 15:30:00,67574.2,12625,1771984800000,2026-02-25 02:00:00,65860.4,234,62401.7,67800.0,7.655,0.334,2.536,win
64,BTCUSDT,BUY,12625,1771983900000,2026-02-25 01:45:00,12626,1771984800000,2026-02-25 02:00:00,65860.4,12800,1772142300000,2026-02-26 21:45:00,67406.8,175,69999.0,64720.4,6.284,1.731,2.348,win
65,BTCUSDT,SELL,12800,1772141400000,2026-02-26 21:30:00,12801,1772142300000,2026-02-26 21:45:00,67406.8,12987,1772310600000,2026-02-28 20:30:00,66723.9,187,62979.5,68188.8,6.568,1.16,1.013,win
66,BTCUSDT,BUY,12987,1772309700000,2026-02-28 20:15:00,12988,1772310600000,2026-02-28 20:30:00,66723.9,13234,1772532900000,2026-03-03 10:15:00,66462.9,247,70100.0,65011.0,5.06,2.567,-0.391,win
67,BTCUSDT,SELL,13234,1772532000000,2026-03-03 10:00:00,13235,1772532900000,2026-03-03 10:15:00,66462.9,13322,1772612100000,2026-03-04 08:15:00,69393.7,88,66080.0,69688.0,0.576,4.852,-4.41,lose
68,BTCUSDT,BUY,13322,1772611200000,2026-03-04 08:00:00,13323,1772612100000,2026-03-04 08:15:00,69393.7,13479,1772753400000,2026-03-05 23:30:00,71187.2,157,74046.5,69100.2,6.705,0.423,2.585,win
69,BTCUSDT,SELL,13479,1772752500000,2026-03-05 23:15:00,13480,1772753400000,2026-03-05 23:30:00,71187.2,13828,1773067500000,2026-03-09 14:45:00,69377.9,349,65569.2,71387.5,7.892,0.281,2.542,win
70,BTCUSDT,BUY,13828,1773066600000,2026-03-09 14:30:00,13829,1773067500000,2026-03-09 14:45:00,69377.9,14254,1773450900000,2026-03-14 01:15:00,70656.7,426,73870.0,68200.1,6.475,1.698,1.843,win
71,BTCUSDT,SELL,14254,1773450000000,2026-03-14 01:00:00,14255,1773450900000,2026-03-14 01:15:00,70656.7,14364,1773549900000,2026-03-15 04:45:00,71541.9,110,70256.0,71629.6,0.567,1.377,-1.253,lose
72,BTCUSDT,BUY,14364,1773549000000,2026-03-15 04:30:00,14365,1773549900000,2026-03-15 04:45:00,71541.9,14684,1773837900000,2026-03-18 12:45:00,72393.2,320,75998.9,71220.1,6.23,0.45,1.19,win
73,BTCUSDT,SELL,14684,1773837000000,2026-03-18 12:30:00,14685,1773837900000,2026-03-18 12:45:00,72393.2,15164,1774269900000,2026-03-23 12:45:00,70680.5,480,67300.0,72547.5,7.035,0.213,2.366,win
74,BTCUSDT,BUY,15164,1774269000000,2026-03-23 12:30:00,15165,1774269900000,2026-03-23 12:45:00,70680.5,15278,1774372500000,2026-03-24 17:15:00,69205.2,114,71789.8,69088.0,1.569,2.253,-2.087,lose
75,BTCUSDT,SELL,15278,1774371600000,2026-03-24 17:00:00,15279,1774372500000,2026-03-24 17:15:00,69205.2,15331,1774420200000,2026-03-25 06:30:00,71195.8,53,68884.5,71319.9,0.463,3.056,-2.876,lose
76,BTCUSDT,BUY,15331,1774419300000,2026-03-25 06:15:00,15332,1774420200000,2026-03-25 06:30:00,71195.8,15433,1774512000000,2026-03-26 08:00:00,70053.8,102,71999.9,69722.6,1.129,2.069,-1.604,lose
77,BTCUSDT,SELL,15433,1774511100000,2026-03-26 07:45:00,15434,1774512000000,2026-03-26 08:00:00,70053.8,15659,1774715400000,2026-03-28 16:30:00,67038.9,226,65501.0,70131.5,6.499,0.111,4.304,win
78,BTCUSDT,BUY,15659,1774714500000,2026-03-28 16:15:00,15660,1774715400000,2026-03-28 16:30:00,67038.9,15925,1774954800000,2026-03-31 11:00:00,66329.4,266,68377.0,64918.2,1.996,3.163,-1.058,lose
79,BTCUSDT,SELL,15925,1774953900000,2026-03-31 10:45:00,15926,1774954800000,2026-03-31 11:00:00,66329.4,15975,1774999800000,2026-03-31 23:30:00,68224.2,50,66205.0,68600.0,0.188,3.423,-2.857,lose
80,BTCUSDT,BUY,15975,1774998900000,2026-03-31 23:15:00,15976,1774999800000,2026-03-31 23:30:00,68224.2,16088,1775101500000,2026-04-02 03:45:00,66571.4,113,69288.0,66455.9,1.559,2.592,-2.423,lose
81,BTCUSDT,SELL,16088,1775100600000,2026-04-02 03:30:00,16089,1775101500000,2026-04-02 03:45:00,66571.4,16320,1775310300000,2026-04-04 13:45:00,67209.9,232,65676.1,67400.0,1.345,1.245,-0.959,lose
82,BTCUSDT,BUY,16320,1775309400000,2026-04-04 13:30:00,16321,1775310300000,2026-04-04 13:45:00,67209.9,16415,1775395800000,2026-04-05 13:30:00,66676.6,95,67554.5,66575.5,0.513,0.944,-0.793,lose
83,BTCUSDT,SELL,16415,1775394900000,2026-04-05 13:15:00,16416,1775395800000,2026-04-05 13:30:00,66676.6,16445,1775422800000,2026-04-05 21:00:00,67636.7,30,66666.0,67828.6,0.016,1.728,-1.44,lose
84,BTCUSDT,BUY,16445,1775421900000,2026-04-05 20:45:00,16446,1775422800000,2026-04-05 21:00:00,67636.7,16602,1775564100000,2026-04-07 12:15:00,68243.0,157,70332.5,67313.6,3.986,0.478,0.896,win
85,BTCUSDT,SELL,16602,1775563200000,2026-04-07 12:00:00,16603,1775564100000,2026-04-07 12:15:00,68243.0,16644,1775601900000,2026-04-07 22:45:00,70726.3,42,67711.0,71288.0,0.78,4.462,-3.639,lose
86,BTCUSDT,BUY,16644,1775601000000,2026-04-07 22:30:00,16645,1775601900000,2026-04-07 22:45:00,70726.3,17043,1775961000000,2026-04-12 02:30:00,71737.3,399,73773.4,70428.0,4.308,0.422,1.429,win
87,BTCUSDT,SELL,17043,1775960100000,2026-04-12 02:15:00,17044,1775961000000,2026-04-12 02:30:00,71737.3,17193,1776096000000,2026-04-13 16:00:00,71823.6,150,70458.2,72431.0,1.783,0.967,-0.12,lose
88,BTCUSDT,BUY,17193,1776095100000,2026-04-13 15:45:00,17194,1776096000000,2026-04-13 16:00:00,71823.6,17655,1776511800000,2026-04-18 11:30:00,76034.5,462,78300.0,71629.5,9.017,0.27,5.863,win
89,BTCUSDT,SELL,17655,1776510900000,2026-04-18 11:15:00,17656,1776511800000,2026-04-18 11:30:00,76034.5,17874,1776708900000,2026-04-20 18:15:00,76237.4,219,73669.0,76342.7,3.111,0.405,-0.267,win
90,BTCUSDT,BUY,17874,1776708000000,2026-04-20 18:00:00,17875,1776708900000,2026-04-20 18:15:00,76237.4,18146,1776953700000,2026-04-23 14:15:00,77483.0,272,79444.0,74777.9,4.206,1.914,1.634,win
91,BTCUSDT,SELL,18146,1776952800000,2026-04-23 14:00:00,18147,1776953700000,2026-04-23 14:15:00,77483.0,18406,1777187700000,2026-04-26 07:15:00,77967.4,260,76900.1,78648.0,0.752,1.504,-0.625,lose
92,BTCUSDT,BUY,18406,1777186800000,2026-04-26 07:00:00,18407,1777187700000,2026-04-26 07:15:00,77967.4,18508,1777279500000,2026-04-27 08:45:00,77575.5,102,79455.0,77408.6,1.908,0.717,-0.503,lose
93,BTCUSDT,SELL,18508,1777278600000,2026-04-27 08:30:00,18509,1777279500000,2026-04-27 08:45:00,77575.5,18688,1777441500000,2026-04-29 05:45:00,77203.3,180,75635.6,78232.0,2.501,0.846,0.48,win
94,BTCUSDT,BUY,18688,1777440600000,2026-04-29 05:30:00,18689,1777441500000,2026-04-29 05:45:00,77203.3,18731,1777480200000,2026-04-29 16:30:00,75810.0,43,77873.2,75653.0,0.868,2.008,-1.805,lose
95,BTCUSDT,SELL,18731,1777479300000,2026-04-29 16:15:00,18732,1777480200000,2026-04-29 16:30:00,75810.0,18871,1777606200000,2026-05-01 03:30:00,77147.2,140,74868.0,77421.2,1.243,2.125,-1.764,lose
96,BTCUSDT,BUY,18871,1777605300000,2026-05-01 03:15:00,18872,1777606200000,2026-05-01 03:30:00,77147.2,19480,1778154300000,2026-05-07 11:45:00,80940.0,609,82828.7,76833.7,7.364,0.406,4.916,win
97,BTCUSDT,SELL,19480,1778153400000,2026-05-07 11:30:00,19481,1778154300000,2026-05-07 11:45:00,80940.0,19695,1778347800000,2026-05-09 17:30:00,80778.4,215,79137.4,81158.7,2.227,0.27,0.2,win
98,BTCUSDT,BUY,19695,1778346900000,2026-05-09 17:15:00,19696,1778347800000,2026-05-09 17:30:00,80778.4,19958,1778584500000,2026-05-12 11:15:00,80542.3,263,82460.5,80225.1,2.082,0.685,-0.292,win
99,BTCUSDT,SELL,19958,1778583600000,2026-05-12 11:00:00,19959,1778584500000,2026-05-12 11:15:00,80542.3,20168,1778773500000,2026-05-14 15:45:00,80979.9,210,78713.8,81270.2,2.27,0.904,-0.543,win
100,BTCUSDT,BUY,20168,1778772600000,2026-05-14 15:30:00,20169,1778773500000,2026-05-14 15:45:00,80979.9,20257,1778853600000,2026-05-15 14:00:00,78727.8,89,81999.0,78638.8,1.258,2.891,-2.781,lose
101,BTCUSDT,SELL,20257,1778852700000,2026-05-15 13:45:00,20258,1778853600000,2026-05-15 14:00:00,78727.8,20720,1779270300000,2026-05-20 09:45:00,77478.3,463,76014.2,79532.1,3.447,1.022,1.587,win
102,BTCUSDT,BUY,20720,1779269400000,2026-05-20 09:30:00,20721,1779270300000,2026-05-20 09:45:00,77478.3,20936,1779464700000,2026-05-22 15:45:00,76685.6,216,78180.0,76528.0,0.906,1.227,-1.023,lose
103,BTCUSDT,SELL,20936,1779463800000,2026-05-22 15:30:00,20937,1779464700000,2026-05-22 15:45:00,76685.6,21046,1779563700000,2026-05-23 19:15:00,75766.0,110,74203.6,77070.1,3.237,0.501,1.199,win
104,BTCUSDT,BUY,21046,1779562800000,2026-05-23 19:00:00,21047,1779563700000,2026-05-23 19:15:00,75766.0,21270,1779765300000,2026-05-26 03:15:00,76530.0,224,77887.9,75766.0,2.801,0.0,1.008,win
105,BTCUSDT,SELL,21270,1779764400000,2026-05-26 03:00:00,21271,1779765300000,2026-05-26 03:15:00,76530.0,21703,1780155000000,2026-05-30 15:30:00,73908.6,433,72436.0,78077.1,5.35,2.022,3.425,win
106,BTCUSDT,BUY,21703,1780154100000,2026-05-30 15:15:00,21704,1780155000000,2026-05-30 15:30:00,73908.6,21858,1780294500000,2026-06-01 06:15:00,73259.4,155,74250.0,73171.0,0.462,0.998,-0.878,lose
107,BTCUSDT,SELL,21858,1780293600000,2026-06-01 06:00:00,21859,1780294500000,2026-06-01 06:15:00,73259.4,22434,1780812900000,2026-06-07 06:15:00,61643.3,576,59080.0,73297.3,19.355,0.052,15.856,win
108,BTCUSDT,BUY,22434,1780812000000,2026-06-07 06:00:00,22435,1780812900000,2026-06-07 06:15:00,61643.3,22661,1781017200000,2026-06-09 15:00:00,61511.6,227,64250.0,61075.9,4.229,0.92,-0.214,win
109,BTCUSDT,SELL,22661,1781016300000,2026-06-09 14:45:00,22662,1781017200000,2026-06-09 15:00:00,61511.6,22817,1781157600000,2026-06-11 06:00:00,62581.7,156,60691.9,62922.0,1.333,2.293,-1.74,lose
110,BTCUSDT,BUY,22817,1781156700000,2026-06-11 05:45:00,22818,1781157600000,2026-06-11 06:00:00,62581.7,23158,1781464500000,2026-06-14 19:15:00,63757.6,341,64738.0,62315.0,3.446,0.426,1.879,win
111,BTCUSDT,SELL,23158,1781463600000,2026-06-14 19:00:00,23159,1781464500000,2026-06-14 19:15:00,63757.6,23169,1781474400000,2026-06-14 22:00:00,65284.4,11,63716.6,65652.0,0.064,2.971,-2.395,lose
112,BTCUSDT,BUY,23169,1781473500000,2026-06-14 21:45:00,23170,1781474400000,2026-06-14 22:00:00,65284.4,23366,1781651700000,2026-06-16 23:15:00,65730.4,197,67255.4,64918.2,3.019,0.561,0.683,win
113,BTCUSDT,SELL,23366,1781650800000,2026-06-16 23:00:00,23367,1781651700000,2026-06-16 23:15:00,65730.4,23667,1781922600000,2026-06-20 02:30:00,63382.2,301,62232.1,66419.2,5.322,1.048,3.572,win
114,BTCUSDT,BUY,23667,1781921700000,2026-06-20 02:15:00,23668,1781922600000,2026-06-20 02:30:00,63382.2,23968,1782193500000,2026-06-23 05:45:00,63409.9,301,65597.2,63136.2,3.495,0.388,0.044,win
115,BTCUSDT,SELL,23968,1782192600000,2026-06-23 05:30:00,23969,1782193500000,2026-06-23 05:45:00,63409.9,24167,1782372600000,2026-06-25 07:30:00,61774.1,199,59060.0,63428.7,6.86,0.03,2.58,win
116,BTCUSDT,BUY,24167,1782371700000,2026-06-25 07:15:00,24168,1782372600000,2026-06-25 07:30:00,61774.1,24193,1782396000000,2026-06-25 14:00:00,58248.4,26,61931.1,58030.0,0.254,6.061,-5.707,lose
117,BTCUSDT,SELL,24193,1782395100000,2026-06-25 13:45:00,24194,1782396000000,2026-06-25 14:00:00,58248.4,24388,1782571500000,2026-06-27 14:45:00,60607.3,195,58248.4,60734.0,0.0,4.267,-4.05,lose
118,BTCUSDT,BUY,24388,1782570600000,2026-06-27 14:30:00,24389,1782571500000,2026-06-27 14:45:00,60607.3,24492,1782665100000,2026-06-28 16:45:00,59589.9,104,60924.7,59573.8,0.524,1.705,-1.679,lose
119,BTCUSDT,SELL,24492,1782664200000,2026-06-28 16:30:00,24493,1782665100000,2026-06-28 16:45:00,59589.9,24777,1782921600000,2026-07-01 16:00:00,60118.6,285,57758.6,60758.3,3.073,1.961,-0.887,win
120,BTCUSDT,BUY,24777,1782920700000,2026-07-01 15:45:00,24778,1782921600000,2026-07-01 16:00:00,60118.6,25245,1783342800000,2026-07-06 13:00:00,61733.6,468,63990.7,59555.0,6.441,0.937,2.686,win
121,BTCUSDT,SELL,25245,1783341900000,2026-07-06 12:45:00,25246,1783342800000,2026-07-06 13:00:00,61733.6,25267,1783362600000,2026-07-06 18:30:00,63735.4,22,61297.0,63977.9,0.707,3.635,-3.243,lose
122,BTCUSDT,BUY,25267,1783361700000,2026-07-06 18:15:00,25268,1783362600000,2026-07-06 18:30:00,63735.4,25411,1783492200000,2026-07-08 06:30:00,62592.1,144,64691.9,62434.9,1.501,2.04,-1.794,lose
123,BTCUSDT,SELL,25411,1783491300000,2026-07-08 06:15:00,25412,1783492200000,2026-07-08 06:30:00,62592.1,25522,1783592100000,2026-07-09 10:15:00,62979.6,111,61520.0,63286.5,1.713,1.109,-0.619,lose
124,BTCUSDT,BUY,25522,1783591200000,2026-07-09 10:00:00,25523,1783592100000,2026-07-09 10:15:00,62979.6,25795,1783837800000,2026-07-12 06:30:00,63638.6,273,64680.0,62428.5,2.7,0.875,1.046,win
125,BTCUSDT,SELL,25795,1783836900000,2026-07-12 06:15:00,25796,1783837800000,2026-07-12 06:30:00,63638.6,26014,1784034900000,2026-07-14 13:15:00,63764.2,219,61806.0,64411.8,2.88,1.215,-0.197,win
126,BTCUSDT,BUY,26014,1784034000000,2026-07-14 13:00:00,26015,1784034900000,2026-07-14 13:15:00,63764.2,26190,1784193300000,2026-07-16 09:15:00,64086.5,176,65589.7,63550.0,2.863,0.336,0.505,win
127,BTCUSDT,SELL,26190,1784192400000,2026-07-16 09:00:00,26191,1784193300000,2026-07-16 09:15:00,64086.5,26327,1784316600000,2026-07-17 19:30:00,64059.9,137,62505.1,64874.7,2.468,1.23,0.042,win
128,BTCUSDT,BUY,26327,1784315700000,2026-07-17 19:15:00,26328,1784316600000,2026-07-17 19:30:00,64059.9,26578,1784542500000,2026-07-20 10:15:00,64258.6,251,65084.6,63736.1,1.6,0.505,0.31,lose
129,BTCUSDT,SELL,26578,1784541600000,2026-07-20 10:00:00,26579,1784542500000,2026-07-20 10:15:00,64258.6,26607,1784568600000,2026-07-20 17:30:00,65476.4,29,64034.3,65688.0,0.349,2.224,-1.895,lose
130,BTCUSDT,BUY,26607,1784567700000,2026-07-20 17:15:00,26608,1784568600000,2026-07-20 17:30:00,65476.4,26789,1784732400000,2026-07-22 15:00:00,65770.2,182,66924.1,65011.4,2.211,0.71,0.449,win
131,BTCUSDT,SELL,26789,1784731500000,2026-07-22 14:45:00,26790,1784732400000,2026-07-22 15:00:00,65770.2,27105,1785016800000,2026-07-25 22:00:00,64318.6,316,63666.0,66363.6,3.199,0.902,2.207,win
132,BTCUSDT,BUY,27105,1785015900000,2026-07-25 21:45:00,27106,1785016800000,2026-07-25 22:00:00,64318.6,27301,1785193200000,2026-07-27 23:00:00,63755.5,196,65722.5,63755.3,2.183,0.876,-0.875,win
133,BTCUSDT,SELL,27301,1785192300000,2026-07-27 22:45:00,27302,1785193200000,2026-07-27 23:00:00,63755.5,27430,1785309300000,2026-07-29 07:15:00,64435.9,129,62660.1,64465.2,1.718,1.113,-1.067,lose
134,BTCUSDT,BUY,27430,1785308400000,2026-07-29 07:00:00,27431,1785309300000,2026-07-29 07:15:00,64435.9,27628,1785487500000,2026-07-31 08:45:00,63818.6,198,65391.3,63234.0,1.483,1.865,-0.958,lose
135,BTCUSDT,SELL,27628,1785486600000,2026-07-31 08:30:00,27629,1785487500000,2026-07-31 08:45:00,63818.6,27798,1785640500000,2026-08-02 03:15:00,63393.0,170,62228.8,63982.2,2.491,0.256,0.667,win
136,BTCUSDT,BUY,27798,1785639600000,2026-08-02 03:00:00,27799,1785640500000,2026-08-02 03:15:00,63393.0,27907,1785738600000,2026-08-03 06:30:00,62764.9,109,63779.0,62716.0,0.609,1.068,-0.991,lose
137,BTCUSDT,SELL,27907,1785737700000,2026-08-03 06:15:00,27908,1785738600000,2026-08-03 06:30:00,62764.9,27943,1785771000000,2026-08-03 15:30:00,63678.5,36,62268.2,63960.0,0.791,1.904,-1.456,lose
138,BTCUSDT,BUY,27943,1785770100000,2026-08-03 15:15:00,27944,1785771000000,2026-08-03 15:30:00,63678.5,28285,1786078800000,2026-08-07 05:00:00,64225.8,342,65022.0,63290.2,2.11,0.61,0.859,win
139,BTCUSDT,SELL,28285,1786077900000,2026-08-07 04:45:00,28286,1786078800000,2026-08-07 05:00:00,64225.8,28311,1786102200000,2026-08-07 11:30:00,65055.0,26,64139.7,65187.9,0.134,1.498,-1.291,lose
140,BTCUSDT,BUY,28311,1786101300000,2026-08-07 11:15:00,28312,1786102200000,2026-08-07 11:30:00,65055.0,28473,1786248000000,2026-08-09 04:00:00,64758.9,162,65358.0,64490.0,0.466,0.868,-0.455,lose
141,BTCUSDT,SELL,28473,1786247100000,2026-08-09 03:45:00,28474,1786248000000,2026-08-09 04:00:00,64758.9,28513,1786284000000,2026-08-09 14:00:00,65195.0,40,64747.4,65245.5,0.018,0.751,-0.673,lose
142,BTCUSDT,BUY,28513,1786283100000,2026-08-09 13:45:00,28514,1786284000000,2026-08-09 14:00:00,65195.0,28613,1786374000000,2026-08-10 15:00:00,64594.6,100,65482.7,64482.1,0.441,1.093,-0.921,lose
143,BTCUSDT,SELL,28613,1786373100000,2026-08-10 14:45:00,28614,1786374000000,2026-08-10 15:00:00,64594.6,28794,1786536900000,2026-08-12 12:15:00,64230.5,181,63211.6,64691.2,2.141,0.15,0.564,win
144,BTCUSDT,BUY,28794,1786536000000,2026-08-12 12:00:00,28795,1786536900000,2026-08-12 12:15:00,64230.5,28813,1786554000000,2026-08-12 17:00:00,63462.3,19,64450.0,63291.1,0.342,1.463,-1.196,lose
145,BTCUSDT,SELL,28813,1786553100000,2026-08-12 16:45:00,28814,1786554000000,2026-08-12 17:00:00,63462.3,29195,1786897800000,2026-08-16 16:30:00,63294.8,382,62484.2,63990.7,1.541,0.833,0.264,lose
146,BTCUSDT,BUY,29195,1786896900000,2026-08-16 16:15:00,29196,1786897800000,2026-08-16 16:30:00,63294.8,29223,1786923000000,2026-08-16 23:30:00,62825.4,28,63370.0,62681.1,0.119,0.97,-0.742,lose
147,BTCUSDT,SELL,29223,1786922100000,2026-08-16 23:15:00,29224,1786923000000,2026-08-16 23:30:00,62825.4,29247,1786944600000,2026-08-17 05:30:00,63460.0,24,62723.9,63572.6,0.162,1.189,-1.01,lose
148,BTCUSDT,BUY,29247,1786943700000,2026-08-17 05:15:00,29248,1786944600000,2026-08-17 05:30:00,63460.0,29825,1787464800000,2026-08-23 06:00:00,76065.0,578,79555.5,63255.0,25.363,0.323,19.863,win
149,BTCUSDT,SELL,29825,1787463900000,2026-08-23 05:45:00,29826,1787464800000,2026-08-23 06:00:00,76065.0,29889,1787522400000,2026-08-23 22:00:00,77808.7,64,75870.0,78057.6,0.256,2.62,-2.292,lose
150,BTCUSDT,BUY,29889,1787521500000,2026-08-23 21:45:00,29890,1787522400000,2026-08-23 22:00:00,77808.7,29999,1787620500000,2026-08-25 01:15:00,79462.0,110,79974.8,76649.0,2.784,1.49,2.125,win
1,DOGEUSDT,SELL,13,1760633100000,2025-10-16 16:45:00,14,1760634000000,2025-10-16 17:00:00,0.1947,209,1760810400000,2025-10-18 18:00:00,0.1899,196,0.1754,0.1947,9.909,0.01,2.445,win
2,DOGEUSDT,BUY,209,1760809500000,2025-10-18 17:45:00,210,1760810400000,2025-10-18 18:00:00,0.1899,446,1761023700000,2025-10-21 05:15:00,0.1934,237,0.2024,0.186,6.582,2.085,1.827,win
3,DOGEUSDT,SELL,446,1761022800000,2025-10-21 05:00:00,447,1761023700000,2025-10-21 05:15:00,0.1934,488,1761061500000,2025-10-21 15:45:00,0.2051,42,0.192,0.2055,0.719,6.247,-6.061,lose
4,DOGEUSDT,BUY,488,1761060600000,2025-10-21 15:30:00,489,1761061500000,2025-10-21 15:45:00,0.2051,536,1761104700000,2025-10-22 03:45:00,0.193,48,0.2056,0.1923,0.224,6.221,-5.914,lose
5,DOGEUSDT,SELL,536,1761103800000,2025-10-22 03:30:00,537,1761104700000,2025-10-22 03:45:00,0.193,663,1761219000000,2025-10-23 11:30:00,0.1943,127,0.1845,0.1959,4.405,1.503,-0.684,win
6,DOGEUSDT,BUY,663,1761218100000,2025-10-23 11:15:00,664,1761219000000,2025-10-23 11:30:00,0.1943,924,1761453900000,2025-10-26 04:45:00,0.1953,261,0.2011,0.1914,3.521,1.493,0.515,win
7,DOGEUSDT,SELL,924,1761453000000,2025-10-26 04:30:00,925,1761453900000,2025-10-26 04:45:00,0.1953,947,1761474600000,2025-10-26 10:30:00,0.1989,23,0.195,0.2009,0.133,2.868,-1.864,lose
8,DOGEUSDT,BUY,947,1761473700000,2025-10-26 10:15:00,948,1761474600000,2025-10-26 10:30:00,0.1989,1090,1761603300000,2025-10-27 22:15:00,0.2021,143,0.2094,0.1983,5.288,0.337,1.588,win
9,DOGEUSDT,SELL,1090,1761602400000,2025-10-27 22:00:00,1091,1761603300000,2025-10-27 22:15:00,0.2021,1478,1761952500000,2025-10-31 23:15:00,0.1861,388,0.1763,0.203,12.757,0.455,7.932,win
10,DOGEUSDT,BUY,1478,1761951600000,2025-10-31 23:00:00,1479,1761952500000,2025-10-31 23:15:00,0.1861,1641,1762099200000,2025-11-02 16:00:00,0.1834,163,0.1888,0.1827,1.457,1.806,-1.457,lose
11,DOGEUSDT,SELL,1641,1762098300000,2025-11-02 15:45:00,1642,1762099200000,2025-11-02 16:00:00,0.1834,1978,1762402500000,2025-11-06 04:15:00,0.1671,337,0.1515,0.1867,17.393,1.827,8.89,win
12,DOGEUSDT,BUY,1978,1762401600000,2025-11-06 04:00:00,1979,1762402500000,2025-11-06 04:15:00,0.1671,2023,1762443000000,2025-11-06 15:30:00,0.1608,45,0.1673,0.1602,0.174,4.119,-3.711,lose
13,DOGEUSDT,SELL,2023,1762442100000,2025-11-06 15:15:00,2024,1762443000000,2025-11-06 15:30:00,0.1608,2097,1762509600000,2025-11-07 10:00:00,0.165,74,0.1569,0.1673,2.449,3.998,-2.561,win
14,DOGEUSDT,BUY,2097,1762508700000,2025-11-07 09:45:00,2098,1762509600000,2025-11-07 10:00:00,0.165,2262,1762658100000,2025-11-09 03:15:00,0.1726,165,0.1833,0.1595,11.105,3.298,4.655,win
15,DOGEUSDT,SELL,2262,1762657200000,2025-11-09 03:00:00,2263,1762658100000,2025-11-09 03:15:00,0.1726,2329,1762718400000,2025-11-09 20:00:00,0.18,67,0.1711,0.1801,0.886,4.298,-4.275,lose
16,DOGEUSDT,BUY,2329,1762717500000,2025-11-09 19:45:00,2330,1762718400000,2025-11-09 20:00:00,0.18,2515,1762885800000,2025-11-11 18:30:00,0.175,186,0.1864,0.1742,3.516,3.244,-2.788,win
17,DOGEUSDT,SELL,2515,1762884900000,2025-11-11 18:15:00,2516,1762885800000,2025-11-11 18:30:00,0.175,2595,1762957800000,2025-11-12 14:30:00,0.1778,80,0.1708,0.1785,2.383,1.983,-1.577,win
18,DOGEUSDT,BUY,2595,1762956900000,2025-11-12 14:15:00,2596,1762957800000,2025-11-12 14:30:00,0.1778,2606,1762967700000,2025-11-12 17:15:00,0.1687,11,0.1778,0.1678,0.028,5.614,-5.119,lose
19,DOGEUSDT,SELL,2606,1762966800000,2025-11-12 17:00:00,2607,1762967700000,2025-11-12 17:15:00,0.1687,2666,1763021700000,2025-11-13 08:15:00,0.1758,60,0.1671,0.177,0.931,4.95,-4.239,lose
20,DOGEUSDT,BUY,2666,1763020800000,2025-11-13 08:00:00,2667,1763021700000,2025-11-13 08:15:00,0.1758,2706,1763057700000,2025-11-13 18:15:00,0.1645,40,0.1776,0.1641,1.035,6.677,-6.416,lose
21,DOGEUSDT,SELL,2706,1763056800000,2025-11-13 18:00:00,2707,1763057700000,2025-11-13 18:15:00,0.1645,3187,1763490600000,2025-11-18 18:30:00,0.1611,481,0.1493,0.1662,9.274,0.997,2.115,win
22,DOGEUSDT,BUY,3187,1763489700000,2025-11-18 18:15:00,3188,1763490600000,2025-11-18 18:30:00,0.1611,3275,1763569800000,2025-11-19 16:30:00,0.1533,88,0.1629,0.153,1.142,5.004,-4.799,lose
23,DOGEUSDT,SELL,3275,1763568900000,2025-11-19 16:15:00,3276,1763569800000,2025-11-19 16:30:00,0.1533,3325,1763614800000,2025-11-20 05:00:00,0.1584,50,0.147,0.1585,4.096,3.385,-3.3,win
24,DOGEUSDT,BUY,3325,1763613900000,2025-11-20 04:45:00,3326,1763614800000,2025-11-20 05:00:00,0.1584,3376,1763660700000,2025-11-20 17:45:00,0.148,51,0.1597,0.1479,0.852,6.654,-6.535,lose
25,DOGEUSDT,SELL,3376,1763659800000,2025-11-20 17:30:00,3377,1763660700000,2025-11-20 17:45:00,0.148,3612,1763873100000,2025-11-23 04:45:00,0.1437,236,0.1332,0.1531,10.051,3.418,2.905,win
26,DOGEUSDT,BUY,3612,1763872200000,2025-11-23 04:30:00,3613,1763873100000,2025-11-23 04:45:00,0.1437,3848,1764085500000,2025-11-25 15:45:00,0.1483,236,0.1539,0.1419,7.082,1.294,3.145,win
27,DOGEUSDT,SELL,3848,1764084600000,2025-11-25 15:30:00,3849,1764085500000,2025-11-25 15:45:00,0.1483,3953,1764180000000,2025-11-26 18:00:00,0.1557,105,0.1475,0.156,0.492,5.214,-4.998,lose
28,DOGEUSDT,BUY,3953,1764179100000,2025-11-26 17:45:00,3954,1764180000000,2025-11-26 18:00:00,0.1557,4081,1764295200000,2025-11-28 02:00:00,0.1502,128,0.1567,0.15,0.681,3.655,-3.527,lose
29,DOGEUSDT,SELL,4081,1764294300000,2025-11-28 01:45:00,4082,1764295200000,2025-11-28 02:00:00,0.1502,4515,1764685800000,2025-12-02 14:30:00,0.1389,434,0.1316,0.1555,12.339,3.529,7.518,win
30,DOGEUSDT,BUY,4515,1764684900000,2025-12-02 14:15:00,4516,1764685800000,2025-12-02 14:30:00,0.1389,4751,1764898200000,2025-12-05 01:30:00,0.1479,236,0.1534,0.1386,10.426,0.194,6.523,win
31,DOGEUSDT,SELL,4751,1764897300000,2025-12-05 01:15:00,4752,1764898200000,2025-12-05 01:30:00,0.1479,5021,1765141200000,2025-12-07 21:00:00,0.1421,270,0.1348,0.1483,8.902,0.223,3.981,win
32,DOGEUSDT,BUY,5021,1765140300000,2025-12-07 20:45:00,5022,1765141200000,2025-12-07 21:00:00,0.1421,5175,1765279800000,2025-12-09 11:30:00,0.1402,154,0.145,0.1358,2.063,4.435,-1.323,win
33,DOGEUSDT,SELL,5175,1765278900000,2025-12-09 11:15:00,5176,1765279800000,2025-12-09 11:30:00,0.1402,5194,1765296900000,2025-12-09 16:15:00,0.1492,19,0.1401,0.1494,0.064,6.592,-6.399,lose
34,DOGEUSDT,BUY,5194,1765296000000,2025-12-09 16:00:00,5195,1765296900000,2025-12-09 16:15:00,0.1492,5321,1765411200000,2025-12-11 00:00:00,0.1432,127,0.1531,0.1422,2.668,4.64,-3.962,win
35,DOGEUSDT,SELL,5321,1765410300000,2025-12-10 23:45:00,5322,1765411200000,2025-12-11 00:00:00,0.1432,5562,1765628100000,2025-12-13 12:15:00,0.1396,241,0.1342,0.1435,6.339,0.195,2.52,win
36,DOGEUSDT,BUY,5562,1765627200000,2025-12-13 12:00:00,5563,1765628100000,2025-12-13 12:15:00,0.1396,5657,1765713600000,2025-12-14 12:00:00,0.1367,95,0.14,0.1356,0.244,2.858,-2.084,lose
37,DOGEUSDT,SELL,5657,1765712700000,2025-12-14 11:45:00,5658,1765713600000,2025-12-14 12:00:00,0.1367,5895,1765927800000,2025-12-16 23:30:00,0.1315,238,0.1265,0.1384,7.446,1.221,3.811,win
38,DOGEUSDT,BUY,5895,1765926900000,2025-12-16 23:15:00,5896,1765927800000,2025-12-16 23:30:00,0.1315,5972,1765997100000,2025-12-17 18:45:00,0.1258,77,0.1363,0.1252,3.627,4.768,-4.365,win
39,DOGEUSDT,SELL,5972,1765996200000,2025-12-17 18:30:00,5973,1765997100000,2025-12-17 18:45:00,0.1258,6120,1766130300000,2025-12-19 07:45:00,0.1278,148,0.1198,0.1307,4.707,3.904,-1.59,win
40,DOGEUSDT,BUY,6120,1766129400000,2025-12-19 07:30:00,6121,1766130300000,2025-12-19 07:45:00,0.1278,6342,1766330100000,2025-12-21 15:15:00,0.1291,222,0.1335,0.1274,4.477,0.29,1.025,win
41,DOGEUSDT,SELL,6342,1766329200000,2025-12-21 15:00:00,6343,1766330100000,2025-12-21 15:15:00,0.1291,6413,1766394000000,2025-12-22 09:00:00,0.1322,71,0.1289,0.1342,0.139,3.951,-2.433,lose
42,DOGEUSDT,BUY,6413,1766393100000,2025-12-22 08:45:00,6414,1766394000000,2025-12-22 09:00:00,0.1322,6533,1766502000000,2025-12-23 15:00:00,0.1288,120,0.1353,0.1278,2.36,3.328,-2.556,win
43,DOGEUSDT,SELL,6533,1766501100000,2025-12-23 14:45:00,6534,1766502000000,2025-12-23 15:00:00,0.1288,6970,1766895300000,2025-12-28 04:15:00,0.1241,437,0.1205,0.1309,6.458,1.583,3.671,win
44,DOGEUSDT,BUY,6970,1766894400000,2025-12-28 04:00:00,6971,1766895300000,2025-12-28 04:15:00,0.1241,7109,1767020400000,2025-12-29 15:00:00,0.1236,139,0.128,0.1224,3.134,1.362,-0.387,win
45,DOGEUSDT,SELL,7109,1767019500000,2025-12-29 14:45:00,7110,1767020400000,2025-12-29 15:00:00,0.1236,7377,1767261600000,2026-01-01 10:00:00,0.1203,268,0.1153,0.1254,6.705,1.44,2.661,win
46,DOGEUSDT,BUY,7377,1767260700000,2026-01-01 09:45:00,7378,1767261600000,2026-01-01 10:00:00,0.1203,7891,1767724200000,2026-01-06 18:30:00,0.1451,514,0.1566,0.1202,30.098,0.141,20.542,win
47,DOGEUSDT,SELL,7891,1767723300000,2026-01-06 18:15:00,7892,1767724200000,2026-01-06 18:30:00,0.1451,8547,1768314600000,2026-01-13 14:30:00,0.1406,656,0.1348,0.154,7.045,6.191,3.054,win
48,DOGEUSDT,BUY,8547,1768313700000,2026-01-13 14:15:00,8548,1768314600000,2026-01-13 14:30:00,0.1406,8696,1768448700000,2026-01-15 03:45:00,0.1427,149,0.1513,0.1393,7.566,0.946,1.444,win
49,DOGEUSDT,SELL,8696,1768447800000,2026-01-15 03:30:00,8697,1768448700000,2026-01-15 03:45:00,0.1427,9346,1769033700000,2026-01-21 22:15:00,0.1281,650,0.1193,0.145,16.389,1.668,10.234,win
50,DOGEUSDT,BUY,9346,1769032800000,2026-01-21 22:00:00,9347,1769033700000,2026-01-21 22:15:00,0.1281,9424,1769103900000,2026-01-22 17:45:00,0.1248,78,0.1281,0.1231,0.07,3.858,-2.577,lose
51,DOGEUSDT,SELL,9424,1769103000000,2026-01-22 17:30:00,9425,1769103900000,2026-01-22 17:45:00,0.1248,9898,1769530500000,2026-01-27 16:15:00,0.125,474,0.1175,0.1278,5.787,2.461,-0.2,win
52,DOGEUSDT,BUY,9898,1769529600000,2026-01-27 16:00:00,9899,1769530500000,2026-01-27 16:15:00,0.125,10039,1769657400000,2026-01-29 03:30:00,0.1221,141,0.1277,0.1217,2.136,2.632,-2.304,win
53,DOGEUSDT,SELL,10039,1769656500000,2026-01-29 03:15:00,10040,1769657400000,2026-01-29 03:30:00,0.1221,10475,1770049800000,2026-02-02 16:30:00,0.1097,436,0.0946,0.1225,22.55,0.278,10.202,win
54,DOGEUSDT,BUY,10475,1770048900000,2026-02-02 16:15:00,10476,1770049800000,2026-02-02 16:30:00,0.1097,10666,1770221700000,2026-02-04 16:15:00,0.1037,191,0.1105,0.1022,0.793,6.811,-5.453,lose
55,DOGEUSDT,SELL,10666,1770220800000,2026-02-04 16:00:00,10667,1770221700000,2026-02-04 16:15:00,0.1037,10860,1770396300000,2026-02-06 16:45:00,0.0995,194,0.0799,0.1055,22.934,1.755,4.07,win
56,DOGEUSDT,BUY,10860,1770395400000,2026-02-06 16:30:00,10861,1770396300000,2026-02-06 16:45:00,0.0995,11112,1770623100000,2026-02-09 07:45:00,0.0952,252,0.1022,0.0946,2.734,4.916,-4.323,win
57,DOGEUSDT,SELL,11112,1770622200000,2026-02-09 07:30:00,11113,1770623100000,2026-02-09 07:45:00,0.0952,11416,1770896700000,2026-02-12 11:45:00,0.0939,304,0.0878,0.097,7.713,1.881,1.334,win
58,DOGEUSDT,BUY,11416,1770895800000,2026-02-12 11:30:00,11417,1770896700000,2026-02-12 11:45:00,0.0939,11728,1771177500000,2026-02-15 17:45:00,0.1057,312,0.1176,0.0906,25.229,3.482,12.556,win
59,DOGEUSDT,SELL,11728,1771176600000,2026-02-15 17:30:00,11729,1771177500000,2026-02-15 17:45:00,0.1057,12232,1771631100000,2026-02-20 23:45:00,0.0999,504,0.0954,0.1057,9.689,0.0,5.431,win
60,DOGEUSDT,BUY,12232,1771630200000,2026-02-20 23:30:00,12233,1771631100000,2026-02-20 23:45:00,0.0999,12337,1771725600000,2026-02-22 02:00:00,0.0981,105,0.1009,0.0976,0.99,2.391,-1.871,lose
61,DOGEUSDT,SELL,12337,1771724700000,2026-02-22 01:45:00,12338,1771725600000,2026-02-22 02:00:00,0.0981,12475,1771849800000,2026-02-23 12:30:00,0.0967,138,0.0914,0.0981,6.852,0.061,1.376,win
62,DOGEUSDT,BUY,12475,1771848900000,2026-02-23 12:15:00,12476,1771849800000,2026-02-23 12:30:00,0.0967,12505,1771876800000,2026-02-23 20:00:00,0.0928,30,0.0976,0.0924,0.868,4.466,-4.053,lose
63,DOGEUSDT,SELL,12505,1771875900000,2026-02-23 19:45:00,12506,1771876800000,2026-02-23 20:00:00,0.0928,12658,1772014500000,2026-02-25 10:15:00,0.0935,153,0.0899,0.0949,3.168,2.295,-0.733,win
64,DOGEUSDT,BUY,12658,1772013600000,2026-02-25 10:00:00,12659,1772014500000,2026-02-25 10:15:00,0.0935,12779,1772123400000,2026-02-26 16:30:00,0.0983,121,0.1062,0.0934,13.563,0.118,5.156,win
65,DOGEUSDT,SELL,12779,1772122500000,2026-02-26 16:15:00,12780,1772123400000,2026-02-26 16:30:00,0.0983,12993,1772316000000,2026-02-28 22:00:00,0.0938,214,0.0876,0.0991,10.904,0.773,4.567,win
66,DOGEUSDT,BUY,12993,1772315100000,2026-02-28 21:45:00,12994,1772316000000,2026-02-28 22:00:00,0.0938,13082,1772396100000,2026-03-01 20:15:00,0.091,89,0.0979,0.0908,4.306,3.176,-2.984,win
67,DOGEUSDT,SELL,13082,1772395200000,2026-03-01 20:00:00,13083,1772396100000,2026-03-01 20:15:00,0.091,13162,1772468100000,2026-03-02 16:15:00,0.097,80,0.0905,0.0971,0.582,6.724,-6.614,lose
68,DOGEUSDT,BUY,13162,1772467200000,2026-03-02 16:00:00,13163,1772468100000,2026-03-02 16:15:00,0.097,13222,1772522100000,2026-03-03 07:15:00,0.0917,60,0.0977,0.0912,0.721,6.059,-5.472,lose
69,DOGEUSDT,SELL,13222,1772521200000,2026-03-03 07:00:00,13223,1772522100000,2026-03-03 07:15:00,0.0917,13334,1772622900000,2026-03-04 11:15:00,0.093,112,0.0882,0.0934,3.794,1.831,-1.363,win
70,DOGEUSDT,BUY,13334,1772622000000,2026-03-04 11:00:00,13335,1772622900000,2026-03-04 11:15:00,0.093,13443,1772721000000,2026-03-05 14:30:00,0.095,109,0.1043,0.0914,12.142,1.656,2.173,win
71,DOGEUSDT,SELL,13443,1772720100000,2026-03-05 14:15:00,13444,1772721000000,2026-03-05 14:30:00,0.095,13830,1773069300000,2026-03-09 15:15:00,0.0915,387,0.0865,0.0957,8.916,0.747,3.653,win
72,DOGEUSDT,BUY,13830,1773068400000,2026-03-09 15:00:00,13831,1773069300000,2026-03-09 15:15:00,0.0915,13985,1773208800000,2026-03-11 06:00:00,0.0916,155,0.1004,0.0901,9.724,1.562,0.087,win
73,DOGEUSDT,SELL,13985,1773207900000,2026-03-11 05:45:00,13986,1773208800000,2026-03-11 06:00:00,0.0916,14107,1773318600000,2026-03-12 12:30:00,0.0956,122,0.0911,0.0958,0.611,4.574,-4.388,lose
74,DOGEUSDT,BUY,14107,1773317700000,2026-03-12 12:15:00,14108,1773318600000,2026-03-12 12:30:00,0.0956,14267,1773462600000,2026-03-14 04:30:00,0.0959,160,0.102,0.0931,6.651,2.667,0.324,win
75,DOGEUSDT,SELL,14267,1773461700000,2026-03-14 04:15:00,14268,1773462600000,2026-03-14 04:30:00,0.0959,14363,1773549000000,2026-03-15 04:30:00,0.0958,96,0.0939,0.0974,2.085,1.511,0.125,win
76,DOGEUSDT,BUY,14363,1773548100000,2026-03-15 04:15:00,14364,1773549000000,2026-03-15 04:30:00,0.0958,14680,1773834300000,2026-03-18 11:45:00,0.097,317,0.1045,0.0944,9.006,1.482,1.284,win
77,DOGEUSDT,SELL,14680,1773833400000,2026-03-18 11:30:00,14681,1773834300000,2026-03-18 11:45:00,0.097,15169,1774274400000,2026-03-23 14:00:00,0.0942,489,0.0891,0.0971,8.223,0.052,2.937,win
78,DOGEUSDT,BUY,15169,1774273500000,2026-03-23 13:45:00,15170,1774274400000,2026-03-23 14:00:00,0.0942,15420,1774500300000,2026-03-26 04:45:00,0.0944,251,0.0979,0.0924,3.981,1.953,0.17,win
79,DOGEUSDT,SELL,15420,1774499400000,2026-03-26 04:30:00,15421,1774500300000,2026-03-26 04:45:00,0.0944,15650,1774707300000,2026-03-28 14:15:00,0.093,230,0.0892,0.0945,5.49,0.117,1.484,win
80,DOGEUSDT,BUY,15650,1774706400000,2026-03-28 14:00:00,15651,1774707300000,2026-03-28 14:15:00,0.093,15715,1774765800000,2026-03-29 06:30:00,0.091,65,0.0953,0.0903,2.539,2.851,-2.13,win
81,DOGEUSDT,SELL,15715,1774764900000,2026-03-29 06:15:00,15716,1774765800000,2026-03-29 06:30:00,0.091,15805,1774846800000,2026-03-30 05:00:00,0.0929,90,0.0879,0.0931,3.429,2.308,-2.11,win
82,DOGEUSDT,BUY,15805,1774845900000,2026-03-30 04:45:00,15806,1774846800000,2026-03-30 05:00:00,0.0929,15920,1774950300000,2026-03-31 09:45:00,0.09,115,0.0939,0.0897,1.087,3.412,-3.154,lose
83,DOGEUSDT,SELL,15920,1774949400000,2026-03-31 09:30:00,15921,1774950300000,2026-03-31 09:45:00,0.09,16001,1775023200000,2026-04-01 06:00:00,0.0932,81,0.0893,0.0933,0.756,3.69,-3.557,lose
84,DOGEUSDT,BUY,16001,1775022300000,2026-04-01 05:45:00,16002,1775023200000,2026-04-01 06:00:00,0.0932,16085,1775098800000,2026-04-02 03:00:00,0.0901,84,0.0945,0.0897,1.427,3.714,-3.338,lose
85,DOGEUSDT,SELL,16085,1775097900000,2026-04-02 02:45:00,16086,1775098800000,2026-04-02 03:00:00,0.0901,16237,1775235600000,2026-04-03 17:00:00,0.092,152,0.0889,0.0922,1.277,2.41,-2.121,lose
86,DOGEUSDT,BUY,16237,1775234700000,2026-04-03 16:45:00,16238,1775235600000,2026-04-03 17:00:00,0.092,16385,1775368800000,2026-04-05 06:00:00,0.0907,148,0.0931,0.0905,1.229,1.598,-1.424,lose
87,DOGEUSDT,SELL,16385,1775367900000,2026-04-05 05:45:00,16386,1775368800000,2026-04-05 06:00:00,0.0907,16459,1775435400000,2026-04-06 00:30:00,0.0931,74,0.0896,0.0934,1.147,3.0,-2.724,lose
88,DOGEUSDT,BUY,16459,1775434500000,2026-04-06 00:15:00,16460,1775435400000,2026-04-06 00:30:00,0.0931,16551,1775518200000,2026-04-06 23:30:00,0.0902,92,0.0936,0.0898,0.505,3.533,-3.135,lose
89,DOGEUSDT,SELL,16551,1775517300000,2026-04-06 23:15:00,16552,1775518200000,2026-04-06 23:30:00,0.0902,16642,1775600100000,2026-04-07 22:15:00,0.0934,91,0.09,0.0935,0.233,3.603,-3.492,lose
90,DOGEUSDT,BUY,16642,1775599200000,2026-04-07 22:00:00,16643,1775600100000,2026-04-07 22:15:00,0.0934,16752,1775699100000,2026-04-09 01:45:00,0.0914,110,0.096,0.091,2.849,2.496,-2.142,win
91,DOGEUSDT,SELL,16752,1775698200000,2026-04-09 01:30:00,16753,1775699100000,2026-04-09 01:45:00,0.0914,16826,1775765700000,2026-04-09 20:15:00,0.0939,74,0.0909,0.094,0.547,2.835,-2.725,lose
92,DOGEUSDT,BUY,16826,1775764800000,2026-04-09 20:00:00,16827,1775765700000,2026-04-09 20:15:00,0.0939,17041,1775959200000,2026-04-12 02:00:00,0.091,215,0.0953,0.0905,1.513,3.57,-3.026,lose
93,DOGEUSDT,SELL,17041,1775958300000,2026-04-12 01:45:00,17042,1775959200000,2026-04-12 02:00:00,0.091,17209,1776110400000,2026-04-13 20:00:00,0.093,168,0.0902,0.0932,0.857,2.439,-2.231,lose
94,DOGEUSDT,BUY,17209,1776109500000,2026-04-13 19:45:00,17210,1776110400000,2026-04-13 20:00:00,0.093,17648,1776505500000,2026-04-18 09:45:00,0.0971,439,0.1022,0.0923,9.802,0.763,4.364,win
95,DOGEUSDT,SELL,17648,1776504600000,2026-04-18 09:30:00,17649,1776505500000,2026-04-18 09:45:00,0.0971,17890,1776723300000,2026-04-20 22:15:00,0.0958,242,0.0925,0.0972,4.779,0.082,1.298,win
96,DOGEUSDT,BUY,17890,1776722400000,2026-04-20 22:00:00,17891,1776723300000,2026-04-20 22:15:00,0.0958,18537,1777305600000,2026-04-27 16:00:00,0.0972,647,0.1008,0.0935,5.217,2.442,1.377,win
97,DOGEUSDT,SELL,18537,1777304700000,2026-04-27 15:45:00,18538,1777305600000,2026-04-27 16:00:00,0.0972,18587,1777350600000,2026-04-28 04:30:00,0.0996,50,0.097,0.101,0.154,3.942,-2.532,lose
98,DOGEUSDT,BUY,18587,1777349700000,2026-04-28 04:15:00,18588,1777350600000,2026-04-28 04:30:00,0.0996,18738,1777486500000,2026-04-29 18:15:00,0.1018,151,0.112,0.098,12.427,1.616,2.218,win
99,DOGEUSDT,SELL,18738,1777485600000,2026-04-29 18:00:00,18739,1777486500000,2026-04-29 18:15:00,0.1018,18770,1777515300000,2026-04-30 02:15:00,0.107,32,0.1009,0.1084,0.913,6.403,-5.028,lose
100,DOGEUSDT,BUY,18770,1777514400000,2026-04-30 02:00:00,18771,1777515300000,2026-04-30 02:15:00,0.107,19433,1778112000000,2026-05-07 00:00:00,0.1124,663,0.1172,0.1043,9.612,2.506,5.086,win
101,DOGEUSDT,SELL,19433,1778111100000,2026-05-06 23:45:00,19434,1778112000000,2026-05-07 00:00:00,0.1124,19620,1778280300000,2026-05-08 22:45:00,0.1094,187,0.1055,0.1124,6.113,0.053,2.625,win
102,DOGEUSDT,BUY,19620,1778279400000,2026-05-08 22:30:00,19621,1778280300000,2026-05-08 22:45:00,0.1094,19736,1778384700000,2026-05-10 03:45:00,0.1084,116,0.1113,0.1077,1.69,1.599,-0.914,lose
103,DOGEUSDT,SELL,19736,1778383800000,2026-05-10 03:30:00,19737,1778384700000,2026-05-10 03:45:00,0.1084,19793,1778436000000,2026-05-10 18:00:00,0.1109,57,0.1078,0.1111,0.59,2.471,-2.241,lose
104,DOGEUSDT,BUY,19793,1778435100000,2026-05-10 17:45:00,19794,1778436000000,2026-05-10 18:00:00,0.1109,20265,1778860800000,2026-05-15 16:00:00,0.1115,472,0.1186,0.1062,6.963,4.212,0.577,win
105,DOGEUSDT,SELL,20265,1778859900000,2026-05-15 15:45:00,20266,1778860800000,2026-05-15 16:00:00,0.1115,20436,1779014700000,2026-05-17 10:45:00,0.1117,171,0.1076,0.1138,3.471,2.027,-0.161,win
106,DOGEUSDT,BUY,20436,1779013800000,2026-05-17 10:30:00,20437,1779014700000,2026-05-17 10:45:00,0.1117,20492,1779065100000,2026-05-18 00:45:00,0.1067,56,0.1128,0.105,0.976,5.981,-4.468,lose
107,DOGEUSDT,SELL,20492,1779064200000,2026-05-18 00:30:00,20493,1779065100000,2026-05-18 00:45:00,0.1067,20791,1779334200000,2026-05-21 03:30:00,0.1057,299,0.1018,0.1071,4.583,0.422,0.909,win
108,DOGEUSDT,BUY,20791,1779333300000,2026-05-21 03:15:00,20792,1779334200000,2026-05-21 03:30:00,0.1057,20957,1779483600000,2026-05-22 21:00:00,0.1039,166,0.1067,0.1026,0.955,2.923,-1.702,lose
109,DOGEUSDT,SELL,20957,1779482700000,2026-05-22 20:45:00,20958,1779483600000,2026-05-22 21:00:00,0.1039,21052,1779569100000,2026-05-23 20:45:00,0.1042,95,0.0972,0.1045,6.524,0.52,-0.221,win
110,DOGEUSDT,BUY,21052,1779568200000,2026-05-23 20:30:00,21053,1779569100000,2026-05-23 20:45:00,0.1042,21263,1779759000000,2026-05-26 01:30:00,0.1009,211,0.105,0.1005,0.826,3.514,-3.101,lose
111,DOGEUSDT,SELL,21263,1779758100000,2026-05-26 01:15:00,21264,1779759000000,2026-05-26 01:30:00,0.1009,21647,1780104600000,2026-05-30 01:30:00,0.1004,384,0.0964,0.1038,4.488,2.863,0.515,win
112,DOGEUSDT,BUY,21647,1780103700000,2026-05-30 01:15:00,21648,1780104600000,2026-05-30 01:30:00,0.1004,21804,1780245900000,2026-05-31 16:45:00,0.0993,157,0.1018,0.0989,1.354,1.454,-1.096,lose
113,DOGEUSDT,SELL,21804,1780245000000,2026-05-31 16:30:00,21805,1780245900000,2026-05-31 16:45:00,0.0993,22426,1780805700000,2026-06-07 04:15:00,0.0832,622,0.0776,0.1015,21.851,2.245,16.222,win
114,DOGEUSDT,BUY,22426,1780804800000,2026-06-07 04:00:00,22427,1780805700000,2026-06-07 04:15:00,0.0832,22700,1781052300000,2026-06-10 00:45:00,0.0843,274,0.0875,0.0829,5.216,0.349,1.274,win
115,DOGEUSDT,SELL,22700,1781051400000,2026-06-10 00:30:00,22701,1781052300000,2026-06-10 00:45:00,0.0843,22835,1781173800000,2026-06-11 10:30:00,0.085,135,0.0818,0.0855,2.955,1.424,-0.878,win
116,DOGEUSDT,BUY,22835,1781172900000,2026-06-11 10:15:00,22836,1781173800000,2026-06-11 10:30:00,0.085,23010,1781331300000,2026-06-13 06:15:00,0.0861,175,0.0925,0.0842,8.776,0.988,1.294,win
117,DOGEUSDT,SELL,23010,1781330400000,2026-06-13 06:00:00,23011,1781331300000,2026-06-13 06:15:00,0.0861,23036,1781354700000,2026-06-13 12:45:00,0.0882,26,0.086,0.0882,0.07,2.485,-2.393,lose
118,DOGEUSDT,BUY,23036,1781353800000,2026-06-13 12:30:00,23037,1781354700000,2026-06-13 12:45:00,0.0882,23138,1781446500000,2026-06-14 14:15:00,0.0864,102,0.0888,0.0861,0.715,2.303,-2.03,lose
119,DOGEUSDT,SELL,23138,1781445600000,2026-06-14 14:00:00,23139,1781446500000,2026-06-14 14:15:00,0.0864,23173,1781478000000,2026-06-14 23:00:00,0.0883,35,0.0856,0.0891,0.857,3.138,-2.292,lose
120,DOGEUSDT,BUY,23173,1781477100000,2026-06-14 22:45:00,23174,1781478000000,2026-06-14 23:00:00,0.0883,23290,1781583300000,2026-06-16 04:15:00,0.0873,117,0.0909,0.0867,2.864,1.834,-1.211,win
121,DOGEUSDT,SELL,23290,1781582400000,2026-06-16 04:00:00,23291,1781583300000,2026-06-16 04:15:00,0.0873,23687,1781940600000,2026-06-20 07:30:00,0.0842,397,0.0818,0.0891,6.302,2.028,3.506,win
122,DOGEUSDT,BUY,23687,1781939700000,2026-06-20 07:15:00,23688,1781940600000,2026-06-20 07:30:00,0.0842,23846,1782083700000,2026-06-21 23:15:00,0.0825,159,0.0843,0.0822,0.047,2.387,-2.078,lose
123,DOGEUSDT,SELL,23846,1782082800000,2026-06-21 23:00:00,23847,1782083700000,2026-06-21 23:15:00,0.0825,23903,1782135000000,2026-06-22 13:30:00,0.0844,57,0.0821,0.0846,0.473,2.607,-2.328,lose
124,DOGEUSDT,BUY,23903,1782134100000,2026-06-22 13:15:00,23904,1782135000000,2026-06-22 13:30:00,0.0844,23940,1782168300000,2026-06-22 22:45:00,0.082,37,0.085,0.0818,0.77,3.069,-2.797,lose
125,DOGEUSDT,SELL,23940,1782167400000,2026-06-22 22:30:00,23941,1782168300000,2026-06-22 22:45:00,0.082,24169,1782374400000,2026-06-25 08:00:00,0.0773,229,0.0728,0.0827,11.301,0.78,5.742,win
126,DOGEUSDT,BUY,24169,1782373500000,2026-06-25 07:45:00,24170,1782374400000,2026-06-25 08:00:00,0.0773,24193,1782396000000,2026-06-25 14:00:00,0.0717,24,0.0773,0.0714,0.026,7.656,-7.268,lose
127,DOGEUSDT,SELL,24193,1782395100000,2026-06-25 13:45:00,24194,1782396000000,2026-06-25 14:00:00,0.0717,24341,1782529200000,2026-06-27 03:00:00,0.0759,148,0.0717,0.0761,0.014,6.151,-5.816,lose
128,DOGEUSDT,BUY,24341,1782528300000,2026-06-27 02:45:00,24342,1782529200000,2026-06-27 03:00:00,0.0759,24417,1782597600000,2026-06-27 22:00:00,0.0746,76,0.0764,0.0743,0.712,2.003,-1.74,lose
129,DOGEUSDT,SELL,24417,1782596700000,2026-06-27 21:45:00,24418,1782597600000,2026-06-27 22:00:00,0.0746,24777,1782921600000,2026-07-01 16:00:00,0.0733,360,0.0695,0.0749,6.828,0.416,1.636,win
130,DOGEUSDT,BUY,24777,1782920700000,2026-07-01 15:45:00,24778,1782921600000,2026-07-01 16:00:00,0.0733,25109,1783220400000,2026-07-05 03:00:00,0.0758,332,0.0794,0.0716,8.223,2.318,3.409,win
131,DOGEUSDT,SELL,25109,1783219500000,2026-07-05 02:45:00,25110,1783220400000,2026-07-05 03:00:00,0.0758,25187,1783290600000,2026-07-05 22:30:00,0.0785,78,0.0753,0.0785,0.738,3.574,-3.481,lose
132,DOGEUSDT,BUY,25187,1783289700000,2026-07-05 22:15:00,25188,1783290600000,2026-07-05 22:30:00,0.0785,25248,1783345500000,2026-07-06 13:45:00,0.0749,61,0.0788,0.0743,0.421,5.289,-4.499,lose
133,DOGEUSDT,SELL,25248,1783344600000,2026-07-06 13:30:00,25249,1783345500000,2026-07-06 13:45:00,0.0749,25585,1783648800000,2026-07-10 02:00:00,0.0738,337,0.0709,0.0783,5.324,4.524,1.495,win
134,DOGEUSDT,BUY,25585,1783647900000,2026-07-10 01:45:00,25586,1783648800000,2026-07-10 02:00:00,0.0738,25770,1783815300000,2026-07-12 00:15:00,0.0727,185,0.0756,0.0726,2.384,1.612,-1.531,win
135,DOGEUSDT,SELL,25770,1783814400000,2026-07-12 00:00:00,25771,1783815300000,2026-07-12 00:15:00,0.0727,26016,1784036700000,2026-07-14 13:45:00,0.0739,246,0.0709,0.0742,2.518,2.036,-1.637,win
136,DOGEUSDT,BUY,26016,1784035800000,2026-07-14 13:30:00,26017,1784036700000,2026-07-14 13:45:00,0.0739,26199,1784201400000,2026-07-16 11:30:00,0.0731,183,0.0754,0.0726,2.003,1.76,-1.056,win
137,DOGEUSDT,SELL,26199,1784200500000,2026-07-16 11:15:00,26200,1784201400000,2026-07-16 11:30:00,0.0731,26662,1784618100000,2026-07-21 07:15:00,0.0732,463,0.0709,0.0739,3.01,1.149,-0.068,win
138,DOGEUSDT,BUY,26662,1784617200000,2026-07-21 07:00:00,26663,1784618100000,2026-07-21 07:15:00,0.0732,26763,1784709000000,2026-07-22 08:30:00,0.0724,101,0.0739,0.0721,0.984,1.504,-1.025,lose
139,DOGEUSDT,SELL,26763,1784708100000,2026-07-22 08:15:00,26764,1784709000000,2026-07-22 08:30:00,0.0724,27078,1784992500000,2026-07-25 15:15:00,0.0707,315,0.068,0.0735,6.008,1.519,2.293,win
140,DOGEUSDT,BUY,27078,1784991600000,2026-07-25 15:00:00,27079,1784992500000,2026-07-25 15:15:00,0.0707,27284,1785177900000,2026-07-27 18:45:00,0.0717,206,0.0741,0.0706,4.693,0.198,1.329,win
141,DOGEUSDT,SELL,27284,1785177000000,2026-07-27 18:30:00,27285,1785177900000,2026-07-27 18:45:00,0.0717,27803,1785645000000,2026-08-02 04:30:00,0.0701,519,0.0676,0.0722,5.692,0.698,2.218,win
142,DOGEUSDT,BUY,27803,1785644100000,2026-08-02 04:15:00,27804,1785645000000,2026-08-02 04:30:00,0.0701,27915,1785745800000,2026-08-03 08:30:00,0.069,112,0.0714,0.0689,1.94,1.669,-1.527,lose
143,DOGEUSDT,SELL,27915,1785744900000,2026-08-03 08:15:00,27916,1785745800000,2026-08-03 08:30:00,0.069,27995,1785817800000,2026-08-04 04:30:00,0.0703,80,0.069,0.0707,0.072,2.362,-1.898,lose
144,DOGEUSDT,BUY,27995,1785816900000,2026-08-04 04:15:00,27996,1785817800000,2026-08-04 04:30:00,0.0703,28186,1785989700000,2026-08-06 04:15:00,0.0696,191,0.0707,0.0692,0.498,1.564,-1.01,lose
145,DOGEUSDT,SELL,28186,1785988800000,2026-08-06 04:00:00,28187,1785989700000,2026-08-06 04:15:00,0.0696,28320,1786110300000,2026-08-07 13:45:00,0.0701,134,0.0682,0.0703,2.083,0.977,-0.747,win
146,DOGEUSDT,BUY,28320,1786109400000,2026-08-07 13:30:00,28321,1786110300000,2026-08-07 13:45:00,0.0701,28470,1786245300000,2026-08-09 03:15:00,0.0698,150,0.0716,0.0694,2.053,1.098,-0.428,win
147,DOGEUSDT,SELL,28470,1786244400000,2026-08-09 03:00:00,28471,1786245300000,2026-08-09 03:15:00,0.0698,28546,1786313700000,2026-08-09 22:15:00,0.0709,76,0.0698,0.0709,0.014,1.575,-1.518,lose
148,DOGEUSDT,BUY,28546,1786312800000,2026-08-09 22:00:00,28547,1786313700000,2026-08-09 22:15:00,0.0709,28560,1786326300000,2026-08-10 01:45:00,0.0697,14,0.0709,0.069,0.071,2.652,-1.707,lose
149,DOGEUSDT,SELL,28560,1786325400000,2026-08-10 01:30:00,28561,1786326300000,2026-08-10 01:45:00,0.0697,28702,1786454100000,2026-08-11 13:15:00,0.0708,142,0.0694,0.0708,0.474,1.665,-1.578,lose
150,DOGEUSDT,BUY,28702,1786453200000,2026-08-11 13:00:00,28703,1786454100000,2026-08-11 13:15:00,0.0708,28807,1786548600000,2026-08-12 15:30:00,0.0708,105,0.0732,0.0699,3.348,1.285,0.085,win
151,DOGEUSDT,SELL,28807,1786547700000,2026-08-12 15:15:00,28808,1786548600000,2026-08-12 15:30:00,0.0708,29247,1786944600000,2026-08-17 05:30:00,0.0702,440,0.0688,0.0709,2.908,0.127,0.974,win
152,DOGEUSDT,BUY,29247,1786943700000,2026-08-17 05:15:00,29248,1786944600000,2026-08-17 05:30:00,0.0702,29977,1787601600000,2026-08-24 20:00:00,0.0891,730,0.1011,0.0696,44.028,0.869,26.938,win
153,DOGEUSDT,SELL,29977,1787600700000,2026-08-24 19:45:00,29978,1787601600000,2026-08-24 20:00:00,0.0891,29999,1787620500000,2026-08-25 01:15:00,0.0909,22,0.0886,0.0918,0.505,3.054,-2.032,lose
1,ETHUSDT,SELL,19,1760638500000,2025-10-16 18:15:00,20,1760639400000,2025-10-16 18:30:00,3887.38,210,1760811300000,2025-10-18 18:15:00,3884.95,191,3671.0,3948.06,5.566,1.561,0.063,win
2,ETHUSDT,BUY,210,1760810400000,2025-10-18 18:00:00,211,1760811300000,2025-10-18 18:15:00,3884.95,404,1760985900000,2025-10-20 18:45:00,3961.61,194,4085.0,3810.0,5.149,1.929,1.973,win
3,ETHUSDT,SELL,404,1760985000000,2025-10-20 18:30:00,405,1760985900000,2025-10-20 18:45:00,3961.61,489,1761062400000,2025-10-21 16:00:00,4080.41,85,3838.21,4083.78,3.115,3.084,-2.999,win
4,ETHUSDT,BUY,489,1761061500000,2025-10-21 15:45:00,490,1761062400000,2025-10-21 16:00:00,4080.41,529,1761098400000,2025-10-22 02:00:00,3867.95,40,4108.41,3815.37,0.686,6.495,-5.207,lose
5,ETHUSDT,SELL,529,1761097500000,2025-10-22 01:45:00,530,1761098400000,2025-10-22 02:00:00,3867.95,657,1761213600000,2025-10-23 10:00:00,3888.88,128,3706.31,3905.47,4.179,0.97,-0.541,win
6,ETHUSDT,BUY,657,1761212700000,2025-10-23 09:45:00,658,1761213600000,2025-10-23 10:00:00,3888.88,1110,1761621300000,2025-10-28 03:15:00,4069.17,453,4253.0,3807.01,9.363,2.105,4.636,win
7,ETHUSDT,SELL,1110,1761620400000,2025-10-28 03:00:00,1111,1761621300000,2025-10-28 03:15:00,4069.17,1479,1761953400000,2025-10-31 23:30:00,3853.87,369,3677.7,4174.08,9.62,2.578,5.291,win
8,ETHUSDT,BUY,1479,1761952500000,2025-10-31 23:15:00,1480,1761953400000,2025-10-31 23:30:00,3853.87,1685,1762138800000,2025-11-03 03:00:00,3797.4,206,3917.0,3780.0,1.638,1.917,-1.465,lose
9,ETHUSDT,SELL,1685,1762137900000,2025-11-03 02:45:00,1686,1762138800000,2025-11-03 03:00:00,3797.4,1937,1762365600000,2025-11-05 18:00:00,3433.78,252,3055.0,3805.0,19.55,0.2,9.575,win
10,ETHUSDT,BUY,1937,1762364700000,2025-11-05 17:45:00,1938,1762365600000,2025-11-05 18:00:00,3433.78,2028,1762447500000,2025-11-06 16:45:00,3259.71,91,3479.0,3248.3,1.317,5.402,-5.069,lose
11,ETHUSDT,SELL,2028,1762446600000,2025-11-06 16:30:00,2029,1762447500000,2025-11-06 16:45:00,3259.71,2135,1762543800000,2025-11-07 19:30:00,3426.63,107,3192.92,3438.5,2.049,5.485,-5.121,win
12,ETHUSDT,BUY,2135,1762542900000,2025-11-07 19:15:00,2136,1762543800000,2025-11-07 19:30:00,3426.63,2269,1762664400000,2025-11-09 05:00:00,3373.08,134,3490.0,3353.31,1.849,2.14,-1.563,lose
13,ETHUSDT,SELL,2269,1762663500000,2025-11-09 04:45:00,2270,1762664400000,2025-11-09 05:00:00,3373.08,2307,1762698600000,2025-11-09 14:30:00,3553.74,38,3371.0,3553.75,0.062,5.356,-5.356,lose
14,ETHUSDT,BUY,2307,1762697700000,2025-11-09 14:15:00,2308,1762698600000,2025-11-09 14:30:00,3553.74,2503,1762875000000,2025-11-11 15:30:00,3485.46,196,3658.0,3483.71,2.934,1.971,-1.921,win
15,ETHUSDT,SELL,2503,1762874100000,2025-11-11 15:15:00,2504,1762875000000,2025-11-11 15:30:00,3485.46,2585,1762948800000,2025-11-12 12:00:00,3548.24,82,3403.02,3569.0,2.365,2.397,-1.801,win
16,ETHUSDT,BUY,2585,1762947900000,2025-11-12 11:45:00,2586,1762948800000,2025-11-12 12:00:00,3548.24,2606,1762967700000,2025-11-12 17:15:00,3400.98,21,3587.24,3370.0,1.099,5.023,-4.15,lose
17,ETHUSDT,SELL,2606,1762966800000,2025-11-12 17:00:00,2607,1762967700000,2025-11-12 17:15:00,3400.98,2665,1763020800000,2025-11-13 08:00:00,3537.16,59,3370.8,3565.0,0.887,4.823,-4.004,lose
18,ETHUSDT,BUY,2665,1763019900000,2025-11-13 07:45:00,2666,1763020800000,2025-11-13 08:00:00,3537.16,2699,1763051400000,2025-11-13 16:30:00,3366.66,34,3549.0,3353.08,0.335,5.204,-4.82,lose
19,ETHUSDT,SELL,2699,1763050500000,2025-11-13 16:15:00,2700,1763051400000,2025-11-13 16:30:00,3366.66,3188,1763491500000,2025-11-18 18:45:00,3157.0,489,2943.31,3388.19,12.575,0.64,6.228,win
20,ETHUSDT,BUY,3188,1763490600000,2025-11-18 18:30:00,3189,1763491500000,2025-11-18 18:45:00,3157.0,3235,1763533800000,2025-11-19 06:30:00,3030.15,47,3169.28,2990.15,0.389,5.285,-4.018,lose
21,ETHUSDT,SELL,3235,1763532900000,2025-11-19 06:15:00,3236,1763533800000,2025-11-19 06:30:00,3030.15,3603,1763865000000,2025-11-23 02:30:00,2816.7,368,2620.0,3112.96,13.536,2.733,7.044,win
22,ETHUSDT,BUY,3603,1763864100000,2025-11-23 02:15:00,3604,1763865000000,2025-11-23 02:30:00,2816.7,4218,1764418500000,2025-11-29 12:15:00,2993.33,615,3099.0,2761.38,10.022,1.964,6.271,win
23,ETHUSDT,SELL,4218,1764417600000,2025-11-29 12:00:00,4219,1764418500000,2025-11-29 12:15:00,2993.33,4325,1764514800000,2025-11-30 15:00:00,3036.64,107,2960.01,3052.21,1.113,1.967,-1.447,lose
24,ETHUSDT,BUY,4325,1764513900000,2025-11-30 14:45:00,4326,1764514800000,2025-11-30 15:00:00,3036.64,4363,1764549000000,2025-12-01 00:30:00,2891.77,38,3048.44,2877.77,0.389,5.232,-4.771,lose
25,ETHUSDT,SELL,4363,1764548100000,2025-12-01 00:15:00,4364,1764549000000,2025-12-01 00:30:00,2891.77,4516,1764686700000,2025-12-02 14:45:00,2885.99,153,2718.07,2894.97,6.007,0.111,0.2,win
26,ETHUSDT,BUY,4516,1764685800000,2025-12-02 14:30:00,4517,1764686700000,2025-12-02 14:45:00,2885.99,4805,1764946800000,2025-12-05 15:00:00,3102.42,289,3239.27,2882.29,12.241,0.128,7.499,win
27,ETHUSDT,SELL,4805,1764945900000,2025-12-05 14:45:00,4806,1764946800000,2025-12-05 15:00:00,3102.42,5014,1765134900000,2025-12-07 19:15:00,3129.02,209,2903.75,3157.0,6.404,1.759,-0.857,win
28,ETHUSDT,BUY,5014,1765134000000,2025-12-07 19:00:00,5015,1765134900000,2025-12-07 19:15:00,3129.02,5333,1765422000000,2025-12-11 03:00:00,3209.79,319,3446.12,3010.0,10.134,3.804,2.581,win
29,ETHUSDT,SELL,5333,1765421100000,2025-12-11 02:45:00,5334,1765422000000,2025-12-11 03:00:00,3209.79,5751,1765798200000,2025-12-15 11:30:00,3158.6,418,3022.51,3272.43,5.835,1.952,1.595,win
30,ETHUSDT,BUY,5751,1765797300000,2025-12-15 11:15:00,5752,1765798200000,2025-12-15 11:30:00,3158.6,5768,1765813500000,2025-12-15 15:45:00,3011.82,17,3159.01,2985.0,0.013,5.496,-4.647,lose
31,ETHUSDT,SELL,5768,1765812600000,2025-12-15 15:30:00,5769,1765813500000,2025-12-15 15:45:00,3011.82,6050,1766067300000,2025-12-18 14:15:00,2934.57,282,2789.52,3030.0,7.381,0.604,2.565,win
32,ETHUSDT,BUY,6050,1766066400000,2025-12-18 14:00:00,6051,1766067300000,2025-12-18 14:15:00,2934.57,6468,1766443500000,2025-12-22 22:45:00,2992.43,418,3077.99,2772.97,4.887,5.507,1.972,win
33,ETHUSDT,SELL,6468,1766442600000,2025-12-22 22:30:00,6469,1766443500000,2025-12-22 22:45:00,2992.43,6788,1766731500000,2025-12-26 06:45:00,2979.08,320,2886.75,3035.0,3.532,1.423,0.446,win
34,ETHUSDT,BUY,6788,1766730600000,2025-12-26 06:30:00,6789,1766731500000,2025-12-26 06:45:00,2979.08,6829,1766768400000,2025-12-26 17:00:00,2908.36,41,2992.88,2893.0,0.463,2.889,-2.374,lose
35,ETHUSDT,SELL,6829,1766767500000,2025-12-26 16:45:00,6830,1766768400000,2025-12-26 17:00:00,2908.36,6997,1766919600000,2025-12-28 11:00:00,2941.99,168,2906.18,2959.84,0.075,1.77,-1.156,lose
36,ETHUSDT,BUY,6997,1766918700000,2025-12-28 10:45:00,6998,1766919600000,2025-12-28 11:00:00,2941.99,7098,1767010500000,2025-12-29 12:15:00,2918.77,101,3056.0,2911.65,3.875,1.031,-0.789,win
37,ETHUSDT,SELL,7098,1767009600000,2025-12-29 12:00:00,7099,1767010500000,2025-12-29 12:15:00,2918.77,7211,1767112200000,2025-12-30 16:30:00,2990.5,113,2908.58,3008.67,0.349,3.08,-2.458,lose
38,ETHUSDT,BUY,7211,1767111300000,2025-12-30 16:15:00,7212,1767112200000,2025-12-30 16:30:00,2990.5,7963,1767789000000,2026-01-07 12:30:00,3214.4,752,3308.0,2941.27,10.617,1.646,7.487,win
39,ETHUSDT,SELL,7963,1767788100000,2026-01-07 12:15:00,7964,1767789000000,2026-01-07 12:30:00,3214.4,8350,1768137300000,2026-01-11 13:15:00,3113.84,387,3052.43,3228.0,5.039,0.423,3.128,win
40,ETHUSDT,BUY,8350,1768136400000,2026-01-11 13:00:00,8351,1768137300000,2026-01-11 13:15:00,3113.84,8501,1768273200000,2026-01-13 03:00:00,3100.13,151,3170.88,3061.35,1.832,1.686,-0.44,lose
41,ETHUSDT,SELL,8501,1768272300000,2026-01-13 02:45:00,8502,1768273200000,2026-01-13 03:00:00,3100.13,8553,1768320000000,2026-01-13 16:00:00,3183.11,52,3099.82,3188.08,0.01,2.837,-2.677,lose
42,ETHUSDT,BUY,8553,1768319100000,2026-01-13 15:45:00,8554,1768320000000,2026-01-13 16:00:00,3183.11,8795,1768537800000,2026-01-16 04:30:00,3296.49,242,3403.77,3170.23,6.932,0.405,3.562,win
43,ETHUSDT,SELL,8795,1768536900000,2026-01-16 04:15:00,8796,1768537800000,2026-01-16 04:30:00,3296.49,8936,1768664700000,2026-01-17 15:45:00,3327.08,141,3251.42,3327.75,1.367,0.948,-0.928,lose
44,ETHUSDT,BUY,8936,1768663800000,2026-01-17 15:30:00,8937,1768664700000,2026-01-17 15:45:00,3327.08,9067,1768782600000,2026-01-19 00:30:00,3202.7,131,3367.98,3175.0,1.229,4.571,-3.738,lose
45,ETHUSDT,SELL,9067,1768781700000,2026-01-19 00:15:00,9068,1768782600000,2026-01-19 00:30:00,3202.7,9798,1769440500000,2026-01-26 15:15:00,2943.77,731,2784.15,3234.71,13.069,0.999,8.085,win
46,ETHUSDT,BUY,9798,1769439600000,2026-01-26 15:00:00,9799,1769440500000,2026-01-26 15:15:00,2943.77,10052,1769669100000,2026-01-29 06:45:00,2955.33,254,3045.0,2884.93,3.439,1.999,0.393,win
47,ETHUSDT,SELL,10052,1769668200000,2026-01-29 06:30:00,10053,1769669100000,2026-01-29 06:45:00,2955.33,10862,1770398100000,2026-02-06 17:15:00,2041.4,810,1736.02,2969.0,41.258,0.463,30.925,win
48,ETHUSDT,BUY,10862,1770397200000,2026-02-06 17:00:00,10863,1770398100000,2026-02-06 17:15:00,2041.4,11123,1770633000000,2026-02-09 10:30:00,2026.98,261,2152.0,1993.34,5.418,2.354,-0.706,win
49,ETHUSDT,SELL,11123,1770632100000,2026-02-09 10:15:00,11124,1770633000000,2026-02-09 10:30:00,2026.98,11158,1770664500000,2026-02-09 19:15:00,2124.85,35,2008.0,2142.82,0.936,5.715,-4.828,lose
50,ETHUSDT,BUY,11158,1770663600000,2026-02-09 19:00:00,11159,1770664500000,2026-02-09 19:15:00,2124.85,11206,1770707700000,2026-02-10 07:15:00,2010.18,48,2148.0,1996.06,1.089,6.061,-5.397,lose
51,ETHUSDT,SELL,11206,1770706800000,2026-02-10 07:00:00,11207,1770707700000,2026-02-10 07:15:00,2010.18,11527,1770996600000,2026-02-13 15:30:00,2038.73,321,1893.77,2046.1,5.791,1.787,-1.42,win
52,ETHUSDT,BUY,11527,1770995700000,2026-02-13 15:15:00,11528,1770996600000,2026-02-13 15:30:00,2038.73,11713,1771164000000,2026-02-15 14:00:00,2001.2,186,2107.02,1992.0,3.35,2.292,-1.841,win
53,ETHUSDT,SELL,11713,1771163100000,2026-02-15 13:45:00,11714,1771164000000,2026-02-15 14:00:00,2001.2,11979,1771403400000,2026-02-18 08:30:00,2029.29,266,1926.83,2038.27,3.716,1.852,-1.404,win
54,ETHUSDT,BUY,11979,1771402500000,2026-02-18 08:15:00,11980,1771403400000,2026-02-18 08:30:00,2029.29,12021,1771441200000,2026-02-18 19:00:00,1951.37,42,2030.0,1946.9,0.035,4.06,-3.84,lose
55,ETHUSDT,SELL,12021,1771440300000,2026-02-18 18:45:00,12022,1771441200000,2026-02-18 19:00:00,1951.37,12277,1771671600000,2026-02-21 11:00:00,1973.29,256,1905.5,1986.91,2.351,1.821,-1.123,win
56,ETHUSDT,BUY,12277,1771670700000,2026-02-21 10:45:00,12278,1771671600000,2026-02-21 11:00:00,1973.29,12388,1771771500000,2026-02-22 14:45:00,1946.55,111,1996.64,1942.24,1.183,1.574,-1.355,lose
57,ETHUSDT,SELL,12388,1771770600000,2026-02-22 14:30:00,12389,1771771500000,2026-02-22 14:45:00,1946.55,12626,1771985700000,2026-02-25 02:15:00,1933.91,238,1796.0,1960.0,7.734,0.691,0.649,win
58,ETHUSDT,BUY,12626,1771984800000,2026-02-25 02:00:00,12627,1771985700000,2026-02-25 02:15:00,1933.91,12785,1772128800000,2026-02-26 18:00:00,1987.44,159,2149.95,1877.06,11.171,2.94,2.768,win
59,ETHUSDT,SELL,12785,1772127900000,2026-02-26 17:45:00,12786,1772128800000,2026-02-26 18:00:00,1987.44,12992,1772315100000,2026-02-28 21:45:00,1958.23,207,1834.06,2063.71,7.717,3.838,1.47,win
60,ETHUSDT,BUY,12992,1772314200000,2026-02-28 21:30:00,12993,1772315100000,2026-02-28 21:45:00,1958.23,13090,1772403300000,2026-03-01 22:15:00,1944.79,98,2054.67,1905.91,4.925,2.672,-0.686,win
61,ETHUSDT,SELL,13090,1772402400000,2026-03-01 22:00:00,13091,1772403300000,2026-03-01 22:15:00,1944.79,13162,1772468100000,2026-03-02 16:15:00,2069.37,72,1913.4,2076.28,1.614,6.761,-6.406,lose
62,ETHUSDT,BUY,13162,1772467200000,2026-03-02 16:00:00,13163,1772468100000,2026-03-02 16:15:00,2069.37,13234,1772532900000,2026-03-03 10:15:00,1946.35,72,2089.0,1938.01,0.949,6.348,-5.945,lose
63,ETHUSDT,SELL,13234,1772532000000,2026-03-03 10:00:00,13235,1772532900000,2026-03-03 10:15:00,1946.35,13327,1772616600000,2026-03-04 09:30:00,2075.44,93,1926.32,2080.0,1.029,6.867,-6.632,lose
64,ETHUSDT,BUY,13327,1772615700000,2026-03-04 09:15:00,13328,1772616600000,2026-03-04 09:30:00,2075.44,13483,1772757000000,2026-03-06 00:30:00,2071.8,156,2199.47,2035.2,5.976,1.939,-0.175,win
65,ETHUSDT,SELL,13483,1772756100000,2026-03-06 00:15:00,13484,1772757000000,2026-03-06 00:30:00,2071.8,13808,1773049500000,2026-03-09 09:45:00,2014.94,325,1906.63,2092.39,7.972,0.994,2.744,win
66,ETHUSDT,BUY,13808,1773048600000,2026-03-09 09:30:00,13809,1773049500000,2026-03-09 09:45:00,2014.94,14279,1773473400000,2026-03-14 07:30:00,2078.66,471,2209.49,1980.0,9.655,1.734,3.162,win
67,ETHUSDT,SELL,14279,1773472500000,2026-03-14 07:15:00,14280,1773473400000,2026-03-14 07:30:00,2078.66,14367,1773552600000,2026-03-15 05:30:00,2108.4,88,2060.09,2116.35,0.893,1.813,-1.431,lose
68,ETHUSDT,BUY,14367,1773551700000,2026-03-15 05:15:00,14368,1773552600000,2026-03-15 05:30:00,2108.4,14683,1773837000000,2026-03-18 12:30:00,2262.53,316,2385.78,2085.1,13.156,1.105,7.31,win
69,ETHUSDT,SELL,14683,1773836100000,2026-03-18 12:15:00,14684,1773837000000,2026-03-18 12:30:00,2262.53,15164,1774269900000,2026-03-23 12:45:00,2144.18,481,2021.58,2262.54,10.65,0.0,5.231,win
70,ETHUSDT,BUY,15164,1774269000000,2026-03-23 12:30:00,15165,1774269900000,2026-03-23 12:45:00,2144.18,15429,1774508400000,2026-03-26 07:00:00,2120.71,265,2200.11,2102.0,2.608,1.967,-1.095,win
71,ETHUSDT,SELL,15429,1774507500000,2026-03-26 06:45:00,15430,1774508400000,2026-03-26 07:00:00,2120.71,15656,1774712700000,2026-03-28 15:45:00,2027.21,227,1966.2,2126.24,7.286,0.261,4.409,win
72,ETHUSDT,BUY,15656,1774711800000,2026-03-28 15:30:00,15657,1774712700000,2026-03-28 15:45:00,2027.21,15733,1774782000000,2026-03-29 11:00:00,1994.88,77,2028.97,1988.16,0.087,1.926,-1.595,lose
73,ETHUSDT,SELL,15733,1774781100000,2026-03-29 10:45:00,15734,1774782000000,2026-03-29 11:00:00,1994.88,15803,1774845000000,2026-03-30 04:30:00,2046.0,70,1936.54,2051.84,2.924,2.855,-2.563,win
74,ETHUSDT,BUY,15803,1774844100000,2026-03-30 04:15:00,15804,1774845000000,2026-03-30 04:30:00,2046.0,16088,1775101500000,2026-04-02 03:45:00,2052.97,285,2167.2,2011.25,5.924,1.698,0.341,win
75,ETHUSDT,SELL,16088,1775100600000,2026-04-02 03:30:00,16089,1775101500000,2026-04-02 03:45:00,2052.97,16361,1775347200000,2026-04-05 00:00:00,2064.43,273,2015.55,2084.02,1.823,1.512,-0.558,lose
76,ETHUSDT,BUY,16361,1775346300000,2026-04-04 23:45:00,16362,1775347200000,2026-04-05 00:00:00,2064.43,16392,1775375100000,2026-04-05 07:45:00,2035.02,31,2064.6,2026.32,0.008,1.846,-1.425,lose
77,ETHUSDT,SELL,16392,1775374200000,2026-04-05 07:30:00,16393,1775375100000,2026-04-05 07:45:00,2035.02,16454,1775430900000,2026-04-05 23:15:00,2096.4,62,2020.61,2096.78,0.708,3.035,-3.016,lose
78,ETHUSDT,BUY,16454,1775430000000,2026-04-05 23:00:00,16455,1775430900000,2026-04-05 23:15:00,2096.4,16568,1775533500000,2026-04-07 03:45:00,2107.99,114,2174.41,2086.29,3.721,0.482,0.553,win
79,ETHUSDT,SELL,16568,1775532600000,2026-04-07 03:30:00,16569,1775533500000,2026-04-07 03:45:00,2107.99,16644,1775601900000,2026-04-07 22:45:00,2177.01,76,2058.01,2191.81,2.371,3.976,-3.274,win
80,ETHUSDT,BUY,16644,1775601000000,2026-04-07 22:30:00,16645,1775601900000,2026-04-07 22:45:00,2177.01,16777,1775721600000,2026-04-09 08:00:00,2179.97,133,2273.0,2160.0,4.409,0.781,0.136,win
81,ETHUSDT,SELL,16777,1775720700000,2026-04-09 07:45:00,16778,1775721600000,2026-04-09 08:00:00,2179.97,16897,1775829600000,2026-04-10 14:00:00,2221.64,120,2156.0,2246.15,1.1,3.036,-1.911,lose
82,ETHUSDT,BUY,16897,1775828700000,2026-04-10 13:45:00,16898,1775829600000,2026-04-10 14:00:00,2221.64,17045,1775962800000,2026-04-12 03:00:00,2222.26,148,2329.99,2205.52,4.877,0.726,0.028,win
83,ETHUSDT,SELL,17045,1775961900000,2026-04-12 02:45:00,17046,1775962800000,2026-04-12 03:00:00,2222.26,17207,1776108600000,2026-04-13 19:30:00,2240.74,162,2173.0,2245.0,2.217,1.023,-0.832,win
84,ETHUSDT,BUY,17207,1776107700000,2026-04-13 19:15:00,17208,1776108600000,2026-04-13 19:30:00,2240.74,17333,1776222000000,2026-04-15 03:00:00,2323.71,126,2416.4,2239.49,7.839,0.056,3.703,win
85,ETHUSDT,SELL,17333,1776221100000,2026-04-15 02:45:00,17334,1776222000000,2026-04-15 03:00:00,2323.71,17424,1776303900000,2026-04-16 01:45:00,2353.64,91,2306.8,2384.67,0.728,2.623,-1.288,lose
86,ETHUSDT,BUY,17424,1776303000000,2026-04-16 01:30:00,17425,1776303900000,2026-04-16 01:45:00,2353.64,17649,1776506400000,2026-04-18 10:00:00,2374.59,225,2463.86,2282.7,4.683,3.014,0.89,win
87,ETHUSDT,SELL,17649,1776505500000,2026-04-18 09:45:00,17650,1776506400000,2026-04-18 10:00:00,2374.59,17882,1776716100000,2026-04-20 20:15:00,2330.51,233,2250.91,2374.66,5.208,0.003,1.856,win
88,ETHUSDT,BUY,17882,1776715200000,2026-04-20 20:00:00,17883,1776716100000,2026-04-20 20:15:00,2330.51,18105,1776916800000,2026-04-23 04:00:00,2339.62,223,2423.0,2280.82,3.969,2.132,0.391,win
89,ETHUSDT,SELL,18105,1776915900000,2026-04-23 03:45:00,18106,1776916800000,2026-04-23 04:00:00,2339.62,18410,1777191300000,2026-04-26 08:15:00,2331.82,305,2283.31,2357.72,2.407,0.774,0.333,win
90,ETHUSDT,BUY,18410,1777190400000,2026-04-26 08:00:00,18411,1777191300000,2026-04-26 08:15:00,2331.82,18501,1777273200000,2026-04-27 07:00:00,2319.4,91,2403.99,2310.09,3.095,0.932,-0.533,win
91,ETHUSDT,SELL,18501,1777272300000,2026-04-27 06:45:00,18502,1777273200000,2026-04-27 07:00:00,2319.4,18688,1777441500000,2026-04-29 05:45:00,2325.64,187,2256.03,2342.15,2.732,0.981,-0.269,win
92,ETHUSDT,BUY,18688,1777440600000,2026-04-29 05:30:00,18689,1777441500000,2026-04-29 05:45:00,2325.64,18733,1777482000000,2026-04-29 17:00:00,2266.22,45,2346.48,2260.66,0.896,2.794,-2.555,lose
93,ETHUSDT,SELL,18733,1777481100000,2026-04-29 16:45:00,18734,1777482000000,2026-04-29 17:00:00,2266.22,18880,1777614300000,2026-05-01 05:45:00,2282.87,147,2218.83,2294.99,2.091,1.27,-0.735,win
94,ETHUSDT,BUY,18880,1777613400000,2026-05-01 05:30:00,18881,1777614300000,2026-05-01 05:45:00,2282.87,19410,1778091300000,2026-05-06 18:15:00,2348.46,530,2422.52,2270.62,6.117,0.537,2.873,win
95,ETHUSDT,SELL,19410,1778090400000,2026-05-06 18:00:00,19411,1778091300000,2026-05-06 18:15:00,2348.46,19641,1778299200000,2026-05-09 04:00:00,2314.24,231,2263.43,2356.03,3.621,0.322,1.457,win
96,ETHUSDT,BUY,19641,1778298300000,2026-05-09 03:45:00,19642,1778299200000,2026-05-09 04:00:00,2314.24,19920,1778550300000,2026-05-12 01:45:00,2307.55,279,2381.88,2292.94,2.923,0.92,-0.289,win
97,ETHUSDT,SELL,19920,1778549400000,2026-05-12 01:30:00,19921,1778550300000,2026-05-12 01:45:00,2307.55,20047,1778664600000,2026-05-13 09:30:00,2317.27,127,2255.15,2321.86,2.271,0.62,-0.421,win
98,ETHUSDT,BUY,20047,1778663700000,2026-05-13 09:15:00,20048,1778664600000,2026-05-13 09:30:00,2317.27,20069,1778684400000,2026-05-13 15:00:00,2266.43,22,2322.68,2248.0,0.233,2.989,-2.194,lose
99,ETHUSDT,SELL,20069,1778683500000,2026-05-13 14:45:00,20070,1778684400000,2026-05-13 15:00:00,2266.43,20173,1778778000000,2026-05-14 17:00:00,2315.13,104,2233.0,2317.81,1.475,2.267,-2.149,lose
100,ETHUSDT,BUY,20173,1778777100000,2026-05-14 16:45:00,20174,1778778000000,2026-05-14 17:00:00,2315.13,20235,1778833800000,2026-05-15 08:30:00,2253.0,62,2318.6,2236.25,0.15,3.407,-2.684,lose
101,ETHUSDT,SELL,20235,1778832900000,2026-05-15 08:15:00,20236,1778833800000,2026-05-15 08:30:00,2253.0,20762,1779308100000,2026-05-20 20:15:00,2139.28,527,2074.26,2263.6,7.933,0.47,5.047,win
102,ETHUSDT,BUY,20762,1779307200000,2026-05-20 20:00:00,20763,1779308100000,2026-05-20 20:15:00,2139.28,20832,1779371100000,2026-05-21 13:45:00,2105.78,70,2157.0,2103.51,0.828,1.672,-1.566,lose
103,ETHUSDT,SELL,20832,1779370200000,2026-05-21 13:30:00,20833,1779371100000,2026-05-21 13:45:00,2105.78,21047,1779564600000,2026-05-23 19:30:00,2078.42,215,2007.0,2152.78,4.691,2.232,1.299,win
104,ETHUSDT,BUY,21047,1779563700000,2026-05-23 19:15:00,21048,1779564600000,2026-05-23 19:30:00,2078.42,21270,1779765300000,2026-05-26 03:15:00,2084.61,223,2149.86,2061.26,3.437,0.826,0.298,win
105,ETHUSDT,SELL,21270,1779764400000,2026-05-26 03:00:00,21271,1779765300000,2026-05-26 03:15:00,2084.61,21614,1780074900000,2026-05-29 17:15:00,2041.51,344,1965.48,2139.66,5.715,2.641,2.068,win
106,ETHUSDT,BUY,21614,1780074000000,2026-05-29 17:00:00,21615,1780074900000,2026-05-29 17:15:00,2041.51,21803,1780245000000,2026-05-31 16:30:00,2006.09,189,2043.69,2000.83,0.107,1.993,-1.735,lose
107,ETHUSDT,SELL,21803,1780244100000,2026-05-31 16:15:00,21804,1780245000000,2026-05-31 16:30:00,2006.09,22434,1780812900000,2026-06-07 06:15:00,1599.41,631,1503.6,2022.27,25.048,0.807,20.272,win
108,ETHUSDT,BUY,22434,1780812000000,2026-06-07 06:00:00,22435,1780812900000,2026-06-07 06:15:00,1599.41,22668,1781023500000,2026-06-09 16:45:00,1627.79,234,1721.57,1597.66,7.638,0.109,1.774,win
109,ETHUSDT,SELL,22668,1781022600000,2026-06-09 16:30:00,22669,1781023500000,2026-06-09 16:45:00,1627.79,22867,1781202600000,2026-06-11 18:30:00,1680.16,199,1602.05,1693.38,1.581,4.029,-3.217,lose
110,ETHUSDT,BUY,22867,1781201700000,2026-06-11 18:15:00,22868,1781202600000,2026-06-11 18:30:00,1680.16,23149,1781456400000,2026-06-14 17:00:00,1660.7,282,1698.1,1651.17,1.068,1.725,-1.158,lose
111,ETHUSDT,SELL,23149,1781455500000,2026-06-14 16:45:00,23150,1781456400000,2026-06-14 17:00:00,1660.7,23169,1781474400000,2026-06-14 22:00:00,1717.9,20,1658.08,1732.0,0.158,4.293,-3.444,lose
112,ETHUSDT,BUY,23169,1781473500000,2026-06-14 21:45:00,23170,1781474400000,2026-06-14 22:00:00,1717.9,23294,1781586900000,2026-06-16 05:15:00,1761.46,125,1848.78,1708.45,7.619,0.55,2.536,win
113,ETHUSDT,SELL,23294,1781586000000,2026-06-16 05:00:00,23295,1781586900000,2026-06-16 05:15:00,1761.46,23685,1781938800000,2026-06-20 07:00:00,1726.88,391,1670.56,1839.54,5.16,4.433,1.963,win
114,ETHUSDT,BUY,23685,1781937900000,2026-06-20 06:45:00,23686,1781938800000,2026-06-20 07:00:00,1726.88,23848,1782085500000,2026-06-21 23:45:00,1705.69,163,1749.13,1700.37,1.288,1.535,-1.227,lose
115,ETHUSDT,SELL,23848,1782084600000,2026-06-21 23:30:00,23849,1782085500000,2026-06-21 23:45:00,1705.69,23896,1782128700000,2026-06-22 11:45:00,1762.68,48,1703.86,1764.99,0.107,3.477,-3.341,lose
116,ETHUSDT,BUY,23896,1782127800000,2026-06-22 11:30:00,23897,1782128700000,2026-06-22 11:45:00,1762.68,23967,1782192600000,2026-06-23 05:30:00,1712.85,71,1779.0,1709.09,0.926,3.04,-2.827,lose
117,ETHUSDT,SELL,23967,1782191700000,2026-06-23 05:15:00,23968,1782192600000,2026-06-23 05:30:00,1712.85,24166,1782371700000,2026-06-25 07:15:00,1652.28,199,1551.0,1714.48,9.449,0.095,3.536,win
118,ETHUSDT,BUY,24166,1782370800000,2026-06-25 07:00:00,24167,1782371700000,2026-06-25 07:15:00,1652.28,24193,1782396000000,2026-06-25 14:00:00,1537.0,27,1659.0,1530.0,0.407,7.401,-6.977,lose
119,ETHUSDT,SELL,24193,1782395100000,2026-06-25 13:45:00,24194,1782396000000,2026-06-25 14:00:00,1537.0,24387,1782570600000,2026-06-27 14:30:00,1593.42,194,1510.87,1598.63,1.7,4.01,-3.671,lose
120,ETHUSDT,BUY,24387,1782569700000,2026-06-27 14:15:00,24388,1782570600000,2026-06-27 14:30:00,1593.42,24455,1782631800000,2026-06-28 07:30:00,1570.38,68,1610.44,1561.59,1.068,1.998,-1.446,lose
121,ETHUSDT,SELL,24455,1782630900000,2026-06-28 07:15:00,24456,1782631800000,2026-06-28 07:30:00,1570.38,24594,1782756900000,2026-06-29 18:15:00,1627.7,139,1547.0,1637.2,1.489,4.255,-3.65,lose
122,ETHUSDT,BUY,24594,1782756000000,2026-06-29 18:00:00,24595,1782756900000,2026-06-29 18:15:00,1627.7,24664,1782819900000,2026-06-30 11:45:00,1580.09,70,1627.8,1574.55,0.006,3.265,-2.925,lose
123,ETHUSDT,SELL,24664,1782819000000,2026-06-30 11:30:00,24665,1782819900000,2026-06-30 11:45:00,1580.09,24775,1782919800000,2026-07-01 15:30:00,1623.1,111,1549.16,1630.72,1.957,3.204,-2.722,lose
124,ETHUSDT,BUY,24775,1782918900000,2026-07-01 15:15:00,24776,1782919800000,2026-07-01 15:30:00,1623.1,25403,1783485000000,2026-07-08 04:30:00,1756.44,628,1833.0,1596.14,12.932,1.661,8.215,win
125,ETHUSDT,SELL,25403,1783484100000,2026-07-08 04:15:00,25404,1783485000000,2026-07-08 04:30:00,1756.44,25592,1783655100000,2026-07-10 03:45:00,1775.16,189,1712.45,1776.97,2.504,1.169,-1.066,win
126,ETHUSDT,BUY,25592,1783654200000,2026-07-10 03:30:00,25593,1783655100000,2026-07-10 03:45:00,1775.16,25773,1783818000000,2026-07-12 01:00:00,1788.23,181,1829.52,1767.71,3.062,0.42,0.736,win
127,ETHUSDT,SELL,25773,1783817100000,2026-07-12 00:45:00,25774,1783818000000,2026-07-12 01:00:00,1788.23,25842,1783880100000,2026-07-12 18:15:00,1816.54,69,1787.23,1826.2,0.056,2.123,-1.583,lose
128,ETHUSDT,BUY,25842,1783879200000,2026-07-12 18:00:00,25843,1783880100000,2026-07-12 18:15:00,1816.54,25886,1783919700000,2026-07-13 05:15:00,1783.7,44,1848.0,1772.0,1.732,2.452,-1.808,lose
129,ETHUSDT,SELL,25886,1783918800000,2026-07-13 05:00:00,25887,1783919700000,2026-07-13 05:15:00,1783.7,26013,1784034000000,2026-07-14 13:00:00,1860.7,127,1748.0,1866.94,2.001,4.667,-4.317,win
130,ETHUSDT,BUY,26013,1784033100000,2026-07-14 12:45:00,26014,1784034000000,2026-07-14 13:00:00,1860.7,26196,1784198700000,2026-07-16 10:45:00,1887.39,183,1946.75,1854.01,4.625,0.36,1.434,win
131,ETHUSDT,SELL,26196,1784197800000,2026-07-16 10:30:00,26197,1784198700000,2026-07-16 10:45:00,1887.39,26426,1784405700000,2026-07-18 20:15:00,1858.75,230,1802.46,1894.25,4.5,0.363,1.517,win
132,ETHUSDT,BUY,26426,1784404800000,2026-07-18 20:00:00,26427,1784405700000,2026-07-18 20:15:00,1858.75,26882,1784816100000,2026-07-23 14:15:00,1901.31,456,1958.75,1841.84,5.38,0.91,2.29,win
133,ETHUSDT,SELL,26882,1784815200000,2026-07-23 14:00:00,26883,1784816100000,2026-07-23 14:15:00,1901.31,27096,1785008700000,2026-07-25 19:45:00,1874.86,214,1846.17,1909.32,2.9,0.421,1.391,win
134,ETHUSDT,BUY,27096,1785007800000,2026-07-25 19:30:00,27097,1785008700000,2026-07-25 19:45:00,1874.86,27302,1785194100000,2026-07-27 23:15:00,1889.76,206,1982.0,1866.59,5.715,0.441,0.795,win
135,ETHUSDT,SELL,27302,1785193200000,2026-07-27 23:00:00,27303,1785194100000,2026-07-27 23:15:00,1889.76,27391,1785274200000,2026-07-28 21:30:00,1919.4,89,1855.82,1928.31,1.796,2.04,-1.568,lose
136,ETHUSDT,BUY,27391,1785273300000,2026-07-28 21:15:00,27392,1785274200000,2026-07-28 21:30:00,1919.4,27631,1785490200000,2026-07-31 09:30:00,1883.46,240,1936.57,1870.26,0.895,2.56,-1.872,lose
137,ETHUSDT,SELL,27631,1785489300000,2026-07-31 09:15:00,27632,1785490200000,2026-07-31 09:30:00,1883.46,27799,1785641400000,2026-08-02 03:30:00,1875.01,168,1820.61,1889.72,3.337,0.332,0.449,win
138,ETHUSDT,BUY,27799,1785640500000,2026-08-02 03:15:00,27800,1785641400000,2026-08-02 03:30:00,1875.01,27911,1785742200000,2026-08-03 07:30:00,1844.19,112,1898.5,1838.56,1.253,1.944,-1.644,lose
139,ETHUSDT,SELL,27911,1785741300000,2026-08-03 07:15:00,27912,1785742200000,2026-08-03 07:30:00,1844.19,28032,1785851100000,2026-08-04 13:45:00,1872.68,121,1827.18,1881.72,0.922,2.035,-1.545,lose
140,ETHUSDT,BUY,28032,1785850200000,2026-08-04 13:30:00,28033,1785851100000,2026-08-04 13:45:00,1872.68,28610,1786371300000,2026-08-10 14:15:00,1900.37,578,1943.0,1854.51,3.755,0.97,1.479,win
141,ETHUSDT,SELL,28610,1786370400000,2026-08-10 14:00:00,28611,1786371300000,2026-08-10 14:15:00,1900.37,28785,1786528800000,2026-08-12 10:00:00,1905.1,175,1852.22,1909.0,2.534,0.454,-0.249,win
142,ETHUSDT,BUY,28785,1786527900000,2026-08-12 09:45:00,28786,1786528800000,2026-08-12 10:00:00,1905.1,28841,1786579200000,2026-08-13 00:00:00,1878.79,56,1924.97,1872.0,1.043,1.737,-1.381,lose
143,ETHUSDT,SELL,28841,1786578300000,2026-08-12 23:45:00,28842,1786579200000,2026-08-13 00:00:00,1878.79,29198,1786900500000,2026-08-16 17:15:00,1887.22,357,1862.11,1899.6,0.888,1.108,-0.449,lose
144,ETHUSDT,BUY,29198,1786899600000,2026-08-16 17:00:00,29199,1786900500000,2026-08-16 17:15:00,1887.22,29769,1787414400000,2026-08-22 16:00:00,2410.36,571,2549.4,1868.01,35.088,1.018,27.72,win
145,ETHUSDT,SELL,29769,1787413500000,2026-08-22 15:45:00,29770,1787414400000,2026-08-22 16:00:00,2410.36,29885,1787518800000,2026-08-23 21:00:00,2449.22,116,2355.38,2485.51,2.281,3.118,-1.612,win
146,ETHUSDT,BUY,29885,1787517900000,2026-08-23 20:45:00,29886,1787518800000,2026-08-23 21:00:00,2449.22,29999,1787620500000,2026-08-25 01:15:00,2485.0,114,2532.73,2423.05,3.41,1.069,1.461,win
1,LINKUSDT,SELL,20,1760639400000,2025-10-16 18:30:00,21,1760640300000,2025-10-16 18:45:00,17.693,276,1760870700000,2025-10-19 10:45:00,17.106,256,15.683,17.769,11.36,0.43,3.318,win
2,LINKUSDT,BUY,276,1760869800000,2025-10-19 10:30:00,277,1760870700000,2025-10-19 10:45:00,17.106,445,1761022800000,2025-10-21 05:00:00,17.731,169,19.18,16.921,12.124,1.081,3.654,win
3,LINKUSDT,SELL,445,1761021900000,2025-10-21 04:45:00,446,1761022800000,2025-10-21 05:00:00,17.731,743,1761291000000,2025-10-24 07:30:00,17.687,298,16.691,18.959,5.865,6.926,0.248,win
4,LINKUSDT,BUY,743,1761290100000,2025-10-24 07:15:00,744,1761291000000,2025-10-24 07:30:00,17.687,930,1761459300000,2025-10-26 06:15:00,17.756,187,18.244,17.443,3.149,1.38,0.39,win
5,LINKUSDT,SELL,930,1761458400000,2025-10-26 06:00:00,931,1761459300000,2025-10-26 06:15:00,17.756,953,1761480000000,2025-10-26 12:00:00,18.309,23,17.737,18.337,0.107,3.272,-3.114,lose
6,LINKUSDT,BUY,953,1761479100000,2025-10-26 11:45:00,954,1761480000000,2025-10-26 12:00:00,18.309,1097,1761609600000,2025-10-28 00:00:00,18.206,144,19.056,18.035,4.08,1.497,-0.563,win
7,LINKUSDT,SELL,1097,1761608700000,2025-10-27 23:45:00,1098,1761609600000,2025-10-28 00:00:00,18.206,1521,1761991200000,2025-11-01 10:00:00,17.334,424,16.311,18.814,10.409,3.34,4.79,win
8,LINKUSDT,BUY,1521,1761990300000,2025-11-01 09:45:00,1522,1761991200000,2025-11-01 10:00:00,17.334,1687,1762140600000,2025-11-03 03:30:00,16.525,166,17.659,16.503,1.875,4.794,-4.667,lose
9,LINKUSDT,SELL,1687,1762139700000,2025-11-03 03:15:00,1688,1762140600000,2025-11-03 03:30:00,16.525,1958,1762384500000,2025-11-05 23:15:00,15.176,271,13.686,16.538,17.18,0.079,8.163,win
10,LINKUSDT,BUY,1958,1762383600000,2025-11-05 23:00:00,1959,1762384500000,2025-11-05 23:15:00,15.176,2030,1762449300000,2025-11-06 17:15:00,14.388,72,15.266,14.234,0.593,6.207,-5.192,lose
11,LINKUSDT,SELL,2030,1762448400000,2025-11-06 17:00:00,2031,1762449300000,2025-11-06 17:15:00,14.388,2127,1762536600000,2025-11-07 17:30:00,15.797,97,14.3,15.804,0.612,9.842,-9.793,lose
12,LINKUSDT,BUY,2127,1762535700000,2025-11-07 17:15:00,2128,1762536600000,2025-11-07 17:30:00,15.797,2260,1762656300000,2025-11-09 02:45:00,15.195,133,16.213,15.109,2.633,4.355,-3.811,win
13,LINKUSDT,SELL,2260,1762655400000,2025-11-09 02:30:00,2261,1762656300000,2025-11-09 02:45:00,15.195,2313,1762704000000,2025-11-09 16:00:00,15.813,53,15.012,15.937,1.204,4.883,-4.067,lose
14,LINKUSDT,BUY,2313,1762703100000,2025-11-09 15:45:00,2314,1762704000000,2025-11-09 16:00:00,15.813,2520,1762890300000,2025-11-11 19:45:00,15.669,207,16.789,15.583,6.172,1.454,-0.911,win
15,LINKUSDT,SELL,2520,1762889400000,2025-11-11 19:30:00,2521,1762890300000,2025-11-11 19:45:00,15.669,2585,1762948800000,2025-11-12 12:00:00,16.107,65,15.174,16.187,3.159,3.306,-2.795,win
16,LINKUSDT,BUY,2585,1762947900000,2025-11-12 11:45:00,2586,1762948800000,2025-11-12 12:00:00,16.107,2605,1762966800000,2025-11-12 17:00:00,15.161,20,16.244,15.065,0.851,6.469,-5.873,lose
17,LINKUSDT,SELL,2605,1762965900000,2025-11-12 16:45:00,2606,1762966800000,2025-11-12 17:00:00,15.161,2664,1763019900000,2025-11-13 07:45:00,15.879,59,14.907,16.014,1.675,5.626,-4.736,lose
18,LINKUSDT,BUY,2664,1763019000000,2025-11-13 07:30:00,2665,1763019900000,2025-11-13 07:45:00,15.879,2704,1763055900000,2025-11-13 17:45:00,14.767,40,15.947,14.72,0.428,7.299,-7.003,lose
19,LINKUSDT,SELL,2704,1763055000000,2025-11-13 17:30:00,2705,1763055900000,2025-11-13 17:45:00,14.767,3207,1763508600000,2025-11-18 23:30:00,13.802,503,13.05,14.819,11.627,0.352,6.535,win
20,LINKUSDT,BUY,3207,1763507700000,2025-11-18 23:15:00,3208,1763508600000,2025-11-18 23:30:00,13.802,3235,1763533800000,2025-11-19 06:30:00,13.275,28,13.837,13.107,0.254,5.036,-3.818,lose
21,LINKUSDT,SELL,3235,1763532900000,2025-11-19 06:15:00,3236,1763533800000,2025-11-19 06:30:00,13.275,3325,1763614800000,2025-11-20 05:00:00,13.769,90,12.757,13.77,3.902,3.729,-3.721,win
22,LINKUSDT,BUY,3325,1763613900000,2025-11-20 04:45:00,3326,1763614800000,2025-11-20 05:00:00,13.769,3374,1763658900000,2025-11-20 17:15:00,12.837,49,14.0,12.778,1.678,7.197,-6.769,lose
23,LINKUSDT,SELL,3374,1763658000000,2025-11-20 17:00:00,3375,1763658900000,2025-11-20 17:15:00,12.837,3609,1763870400000,2025-11-23 04:00:00,12.455,235,11.602,13.336,9.621,3.887,2.976,win
24,LINKUSDT,BUY,3609,1763869500000,2025-11-23 03:45:00,3610,1763870400000,2025-11-23 04:00:00,12.455,4150,1764357300000,2025-11-28 19:15:00,13.155,541,13.568,12.292,8.936,1.309,5.62,win
25,LINKUSDT,SELL,4150,1764356400000,2025-11-28 19:00:00,4151,1764357300000,2025-11-28 19:15:00,13.155,4329,1764518400000,2025-11-30 16:00:00,13.24,179,12.904,13.326,1.908,1.3,-0.646,lose
26,LINKUSDT,BUY,4329,1764517500000,2025-11-30 15:45:00,4330,1764518400000,2025-11-30 16:00:00,13.24,4363,1764549000000,2025-12-01 00:30:00,12.49,34,13.413,12.434,1.307,6.088,-5.665,lose
27,LINKUSDT,SELL,4363,1764548100000,2025-12-01 00:15:00,4364,1764549000000,2025-12-01 00:30:00,12.49,4515,1764685800000,2025-12-02 14:30:00,12.481,152,11.739,12.538,6.013,0.384,0.072,win
28,LINKUSDT,BUY,4515,1764684900000,2025-12-02 14:15:00,4516,1764685800000,2025-12-02 14:30:00,12.481,4770,1764915300000,2025-12-05 06:15:00,14.21,255,14.921,12.458,19.55,0.184,13.853,win
29,LINKUSDT,SELL,4770,1764914400000,2025-12-05 06:00:00,4771,1764915300000,2025-12-05 06:15:00,14.21,4929,1765058400000,2025-12-06 22:00:00,13.958,159,13.355,14.324,6.017,0.802,1.773,win
30,LINKUSDT,BUY,4929,1765057500000,2025-12-06 21:45:00,4930,1765058400000,2025-12-06 22:00:00,13.958,4997,1765119600000,2025-12-07 15:00:00,13.23,68,14.029,13.207,0.509,5.38,-5.216,lose
31,LINKUSDT,SELL,4997,1765118700000,2025-12-07 14:45:00,4998,1765119600000,2025-12-07 15:00:00,13.23,5194,1765296900000,2025-12-09 16:15:00,14.726,197,13.168,14.756,0.469,11.534,-11.308,lose
32,LINKUSDT,BUY,5194,1765296000000,2025-12-09 16:00:00,5195,1765296900000,2025-12-09 16:15:00,14.726,5326,1765415700000,2025-12-11 01:15:00,13.79,132,15.006,13.776,1.901,6.451,-6.356,lose
33,LINKUSDT,SELL,5326,1765414800000,2025-12-11 01:00:00,5327,1765415700000,2025-12-11 01:15:00,13.79,5415,1765495800000,2025-12-11 23:30:00,14.038,89,13.382,14.207,2.959,3.024,-1.798,win
34,LINKUSDT,BUY,5415,1765494900000,2025-12-11 23:15:00,5416,1765495800000,2025-12-11 23:30:00,14.038,5486,1765559700000,2025-12-12 17:15:00,13.51,71,14.339,13.266,2.144,5.499,-3.761,win
35,LINKUSDT,SELL,5486,1765558800000,2025-12-12 17:00:00,5487,1765559700000,2025-12-12 17:15:00,13.51,6137,1766145600000,2025-12-19 12:00:00,12.439,651,11.728,13.965,13.19,3.368,7.927,win
36,LINKUSDT,BUY,6137,1766144700000,2025-12-19 11:45:00,6138,1766145600000,2025-12-19 12:00:00,12.439,6337,1766325600000,2025-12-21 14:00:00,12.244,200,12.752,12.214,2.516,1.809,-1.568,win
37,LINKUSDT,SELL,6337,1766324700000,2025-12-21 13:45:00,6338,1766325600000,2025-12-21 14:00:00,12.244,6420,1766400300000,2025-12-22 10:45:00,12.664,83,12.226,12.738,0.147,4.035,-3.43,lose
38,LINKUSDT,BUY,6420,1766399400000,2025-12-22 10:30:00,6421,1766400300000,2025-12-22 10:45:00,12.664,6505,1766476800000,2025-12-23 08:00:00,12.327,85,12.955,12.216,2.298,3.538,-2.661,win
39,LINKUSDT,SELL,6505,1766475900000,2025-12-23 07:45:00,6506,1766476800000,2025-12-23 08:00:00,12.327,6791,1766734200000,2025-12-26 07:30:00,12.454,286,11.976,12.539,2.847,1.72,-1.03,win
40,LINKUSDT,BUY,6791,1766733300000,2025-12-26 07:15:00,6792,1766734200000,2025-12-26 07:30:00,12.454,6830,1766769300000,2025-12-26 17:15:00,12.153,39,12.494,12.037,0.321,3.348,-2.417,lose
41,LINKUSDT,SELL,6830,1766768400000,2025-12-26 17:00:00,6831,1766769300000,2025-12-26 17:15:00,12.153,6946,1766873700000,2025-12-27 22:15:00,12.433,116,12.127,12.44,0.214,2.362,-2.304,lose
42,LINKUSDT,BUY,6946,1766872800000,2025-12-27 22:00:00,6947,1766873700000,2025-12-27 22:15:00,12.433,7100,1767012300000,2025-12-29 12:45:00,12.367,154,13.035,12.237,4.842,1.576,-0.531,win
43,LINKUSDT,SELL,7100,1767011400000,2025-12-29 12:30:00,7101,1767012300000,2025-12-29 12:45:00,12.367,7412,1767293100000,2026-01-01 18:45:00,12.443,312,12.142,12.598,1.819,1.868,-0.615,lose
44,LINKUSDT,BUY,7412,1767292200000,2026-01-01 18:30:00,7413,1767293100000,2026-01-01 18:45:00,12.443,7976,1767800700000,2026-01-07 15:45:00,13.389,564,14.231,12.428,14.37,0.121,7.603,win
45,LINKUSDT,SELL,7976,1767799800000,2026-01-07 15:30:00,7977,1767800700000,2026-01-07 15:45:00,13.389,8376,1768160700000,2026-01-11 19:45:00,13.279,400,13.018,13.554,2.771,1.232,0.822,win
46,LINKUSDT,BUY,8376,1768159800000,2026-01-11 19:30:00,8377,1768160700000,2026-01-11 19:45:00,13.279,8483,1768257000000,2026-01-12 22:30:00,13.049,107,13.517,12.9,1.792,2.854,-1.732,lose
47,LINKUSDT,SELL,8483,1768256100000,2026-01-12 22:15:00,8484,1768257000000,2026-01-12 22:30:00,13.049,8549,1768316400000,2026-01-13 15:00:00,13.397,66,13.03,13.516,0.146,3.579,-2.667,lose
48,LINKUSDT,BUY,8549,1768315500000,2026-01-13 14:45:00,8550,1768316400000,2026-01-13 15:00:00,13.397,8709,1768460400000,2026-01-15 07:00:00,13.847,160,14.404,13.339,7.517,0.433,3.359,win
49,LINKUSDT,SELL,8709,1768459500000,2026-01-15 06:45:00,8710,1768460400000,2026-01-15 07:00:00,13.847,8938,1768666500000,2026-01-17 16:15:00,13.868,229,13.418,14.207,3.098,2.6,-0.152,win
50,LINKUSDT,BUY,8938,1768665600000,2026-01-17 16:00:00,8939,1768666500000,2026-01-17 16:15:00,13.868,9066,1768781700000,2026-01-19 00:15:00,12.805,128,13.874,12.3,0.043,11.307,-7.665,lose
51,LINKUSDT,SELL,9066,1768780800000,2026-01-19 00:00:00,9067,1768781700000,2026-01-19 00:15:00,12.805,9376,1769060700000,2026-01-22 05:45:00,12.485,310,11.884,12.995,7.193,1.484,2.499,win
52,LINKUSDT,BUY,9376,1769059800000,2026-01-22 05:30:00,9377,1769060700000,2026-01-22 05:45:00,12.485,9436,1769114700000,2026-01-22 20:45:00,12.205,60,12.498,12.115,0.104,2.964,-2.243,lose
53,LINKUSDT,SELL,9436,1769113800000,2026-01-22 20:30:00,9437,1769114700000,2026-01-22 20:45:00,12.205,9820,1769460300000,2026-01-26 20:45:00,11.902,384,11.355,12.495,6.964,2.376,2.483,win
54,LINKUSDT,BUY,9820,1769459400000,2026-01-26 20:30:00,9821,1769460300000,2026-01-26 20:45:00,11.902,10005,1769626800000,2026-01-28 19:00:00,11.81,185,12.185,11.686,2.378,1.815,-0.773,win
55,LINKUSDT,SELL,10005,1769625900000,2026-01-28 18:45:00,10006,1769626800000,2026-01-28 19:00:00,11.81,10477,1770051600000,2026-02-02 17:00:00,9.919,472,8.957,11.939,24.157,1.092,16.012,win
56,LINKUSDT,BUY,10477,1770050700000,2026-02-02 16:45:00,10478,1770051600000,2026-02-02 17:00:00,9.919,10577,1770141600000,2026-02-03 18:00:00,9.307,100,9.971,9.3,0.524,6.241,-6.17,lose
57,LINKUSDT,SELL,10577,1770140700000,2026-02-03 17:45:00,10578,1770141600000,2026-02-03 18:00:00,9.307,10861,1770397200000,2026-02-06 17:00:00,8.801,284,7.117,9.889,23.531,6.253,5.437,win
58,LINKUSDT,BUY,10861,1770396300000,2026-02-06 16:45:00,10862,1770397200000,2026-02-06 17:00:00,8.801,11121,1770631200000,2026-02-09 10:00:00,8.598,260,9.047,8.575,2.795,2.568,-2.307,win
59,LINKUSDT,SELL,11121,1770630300000,2026-02-09 09:45:00,11122,1770631200000,2026-02-09 10:00:00,8.598,11162,1770668100000,2026-02-09 20:15:00,8.963,41,8.458,9.014,1.628,4.838,-4.245,lose
60,LINKUSDT,BUY,11162,1770667200000,2026-02-09 20:00:00,11163,1770668100000,2026-02-09 20:15:00,8.963,11207,1770708600000,2026-02-10 07:30:00,8.542,45,8.964,8.474,0.011,5.456,-4.697,lose
61,LINKUSDT,SELL,11207,1770707700000,2026-02-10 07:15:00,11208,1770708600000,2026-02-10 07:30:00,8.542,11528,1770997500000,2026-02-13 15:45:00,8.723,321,8.122,8.821,4.917,3.266,-2.119,win
62,LINKUSDT,BUY,11528,1770996600000,2026-02-13 15:30:00,11529,1770997500000,2026-02-13 15:45:00,8.723,11727,1771176600000,2026-02-15 17:30:00,8.819,199,9.239,8.669,5.915,0.619,1.101,win
63,LINKUSDT,SELL,11727,1771175700000,2026-02-15 17:15:00,11728,1771176600000,2026-02-15 17:30:00,8.819,12202,1771604100000,2026-02-20 16:15:00,8.89,475,8.338,8.995,5.454,1.996,-0.805,win
64,LINKUSDT,BUY,12202,1771603200000,2026-02-20 16:00:00,12203,1771604100000,2026-02-20 16:15:00,8.89,12386,1771769700000,2026-02-22 14:15:00,8.714,184,9.057,8.687,1.879,2.283,-1.98,lose
65,LINKUSDT,SELL,12386,1771768800000,2026-02-22 14:00:00,12387,1771769700000,2026-02-22 14:15:00,8.714,12626,1771985700000,2026-02-25 02:15:00,8.614,240,8.05,8.775,7.62,0.7,1.148,win
66,LINKUSDT,BUY,12626,1771984800000,2026-02-25 02:00:00,12627,1771985700000,2026-02-25 02:15:00,8.614,12785,1772128800000,2026-02-26 18:00:00,8.878,159,9.589,8.352,11.319,3.042,3.065,win
67,LINKUSDT,SELL,12785,1772127900000,2026-02-26 17:45:00,12786,1772128800000,2026-02-26 18:00:00,8.878,12992,1772315100000,2026-02-28 21:45:00,8.798,207,8.203,9.293,7.603,4.674,0.901,win
68,LINKUSDT,BUY,12992,1772314200000,2026-02-28 21:30:00,12993,1772315100000,2026-02-28 21:45:00,8.798,13086,1772399700000,2026-03-01 21:15:00,8.574,94,9.206,8.532,4.637,3.023,-2.546,win
69,LINKUSDT,SELL,13086,1772398800000,2026-03-01 21:00:00,13087,1772399700000,2026-03-01 21:15:00,8.574,13162,1772468100000,2026-03-02 16:15:00,9.194,76,8.564,9.219,0.117,7.523,-7.231,lose
70,LINKUSDT,BUY,13162,1772467200000,2026-03-02 16:00:00,13163,1772468100000,2026-03-02 16:15:00,9.194,13232,1772531100000,2026-03-03 09:45:00,8.636,70,9.268,8.591,0.805,6.559,-6.069,lose
71,LINKUSDT,SELL,13232,1772530200000,2026-03-03 09:30:00,13233,1772531100000,2026-03-03 09:45:00,8.636,13327,1772616600000,2026-03-04 09:30:00,9.217,95,8.552,9.237,0.973,6.959,-6.728,lose
72,LINKUSDT,BUY,13327,1772615700000,2026-03-04 09:15:00,13328,1772616600000,2026-03-04 09:30:00,9.217,13521,1772791200000,2026-03-06 10:00:00,9.105,194,9.628,9.023,4.459,2.105,-1.215,win
73,LINKUSDT,SELL,13521,1772790300000,2026-03-06 09:45:00,13522,1772791200000,2026-03-06 10:00:00,9.105,13825,1773064800000,2026-03-09 14:00:00,8.914,304,8.386,9.176,7.897,0.78,2.098,win
74,LINKUSDT,BUY,13825,1773063900000,2026-03-09 13:45:00,13826,1773064800000,2026-03-09 14:00:00,8.914,14079,1773293400000,2026-03-12 05:30:00,8.841,254,9.18,8.826,2.984,0.987,-0.819,win
75,LINKUSDT,SELL,14079,1773292500000,2026-03-12 05:15:00,14080,1773293400000,2026-03-12 05:30:00,8.841,14154,1773360900000,2026-03-13 00:15:00,9.12,75,8.84,9.12,0.011,3.156,-3.156,lose
76,LINKUSDT,BUY,14154,1773360000000,2026-03-13 00:00:00,14155,1773360900000,2026-03-13 00:15:00,9.12,14252,1773449100000,2026-03-14 00:45:00,9.062,98,9.594,9.014,5.197,1.162,-0.636,win
77,LINKUSDT,SELL,14252,1773448200000,2026-03-14 00:30:00,14253,1773449100000,2026-03-14 00:45:00,9.062,14346,1773533700000,2026-03-15 00:15:00,9.177,94,8.912,9.182,1.655,1.324,-1.269,lose
78,LINKUSDT,BUY,14346,1773532800000,2026-03-15 00:00:00,14347,1773533700000,2026-03-15 00:15:00,9.177,14683,1773837000000,2026-03-18 12:30:00,9.489,337,10.077,9.108,9.807,0.752,3.4,win
79,LINKUSDT,SELL,14683,1773836100000,2026-03-18 12:15:00,14684,1773837000000,2026-03-18 12:30:00,9.489,15165,1774270800000,2026-03-23 13:00:00,9.032,482,8.569,9.489,9.695,0.0,4.816,win
80,LINKUSDT,BUY,15165,1774269900000,2026-03-23 12:45:00,15166,1774270800000,2026-03-23 13:00:00,9.032,15425,1774504800000,2026-03-26 06:00:00,9.098,260,9.493,8.989,5.104,0.476,0.731,win
81,LINKUSDT,SELL,15425,1774503900000,2026-03-26 05:45:00,15426,1774504800000,2026-03-26 06:00:00,9.098,15803,1774845000000,2026-03-30 04:30:00,8.668,378,8.184,9.116,10.046,0.198,4.726,win
82,LINKUSDT,BUY,15803,1774844100000,2026-03-30 04:15:00,15804,1774845000000,2026-03-30 04:30:00,8.668,16084,1775097900000,2026-04-02 02:45:00,8.592,281,9.193,8.498,6.057,1.961,-0.877,win
83,LINKUSDT,SELL,16084,1775097000000,2026-04-02 02:30:00,16085,1775097900000,2026-04-02 02:45:00,8.592,16342,1775330100000,2026-04-04 19:15:00,8.763,258,8.416,8.807,2.048,2.502,-1.99,win
84,LINKUSDT,BUY,16342,1775329200000,2026-04-04 19:00:00,16343,1775330100000,2026-04-04 19:15:00,8.763,16389,1775372400000,2026-04-05 07:00:00,8.548,47,8.778,8.495,0.171,3.058,-2.453,lose
85,LINKUSDT,SELL,16389,1775371500000,2026-04-05 06:45:00,16390,1775372400000,2026-04-05 07:00:00,8.548,16457,1775433600000,2026-04-06 00:00:00,8.82,68,8.471,8.872,0.901,3.79,-3.182,lose
86,LINKUSDT,BUY,16457,1775432700000,2026-04-05 23:45:00,16458,1775433600000,2026-04-06 00:00:00,8.82,16555,1775521800000,2026-04-07 00:30:00,8.826,98,9.153,8.718,3.776,1.156,0.068,win
87,LINKUSDT,SELL,16555,1775520900000,2026-04-07 00:15:00,16556,1775521800000,2026-04-07 00:30:00,8.826,16645,1775602800000,2026-04-07 23:00:00,9.2,90,8.566,9.202,2.946,4.26,-4.237,win
88,LINKUSDT,BUY,16645,1775601900000,2026-04-07 22:45:00,16646,1775602800000,2026-04-07 23:00:00,9.2,16743,1775691000000,2026-04-08 23:30:00,8.852,98,9.417,8.83,2.359,4.022,-3.783,win
89,LINKUSDT,SELL,16743,1775690100000,2026-04-08 23:15:00,16744,1775691000000,2026-04-08 23:30:00,8.852,16829,1775768400000,2026-04-09 21:00:00,9.012,86,8.683,9.037,1.909,2.09,-1.808,lose
90,LINKUSDT,BUY,16829,1775767500000,2026-04-09 20:45:00,16830,1775768400000,2026-04-09 21:00:00,9.012,17042,1775960100000,2026-04-12 02:15:00,8.796,213,9.286,8.739,3.04,3.029,-2.397,win
91,LINKUSDT,SELL,17042,1775959200000,2026-04-12 02:00:00,17043,1775960100000,2026-04-12 02:15:00,8.796,17208,1776109500000,2026-04-13 19:45:00,8.964,166,8.678,8.977,1.342,2.058,-1.91,lose
92,LINKUSDT,BUY,17208,1776108600000,2026-04-13 19:30:00,17209,1776109500000,2026-04-13 19:45:00,8.964,17309,1776200400000,2026-04-14 21:00:00,9.0,101,9.435,8.922,5.254,0.469,0.402,win
93,LINKUSDT,SELL,17309,1776199500000,2026-04-14 20:45:00,17310,1776200400000,2026-04-14 21:00:00,9.0,17395,1776277800000,2026-04-15 18:30:00,9.233,86,8.974,9.272,0.289,3.022,-2.589,lose
94,LINKUSDT,BUY,17395,1776276900000,2026-04-15 18:15:00,17396,1776277800000,2026-04-15 18:30:00,9.233,17652,1776509100000,2026-04-18 10:45:00,9.398,257,9.865,9.122,6.845,1.202,1.787,win
95,LINKUSDT,SELL,17652,1776508200000,2026-04-18 10:30:00,17653,1776509100000,2026-04-18 10:45:00,9.398,17883,1776717000000,2026-04-20 20:30:00,9.337,231,8.993,9.445,4.309,0.5,0.649,win
96,LINKUSDT,BUY,17883,1776716100000,2026-04-20 20:15:00,17884,1776717000000,2026-04-20 20:30:00,9.337,18093,1776906000000,2026-04-23 01:00:00,9.287,210,9.556,9.171,2.346,1.778,-0.536,win
97,LINKUSDT,SELL,18093,1776905100000,2026-04-23 00:45:00,18094,1776906000000,2026-04-23 01:00:00,9.287,18195,1776997800000,2026-04-24 02:30:00,9.339,102,9.139,9.391,1.594,1.12,-0.56,lose
98,LINKUSDT,BUY,18195,1776996900000,2026-04-24 02:15:00,18196,1776997800000,2026-04-24 02:30:00,9.339,18359,1777145400000,2026-04-25 19:30:00,9.292,164,9.443,9.24,1.114,1.06,-0.503,lose
99,LINKUSDT,SELL,18359,1777144500000,2026-04-25 19:15:00,18360,1777145400000,2026-04-25 19:30:00,9.292,18414,1777194900000,2026-04-26 09:15:00,9.422,55,9.285,9.447,0.075,1.668,-1.399,lose
100,LINKUSDT,BUY,18414,1777194000000,2026-04-26 09:00:00,18415,1777194900000,2026-04-26 09:15:00,9.422,18504,1777275900000,2026-04-27 07:45:00,9.318,90,9.588,9.292,1.762,1.38,-1.104,lose
101,LINKUSDT,SELL,18504,1777275000000,2026-04-27 07:30:00,18505,1777275900000,2026-04-27 07:45:00,9.318,18690,1777443300000,2026-04-29 06:15:00,9.357,186,9.14,9.397,1.91,0.848,-0.419,lose
102,LINKUSDT,BUY,18690,1777442400000,2026-04-29 06:00:00,18691,1777443300000,2026-04-29 06:15:00,9.357,18729,1777478400000,2026-04-29 16:00:00,9.09,39,9.414,9.071,0.609,3.057,-2.853,lose
103,LINKUSDT,SELL,18729,1777477500000,2026-04-29 15:45:00,18730,1777478400000,2026-04-29 16:00:00,9.09,18914,1777644900000,2026-05-01 14:15:00,9.249,185,8.904,9.276,2.046,2.046,-1.749,win
104,LINKUSDT,BUY,18914,1777644000000,2026-05-01 14:00:00,18915,1777644900000,2026-05-01 14:15:00,9.249,18964,1777689900000,2026-05-02 02:45:00,9.103,50,9.26,9.061,0.119,2.033,-1.579,lose
105,LINKUSDT,SELL,18964,1777689000000,2026-05-02 02:30:00,18965,1777689900000,2026-05-02 02:45:00,9.103,19040,1777758300000,2026-05-02 21:45:00,9.209,76,9.06,9.254,0.472,1.659,-1.164,lose
106,LINKUSDT,BUY,19040,1777757400000,2026-05-02 21:30:00,19041,1777758300000,2026-05-02 21:45:00,9.209,19068,1777783500000,2026-05-03 04:45:00,9.088,28,9.222,9.072,0.141,1.488,-1.314,lose
107,LINKUSDT,SELL,19068,1777782600000,2026-05-03 04:30:00,19069,1777783500000,2026-05-03 04:45:00,9.088,19154,1777860900000,2026-05-04 02:15:00,9.267,86,9.063,9.298,0.275,2.311,-1.97,lose
108,LINKUSDT,BUY,19154,1777860000000,2026-05-04 02:00:00,19155,1777860900000,2026-05-04 02:15:00,9.267,19531,1778200200000,2026-05-08 00:30:00,9.868,377,10.247,9.253,10.575,0.151,6.485,win
109,LINKUSDT,SELL,19531,1778199300000,2026-05-08 00:15:00,19532,1778200200000,2026-05-08 00:30:00,9.868,19600,1778262300000,2026-05-08 17:45:00,10.256,69,9.761,10.28,1.084,4.175,-3.932,lose
110,LINKUSDT,BUY,19600,1778261400000,2026-05-08 17:30:00,19601,1778262300000,2026-05-08 17:45:00,10.256,19946,1778573700000,2026-05-12 08:15:00,10.387,346,10.87,10.252,5.987,0.039,1.277,win
111,LINKUSDT,SELL,19946,1778572800000,2026-05-12 08:00:00,19947,1778573700000,2026-05-12 08:15:00,10.387,20030,1778649300000,2026-05-13 05:15:00,10.461,84,10.088,10.495,2.879,1.04,-0.712,win
112,LINKUSDT,BUY,20030,1778648400000,2026-05-13 05:00:00,20031,1778649300000,2026-05-13 05:15:00,10.461,20069,1778684400000,2026-05-13 15:00:00,10.208,39,10.802,10.124,3.26,3.221,-2.419,win
113,LINKUSDT,SELL,20069,1778683500000,2026-05-13 14:45:00,20070,1778684400000,2026-05-13 15:00:00,10.208,20169,1778774400000,2026-05-14 16:00:00,10.635,100,10.031,10.66,1.734,4.428,-4.183,lose
114,LINKUSDT,BUY,20169,1778773500000,2026-05-14 15:45:00,20170,1778774400000,2026-05-14 16:00:00,10.635,20228,1778827500000,2026-05-15 06:45:00,10.291,59,10.769,10.199,1.26,4.1,-3.235,lose
115,LINKUSDT,SELL,20228,1778826600000,2026-05-15 06:30:00,20229,1778827500000,2026-05-15 06:45:00,10.291,20609,1779170400000,2026-05-19 06:00:00,9.745,381,9.298,10.391,9.649,0.972,5.306,win
116,LINKUSDT,BUY,20609,1779169500000,2026-05-19 05:45:00,20610,1779170400000,2026-05-19 06:00:00,9.745,20674,1779228900000,2026-05-19 22:15:00,9.462,65,9.821,9.43,0.78,3.232,-2.904,lose
117,LINKUSDT,SELL,20674,1779228000000,2026-05-19 22:00:00,20675,1779228900000,2026-05-19 22:15:00,9.462,20778,1779322500000,2026-05-21 00:15:00,9.656,104,9.372,9.685,0.951,2.357,-2.05,lose
118,LINKUSDT,BUY,20778,1779321600000,2026-05-21 00:00:00,20779,1779322500000,2026-05-21 00:15:00,9.656,20953,1779480000000,2026-05-22 20:00:00,9.462,175,10.031,9.366,3.884,3.003,-2.009,win
119,LINKUSDT,SELL,20953,1779479100000,2026-05-22 19:45:00,20954,1779480000000,2026-05-22 20:00:00,9.462,21053,1779570000000,2026-05-23 21:00:00,9.753,100,9.034,9.755,4.523,3.097,-3.075,win
120,LINKUSDT,BUY,21053,1779569100000,2026-05-23 20:45:00,21054,1779570000000,2026-05-23 21:00:00,9.753,21151,1779658200000,2026-05-24 21:30:00,9.353,98,9.78,9.335,0.277,4.286,-4.101,lose
121,LINKUSDT,SELL,21151,1779657300000,2026-05-24 21:15:00,21152,1779658200000,2026-05-24 21:30:00,9.353,21221,1779721200000,2026-05-25 15:00:00,9.609,70,9.242,9.637,1.187,3.036,-2.737,lose
122,LINKUSDT,BUY,21221,1779720300000,2026-05-25 14:45:00,21222,1779721200000,2026-05-25 15:00:00,9.609,21270,1779765300000,2026-05-26 03:15:00,9.358,49,9.668,9.354,0.614,2.654,-2.612,lose
123,LINKUSDT,SELL,21270,1779764400000,2026-05-26 03:00:00,21271,1779765300000,2026-05-26 03:15:00,9.358,21648,1780105500000,2026-05-30 01:45:00,9.161,378,8.745,9.682,6.551,3.462,2.105,win
124,LINKUSDT,BUY,21648,1780104600000,2026-05-30 01:30:00,21649,1780105500000,2026-05-30 01:45:00,9.161,21806,1780247700000,2026-05-31 17:15:00,9.026,158,9.31,9.01,1.626,1.648,-1.474,lose
125,LINKUSDT,SELL,21806,1780246800000,2026-05-31 17:00:00,21807,1780247700000,2026-05-31 17:15:00,9.026,22423,1780803000000,2026-06-07 03:30:00,7.576,617,6.987,9.218,22.59,2.127,16.065,win
126,LINKUSDT,BUY,22423,1780802100000,2026-06-07 03:15:00,22424,1780803000000,2026-06-07 03:30:00,7.576,22712,1781063100000,2026-06-10 03:45:00,7.747,289,8.123,7.526,7.22,0.66,2.257,win
127,LINKUSDT,SELL,22712,1781062200000,2026-06-10 03:30:00,22713,1781063100000,2026-06-10 03:45:00,7.747,22842,1781180100000,2026-06-11 12:15:00,7.836,130,7.476,7.898,3.498,1.949,-1.149,win
128,LINKUSDT,BUY,22842,1781179200000,2026-06-11 12:00:00,22843,1781180100000,2026-06-11 12:15:00,7.836,23141,1781449200000,2026-06-14 15:00:00,7.826,299,8.057,7.681,2.82,1.978,-0.128,win
129,LINKUSDT,SELL,23141,1781448300000,2026-06-14 14:45:00,23142,1781449200000,2026-06-14 15:00:00,7.826,23171,1781476200000,2026-06-14 22:30:00,8.08,30,7.779,8.155,0.601,4.204,-3.246,lose
130,LINKUSDT,BUY,23171,1781475300000,2026-06-14 22:15:00,23172,1781476200000,2026-06-14 22:30:00,8.08,23414,1781694900000,2026-06-17 11:15:00,8.139,243,8.618,8.072,6.658,0.099,0.73,win
131,LINKUSDT,SELL,23414,1781694000000,2026-06-17 11:00:00,23415,1781694900000,2026-06-17 11:15:00,8.139,23795,1782037800000,2026-06-21 10:30:00,7.993,381,7.761,8.367,4.644,2.801,1.794,win
132,LINKUSDT,BUY,23795,1782036900000,2026-06-21 10:15:00,23796,1782037800000,2026-06-21 10:30:00,7.993,23846,1782083700000,2026-06-21 23:15:00,7.801,51,7.994,7.77,0.013,2.79,-2.402,lose
133,LINKUSDT,SELL,23846,1782082800000,2026-06-21 23:00:00,23847,1782083700000,2026-06-21 23:15:00,7.801,23899,1782131400000,2026-06-22 12:30:00,8.113,53,7.762,8.122,0.5,4.115,-3.999,lose
134,LINKUSDT,BUY,23899,1782130500000,2026-06-22 12:15:00,23900,1782131400000,2026-06-22 12:30:00,8.113,23967,1782192600000,2026-06-23 05:30:00,7.824,68,8.153,7.806,0.493,3.784,-3.562,lose
135,LINKUSDT,SELL,23967,1782191700000,2026-06-23 05:15:00,23968,1782192600000,2026-06-23 05:30:00,7.824,24169,1782374400000,2026-06-25 08:00:00,7.532,202,7.116,7.837,9.049,0.166,3.732,win
136,LINKUSDT,BUY,24169,1782373500000,2026-06-25 07:45:00,24170,1782374400000,2026-06-25 08:00:00,7.532,24193,1782396000000,2026-06-25 14:00:00,7.024,24,7.533,7.001,0.013,7.05,-6.745,lose
137,LINKUSDT,SELL,24193,1782395100000,2026-06-25 13:45:00,24194,1782396000000,2026-06-25 14:00:00,7.024,24335,1782523800000,2026-06-27 01:30:00,7.355,142,7.009,7.399,0.214,5.339,-4.712,lose
138,LINKUSDT,BUY,24335,1782522900000,2026-06-27 01:15:00,24336,1782523800000,2026-06-27 01:30:00,7.355,24439,1782617400000,2026-06-28 03:30:00,7.296,104,7.473,7.242,1.604,1.536,-0.802,lose
139,LINKUSDT,SELL,24439,1782616500000,2026-06-28 03:15:00,24440,1782617400000,2026-06-28 03:30:00,7.296,24596,1782758700000,2026-06-29 18:45:00,7.463,157,7.152,7.499,1.974,2.782,-2.289,lose
140,LINKUSDT,BUY,24596,1782757800000,2026-06-29 18:30:00,24597,1782758700000,2026-06-29 18:45:00,7.463,24659,1782815400000,2026-06-30 10:30:00,7.275,63,7.48,7.242,0.228,2.961,-2.519,lose
141,LINKUSDT,SELL,24659,1782814500000,2026-06-30 10:15:00,24660,1782815400000,2026-06-30 10:30:00,7.275,24777,1782921600000,2026-07-01 16:00:00,7.411,118,7.07,7.461,2.818,2.557,-1.869,win
142,LINKUSDT,BUY,24777,1782920700000,2026-07-01 15:45:00,24778,1782921600000,2026-07-01 16:00:00,7.411,25111,1783222200000,2026-07-05 03:30:00,7.878,334,8.174,7.301,10.296,1.484,6.301,win
143,LINKUSDT,SELL,25111,1783221300000,2026-07-05 03:15:00,25112,1783222200000,2026-07-05 03:30:00,7.878,25187,1783290600000,2026-07-05 22:30:00,8.124,76,7.834,8.127,0.559,3.161,-3.123,lose
144,LINKUSDT,BUY,25187,1783289700000,2026-07-05 22:15:00,25188,1783290600000,2026-07-05 22:30:00,8.124,25253,1783350000000,2026-07-06 15:00:00,7.854,66,8.149,7.756,0.308,4.53,-3.323,lose
145,LINKUSDT,SELL,25253,1783349100000,2026-07-06 14:45:00,25254,1783350000000,2026-07-06 15:00:00,7.854,25552,1783619100000,2026-07-09 17:45:00,7.757,299,7.517,8.172,4.291,4.049,1.235,win
146,LINKUSDT,BUY,25552,1783618200000,2026-07-09 17:30:00,25553,1783619100000,2026-07-09 17:45:00,7.757,25770,1783815300000,2026-07-12 00:15:00,7.89,218,8.117,7.703,4.641,0.696,1.715,win
147,LINKUSDT,SELL,25770,1783814400000,2026-07-12 00:00:00,25771,1783815300000,2026-07-12 00:15:00,7.89,25849,1783886400000,2026-07-12 20:00:00,8.074,79,7.854,8.101,0.456,2.674,-2.332,lose
148,LINKUSDT,BUY,25849,1783885500000,2026-07-12 19:45:00,25850,1783886400000,2026-07-12 20:00:00,8.074,25914,1783944900000,2026-07-13 12:15:00,7.93,65,8.134,7.862,0.743,2.626,-1.784,lose
149,LINKUSDT,SELL,25914,1783944000000,2026-07-13 12:00:00,25915,1783944900000,2026-07-13 12:15:00,7.93,26014,1784034900000,2026-07-14 13:15:00,8.18,100,7.788,8.225,1.791,3.72,-3.153,lose
150,LINKUSDT,BUY,26014,1784034000000,2026-07-14 13:00:00,26015,1784034900000,2026-07-14 13:15:00,8.18,26249,1784246400000,2026-07-17 00:00:00,8.337,235,8.632,8.18,5.526,0.0,1.919,win
151,LINKUSDT,SELL,26249,1784245500000,2026-07-16 23:45:00,26250,1784246400000,2026-07-17 00:00:00,8.337,26426,1784405700000,2026-07-18 20:15:00,8.34,177,8.001,8.364,4.03,0.324,-0.036,win
152,LINKUSDT,BUY,26426,1784404800000,2026-07-18 20:00:00,26427,1784405700000,2026-07-18 20:15:00,8.34,26857,1784793600000,2026-07-23 08:00:00,8.53,431,8.76,8.279,5.036,0.731,2.278,win
153,LINKUSDT,SELL,26857,1784792700000,2026-07-23 07:45:00,26858,1784793600000,2026-07-23 08:00:00,8.53,27091,1785004200000,2026-07-25 18:30:00,8.416,234,8.262,8.657,3.142,1.489,1.336,win
154,LINKUSDT,BUY,27091,1785003300000,2026-07-25 18:15:00,27092,1785004200000,2026-07-25 18:30:00,8.416,27289,1785182400000,2026-07-27 20:00:00,8.632,198,8.92,8.352,5.989,0.76,2.567,win
155,LINKUSDT,SELL,27289,1785181500000,2026-07-27 19:45:00,27290,1785182400000,2026-07-27 20:00:00,8.632,27547,1785414600000,2026-07-30 12:30:00,8.464,258,8.158,8.643,5.491,0.127,1.946,win
156,LINKUSDT,BUY,27547,1785413700000,2026-07-30 12:15:00,27548,1785414600000,2026-07-30 12:30:00,8.464,27633,1785492000000,2026-07-31 10:00:00,8.247,86,8.538,8.242,0.874,2.623,-2.564,lose
157,LINKUSDT,SELL,27633,1785491100000,2026-07-31 09:45:00,27634,1785492000000,2026-07-31 10:00:00,8.247,27796,1785638700000,2026-08-02 02:45:00,8.236,163,7.882,8.287,4.426,0.485,0.133,win
158,LINKUSDT,BUY,27796,1785637800000,2026-08-02 02:30:00,27797,1785638700000,2026-08-02 02:45:00,8.236,27931,1785760200000,2026-08-03 12:30:00,8.175,135,8.453,8.157,2.635,0.959,-0.741,win
159,LINKUSDT,SELL,27931,1785759300000,2026-08-03 12:15:00,27932,1785760200000,2026-08-03 12:30:00,8.175,28242,1786040100000,2026-08-06 18:15:00,8.305,311,8.062,8.339,1.382,2.006,-1.59,lose
160,LINKUSDT,BUY,28242,1786039200000,2026-08-06 18:00:00,28243,1786040100000,2026-08-06 18:15:00,8.305,28557,1786323600000,2026-08-10 01:00:00,8.183,315,8.397,8.101,1.108,2.456,-1.469,lose
161,LINKUSDT,SELL,28557,1786322700000,2026-08-10 00:45:00,28558,1786323600000,2026-08-10 01:00:00,8.183,28657,1786413600000,2026-08-11 02:00:00,8.424,100,8.165,8.463,0.22,3.422,-2.945,lose
162,LINKUSDT,BUY,28657,1786412700000,2026-08-11 01:45:00,28658,1786413600000,2026-08-11 02:00:00,8.424,29813,1787454000000,2026-08-23 03:00:00,11.54,1156,12.625,8.362,49.869,0.736,36.99,win
163,LINKUSDT,SELL,29813,1787453100000,2026-08-23 02:45:00,29814,1787454000000,2026-08-23 03:00:00,11.54,29999,1787620500000,2026-08-25 01:15:00,11.701,186,11.038,11.793,4.35,2.192,-1.395,win
1,NEARUSDT,SELL,17,1760636700000,2025-10-16 17:45:00,18,1760637600000,2025-10-16 18:00:00,2.258,279,1760873400000,2025-10-19 11:30:00,2.229,262,2.055,2.264,8.99,0.266,1.284,win
2,NEARUSDT,BUY,279,1760872500000,2025-10-19 11:15:00,280,1760873400000,2025-10-19 11:30:00,2.229,442,1761020100000,2025-10-21 04:15:00,2.197,163,2.337,2.189,4.845,1.795,-1.436,win
3,NEARUSDT,SELL,442,1761019200000,2025-10-21 04:00:00,443,1761020100000,2025-10-21 04:15:00,2.197,486,1761059700000,2025-10-21 15:15:00,2.337,44,2.162,2.346,1.593,6.782,-6.372,lose
4,NEARUSDT,BUY,486,1761058800000,2025-10-21 15:00:00,487,1761059700000,2025-10-21 15:15:00,2.337,546,1761113700000,2025-10-22 06:15:00,2.204,60,2.363,2.189,1.113,6.333,-5.691,lose
5,NEARUSDT,SELL,546,1761112800000,2025-10-22 06:00:00,547,1761113700000,2025-10-22 06:15:00,2.204,734,1761282900000,2025-10-24 05:15:00,2.247,188,2.093,2.254,5.036,2.269,-1.951,win
6,NEARUSDT,BUY,734,1761282000000,2025-10-24 05:00:00,735,1761282900000,2025-10-24 05:15:00,2.247,1173,1761678000000,2025-10-28 19:00:00,2.303,439,2.418,2.199,7.61,2.136,2.492,win
7,NEARUSDT,SELL,1173,1761677100000,2025-10-28 18:45:00,1174,1761678000000,2025-10-28 19:00:00,2.303,1250,1761747300000,2025-10-29 14:15:00,2.311,77,2.198,2.322,4.559,0.825,-0.347,win
8,NEARUSDT,BUY,1250,1761746400000,2025-10-29 14:00:00,1251,1761747300000,2025-10-29 14:15:00,2.311,1330,1761819300000,2025-10-30 10:15:00,2.206,80,2.347,2.191,1.558,5.193,-4.543,lose
9,NEARUSDT,SELL,1330,1761818400000,2025-10-30 10:00:00,1331,1761819300000,2025-10-30 10:15:00,2.206,1533,1762002000000,2025-11-01 13:00:00,2.175,203,2.028,2.22,8.069,0.635,1.405,win
10,NEARUSDT,BUY,1533,1762001100000,2025-11-01 12:45:00,1534,1762002000000,2025-11-01 13:00:00,2.175,1688,1762141500000,2025-11-03 03:45:00,2.058,155,2.202,2.054,1.241,5.563,-5.379,lose
11,NEARUSDT,SELL,1688,1762140600000,2025-11-03 03:30:00,1689,1762141500000,2025-11-03 03:45:00,2.058,1939,1762367400000,2025-11-05 18:30:00,1.938,251,1.719,2.069,16.472,0.534,5.831,win
12,NEARUSDT,BUY,1939,1762366500000,2025-11-05 18:15:00,1940,1762367400000,2025-11-05 18:30:00,1.938,2449,1762826400000,2025-11-11 02:00:00,2.746,510,3.184,1.886,64.293,2.683,41.692,win
13,NEARUSDT,SELL,2449,1762825500000,2025-11-11 01:45:00,2450,1762826400000,2025-11-11 02:00:00,2.746,2844,1763181900000,2025-11-15 04:45:00,2.547,395,2.304,2.834,16.096,3.205,7.247,win
14,NEARUSDT,BUY,2844,1763181000000,2025-11-15 04:30:00,2845,1763181900000,2025-11-15 04:45:00,2.547,2922,1763252100000,2025-11-16 00:15:00,2.39,78,2.622,2.389,2.945,6.203,-6.164,win
15,NEARUSDT,SELL,2922,1763251200000,2025-11-16 00:00:00,2923,1763252100000,2025-11-16 00:15:00,2.39,3306,1763597700000,2025-11-20 00:15:00,2.368,384,2.147,2.561,10.167,7.155,0.921,win
16,NEARUSDT,BUY,3306,1763596800000,2025-11-20 00:00:00,3307,1763597700000,2025-11-20 00:15:00,2.368,3373,1763658000000,2025-11-20 17:00:00,2.15,67,2.412,2.136,1.858,9.797,-9.206,lose
17,NEARUSDT,SELL,3373,1763657100000,2025-11-20 16:45:00,3374,1763658000000,2025-11-20 17:00:00,2.15,3757,1764003600000,2025-11-24 17:00:00,1.938,384,1.796,2.169,16.465,0.884,9.86,win
18,NEARUSDT,BUY,3757,1764002700000,2025-11-24 16:45:00,3758,1764003600000,2025-11-24 17:00:00,1.938,3823,1764063000000,2025-11-25 09:30:00,1.84,66,1.986,1.839,2.477,5.108,-5.057,win
19,NEARUSDT,SELL,3823,1764062100000,2025-11-25 09:15:00,3824,1764063000000,2025-11-25 09:30:00,1.84,3959,1764185400000,2025-11-26 19:30:00,1.943,136,1.815,1.959,1.359,6.467,-5.598,lose
20,NEARUSDT,BUY,3959,1764184500000,2025-11-26 19:15:00,3960,1764185400000,2025-11-26 19:30:00,1.943,4083,1764297000000,2025-11-28 02:30:00,1.867,124,1.954,1.867,0.566,3.911,-3.911,lose
21,NEARUSDT,SELL,4083,1764296100000,2025-11-28 02:15:00,4084,1764297000000,2025-11-28 02:30:00,1.867,4500,1764672300000,2025-12-02 10:45:00,1.697,417,1.583,1.955,15.212,4.713,9.106,win
22,NEARUSDT,BUY,4500,1764671400000,2025-12-02 10:30:00,4501,1764672300000,2025-12-02 10:45:00,1.697,4728,1764877500000,2025-12-04 19:45:00,1.785,228,1.898,1.696,11.844,0.059,5.186,win
23,NEARUSDT,SELL,4728,1764876600000,2025-12-04 19:30:00,4729,1764877500000,2025-12-04 19:45:00,1.785,5021,1765141200000,2025-12-07 21:00:00,1.767,293,1.637,1.817,8.291,1.793,1.008,win
24,NEARUSDT,BUY,5021,1765140300000,2025-12-07 20:45:00,5022,1765141200000,2025-12-07 21:00:00,1.767,5168,1765273500000,2025-12-09 09:45:00,1.711,147,1.802,1.683,1.981,4.754,-3.169,lose
25,NEARUSDT,SELL,5168,1765272600000,2025-12-09 09:30:00,5169,1765273500000,2025-12-09 09:45:00,1.711,5193,1765296000000,2025-12-09 16:00:00,1.834,25,1.71,1.842,0.058,7.656,-7.189,lose
26,NEARUSDT,BUY,5193,1765295100000,2025-12-09 15:45:00,5194,1765296000000,2025-12-09 16:00:00,1.834,5263,1765359000000,2025-12-10 09:30:00,1.756,70,1.885,1.751,2.781,4.526,-4.253,win
27,NEARUSDT,SELL,5263,1765358100000,2025-12-10 09:15:00,5264,1765359000000,2025-12-10 09:30:00,1.756,5557,1765623600000,2025-12-13 11:00:00,1.676,294,1.582,1.864,9.909,6.15,4.556,win
28,NEARUSDT,BUY,5557,1765622700000,2025-12-13 10:45:00,5558,1765623600000,2025-12-13 11:00:00,1.676,5639,1765697400000,2025-12-14 07:30:00,1.63,82,1.684,1.625,0.477,3.043,-2.745,lose
29,NEARUSDT,SELL,5639,1765696500000,2025-12-14 07:15:00,5640,1765697400000,2025-12-14 07:30:00,1.63,5887,1765920600000,2025-12-16 21:30:00,1.59,248,1.487,1.646,8.773,0.982,2.454,win
30,NEARUSDT,BUY,5887,1765919700000,2025-12-16 21:15:00,5888,1765920600000,2025-12-16 21:30:00,1.59,5972,1765997100000,2025-12-17 18:45:00,1.485,85,1.613,1.477,1.447,7.107,-6.604,lose
31,NEARUSDT,SELL,5972,1765996200000,2025-12-17 18:30:00,5973,1765997100000,2025-12-17 18:45:00,1.485,6057,1766073600000,2025-12-18 16:00:00,1.567,85,1.451,1.589,2.29,7.003,-5.522,win
32,NEARUSDT,BUY,6057,1766072700000,2025-12-18 15:45:00,6058,1766073600000,2025-12-18 16:00:00,1.567,6080,1766094300000,2025-12-18 21:45:00,1.425,23,1.6,1.421,2.106,9.317,-9.062,win
33,NEARUSDT,SELL,6080,1766093400000,2025-12-18 21:30:00,6081,1766094300000,2025-12-18 21:45:00,1.425,6156,1766162700000,2025-12-19 16:45:00,1.542,76,1.404,1.546,1.474,8.491,-8.211,lose
34,NEARUSDT,BUY,6156,1766161800000,2025-12-19 16:30:00,6157,1766162700000,2025-12-19 16:45:00,1.542,6336,1766324700000,2025-12-21 13:45:00,1.468,180,1.56,1.466,1.167,4.929,-4.799,lose
35,NEARUSDT,SELL,6336,1766323800000,2025-12-21 13:30:00,6337,1766324700000,2025-12-21 13:45:00,1.468,6404,1766385900000,2025-12-22 06:45:00,1.532,68,1.453,1.543,1.022,5.109,-4.36,lose
36,NEARUSDT,BUY,6404,1766385000000,2025-12-22 06:30:00,6405,1766385900000,2025-12-22 06:45:00,1.532,6483,1766457000000,2025-12-23 02:30:00,1.503,79,1.586,1.49,3.525,2.742,-1.893,win
37,NEARUSDT,SELL,6483,1766456100000,2025-12-23 02:15:00,6484,1766457000000,2025-12-23 02:30:00,1.503,6685,1766638800000,2025-12-25 05:00:00,1.509,202,1.434,1.531,4.591,1.863,-0.399,win
38,NEARUSDT,BUY,6685,1766637900000,2025-12-25 04:45:00,6686,1766638800000,2025-12-25 05:00:00,1.509,6762,1766708100000,2025-12-26 00:15:00,1.436,77,1.511,1.431,0.133,5.169,-4.838,lose
39,NEARUSDT,SELL,6762,1766707200000,2025-12-26 00:00:00,6763,1766708100000,2025-12-26 00:15:00,1.436,6776,1766720700000,2025-12-26 03:45:00,1.524,14,1.43,1.542,0.418,7.382,-6.128,lose
40,NEARUSDT,BUY,6776,1766719800000,2025-12-26 03:30:00,6777,1766720700000,2025-12-26 03:45:00,1.524,7041,1766959200000,2025-12-28 22:00:00,1.559,265,1.615,1.485,5.971,2.559,2.297,win
41,NEARUSDT,SELL,7041,1766958300000,2025-12-28 21:45:00,7042,1766959200000,2025-12-28 22:00:00,1.559,7394,1767276900000,2026-01-01 14:15:00,1.555,353,1.467,1.611,5.901,3.335,0.257,win
42,NEARUSDT,BUY,7394,1767276000000,2026-01-01 14:00:00,7395,1767276900000,2026-01-01 14:15:00,1.555,7968,1767793500000,2026-01-07 13:45:00,1.753,574,1.84,1.543,18.328,0.772,12.733,win
43,NEARUSDT,SELL,7968,1767792600000,2026-01-07 13:30:00,7969,1767793500000,2026-01-07 13:45:00,1.753,8406,1768187700000,2026-01-12 03:15:00,1.763,438,1.656,1.764,5.533,0.627,-0.57,win
44,NEARUSDT,BUY,8406,1768186800000,2026-01-12 03:00:00,8407,1768187700000,2026-01-12 03:15:00,1.763,8446,1768223700000,2026-01-12 13:15:00,1.662,40,1.769,1.66,0.34,5.842,-5.729,lose
45,NEARUSDT,SELL,8446,1768222800000,2026-01-12 13:00:00,8447,1768223700000,2026-01-12 13:15:00,1.662,8526,1768295700000,2026-01-13 09:15:00,1.745,80,1.643,1.753,1.143,5.475,-4.994,lose
46,NEARUSDT,BUY,8526,1768294800000,2026-01-13 09:00:00,8527,1768295700000,2026-01-13 09:15:00,1.745,8696,1768448700000,2026-01-15 03:45:00,1.748,170,1.894,1.74,8.539,0.287,0.172,win
47,NEARUSDT,SELL,8696,1768447800000,2026-01-15 03:30:00,8697,1768448700000,2026-01-15 03:45:00,1.748,8904,1768635900000,2026-01-17 07:45:00,1.767,208,1.672,1.812,4.348,3.661,-1.087,win
48,NEARUSDT,BUY,8904,1768635000000,2026-01-17 07:30:00,8905,1768635900000,2026-01-17 07:45:00,1.767,8985,1768708800000,2026-01-18 04:00:00,1.721,81,1.809,1.714,2.377,2.999,-2.603,win
49,NEARUSDT,SELL,8985,1768707900000,2026-01-18 03:45:00,8986,1768708800000,2026-01-18 04:00:00,1.721,9922,1769552100000,2026-01-27 22:15:00,1.491,937,1.408,1.741,18.187,1.162,13.364,win
50,NEARUSDT,BUY,9922,1769551200000,2026-01-27 22:00:00,9923,1769552100000,2026-01-27 22:15:00,1.491,10053,1769670000000,2026-01-29 07:00:00,1.453,131,1.501,1.434,0.671,3.823,-2.549,lose
51,NEARUSDT,SELL,10053,1769669100000,2026-01-29 06:45:00,10054,1769670000000,2026-01-29 07:00:00,1.453,10476,1770050700000,2026-02-02 16:45:00,1.232,423,1.09,1.454,24.983,0.069,15.21,win
52,NEARUSDT,BUY,10476,1770049800000,2026-02-02 16:30:00,10477,1770050700000,2026-02-02 16:45:00,1.232,10576,1770140700000,2026-02-03 17:45:00,1.151,100,1.236,1.151,0.325,6.575,-6.575,lose
53,NEARUSDT,SELL,10576,1770139800000,2026-02-03 17:30:00,10577,1770140700000,2026-02-03 17:45:00,1.151,10858,1770394500000,2026-02-06 16:15:00,1.077,282,0.84,1.236,27.02,7.385,6.429,win
54,NEARUSDT,BUY,10858,1770393600000,2026-02-06 16:00:00,10859,1770394500000,2026-02-06 16:15:00,1.077,11063,1770579000000,2026-02-08 19:30:00,1.048,205,1.113,1.029,3.343,4.457,-2.693,win
55,NEARUSDT,SELL,11063,1770578100000,2026-02-08 19:15:00,11064,1770579000000,2026-02-08 19:30:00,1.048,11175,1770679800000,2026-02-09 23:30:00,1.032,112,0.985,1.063,6.011,1.431,1.527,win
56,NEARUSDT,BUY,11175,1770678900000,2026-02-09 23:15:00,11176,1770679800000,2026-02-09 23:30:00,1.032,11208,1770709500000,2026-02-10 07:45:00,0.997,33,1.037,0.982,0.484,4.845,-3.391,lose
57,NEARUSDT,SELL,11208,1770708600000,2026-02-10 07:30:00,11209,1770709500000,2026-02-10 07:45:00,0.997,11409,1770890400000,2026-02-12 10:00:00,0.996,201,0.938,1.008,5.918,1.103,0.1,win
58,NEARUSDT,BUY,11409,1770889500000,2026-02-12 09:45:00,11410,1770890400000,2026-02-12 10:00:00,0.996,11443,1770921000000,2026-02-12 18:30:00,0.948,34,1.011,0.933,1.506,6.325,-4.819,lose
59,NEARUSDT,SELL,11443,1770920100000,2026-02-12 18:15:00,11444,1770921000000,2026-02-12 18:30:00,0.948,11524,1770993900000,2026-02-13 14:45:00,0.999,81,0.939,1.007,0.949,6.224,-5.38,lose
60,NEARUSDT,BUY,11524,1770993000000,2026-02-13 14:30:00,11525,1770993900000,2026-02-13 14:45:00,0.999,11736,1771184700000,2026-02-15 19:45:00,1.038,212,1.102,0.993,10.31,0.601,3.904,win
61,NEARUSDT,SELL,11736,1771183800000,2026-02-15 19:30:00,11737,1771184700000,2026-02-15 19:45:00,1.038,12211,1771612200000,2026-02-20 18:30:00,1.038,475,0.98,1.074,5.588,3.468,0.0,win
62,NEARUSDT,BUY,12211,1771611300000,2026-02-20 18:15:00,12212,1771612200000,2026-02-20 18:30:00,1.038,12339,1771727400000,2026-02-22 02:30:00,1.034,128,1.108,1.032,6.744,0.578,-0.385,win
63,NEARUSDT,SELL,12339,1771726500000,2026-02-22 02:15:00,12340,1771727400000,2026-02-22 02:30:00,1.034,12654,1772010900000,2026-02-25 09:15:00,1.012,315,0.951,1.036,8.027,0.193,2.128,win
64,NEARUSDT,BUY,12654,1772010000000,2026-02-25 09:00:00,12655,1772010900000,2026-02-25 09:15:00,1.012,12780,1772124300000,2026-02-26 16:45:00,1.1,126,1.262,1.008,24.704,0.395,8.696,win
65,NEARUSDT,SELL,12780,1772123400000,2026-02-26 16:30:00,12781,1772124300000,2026-02-26 16:45:00,1.1,12991,1772314200000,2026-02-28 21:30:00,1.15,211,1.027,1.162,6.636,5.636,-4.545,win
66,NEARUSDT,BUY,12991,1772313300000,2026-02-28 21:15:00,12992,1772314200000,2026-02-28 21:30:00,1.15,13386,1772669700000,2026-03-05 00:15:00,1.293,395,1.453,1.112,26.348,3.304,12.435,win
67,NEARUSDT,SELL,13386,1772668800000,2026-03-05 00:00:00,13387,1772669700000,2026-03-05 00:15:00,1.293,13731,1772980200000,2026-03-08 14:30:00,1.23,345,1.193,1.328,7.734,2.707,4.872,win
68,NEARUSDT,BUY,13731,1772979300000,2026-03-08 14:15:00,13732,1772980200000,2026-03-08 14:30:00,1.23,14274,1773468900000,2026-03-14 06:15:00,1.316,543,1.422,1.187,15.61,3.496,6.992,win
69,NEARUSDT,SELL,14274,1773468000000,2026-03-14 06:00:00,14275,1773468900000,2026-03-14 06:15:00,1.316,14355,1773541800000,2026-03-15 02:30:00,1.344,81,1.298,1.356,1.368,3.04,-2.128,lose
70,NEARUSDT,BUY,14355,1773540900000,2026-03-15 02:15:00,14356,1773541800000,2026-03-15 02:30:00,1.344,14689,1773842400000,2026-03-18 14:00:00,1.407,334,1.509,1.324,12.277,1.488,4.687,win
71,NEARUSDT,SELL,14689,1773841500000,2026-03-18 13:45:00,14690,1773842400000,2026-03-18 14:00:00,1.407,15187,1774290600000,2026-03-23 18:30:00,1.302,498,1.25,1.409,11.158,0.142,7.463,win
72,NEARUSDT,BUY,15187,1774289700000,2026-03-23 18:15:00,15188,1774290600000,2026-03-23 18:30:00,1.302,15333,1774422000000,2026-03-25 07:00:00,1.276,146,1.329,1.264,2.074,2.919,-1.997,win
73,NEARUSDT,SELL,15333,1774421100000,2026-03-25 06:45:00,15334,1774422000000,2026-03-25 07:00:00,1.276,15803,1774845000000,2026-03-30 04:30:00,1.196,470,1.129,1.311,11.52,2.743,6.27,win
74,NEARUSDT,BUY,15803,1774844100000,2026-03-30 04:15:00,15804,1774845000000,2026-03-30 04:30:00,1.196,15859,1774895400000,2026-03-30 18:30:00,1.163,56,1.224,1.156,2.341,3.344,-2.759,win
75,NEARUSDT,SELL,15859,1774894500000,2026-03-30 18:15:00,15860,1774895400000,2026-03-30 18:30:00,1.163,15949,1774976400000,2026-03-31 17:00:00,1.195,90,1.148,1.203,1.29,3.439,-2.752,lose
76,NEARUSDT,BUY,15949,1774975500000,2026-03-31 16:45:00,15950,1774976400000,2026-03-31 17:00:00,1.195,16086,1775099700000,2026-04-02 03:15:00,1.161,137,1.229,1.156,2.845,3.264,-2.845,win
77,NEARUSDT,SELL,16086,1775098800000,2026-04-02 03:00:00,16087,1775099700000,2026-04-02 03:15:00,1.161,16195,1775197800000,2026-04-03 06:30:00,1.189,109,1.138,1.192,1.981,2.67,-2.412,lose
78,NEARUSDT,BUY,16195,1775196900000,2026-04-03 06:15:00,16196,1775197800000,2026-04-03 06:30:00,1.189,16443,1775421000000,2026-04-05 20:30:00,1.231,248,1.287,1.188,8.242,0.084,3.532,win
79,NEARUSDT,SELL,16443,1775420100000,2026-04-05 20:15:00,16444,1775421000000,2026-04-05 20:30:00,1.231,16468,1775443500000,2026-04-06 02:45:00,1.266,25,1.222,1.275,0.731,3.574,-2.843,lose
80,NEARUSDT,BUY,16468,1775442600000,2026-04-06 02:30:00,16469,1775443500000,2026-04-06 02:45:00,1.266,16556,1775522700000,2026-04-07 00:45:00,1.239,88,1.302,1.235,2.844,2.449,-2.133,win
81,NEARUSDT,SELL,16556,1775521800000,2026-04-07 00:30:00,16557,1775522700000,2026-04-07 00:45:00,1.239,16641,1775599200000,2026-04-07 22:00:00,1.307,85,1.22,1.314,1.533,6.053,-5.488,lose
82,NEARUSDT,BUY,16641,1775598300000,2026-04-07 21:45:00,16642,1775599200000,2026-04-07 22:00:00,1.307,17050,1775967300000,2026-04-12 04:15:00,1.338,409,1.424,1.284,8.952,1.76,2.372,win
83,NEARUSDT,SELL,17050,1775966400000,2026-04-12 04:00:00,17051,1775967300000,2026-04-12 04:15:00,1.338,17156,1776062700000,2026-04-13 06:45:00,1.388,106,1.323,1.391,1.121,3.961,-3.737,lose
84,NEARUSDT,BUY,17156,1776061800000,2026-04-13 06:30:00,17157,1776062700000,2026-04-13 06:45:00,1.388,17300,1776192300000,2026-04-14 18:45:00,1.366,144,1.438,1.361,3.602,1.945,-1.585,win
85,NEARUSDT,SELL,17300,1776191400000,2026-04-14 18:30:00,17301,1776192300000,2026-04-14 18:45:00,1.366,17377,1776261600000,2026-04-15 14:00:00,1.384,77,1.341,1.401,1.83,2.562,-1.318,lose
86,NEARUSDT,BUY,17377,1776260700000,2026-04-15 13:45:00,17378,1776261600000,2026-04-15 14:00:00,1.384,17666,1776521700000,2026-04-18 14:15:00,1.38,289,1.442,1.365,4.191,1.373,-0.289,win
87,NEARUSDT,SELL,17666,1776520800000,2026-04-18 14:00:00,17667,1776521700000,2026-04-18 14:15:00,1.38,17935,1776763800000,2026-04-21 09:30:00,1.379,269,1.321,1.389,4.275,0.652,0.072,win
88,NEARUSDT,BUY,17935,1776762900000,2026-04-21 09:15:00,17936,1776763800000,2026-04-21 09:30:00,1.379,18109,1776920400000,2026-04-23 05:00:00,1.383,174,1.431,1.349,3.771,2.175,0.29,win
89,NEARUSDT,SELL,18109,1776919500000,2026-04-23 04:45:00,18110,1776920400000,2026-04-23 05:00:00,1.383,18211,1777012200000,2026-04-24 06:30:00,1.414,102,1.369,1.416,1.012,2.386,-2.242,lose
90,NEARUSDT,BUY,18211,1777011300000,2026-04-24 06:15:00,18212,1777012200000,2026-04-24 06:30:00,1.414,18358,1777144500000,2026-04-25 19:15:00,1.391,147,1.432,1.387,1.273,1.909,-1.627,lose
91,NEARUSDT,SELL,18358,1777143600000,2026-04-25 19:00:00,18359,1777144500000,2026-04-25 19:15:00,1.391,18690,1777443300000,2026-04-29 06:15:00,1.367,332,1.328,1.413,4.529,1.582,1.725,win
92,NEARUSDT,BUY,18690,1777442400000,2026-04-29 06:00:00,18691,1777443300000,2026-04-29 06:15:00,1.367,18730,1777479300000,2026-04-29 16:15:00,1.32,40,1.372,1.315,0.366,3.804,-3.438,lose
93,NEARUSDT,SELL,18730,1777478400000,2026-04-29 16:00:00,18731,1777479300000,2026-04-29 16:15:00,1.32,19326,1778015700000,2026-05-05 21:15:00,1.312,596,1.244,1.341,5.758,1.591,0.606,win
94,NEARUSDT,BUY,19326,1778014800000,2026-05-05 21:00:00,19327,1778015700000,2026-05-05 21:15:00,1.312,19831,1778470200000,2026-05-11 03:30:00,1.526,505,1.631,1.287,24.314,1.905,16.311,win
95,NEARUSDT,SELL,19831,1778469300000,2026-05-11 03:15:00,19832,1778470200000,2026-05-11 03:30:00,1.526,19954,1778580900000,2026-05-12 10:15:00,1.602,123,1.503,1.605,1.507,5.177,-4.98,lose
96,NEARUSDT,BUY,19954,1778580000000,2026-05-12 10:00:00,19955,1778580900000,2026-05-12 10:15:00,1.602,20101,1778713200000,2026-05-13 23:00:00,1.575,147,1.69,1.513,5.493,5.556,-1.685,win
97,NEARUSDT,SELL,20101,1778712300000,2026-05-13 22:45:00,20102,1778713200000,2026-05-13 23:00:00,1.575,20424,1779003900000,2026-05-17 07:45:00,1.533,323,1.476,1.633,6.286,3.683,2.667,win
98,NEARUSDT,BUY,20424,1779003000000,2026-05-17 07:30:00,20425,1779003900000,2026-05-17 07:45:00,1.533,20521,1779091200000,2026-05-18 08:00:00,1.483,97,1.559,1.462,1.696,4.631,-3.262,lose
99,NEARUSDT,SELL,20521,1779090300000,2026-05-18 07:45:00,20522,1779091200000,2026-05-18 08:00:00,1.483,20570,1779135300000,2026-05-18 20:15:00,1.584,49,1.477,1.59,0.405,7.215,-6.811,lose
100,NEARUSDT,BUY,20570,1779134400000,2026-05-18 20:00:00,20571,1779135300000,2026-05-18 20:15:00,1.584,20693,1779246000000,2026-05-20 03:00:00,1.583,123,1.687,1.575,6.503,0.568,-0.063,win
101,NEARUSDT,SELL,20693,1779245100000,2026-05-20 02:45:00,20694,1779246000000,2026-05-20 03:00:00,1.583,20710,1779261300000,2026-05-20 07:15:00,1.655,17,1.579,1.671,0.253,5.559,-4.548,lose
102,NEARUSDT,BUY,20710,1779260400000,2026-05-20 07:00:00,20711,1779261300000,2026-05-20 07:15:00,1.655,21361,1779847200000,2026-05-27 02:00:00,2.526,651,2.978,1.627,79.94,1.692,52.628,win
103,NEARUSDT,SELL,21361,1779846300000,2026-05-27 01:45:00,21362,1779847200000,2026-05-27 02:00:00,2.526,21574,1780038900000,2026-05-29 07:15:00,2.532,213,2.269,2.738,10.174,8.393,-0.238,win
104,NEARUSDT,BUY,21574,1780038000000,2026-05-29 07:00:00,21575,1780038900000,2026-05-29 07:15:00,2.532,21659,1780115400000,2026-05-30 04:30:00,2.306,85,2.632,2.299,3.949,9.202,-8.926,win
105,NEARUSDT,SELL,21659,1780114500000,2026-05-30 04:15:00,21660,1780115400000,2026-05-30 04:30:00,2.306,21883,1780317000000,2026-06-01 12:30:00,2.394,224,2.209,2.443,4.206,5.941,-3.816,win
106,NEARUSDT,BUY,21883,1780316100000,2026-06-01 12:15:00,21884,1780317000000,2026-06-01 12:30:00,2.394,22150,1780557300000,2026-06-04 07:15:00,2.429,267,3.085,2.331,28.864,2.632,1.462,win
107,NEARUSDT,SELL,22150,1780556400000,2026-06-04 07:00:00,22151,1780557300000,2026-06-04 07:15:00,2.429,22478,1780852500000,2026-06-07 17:15:00,2.072,328,1.794,2.489,26.142,2.47,14.697,win
108,NEARUSDT,BUY,22478,1780851600000,2026-06-07 17:00:00,22479,1780852500000,2026-06-07 17:15:00,2.072,22767,1781112600000,2026-06-10 17:30:00,2.043,289,2.264,1.954,9.266,5.695,-1.4,win
109,NEARUSDT,SELL,22767,1781111700000,2026-06-10 17:15:00,22768,1781112600000,2026-06-10 17:30:00,2.043,23051,1781368200000,2026-06-13 16:30:00,2.101,284,1.927,2.186,5.678,7.0,-2.839,win
110,NEARUSDT,BUY,23051,1781367300000,2026-06-13 16:15:00,23052,1781368200000,2026-06-13 16:30:00,2.101,23339,1781627400000,2026-06-16 16:30:00,2.34,288,2.562,2.061,21.942,1.904,11.376,win
111,NEARUSDT,SELL,23339,1781626500000,2026-06-16 16:15:00,23340,1781627400000,2026-06-16 16:30:00,2.34,23774,1782018900000,2026-06-21 05:15:00,2.189,435,2.083,2.388,10.983,2.051,6.453,win
112,NEARUSDT,BUY,23774,1782018000000,2026-06-21 05:00:00,23775,1782018900000,2026-06-21 05:15:00,2.189,23845,1782082800000,2026-06-21 23:00:00,2.115,71,2.279,2.094,4.111,4.34,-3.381,win
113,NEARUSDT,SELL,23845,1782081900000,2026-06-21 22:45:00,23846,1782082800000,2026-06-21 23:00:00,2.115,24390,1782573300000,2026-06-27 15:15:00,1.897,545,1.751,2.198,17.21,3.924,10.307,win
114,NEARUSDT,BUY,24390,1782572400000,2026-06-27 15:00:00,24391,1782573300000,2026-06-27 15:15:00,1.897,24670,1782825300000,2026-06-30 13:15:00,1.763,280,1.954,1.757,3.005,7.38,-7.064,win
115,NEARUSDT,SELL,24670,1782824400000,2026-06-30 13:00:00,24671,1782825300000,2026-06-30 13:15:00,1.763,24802,1782944100000,2026-07-01 22:15:00,1.873,132,1.721,1.877,2.382,6.466,-6.239,win
116,NEARUSDT,BUY,24802,1782943200000,2026-07-01 22:00:00,24803,1782944100000,2026-07-01 22:15:00,1.873,25044,1783161900000,2026-07-04 10:45:00,1.959,242,2.115,1.8,12.92,3.897,4.592,win
117,NEARUSDT,SELL,25044,1783161000000,2026-07-04 10:30:00,25045,1783161900000,2026-07-04 10:45:00,1.959,25187,1783290600000,2026-07-05 22:30:00,2.034,143,1.921,2.046,1.94,4.441,-3.828,lose
118,NEARUSDT,BUY,25187,1783289700000,2026-07-05 22:15:00,25188,1783290600000,2026-07-05 22:30:00,2.034,25393,1783476000000,2026-07-08 02:00:00,1.919,206,2.108,1.913,3.638,5.949,-5.654,win
119,NEARUSDT,SELL,25393,1783475100000,2026-07-08 01:45:00,25394,1783476000000,2026-07-08 02:00:00,1.919,25560,1783626300000,2026-07-09 19:45:00,1.925,167,1.841,1.947,4.065,1.459,-0.313,win
120,NEARUSDT,BUY,25560,1783625400000,2026-07-09 19:30:00,25561,1783626300000,2026-07-09 19:45:00,1.925,25646,1783703700000,2026-07-10 17:15:00,1.897,86,1.967,1.877,2.182,2.494,-1.455,win
121,NEARUSDT,SELL,25646,1783702800000,2026-07-10 17:00:00,25647,1783703700000,2026-07-10 17:15:00,1.897,25913,1783944000000,2026-07-13 12:00:00,1.914,267,1.853,1.938,2.319,2.161,-0.896,win
122,NEARUSDT,BUY,25913,1783943100000,2026-07-13 11:45:00,25914,1783944000000,2026-07-13 12:00:00,1.914,26247,1784244600000,2026-07-16 23:30:00,1.962,334,2.106,1.875,10.031,2.038,2.508,win
123,NEARUSDT,SELL,26247,1784243700000,2026-07-16 23:15:00,26248,1784244600000,2026-07-16 23:30:00,1.962,26592,1784555100000,2026-07-20 13:45:00,1.981,345,1.871,2.007,4.638,2.294,-0.968,win
124,NEARUSDT,BUY,26592,1784554200000,2026-07-20 13:30:00,26593,1784555100000,2026-07-20 13:45:00,1.981,26701,1784653200000,2026-07-21 17:00:00,1.938,109,2.063,1.926,4.139,2.776,-2.171,win
125,NEARUSDT,SELL,26701,1784652300000,2026-07-21 16:45:00,26702,1784653200000,2026-07-21 17:00:00,1.938,27209,1785110400000,2026-07-27 00:00:00,1.837,508,1.776,1.952,8.359,0.722,5.212,win
126,NEARUSDT,BUY,27209,1785109500000,2026-07-26 23:45:00,27210,1785110400000,2026-07-27 00:00:00,1.837,27274,1785168900000,2026-07-27 16:15:00,1.772,65,1.859,1.77,1.198,3.647,-3.538,lose
127,NEARUSDT,SELL,27274,1785168000000,2026-07-27 16:00:00,27275,1785168900000,2026-07-27 16:15:00,1.772,27551,1785418200000,2026-07-30 13:30:00,1.654,277,1.569,1.786,11.456,0.79,6.659,win
128,NEARUSDT,BUY,27551,1785417300000,2026-07-30 13:15:00,27552,1785418200000,2026-07-30 13:30:00,1.654,28088,1785901500000,2026-08-05 03:45:00,1.699,537,1.768,1.631,6.892,1.391,2.721,win
129,NEARUSDT,SELL,28088,1785900600000,2026-08-05 03:30:00,28089,1785901500000,2026-08-05 03:45:00,1.699,28517,1786287600000,2026-08-09 15:00:00,1.623,429,1.574,1.73,7.357,1.825,4.473,win
130,NEARUSDT,BUY,28517,1786286700000,2026-08-09 14:45:00,28518,1786287600000,2026-08-09 15:00:00,1.623,28633,1786392000000,2026-08-10 20:00:00,1.605,116,1.669,1.592,2.834,1.91,-1.109,win
131,NEARUSDT,SELL,28633,1786391100000,2026-08-10 19:45:00,28634,1786392000000,2026-08-10 20:00:00,1.605,28746,1786493700000,2026-08-12 00:15:00,1.623,113,1.536,1.624,4.299,1.184,-1.121,win
132,NEARUSDT,BUY,28746,1786492800000,2026-08-12 00:00:00,28747,1786493700000,2026-08-12 00:15:00,1.623,28948,1786675500000,2026-08-14 02:45:00,1.617,202,1.683,1.609,3.697,0.863,-0.37,win
133,NEARUSDT,SELL,28948,1786674600000,2026-08-14 02:30:00,28949,1786675500000,2026-08-14 02:45:00,1.617,29038,1786756500000,2026-08-15 01:15:00,1.65,90,1.581,1.651,2.226,2.103,-2.041,win
134,NEARUSDT,BUY,29038,1786755600000,2026-08-15 01:00:00,29039,1786756500000,2026-08-15 01:15:00,1.65,29134,1786842900000,2026-08-16 01:15:00,1.613,96,1.669,1.61,1.152,2.424,-2.242,lose
135,NEARUSDT,SELL,29134,1786842000000,2026-08-16 01:00:00,29135,1786842900000,2026-08-16 01:15:00,1.613,29249,1786946400000,2026-08-17 06:00:00,1.634,115,1.582,1.645,1.922,1.984,-1.302,lose
136,NEARUSDT,BUY,29249,1786945500000,2026-08-17 05:45:00,29250,1786946400000,2026-08-17 06:00:00,1.634,29408,1787089500000,2026-08-18 21:45:00,1.592,159,1.666,1.583,1.958,3.121,-2.57,lose
137,NEARUSDT,SELL,29408,1787088600000,2026-08-18 21:30:00,29409,1787089500000,2026-08-18 21:45:00,1.592,29477,1787151600000,2026-08-19 15:00:00,1.638,69,1.562,1.641,1.884,3.078,-2.889,lose
138,NEARUSDT,BUY,29477,1787150700000,2026-08-19 14:45:00,29478,1787151600000,2026-08-19 15:00:00,1.638,29755,1787401800000,2026-08-22 12:30:00,1.916,278,2.148,1.588,31.136,3.053,16.972,win
139,NEARUSDT,SELL,29755,1787400900000,2026-08-22 12:15:00,29756,1787401800000,2026-08-22 12:30:00,1.916,29850,1787487300000,2026-08-23 12:15:00,1.946,95,1.803,1.975,5.898,3.079,-1.566,win
140,NEARUSDT,BUY,29850,1787486400000,2026-08-23 12:00:00,29851,1787487300000,2026-08-23 12:15:00,1.946,29999,1787620500000,2026-08-25 01:15:00,1.949,149,2.075,1.906,6.629,2.055,0.154,win
1,SOLUSDT,SELL,20,1760639400000,2025-10-16 18:30:00,21,1760640300000,2025-10-16 18:45:00,189.14,200,1760802300000,2025-10-18 15:45:00,185.0,180,174.0,189.76,8.005,0.328,2.189,win
2,SOLUSDT,BUY,200,1760801400000,2025-10-18 15:30:00,201,1760802300000,2025-10-18 15:45:00,185.0,406,1760987700000,2025-10-20 19:15:00,187.88,206,194.44,183.06,5.103,1.049,1.557,win
3,SOLUSDT,SELL,406,1760986800000,2025-10-20 19:00:00,407,1760987700000,2025-10-20 19:15:00,187.88,488,1761061500000,2025-10-21 15:45:00,196.66,82,182.65,196.83,2.784,4.764,-4.673,win
4,SOLUSDT,BUY,488,1761060600000,2025-10-21 15:30:00,489,1761061500000,2025-10-21 15:45:00,196.66,544,1761111900000,2025-10-22 05:45:00,184.2,56,197.69,183.13,0.524,6.88,-6.336,lose
5,SOLUSDT,SELL,544,1761111000000,2025-10-22 05:30:00,545,1761111900000,2025-10-22 05:45:00,184.2,649,1761206400000,2025-10-23 08:00:00,187.41,105,176.85,187.94,3.99,2.03,-1.743,win
6,SOLUSDT,BUY,649,1761205500000,2025-10-23 07:45:00,650,1761206400000,2025-10-23 08:00:00,187.41,1179,1761683400000,2025-10-28 20:30:00,193.11,530,205.3,186.5,9.546,0.486,3.041,win
7,SOLUSDT,SELL,1179,1761682500000,2025-10-28 20:15:00,1180,1761683400000,2025-10-28 20:30:00,193.11,1247,1761744600000,2025-10-29 13:30:00,201.13,68,190.02,201.66,1.6,4.428,-4.153,lose
8,SOLUSDT,BUY,1247,1761743700000,2025-10-29 13:15:00,1248,1761744600000,2025-10-29 13:30:00,201.13,1331,1761820200000,2025-10-30 10:30:00,191.91,84,201.32,188.88,0.094,6.091,-4.584,lose
9,SOLUSDT,SELL,1331,1761819300000,2025-10-30 10:15:00,1332,1761820200000,2025-10-30 10:30:00,191.91,1944,1762371900000,2025-11-05 19:45:00,163.05,613,145.67,192.55,24.095,0.333,15.038,win
10,SOLUSDT,BUY,1944,1762371000000,2025-11-05 19:30:00,1945,1762371900000,2025-11-05 19:45:00,163.05,2035,1762453800000,2025-11-06 18:30:00,155.96,91,163.88,153.75,0.509,5.704,-4.348,lose
11,SOLUSDT,SELL,2035,1762452900000,2025-11-06 18:15:00,2036,1762453800000,2025-11-06 18:30:00,155.96,2133,1762542000000,2025-11-07 19:00:00,162.03,98,149.69,162.87,4.02,4.431,-3.892,win
12,SOLUSDT,BUY,2133,1762541100000,2025-11-07 18:45:00,2134,1762542000000,2025-11-07 19:00:00,162.03,2217,1762617600000,2025-11-08 16:00:00,156.61,84,164.82,155.82,1.722,3.833,-3.345,lose
13,SOLUSDT,SELL,2217,1762616700000,2025-11-08 15:45:00,2218,1762617600000,2025-11-08 16:00:00,156.61,2312,1762703100000,2025-11-09 15:45:00,163.5,95,155.01,163.93,1.022,4.674,-4.399,lose
14,SOLUSDT,BUY,2312,1762702200000,2025-11-09 15:30:00,2313,1762703100000,2025-11-09 15:45:00,163.5,2507,1762878600000,2025-11-11 16:30:00,160.19,195,171.87,160.0,5.119,2.141,-2.024,win
15,SOLUSDT,SELL,2507,1762877700000,2025-11-11 16:15:00,2508,1762878600000,2025-11-11 16:30:00,160.19,3160,1763466300000,2025-11-18 11:45:00,137.97,653,128.7,161.0,19.658,0.506,13.871,win
16,SOLUSDT,BUY,3160,1763465400000,2025-11-18 11:30:00,3161,1763466300000,2025-11-18 11:45:00,137.97,3278,1763572500000,2025-11-19 17:15:00,132.31,118,142.75,132.11,3.465,4.247,-4.102,win
17,SOLUSDT,SELL,3278,1763571600000,2025-11-19 17:00:00,3279,1763572500000,2025-11-19 17:15:00,132.31,3315,1763605800000,2025-11-20 02:30:00,142.94,37,130.44,144.17,1.413,8.964,-8.034,lose
18,SOLUSDT,BUY,3315,1763604900000,2025-11-20 02:15:00,3316,1763605800000,2025-11-20 02:30:00,142.94,3373,1763658000000,2025-11-20 17:00:00,132.53,58,144.78,131.47,1.287,8.024,-7.283,lose
19,SOLUSDT,SELL,3373,1763657100000,2025-11-20 16:45:00,3374,1763658000000,2025-11-20 17:00:00,132.53,3611,1763872200000,2025-11-23 04:30:00,130.77,238,121.02,136.59,8.685,3.063,1.328,win
20,SOLUSDT,BUY,3611,1763871300000,2025-11-23 04:15:00,3612,1763872200000,2025-11-23 04:30:00,130.77,4088,1764301500000,2025-11-28 03:45:00,139.3,477,144.7,128.01,10.652,2.111,6.523,win
21,SOLUSDT,SELL,4088,1764300600000,2025-11-28 03:30:00,4089,1764301500000,2025-11-28 03:45:00,139.3,4330,1764519300000,2025-11-30 16:15:00,138.78,242,134.61,143.56,3.367,3.058,0.373,win
22,SOLUSDT,BUY,4330,1764518400000,2025-11-30 16:00:00,4331,1764519300000,2025-11-30 16:15:00,138.78,4363,1764549000000,2025-12-01 00:30:00,129.87,33,139.79,129.3,0.728,6.831,-6.42,lose
23,SOLUSDT,SELL,4363,1764548100000,2025-12-01 00:15:00,4364,1764549000000,2025-12-01 00:30:00,129.87,4513,1764684000000,2025-12-02 14:00:00,130.54,150,123.05,130.96,5.251,0.839,-0.516,win
24,SOLUSDT,BUY,4513,1764683100000,2025-12-02 13:45:00,4514,1764684000000,2025-12-02 14:00:00,130.54,4731,1764880200000,2025-12-04 20:30:00,139.3,218,146.87,130.3,12.51,0.184,6.711,win
25,SOLUSDT,SELL,4731,1764879300000,2025-12-04 20:15:00,4732,1764880200000,2025-12-04 20:30:00,139.3,5016,1765136700000,2025-12-07 19:45:00,135.77,285,127.55,140.72,8.435,1.019,2.534,win
26,SOLUSDT,BUY,5016,1765135800000,2025-12-07 19:30:00,5017,1765136700000,2025-12-07 19:45:00,135.77,5129,1765238400000,2025-12-09 00:00:00,133.18,113,139.3,129.69,2.6,4.478,-1.908,win
27,SOLUSDT,SELL,5129,1765237500000,2025-12-08 23:45:00,5130,1765238400000,2025-12-09 00:00:00,133.18,5195,1765297800000,2025-12-09 16:30:00,141.41,66,131.52,141.92,1.246,6.563,-6.18,lose
28,SOLUSDT,BUY,5195,1765296900000,2025-12-09 16:15:00,5196,1765297800000,2025-12-09 16:30:00,141.41,5324,1765413900000,2025-12-11 00:45:00,134.18,129,144.9,133.7,2.468,5.452,-5.113,win
29,SOLUSDT,SELL,5324,1765413000000,2025-12-11 00:30:00,5325,1765413900000,2025-12-11 00:45:00,134.18,5406,1765487700000,2025-12-11 21:15:00,137.02,82,128.91,137.76,3.928,2.668,-2.117,win
30,SOLUSDT,BUY,5406,1765486800000,2025-12-11 21:00:00,5407,1765487700000,2025-12-11 21:15:00,137.02,5484,1765557900000,2025-12-12 16:45:00,131.86,78,140.09,131.43,2.241,4.08,-3.766,win
31,SOLUSDT,SELL,5484,1765557000000,2025-12-12 16:30:00,5485,1765557900000,2025-12-12 16:45:00,131.86,5958,1765984500000,2025-12-17 15:15:00,133.39,474,123.53,135.4,6.317,2.685,-1.16,win
32,SOLUSDT,BUY,5958,1765983600000,2025-12-17 15:00:00,5959,1765984500000,2025-12-17 15:15:00,133.39,5975,1765999800000,2025-12-17 19:30:00,121.91,17,133.45,121.35,0.045,9.026,-8.606,lose
33,SOLUSDT,SELL,5975,1765998900000,2025-12-17 19:15:00,5976,1765999800000,2025-12-17 19:30:00,121.91,6121,1766131200000,2025-12-19 08:00:00,124.37,146,116.71,129.0,4.265,5.816,-2.018,win
34,SOLUSDT,BUY,6121,1766130300000,2025-12-19 07:45:00,6122,1766131200000,2025-12-19 08:00:00,124.37,6337,1766325600000,2025-12-21 14:00:00,123.57,216,127.86,123.3,2.806,0.86,-0.643,win
35,SOLUSDT,SELL,6337,1766324700000,2025-12-21 13:45:00,6338,1766325600000,2025-12-21 14:00:00,123.57,6433,1766412000000,2025-12-22 14:00:00,126.96,96,123.42,128.51,0.121,3.998,-2.743,lose
36,SOLUSDT,BUY,6433,1766411100000,2025-12-22 13:45:00,6434,1766412000000,2025-12-22 14:00:00,126.96,6517,1766487600000,2025-12-23 11:00:00,124.77,84,128.74,123.58,1.402,2.662,-1.725,lose
37,SOLUSDT,SELL,6517,1766486700000,2025-12-23 10:45:00,6518,1766487600000,2025-12-23 11:00:00,124.77,6739,1766687400000,2025-12-25 18:30:00,123.76,222,120.51,125.6,3.414,0.665,0.809,win
38,SOLUSDT,BUY,6739,1766686500000,2025-12-25 18:15:00,6740,1766687400000,2025-12-25 18:30:00,123.76,6762,1766708100000,2025-12-26 00:15:00,120.05,23,124.16,119.42,0.323,3.507,-2.998,lose
39,SOLUSDT,SELL,6762,1766707200000,2025-12-26 00:00:00,6763,1766708100000,2025-12-26 00:15:00,120.05,6813,1766754000000,2025-12-26 13:00:00,123.93,51,119.15,124.33,0.75,3.565,-3.232,lose
40,SOLUSDT,BUY,6813,1766753100000,2025-12-26 12:45:00,6814,1766754000000,2025-12-26 13:00:00,123.93,7098,1767010500000,2025-12-29 12:15:00,123.58,285,130.21,120.37,5.067,2.873,-0.282,win
41,SOLUSDT,SELL,7098,1767009600000,2025-12-29 12:00:00,7099,1767010500000,2025-12-29 12:15:00,123.58,7251,1767148200000,2025-12-31 02:30:00,125.56,153,122.15,126.49,1.157,2.355,-1.602,lose
42,SOLUSDT,BUY,7251,1767147300000,2025-12-31 02:15:00,7252,1767148200000,2025-12-31 02:30:00,125.56,7976,1767800700000,2026-01-07 15:45:00,135.65,725,143.45,123.42,14.248,1.704,8.036,win
43,SOLUSDT,SELL,7976,1767799800000,2026-01-07 15:30:00,7977,1767800700000,2026-01-07 15:45:00,135.65,8098,1767910500000,2026-01-08 22:15:00,139.92,122,132.5,139.99,2.322,3.199,-3.148,win
44,SOLUSDT,BUY,8098,1767909600000,2026-01-08 22:00:00,8099,1767910500000,2026-01-08 22:15:00,139.92,8203,1768005000000,2026-01-10 00:30:00,135.93,105,141.14,134.86,0.872,3.616,-2.852,lose
45,SOLUSDT,SELL,8203,1768004100000,2026-01-10 00:15:00,8204,1768005000000,2026-01-10 00:30:00,135.93,8356,1768142700000,2026-01-11 14:45:00,138.1,153,135.3,138.19,0.463,1.663,-1.596,lose
46,SOLUSDT,BUY,8356,1768141800000,2026-01-11 14:30:00,8357,1768142700000,2026-01-11 14:45:00,138.1,8757,1768503600000,2026-01-15 19:00:00,141.47,401,148.8,137.47,7.748,0.456,2.44,win
47,SOLUSDT,SELL,8757,1768502700000,2026-01-15 18:45:00,8758,1768503600000,2026-01-15 19:00:00,141.47,8869,1768604400000,2026-01-16 23:00:00,144.87,112,140.17,145.5,0.919,2.849,-2.403,lose
48,SOLUSDT,BUY,8869,1768603500000,2026-01-16 22:45:00,8870,1768604400000,2026-01-16 23:00:00,144.87,8979,1768703400000,2026-01-18 02:30:00,142.41,110,145.15,141.89,0.193,2.057,-1.698,lose
49,SOLUSDT,SELL,8979,1768702500000,2026-01-18 02:15:00,8980,1768703400000,2026-01-18 02:30:00,142.41,9342,1769030100000,2026-01-21 21:15:00,131.0,363,124.25,143.19,12.752,0.548,8.012,win
50,SOLUSDT,BUY,9342,1769029200000,2026-01-21 21:00:00,9343,1769030100000,2026-01-21 21:15:00,131.0,9421,1769101200000,2026-01-22 17:00:00,127.81,79,132.09,126.66,0.832,3.313,-2.435,lose
51,SOLUSDT,SELL,9421,1769100300000,2026-01-22 16:45:00,9422,1769101200000,2026-01-22 17:00:00,127.81,9814,1769454900000,2026-01-26 19:15:00,124.6,393,117.0,130.15,8.458,1.831,2.512,win
52,SOLUSDT,BUY,9814,1769454000000,2026-01-26 19:00:00,9815,1769454900000,2026-01-26 19:15:00,124.6,10039,1769657400000,2026-01-29 03:30:00,122.78,225,128.3,122.65,2.97,1.565,-1.461,win
53,SOLUSDT,SELL,10039,1769656500000,2026-01-29 03:15:00,10040,1769657400000,2026-01-29 03:30:00,122.78,10862,1770398100000,2026-02-06 17:15:00,86.63,823,67.29,123.93,45.195,0.937,29.443,win
54,SOLUSDT,BUY,10862,1770397200000,2026-02-06 17:00:00,10863,1770398100000,2026-02-06 17:15:00,86.63,11118,1770628500000,2026-02-09 09:15:00,84.49,256,89.74,83.76,3.59,3.313,-2.47,win
55,SOLUSDT,SELL,11118,1770627600000,2026-02-09 09:00:00,11119,1770628500000,2026-02-09 09:15:00,84.49,11161,1770667200000,2026-02-09 20:00:00,87.89,43,82.82,88.66,1.977,4.935,-4.024,lose
56,SOLUSDT,BUY,11161,1770666300000,2026-02-09 19:45:00,11162,1770667200000,2026-02-09 20:00:00,87.89,11221,1770721200000,2026-02-10 11:00:00,84.17,60,88.28,84.11,0.444,4.301,-4.233,lose
57,SOLUSDT,SELL,11221,1770720300000,2026-02-10 10:45:00,11222,1770721200000,2026-02-10 11:00:00,84.17,11527,1770996600000,2026-02-13 15:30:00,83.61,306,76.54,85.18,9.065,1.2,0.665,win
58,SOLUSDT,BUY,11527,1770995700000,2026-02-13 15:15:00,11528,1770996600000,2026-02-13 15:30:00,83.61,11736,1771184700000,2026-02-15 19:45:00,85.27,209,91.19,82.84,9.066,0.921,1.985,win
59,SOLUSDT,SELL,11736,1771183800000,2026-02-15 19:30:00,11737,1771184700000,2026-02-15 19:45:00,85.27,11873,1771308000000,2026-02-17 06:00:00,86.16,137,82.51,87.66,3.237,2.803,-1.044,win
60,SOLUSDT,BUY,11873,1771307100000,2026-02-17 05:45:00,11874,1771308000000,2026-02-17 06:00:00,86.16,11911,1771342200000,2026-02-17 15:30:00,83.4,38,86.76,82.93,0.696,3.749,-3.203,lose
61,SOLUSDT,SELL,11911,1771341300000,2026-02-17 15:15:00,11912,1771342200000,2026-02-17 15:30:00,83.4,12171,1771576200000,2026-02-20 08:30:00,83.57,260,79.57,86.04,4.592,3.165,-0.204,win
62,SOLUSDT,BUY,12171,1771575300000,2026-02-20 08:15:00,12172,1771576200000,2026-02-20 08:30:00,83.57,12388,1771771500000,2026-02-22 14:45:00,83.65,217,86.68,81.71,3.721,2.226,0.096,win
63,SOLUSDT,SELL,12388,1771770600000,2026-02-22 14:30:00,12389,1771771500000,2026-02-22 14:45:00,83.65,12623,1771983000000,2026-02-25 01:30:00,81.94,235,75.57,83.71,9.659,0.072,2.044,win
64,SOLUSDT,BUY,12623,1771982100000,2026-02-25 01:15:00,12624,1771983000000,2026-02-25 01:30:00,81.94,12787,1772130600000,2026-02-26 18:30:00,84.72,164,92.09,80.93,12.387,1.233,3.393,win
65,SOLUSDT,SELL,12787,1772129700000,2026-02-26 18:15:00,12788,1772130600000,2026-02-26 18:30:00,84.72,12990,1772313300000,2026-02-28 21:15:00,84.07,203,77.06,88.26,9.042,4.178,0.767,win
66,SOLUSDT,BUY,12990,1772312400000,2026-02-28 21:00:00,12991,1772313300000,2026-02-28 21:15:00,84.07,13083,1772397000000,2026-03-01 20:30:00,82.27,93,88.88,82.21,5.721,2.212,-2.141,win
67,SOLUSDT,SELL,13083,1772396100000,2026-03-01 20:15:00,13084,1772397000000,2026-03-01 20:30:00,82.27,13162,1772468100000,2026-03-02 16:15:00,89.61,79,81.64,89.96,0.766,9.347,-8.922,lose
68,SOLUSDT,BUY,13162,1772467200000,2026-03-02 16:00:00,13163,1772468100000,2026-03-02 16:15:00,89.61,13241,1772539200000,2026-03-03 12:00:00,84.15,79,90.32,83.63,0.792,6.673,-6.093,lose
69,SOLUSDT,SELL,13241,1772538300000,2026-03-03 11:45:00,13242,1772539200000,2026-03-03 12:00:00,84.15,13326,1772615700000,2026-03-04 09:15:00,89.58,85,82.4,89.98,2.08,6.928,-6.453,win
70,SOLUSDT,BUY,13326,1772614800000,2026-03-04 09:00:00,13327,1772615700000,2026-03-04 09:15:00,89.58,13473,1772748000000,2026-03-05 22:00:00,89.06,147,94.15,87.84,5.102,1.942,-0.58,win
71,SOLUSDT,SELL,13473,1772747100000,2026-03-05 21:45:00,13474,1772748000000,2026-03-05 22:00:00,89.06,13828,1773067500000,2026-03-09 14:45:00,85.58,355,80.18,89.36,9.971,0.337,3.907,win
72,SOLUSDT,BUY,13828,1773066600000,2026-03-09 14:30:00,13829,1773067500000,2026-03-09 14:45:00,85.58,14079,1773293400000,2026-03-12 05:30:00,84.85,251,88.78,84.27,3.739,1.531,-0.853,win
73,SOLUSDT,SELL,14079,1773292500000,2026-03-12 05:15:00,14080,1773293400000,2026-03-12 05:30:00,84.85,14112,1773323100000,2026-03-12 13:45:00,86.91,33,84.83,87.66,0.024,3.312,-2.428,lose
74,SOLUSDT,BUY,14112,1773322200000,2026-03-12 13:30:00,14113,1773323100000,2026-03-12 13:45:00,86.91,14252,1773449100000,2026-03-14 00:45:00,87.84,140,93.38,85.03,7.444,2.163,1.07,win
75,SOLUSDT,SELL,14252,1773448200000,2026-03-14 00:30:00,14253,1773449100000,2026-03-14 00:45:00,87.84,14368,1773553500000,2026-03-15 05:45:00,88.43,116,86.41,88.66,1.628,0.934,-0.672,lose
76,SOLUSDT,BUY,14368,1773552600000,2026-03-15 05:30:00,14369,1773553500000,2026-03-15 05:45:00,88.43,14684,1773837900000,2026-03-18 12:45:00,90.52,316,97.65,87.31,10.426,1.267,2.363,win
77,SOLUSDT,SELL,14684,1773837000000,2026-03-18 12:30:00,14685,1773837900000,2026-03-18 12:45:00,90.52,14953,1774080000000,2026-03-21 08:00:00,90.1,269,86.79,91.37,4.121,0.939,0.464,win
78,SOLUSDT,BUY,14953,1774079100000,2026-03-21 07:45:00,14954,1774080000000,2026-03-21 08:00:00,90.1,15018,1774138500000,2026-03-22 00:15:00,86.74,65,90.36,86.18,0.289,4.351,-3.729,lose
79,SOLUSDT,SELL,15018,1774137600000,2026-03-22 00:00:00,15019,1774138500000,2026-03-22 00:15:00,86.74,15165,1774270800000,2026-03-23 13:00:00,90.18,147,85.0,91.93,2.006,5.983,-3.966,win
80,SOLUSDT,BUY,15165,1774269900000,2026-03-23 12:45:00,15166,1774270800000,2026-03-23 13:00:00,90.18,15282,1774376100000,2026-03-24 18:15:00,89.14,117,92.24,88.62,2.284,1.73,-1.153,win
81,SOLUSDT,SELL,15282,1774375200000,2026-03-24 18:00:00,15283,1774376100000,2026-03-24 18:15:00,89.14,15327,1774416600000,2026-03-25 05:30:00,92.59,45,88.35,92.95,0.886,4.274,-3.87,lose
82,SOLUSDT,BUY,15327,1774415700000,2026-03-25 05:15:00,15328,1774416600000,2026-03-25 05:30:00,92.59,15426,1774505700000,2026-03-26 06:15:00,89.15,99,93.46,88.92,0.94,3.964,-3.715,lose
83,SOLUSDT,SELL,15426,1774504800000,2026-03-26 06:00:00,15427,1774505700000,2026-03-26 06:15:00,89.15,15808,1774849500000,2026-03-30 05:45:00,83.57,382,78.77,89.33,11.643,0.202,6.259,win
84,SOLUSDT,BUY,15808,1774848600000,2026-03-30 05:30:00,15809,1774849500000,2026-03-30 05:45:00,83.57,15923,1774953000000,2026-03-31 10:30:00,80.68,115,84.98,79.89,1.687,4.403,-3.458,lose
85,SOLUSDT,SELL,15923,1774952100000,2026-03-31 10:15:00,15924,1774953000000,2026-03-31 10:30:00,80.68,16002,1775024100000,2026-04-01 06:15:00,84.28,79,80.18,84.39,0.62,4.598,-4.462,lose
86,SOLUSDT,BUY,16002,1775023200000,2026-04-01 06:00:00,16003,1775024100000,2026-04-01 06:15:00,84.28,16072,1775087100000,2026-04-01 23:45:00,81.29,70,86.59,80.72,2.741,4.224,-3.548,win
87,SOLUSDT,SELL,16072,1775086200000,2026-04-01 23:30:00,16073,1775087100000,2026-04-01 23:45:00,81.29,16239,1775237400000,2026-04-03 17:30:00,80.08,167,76.63,81.72,5.733,0.529,1.488,win
88,SOLUSDT,BUY,16239,1775236500000,2026-04-03 17:15:00,16240,1775237400000,2026-04-03 17:30:00,80.08,16394,1775376900000,2026-04-05 08:15:00,79.57,155,81.64,79.3,1.948,0.974,-0.637,lose
89,SOLUSDT,SELL,16394,1775376000000,2026-04-05 08:00:00,16395,1775376900000,2026-04-05 08:15:00,79.57,16459,1775435400000,2026-04-06 00:30:00,82.45,65,78.45,82.75,1.408,3.996,-3.619,lose
90,SOLUSDT,BUY,16459,1775434500000,2026-04-06 00:15:00,16460,1775435400000,2026-04-06 00:30:00,82.45,16553,1775520000000,2026-04-07 00:00:00,79.96,94,83.18,79.52,0.885,3.554,-3.02,lose
91,SOLUSDT,SELL,16553,1775519100000,2026-04-06 23:45:00,16554,1775520000000,2026-04-07 00:00:00,79.96,16635,1775593800000,2026-04-07 20:30:00,82.0,82,78.3,82.24,2.076,2.851,-2.551,win
92,SOLUSDT,BUY,16635,1775592900000,2026-04-07 20:15:00,16636,1775593800000,2026-04-07 20:30:00,82.0,16753,1775700000000,2026-04-09 02:00:00,82.17,118,87.19,81.65,6.329,0.427,0.207,win
93,SOLUSDT,SELL,16753,1775699100000,2026-04-09 01:45:00,16754,1775700000000,2026-04-09 02:00:00,82.17,16823,1775763000000,2026-04-09 19:30:00,83.55,70,81.36,84.67,0.986,3.042,-1.679,lose
94,SOLUSDT,BUY,16823,1775762100000,2026-04-09 19:15:00,16824,1775763000000,2026-04-09 19:30:00,83.55,17044,1775961900000,2026-04-12 02:45:00,82.59,221,86.23,81.83,3.208,2.059,-1.149,win
95,SOLUSDT,SELL,17044,1775961000000,2026-04-12 02:30:00,17045,1775961900000,2026-04-12 02:45:00,82.59,17209,1776110400000,2026-04-13 20:00:00,84.07,165,81.23,84.23,1.647,1.986,-1.792,lose
96,SOLUSDT,BUY,17209,1776109500000,2026-04-13 19:45:00,17210,1776110400000,2026-04-13 20:00:00,84.07,17311,1776202200000,2026-04-14 21:30:00,83.72,102,87.64,83.36,4.246,0.845,-0.416,win
97,SOLUSDT,SELL,17311,1776201300000,2026-04-14 21:15:00,17312,1776202200000,2026-04-14 21:30:00,83.72,17414,1776294900000,2026-04-15 23:15:00,84.74,103,82.6,85.81,1.338,2.496,-1.218,lose
98,SOLUSDT,BUY,17414,1776294000000,2026-04-15 23:00:00,17415,1776294900000,2026-04-15 23:15:00,84.74,17650,1776507300000,2026-04-18 10:15:00,87.09,236,90.71,83.7,7.045,1.227,2.773,win
99,SOLUSDT,SELL,17650,1776506400000,2026-04-18 10:00:00,17651,1776507300000,2026-04-18 10:15:00,87.09,17893,1776726000000,2026-04-20 23:00:00,85.67,243,82.77,87.2,4.96,0.126,1.63,win
100,SOLUSDT,BUY,17893,1776725100000,2026-04-20 22:45:00,17894,1776726000000,2026-04-20 23:00:00,85.67,18101,1776913200000,2026-04-23 03:00:00,85.89,208,89.29,84.26,4.226,1.646,0.257,win
101,SOLUSDT,SELL,18101,1776912300000,2026-04-23 02:45:00,18102,1776913200000,2026-04-23 03:00:00,85.89,18318,1777108500000,2026-04-25 09:15:00,86.6,217,84.42,86.92,1.711,1.199,-0.827,lose
102,SOLUSDT,BUY,18318,1777107600000,2026-04-25 09:00:00,18319,1777108500000,2026-04-25 09:15:00,86.6,18358,1777144500000,2026-04-25 19:15:00,85.62,40,86.75,85.48,0.173,1.293,-1.132,lose
103,SOLUSDT,SELL,18358,1777143600000,2026-04-25 19:00:00,18359,1777144500000,2026-04-25 19:15:00,85.62,18448,1777225500000,2026-04-26 17:45:00,86.43,90,85.52,86.73,0.117,1.296,-0.946,lose
104,SOLUSDT,BUY,18448,1777224600000,2026-04-26 17:30:00,18449,1777225500000,2026-04-26 17:45:00,86.43,18505,1777276800000,2026-04-27 08:00:00,85.21,57,88.08,85.2,1.909,1.423,-1.412,lose
105,SOLUSDT,SELL,18505,1777275900000,2026-04-27 07:45:00,18506,1777276800000,2026-04-27 08:00:00,85.21,18692,1777445100000,2026-04-29 06:45:00,84.7,187,82.91,85.81,2.699,0.704,0.599,win
106,SOLUSDT,BUY,18692,1777444200000,2026-04-29 06:30:00,18693,1777445100000,2026-04-29 06:45:00,84.7,18731,1777480200000,2026-04-29 16:30:00,83.1,39,85.53,82.91,0.98,2.113,-1.889,lose
107,SOLUSDT,SELL,18731,1777479300000,2026-04-29 16:15:00,18732,1777480200000,2026-04-29 16:30:00,83.1,18880,1777614300000,2026-05-01 05:45:00,84.1,149,81.31,84.37,2.154,1.528,-1.203,win
108,SOLUSDT,BUY,18880,1777613400000,2026-05-01 05:30:00,18881,1777614300000,2026-05-01 05:45:00,84.1,19969,1778594400000,2026-05-12 14:00:00,94.67,1089,98.36,83.18,16.956,1.094,12.568,win
109,SOLUSDT,SELL,19969,1778593500000,2026-05-12 13:45:00,19970,1778594400000,2026-05-12 14:00:00,94.67,20173,1778778000000,2026-05-14 17:00:00,93.27,204,89.73,95.97,5.218,1.373,1.479,win
110,SOLUSDT,BUY,20173,1778777100000,2026-05-14 16:45:00,20174,1778778000000,2026-05-14 17:00:00,93.27,20252,1778849100000,2026-05-15 12:45:00,90.59,79,93.6,90.21,0.354,3.281,-2.873,lose
111,SOLUSDT,SELL,20252,1778848200000,2026-05-15 12:30:00,20253,1778849100000,2026-05-15 12:45:00,90.59,20751,1779298200000,2026-05-20 17:30:00,86.75,499,83.31,90.72,8.036,0.144,4.239,win
112,SOLUSDT,BUY,20751,1779297300000,2026-05-20 17:15:00,20752,1779298200000,2026-05-20 17:30:00,86.75,20953,1779480000000,2026-05-22 20:00:00,84.51,202,88.02,83.91,1.464,3.274,-2.582,lose
113,SOLUSDT,SELL,20953,1779479100000,2026-05-22 19:45:00,20954,1779480000000,2026-05-22 20:00:00,84.51,21039,1779557400000,2026-05-23 17:30:00,84.18,86,81.36,85.26,3.727,0.887,0.39,win
114,SOLUSDT,BUY,21039,1779556500000,2026-05-23 17:15:00,21040,1779557400000,2026-05-23 17:30:00,84.18,21156,1779662700000,2026-05-24 22:45:00,84.88,117,87.51,83.62,3.956,0.665,0.832,win
115,SOLUSDT,SELL,21156,1779661800000,2026-05-24 22:30:00,21157,1779662700000,2026-05-24 22:45:00,84.88,21648,1780105500000,2026-05-30 01:45:00,82.69,492,79.91,86.49,5.855,1.897,2.58,win
116,SOLUSDT,BUY,21648,1780104600000,2026-05-30 01:30:00,21649,1780105500000,2026-05-30 01:45:00,82.69,21804,1780245900000,2026-05-31 16:45:00,81.52,156,83.37,81.38,0.822,1.584,-1.415,lose
117,SOLUSDT,SELL,21804,1780245000000,2026-05-31 16:30:00,21805,1780245900000,2026-05-31 16:45:00,81.52,22437,1780815600000,2026-06-07 07:00:00,64.79,633,60.03,83.08,26.362,1.914,20.523,win
118,SOLUSDT,BUY,22437,1780814700000,2026-06-07 06:45:00,22438,1780815600000,2026-06-07 07:00:00,64.79,22667,1781022600000,2026-06-09 16:30:00,64.07,230,68.16,63.56,5.201,1.898,-1.111,win
119,SOLUSDT,SELL,22667,1781021700000,2026-06-09 16:15:00,22668,1781022600000,2026-06-09 16:30:00,64.07,22827,1781166600000,2026-06-11 08:30:00,65.47,160,62.29,65.74,2.778,2.607,-2.185,win
120,SOLUSDT,BUY,22827,1781165700000,2026-06-11 08:15:00,22828,1781166600000,2026-06-11 08:30:00,65.47,23162,1781468100000,2026-06-14 20:15:00,67.48,335,69.55,64.85,6.232,0.947,3.07,win
121,SOLUSDT,SELL,23162,1781467200000,2026-06-14 20:00:00,23163,1781468100000,2026-06-14 20:15:00,67.48,23170,1781475300000,2026-06-14 22:15:00,70.12,8,67.45,70.5,0.044,4.475,-3.912,lose
122,SOLUSDT,BUY,23170,1781474400000,2026-06-14 22:00:00,23171,1781475300000,2026-06-14 22:15:00,70.12,23399,1781681400000,2026-06-17 07:30:00,73.14,229,76.06,69.88,8.471,0.342,4.307,win
123,SOLUSDT,SELL,23399,1781680500000,2026-06-17 07:15:00,23400,1781681400000,2026-06-17 07:30:00,73.14,23678,1781932500000,2026-06-20 05:15:00,72.17,279,67.86,74.66,7.219,2.078,1.326,win
124,SOLUSDT,BUY,23678,1781931600000,2026-06-20 05:00:00,23679,1781932500000,2026-06-20 05:15:00,72.17,23945,1782172800000,2026-06-23 00:00:00,71.9,267,74.97,70.42,3.88,2.425,-0.374,win
125,SOLUSDT,SELL,23945,1782171900000,2026-06-22 23:45:00,23946,1782172800000,2026-06-23 00:00:00,71.9,24166,1782371700000,2026-06-25 07:15:00,69.28,221,64.66,72.01,10.07,0.153,3.644,win
126,SOLUSDT,BUY,24166,1782370800000,2026-06-25 07:00:00,24167,1782371700000,2026-06-25 07:15:00,69.28,24193,1782396000000,2026-06-25 14:00:00,64.19,27,69.48,64.0,0.289,7.621,-7.347,lose
127,SOLUSDT,SELL,24193,1782395100000,2026-06-25 13:45:00,24194,1782396000000,2026-06-25 14:00:00,64.19,24264,1782459900000,2026-06-26 07:45:00,70.6,71,64.18,70.97,0.016,10.562,-9.986,lose
128,SOLUSDT,BUY,24264,1782459000000,2026-06-26 07:30:00,24265,1782459900000,2026-06-26 07:45:00,70.6,24420,1782600300000,2026-06-27 22:45:00,70.88,156,73.91,68.13,4.688,3.499,0.397,win
129,SOLUSDT,SELL,24420,1782599400000,2026-06-27 22:30:00,24421,1782600300000,2026-06-27 22:45:00,70.88,24557,1782723600000,2026-06-29 09:00:00,72.68,137,69.64,73.3,1.749,3.414,-2.54,lose
130,SOLUSDT,BUY,24557,1782722700000,2026-06-29 08:45:00,24558,1782723600000,2026-06-29 09:00:00,72.68,24673,1782828000000,2026-06-30 14:00:00,72.84,116,76.49,71.85,5.242,1.142,0.22,win
131,SOLUSDT,SELL,24673,1782827100000,2026-06-30 13:45:00,24674,1782828000000,2026-06-30 14:00:00,72.84,24735,1782883800000,2026-07-01 05:30:00,75.14,62,72.22,75.85,0.851,4.132,-3.158,lose
132,SOLUSDT,BUY,24735,1782882900000,2026-07-01 05:15:00,24736,1782883800000,2026-07-01 05:30:00,75.14,25106,1783217700000,2026-07-05 02:15:00,80.48,371,83.96,73.91,11.738,1.637,7.107,win
133,SOLUSDT,SELL,25106,1783216800000,2026-07-05 02:00:00,25107,1783217700000,2026-07-05 02:15:00,80.48,25280,1783374300000,2026-07-06 21:45:00,82.58,174,79.19,83.75,1.603,4.063,-2.609,lose
134,SOLUSDT,BUY,25280,1783373400000,2026-07-06 21:30:00,25281,1783374300000,2026-07-06 21:45:00,82.58,25393,1783476000000,2026-07-08 02:00:00,79.04,113,82.86,78.74,0.339,4.65,-4.287,lose
135,SOLUSDT,SELL,25393,1783475100000,2026-07-08 01:45:00,25394,1783476000000,2026-07-08 02:00:00,79.04,25591,1783654200000,2026-07-10 03:30:00,78.8,198,76.24,79.43,3.543,0.493,0.304,win
136,SOLUSDT,BUY,25591,1783653300000,2026-07-10 03:15:00,25592,1783654200000,2026-07-10 03:30:00,78.8,25660,1783716300000,2026-07-10 20:45:00,77.86,69,79.64,77.03,1.066,2.246,-1.193,lose
137,SOLUSDT,SELL,25660,1783715400000,2026-07-10 20:30:00,25661,1783716300000,2026-07-10 20:45:00,77.86,26019,1784039400000,2026-07-14 14:30:00,76.85,359,74.06,78.86,4.881,1.284,1.297,win
138,SOLUSDT,BUY,26019,1784038500000,2026-07-14 14:15:00,26020,1784039400000,2026-07-14 14:30:00,76.85,26193,1784196000000,2026-07-16 10:00:00,75.98,174,79.01,75.57,2.811,1.666,-1.132,win
139,SOLUSDT,SELL,26193,1784195100000,2026-07-16 09:45:00,26194,1784196000000,2026-07-16 10:00:00,75.98,26450,1784427300000,2026-07-19 02:15:00,76.06,257,73.32,76.85,3.501,1.145,-0.105,win
140,SOLUSDT,BUY,26450,1784426400000,2026-07-19 02:00:00,26451,1784427300000,2026-07-19 02:15:00,76.06,26781,1784725200000,2026-07-22 13:00:00,77.2,331,78.87,75.31,3.694,0.986,1.499,win
141,SOLUSDT,SELL,26781,1784724300000,2026-07-22 12:45:00,26782,1784725200000,2026-07-22 13:00:00,77.2,27112,1785023100000,2026-07-25 23:45:00,74.39,331,73.36,78.85,4.974,2.137,3.64,win
142,SOLUSDT,BUY,27112,1785022200000,2026-07-25 23:30:00,27113,1785023100000,2026-07-25 23:45:00,74.39,27302,1785194100000,2026-07-27 23:15:00,74.02,190,77.48,73.68,4.154,0.954,-0.497,win
143,SOLUSDT,SELL,27302,1785193200000,2026-07-27 23:00:00,27303,1785194100000,2026-07-27 23:15:00,74.02,27562,1785428100000,2026-07-30 16:15:00,74.69,260,72.26,74.89,2.378,1.175,-0.905,win
144,SOLUSDT,BUY,27562,1785427200000,2026-07-30 16:00:00,27563,1785428100000,2026-07-30 16:15:00,74.69,27654,1785510900000,2026-07-31 15:15:00,72.95,92,75.28,72.75,0.79,2.597,-2.33,lose
145,SOLUSDT,SELL,27654,1785510000000,2026-07-31 15:00:00,27655,1785510900000,2026-07-31 15:15:00,72.95,27797,1785639600000,2026-08-02 03:00:00,73.1,143,70.51,73.46,3.345,0.699,-0.206,win
146,SOLUSDT,BUY,27797,1785638700000,2026-08-02 02:45:00,27798,1785639600000,2026-08-02 03:00:00,73.1,27915,1785745800000,2026-08-03 08:30:00,72.04,118,74.32,71.87,1.669,1.683,-1.45,lose
147,SOLUSDT,SELL,27915,1785744900000,2026-08-03 08:15:00,27916,1785745800000,2026-08-03 08:30:00,72.04,27952,1785779100000,2026-08-03 17:45:00,73.69,37,71.95,73.84,0.125,2.499,-2.29,lose
148,SOLUSDT,BUY,27952,1785778200000,2026-08-03 17:30:00,27953,1785779100000,2026-08-03 17:45:00,73.69,28214,1786014900000,2026-08-06 11:15:00,73.33,262,74.82,73.02,1.533,0.909,-0.489,lose
149,SOLUSDT,SELL,28214,1786014000000,2026-08-06 11:00:00,28215,1786014900000,2026-08-06 11:15:00,73.33,28315,1786105800000,2026-08-07 12:30:00,73.97,101,72.29,74.08,1.418,1.023,-0.873,lose
150,SOLUSDT,BUY,28315,1786104900000,2026-08-07 12:15:00,28316,1786105800000,2026-08-07 12:30:00,73.97,28627,1786386600000,2026-08-10 18:30:00,75.95,312,77.88,73.15,5.286,1.109,2.677,win
151,SOLUSDT,SELL,28627,1786385700000,2026-08-10 18:15:00,28628,1786386600000,2026-08-10 18:30:00,75.95,28758,1786504500000,2026-08-12 03:15:00,76.33,131,74.57,76.64,1.817,0.908,-0.5,lose
152,SOLUSDT,BUY,28758,1786503600000,2026-08-12 03:00:00,28759,1786504500000,2026-08-12 03:15:00,76.33,28836,1786574700000,2026-08-12 22:45:00,75.45,78,77.33,75.27,1.31,1.389,-1.153,lose
153,SOLUSDT,SELL,28836,1786573800000,2026-08-12 22:30:00,28837,1786574700000,2026-08-12 22:45:00,75.45,29257,1786953600000,2026-08-17 08:00:00,75.74,421,74.0,76.6,1.922,1.524,-0.384,lose
154,SOLUSDT,BUY,29257,1786952700000,2026-08-17 07:45:00,29258,1786953600000,2026-08-17 08:00:00,75.74,29999,1787620500000,2026-08-25 01:15:00,101.65,742,102.84,75.13,35.78,0.805,34.209,win
1,XRPUSDT,SELL,17,1760636700000,2025-10-16 17:45:00,18,1760637600000,2025-10-16 18:00:00,2.3659,175,1760779800000,2025-10-18 09:30:00,2.3593,158,2.1881,2.4008,7.515,1.475,0.279,win
2,XRPUSDT,BUY,175,1760778900000,2025-10-18 09:15:00,176,1760779800000,2025-10-18 09:30:00,2.3593,454,1761030900000,2025-10-21 07:15:00,2.4165,279,2.5514,2.3164,8.142,1.818,2.424,win
3,XRPUSDT,SELL,454,1761030000000,2025-10-21 07:00:00,455,1761030900000,2025-10-21 07:15:00,2.4165,492,1761065100000,2025-10-21 16:45:00,2.5114,38,2.4003,2.5315,0.67,4.759,-3.927,lose
4,XRPUSDT,BUY,492,1761064200000,2025-10-21 16:30:00,493,1761065100000,2025-10-21 16:45:00,2.5114,550,1761117300000,2025-10-22 07:15:00,2.3904,58,2.5208,2.3883,0.374,4.902,-4.818,lose
5,XRPUSDT,SELL,550,1761116400000,2025-10-22 07:00:00,551,1761117300000,2025-10-22 07:15:00,2.3904,733,1761282000000,2025-10-24 05:00:00,2.4285,183,2.3235,2.4328,2.799,1.774,-1.594,win
6,XRPUSDT,BUY,733,1761281100000,2025-10-24 04:45:00,734,1761282000000,2025-10-24 05:00:00,2.4285,1283,1761777000000,2025-10-29 22:30:00,2.5951,550,2.6969,2.4261,11.052,0.099,6.86,win
7,XRPUSDT,SELL,1283,1761776100000,2025-10-29 22:15:00,1284,1761777000000,2025-10-29 22:30:00,2.5951,1465,1761940800000,2025-10-31 20:00:00,2.5423,182,2.3755,2.5986,8.462,0.135,2.035,win
8,XRPUSDT,BUY,1465,1761939900000,2025-10-31 19:45:00,1466,1761940800000,2025-10-31 20:00:00,2.5423,1686,1762139700000,2025-11-03 03:15:00,2.4425,221,2.5545,2.4401,0.48,4.02,-3.926,lose
9,XRPUSDT,SELL,1686,1762138800000,2025-11-03 03:00:00,1687,1762139700000,2025-11-03 03:15:00,2.4425,1946,1762373700000,2025-11-05 20:15:00,2.3426,260,2.0655,2.452,15.435,0.389,4.09,win
10,XRPUSDT,BUY,1946,1762372800000,2025-11-05 20:00:00,1947,1762373700000,2025-11-05 20:15:00,2.3426,2028,1762447500000,2025-11-06 16:45:00,2.2167,82,2.416,2.2076,3.133,5.763,-5.374,win
11,XRPUSDT,SELL,2028,1762446600000,2025-11-06 16:30:00,2029,1762447500000,2025-11-06 16:45:00,2.2167,2129,1762538400000,2025-11-07 18:00:00,2.3086,101,2.1529,2.3382,2.878,5.481,-4.146,win
12,XRPUSDT,BUY,2129,1762537500000,2025-11-07 17:45:00,2130,1762538400000,2025-11-07 18:00:00,2.3086,2222,1762622100000,2025-11-08 17:15:00,2.2529,93,2.3727,2.2399,2.777,2.976,-2.413,win
13,XRPUSDT,SELL,2222,1762621200000,2025-11-08 17:00:00,2223,1762622100000,2025-11-08 17:15:00,2.2529,2329,1762718400000,2025-11-09 20:00:00,2.3476,107,2.2374,2.3485,0.688,4.243,-4.203,lose
14,XRPUSDT,BUY,2329,1762717500000,2025-11-09 19:45:00,2330,1762718400000,2025-11-09 20:00:00,2.3476,2492,1762865100000,2025-11-11 12:45:00,2.4511,163,2.5799,2.322,9.895,1.09,4.409,win
15,XRPUSDT,SELL,2492,1762864200000,2025-11-11 12:30:00,2493,1762865100000,2025-11-11 12:45:00,2.4511,2652,1763009100000,2025-11-13 04:45:00,2.4766,160,2.3146,2.5111,5.569,2.448,-1.04,win
16,XRPUSDT,BUY,2652,1763008200000,2025-11-13 04:30:00,2653,1763009100000,2025-11-13 04:45:00,2.4766,2709,1763060400000,2025-11-13 19:00:00,2.3401,57,2.5263,2.3259,2.007,6.085,-5.512,win
17,XRPUSDT,SELL,2709,1763059500000,2025-11-13 18:45:00,2710,1763060400000,2025-11-13 19:00:00,2.3401,3061,1763377200000,2025-11-17 11:00:00,2.2723,352,2.1542,2.3528,7.944,0.543,2.897,win
18,XRPUSDT,BUY,3061,1763376300000,2025-11-17 10:45:00,3062,1763377200000,2025-11-17 11:00:00,2.2723,3090,1763403300000,2025-11-17 18:15:00,2.1523,29,2.3067,2.1468,1.514,5.523,-5.281,lose
19,XRPUSDT,SELL,3090,1763402400000,2025-11-17 18:00:00,3091,1763403300000,2025-11-17 18:15:00,2.1523,3601,1763863200000,2025-11-23 02:00:00,1.9982,511,1.8201,2.2402,15.435,4.084,7.16,win
20,XRPUSDT,BUY,3601,1763862300000,2025-11-23 01:45:00,3602,1763863200000,2025-11-23 02:00:00,1.9982,3932,1764161100000,2025-11-26 12:45:00,2.1485,331,2.285,1.9947,14.353,0.175,7.522,win
21,XRPUSDT,SELL,3932,1764160200000,2025-11-26 12:30:00,3933,1764161100000,2025-11-26 12:45:00,2.1485,3957,1764183600000,2025-11-26 19:00:00,2.2411,25,2.1429,2.2536,0.261,4.892,-4.31,lose
22,XRPUSDT,BUY,3957,1764182700000,2025-11-26 18:45:00,3958,1764183600000,2025-11-26 19:00:00,2.2411,4204,1764405900000,2025-11-29 08:45:00,2.1796,247,2.2747,2.1549,1.499,3.846,-2.744,lose
23,XRPUSDT,SELL,4204,1764405000000,2025-11-29 08:30:00,4205,1764405900000,2025-11-29 08:45:00,2.1796,4518,1764688500000,2025-12-02 15:15:00,2.1303,314,1.9825,2.223,9.043,1.991,2.262,win
24,XRPUSDT,BUY,4518,1764687600000,2025-12-02 15:00:00,4519,1764688500000,2025-12-02 15:15:00,2.1303,4702,1764854100000,2025-12-04 13:15:00,2.1395,184,2.2186,2.1202,4.145,0.474,0.432,win
25,XRPUSDT,SELL,4702,1764853200000,2025-12-04 13:00:00,4703,1764854100000,2025-12-04 13:15:00,2.1395,5011,1765132200000,2025-12-07 18:30:00,2.1024,309,1.9877,2.1567,7.095,0.804,1.734,win
26,XRPUSDT,BUY,5011,1765131300000,2025-12-07 18:15:00,5012,1765132200000,2025-12-07 18:30:00,2.1024,5174,1765278900000,2025-12-09 11:15:00,2.0537,163,2.1233,2.0106,0.994,4.366,-2.316,lose
27,XRPUSDT,SELL,5174,1765278000000,2025-12-09 11:00:00,5175,1765278900000,2025-12-09 11:15:00,2.0537,5196,1765298700000,2025-12-09 16:45:00,2.1656,22,2.0476,2.1664,0.297,5.488,-5.449,lose
28,XRPUSDT,BUY,5196,1765297800000,2025-12-09 16:30:00,5197,1765298700000,2025-12-09 16:45:00,2.1656,5278,1765372500000,2025-12-10 13:15:00,2.0613,82,2.1774,2.058,0.545,4.969,-4.816,lose
29,XRPUSDT,SELL,5278,1765371600000,2025-12-10 13:00:00,5279,1765372500000,2025-12-10 13:15:00,2.0613,5561,1765627200000,2025-12-13 12:00:00,2.0325,283,1.9662,2.1093,4.614,2.329,1.397,win
30,XRPUSDT,BUY,5561,1765626300000,2025-12-13 11:45:00,5562,1765627200000,2025-12-13 12:00:00,2.0325,5656,1765712700000,2025-12-14 11:45:00,1.9929,95,2.0429,1.9921,0.512,1.988,-1.948,lose
31,XRPUSDT,SELL,5656,1765711800000,2025-12-14 11:30:00,5657,1765712700000,2025-12-14 11:45:00,1.9929,5855,1765891800000,2025-12-16 13:30:00,1.936,199,1.8506,2.0133,7.14,1.024,2.855,win
32,XRPUSDT,BUY,5855,1765890900000,2025-12-16 13:15:00,5856,1765891800000,2025-12-16 13:30:00,1.936,5974,1765998900000,2025-12-17 19:15:00,1.8508,119,1.9864,1.846,2.603,4.649,-4.401,win
33,XRPUSDT,SELL,5974,1765998000000,2025-12-17 19:00:00,5975,1765998900000,2025-12-17 19:15:00,1.8508,6056,1766072700000,2025-12-18 15:45:00,1.9275,82,1.8253,1.9333,1.378,4.458,-4.144,lose
34,XRPUSDT,BUY,6056,1766071800000,2025-12-18 15:30:00,6057,1766072700000,2025-12-18 15:45:00,1.9275,6078,1766092500000,2025-12-18 21:15:00,1.8145,22,1.9276,1.7975,0.005,6.744,-5.863,lose
35,XRPUSDT,SELL,6078,1766091600000,2025-12-18 21:00:00,6079,1766092500000,2025-12-18 21:15:00,1.8145,6139,1766147400000,2025-12-19 12:30:00,1.873,61,1.7703,1.8758,2.436,3.378,-3.224,win
36,XRPUSDT,BUY,6139,1766146500000,2025-12-19 12:15:00,6140,1766147400000,2025-12-19 12:30:00,1.873,6343,1766331000000,2025-12-21 15:30:00,1.9003,204,1.9577,1.8621,4.522,0.582,1.458,win
37,XRPUSDT,SELL,6343,1766330100000,2025-12-21 15:15:00,6344,1766331000000,2025-12-21 15:30:00,1.9003,6950,1766877300000,2025-12-27 23:15:00,1.8628,607,1.8234,1.9488,4.047,2.552,1.973,win
38,XRPUSDT,BUY,6950,1766876400000,2025-12-27 23:00:00,6951,1766877300000,2025-12-27 23:15:00,1.8628,7103,1767015000000,2025-12-29 13:30:00,1.8619,153,1.917,1.8517,2.91,0.596,-0.048,win
39,XRPUSDT,SELL,7103,1767014100000,2025-12-29 13:15:00,7104,1767015000000,2025-12-29 13:30:00,1.8619,7273,1767168000000,2025-12-31 08:00:00,1.8717,170,1.8424,1.8857,1.047,1.278,-0.526,lose
40,XRPUSDT,BUY,7273,1767167100000,2025-12-31 07:45:00,7274,1767168000000,2025-12-31 08:00:00,1.8717,7309,1767200400000,2025-12-31 17:00:00,1.843,36,1.8824,1.8371,0.572,1.849,-1.533,lose
41,XRPUSDT,SELL,7309,1767199500000,2025-12-31 16:45:00,7310,1767200400000,2025-12-31 17:00:00,1.843,7406,1767287700000,2026-01-01 17:15:00,1.8677,97,1.8106,1.8687,1.758,1.394,-1.34,lose
42,XRPUSDT,BUY,7406,1767286800000,2026-01-01 17:00:00,7407,1767287700000,2026-01-01 17:15:00,1.8677,7889,1767722400000,2026-01-06 18:00:00,2.2079,483,2.4175,1.8643,29.437,0.182,18.215,win
43,XRPUSDT,SELL,7889,1767721500000,2026-01-06 17:45:00,7890,1767722400000,2026-01-06 18:00:00,2.2079,8462,1768238100000,2026-01-12 17:15:00,2.0872,573,2.0335,2.3193,7.899,5.046,5.467,win
44,XRPUSDT,BUY,8462,1768237200000,2026-01-12 17:00:00,8463,1768238100000,2026-01-12 17:15:00,2.0872,8698,1768450500000,2026-01-15 04:15:00,2.0953,236,2.1917,2.038,5.007,2.357,0.388,win
45,XRPUSDT,SELL,8698,1768449600000,2026-01-15 04:00:00,8699,1768450500000,2026-01-15 04:15:00,2.0953,9139,1768847400000,2026-01-19 18:30:00,2.0118,441,1.8406,2.1317,12.156,1.737,3.985,win
46,XRPUSDT,BUY,9139,1768846500000,2026-01-19 18:15:00,9140,1768847400000,2026-01-19 18:30:00,2.0118,9182,1768886100000,2026-01-20 05:15:00,1.9556,43,2.0195,1.9541,0.383,2.868,-2.794,lose
47,XRPUSDT,SELL,9182,1768885200000,2026-01-20 05:00:00,9183,1768886100000,2026-01-20 05:15:00,1.9556,9342,1769030100000,2026-01-21 21:15:00,1.9744,160,1.8677,1.9838,4.495,1.442,-0.961,win
48,XRPUSDT,BUY,9342,1769029200000,2026-01-21 21:00:00,9343,1769030100000,2026-01-21 21:15:00,1.9744,9417,1769097600000,2026-01-22 16:00:00,1.9136,75,1.9889,1.9001,0.734,3.763,-3.079,lose
49,XRPUSDT,SELL,9417,1769096700000,2026-01-22 15:45:00,9418,1769097600000,2026-01-22 16:00:00,1.9136,9791,1769434200000,2026-01-26 13:30:00,1.9118,374,1.8095,1.9649,5.44,2.681,0.094,win
50,XRPUSDT,BUY,9791,1769433300000,2026-01-26 13:15:00,9792,1769434200000,2026-01-26 13:30:00,1.9118,10042,1769660100000,2026-01-29 04:15:00,1.8667,251,1.9454,1.8654,1.758,2.427,-2.359,lose
51,XRPUSDT,SELL,10042,1769659200000,2026-01-29 04:00:00,10043,1769660100000,2026-01-29 04:15:00,1.8667,10848,1770385500000,2026-02-06 13:45:00,1.4328,806,1.1174,1.8889,40.14,1.189,23.244,win
52,XRPUSDT,BUY,10848,1770384600000,2026-02-06 13:30:00,10849,1770385500000,2026-02-06 13:45:00,1.4328,11124,1770633900000,2026-02-09 10:45:00,1.3761,276,1.5416,1.3721,7.594,4.236,-3.957,win
53,XRPUSDT,SELL,11124,1770633000000,2026-02-09 10:30:00,11125,1770633900000,2026-02-09 10:45:00,1.3761,11182,1770686100000,2026-02-10 01:15:00,1.4449,58,1.3741,1.4636,0.145,6.359,-5.0,lose
54,XRPUSDT,BUY,11182,1770685200000,2026-02-10 01:00:00,11183,1770686100000,2026-02-10 01:15:00,1.4449,11259,1770755400000,2026-02-10 20:30:00,1.3963,77,1.4529,1.3916,0.554,3.689,-3.364,lose
55,XRPUSDT,SELL,11259,1770754500000,2026-02-10 20:15:00,11260,1770755400000,2026-02-10 20:30:00,1.3963,11530,1770999300000,2026-02-13 16:15:00,1.4164,271,1.341,1.4211,3.96,1.776,-1.44,win
56,XRPUSDT,BUY,11530,1770998400000,2026-02-13 16:00:00,11531,1770999300000,2026-02-13 16:15:00,1.4164,11732,1771181100000,2026-02-15 18:45:00,1.48,202,1.6693,1.3974,17.855,1.341,4.49,win
57,XRPUSDT,SELL,11732,1771180200000,2026-02-15 18:30:00,11733,1771181100000,2026-02-15 18:45:00,1.48,12276,1771670700000,2026-02-21 10:45:00,1.4407,544,1.3766,1.5154,6.986,2.392,2.655,win
58,XRPUSDT,BUY,12276,1771669800000,2026-02-21 10:30:00,12277,1771670700000,2026-02-21 10:45:00,1.4407,12382,1771766100000,2026-02-22 13:15:00,1.4086,106,1.4636,1.4043,1.59,2.527,-2.228,lose
59,XRPUSDT,SELL,12382,1771765200000,2026-02-22 13:00:00,12383,1771766100000,2026-02-22 13:15:00,1.4086,12476,1771850700000,2026-02-23 12:45:00,1.4174,94,1.329,1.4247,5.651,1.143,-0.625,win
60,XRPUSDT,BUY,12476,1771849800000,2026-02-23 12:30:00,12477,1771850700000,2026-02-23 12:45:00,1.4174,12535,1771903800000,2026-02-24 03:30:00,1.33,59,1.4221,1.3262,0.332,6.434,-6.166,lose
61,XRPUSDT,SELL,12535,1771902900000,2026-02-24 03:15:00,12536,1771903800000,2026-02-24 03:30:00,1.33,12635,1771993800000,2026-02-25 04:30:00,1.3693,100,1.3115,1.3997,1.391,5.241,-2.955,lose
62,XRPUSDT,BUY,12635,1771992900000,2026-02-25 04:15:00,12636,1771993800000,2026-02-25 04:30:00,1.3693,12785,1772128800000,2026-02-26 18:00:00,1.3869,150,1.4934,1.352,9.063,1.263,1.285,win
63,XRPUSDT,SELL,12785,1772127900000,2026-02-26 17:45:00,12786,1772128800000,2026-02-26 18:00:00,1.3869,12990,1772313300000,2026-02-28 21:15:00,1.3725,205,1.2693,1.4254,8.479,2.776,1.038,win
64,XRPUSDT,BUY,12990,1772312400000,2026-02-28 21:00:00,12991,1772313300000,2026-02-28 21:15:00,1.3725,13083,1772397000000,2026-03-01 20:30:00,1.3426,93,1.4327,1.3423,4.386,2.2,-2.179,win
65,XRPUSDT,SELL,13083,1772396100000,2026-03-01 20:15:00,13084,1772397000000,2026-03-01 20:30:00,1.3426,13162,1772468100000,2026-03-02 16:15:00,1.4161,79,1.3329,1.4181,0.722,5.623,-5.474,lose
66,XRPUSDT,BUY,13162,1772467200000,2026-03-02 16:00:00,13163,1772468100000,2026-03-02 16:15:00,1.4161,13237,1772535600000,2026-03-03 11:00:00,1.3495,75,1.4226,1.341,0.459,5.303,-4.703,lose
67,XRPUSDT,SELL,13237,1772534700000,2026-03-03 10:45:00,13238,1772535600000,2026-03-03 11:00:00,1.3495,13328,1772617500000,2026-03-04 09:45:00,1.4175,91,1.3352,1.4259,1.06,5.661,-5.039,lose
68,XRPUSDT,BUY,13328,1772616600000,2026-03-04 09:30:00,13329,1772617500000,2026-03-04 09:45:00,1.4175,13499,1772771400000,2026-03-06 04:30:00,1.4014,171,1.4721,1.3817,3.852,2.526,-1.136,win
69,XRPUSDT,SELL,13499,1772770500000,2026-03-06 04:15:00,13500,1772771400000,2026-03-06 04:30:00,1.4014,13877,1773111600000,2026-03-10 03:00:00,1.3869,378,1.3207,1.4077,5.759,0.45,1.035,win
70,XRPUSDT,BUY,13877,1773110700000,2026-03-10 02:45:00,13878,1773111600000,2026-03-10 03:00:00,1.3869,14073,1773288000000,2026-03-12 04:00:00,1.3726,196,1.4422,1.3686,3.987,1.319,-1.031,win
71,XRPUSDT,SELL,14073,1773287100000,2026-03-12 03:45:00,14074,1773288000000,2026-03-12 04:00:00,1.3726,14158,1773364500000,2026-03-13 01:15:00,1.4133,85,1.3633,1.424,0.678,3.745,-2.965,lose
72,XRPUSDT,BUY,14158,1773363600000,2026-03-13 01:00:00,14159,1773364500000,2026-03-13 01:15:00,1.4133,14308,1773499500000,2026-03-14 14:45:00,1.3873,150,1.4528,1.3822,2.795,2.201,-1.84,win
73,XRPUSDT,SELL,14308,1773498600000,2026-03-14 14:30:00,14309,1773499500000,2026-03-14 14:45:00,1.3873,14354,1773540900000,2026-03-15 02:15:00,1.4144,46,1.3861,1.4159,0.086,2.062,-1.953,lose
74,XRPUSDT,BUY,14354,1773540000000,2026-03-15 02:00:00,14355,1773540900000,2026-03-15 02:15:00,1.4144,14683,1773837000000,2026-03-18 12:30:00,1.4793,329,1.6064,1.4048,13.575,0.679,4.589,win
75,XRPUSDT,SELL,14683,1773836100000,2026-03-18 12:15:00,14684,1773837000000,2026-03-18 12:30:00,1.4793,15168,1774273500000,2026-03-23 13:45:00,1.434,485,1.3608,1.4814,8.011,0.142,3.062,win
76,XRPUSDT,BUY,15168,1774272600000,2026-03-23 13:30:00,15169,1774273500000,2026-03-23 13:45:00,1.434,15275,1774369800000,2026-03-24 16:30:00,1.3974,107,1.4657,1.3945,2.211,2.755,-2.552,win
77,XRPUSDT,SELL,15275,1774368900000,2026-03-24 16:15:00,15276,1774369800000,2026-03-24 16:30:00,1.3974,15338,1774426500000,2026-03-25 08:15:00,1.4177,63,1.3826,1.4258,1.059,2.032,-1.453,lose
78,XRPUSDT,BUY,15338,1774425600000,2026-03-25 08:00:00,15339,1774426500000,2026-03-25 08:15:00,1.4177,15427,1774506600000,2026-03-26 06:30:00,1.3876,89,1.4372,1.3856,1.375,2.264,-2.123,lose
79,XRPUSDT,SELL,15427,1774505700000,2026-03-26 06:15:00,15428,1774506600000,2026-03-26 06:30:00,1.3876,15660,1774716300000,2026-03-28 16:45:00,1.35,233,1.3173,1.3886,5.066,0.072,2.71,win
80,XRPUSDT,BUY,15660,1774715400000,2026-03-28 16:30:00,15661,1774716300000,2026-03-28 16:45:00,1.35,15730,1774779300000,2026-03-29 10:15:00,1.3332,70,1.3513,1.3274,0.096,1.674,-1.244,lose
81,XRPUSDT,SELL,15730,1774778400000,2026-03-29 10:00:00,15731,1774779300000,2026-03-29 10:15:00,1.3332,15803,1774845000000,2026-03-30 04:30:00,1.3538,73,1.2937,1.3608,2.963,2.07,-1.545,win
82,XRPUSDT,BUY,15803,1774844100000,2026-03-30 04:15:00,15804,1774845000000,2026-03-30 04:30:00,1.3538,15866,1774901700000,2026-03-30 20:15:00,1.3231,63,1.3663,1.3156,0.923,2.822,-2.268,lose
83,XRPUSDT,SELL,15866,1774900800000,2026-03-30 20:00:00,15867,1774901700000,2026-03-30 20:15:00,1.3231,16002,1775024100000,2026-04-01 06:15:00,1.3539,136,1.3028,1.3553,1.534,2.434,-2.328,lose
84,XRPUSDT,BUY,16002,1775023200000,2026-04-01 06:00:00,16003,1775024100000,2026-04-01 06:15:00,1.3539,16086,1775099700000,2026-04-02 03:15:00,1.3129,84,1.3679,1.3128,1.034,3.036,-3.028,lose
85,XRPUSDT,SELL,16086,1775098800000,2026-04-02 03:00:00,16087,1775099700000,2026-04-02 03:15:00,1.3129,16237,1775235600000,2026-04-03 17:00:00,1.3239,151,1.2791,1.3356,2.574,1.729,-0.838,win
86,XRPUSDT,BUY,16237,1775234700000,2026-04-03 16:45:00,16238,1775235600000,2026-04-03 17:00:00,1.3239,16386,1775369700000,2026-04-05 06:15:00,1.2968,149,1.3246,1.2954,0.053,2.153,-2.047,lose
87,XRPUSDT,SELL,16386,1775368800000,2026-04-05 06:00:00,16387,1775369700000,2026-04-05 06:15:00,1.2968,16458,1775434500000,2026-04-06 00:15:00,1.333,72,1.277,1.3383,1.527,3.2,-2.791,lose
88,XRPUSDT,BUY,16458,1775433600000,2026-04-06 00:00:00,16459,1775434500000,2026-04-06 00:15:00,1.333,16556,1775522700000,2026-04-07 00:45:00,1.322,98,1.357,1.3111,1.8,1.643,-0.825,lose
89,XRPUSDT,SELL,16556,1775521800000,2026-04-07 00:30:00,16557,1775522700000,2026-04-07 00:45:00,1.322,16644,1775601900000,2026-04-07 22:45:00,1.3543,88,1.294,1.3643,2.118,3.2,-2.443,win
90,XRPUSDT,BUY,16644,1775601000000,2026-04-07 22:30:00,16645,1775601900000,2026-04-07 22:45:00,1.3543,16750,1775697300000,2026-04-09 01:15:00,1.332,106,1.3959,1.3293,3.072,1.846,-1.647,win
91,XRPUSDT,SELL,16750,1775696400000,2026-04-09 01:00:00,16751,1775697300000,2026-04-09 01:15:00,1.332,16829,1775768400000,2026-04-09 21:00:00,1.3561,79,1.3209,1.3601,0.833,2.11,-1.809,lose
92,XRPUSDT,BUY,16829,1775767500000,2026-04-09 20:45:00,16830,1775768400000,2026-04-09 21:00:00,1.3561,17046,1775963700000,2026-04-12 03:15:00,1.3336,217,1.3749,1.324,1.386,2.367,-1.659,lose
93,XRPUSDT,SELL,17046,1775962800000,2026-04-12 03:00:00,17047,1775963700000,2026-04-12 03:15:00,1.3336,17214,1776114900000,2026-04-13 21:15:00,1.3491,168,1.3181,1.3551,1.162,1.612,-1.162,lose
94,XRPUSDT,BUY,17214,1776114000000,2026-04-13 21:00:00,17215,1776114900000,2026-04-13 21:15:00,1.3491,17653,1776510000000,2026-04-18 11:00:00,1.439,439,1.5092,1.3484,11.867,0.052,6.664,win
95,XRPUSDT,SELL,17653,1776509100000,2026-04-18 10:45:00,17654,1776510000000,2026-04-18 11:00:00,1.439,17919,1776749400000,2026-04-21 05:30:00,1.4308,266,1.3883,1.446,3.523,0.486,0.57,win
96,XRPUSDT,BUY,17919,1776748500000,2026-04-21 05:15:00,17920,1776749400000,2026-04-21 05:30:00,1.4308,18095,1776907800000,2026-04-23 01:30:00,1.4207,176,1.4622,1.4103,2.195,1.433,-0.706,win
97,XRPUSDT,SELL,18095,1776906900000,2026-04-23 01:15:00,18096,1776907800000,2026-04-23 01:30:00,1.4207,18217,1777017600000,2026-04-24 08:00:00,1.432,122,1.408,1.4453,0.894,1.732,-0.795,lose
98,XRPUSDT,BUY,18217,1777016700000,2026-04-24 07:45:00,18218,1777017600000,2026-04-24 08:00:00,1.432,18353,1777140000000,2026-04-25 18:00:00,1.4191,136,1.4503,1.4182,1.278,0.964,-0.901,lose
99,XRPUSDT,SELL,18353,1777139100000,2026-04-25 17:45:00,18354,1777140000000,2026-04-25 18:00:00,1.4191,18481,1777255200000,2026-04-27 02:00:00,1.4442,128,1.417,1.4457,0.148,1.874,-1.769,lose
100,XRPUSDT,BUY,18481,1777254300000,2026-04-27 01:45:00,18482,1777255200000,2026-04-27 02:00:00,1.4442,18505,1777276800000,2026-04-27 08:00:00,1.4134,24,1.4463,1.4113,0.145,2.278,-2.133,lose
101,XRPUSDT,SELL,18505,1777275900000,2026-04-27 07:45:00,18506,1777276800000,2026-04-27 08:00:00,1.4134,18705,1777456800000,2026-04-29 10:00:00,1.4031,200,1.3668,1.4185,3.297,0.361,0.729,win
102,XRPUSDT,BUY,18705,1777455900000,2026-04-29 09:45:00,18706,1777456800000,2026-04-29 10:00:00,1.4031,18726,1777475700000,2026-04-29 15:15:00,1.3644,21,1.4055,1.3605,0.171,3.036,-2.758,lose
103,XRPUSDT,SELL,18726,1777474800000,2026-04-29 15:00:00,18727,1777475700000,2026-04-29 15:15:00,1.3644,18912,1777643100000,2026-05-01 13:45:00,1.3911,186,1.3442,1.394,1.481,2.169,-1.957,lose
104,XRPUSDT,BUY,18912,1777642200000,2026-05-01 13:30:00,18913,1777643100000,2026-05-01 13:45:00,1.3911,19443,1778121000000,2026-05-07 02:30:00,1.411,531,1.4568,1.3802,4.723,0.784,1.431,win
105,XRPUSDT,SELL,19443,1778120100000,2026-05-07 02:15:00,19444,1778121000000,2026-05-07 02:30:00,1.411,19605,1778266800000,2026-05-08 19:00:00,1.4186,162,1.3769,1.4239,2.417,0.914,-0.539,win
106,XRPUSDT,BUY,19605,1778265900000,2026-05-08 18:45:00,19606,1778266800000,2026-05-08 19:00:00,1.4186,19969,1778594400000,2026-05-12 14:00:00,1.4337,364,1.5078,1.4102,6.288,0.592,1.064,win
107,XRPUSDT,SELL,19969,1778593500000,2026-05-12 13:45:00,19970,1778594400000,2026-05-12 14:00:00,1.4337,20040,1778658300000,2026-05-13 07:45:00,1.4603,71,1.4176,1.4644,1.123,2.141,-1.855,lose
108,XRPUSDT,BUY,20040,1778657400000,2026-05-13 07:30:00,20041,1778658300000,2026-05-13 07:45:00,1.4603,20067,1778682600000,2026-05-13 14:30:00,1.4289,27,1.4689,1.4202,0.589,2.746,-2.15,lose
109,XRPUSDT,SELL,20067,1778681700000,2026-05-13 14:15:00,20068,1778682600000,2026-05-13 14:30:00,1.4289,20165,1778770800000,2026-05-14 15:00:00,1.4706,98,1.4104,1.4739,1.295,3.149,-2.918,lose
110,XRPUSDT,BUY,20165,1778769900000,2026-05-14 14:45:00,20166,1778770800000,2026-05-14 15:00:00,1.4706,20257,1778853600000,2026-05-15 14:00:00,1.4315,92,1.5488,1.4277,5.318,2.917,-2.659,win
111,XRPUSDT,SELL,20257,1778852700000,2026-05-15 13:45:00,20258,1778853600000,2026-05-15 14:00:00,1.4315,20793,1779336000000,2026-05-21 04:00:00,1.3837,536,1.3465,1.4507,5.938,1.341,3.339,win
112,XRPUSDT,BUY,20793,1779335100000,2026-05-21 03:45:00,20794,1779336000000,2026-05-21 04:00:00,1.3837,20837,1779375600000,2026-05-21 15:00:00,1.3562,44,1.3852,1.3503,0.108,2.414,-1.987,lose
113,XRPUSDT,SELL,20837,1779374700000,2026-05-21 14:45:00,20838,1779375600000,2026-05-21 15:00:00,1.3562,21049,1779566400000,2026-05-23 20:00:00,1.3462,212,1.2951,1.3858,4.505,2.183,0.737,win
114,XRPUSDT,BUY,21049,1779565500000,2026-05-23 19:45:00,21050,1779566400000,2026-05-23 20:00:00,1.3462,21153,1779660000000,2026-05-24 22:00:00,1.335,104,1.3756,1.3315,2.184,1.092,-0.832,win
115,XRPUSDT,SELL,21153,1779659100000,2026-05-24 21:45:00,21154,1779660000000,2026-05-24 22:00:00,1.335,21520,1779990300000,2026-05-28 17:45:00,1.3245,367,1.2668,1.3653,5.109,2.27,0.787,win
116,XRPUSDT,BUY,21520,1779989400000,2026-05-28 17:30:00,21521,1779990300000,2026-05-28 17:45:00,1.3245,21804,1780245900000,2026-05-31 16:45:00,1.3263,284,1.3654,1.2935,3.088,2.341,0.136,win
117,XRPUSDT,SELL,21804,1780245000000,2026-05-31 16:30:00,21805,1780245900000,2026-05-31 16:45:00,1.3263,22425,1780804800000,2026-06-07 04:00:00,1.1176,621,1.049,1.342,20.908,1.184,15.736,win
118,XRPUSDT,BUY,22425,1780803900000,2026-06-07 03:45:00,22426,1780804800000,2026-06-07 04:00:00,1.1176,22667,1781022600000,2026-06-09 16:30:00,1.1268,242,1.1861,1.1096,6.129,0.716,0.823,win
119,XRPUSDT,SELL,22667,1781021700000,2026-06-09 16:15:00,22668,1781022600000,2026-06-09 16:30:00,1.1268,22871,1781206200000,2026-06-11 19:30:00,1.1415,204,1.0873,1.1465,3.506,1.748,-1.305,win
120,XRPUSDT,BUY,22871,1781205300000,2026-06-11 19:15:00,22872,1781206200000,2026-06-11 19:30:00,1.1415,23140,1781448300000,2026-06-14 14:45:00,1.128,269,1.1606,1.1252,1.673,1.428,-1.183,lose
121,XRPUSDT,SELL,23140,1781447400000,2026-06-14 14:30:00,23141,1781448300000,2026-06-14 14:45:00,1.128,23170,1781475300000,2026-06-14 22:15:00,1.1702,30,1.1273,1.1752,0.062,4.184,-3.741,lose
122,XRPUSDT,BUY,23170,1781474400000,2026-06-14 22:00:00,23171,1781475300000,2026-06-14 22:15:00,1.1702,23334,1781622900000,2026-06-16 15:15:00,1.2149,164,1.293,1.1667,10.494,0.299,3.82,win
123,XRPUSDT,SELL,23334,1781622000000,2026-06-16 15:00:00,23335,1781622900000,2026-06-16 15:15:00,1.2149,23709,1781960400000,2026-06-20 13:00:00,1.1454,375,1.1184,1.2303,7.943,1.268,5.721,win
124,XRPUSDT,BUY,23709,1781959500000,2026-06-20 12:45:00,23710,1781960400000,2026-06-20 13:00:00,1.1454,23845,1782082800000,2026-06-21 23:00:00,1.1312,136,1.155,1.1193,0.838,2.279,-1.24,lose
125,XRPUSDT,SELL,23845,1782081900000,2026-06-21 22:45:00,23846,1782082800000,2026-06-21 23:00:00,1.1312,23905,1782136800000,2026-06-22 14:00:00,1.1631,60,1.1229,1.1634,0.734,2.847,-2.82,lose
126,XRPUSDT,BUY,23905,1782135900000,2026-06-22 13:45:00,23906,1782136800000,2026-06-22 14:00:00,1.1631,23964,1782189900000,2026-06-23 04:45:00,1.122,59,1.1632,1.1206,0.009,3.654,-3.534,lose
127,XRPUSDT,SELL,23964,1782189000000,2026-06-23 04:30:00,23965,1782189900000,2026-06-23 04:45:00,1.122,24342,1782530100000,2026-06-27 03:15:00,1.0579,378,1.0081,1.1226,10.152,0.053,5.713,win
128,XRPUSDT,BUY,24342,1782529200000,2026-06-27 03:00:00,24343,1782530100000,2026-06-27 03:15:00,1.0579,24436,1782614700000,2026-06-28 02:45:00,1.0462,94,1.0767,1.0445,1.777,1.267,-1.106,lose
129,XRPUSDT,SELL,24436,1782613800000,2026-06-28 02:30:00,24437,1782614700000,2026-06-28 02:45:00,1.0462,24602,1782764100000,2026-06-29 20:15:00,1.0692,166,1.0313,1.0762,1.424,2.868,-2.198,lose
130,XRPUSDT,BUY,24602,1782763200000,2026-06-29 20:00:00,24603,1782764100000,2026-06-29 20:15:00,1.0692,24660,1782816300000,2026-06-30 10:45:00,1.0419,58,1.0696,1.0405,0.037,2.684,-2.553,lose
131,XRPUSDT,SELL,24660,1782815400000,2026-06-30 10:30:00,24661,1782816300000,2026-06-30 10:45:00,1.0419,24779,1782923400000,2026-07-01 16:30:00,1.0621,119,1.0212,1.0652,1.987,2.236,-1.939,lose
132,XRPUSDT,BUY,24779,1782922500000,2026-07-01 16:15:00,24780,1782923400000,2026-07-01 16:30:00,1.0621,25114,1783224900000,2026-07-05 04:15:00,1.1382,335,1.1838,1.0442,11.458,1.685,7.165,win
133,XRPUSDT,SELL,25114,1783224000000,2026-07-05 04:00:00,25115,1783224900000,2026-07-05 04:15:00,1.1382,25192,1783295100000,2026-07-05 23:45:00,1.1576,78,1.1241,1.1691,1.239,2.715,-1.704,lose
134,XRPUSDT,BUY,25192,1783294200000,2026-07-05 23:30:00,25193,1783295100000,2026-07-05 23:45:00,1.1576,25248,1783345500000,2026-07-06 13:45:00,1.1159,56,1.161,1.1088,0.294,4.216,-3.602,lose
135,XRPUSDT,SELL,25248,1783344600000,2026-07-06 13:30:00,25249,1783345500000,2026-07-06 13:45:00,1.1159,25588,1783651500000,2026-07-10 02:45:00,1.106,340,1.0678,1.1645,4.31,4.355,0.887,win
136,XRPUSDT,BUY,25588,1783650600000,2026-07-10 02:30:00,25589,1783651500000,2026-07-10 02:45:00,1.106,25771,1783816200000,2026-07-12 00:30:00,1.0921,183,1.1188,1.0912,1.157,1.338,-1.257,lose
137,XRPUSDT,SELL,25771,1783815300000,2026-07-12 00:15:00,25772,1783816200000,2026-07-12 00:30:00,1.0921,26015,1784035800000,2026-07-14 13:30:00,1.1035,244,1.0526,1.1045,3.617,1.135,-1.044,win
138,XRPUSDT,BUY,26015,1784034900000,2026-07-14 13:15:00,26016,1784035800000,2026-07-14 13:30:00,1.1035,26228,1784227500000,2026-07-16 18:45:00,1.0893,213,1.1297,1.0874,2.374,1.459,-1.287,win
139,XRPUSDT,SELL,26228,1784226600000,2026-07-16 18:30:00,26229,1784227500000,2026-07-16 18:45:00,1.0893,26469,1784444400000,2026-07-19 07:00:00,1.0956,241,1.0691,1.0994,1.854,0.927,-0.578,lose
140,XRPUSDT,BUY,26469,1784443500000,2026-07-19 06:45:00,26470,1784444400000,2026-07-19 07:00:00,1.0956,26877,1784811600000,2026-07-23 13:00:00,1.1213,408,1.1641,1.0823,6.252,1.214,2.346,win
141,XRPUSDT,SELL,26877,1784810700000,2026-07-23 12:45:00,26878,1784811600000,2026-07-23 13:00:00,1.1213,27085,1784998800000,2026-07-25 17:00:00,1.1022,208,1.0843,1.1214,3.3,0.009,1.703,win
142,XRPUSDT,BUY,27085,1784997900000,2026-07-25 16:45:00,27086,1784998800000,2026-07-25 17:00:00,1.1022,27278,1785172500000,2026-07-27 17:15:00,1.0934,193,1.1163,1.0846,1.279,1.597,-0.798,lose
143,XRPUSDT,SELL,27278,1785171600000,2026-07-27 17:00:00,27279,1785172500000,2026-07-27 17:15:00,1.0934,27412,1785293100000,2026-07-29 02:45:00,1.0795,134,1.0445,1.0955,4.472,0.192,1.271,win
144,XRPUSDT,BUY,27412,1785292200000,2026-07-29 02:30:00,27413,1785293100000,2026-07-29 02:45:00,1.0795,27643,1785501000000,2026-07-31 12:30:00,1.0711,231,1.0949,1.0615,1.427,1.667,-0.778,lose
145,XRPUSDT,SELL,27643,1785500100000,2026-07-31 12:15:00,27644,1785501000000,2026-07-31 12:30:00,1.0711,27797,1785639600000,2026-08-02 03:00:00,1.0756,154,1.0464,1.0758,2.306,0.439,-0.42,win
146,XRPUSDT,BUY,27797,1785638700000,2026-08-02 02:45:00,27798,1785639600000,2026-08-02 03:00:00,1.0756,27914,1785744900000,2026-08-03 08:15:00,1.0672,117,1.0929,1.0653,1.608,0.958,-0.781,lose
147,XRPUSDT,SELL,27914,1785744000000,2026-08-03 08:00:00,27915,1785744900000,2026-08-03 08:15:00,1.0672,27952,1785779100000,2026-08-03 17:45:00,1.082,38,1.0621,1.0868,0.478,1.837,-1.387,lose
148,XRPUSDT,BUY,27952,1785778200000,2026-08-03 17:30:00,27953,1785779100000,2026-08-03 17:45:00,1.082,28109,1785920400000,2026-08-05 09:00:00,1.0651,157,1.0839,1.0635,0.176,1.71,-1.562,lose
149,XRPUSDT,SELL,28109,1785919500000,2026-08-05 08:45:00,28110,1785920400000,2026-08-05 09:00:00,1.0651,28399,1786181400000,2026-08-08 09:30:00,1.0359,290,1.012,1.0728,4.985,0.723,2.742,win
150,XRPUSDT,BUY,28399,1786180500000,2026-08-08 09:15:00,28400,1786181400000,2026-08-08 09:30:00,1.0359,28563,1786329000000,2026-08-10 02:30:00,1.0295,164,1.0484,1.0272,1.207,0.84,-0.618,lose
151,XRPUSDT,SELL,28563,1786328100000,2026-08-10 02:15:00,28564,1786329000000,2026-08-10 02:30:00,1.0295,28795,1786537800000,2026-08-12 12:30:00,1.0241,232,0.9886,1.04,3.973,1.02,0.525,win
152,XRPUSDT,BUY,28795,1786536900000,2026-08-12 12:15:00,28796,1786537800000,2026-08-12 12:30:00,1.0241,28831,1786570200000,2026-08-12 21:30:00,1.0052,36,1.0255,1.0025,0.137,2.109,-1.846,lose
153,XRPUSDT,SELL,28831,1786569300000,2026-08-12 21:15:00,28832,1786570200000,2026-08-12 21:30:00,1.0052,29451,1787128200000,2026-08-19 08:30:00,1.0047,620,0.9844,1.0149,2.069,0.965,0.05,win
154,XRPUSDT,BUY,29451,1787127300000,2026-08-19 08:15:00,29452,1787128200000,2026-08-19 08:30:00,1.0047,29999,1787620500000,2026-08-25 01:15:00,1.4978,548,1.701,1.0028,69.304,0.189,49.079,win
