entry_id,symbol,direction,signal_index,signal_datetime,entry_index,entry_datetime,entry_price,exit_datetime,exit_price,duration_bars,max_roe_pct,max_stoploss_pct,net_pnl_pct,label,liq_filtered,danger_liq_dist_pct,danger_zone_type
1,ADAUSDT,SELL,19,2025-10-16 18:15:00,20,2025-10-16 18:30:00,0.6477,2025-10-18 19:00:00,0.6348,194,8.646,1.22,1.992,win,False,,
4,ADAUSDT,BUY,488,2025-10-21 15:30:00,489,2025-10-21 15:45:00,0.6827,2025-10-22 01:45:00,0.6413,40,0.161,6.65,-6.064,lose,False,,
5,ADAUSDT,SELL,528,2025-10-22 01:30:00,529,2025-10-22 01:45:00,0.6413,2025-10-23 15:45:00,0.6418,152,5.738,0.702,-0.078,win,False,2.781,SSL
6,ADAUSDT,BUY,680,2025-10-23 15:30:00,681,2025-10-23 15:45:00,0.6418,2025-10-28 04:45:00,0.6646,436,8.024,0.888,3.553,win,False,6.365,BSL
7,ADAUSDT,SELL,1116,2025-10-28 04:30:00,1117,2025-10-28 04:45:00,0.6646,2025-11-05 19:00:00,0.5474,825,26.362,1.595,17.635,win,False,4.792,SSL
9,ADAUSDT,SELL,2031,2025-11-06 17:15:00,2032,2025-11-06 17:30:00,0.5247,2025-11-07 17:00:00,0.5667,94,1.048,8.672,-8.005,lose,False,1.563,SSL
10,ADAUSDT,BUY,2125,2025-11-07 16:45:00,2126,2025-11-07 17:00:00,0.5667,2025-11-08 20:00:00,0.5605,108,4.606,2.329,-1.094,win,False,7.535,BSL
11,ADAUSDT,SELL,2233,2025-11-08 19:45:00,2234,2025-11-08 20:00:00,0.5605,2025-11-09 17:00:00,0.5772,84,2.302,3.301,-2.979,win,False,7.85,SSL
12,ADAUSDT,BUY,2317,2025-11-09 16:45:00,2318,2025-11-09 17:00:00,0.5772,2025-11-11 18:15:00,0.5702,197,5.128,1.906,-1.213,win,False,5.579,BSL
13,ADAUSDT,SELL,2514,2025-11-11 18:00:00,2515,2025-11-11 18:15:00,0.5702,2025-11-12 14:15:00,0.5798,80,3.139,1.806,-1.684,win,False,3.551,SSL
14,ADAUSDT,BUY,2594,2025-11-12 14:00:00,2595,2025-11-12 14:15:00,0.5798,2025-11-12 17:15:00,0.5448,12,0.052,6.106,-6.037,lose,False,,
15,ADAUSDT,SELL,2606,2025-11-12 17:00:00,2607,2025-11-12 17:15:00,0.5448,2025-11-13 12:30:00,0.5632,77,1.083,4.901,-3.377,lose,False,5.195,SSL
16,ADAUSDT,BUY,2683,2025-11-13 12:15:00,2684,2025-11-13 12:30:00,0.5632,2025-11-13 18:00:00,0.529,22,0.959,6.214,-6.072,lose,False,,
17,ADAUSDT,SELL,2705,2025-11-13 17:45:00,2706,2025-11-13 18:00:00,0.529,2025-11-23 13:45:00,0.4141,943,26.749,1.002,21.72,win,False,2.363,SSL
21,ADAUSDT,SELL,4087,2025-11-28 03:15:00,4088,2025-11-28 03:30:00,0.4242,2025-12-02 12:00:00,0.3935,418,12.659,2.994,7.237,win,False,4.263,SSL
22,ADAUSDT,BUY,4505,2025-12-02 11:45:00,4506,2025-12-02 12:00:00,0.3935,2025-12-05 09:45:00,0.4307,279,15.807,0.229,9.454,win,False,10.826,BSL
23,ADAUSDT,SELL,4784,2025-12-05 09:30:00,4785,2025-12-05 09:45:00,0.4307,2025-12-07 18:30:00,0.4338,227,5.921,0.975,-0.72,win,False,13.35,SSL
24,ADAUSDT,BUY,5011,2025-12-07 18:15:00,5012,2025-12-07 18:30:00,0.4338,2025-12-11 00:45:00,0.4469,313,11.503,5.348,3.02,win,False,1.879,BSL
25,ADAUSDT,SELL,5324,2025-12-11 00:30:00,5325,2025-12-11 00:45:00,0.4469,2025-12-19 10:00:00,0.3657,805,22.511,0.157,18.17,win,False,8.744,SSL
26,ADAUSDT,BUY,6129,2025-12-19 09:45:00,6130,2025-12-19 10:00:00,0.3657,2025-12-21 02:45:00,0.3678,163,4.156,0.273,0.574,win,False,3.678,BSL
27,ADAUSDT,SELL,6292,2025-12-21 02:30:00,6293,2025-12-21 02:45:00,0.3678,2025-12-22 13:15:00,0.3741,138,2.855,2.447,-1.713,win,False,5.465,SSL
29,ADAUSDT,SELL,6514,2025-12-23 10:00:00,6515,2025-12-23 10:15:00,0.3638,2025-12-26 13:45:00,0.3566,302,6.844,1.374,1.979,win,False,2.584,SSL
32,ADAUSDT,BUY,6906,2025-12-27 12:00:00,6907,2025-12-27 12:15:00,0.357,2025-12-28 20:45:00,0.3634,130,5.686,0.476,1.793,win,False,6.204,BSL
33,ADAUSDT,SELL,7036,2025-12-28 20:30:00,7037,2025-12-28 20:45:00,0.3634,2025-12-29 02:30:00,0.3766,23,0.413,4.568,-3.632,lose,False,,
35,ADAUSDT,SELL,7105,2025-12-29 13:45:00,7106,2025-12-29 14:00:00,0.3639,2026-01-01 15:45:00,0.3461,295,9.975,1.539,4.891,win,False,,
36,ADAUSDT,BUY,7400,2026-01-01 15:30:00,7401,2026-01-01 15:45:00,0.3461,2026-01-07 04:30:00,0.4116,531,26.351,0.202,18.925,win,False,15.67,BSL
37,ADAUSDT,SELL,7931,2026-01-07 04:15:00,7932,2026-01-07 04:30:00,0.4116,2026-01-12 03:00:00,0.4018,474,6.827,2.745,2.381,win,False,2.709,SSL
39,ADAUSDT,SELL,8449,2026-01-12 13:45:00,8450,2026-01-12 14:00:00,0.3822,2026-01-13 16:00:00,0.4061,104,0.262,6.306,-6.253,lose,False,13.645,SSL
40,ADAUSDT,BUY,8553,2026-01-13 15:45:00,8554,2026-01-13 16:00:00,0.4061,2026-01-15 03:45:00,0.3999,143,5.171,1.798,-1.527,win,False,4.408,BSL
41,ADAUSDT,SELL,8696,2026-01-15 03:30:00,8697,2026-01-15 03:45:00,0.3999,2026-01-17 04:00:00,0.3944,193,5.426,2.701,1.375,win,False,4.026,SSL
42,ADAUSDT,BUY,8889,2026-01-17 03:45:00,8890,2026-01-17 04:00:00,0.3944,2026-01-18 18:00:00,0.3918,152,2.485,1.344,-0.659,win,False,,
43,ADAUSDT,SELL,9041,2026-01-18 17:45:00,9042,2026-01-18 18:00:00,0.3918,2026-01-21 22:45:00,0.3684,307,12.94,1.302,5.972,win,False,15.761,SSL
45,ADAUSDT,SELL,9508,2026-01-23 14:30:00,9509,2026-01-23 14:45:00,0.3544,2026-01-26 16:15:00,0.3521,294,6.179,4.628,0.649,win,False,6.871,SSL
46,ADAUSDT,BUY,9802,2026-01-26 16:00:00,9803,2026-01-26 16:15:00,0.3521,2026-01-29 05:15:00,0.3501,244,3.635,1.619,-0.568,win,False,2.682,BSL
47,ADAUSDT,SELL,10046,2026-01-29 05:00:00,10047,2026-01-29 05:15:00,0.3501,2026-02-02 21:15:00,0.3004,448,23.222,0.628,14.196,win,False,,
49,ADAUSDT,SELL,10664,2026-02-04 15:30:00,10665,2026-02-04 15:45:00,0.2862,2026-02-06 16:15:00,0.2769,194,22.991,2.516,3.249,win,False,,
50,ADAUSDT,BUY,10858,2026-02-06 16:00:00,10859,2026-02-06 16:15:00,0.2769,2026-02-09 10:15:00,0.2637,264,2.6,4.875,-4.767,win,False,9.227,BSL
51,ADAUSDT,SELL,11122,2026-02-09 10:00:00,11123,2026-02-09 10:15:00,0.2637,2026-02-12 10:30:00,0.2654,289,5.119,3.716,-0.645,win,False,15.51,SSL
53,ADAUSDT,SELL,11720,2026-02-15 15:30:00,11721,2026-02-15 15:45:00,0.2844,2026-02-20 16:00:00,0.2888,481,6.153,1.793,-1.547,win,False,2.974,SSL
54,ADAUSDT,BUY,12201,2026-02-20 15:45:00,12202,2026-02-20 16:00:00,0.2888,2026-02-22 05:15:00,0.2756,149,1.697,4.709,-4.571,lose,False,,
55,ADAUSDT,SELL,12350,2026-02-22 05:00:00,12351,2026-02-22 05:15:00,0.2756,2026-02-23 13:00:00,0.2736,127,6.785,0.617,0.726,win,False,6.265,SSL
56,ADAUSDT,BUY,12477,2026-02-23 12:45:00,12478,2026-02-23 13:00:00,0.2736,2026-02-23 20:15:00,0.2608,29,0.183,4.934,-4.678,lose,False,,
58,ADAUSDT,BUY,12627,2026-02-25 02:15:00,12628,2026-02-25 02:30:00,0.2706,2026-02-26 18:15:00,0.2833,159,15.817,3.215,4.693,win,False,,
59,ADAUSDT,SELL,12786,2026-02-26 18:00:00,12787,2026-02-26 18:15:00,0.2833,2026-02-28 22:00:00,0.2781,207,8.542,4.553,1.836,win,False,8.813,SSL
60,ADAUSDT,BUY,12993,2026-02-28 21:45:00,12994,2026-02-28 22:00:00,0.2781,2026-03-01 20:15:00,0.2709,89,5.07,2.697,-2.589,win,False,5.645,BSL
61,ADAUSDT,SELL,13082,2026-03-01 20:00:00,13083,2026-03-01 20:15:00,0.2709,2026-03-02 16:15:00,0.288,80,0.997,6.423,-6.312,lose,False,4.639,SSL
62,ADAUSDT,BUY,13162,2026-03-02 16:00:00,13163,2026-03-02 16:15:00,0.288,2026-03-03 07:00:00,0.269,59,0.174,6.875,-6.597,lose,False,2.014,BSL
63,ADAUSDT,SELL,13221,2026-03-03 06:45:00,13222,2026-03-03 07:00:00,0.269,2026-03-04 14:30:00,0.2728,126,4.015,1.933,-1.413,win,False,3.965,SSL
64,ADAUSDT,BUY,13347,2026-03-04 14:15:00,13348,2026-03-04 14:30:00,0.2728,2026-03-05 22:00:00,0.269,126,4.472,2.896,-1.393,win,False,5.114,BSL
67,ADAUSDT,SELL,14086,2026-03-12 07:00:00,14087,2026-03-12 07:15:00,0.259,2026-03-13 00:45:00,0.2699,70,0.347,5.367,-4.208,lose,False,3.205,SSL
68,ADAUSDT,BUY,14156,2026-03-13 00:30:00,14157,2026-03-13 00:45:00,0.2699,2026-03-13 23:30:00,0.2652,91,4.261,2.445,-1.741,win,False,2.952,BSL
69,ADAUSDT,SELL,14247,2026-03-13 23:15:00,14248,2026-03-13 23:30:00,0.2652,2026-03-15 05:15:00,0.2653,119,2.715,0.528,-0.038,win,False,2.021,SSL
70,ADAUSDT,BUY,14366,2026-03-15 05:00:00,14367,2026-03-15 05:15:00,0.2653,2026-03-18 12:45:00,0.2762,318,11.383,1.319,4.109,win,False,10.743,BSL
71,ADAUSDT,SELL,14684,2026-03-18 12:30:00,14685,2026-03-18 12:45:00,0.2762,2026-03-23 13:15:00,0.26,482,10.391,0.434,5.865,win,False,5.923,SSL
72,ADAUSDT,BUY,15166,2026-03-23 13:00:00,15167,2026-03-23 13:15:00,0.26,2026-03-26 06:00:00,0.2622,259,6.462,0.846,0.846,win,False,2.798,BSL
73,ADAUSDT,SELL,15425,2026-03-26 05:45:00,15426,2026-03-26 06:00:00,0.2622,2026-03-30 08:45:00,0.2509,395,11.365,0.114,4.31,win,False,4.386,SSL
74,ADAUSDT,BUY,15820,2026-03-30 08:30:00,15821,2026-03-30 08:45:00,0.2509,2026-03-31 10:15:00,0.2405,102,0.757,4.583,-4.145,lose,False,1.868,BSL
75,ADAUSDT,SELL,15922,2026-03-31 10:00:00,15923,2026-03-31 10:15:00,0.2405,2026-04-01 06:45:00,0.2527,82,2.62,5.904,-5.073,win,False,2.633,SSL
77,ADAUSDT,SELL,16089,2026-04-02 03:45:00,16090,2026-04-02 04:00:00,0.2389,2026-04-03 08:30:00,0.2439,114,1.8,2.637,-2.093,lose,False,1.981,SSL
78,ADAUSDT,BUY,16203,2026-04-03 08:15:00,16204,2026-04-03 08:30:00,0.2439,2026-04-05 07:30:00,0.2423,188,3.034,0.943,-0.656,win,False,2.153,BSL
79,ADAUSDT,SELL,16391,2026-04-05 07:15:00,16392,2026-04-05 07:30:00,0.2423,2026-04-06 00:15:00,0.2547,67,1.156,5.943,-5.118,lose,False,3.357,SSL
82,ADAUSDT,BUY,16643,2026-04-07 22:15:00,16644,2026-04-07 22:30:00,0.2549,2026-04-08 20:45:00,0.2517,89,4.472,1.452,-1.255,win,False,7.984,BSL
83,ADAUSDT,SELL,16732,2026-04-08 20:30:00,16733,2026-04-08 20:45:00,0.2517,2026-04-09 21:45:00,0.2568,100,1.748,2.463,-2.026,lose,False,3.303,SSL
84,ADAUSDT,BUY,16832,2026-04-09 21:30:00,16833,2026-04-09 21:45:00,0.2568,2026-04-11 08:30:00,0.2503,139,1.674,2.96,-2.531,lose,False,2.882,BSL
85,ADAUSDT,SELL,16971,2026-04-11 08:15:00,16972,2026-04-11 08:30:00,0.2503,2026-04-13 23:00:00,0.2473,250,6.073,2.237,1.199,win,False,2.762,SSL
86,ADAUSDT,BUY,17221,2026-04-13 22:45:00,17222,2026-04-13 23:00:00,0.2473,2026-04-15 08:30:00,0.2401,134,0.89,3.761,-2.911,lose,False,6.834,BSL
87,ADAUSDT,SELL,17355,2026-04-15 08:15:00,17356,2026-04-15 08:30:00,0.2401,2026-04-15 19:30:00,0.2465,44,0.625,3.124,-2.666,lose,False,2.471,SSL
91,ADAUSDT,SELL,18095,2026-04-23 01:15:00,18096,2026-04-23 01:30:00,0.247,2026-04-24 15:00:00,0.2504,150,1.053,1.984,-1.377,lose,False,1.552,SSL
92,ADAUSDT,BUY,18245,2026-04-24 14:45:00,18246,2026-04-24 15:00:00,0.2504,2026-04-25 19:00:00,0.2486,112,1.358,0.998,-0.719,lose,False,1.813,BSL
95,ADAUSDT,SELL,18503,2026-04-27 07:15:00,18504,2026-04-27 07:30:00,0.2472,2026-04-29 07:45:00,0.2496,193,1.78,1.335,-0.971,lose,False,1.632,SSL
96,ADAUSDT,BUY,18696,2026-04-29 07:30:00,18697,2026-04-29 07:45:00,0.2496,2026-04-29 16:00:00,0.2438,33,1.763,2.644,-2.324,lose,False,2.139,BSL
98,ADAUSDT,BUY,18874,2026-05-01 04:00:00,18875,2026-05-01 04:15:00,0.2494,2026-05-07 22:45:00,0.261,650,9.743,1.083,4.651,win,False,2.221,BSL
100,ADAUSDT,BUY,19599,2026-05-08 17:15:00,19600,2026-05-08 17:30:00,0.2709,2026-05-10 06:00:00,0.2696,146,2.879,0.849,-0.48,win,False,1.606,BSL
101,ADAUSDT,SELL,19745,2026-05-10 05:45:00,19746,2026-05-10 06:00:00,0.2696,2026-05-10 15:45:00,0.2771,39,0.519,2.856,-2.782,lose,False,1.941,SSL
102,ADAUSDT,BUY,19784,2026-05-10 15:30:00,19785,2026-05-10 15:45:00,0.2771,2026-05-12 09:15:00,0.2745,166,4.15,1.155,-0.938,win,False,,
103,ADAUSDT,SELL,19950,2026-05-12 09:00:00,19951,2026-05-12 09:15:00,0.2745,2026-05-14 16:30:00,0.2715,221,4.918,1.166,1.093,win,False,3.692,SSL
104,ADAUSDT,BUY,20171,2026-05-14 16:15:00,20172,2026-05-14 16:30:00,0.2715,2026-05-15 13:45:00,0.2607,85,3.241,4.088,-3.978,win,False,2.762,BSL
107,ADAUSDT,SELL,20952,2026-05-22 19:30:00,20953,2026-05-22 19:45:00,0.2431,2026-05-23 20:45:00,0.2487,100,3.044,2.509,-2.304,win,False,3.675,SSL
108,ADAUSDT,BUY,21052,2026-05-23 20:30:00,21053,2026-05-23 20:45:00,0.2487,2026-05-24 21:00:00,0.2418,97,0.844,3.177,-2.774,lose,False,4.436,BSL
109,ADAUSDT,SELL,21149,2026-05-24 20:45:00,21150,2026-05-24 21:00:00,0.2418,2026-05-25 16:30:00,0.2459,78,1.447,2.233,-1.696,lose,False,3.157,SSL
111,ADAUSDT,SELL,21265,2026-05-26 01:45:00,21266,2026-05-26 02:00:00,0.2407,2026-05-30 03:00:00,0.2384,388,5.359,2.742,0.956,win,False,2.714,SSL
113,ADAUSDT,SELL,21804,2026-05-31 16:30:00,21805,2026-05-31 16:45:00,0.2327,2026-06-07 09:30:00,0.1658,643,36.184,2.063,28.749,win,False,4.254,SSL
114,ADAUSDT,BUY,22447,2026-06-07 09:15:00,22448,2026-06-07 09:30:00,0.1658,2026-06-10 04:00:00,0.1621,266,5.187,4.765,-2.232,win,False,56.655,BSL
115,ADAUSDT,SELL,22713,2026-06-10 03:45:00,22714,2026-06-10 04:00:00,0.1621,2026-06-11 18:00:00,0.1705,152,2.468,5.182,-5.182,win,False,2.202,SSL
116,ADAUSDT,BUY,22865,2026-06-11 17:45:00,22866,2026-06-11 18:00:00,0.1705,2026-06-14 13:30:00,0.1671,270,3.05,2.111,-1.994,win,False,1.598,BSL
118,ADAUSDT,BUY,23171,2026-06-14 22:15:00,23172,2026-06-14 22:30:00,0.1754,2026-06-16 02:30:00,0.1756,112,8.267,0.912,0.114,win,False,48.081,BSL
119,ADAUSDT,SELL,23283,2026-06-16 02:15:00,23284,2026-06-16 02:30:00,0.1756,2026-06-25 06:15:00,0.1501,879,20.615,3.303,14.522,win,False,1.538,SSL
123,ADAUSDT,SELL,24418,2026-06-27 22:00:00,24419,2026-06-27 22:15:00,0.1447,2026-06-29 22:45:00,0.1466,194,2.557,2.833,-1.313,win,False,2.474,SSL
124,ADAUSDT,BUY,24612,2026-06-29 22:30:00,24613,2026-06-29 22:45:00,0.1466,2026-06-30 13:00:00,0.1421,57,0.0,3.138,-3.07,lose,False,9.663,BSL
126,ADAUSDT,BUY,24731,2026-07-01 04:15:00,24732,2026-07-01 04:30:00,0.1522,2026-07-06 06:45:00,0.184,489,31.34,2.365,20.894,win,False,5.629,BSL
127,ADAUSDT,SELL,25220,2026-07-06 06:30:00,25221,2026-07-06 06:45:00,0.184,2026-07-11 15:45:00,0.1721,516,10.489,1.685,6.467,win,False,4.103,SSL
128,ADAUSDT,BUY,25736,2026-07-11 15:30:00,25737,2026-07-11 15:45:00,0.1721,2026-07-12 00:45:00,0.1632,36,0.581,5.404,-5.171,lose,False,10.75,BSL
129,ADAUSDT,SELL,25772,2026-07-12 00:30:00,25773,2026-07-12 00:45:00,0.1632,2026-07-14 14:00:00,0.1637,245,4.841,1.961,-0.306,win,False,5.208,SSL
130,ADAUSDT,BUY,26017,2026-07-14 13:45:00,26018,2026-07-14 14:00:00,0.1637,2026-07-16 10:15:00,0.1619,177,3.421,1.71,-1.1,win,False,2.911,BSL
131,ADAUSDT,SELL,26194,2026-07-16 10:00:00,26195,2026-07-16 10:15:00,0.1619,2026-07-17 17:30:00,0.1658,125,2.656,3.15,-2.409,win,False,4.447,SSL
132,ADAUSDT,BUY,26319,2026-07-17 17:15:00,26320,2026-07-17 17:30:00,0.1658,2026-07-20 06:30:00,0.1616,244,2.051,2.654,-2.533,win,False,1.607,BSL
133,ADAUSDT,SELL,26563,2026-07-20 06:15:00,26564,2026-07-20 06:30:00,0.1616,2026-07-20 18:45:00,0.1683,49,0.681,5.569,-4.146,lose,False,4.27,SSL
134,ADAUSDT,BUY,26612,2026-07-20 18:30:00,26613,2026-07-20 18:45:00,0.1683,2026-07-23 15:30:00,0.1698,275,7.427,0.713,0.891,win,False,13.25,BSL
135,ADAUSDT,SELL,26887,2026-07-23 15:15:00,26888,2026-07-23 15:30:00,0.1698,2026-07-25 18:00:00,0.1655,202,5.006,0.471,2.532,win,False,4.038,SSL
137,ADAUSDT,SELL,27270,2026-07-27 15:00:00,27271,2026-07-27 15:15:00,0.1589,2026-07-28 22:45:00,0.1622,126,3.587,2.832,-2.077,win,False,2.643,SSL
138,ADAUSDT,BUY,27396,2026-07-28 22:30:00,27397,2026-07-28 22:45:00,0.1622,2026-08-06 04:45:00,0.1876,792,22.996,1.171,15.66,win,False,2.797,BSL
139,ADAUSDT,SELL,28188,2026-08-06 04:30:00,28189,2026-08-06 04:45:00,0.1876,2026-08-06 15:00:00,0.2002,41,0.32,8.369,-6.716,lose,False,3.151,SSL
140,ADAUSDT,BUY,28229,2026-08-06 14:45:00,28230,2026-08-06 15:00:00,0.2002,2026-08-09 10:15:00,0.1966,269,5.744,2.348,-1.798,win,False,29.737,BSL
141,ADAUSDT,SELL,28498,2026-08-09 10:00:00,28499,2026-08-09 10:15:00,0.1966,2026-08-19 15:45:00,0.1815,982,12.97,1.424,7.681,win,False,7.584,SSL
142,ADAUSDT,BUY,29480,2026-08-19 15:30:00,29481,2026-08-19 15:45:00,0.1815,2026-08-23 05:45:00,0.2165,344,42.59,2.094,19.284,win,False,4.146,BSL
1,AVAXUSDT,SELL,12,2025-10-16 16:30:00,13,2025-10-16 16:45:00,21.035,2025-10-19 05:45:00,20.174,244,9.627,2.239,4.093,win,False,,
2,AVAXUSDT,BUY,256,2025-10-19 05:30:00,257,2025-10-19 05:45:00,20.174,2025-10-21 00:15:00,20.267,170,5.086,2.166,0.461,win,False,5.217,BSL
3,AVAXUSDT,SELL,426,2025-10-21 00:00:00,427,2025-10-21 00:15:00,20.267,2025-10-21 15:30:00,20.768,61,3.997,2.842,-2.472,win,False,6.111,SSL
4,AVAXUSDT,BUY,487,2025-10-21 15:15:00,488,2025-10-21 15:30:00,20.768,2025-10-22 00:45:00,19.468,37,0.347,6.736,-6.26,lose,False,,
5,AVAXUSDT,SELL,524,2025-10-22 00:30:00,525,2025-10-22 00:45:00,19.468,2025-10-23 08:45:00,19.536,128,5.553,1.264,-0.349,win,False,2.258,SSL
7,AVAXUSDT,SELL,712,2025-10-23 23:30:00,713,2025-10-23 23:45:00,19.053,2025-10-24 07:30:00,19.554,31,0.226,3.133,-2.63,lose,False,,
8,AVAXUSDT,BUY,743,2025-10-24 07:15:00,744,2025-10-24 07:30:00,19.554,2025-10-28 12:00:00,20.179,402,7.819,2.24,3.196,win,False,,
9,AVAXUSDT,SELL,1145,2025-10-28 11:45:00,1146,2025-10-28 12:00:00,20.179,2025-11-01 10:30:00,18.577,378,13.197,1.472,7.939,win,False,5.499,SSL
11,AVAXUSDT,SELL,1641,2025-11-02 15:45:00,1642,2025-11-02 16:00:00,18.263,2025-11-05 19:00:00,16.915,300,18.009,3.526,7.381,win,False,,
13,AVAXUSDT,SELL,2022,2025-11-06 15:00:00,2023,2025-11-06 15:15:00,16.034,2025-11-07 08:00:00,16.91,67,2.782,5.582,-5.463,win,False,6.727,SSL
15,AVAXUSDT,SELL,2261,2025-11-09 02:45:00,2262,2025-11-09 03:00:00,16.905,2025-11-09 14:45:00,17.767,47,0.68,5.732,-5.099,lose,False,7.329,SSL
16,AVAXUSDT,BUY,2308,2025-11-09 14:30:00,2309,2025-11-09 14:45:00,17.767,2025-11-11 19:15:00,17.335,210,4.683,2.899,-2.431,win,False,3.369,BSL
17,AVAXUSDT,SELL,2518,2025-11-11 19:00:00,2519,2025-11-11 19:15:00,17.335,2025-11-13 07:30:00,17.562,145,4.13,2.452,-1.309,win,False,2.827,SSL
18,AVAXUSDT,BUY,2663,2025-11-13 07:15:00,2664,2025-11-13 07:30:00,17.562,2025-11-13 18:15:00,16.274,43,0.216,7.562,-7.334,lose,False,,
19,AVAXUSDT,SELL,2706,2025-11-13 18:00:00,2707,2025-11-13 18:15:00,16.274,2025-11-24 05:15:00,13.501,1004,24.727,0.363,17.039,win,False,3.736,SSL
20,AVAXUSDT,BUY,3710,2025-11-24 05:00:00,3711,2025-11-24 05:15:00,13.501,2025-11-29 02:30:00,14.825,469,13.006,1.874,9.807,win,False,3.777,BSL
21,AVAXUSDT,SELL,4179,2025-11-29 02:15:00,4180,2025-11-29 02:30:00,14.825,2025-12-02 15:30:00,13.44,340,15.386,0.513,9.342,win,False,6.024,SSL
22,AVAXUSDT,BUY,4519,2025-12-02 15:15:00,4520,2025-12-02 15:30:00,13.44,2025-12-04 20:30:00,14.386,212,12.173,0.0,7.039,win,False,6.551,BSL
23,AVAXUSDT,SELL,4731,2025-12-04 20:15:00,4732,2025-12-04 20:30:00,14.386,2025-12-07 19:00:00,13.766,282,10.329,0.918,4.31,win,False,10.691,SSL
25,AVAXUSDT,SELL,5323,2025-12-11 00:15:00,5324,2025-12-11 00:30:00,13.982,2025-12-12 10:00:00,13.626,134,7.953,0.007,2.546,win,False,8.11,SSL
28,AVAXUSDT,BUY,5550,2025-12-13 09:00:00,5551,2025-12-13 09:15:00,13.399,2025-12-14 10:15:00,13.116,100,0.455,2.358,-2.112,lose,False,3.153,BSL
29,AVAXUSDT,SELL,5650,2025-12-14 10:00:00,5651,2025-12-14 10:15:00,13.116,2025-12-19 09:45:00,11.933,478,14.143,1.815,9.02,win,False,3.766,SSL
30,AVAXUSDT,BUY,6128,2025-12-19 09:30:00,6129,2025-12-19 09:45:00,11.933,2025-12-21 08:00:00,12.117,185,4.408,0.142,1.542,win,False,3.662,BSL
31,AVAXUSDT,SELL,6313,2025-12-21 07:45:00,6314,2025-12-21 08:00:00,12.117,2025-12-22 12:45:00,12.363,115,1.428,2.682,-2.03,lose,False,7.221,SSL
33,AVAXUSDT,SELL,6533,2025-12-23 14:45:00,6534,2025-12-23 15:00:00,11.932,2025-12-25 08:30:00,12.214,166,0.511,3.771,-2.363,lose,False,5.783,SSL
34,AVAXUSDT,BUY,6699,2025-12-25 08:15:00,6700,2025-12-25 08:30:00,12.214,2025-12-26 00:30:00,12.041,64,2.751,1.621,-1.416,win,False,3.074,BSL
36,AVAXUSDT,BUY,6779,2025-12-26 04:15:00,6780,2025-12-26 04:30:00,12.537,2025-12-26 16:30:00,12.254,48,0.295,3.254,-2.257,lose,False,10.246,BSL
38,AVAXUSDT,BUY,6910,2025-12-27 13:00:00,6911,2025-12-27 13:15:00,12.482,2025-12-28 20:45:00,12.552,126,3.349,0.401,0.561,win,False,10.731,BSL
40,AVAXUSDT,BUY,7061,2025-12-29 02:45:00,7062,2025-12-29 03:00:00,12.863,2025-12-29 12:45:00,12.568,39,2.604,3.265,-2.293,win,False,7.452,BSL
42,AVAXUSDT,BUY,7401,2026-01-01 15:45:00,7402,2026-01-01 16:00:00,12.522,2026-01-07 15:15:00,14.11,573,18.456,0.232,12.682,win,False,10.378,BSL
44,AVAXUSDT,BUY,8375,2026-01-11 19:15:00,8376,2026-01-11 19:30:00,13.886,2026-01-12 11:30:00,13.63,64,2.369,3.003,-1.844,win,False,2.437,BSL
46,AVAXUSDT,BUY,8548,2026-01-13 14:30:00,8549,2026-01-13 14:45:00,14.067,2026-01-15 03:45:00,14.136,148,6.242,1.173,0.491,win,False,5.321,BSL
47,AVAXUSDT,SELL,8696,2026-01-15 03:30:00,8697,2026-01-15 03:45:00,14.136,2026-01-17 14:45:00,13.866,236,6.812,2.37,1.91,win,False,4.674,SSL
48,AVAXUSDT,BUY,8932,2026-01-17 14:30:00,8933,2026-01-17 14:45:00,13.866,2026-01-18 11:30:00,13.57,83,0.426,2.178,-2.135,lose,False,,
50,AVAXUSDT,BUY,9347,2026-01-21 22:15:00,9348,2026-01-21 22:30:00,12.54,2026-01-22 15:30:00,12.046,68,0.606,4.035,-3.939,lose,False,,
52,AVAXUSDT,BUY,9850,2026-01-27 04:00:00,9851,2026-01-27 04:15:00,11.805,2026-01-29 05:15:00,11.794,196,4.049,1.965,-0.093,win,False,2.781,BSL
53,AVAXUSDT,SELL,10046,2026-01-29 05:00:00,10047,2026-01-29 05:15:00,11.794,2026-02-06 16:45:00,9.247,814,36.12,0.56,21.596,win,False,,
54,AVAXUSDT,BUY,10860,2026-02-06 16:30:00,10861,2026-02-06 16:45:00,9.247,2026-02-09 09:00:00,8.916,257,2.347,4.261,-3.58,win,False,5.007,BSL
55,AVAXUSDT,SELL,11117,2026-02-09 08:45:00,11118,2026-02-09 09:00:00,8.916,2026-02-12 09:45:00,8.862,291,5.462,3.017,0.606,win,False,15.663,SSL
57,AVAXUSDT,SELL,11729,2026-02-15 17:45:00,11730,2026-02-15 18:00:00,9.25,2026-02-20 07:30:00,9.161,438,6.454,1.784,0.962,win,False,1.825,SSL
58,AVAXUSDT,BUY,12167,2026-02-20 07:15:00,12168,2026-02-20 07:30:00,9.161,2026-02-22 01:00:00,9.058,166,3.144,2.609,-1.124,win,False,1.804,BSL
59,AVAXUSDT,SELL,12333,2026-02-22 00:45:00,12334,2026-02-22 01:00:00,9.058,2026-02-25 02:30:00,8.679,294,9.77,0.431,4.184,win,False,1.896,SSL
60,AVAXUSDT,BUY,12627,2026-02-25 02:15:00,12628,2026-02-25 02:30:00,8.679,2026-02-26 17:30:00,9.142,156,13.389,3.111,5.335,win,False,18.168,BSL
61,AVAXUSDT,SELL,12783,2026-02-26 17:15:00,12784,2026-02-26 17:30:00,9.142,2026-02-28 21:00:00,9.145,206,7.832,3.708,-0.033,win,False,17.748,SSL
62,AVAXUSDT,BUY,12989,2026-02-28 20:45:00,12990,2026-02-28 21:00:00,9.145,2026-03-01 21:15:00,8.87,97,3.084,3.357,-3.007,win,False,3.108,BSL
65,AVAXUSDT,SELL,13241,2026-03-03 11:45:00,13242,2026-03-03 12:00:00,9.009,2026-03-04 09:45:00,9.456,87,1.31,5.45,-4.962,lose,False,1.667,SSL
66,AVAXUSDT,BUY,13328,2026-03-04 09:30:00,13329,2026-03-04 09:45:00,9.456,2026-03-06 12:30:00,9.211,203,3.437,3.099,-2.591,win,False,4.0,BSL
67,AVAXUSDT,SELL,13531,2026-03-06 12:15:00,13532,2026-03-06 12:30:00,9.211,2026-03-09 06:45:00,9.153,265,5.841,0.847,0.63,win,False,3.823,SSL
68,AVAXUSDT,BUY,13796,2026-03-09 06:30:00,13797,2026-03-09 06:45:00,9.153,2026-03-13 23:45:00,9.718,452,12.313,1.573,6.173,win,False,4.102,BSL
69,AVAXUSDT,SELL,14248,2026-03-13 23:30:00,14249,2026-03-13 23:45:00,9.718,2026-03-15 02:15:00,9.742,106,2.109,0.576,-0.247,win,False,2.687,SSL
70,AVAXUSDT,BUY,14354,2026-03-15 02:00:00,14355,2026-03-15 02:15:00,9.742,2026-03-18 12:00:00,9.972,327,8.222,0.862,2.361,win,False,,
71,AVAXUSDT,SELL,14681,2026-03-18 11:45:00,14682,2026-03-18 12:00:00,9.972,2026-03-23 12:30:00,9.428,482,11.081,0.0,5.455,win,False,5.166,SSL
72,AVAXUSDT,BUY,15163,2026-03-23 12:15:00,15164,2026-03-23 12:30:00,9.428,2026-03-26 06:15:00,9.443,263,3.861,0.827,0.159,win,False,2.812,BSL
73,AVAXUSDT,SELL,15426,2026-03-26 06:00:00,15427,2026-03-26 06:15:00,9.443,2026-03-28 18:45:00,8.911,242,8.313,0.085,5.634,win,False,6.186,SSL
74,AVAXUSDT,BUY,15668,2026-03-28 18:30:00,15669,2026-03-28 18:45:00,8.911,2026-03-29 03:30:00,8.798,35,0.045,2.211,-1.268,lose,False,1.804,BSL
75,AVAXUSDT,SELL,15703,2026-03-29 03:15:00,15704,2026-03-29 03:30:00,8.798,2026-03-30 08:00:00,8.914,114,4.922,1.421,-1.318,win,False,4.032,SSL
76,AVAXUSDT,BUY,15817,2026-03-30 07:45:00,15818,2026-03-30 08:00:00,8.914,2026-03-31 11:15:00,8.756,109,1.851,2.535,-1.772,lose,False,1.77,BSL
78,AVAXUSDT,BUY,16001,2026-04-01 05:45:00,16002,2026-04-01 06:00:00,9.081,2026-04-02 02:45:00,8.768,83,4.394,3.469,-3.447,win,False,6.741,BSL
80,AVAXUSDT,BUY,16204,2026-04-03 08:30:00,16205,2026-04-03 08:45:00,8.894,2026-04-05 07:15:00,8.815,186,2.811,1.237,-0.888,win,False,8.985,BSL
82,AVAXUSDT,BUY,16458,2026-04-06 00:00:00,16459,2026-04-06 00:15:00,9.185,2026-04-06 23:15:00,8.903,92,5.204,3.473,-3.07,win,False,5.532,BSL
83,AVAXUSDT,SELL,16550,2026-04-06 23:00:00,16551,2026-04-06 23:15:00,8.903,2026-04-07 22:15:00,9.146,92,4.976,2.853,-2.729,win,False,5.164,SSL
84,AVAXUSDT,BUY,16642,2026-04-07 22:00:00,16643,2026-04-07 22:15:00,9.146,2026-04-09 00:30:00,8.979,105,5.172,1.848,-1.826,win,False,5.982,BSL
85,AVAXUSDT,SELL,16747,2026-04-09 00:15:00,16748,2026-04-09 00:30:00,8.979,2026-04-09 17:00:00,9.286,66,0.791,4.555,-3.419,lose,False,16.255,SSL
86,AVAXUSDT,BUY,16813,2026-04-09 16:45:00,16814,2026-04-09 17:00:00,9.286,2026-04-11 09:30:00,9.283,162,4.458,0.657,-0.032,win,False,4.384,BSL
88,AVAXUSDT,BUY,17013,2026-04-11 18:45:00,17014,2026-04-11 19:00:00,9.488,2026-04-12 02:30:00,9.087,30,1.286,4.933,-4.226,lose,False,2.162,BSL
90,AVAXUSDT,BUY,17200,2026-04-13 17:30:00,17201,2026-04-13 17:45:00,9.331,2026-04-18 10:45:00,9.422,452,7.234,1.704,0.975,win,False,3.881,BSL
91,AVAXUSDT,SELL,17652,2026-04-18 10:30:00,17653,2026-04-18 10:45:00,9.422,2026-04-20 19:45:00,9.301,228,4.893,0.212,1.284,win,False,4.553,SSL
98,AVAXUSDT,BUY,18687,2026-04-29 05:15:00,18688,2026-04-29 05:30:00,9.34,2026-04-29 18:00:00,9.18,50,1.092,2.794,-1.713,lose,False,1.722,BSL
99,AVAXUSDT,SELL,18737,2026-04-29 17:45:00,18738,2026-04-29 18:00:00,9.18,2026-05-01 19:15:00,9.174,197,2.963,0.948,0.065,win,False,2.037,SSL
102,AVAXUSDT,BUY,19158,2026-05-04 03:00:00,19159,2026-05-04 03:15:00,9.323,2026-05-07 22:00:00,9.441,363,4.837,3.186,1.266,win,False,1.907,BSL
104,AVAXUSDT,BUY,19596,2026-05-08 16:30:00,19597,2026-05-08 16:45:00,9.753,2026-05-11 06:00:00,10.076,245,7.485,0.513,3.312,win,False,2.97,BSL
105,AVAXUSDT,SELL,19841,2026-05-11 05:45:00,19842,2026-05-11 06:00:00,10.076,2026-05-13 04:30:00,10.026,186,4.039,1.906,0.496,win,False,2.608,SSL
106,AVAXUSDT,BUY,20027,2026-05-13 04:15:00,20028,2026-05-13 04:30:00,10.026,2026-05-13 15:00:00,9.797,42,1.257,3.271,-2.284,lose,False,,
107,AVAXUSDT,SELL,20069,2026-05-13 14:45:00,20070,2026-05-13 15:00:00,9.797,2026-05-14 15:15:00,10.01,97,1.878,2.674,-2.174,lose,False,2.225,SSL
109,AVAXUSDT,SELL,20255,2026-05-15 13:15:00,20256,2026-05-15 13:30:00,9.696,2026-05-20 14:30:00,9.255,484,7.88,0.021,4.548,win,False,3.821,SSL
111,AVAXUSDT,SELL,20953,2026-05-22 19:45:00,20954,2026-05-22 20:00:00,9.211,2026-05-23 17:30:00,9.146,86,4.104,0.738,0.706,win,False,2.366,SSL
112,AVAXUSDT,BUY,21039,2026-05-23 17:15:00,21040,2026-05-23 17:30:00,9.146,2026-05-24 20:45:00,9.206,109,4.855,0.405,0.656,win,False,4.368,BSL
113,AVAXUSDT,SELL,21148,2026-05-24 20:30:00,21149,2026-05-24 20:45:00,9.206,2026-05-25 09:45:00,9.376,52,1.575,1.857,-1.847,lose,False,2.313,SSL
114,AVAXUSDT,BUY,21200,2026-05-25 09:30:00,21201,2026-05-25 09:45:00,9.376,2026-05-26 02:00:00,9.203,65,1.376,2.197,-1.845,lose,False,1.808,BSL
115,AVAXUSDT,SELL,21265,2026-05-26 01:45:00,21266,2026-05-26 02:00:00,9.203,2026-05-30 15:15:00,8.988,437,6.031,3.097,2.336,win,False,2.281,SSL
116,AVAXUSDT,BUY,21702,2026-05-30 15:00:00,21703,2026-05-30 15:15:00,8.988,2026-05-31 17:00:00,8.824,103,1.035,2.047,-1.825,lose,False,1.53,BSL
118,AVAXUSDT,BUY,22869,2026-06-11 18:45:00,22870,2026-06-11 19:00:00,6.646,2026-06-14 14:30:00,6.544,270,1.896,1.986,-1.535,lose,False,2.352,BSL
119,AVAXUSDT,SELL,23139,2026-06-14 14:15:00,23140,2026-06-14 14:30:00,6.544,2026-06-14 22:45:00,6.742,33,2.644,3.484,-3.026,win,False,3.825,SSL
120,AVAXUSDT,BUY,23172,2026-06-14 22:30:00,23173,2026-06-14 22:45:00,6.742,2026-06-16 17:00:00,6.778,169,4.954,0.697,0.534,win,False,15.374,BSL
122,AVAXUSDT,BUY,23741,2026-06-20 20:45:00,23742,2026-06-20 21:00:00,6.136,2026-06-22 00:30:00,6.149,110,3.814,0.733,0.212,win,False,1.776,BSL
123,AVAXUSDT,SELL,23851,2026-06-22 00:15:00,23852,2026-06-22 00:30:00,6.149,2026-06-22 13:00:00,6.402,50,0.0,4.44,-4.114,lose,False,1.525,SSL
126,AVAXUSDT,BUY,24033,2026-06-23 21:45:00,24034,2026-06-23 22:00:00,6.426,2026-06-24 17:15:00,6.118,77,1.774,5.182,-4.793,lose,False,4.892,BSL
128,AVAXUSDT,BUY,24146,2026-06-25 02:00:00,24147,2026-06-25 02:15:00,6.393,2026-06-25 14:00:00,5.974,47,3.785,6.992,-6.554,win,False,1.842,BSL
129,AVAXUSDT,SELL,24193,2026-06-25 13:45:00,24194,2026-06-25 14:00:00,5.974,2026-06-26 17:30:00,6.494,110,0.285,9.19,-8.704,lose,False,,
131,AVAXUSDT,SELL,24418,2026-06-27 22:00:00,24419,2026-06-27 22:15:00,6.379,2026-06-29 05:00:00,6.585,123,1.771,4.405,-3.229,lose,False,5.075,SSL
132,AVAXUSDT,BUY,24541,2026-06-29 04:45:00,24542,2026-06-29 05:00:00,6.585,2026-06-30 13:00:00,6.392,128,3.538,3.068,-2.931,win,False,2.359,BSL
136,AVAXUSDT,BUY,25192,2026-07-05 23:30:00,25193,2026-07-05 23:45:00,6.924,2026-07-07 04:45:00,6.757,116,2.369,3.148,-2.412,win,False,1.548,BSL
137,AVAXUSDT,SELL,25308,2026-07-07 04:30:00,25309,2026-07-07 04:45:00,6.757,2026-07-09 06:45:00,6.732,200,6.601,0.918,0.37,win,False,1.515,SSL
139,AVAXUSDT,SELL,25768,2026-07-11 23:30:00,25769,2026-07-11 23:45:00,6.556,2026-07-13 10:00:00,6.635,137,4.332,1.724,-1.205,win,False,2.688,SSL
140,AVAXUSDT,BUY,25905,2026-07-13 09:45:00,25906,2026-07-13 10:00:00,6.635,2026-07-16 10:30:00,6.601,290,2.05,4.582,-0.512,win,False,1.585,BSL
142,AVAXUSDT,BUY,26354,2026-07-18 02:00:00,26355,2026-07-18 02:15:00,6.624,2026-07-19 11:45:00,6.494,134,0.543,2.295,-1.963,lose,False,1.754,BSL
143,AVAXUSDT,SELL,26488,2026-07-19 11:30:00,26489,2026-07-19 11:45:00,6.494,2026-07-20 11:00:00,6.539,93,1.678,2.402,-0.693,lose,False,1.759,SSL
145,AVAXUSDT,SELL,26754,2026-07-22 06:00:00,26755,2026-07-22 06:15:00,6.477,2026-07-22 18:30:00,6.607,49,0.232,2.733,-2.007,lose,False,1.501,SSL
147,AVAXUSDT,SELL,26883,2026-07-23 14:15:00,26884,2026-07-23 14:30:00,6.48,2026-07-25 14:00:00,6.475,190,5.386,0.355,0.077,win,False,6.555,SSL
148,AVAXUSDT,BUY,27073,2026-07-25 13:45:00,27074,2026-07-25 14:00:00,6.475,2026-07-27 15:00:00,6.522,196,5.699,0.0,0.726,win,False,4.095,BSL
149,AVAXUSDT,SELL,27269,2026-07-27 14:45:00,27270,2026-07-27 15:00:00,6.522,2026-07-28 21:45:00,6.618,123,2.591,1.656,-1.472,win,False,3.148,SSL
150,AVAXUSDT,BUY,27392,2026-07-28 21:30:00,27393,2026-07-28 21:45:00,6.618,2026-07-29 05:45:00,6.426,32,0.302,4.745,-2.901,lose,False,1.846,BSL
151,AVAXUSDT,SELL,27424,2026-07-29 05:30:00,27425,2026-07-29 05:45:00,6.426,2026-08-02 03:45:00,6.332,376,6.116,1.805,1.463,win,False,1.701,SSL
152,AVAXUSDT,BUY,27800,2026-08-02 03:30:00,27801,2026-08-02 03:45:00,6.332,2026-08-03 05:00:00,6.408,101,5.591,0.3,1.2,win,False,6.446,BSL
153,AVAXUSDT,SELL,27901,2026-08-03 04:45:00,27902,2026-08-03 05:00:00,6.408,2026-08-03 19:15:00,6.57,57,0.687,2.747,-2.528,lose,False,5.505,SSL
154,AVAXUSDT,BUY,27958,2026-08-03 19:00:00,27959,2026-08-03 19:15:00,6.57,2026-08-05 13:45:00,6.584,170,6.332,0.7,0.213,win,False,7.02,BSL
155,AVAXUSDT,SELL,28128,2026-08-05 13:30:00,28129,2026-08-05 13:45:00,6.584,2026-08-08 03:45:00,6.515,248,3.736,1.777,1.048,win,False,2.535,SSL
158,AVAXUSDT,BUY,28529,2026-08-09 17:45:00,28530,2026-08-09 18:00:00,6.546,2026-08-10 22:30:00,6.423,114,0.611,2.872,-1.879,lose,False,1.54,BSL
159,AVAXUSDT,SELL,28643,2026-08-10 22:15:00,28644,2026-08-10 22:30:00,6.423,2026-08-12 13:15:00,6.407,155,4.998,2.071,0.249,win,False,5.726,SSL
160,AVAXUSDT,BUY,28798,2026-08-12 13:00:00,28799,2026-08-12 13:15:00,6.407,2026-08-14 10:00:00,6.355,179,2.216,2.107,-0.812,win,False,1.688,BSL
162,AVAXUSDT,BUY,29037,2026-08-15 00:45:00,29038,2026-08-15 01:00:00,6.496,2026-08-15 18:30:00,6.491,70,5.896,0.385,-0.077,win,False,2.321,BSL
163,AVAXUSDT,SELL,29107,2026-08-15 18:15:00,29108,2026-08-15 18:30:00,6.491,2026-08-19 15:30:00,6.671,372,4.237,3.713,-2.773,win,False,3.278,SSL
164,AVAXUSDT,BUY,29479,2026-08-19 15:15:00,29480,2026-08-19 15:30:00,6.671,2026-08-22 12:30:00,7.583,276,24.884,2.668,13.671,win,False,16.602,BSL
165,AVAXUSDT,SELL,29755,2026-08-22 12:15:00,29756,2026-08-22 12:30:00,7.583,2026-08-23 22:30:00,7.638,136,4.075,1.253,-0.725,win,False,,
1,BNBUSDT,SELL,12,2025-10-16 16:30:00,13,2025-10-16 16:45:00,1140.49,2025-10-18 08:00:00,1118.02,157,10.477,2.146,1.97,win,False,,
5,BNBUSDT,SELL,405,2025-10-20 18:45:00,406,2025-10-20 19:00:00,1097.9,2025-10-23 06:30:00,1105.0,238,4.271,1.526,-0.647,win,False,3.04,SSL
6,BNBUSDT,BUY,643,2025-10-23 06:15:00,644,2025-10-23 06:30:00,1105.0,2025-10-24 17:15:00,1100.82,139,4.963,2.591,-0.378,win,False,,
8,BNBUSDT,BUY,948,2025-10-26 10:30:00,949,2025-10-26 10:45:00,1124.27,2025-10-28 20:45:00,1098.94,232,5.202,3.226,-2.253,win,False,,
9,BNBUSDT,SELL,1180,2025-10-28 20:30:00,1181,2025-10-28 20:45:00,1098.94,2025-11-07 08:30:00,968.98,911,20.017,2.815,11.826,win,False,2.053,SSL
10,BNBUSDT,BUY,2091,2025-11-07 08:15:00,2092,2025-11-07 08:30:00,968.98,2025-11-07 13:45:00,935.47,21,0.042,4.039,-3.458,lose,False,3.499,BSL
12,BNBUSDT,BUY,2134,2025-11-07 19:00:00,2135,2025-11-07 19:15:00,983.58,2025-11-10 17:00:00,979.49,279,3.616,0.902,-0.416,win,False,1.963,BSL
14,BNBUSDT,BUY,2902,2025-11-15 19:00:00,2903,2025-11-15 19:15:00,944.19,2025-11-16 16:45:00,917.27,86,0.677,3.07,-2.851,lose,False,,
17,BNBUSDT,SELL,3274,2025-11-19 16:00:00,3275,2025-11-19 16:15:00,897.87,2025-11-23 04:00:00,847.33,335,11.912,2.019,5.629,win,False,,
18,BNBUSDT,BUY,3609,2025-11-23 03:45:00,3610,2025-11-23 04:00:00,847.33,2025-11-25 15:15:00,842.76,237,3.502,2.045,-0.539,win,False,7.832,BSL
19,BNBUSDT,SELL,3846,2025-11-25 15:00:00,3847,2025-11-25 15:15:00,842.76,2025-11-26 17:30:00,885.33,105,0.327,5.323,-5.051,lose,False,,
20,BNBUSDT,BUY,3951,2025-11-26 17:15:00,3952,2025-11-26 17:30:00,885.33,2025-11-29 00:30:00,885.88,220,2.447,1.036,0.062,win,False,3.204,BSL
21,BNBUSDT,SELL,4171,2025-11-29 00:15:00,4172,2025-11-29 00:30:00,885.88,2025-11-30 14:00:00,896.82,150,1.956,1.239,-1.235,lose,False,,
23,BNBUSDT,SELL,4363,2025-12-01 00:15:00,4364,2025-12-01 00:30:00,849.75,2025-12-02 12:45:00,841.07,145,5.69,0.073,1.021,win,False,,
24,BNBUSDT,BUY,4508,2025-12-02 12:30:00,4509,2025-12-02 12:45:00,841.07,2025-12-04 20:30:00,897.24,223,10.44,0.203,6.678,win,False,8.635,BSL
25,BNBUSDT,SELL,4731,2025-12-04 20:15:00,4732,2025-12-04 20:30:00,897.24,2025-12-07 02:45:00,895.04,217,2.978,1.275,0.245,win,False,8.44,SSL
27,BNBUSDT,SELL,4997,2025-12-07 14:45:00,4998,2025-12-07 15:00:00,874.0,2025-12-07 20:30:00,905.26,22,0.356,3.705,-3.577,lose,False,6.006,SSL
32,BNBUSDT,BUY,5416,2025-12-11 23:30:00,5417,2025-12-11 23:45:00,888.2,2025-12-14 17:15:00,883.61,262,1.882,1.967,-0.517,lose,False,3.201,BSL
35,BNBUSDT,SELL,5942,2025-12-17 11:00:00,5943,2025-12-17 11:15:00,859.14,2025-12-19 13:15:00,847.51,200,4.757,2.074,1.354,win,False,4.38,SSL
36,BNBUSDT,BUY,6142,2025-12-19 13:00:00,6143,2025-12-19 13:15:00,847.51,2025-12-23 07:15:00,849.27,360,2.854,0.431,0.208,win,False,3.408,BSL
42,BNBUSDT,BUY,7212,2025-12-30 16:30:00,7213,2025-12-30 16:45:00,859.57,2026-01-01 12:30:00,857.24,175,2.178,0.387,-0.271,win,False,1.957,BSL
43,BNBUSDT,SELL,7387,2026-01-01 12:15:00,7388,2026-01-01 12:30:00,857.24,2026-01-02 09:45:00,870.88,85,0.075,1.593,-1.591,lose,False,2.366,SSL
44,BNBUSDT,BUY,7472,2026-01-02 09:30:00,7473,2026-01-02 09:45:00,870.88,2026-01-07 16:30:00,902.0,507,6.196,0.607,3.573,win,False,2.646,BSL
48,BNBUSDT,BUY,8549,2026-01-13 14:45:00,8550,2026-01-13 15:00:00,910.98,2026-01-15 21:00:00,925.94,216,4.904,0.199,1.642,win,False,,
49,BNBUSDT,SELL,8765,2026-01-15 20:45:00,8766,2026-01-15 21:00:00,925.94,2026-01-17 10:30:00,942.75,150,0.229,1.959,-1.815,lose,False,2.934,SSL
51,BNBUSDT,SELL,9066,2026-01-19 00:00:00,9067,2026-01-19 00:15:00,913.66,2026-01-22 10:45:00,897.49,330,5.381,2.182,1.77,win,False,1.629,SSL
52,BNBUSDT,BUY,9396,2026-01-22 10:30:00,9397,2026-01-22 10:45:00,897.49,2026-01-24 20:00:00,888.59,229,0.924,2.114,-0.992,lose,False,,
55,BNBUSDT,SELL,10079,2026-01-29 13:15:00,10080,2026-01-29 13:30:00,892.68,2026-02-03 07:15:00,780.16,455,18.388,0.036,12.605,win,False,3.925,SSL
57,BNBUSDT,SELL,10581,2026-02-03 18:45:00,10582,2026-02-03 19:00:00,737.12,2026-02-06 17:45:00,665.07,283,22.401,5.271,9.775,win,False,,
59,BNBUSDT,SELL,10929,2026-02-07 09:45:00,10930,2026-02-07 10:00:00,636.24,2026-02-12 04:45:00,615.58,459,7.735,3.032,3.247,win,False,9.923,SSL
63,BNBUSDT,SELL,11729,2026-02-15 17:45:00,11730,2026-02-15 18:00:00,613.92,2026-02-17 00:45:00,626.46,123,1.583,2.829,-2.043,lose,False,4.325,SSL
65,BNBUSDT,SELL,11920,2026-02-17 17:30:00,11921,2026-02-17 17:45:00,613.06,2026-02-20 16:45:00,617.6,284,2.903,2.254,-0.741,win,False,4.191,SSL
66,BNBUSDT,BUY,12204,2026-02-20 16:30:00,12205,2026-02-20 16:45:00,617.6,2026-02-22 06:00:00,619.71,149,2.837,0.246,0.342,win,False,1.751,BSL
67,BNBUSDT,SELL,12353,2026-02-22 05:45:00,12354,2026-02-22 06:00:00,619.71,2026-02-23 13:45:00,611.82,127,5.961,0.854,1.273,win,False,5.219,SSL
68,BNBUSDT,BUY,12480,2026-02-23 13:30:00,12481,2026-02-23 13:45:00,611.82,2026-02-24 04:15:00,589.62,58,0.026,3.643,-3.629,lose,False,3.579,BSL
69,BNBUSDT,SELL,12538,2026-02-24 04:00:00,12539,2026-02-24 04:15:00,589.62,2026-02-25 04:30:00,595.22,97,2.207,2.098,-0.95,win,False,2.801,SSL
70,BNBUSDT,BUY,12635,2026-02-25 04:15:00,12636,2026-02-25 04:30:00,595.22,2026-02-27 12:15:00,614.7,223,7.711,0.953,3.273,win,False,6.468,BSL
71,BNBUSDT,SELL,12858,2026-02-27 12:00:00,12859,2026-02-27 12:15:00,614.7,2026-02-28 21:45:00,617.13,134,4.28,0.781,-0.395,win,False,6.766,SSL
72,BNBUSDT,BUY,12992,2026-02-28 21:30:00,12993,2026-02-28 21:45:00,617.13,2026-03-03 11:00:00,625.46,245,5.884,0.972,1.35,win,False,1.914,BSL
73,BNBUSDT,SELL,13237,2026-03-03 10:45:00,13238,2026-03-03 11:00:00,625.46,2026-03-04 09:15:00,652.08,89,0.777,4.646,-4.256,lose,False,2.419,SSL
74,BNBUSDT,BUY,13326,2026-03-04 09:00:00,13327,2026-03-04 09:15:00,652.08,2026-03-06 06:00:00,644.79,179,2.201,1.681,-1.118,win,False,2.192,BSL
75,BNBUSDT,SELL,13505,2026-03-06 05:45:00,13506,2026-03-06 06:00:00,644.79,2026-03-09 11:15:00,627.27,309,5.774,0.492,2.717,win,False,3.27,SSL
76,BNBUSDT,BUY,13814,2026-03-09 11:00:00,13815,2026-03-09 11:15:00,627.27,2026-03-14 01:00:00,653.16,439,8.341,0.507,4.127,win,False,,
78,BNBUSDT,BUY,14367,2026-03-15 05:15:00,14368,2026-03-15 05:30:00,659.88,2026-03-17 13:45:00,665.98,225,4.24,0.491,0.924,win,False,,
79,BNBUSDT,SELL,14592,2026-03-17 13:30:00,14593,2026-03-17 13:45:00,665.98,2026-03-23 13:00:00,644.92,573,6.904,1.547,3.162,win,False,3.349,SSL
83,BNBUSDT,SELL,15428,2026-03-26 06:30:00,15429,2026-03-26 06:45:00,634.44,2026-03-28 21:00:00,617.71,249,4.565,0.23,2.637,win,False,1.751,SSL
84,BNBUSDT,BUY,15677,2026-03-28 20:45:00,15678,2026-03-28 21:00:00,617.71,2026-03-29 14:00:00,610.06,68,0.028,1.308,-1.238,lose,False,1.963,BSL
85,BNBUSDT,SELL,15745,2026-03-29 13:45:00,15746,2026-03-29 14:00:00,610.06,2026-03-30 08:15:00,620.16,73,2.303,1.708,-1.656,win,False,6.057,SSL
86,BNBUSDT,BUY,15818,2026-03-30 08:00:00,15819,2026-03-30 08:15:00,620.16,2026-03-31 09:30:00,605.54,101,0.256,2.515,-2.357,lose,False,1.56,BSL
89,BNBUSDT,SELL,16083,2026-04-02 02:15:00,16084,2026-04-02 02:30:00,599.91,2026-04-04 05:15:00,588.99,203,4.867,0.237,1.82,win,False,4.468,SSL
90,BNBUSDT,BUY,16286,2026-04-04 05:00:00,16287,2026-04-04 05:15:00,588.99,2026-04-07 02:00:00,597.46,275,3.703,0.292,1.438,win,False,5.423,BSL
93,BNBUSDT,SELL,16716,2026-04-08 16:30:00,16717,2026-04-08 16:45:00,606.41,2026-04-10 20:15:00,609.92,206,1.529,1.029,-0.579,lose,False,2.764,SSL
96,BNBUSDT,BUY,17193,2026-04-13 15:45:00,17194,2026-04-13 16:00:00,603.8,2026-04-18 11:45:00,632.27,463,7.517,0.219,4.715,win,False,2.837,BSL
99,BNBUSDT,SELL,18101,2026-04-23 02:45:00,18102,2026-04-23 03:00:00,635.09,2026-04-26 20:30:00,635.57,358,1.25,0.912,-0.076,lose,False,1.833,SSL
102,BNBUSDT,BUY,18707,2026-04-29 10:15:00,18708,2026-04-29 10:30:00,629.8,2026-04-29 16:00:00,616.75,22,0.016,2.247,-2.072,lose,False,1.515,BSL
104,BNBUSDT,BUY,18914,2026-05-01 14:00:00,18915,2026-05-01 14:15:00,622.44,2026-05-02 08:30:00,616.07,73,0.09,1.356,-1.023,lose,False,2.715,BSL
106,BNBUSDT,BUY,19045,2026-05-02 22:45:00,19046,2026-05-02 23:00:00,620.0,2026-05-07 22:45:00,634.27,479,7.213,0.755,2.302,win,False,3.119,BSL
109,BNBUSDT,SELL,19736,2026-05-10 03:30:00,19737,2026-05-10 03:45:00,648.0,2026-05-10 15:45:00,655.41,48,0.056,1.173,-1.144,lose,False,1.814,SSL
110,BNBUSDT,BUY,19784,2026-05-10 15:30:00,19785,2026-05-10 15:45:00,655.41,2026-05-12 16:15:00,653.7,194,2.774,0.998,-0.261,win,False,1.614,BSL
112,BNBUSDT,BUY,20002,2026-05-12 22:00:00,20003,2026-05-12 22:15:00,668.36,2026-05-14 04:30:00,667.88,121,2.66,0.636,-0.072,win,False,2.735,BSL
113,BNBUSDT,SELL,20123,2026-05-14 04:15:00,20124,2026-05-14 04:30:00,667.88,2026-05-14 17:15:00,684.33,51,0.157,3.072,-2.463,lose,False,2.784,SSL
115,BNBUSDT,SELL,20296,2026-05-15 23:30:00,20297,2026-05-15 23:45:00,672.57,2026-05-20 15:45:00,648.37,448,5.671,0.391,3.598,win,False,3.462,SSL
116,BNBUSDT,BUY,20744,2026-05-20 15:30:00,20745,2026-05-20 15:45:00,648.37,2026-05-23 00:45:00,649.46,228,2.557,0.321,0.168,win,False,1.853,BSL
117,BNBUSDT,SELL,20972,2026-05-23 00:30:00,20973,2026-05-23 00:45:00,649.46,2026-05-23 19:30:00,653.26,75,2.226,0.619,-0.585,win,False,2.034,SSL
120,BNBUSDT,BUY,21647,2026-05-30 01:15:00,21648,2026-05-30 01:30:00,648.08,2026-05-31 22:30:00,711.65,180,15.2,0.088,9.809,win,False,,
121,BNBUSDT,SELL,21827,2026-05-31 22:15:00,21828,2026-05-31 22:30:00,711.65,2026-06-07 07:00:00,588.7,610,21.748,2.775,17.277,win,False,11.251,SSL
122,BNBUSDT,BUY,22437,2026-06-07 06:45:00,22438,2026-06-07 07:00:00,588.7,2026-06-09 14:45:00,586.12,223,3.82,0.8,-0.438,win,False,3.772,BSL
124,BNBUSDT,BUY,22828,2026-06-11 08:30:00,22829,2026-06-11 08:45:00,600.93,2026-06-14 20:15:00,603.1,334,2.158,0.754,0.361,win,False,1.66,BSL
126,BNBUSDT,BUY,23174,2026-06-14 23:00:00,23175,2026-06-14 23:15:00,615.54,2026-06-16 13:30:00,605.57,153,2.863,2.4,-1.62,win,False,2.64,BSL
128,BNBUSDT,BUY,23685,2026-06-20 06:45:00,23686,2026-06-20 07:00:00,587.7,2026-06-23 06:15:00,583.35,285,2.568,1.021,-0.74,win,False,3.573,BSL
129,BNBUSDT,SELL,23970,2026-06-23 06:00:00,23971,2026-06-23 06:15:00,583.35,2026-06-25 09:30:00,568.81,205,6.348,0.115,2.493,win,False,1.971,SSL
131,BNBUSDT,SELL,24193,2026-06-25 13:45:00,24194,2026-06-25 14:00:00,542.17,2026-06-29 21:15:00,561.02,413,0.0,5.27,-3.477,lose,False,,
134,BNBUSDT,BUY,24792,2026-07-01 19:30:00,24793,2026-07-01 19:45:00,551.94,2026-07-06 13:15:00,571.22,454,7.59,0.982,3.493,win,False,1.704,BSL
138,BNBUSDT,BUY,25509,2026-07-09 06:45:00,25510,2026-07-09 07:00:00,575.14,2026-07-12 00:30:00,572.36,262,1.44,1.181,-0.483,lose,False,3.13,BSL
143,BNBUSDT,SELL,26226,2026-07-16 18:00:00,26227,2026-07-16 18:15:00,576.42,2026-07-18 16:30:00,570.49,185,3.596,0.165,1.029,win,False,2.971,SSL
146,BNBUSDT,BUY,26611,2026-07-20 18:15:00,26612,2026-07-20 18:30:00,574.72,2026-07-22 06:15:00,569.69,143,0.954,1.042,-0.875,lose,False,1.615,BSL
151,BNBUSDT,SELL,27730,2026-08-01 10:00:00,27731,2026-08-01 10:15:00,582.9,2026-08-02 05:00:00,585.26,75,1.578,0.482,-0.405,lose,False,,
154,BNBUSDT,BUY,28382,2026-08-08 05:00:00,28383,2026-08-08 05:15:00,593.81,2026-08-10 14:00:00,600.6,227,3.141,0.103,1.143,win,False,2.507,BSL
155,BNBUSDT,SELL,28609,2026-08-10 13:45:00,28610,2026-08-10 14:00:00,600.6,2026-08-11 10:15:00,607.17,81,0.498,1.307,-1.094,lose,False,,
156,BNBUSDT,BUY,28690,2026-08-11 10:00:00,28691,2026-08-11 10:15:00,607.17,2026-08-13 17:00:00,607.59,219,2.258,0.352,0.069,win,False,1.702,BSL
158,BNBUSDT,BUY,29053,2026-08-15 04:45:00,29054,2026-08-15 05:00:00,611.89,2026-08-16 01:30:00,607.67,82,0.217,0.757,-0.69,lose,False,,
160,BNBUSDT,BUY,29477,2026-08-19 14:45:00,29478,2026-08-19 15:00:00,609.09,2026-08-23 05:30:00,683.8,346,19.383,0.008,12.266,win,False,,
1,BTCUSDT,SELL,14,2025-10-16 17:00:00,15,2025-10-16 17:15:00,108432.0,2025-10-19 12:00:00,107730.6,267,4.576,0.708,0.647,win,False,,
4,BTCUSDT,BUY,487,2025-10-21 15:15:00,488,2025-10-21 15:30:00,112899.9,2025-10-22 01:00:00,107930.1,38,0.921,4.537,-4.402,lose,False,,
6,BTCUSDT,BUY,671,2025-10-23 13:15:00,672,2025-10-23 13:30:00,109106.1,2025-10-28 05:45:00,113650.0,449,6.667,0.42,4.165,win,False,4.458,BSL
7,BTCUSDT,SELL,1120,2025-10-28 05:30:00,1121,2025-10-28 05:45:00,113650.0,2025-10-31 12:00:00,110375.7,313,6.555,2.133,2.881,win,False,6.397,SSL
9,BTCUSDT,SELL,1687,2025-11-03 03:15:00,1688,2025-11-03 03:30:00,108079.9,2025-11-05 18:15:00,103889.9,251,8.504,0.251,3.877,win,False,,
10,BTCUSDT,BUY,1938,2025-11-05 18:00:00,1939,2025-11-05 18:15:00,103889.9,2025-11-06 17:45:00,101316.5,94,0.585,3.515,-2.477,lose,False,3.352,BSL
11,BTCUSDT,SELL,2032,2025-11-06 17:30:00,2033,2025-11-06 17:45:00,101316.5,2025-11-07 20:30:00,103145.0,107,2.089,2.034,-1.805,win,False,2.243,SSL
13,BTCUSDT,SELL,2286,2025-11-09 09:00:00,2287,2025-11-09 09:15:00,102009.2,2025-11-09 15:15:00,103300.3,24,0.541,1.982,-1.266,lose,False,,
14,BTCUSDT,BUY,2310,2025-11-09 15:00:00,2311,2025-11-09 15:15:00,103300.3,2025-11-11 16:00:00,103417.2,195,4.04,0.16,0.113,win,False,3.942,BSL
15,BTCUSDT,SELL,2505,2025-11-11 15:45:00,2506,2025-11-11 16:00:00,103417.2,2025-11-12 11:45:00,104708.7,79,0.984,1.688,-1.249,lose,False,,
16,BTCUSDT,BUY,2584,2025-11-12 11:30:00,2585,2025-11-12 11:45:00,104708.7,2025-11-12 16:30:00,101750.2,19,0.562,3.279,-2.825,lose,False,,
17,BTCUSDT,SELL,2603,2025-11-12 16:15:00,2604,2025-11-12 16:30:00,101750.2,2025-11-18 21:45:00,92591.1,597,12.519,2.235,9.002,win,False,,
19,BTCUSDT,SELL,3235,2025-11-19 06:15:00,3236,2025-11-19 06:30:00,90769.3,2025-11-20 03:00:00,92556.0,82,2.429,2.193,-1.968,win,False,2.183,SSL
21,BTCUSDT,SELL,3372,2025-11-20 16:30:00,3373,2025-11-20 16:45:00,88199.0,2025-11-23 02:45:00,86120.0,232,8.616,0.224,2.357,win,False,,
22,BTCUSDT,BUY,3604,2025-11-23 02:30:00,3605,2025-11-23 02:45:00,86120.0,2025-11-26 11:00:00,86916.1,321,3.55,1.038,0.924,win,False,2.365,BSL
24,BTCUSDT,BUY,3954,2025-11-26 18:00:00,3955,2025-11-26 18:15:00,90001.1,2025-12-01 00:30:00,88338.3,409,3.421,1.876,-1.848,win,False,3.46,BSL
25,BTCUSDT,SELL,4363,2025-12-01 00:15:00,4364,2025-12-01 00:30:00,88338.3,2025-12-02 14:45:00,88784.0,153,5.153,0.589,-0.505,win,False,3.349,SSL
26,BTCUSDT,BUY,4516,2025-12-02 14:30:00,4517,2025-12-02 14:45:00,88784.0,2025-12-05 05:00:00,91985.6,249,6.083,0.051,3.606,win,False,5.739,BSL
27,BTCUSDT,SELL,4765,2025-12-05 04:45:00,4766,2025-12-05 05:00:00,91985.6,2025-12-07 18:45:00,91337.3,247,4.672,0.511,0.705,win,False,9.196,SSL
30,BTCUSDT,BUY,5195,2025-12-09 16:15:00,5196,2025-12-09 16:30:00,93344.8,2025-12-11 01:30:00,91044.0,132,1.296,2.876,-2.465,lose,False,4.158,BSL
31,BTCUSDT,SELL,5327,2025-12-11 01:15:00,5328,2025-12-11 01:30:00,91044.0,2025-12-11 22:00:00,92823.6,82,2.025,2.75,-1.955,win,False,1.55,SSL
34,BTCUSDT,BUY,5888,2025-12-16 21:30:00,5889,2025-12-16 21:45:00,87843.7,2025-12-18 07:00:00,86607.0,133,2.868,2.94,-1.408,win,False,2.083,BSL
35,BTCUSDT,SELL,6021,2025-12-18 06:45:00,6022,2025-12-18 07:00:00,86607.0,2025-12-18 14:30:00,88488.4,30,0.07,3.28,-2.172,lose,False,3.557,SSL
37,BTCUSDT,SELL,6088,2025-12-18 23:30:00,6089,2025-12-18 23:45:00,85444.7,2025-12-19 09:00:00,88063.2,37,0.447,3.419,-3.065,lose,False,2.245,SSL
38,BTCUSDT,BUY,6125,2025-12-19 08:45:00,6126,2025-12-19 09:00:00,88063.2,2025-12-23 02:45:00,88229.0,359,2.88,1.44,0.188,win,False,1.828,BSL
40,BTCUSDT,BUY,6731,2025-12-25 16:15:00,6732,2025-12-25 16:30:00,88377.0,2025-12-26 16:15:00,86980.1,95,1.336,1.988,-1.581,lose,False,2.462,BSL
44,BTCUSDT,BUY,7209,2025-12-30 15:45:00,7210,2025-12-30 16:00:00,88966.8,2025-12-31 17:30:00,87588.4,102,0.436,1.817,-1.549,lose,False,1.783,BSL
46,BTCUSDT,BUY,7424,2026-01-01 21:30:00,7425,2026-01-01 21:45:00,88286.3,2026-01-06 18:15:00,91784.2,466,7.333,0.026,3.962,win,False,2.568,BSL
49,BTCUSDT,SELL,8453,2026-01-12 14:45:00,8454,2026-01-12 15:00:00,90852.7,2026-01-13 07:45:00,91908.8,67,0.215,1.592,-1.162,lose,False,3.368,SSL
52,BTCUSDT,BUY,9524,2026-01-23 18:30:00,9525,2026-01-23 18:45:00,90700.9,2026-01-24 16:15:00,89207.3,86,0.0,1.731,-1.647,lose,False,,
55,BTCUSDT,SELL,10043,2026-01-29 04:15:00,10044,2026-01-29 04:30:00,88033.9,2026-02-03 08:30:00,78846.7,496,15.311,0.485,10.436,win,False,5.12,SSL
57,BTCUSDT,SELL,10576,2026-02-03 17:30:00,10577,2026-02-03 17:45:00,75120.3,2026-02-06 16:15:00,69220.6,282,20.394,2.439,7.854,win,False,,
58,BTCUSDT,BUY,10858,2026-02-06 16:00:00,10859,2026-02-06 16:15:00,69220.6,2026-02-09 11:30:00,68832.9,269,4.449,2.847,-0.56,win,False,3.777,BSL
61,BTCUSDT,SELL,11718,2026-02-15 15:00:00,11719,2026-02-15 15:15:00,69174.0,2026-02-20 07:30:00,67910.6,449,5.173,1.354,1.826,win,False,4.493,SSL
64,BTCUSDT,BUY,12625,2026-02-25 01:45:00,12626,2026-02-25 02:00:00,65860.4,2026-02-26 21:45:00,67406.8,175,6.284,1.731,2.348,win,False,6.392,BSL
65,BTCUSDT,SELL,12800,2026-02-26 21:30:00,12801,2026-02-26 21:45:00,67406.8,2026-02-28 20:30:00,66723.9,187,6.568,1.16,1.013,win,False,6.997,SSL
66,BTCUSDT,BUY,12987,2026-02-28 20:15:00,12988,2026-02-28 20:30:00,66723.9,2026-03-03 10:15:00,66462.9,247,5.06,2.567,-0.391,win,False,2.196,BSL
67,BTCUSDT,SELL,13234,2026-03-03 10:00:00,13235,2026-03-03 10:15:00,66462.9,2026-03-04 08:15:00,69393.7,88,0.576,4.852,-4.41,lose,False,1.802,SSL
68,BTCUSDT,BUY,13322,2026-03-04 08:00:00,13323,2026-03-04 08:15:00,69393.7,2026-03-05 23:30:00,71187.2,157,6.705,0.423,2.585,win,False,14.115,BSL
69,BTCUSDT,SELL,13479,2026-03-05 23:15:00,13480,2026-03-05 23:30:00,71187.2,2026-03-09 14:45:00,69377.9,349,7.892,0.281,2.542,win,False,5.417,SSL
70,BTCUSDT,BUY,13828,2026-03-09 14:30:00,13829,2026-03-09 14:45:00,69377.9,2026-03-14 01:15:00,70656.7,426,6.475,1.698,1.843,win,False,6.772,BSL
71,BTCUSDT,SELL,14254,2026-03-14 01:00:00,14255,2026-03-14 01:15:00,70656.7,2026-03-15 04:45:00,71541.9,110,0.567,1.377,-1.253,lose,False,2.13,SSL
72,BTCUSDT,BUY,14364,2026-03-15 04:30:00,14365,2026-03-15 04:45:00,71541.9,2026-03-18 12:45:00,72393.2,320,6.23,0.45,1.19,win,False,3.542,BSL
73,BTCUSDT,SELL,14684,2026-03-18 12:30:00,14685,2026-03-18 12:45:00,72393.2,2026-03-23 12:45:00,70680.5,480,7.035,0.213,2.366,win,False,2.774,SSL
75,BTCUSDT,SELL,15278,2026-03-24 17:00:00,15279,2026-03-24 17:15:00,69205.2,2026-03-25 06:30:00,71195.8,53,0.463,3.056,-2.876,lose,False,4.303,SSL
77,BTCUSDT,SELL,15433,2026-03-26 07:45:00,15434,2026-03-26 08:00:00,70053.8,2026-03-28 16:30:00,67038.9,226,6.499,0.111,4.304,win,False,5.462,SSL
80,BTCUSDT,BUY,15975,2026-03-31 23:15:00,15976,2026-03-31 23:30:00,68224.2,2026-04-02 03:45:00,66571.4,113,1.559,2.592,-2.423,lose,False,1.575,BSL
83,BTCUSDT,SELL,16415,2026-04-05 13:15:00,16416,2026-04-05 13:30:00,66676.6,2026-04-05 21:00:00,67636.7,30,0.016,1.728,-1.44,lose,False,2.116,SSL
84,BTCUSDT,BUY,16445,2026-04-05 20:45:00,16446,2026-04-05 21:00:00,67636.7,2026-04-07 12:15:00,68243.0,157,3.986,0.478,0.896,win,False,10.586,BSL
86,BTCUSDT,BUY,16644,2026-04-07 22:30:00,16645,2026-04-07 22:45:00,70726.3,2026-04-12 02:30:00,71737.3,399,4.308,0.422,1.429,win,False,5.755,BSL
87,BTCUSDT,SELL,17043,2026-04-12 02:15:00,17044,2026-04-12 02:30:00,71737.3,2026-04-13 16:00:00,71823.6,150,1.783,0.967,-0.12,lose,False,1.704,SSL
88,BTCUSDT,BUY,17193,2026-04-13 15:45:00,17194,2026-04-13 16:00:00,71823.6,2026-04-18 11:30:00,76034.5,462,9.017,0.27,5.863,win,False,4.139,BSL
89,BTCUSDT,SELL,17655,2026-04-18 11:15:00,17656,2026-04-18 11:30:00,76034.5,2026-04-20 18:15:00,76237.4,219,3.111,0.405,-0.267,win,False,1.818,SSL
90,BTCUSDT,BUY,17874,2026-04-20 18:00:00,17875,2026-04-20 18:15:00,76237.4,2026-04-23 14:15:00,77483.0,272,4.206,1.914,1.634,win,False,3.871,BSL
96,BTCUSDT,BUY,18871,2026-05-01 03:15:00,18872,2026-05-01 03:30:00,77147.2,2026-05-07 11:45:00,80940.0,609,7.364,0.406,4.916,win,False,2.646,BSL
97,BTCUSDT,SELL,19480,2026-05-07 11:30:00,19481,2026-05-07 11:45:00,80940.0,2026-05-09 17:30:00,80778.4,215,2.227,0.27,0.2,win,False,1.526,SSL
98,BTCUSDT,BUY,19695,2026-05-09 17:15:00,19696,2026-05-09 17:30:00,80778.4,2026-05-12 11:15:00,80542.3,263,2.082,0.685,-0.292,win,False,2.31,BSL
103,BTCUSDT,SELL,20936,2026-05-22 15:30:00,20937,2026-05-22 15:45:00,76685.6,2026-05-23 19:15:00,75766.0,110,3.237,0.501,1.199,win,False,2.354,SSL
104,BTCUSDT,BUY,21046,2026-05-23 19:00:00,21047,2026-05-23 19:15:00,75766.0,2026-05-26 03:15:00,76530.0,224,2.801,0.0,1.008,win,False,3.082,BSL
107,BTCUSDT,SELL,21858,2026-06-01 06:00:00,21859,2026-06-01 06:15:00,73259.4,2026-06-07 06:15:00,61643.3,576,19.355,0.052,15.856,win,False,3.746,SSL
108,BTCUSDT,BUY,22434,2026-06-07 06:00:00,22435,2026-06-07 06:15:00,61643.3,2026-06-09 15:00:00,61511.6,227,4.229,0.92,-0.214,win,False,3.54,BSL
111,BTCUSDT,SELL,23158,2026-06-14 19:00:00,23159,2026-06-14 19:15:00,63757.6,2026-06-14 22:00:00,65284.4,11,0.064,2.971,-2.395,lose,False,2.324,SSL
112,BTCUSDT,BUY,23169,2026-06-14 21:45:00,23170,2026-06-14 22:00:00,65284.4,2026-06-16 23:15:00,65730.4,197,3.019,0.561,0.683,win,False,21.309,BSL
114,BTCUSDT,BUY,23667,2026-06-20 02:15:00,23668,2026-06-20 02:30:00,63382.2,2026-06-23 05:45:00,63409.9,301,3.495,0.388,0.044,win,False,1.934,BSL
115,BTCUSDT,SELL,23968,2026-06-23 05:30:00,23969,2026-06-23 05:45:00,63409.9,2026-06-25 07:30:00,61774.1,199,6.86,0.03,2.58,win,False,1.788,SSL
116,BTCUSDT,BUY,24167,2026-06-25 07:15:00,24168,2026-06-25 07:30:00,61774.1,2026-06-25 14:00:00,58248.4,26,0.254,6.061,-5.707,lose,False,2.023,BSL
118,BTCUSDT,BUY,24388,2026-06-27 14:30:00,24389,2026-06-27 14:45:00,60607.3,2026-06-28 16:45:00,59589.9,104,0.524,1.705,-1.679,lose,False,2.39,BSL
119,BTCUSDT,SELL,24492,2026-06-28 16:30:00,24493,2026-06-28 16:45:00,59589.9,2026-07-01 16:00:00,60118.6,285,3.073,1.961,-0.887,win,False,2.411,SSL
122,BTCUSDT,BUY,25267,2026-07-06 18:15:00,25268,2026-07-06 18:30:00,63735.4,2026-07-08 06:30:00,62592.1,144,1.501,2.04,-1.794,lose,False,2.585,BSL
123,BTCUSDT,SELL,25411,2026-07-08 06:15:00,25412,2026-07-08 06:30:00,62592.1,2026-07-09 10:15:00,62979.6,111,1.713,1.109,-0.619,lose,False,1.739,SSL
126,BTCUSDT,BUY,26014,2026-07-14 13:00:00,26015,2026-07-14 13:15:00,63764.2,2026-07-16 09:15:00,64086.5,176,2.863,0.336,0.505,win,False,2.539,BSL
127,BTCUSDT,SELL,26190,2026-07-16 09:00:00,26191,2026-07-16 09:15:00,64086.5,2026-07-17 19:30:00,64059.9,137,2.468,1.23,0.042,win,False,,
130,BTCUSDT,BUY,26607,2026-07-20 17:15:00,26608,2026-07-20 17:30:00,65476.4,2026-07-22 15:00:00,65770.2,182,2.211,0.71,0.449,win,False,2.269,BSL
131,BTCUSDT,SELL,26789,2026-07-22 14:45:00,26790,2026-07-22 15:00:00,65770.2,2026-07-25 22:00:00,64318.6,316,3.199,0.902,2.207,win,False,2.809,SSL
133,BTCUSDT,SELL,27301,2026-07-27 22:45:00,27302,2026-07-27 23:00:00,63755.5,2026-07-29 07:15:00,64435.9,129,1.718,1.113,-1.067,lose,False,1.715,SSL
134,BTCUSDT,BUY,27430,2026-07-29 07:00:00,27431,2026-07-29 07:15:00,64435.9,2026-07-31 08:45:00,63818.6,198,1.483,1.865,-0.958,lose,False,1.513,BSL
135,BTCUSDT,SELL,27628,2026-07-31 08:30:00,27629,2026-07-31 08:45:00,63818.6,2026-08-02 03:15:00,63393.0,170,2.491,0.256,0.667,win,False,1.812,SSL
136,BTCUSDT,BUY,27798,2026-08-02 03:00:00,27799,2026-08-02 03:15:00,63393.0,2026-08-03 06:30:00,62764.9,109,0.609,1.068,-0.991,lose,False,3.183,BSL
141,BTCUSDT,SELL,28473,2026-08-09 03:45:00,28474,2026-08-09 04:00:00,64758.9,2026-08-09 14:00:00,65195.0,40,0.018,0.751,-0.673,lose,False,1.897,SSL
143,BTCUSDT,SELL,28613,2026-08-10 14:45:00,28614,2026-08-10 15:00:00,64594.6,2026-08-12 12:15:00,64230.5,181,2.141,0.15,0.564,win,False,1.648,SSL
147,BTCUSDT,SELL,29223,2026-08-16 23:15:00,29224,2026-08-16 23:30:00,62825.4,2026-08-17 05:30:00,63460.0,24,0.162,1.189,-1.01,lose,False,,
149,BTCUSDT,SELL,29825,2026-08-23 05:45:00,29826,2026-08-23 06:00:00,76065.0,2026-08-23 22:00:00,77808.7,64,0.256,2.62,-2.292,lose,False,,
150,BTCUSDT,BUY,29889,2026-08-23 21:45:00,29890,2026-08-23 22:00:00,77808.7,2026-08-25 01:15:00,79462.0,110,2.784,1.49,2.125,win,False,,
1,DOGEUSDT,SELL,13,2025-10-16 16:45:00,14,2025-10-16 17:00:00,0.1947,2025-10-18 18:00:00,0.1899,196,9.909,0.01,2.445,win,False,,
4,DOGEUSDT,BUY,488,2025-10-21 15:30:00,489,2025-10-21 15:45:00,0.2051,2025-10-22 03:45:00,0.193,48,0.224,6.221,-5.914,lose,False,,
5,DOGEUSDT,SELL,536,2025-10-22 03:30:00,537,2025-10-22 03:45:00,0.193,2025-10-23 11:30:00,0.1943,127,4.405,1.503,-0.684,win,False,3.85,SSL
6,DOGEUSDT,BUY,663,2025-10-23 11:15:00,664,2025-10-23 11:30:00,0.1943,2025-10-26 04:45:00,0.1953,261,3.521,1.493,0.515,win,False,,
7,DOGEUSDT,SELL,924,2025-10-26 04:30:00,925,2025-10-26 04:45:00,0.1953,2025-10-26 10:30:00,0.1989,23,0.133,2.868,-1.864,lose,False,9.957,SSL
8,DOGEUSDT,BUY,947,2025-10-26 10:15:00,948,2025-10-26 10:30:00,0.1989,2025-10-27 22:15:00,0.2021,143,5.288,0.337,1.588,win,False,,
9,DOGEUSDT,SELL,1090,2025-10-27 22:00:00,1091,2025-10-27 22:15:00,0.2021,2025-10-31 23:15:00,0.1861,388,12.757,0.455,7.932,win,False,12.987,SSL
13,DOGEUSDT,SELL,2023,2025-11-06 15:15:00,2024,2025-11-06 15:30:00,0.1608,2025-11-07 10:00:00,0.165,74,2.449,3.998,-2.561,win,False,,
14,DOGEUSDT,BUY,2097,2025-11-07 09:45:00,2098,2025-11-07 10:00:00,0.165,2025-11-09 03:15:00,0.1726,165,11.105,3.298,4.655,win,False,,
15,DOGEUSDT,SELL,2262,2025-11-09 03:00:00,2263,2025-11-09 03:15:00,0.1726,2025-11-09 20:00:00,0.18,67,0.886,4.298,-4.275,lose,False,7.799,SSL
16,DOGEUSDT,BUY,2329,2025-11-09 19:45:00,2330,2025-11-09 20:00:00,0.18,2025-11-11 18:30:00,0.175,186,3.516,3.244,-2.788,win,False,1.911,BSL
17,DOGEUSDT,SELL,2515,2025-11-11 18:15:00,2516,2025-11-11 18:30:00,0.175,2025-11-12 14:30:00,0.1778,80,2.383,1.983,-1.577,win,False,2.303,SSL
19,DOGEUSDT,SELL,2606,2025-11-12 17:00:00,2607,2025-11-12 17:15:00,0.1687,2025-11-13 08:15:00,0.1758,60,0.931,4.95,-4.239,lose,False,5.623,SSL
21,DOGEUSDT,SELL,2706,2025-11-13 18:00:00,2707,2025-11-13 18:15:00,0.1645,2025-11-18 18:30:00,0.1611,481,9.274,0.997,2.115,win,False,3.255,SSL
22,DOGEUSDT,BUY,3187,2025-11-18 18:15:00,3188,2025-11-18 18:30:00,0.1611,2025-11-19 16:30:00,0.1533,88,1.142,5.004,-4.799,lose,False,,
23,DOGEUSDT,SELL,3275,2025-11-19 16:15:00,3276,2025-11-19 16:30:00,0.1533,2025-11-20 05:00:00,0.1584,50,4.096,3.385,-3.3,win,False,,
26,DOGEUSDT,BUY,3612,2025-11-23 04:30:00,3613,2025-11-23 04:45:00,0.1437,2025-11-25 15:45:00,0.1483,236,7.082,1.294,3.145,win,False,6.797,BSL
28,DOGEUSDT,BUY,3953,2025-11-26 17:45:00,3954,2025-11-26 18:00:00,0.1557,2025-11-28 02:00:00,0.1502,128,0.681,3.655,-3.527,lose,False,,
30,DOGEUSDT,BUY,4515,2025-12-02 14:15:00,4516,2025-12-02 14:30:00,0.1389,2025-12-05 01:30:00,0.1479,236,10.426,0.194,6.523,win,False,11.021,BSL
31,DOGEUSDT,SELL,4751,2025-12-05 01:15:00,4752,2025-12-05 01:30:00,0.1479,2025-12-07 21:00:00,0.1421,270,8.902,0.223,3.981,win,False,8.912,SSL
32,DOGEUSDT,BUY,5021,2025-12-07 20:45:00,5022,2025-12-07 21:00:00,0.1421,2025-12-09 11:30:00,0.1402,154,2.063,4.435,-1.323,win,False,7.395,BSL
33,DOGEUSDT,SELL,5175,2025-12-09 11:15:00,5176,2025-12-09 11:30:00,0.1402,2025-12-09 16:15:00,0.1492,19,0.064,6.592,-6.399,lose,False,3.863,SSL
34,DOGEUSDT,BUY,5194,2025-12-09 16:00:00,5195,2025-12-09 16:15:00,0.1492,2025-12-11 00:00:00,0.1432,127,2.668,4.64,-3.962,win,False,2.29,BSL
35,DOGEUSDT,SELL,5321,2025-12-10 23:45:00,5322,2025-12-11 00:00:00,0.1432,2025-12-13 12:15:00,0.1396,241,6.339,0.195,2.52,win,False,5.917,SSL
36,DOGEUSDT,BUY,5562,2025-12-13 12:00:00,5563,2025-12-13 12:15:00,0.1396,2025-12-14 12:00:00,0.1367,95,0.244,2.858,-2.084,lose,False,10.433,BSL
37,DOGEUSDT,SELL,5657,2025-12-14 11:45:00,5658,2025-12-14 12:00:00,0.1367,2025-12-16 23:30:00,0.1315,238,7.446,1.221,3.811,win,False,3.397,SSL
38,DOGEUSDT,BUY,5895,2025-12-16 23:15:00,5896,2025-12-16 23:30:00,0.1315,2025-12-17 18:45:00,0.1258,77,3.627,4.768,-4.365,win,False,17.252,BSL
39,DOGEUSDT,SELL,5972,2025-12-17 18:30:00,5973,2025-12-17 18:45:00,0.1258,2025-12-19 07:45:00,0.1278,148,4.707,3.904,-1.59,win,False,,
40,DOGEUSDT,BUY,6120,2025-12-19 07:30:00,6121,2025-12-19 07:45:00,0.1278,2025-12-21 15:15:00,0.1291,222,4.477,0.29,1.025,win,False,6.293,BSL
41,DOGEUSDT,SELL,6342,2025-12-21 15:00:00,6343,2025-12-21 15:15:00,0.1291,2025-12-22 09:00:00,0.1322,71,0.139,3.951,-2.433,lose,False,6.891,SSL
42,DOGEUSDT,BUY,6413,2025-12-22 08:45:00,6414,2025-12-22 09:00:00,0.1322,2025-12-23 15:00:00,0.1288,120,2.36,3.328,-2.556,win,False,2.715,BSL
43,DOGEUSDT,SELL,6533,2025-12-23 14:45:00,6534,2025-12-23 15:00:00,0.1288,2025-12-28 04:15:00,0.1241,437,6.458,1.583,3.671,win,False,6.718,SSL
46,DOGEUSDT,BUY,7377,2026-01-01 09:45:00,7378,2026-01-01 10:00:00,0.1203,2026-01-06 18:30:00,0.1451,514,30.098,0.141,20.542,win,False,28.135,BSL
47,DOGEUSDT,SELL,7891,2026-01-06 18:15:00,7892,2026-01-06 18:30:00,0.1451,2026-01-13 14:30:00,0.1406,656,7.045,6.191,3.054,win,False,4.48,SSL
48,DOGEUSDT,BUY,8547,2026-01-13 14:15:00,8548,2026-01-13 14:30:00,0.1406,2026-01-15 03:45:00,0.1427,149,7.566,0.946,1.444,win,False,,
49,DOGEUSDT,SELL,8696,2026-01-15 03:30:00,8697,2026-01-15 03:45:00,0.1427,2026-01-21 22:15:00,0.1281,650,16.389,1.668,10.234,win,False,4.807,SSL
51,DOGEUSDT,SELL,9424,2026-01-22 17:30:00,9425,2026-01-22 17:45:00,0.1248,2026-01-27 16:15:00,0.125,474,5.787,2.461,-0.2,win,False,1.678,SSL
52,DOGEUSDT,BUY,9898,2026-01-27 16:00:00,9899,2026-01-27 16:15:00,0.125,2026-01-29 03:30:00,0.1221,141,2.136,2.632,-2.304,win,False,2.464,BSL
53,DOGEUSDT,SELL,10039,2026-01-29 03:15:00,10040,2026-01-29 03:30:00,0.1221,2026-02-02 16:30:00,0.1097,436,22.55,0.278,10.202,win,False,5.998,SSL
55,DOGEUSDT,SELL,10666,2026-02-04 16:00:00,10667,2026-02-04 16:15:00,0.1037,2026-02-06 16:45:00,0.0995,194,22.934,1.755,4.07,win,False,,
56,DOGEUSDT,BUY,10860,2026-02-06 16:30:00,10861,2026-02-06 16:45:00,0.0995,2026-02-09 07:45:00,0.0952,252,2.734,4.916,-4.323,win,False,18.568,BSL
57,DOGEUSDT,SELL,11112,2026-02-09 07:30:00,11113,2026-02-09 07:45:00,0.0952,2026-02-12 11:45:00,0.0939,304,7.713,1.881,1.334,win,False,16.549,SSL
59,DOGEUSDT,SELL,11728,2026-02-15 17:30:00,11729,2026-02-15 17:45:00,0.1057,2026-02-20 23:45:00,0.0999,504,9.689,0.0,5.431,win,False,8.915,SSL
60,DOGEUSDT,BUY,12232,2026-02-20 23:30:00,12233,2026-02-20 23:45:00,0.0999,2026-02-22 02:00:00,0.0981,105,0.99,2.391,-1.871,lose,False,1.506,BSL
61,DOGEUSDT,SELL,12337,2026-02-22 01:45:00,12338,2026-02-22 02:00:00,0.0981,2026-02-23 12:30:00,0.0967,138,6.852,0.061,1.376,win,False,1.847,SSL
63,DOGEUSDT,SELL,12505,2026-02-23 19:45:00,12506,2026-02-23 20:00:00,0.0928,2026-02-25 10:15:00,0.0935,153,3.168,2.295,-0.733,win,False,1.904,SSL
64,DOGEUSDT,BUY,12658,2026-02-25 10:00:00,12659,2026-02-25 10:15:00,0.0935,2026-02-26 16:30:00,0.0983,121,13.563,0.118,5.156,win,False,26.153,BSL
65,DOGEUSDT,SELL,12779,2026-02-26 16:15:00,12780,2026-02-26 16:30:00,0.0983,2026-02-28 22:00:00,0.0938,214,10.904,0.773,4.567,win,False,7.392,SSL
66,DOGEUSDT,BUY,12993,2026-02-28 21:45:00,12994,2026-02-28 22:00:00,0.0938,2026-03-01 20:15:00,0.091,89,4.306,3.176,-2.984,win,False,4.693,BSL
67,DOGEUSDT,SELL,13082,2026-03-01 20:00:00,13083,2026-03-01 20:15:00,0.091,2026-03-02 16:15:00,0.097,80,0.582,6.724,-6.614,lose,False,2.878,SSL
69,DOGEUSDT,SELL,13222,2026-03-03 07:00:00,13223,2026-03-03 07:15:00,0.0917,2026-03-04 11:15:00,0.093,112,3.794,1.831,-1.363,win,False,3.63,SSL
70,DOGEUSDT,BUY,13334,2026-03-04 11:00:00,13335,2026-03-04 11:15:00,0.093,2026-03-05 14:30:00,0.095,109,12.142,1.656,2.173,win,False,26.844,BSL
71,DOGEUSDT,SELL,13443,2026-03-05 14:15:00,13444,2026-03-05 14:30:00,0.095,2026-03-09 15:15:00,0.0915,387,8.916,0.747,3.653,win,False,6.947,SSL
74,DOGEUSDT,BUY,14107,2026-03-12 12:15:00,14108,2026-03-12 12:30:00,0.0956,2026-03-14 04:30:00,0.0959,160,6.651,2.667,0.324,win,False,8.634,BSL
77,DOGEUSDT,SELL,14680,2026-03-18 11:30:00,14681,2026-03-18 11:45:00,0.097,2026-03-23 14:00:00,0.0942,489,8.223,0.052,2.937,win,False,4.713,SSL
79,DOGEUSDT,SELL,15420,2026-03-26 04:30:00,15421,2026-03-26 04:45:00,0.0944,2026-03-28 14:15:00,0.093,230,5.49,0.117,1.484,win,False,4.197,SSL
80,DOGEUSDT,BUY,15650,2026-03-28 14:00:00,15651,2026-03-28 14:15:00,0.093,2026-03-29 06:30:00,0.091,65,2.539,2.851,-2.13,win,False,4.886,BSL
81,DOGEUSDT,SELL,15715,2026-03-29 06:15:00,15716,2026-03-29 06:30:00,0.091,2026-03-30 05:00:00,0.0929,90,3.429,2.308,-2.11,win,False,2.836,SSL
82,DOGEUSDT,BUY,15805,2026-03-30 04:45:00,15806,2026-03-30 05:00:00,0.0929,2026-03-31 09:45:00,0.09,115,1.087,3.412,-3.154,lose,False,2.076,BSL
83,DOGEUSDT,SELL,15920,2026-03-31 09:30:00,15921,2026-03-31 09:45:00,0.09,2026-04-01 06:00:00,0.0932,81,0.756,3.69,-3.557,lose,False,1.745,SSL
84,DOGEUSDT,BUY,16001,2026-04-01 05:45:00,16002,2026-04-01 06:00:00,0.0932,2026-04-02 03:00:00,0.0901,84,1.427,3.714,-3.338,lose,False,1.78,BSL
85,DOGEUSDT,SELL,16085,2026-04-02 02:45:00,16086,2026-04-02 03:00:00,0.0901,2026-04-03 17:00:00,0.092,152,1.277,2.41,-2.121,lose,False,1.843,SSL
86,DOGEUSDT,BUY,16237,2026-04-03 16:45:00,16238,2026-04-03 17:00:00,0.092,2026-04-05 06:00:00,0.0907,148,1.229,1.598,-1.424,lose,False,3.109,BSL
89,DOGEUSDT,SELL,16551,2026-04-06 23:15:00,16552,2026-04-06 23:30:00,0.0902,2026-04-07 22:15:00,0.0934,91,0.233,3.603,-3.492,lose,False,11.961,SSL
90,DOGEUSDT,BUY,16642,2026-04-07 22:00:00,16643,2026-04-07 22:15:00,0.0934,2026-04-09 01:45:00,0.0914,110,2.849,2.496,-2.142,win,False,1.573,BSL
94,DOGEUSDT,BUY,17209,2026-04-13 19:45:00,17210,2026-04-13 20:00:00,0.093,2026-04-18 09:45:00,0.0971,439,9.802,0.763,4.364,win,False,1.923,BSL
95,DOGEUSDT,SELL,17648,2026-04-18 09:30:00,17649,2026-04-18 09:45:00,0.0971,2026-04-20 22:15:00,0.0958,242,4.779,0.082,1.298,win,False,4.105,SSL
97,DOGEUSDT,SELL,18537,2026-04-27 15:45:00,18538,2026-04-27 16:00:00,0.0972,2026-04-28 04:30:00,0.0996,50,0.154,3.942,-2.532,lose,False,7.004,SSL
98,DOGEUSDT,BUY,18587,2026-04-28 04:15:00,18588,2026-04-28 04:30:00,0.0996,2026-04-29 18:15:00,0.1018,151,12.427,1.616,2.218,win,False,1.893,BSL
101,DOGEUSDT,SELL,19433,2026-05-06 23:45:00,19434,2026-05-07 00:00:00,0.1124,2026-05-08 22:45:00,0.1094,187,6.113,0.053,2.625,win,False,2.055,SSL
102,DOGEUSDT,BUY,19620,2026-05-08 22:30:00,19621,2026-05-08 22:45:00,0.1094,2026-05-10 03:45:00,0.1084,116,1.69,1.599,-0.914,lose,False,2.273,BSL
107,DOGEUSDT,SELL,20492,2026-05-18 00:30:00,20493,2026-05-18 00:45:00,0.1067,2026-05-21 03:30:00,0.1057,299,4.583,0.422,0.909,win,False,1.749,SSL
109,DOGEUSDT,SELL,20957,2026-05-22 20:45:00,20958,2026-05-22 21:00:00,0.1039,2026-05-23 20:45:00,0.1042,95,6.524,0.52,-0.221,win,False,6.38,SSL
110,DOGEUSDT,BUY,21052,2026-05-23 20:30:00,21053,2026-05-23 20:45:00,0.1042,2026-05-26 01:30:00,0.1009,211,0.826,3.514,-3.101,lose,False,,
114,DOGEUSDT,BUY,22426,2026-06-07 04:00:00,22427,2026-06-07 04:15:00,0.0832,2026-06-10 00:45:00,0.0843,274,5.216,0.349,1.274,win,False,21.513,BSL
115,DOGEUSDT,SELL,22700,2026-06-10 00:30:00,22701,2026-06-10 00:45:00,0.0843,2026-06-11 10:30:00,0.085,135,2.955,1.424,-0.878,win,False,1.826,SSL
118,DOGEUSDT,BUY,23036,2026-06-13 12:30:00,23037,2026-06-13 12:45:00,0.0882,2026-06-14 14:15:00,0.0864,102,0.715,2.303,-2.03,lose,False,14.676,BSL
121,DOGEUSDT,SELL,23290,2026-06-16 04:00:00,23291,2026-06-16 04:15:00,0.0873,2026-06-20 07:30:00,0.0842,397,6.302,2.028,3.506,win,False,2.413,SSL
122,DOGEUSDT,BUY,23687,2026-06-20 07:15:00,23688,2026-06-20 07:30:00,0.0842,2026-06-21 23:15:00,0.0825,159,0.047,2.387,-2.078,lose,False,20.041,BSL
123,DOGEUSDT,SELL,23846,2026-06-21 23:00:00,23847,2026-06-21 23:15:00,0.0825,2026-06-22 13:30:00,0.0844,57,0.473,2.607,-2.328,lose,False,5.244,SSL
124,DOGEUSDT,BUY,23903,2026-06-22 13:15:00,23904,2026-06-22 13:30:00,0.0844,2026-06-22 22:45:00,0.082,37,0.77,3.069,-2.797,lose,False,19.799,BSL
125,DOGEUSDT,SELL,23940,2026-06-22 22:30:00,23941,2026-06-22 22:45:00,0.082,2026-06-25 08:00:00,0.0773,229,11.301,0.78,5.742,win,False,4.736,SSL
126,DOGEUSDT,BUY,24169,2026-06-25 07:45:00,24170,2026-06-25 08:00:00,0.0773,2026-06-25 14:00:00,0.0717,24,0.026,7.656,-7.268,lose,False,2.561,BSL
127,DOGEUSDT,SELL,24193,2026-06-25 13:45:00,24194,2026-06-25 14:00:00,0.0717,2026-06-27 03:00:00,0.0759,148,0.014,6.151,-5.816,lose,False,,
129,DOGEUSDT,SELL,24417,2026-06-27 21:45:00,24418,2026-06-27 22:00:00,0.0746,2026-07-01 16:00:00,0.0733,360,6.828,0.416,1.636,win,False,3.037,SSL
131,DOGEUSDT,SELL,25109,2026-07-05 02:45:00,25110,2026-07-05 03:00:00,0.0758,2026-07-05 22:30:00,0.0785,78,0.738,3.574,-3.481,lose,False,2.545,SSL
134,DOGEUSDT,BUY,25585,2026-07-10 01:45:00,25586,2026-07-10 02:00:00,0.0738,2026-07-12 00:15:00,0.0727,185,2.384,1.612,-1.531,win,False,1.99,BSL
136,DOGEUSDT,BUY,26016,2026-07-14 13:30:00,26017,2026-07-14 13:45:00,0.0739,2026-07-16 11:30:00,0.0731,183,2.003,1.76,-1.056,win,False,1.907,BSL
137,DOGEUSDT,SELL,26199,2026-07-16 11:15:00,26200,2026-07-16 11:30:00,0.0731,2026-07-21 07:15:00,0.0732,463,3.01,1.149,-0.068,win,False,1.712,SSL
140,DOGEUSDT,BUY,27078,2026-07-25 15:00:00,27079,2026-07-25 15:15:00,0.0707,2026-07-27 18:45:00,0.0717,206,4.693,0.198,1.329,win,False,3.849,BSL
141,DOGEUSDT,SELL,27284,2026-07-27 18:30:00,27285,2026-07-27 18:45:00,0.0717,2026-08-02 04:30:00,0.0701,519,5.692,0.698,2.218,win,False,3.178,SSL
145,DOGEUSDT,SELL,28186,2026-08-06 04:00:00,28187,2026-08-06 04:15:00,0.0696,2026-08-07 13:45:00,0.0701,134,2.083,0.977,-0.747,win,False,1.553,SSL
148,DOGEUSDT,BUY,28546,2026-08-09 22:00:00,28547,2026-08-09 22:15:00,0.0709,2026-08-10 01:45:00,0.0697,14,0.071,2.652,-1.707,lose,False,3.615,BSL
150,DOGEUSDT,BUY,28702,2026-08-11 13:00:00,28703,2026-08-11 13:15:00,0.0708,2026-08-12 15:30:00,0.0708,105,3.348,1.285,0.085,win,False,3.776,BSL
151,DOGEUSDT,SELL,28807,2026-08-12 15:15:00,28808,2026-08-12 15:30:00,0.0708,2026-08-17 05:30:00,0.0702,440,2.908,0.127,0.974,win,False,1.82,SSL
153,DOGEUSDT,SELL,29977,2026-08-24 19:45:00,29978,2026-08-24 20:00:00,0.0891,2026-08-25 01:15:00,0.0909,22,0.505,3.054,-2.032,lose,False,,
1,ETHUSDT,SELL,19,2025-10-16 18:15:00,20,2025-10-16 18:30:00,3887.38,2025-10-18 18:15:00,3884.95,191,5.566,1.561,0.063,win,False,,
2,ETHUSDT,BUY,210,2025-10-18 18:00:00,211,2025-10-18 18:15:00,3884.95,2025-10-20 18:45:00,3961.61,194,5.149,1.929,1.973,win,False,,
3,ETHUSDT,SELL,404,2025-10-20 18:30:00,405,2025-10-20 18:45:00,3961.61,2025-10-21 16:00:00,4080.41,85,3.115,3.084,-2.999,win,False,7.251,SSL
5,ETHUSDT,SELL,529,2025-10-22 01:45:00,530,2025-10-22 02:00:00,3867.95,2025-10-23 10:00:00,3888.88,128,4.179,0.97,-0.541,win,False,5.005,SSL
6,ETHUSDT,BUY,657,2025-10-23 09:45:00,658,2025-10-23 10:00:00,3888.88,2025-10-28 03:15:00,4069.17,453,9.363,2.105,4.636,win,False,,
7,ETHUSDT,SELL,1110,2025-10-28 03:00:00,1111,2025-10-28 03:15:00,4069.17,2025-10-31 23:30:00,3853.87,369,9.62,2.578,5.291,win,False,3.714,SSL
9,ETHUSDT,SELL,1685,2025-11-03 02:45:00,1686,2025-11-03 03:00:00,3797.4,2025-11-05 18:00:00,3433.78,252,19.55,0.2,9.575,win,False,,
10,ETHUSDT,BUY,1937,2025-11-05 17:45:00,1938,2025-11-05 18:00:00,3433.78,2025-11-06 16:45:00,3259.71,91,1.317,5.402,-5.069,lose,False,6.386,BSL
14,ETHUSDT,BUY,2307,2025-11-09 14:15:00,2308,2025-11-09 14:30:00,3553.74,2025-11-11 15:30:00,3485.46,196,2.934,1.971,-1.921,win,False,2.795,BSL
15,ETHUSDT,SELL,2503,2025-11-11 15:15:00,2504,2025-11-11 15:30:00,3485.46,2025-11-12 12:00:00,3548.24,82,2.365,2.397,-1.801,win,False,3.599,SSL
17,ETHUSDT,SELL,2606,2025-11-12 17:00:00,2607,2025-11-12 17:15:00,3400.98,2025-11-13 08:00:00,3537.16,59,0.887,4.823,-4.004,lose,False,9.982,SSL
18,ETHUSDT,BUY,2665,2025-11-13 07:45:00,2666,2025-11-13 08:00:00,3537.16,2025-11-13 16:30:00,3366.66,34,0.335,5.204,-4.82,lose,False,,
19,ETHUSDT,SELL,2699,2025-11-13 16:15:00,2700,2025-11-13 16:30:00,3366.66,2025-11-18 18:45:00,3157.0,489,12.575,0.64,6.228,win,False,9.064,SSL
20,ETHUSDT,BUY,3188,2025-11-18 18:30:00,3189,2025-11-18 18:45:00,3157.0,2025-11-19 06:30:00,3030.15,47,0.389,5.285,-4.018,lose,False,2.378,BSL
21,ETHUSDT,SELL,3235,2025-11-19 06:15:00,3236,2025-11-19 06:30:00,3030.15,2025-11-23 02:30:00,2816.7,368,13.536,2.733,7.044,win,False,,
22,ETHUSDT,BUY,3603,2025-11-23 02:15:00,3604,2025-11-23 02:30:00,2816.7,2025-11-29 12:15:00,2993.33,615,10.022,1.964,6.271,win,False,2.773,BSL
23,ETHUSDT,SELL,4218,2025-11-29 12:00:00,4219,2025-11-29 12:15:00,2993.33,2025-11-30 15:00:00,3036.64,107,1.113,1.967,-1.447,lose,False,8.382,SSL
25,ETHUSDT,SELL,4363,2025-12-01 00:15:00,4364,2025-12-01 00:30:00,2891.77,2025-12-02 14:45:00,2885.99,153,6.007,0.111,0.2,win,False,5.165,SSL
26,ETHUSDT,BUY,4516,2025-12-02 14:30:00,4517,2025-12-02 14:45:00,2885.99,2025-12-05 15:00:00,3102.42,289,12.241,0.128,7.499,win,False,5.46,BSL
27,ETHUSDT,SELL,4805,2025-12-05 14:45:00,4806,2025-12-05 15:00:00,3102.42,2025-12-07 19:15:00,3129.02,209,6.404,1.759,-0.857,win,False,4.139,SSL
28,ETHUSDT,BUY,5014,2025-12-07 19:00:00,5015,2025-12-07 19:15:00,3129.02,2025-12-11 03:00:00,3209.79,319,10.134,3.804,2.581,win,False,1.832,BSL
29,ETHUSDT,SELL,5333,2025-12-11 02:45:00,5334,2025-12-11 03:00:00,3209.79,2025-12-15 11:30:00,3158.6,418,5.835,1.952,1.595,win,False,4.423,SSL
31,ETHUSDT,SELL,5768,2025-12-15 15:30:00,5769,2025-12-15 15:45:00,3011.82,2025-12-18 14:15:00,2934.57,282,7.381,0.604,2.565,win,False,3.808,SSL
32,ETHUSDT,BUY,6050,2025-12-18 14:00:00,6051,2025-12-18 14:15:00,2934.57,2025-12-22 22:45:00,2992.43,418,4.887,5.507,1.972,win,False,2.911,BSL
33,ETHUSDT,SELL,6468,2025-12-22 22:30:00,6469,2025-12-22 22:45:00,2992.43,2025-12-26 06:45:00,2979.08,320,3.532,1.423,0.446,win,False,1.576,SSL
34,ETHUSDT,BUY,6788,2025-12-26 06:30:00,6789,2025-12-26 06:45:00,2979.08,2025-12-26 17:00:00,2908.36,41,0.463,2.889,-2.374,lose,False,2.627,BSL
39,ETHUSDT,SELL,7963,2026-01-07 12:15:00,7964,2026-01-07 12:30:00,3214.4,2026-01-11 13:15:00,3113.84,387,5.039,0.423,3.128,win,False,2.838,SSL
41,ETHUSDT,SELL,8501,2026-01-13 02:45:00,8502,2026-01-13 03:00:00,3100.13,2026-01-13 16:00:00,3183.11,52,0.01,2.837,-2.677,lose,False,6.281,SSL
42,ETHUSDT,BUY,8553,2026-01-13 15:45:00,8554,2026-01-13 16:00:00,3183.11,2026-01-16 04:30:00,3296.49,242,6.932,0.405,3.562,win,False,,
44,ETHUSDT,BUY,8936,2026-01-17 15:30:00,8937,2026-01-17 15:45:00,3327.08,2026-01-19 00:30:00,3202.7,131,1.229,4.571,-3.738,lose,False,1.729,BSL
45,ETHUSDT,SELL,9067,2026-01-19 00:15:00,9068,2026-01-19 00:30:00,3202.7,2026-01-26 15:15:00,2943.77,731,13.069,0.999,8.085,win,False,9.282,SSL
47,ETHUSDT,SELL,10052,2026-01-29 06:30:00,10053,2026-01-29 06:45:00,2955.33,2026-02-06 17:15:00,2041.4,810,41.258,0.463,30.925,win,False,7.204,SSL
48,ETHUSDT,BUY,10862,2026-02-06 17:00:00,10863,2026-02-06 17:15:00,2041.4,2026-02-09 10:30:00,2026.98,261,5.418,2.354,-0.706,win,False,5.064,BSL
49,ETHUSDT,SELL,11123,2026-02-09 10:15:00,11124,2026-02-09 10:30:00,2026.98,2026-02-09 19:15:00,2124.85,35,0.936,5.715,-4.828,lose,False,1.576,SSL
52,ETHUSDT,BUY,11527,2026-02-13 15:15:00,11528,2026-02-13 15:30:00,2038.73,2026-02-15 14:00:00,2001.2,186,3.35,2.292,-1.841,win,False,5.202,BSL
53,ETHUSDT,SELL,11713,2026-02-15 13:45:00,11714,2026-02-15 14:00:00,2001.2,2026-02-18 08:30:00,2029.29,266,3.716,1.852,-1.404,win,False,4.455,SSL
54,ETHUSDT,BUY,11979,2026-02-18 08:15:00,11980,2026-02-18 08:30:00,2029.29,2026-02-18 19:00:00,1951.37,42,0.035,4.06,-3.84,lose,False,5.691,BSL
55,ETHUSDT,SELL,12021,2026-02-18 18:45:00,12022,2026-02-18 19:00:00,1951.37,2026-02-21 11:00:00,1973.29,256,2.351,1.821,-1.123,win,False,2.015,SSL
57,ETHUSDT,SELL,12388,2026-02-22 14:30:00,12389,2026-02-22 14:45:00,1946.55,2026-02-25 02:15:00,1933.91,238,7.734,0.691,0.649,win,False,4.711,SSL
58,ETHUSDT,BUY,12626,2026-02-25 02:00:00,12627,2026-02-25 02:15:00,1933.91,2026-02-26 18:00:00,1987.44,159,11.171,2.94,2.768,win,False,10.904,BSL
59,ETHUSDT,SELL,12785,2026-02-26 17:45:00,12786,2026-02-26 18:00:00,1987.44,2026-02-28 21:45:00,1958.23,207,7.717,3.838,1.47,win,False,9.129,SSL
60,ETHUSDT,BUY,12992,2026-02-28 21:30:00,12993,2026-02-28 21:45:00,1958.23,2026-03-01 22:15:00,1944.79,98,4.925,2.672,-0.686,win,False,4.617,BSL
64,ETHUSDT,BUY,13327,2026-03-04 09:15:00,13328,2026-03-04 09:30:00,2075.44,2026-03-06 00:30:00,2071.8,156,5.976,1.939,-0.175,win,False,13.366,BSL
65,ETHUSDT,SELL,13483,2026-03-06 00:15:00,13484,2026-03-06 00:30:00,2071.8,2026-03-09 09:45:00,2014.94,325,7.972,0.994,2.744,win,False,5.804,SSL
66,ETHUSDT,BUY,13808,2026-03-09 09:30:00,13809,2026-03-09 09:45:00,2014.94,2026-03-14 07:30:00,2078.66,471,9.655,1.734,3.162,win,False,3.634,BSL
67,ETHUSDT,SELL,14279,2026-03-14 07:15:00,14280,2026-03-14 07:30:00,2078.66,2026-03-15 05:30:00,2108.4,88,0.893,1.813,-1.431,lose,False,2.601,SSL
68,ETHUSDT,BUY,14367,2026-03-15 05:15:00,14368,2026-03-15 05:30:00,2108.4,2026-03-18 12:30:00,2262.53,316,13.156,1.105,7.31,win,False,11.594,BSL
69,ETHUSDT,SELL,14683,2026-03-18 12:15:00,14684,2026-03-18 12:30:00,2262.53,2026-03-23 12:45:00,2144.18,481,10.65,0.0,5.231,win,False,10.517,SSL
70,ETHUSDT,BUY,15164,2026-03-23 12:30:00,15165,2026-03-23 12:45:00,2144.18,2026-03-26 07:00:00,2120.71,265,2.608,1.967,-1.095,win,False,1.98,BSL
71,ETHUSDT,SELL,15429,2026-03-26 06:45:00,15430,2026-03-26 07:00:00,2120.71,2026-03-28 15:45:00,2027.21,227,7.286,0.261,4.409,win,False,4.533,SSL
72,ETHUSDT,BUY,15656,2026-03-28 15:30:00,15657,2026-03-28 15:45:00,2027.21,2026-03-29 11:00:00,1994.88,77,0.087,1.926,-1.595,lose,False,2.937,BSL
73,ETHUSDT,SELL,15733,2026-03-29 10:45:00,15734,2026-03-29 11:00:00,1994.88,2026-03-30 04:30:00,2046.0,70,2.924,2.855,-2.563,win,False,9.468,SSL
74,ETHUSDT,BUY,15803,2026-03-30 04:15:00,15804,2026-03-30 04:30:00,2046.0,2026-04-02 03:45:00,2052.97,285,5.924,1.698,0.341,win,False,1.992,BSL
75,ETHUSDT,SELL,16088,2026-04-02 03:30:00,16089,2026-04-02 03:45:00,2052.97,2026-04-05 00:00:00,2064.43,273,1.823,1.512,-0.558,lose,False,1.729,SSL
76,ETHUSDT,BUY,16361,2026-04-04 23:45:00,16362,2026-04-05 00:00:00,2064.43,2026-04-05 07:45:00,2035.02,31,0.008,1.846,-1.425,lose,False,4.277,BSL
78,ETHUSDT,BUY,16454,2026-04-05 23:00:00,16455,2026-04-05 23:15:00,2096.4,2026-04-07 03:45:00,2107.99,114,3.721,0.482,0.553,win,False,2.686,BSL
79,ETHUSDT,SELL,16568,2026-04-07 03:30:00,16569,2026-04-07 03:45:00,2107.99,2026-04-07 22:45:00,2177.01,76,2.371,3.976,-3.274,win,False,2.892,SSL
80,ETHUSDT,BUY,16644,2026-04-07 22:30:00,16645,2026-04-07 22:45:00,2177.01,2026-04-09 08:00:00,2179.97,133,4.409,0.781,0.136,win,False,10.042,BSL
82,ETHUSDT,BUY,16897,2026-04-10 13:45:00,16898,2026-04-10 14:00:00,2221.64,2026-04-12 03:00:00,2222.26,148,4.877,0.726,0.028,win,False,1.677,BSL
83,ETHUSDT,SELL,17045,2026-04-12 02:45:00,17046,2026-04-12 03:00:00,2222.26,2026-04-13 19:30:00,2240.74,162,2.217,1.023,-0.832,win,False,2.467,SSL
84,ETHUSDT,BUY,17207,2026-04-13 19:15:00,17208,2026-04-13 19:30:00,2240.74,2026-04-15 03:00:00,2323.71,126,7.839,0.056,3.703,win,False,6.912,BSL
86,ETHUSDT,BUY,17424,2026-04-16 01:30:00,17425,2026-04-16 01:45:00,2353.64,2026-04-18 10:00:00,2374.59,225,4.683,3.014,0.89,win,False,4.637,BSL
87,ETHUSDT,SELL,17649,2026-04-18 09:45:00,17650,2026-04-18 10:00:00,2374.59,2026-04-20 20:15:00,2330.51,233,5.208,0.003,1.856,win,False,3.171,SSL
89,ETHUSDT,SELL,18105,2026-04-23 03:45:00,18106,2026-04-23 04:00:00,2339.62,2026-04-26 08:15:00,2331.82,305,2.407,0.774,0.333,win,False,1.683,SSL
90,ETHUSDT,BUY,18410,2026-04-26 08:00:00,18411,2026-04-26 08:15:00,2331.82,2026-04-27 07:00:00,2319.4,91,3.095,0.932,-0.533,win,False,3.329,BSL
92,ETHUSDT,BUY,18688,2026-04-29 05:30:00,18689,2026-04-29 05:45:00,2325.64,2026-04-29 17:00:00,2266.22,45,0.896,2.794,-2.555,lose,False,3.604,BSL
93,ETHUSDT,SELL,18733,2026-04-29 16:45:00,18734,2026-04-29 17:00:00,2266.22,2026-05-01 05:45:00,2282.87,147,2.091,1.27,-0.735,win,False,4.359,SSL
94,ETHUSDT,BUY,18880,2026-05-01 05:30:00,18881,2026-05-01 05:45:00,2282.87,2026-05-06 18:15:00,2348.46,530,6.117,0.537,2.873,win,False,1.811,BSL
95,ETHUSDT,SELL,19410,2026-05-06 18:00:00,19411,2026-05-06 18:15:00,2348.46,2026-05-09 04:00:00,2314.24,231,3.621,0.322,1.457,win,False,1.82,SSL
97,ETHUSDT,SELL,19920,2026-05-12 01:30:00,19921,2026-05-12 01:45:00,2307.55,2026-05-13 09:30:00,2317.27,127,2.271,0.62,-0.421,win,False,1.979,SSL
99,ETHUSDT,SELL,20069,2026-05-13 14:45:00,20070,2026-05-13 15:00:00,2266.43,2026-05-14 17:00:00,2315.13,104,1.475,2.267,-2.149,lose,False,1.78,SSL
104,ETHUSDT,BUY,21047,2026-05-23 19:15:00,21048,2026-05-23 19:30:00,2078.42,2026-05-26 03:15:00,2084.61,223,3.437,0.826,0.298,win,False,3.265,BSL
106,ETHUSDT,BUY,21614,2026-05-29 17:00:00,21615,2026-05-29 17:15:00,2041.51,2026-05-31 16:30:00,2006.09,189,0.107,1.993,-1.735,lose,False,14.168,BSL
108,ETHUSDT,BUY,22434,2026-06-07 06:00:00,22435,2026-06-07 06:15:00,1599.41,2026-06-09 16:45:00,1627.79,234,7.638,0.109,1.774,win,False,18.458,BSL
112,ETHUSDT,BUY,23169,2026-06-14 21:45:00,23170,2026-06-14 22:00:00,1717.9,2026-06-16 05:15:00,1761.46,125,7.619,0.55,2.536,win,False,10.287,BSL
114,ETHUSDT,BUY,23685,2026-06-20 06:45:00,23686,2026-06-20 07:00:00,1726.88,2026-06-21 23:45:00,1705.69,163,1.288,1.535,-1.227,lose,False,1.839,BSL
115,ETHUSDT,SELL,23848,2026-06-21 23:30:00,23849,2026-06-21 23:45:00,1705.69,2026-06-22 11:45:00,1762.68,48,0.107,3.477,-3.341,lose,False,2.783,SSL
116,ETHUSDT,BUY,23896,2026-06-22 11:30:00,23897,2026-06-22 11:45:00,1762.68,2026-06-23 05:30:00,1712.85,71,0.926,3.04,-2.827,lose,False,2.679,BSL
117,ETHUSDT,SELL,23967,2026-06-23 05:15:00,23968,2026-06-23 05:30:00,1712.85,2026-06-25 07:15:00,1652.28,199,9.449,0.095,3.536,win,False,3.19,SSL
118,ETHUSDT,BUY,24166,2026-06-25 07:00:00,24167,2026-06-25 07:15:00,1652.28,2026-06-25 14:00:00,1537.0,27,0.407,7.401,-6.977,lose,False,6.437,BSL
120,ETHUSDT,BUY,24387,2026-06-27 14:15:00,24388,2026-06-27 14:30:00,1593.42,2026-06-28 07:30:00,1570.38,68,1.068,1.998,-1.446,lose,False,10.369,BSL
126,ETHUSDT,BUY,25592,2026-07-10 03:30:00,25593,2026-07-10 03:45:00,1775.16,2026-07-12 01:00:00,1788.23,181,3.062,0.42,0.736,win,False,1.957,BSL
130,ETHUSDT,BUY,26013,2026-07-14 12:45:00,26014,2026-07-14 13:00:00,1860.7,2026-07-16 10:45:00,1887.39,183,4.625,0.36,1.434,win,False,1.823,BSL
133,ETHUSDT,SELL,26882,2026-07-23 14:00:00,26883,2026-07-23 14:15:00,1901.31,2026-07-25 19:45:00,1874.86,214,2.9,0.421,1.391,win,False,1.985,SSL
134,ETHUSDT,BUY,27096,2026-07-25 19:30:00,27097,2026-07-25 19:45:00,1874.86,2026-07-27 23:15:00,1889.76,206,5.715,0.441,0.795,win,False,24.316,BSL
140,ETHUSDT,BUY,28032,2026-08-04 13:30:00,28033,2026-08-04 13:45:00,1872.68,2026-08-10 14:15:00,1900.37,578,3.755,0.97,1.479,win,False,2.232,BSL
141,ETHUSDT,SELL,28610,2026-08-10 14:00:00,28611,2026-08-10 14:15:00,1900.37,2026-08-12 10:00:00,1905.1,175,2.534,0.454,-0.249,win,False,2.077,SSL
145,ETHUSDT,SELL,29769,2026-08-22 15:45:00,29770,2026-08-22 16:00:00,2410.36,2026-08-23 21:00:00,2449.22,116,2.281,3.118,-1.612,win,False,2.268,SSL
1,LINKUSDT,SELL,20,2025-10-16 18:30:00,21,2025-10-16 18:45:00,17.693,2025-10-19 10:45:00,17.106,256,11.36,0.43,3.318,win,False,,
2,LINKUSDT,BUY,276,2025-10-19 10:30:00,277,2025-10-19 10:45:00,17.106,2025-10-21 05:00:00,17.731,169,12.124,1.081,3.654,win,False,3.297,BSL
3,LINKUSDT,SELL,445,2025-10-21 04:45:00,446,2025-10-21 05:00:00,17.731,2025-10-24 07:30:00,17.687,298,5.865,6.926,0.248,win,False,8.214,SSL
4,LINKUSDT,BUY,743,2025-10-24 07:15:00,744,2025-10-24 07:30:00,17.687,2025-10-26 06:15:00,17.756,187,3.149,1.38,0.39,win,False,7.237,BSL
5,LINKUSDT,SELL,930,2025-10-26 06:00:00,931,2025-10-26 06:15:00,17.756,2025-10-26 12:00:00,18.309,23,0.107,3.272,-3.114,lose,False,1.678,SSL
6,LINKUSDT,BUY,953,2025-10-26 11:45:00,954,2025-10-26 12:00:00,18.309,2025-10-28 00:00:00,18.206,144,4.08,1.497,-0.563,win,False,3.594,BSL
8,LINKUSDT,BUY,1521,2025-11-01 09:45:00,1522,2025-11-01 10:00:00,17.334,2025-11-03 03:30:00,16.525,166,1.875,4.794,-4.667,lose,False,,
9,LINKUSDT,SELL,1687,2025-11-03 03:15:00,1688,2025-11-03 03:30:00,16.525,2025-11-05 23:15:00,15.176,271,17.18,0.079,8.163,win,False,,
10,LINKUSDT,BUY,1958,2025-11-05 23:00:00,1959,2025-11-05 23:15:00,15.176,2025-11-06 17:15:00,14.388,72,0.593,6.207,-5.192,lose,False,,
12,LINKUSDT,BUY,2127,2025-11-07 17:15:00,2128,2025-11-07 17:30:00,15.797,2025-11-09 02:45:00,15.195,133,2.633,4.355,-3.811,win,False,,
14,LINKUSDT,BUY,2313,2025-11-09 15:45:00,2314,2025-11-09 16:00:00,15.813,2025-11-11 19:45:00,15.669,207,6.172,1.454,-0.911,win,False,,
15,LINKUSDT,SELL,2520,2025-11-11 19:30:00,2521,2025-11-11 19:45:00,15.669,2025-11-12 12:00:00,16.107,65,3.159,3.306,-2.795,win,False,3.642,SSL
17,LINKUSDT,SELL,2605,2025-11-12 16:45:00,2606,2025-11-12 17:00:00,15.161,2025-11-13 07:45:00,15.879,59,1.675,5.626,-4.736,lose,False,6.18,SSL
18,LINKUSDT,BUY,2664,2025-11-13 07:30:00,2665,2025-11-13 07:45:00,15.879,2025-11-13 17:45:00,14.767,40,0.428,7.299,-7.003,lose,False,,
19,LINKUSDT,SELL,2704,2025-11-13 17:30:00,2705,2025-11-13 17:45:00,14.767,2025-11-18 23:30:00,13.802,503,11.627,0.352,6.535,win,False,3.677,SSL
21,LINKUSDT,SELL,3235,2025-11-19 06:15:00,3236,2025-11-19 06:30:00,13.275,2025-11-20 05:00:00,13.769,90,3.902,3.729,-3.721,win,False,,
22,LINKUSDT,BUY,3325,2025-11-20 04:45:00,3326,2025-11-20 05:00:00,13.769,2025-11-20 17:15:00,12.837,49,1.678,7.197,-6.769,lose,False,1.641,BSL
24,LINKUSDT,BUY,3609,2025-11-23 03:45:00,3610,2025-11-23 04:00:00,12.455,2025-11-28 19:15:00,13.155,541,8.936,1.309,5.62,win,False,6.592,BSL
25,LINKUSDT,SELL,4150,2025-11-28 19:00:00,4151,2025-11-28 19:15:00,13.155,2025-11-30 16:00:00,13.24,179,1.908,1.3,-0.646,lose,False,10.812,SSL
26,LINKUSDT,BUY,4329,2025-11-30 15:45:00,4330,2025-11-30 16:00:00,13.24,2025-12-01 00:30:00,12.49,34,1.307,6.088,-5.665,lose,False,,
27,LINKUSDT,SELL,4363,2025-12-01 00:15:00,4364,2025-12-01 00:30:00,12.49,2025-12-02 14:30:00,12.481,152,6.013,0.384,0.072,win,False,6.064,SSL
28,LINKUSDT,BUY,4515,2025-12-02 14:15:00,4516,2025-12-02 14:30:00,12.481,2025-12-05 06:15:00,14.21,255,19.55,0.184,13.853,win,False,,
29,LINKUSDT,SELL,4770,2025-12-05 06:00:00,4771,2025-12-05 06:15:00,14.21,2025-12-06 22:00:00,13.958,159,6.017,0.802,1.773,win,False,15.475,SSL
31,LINKUSDT,SELL,4997,2025-12-07 14:45:00,4998,2025-12-07 15:00:00,13.23,2025-12-09 16:15:00,14.726,197,0.469,11.534,-11.308,lose,False,9.214,SSL
33,LINKUSDT,SELL,5326,2025-12-11 01:00:00,5327,2025-12-11 01:15:00,13.79,2025-12-11 23:30:00,14.038,89,2.959,3.024,-1.798,win,False,2.524,SSL
34,LINKUSDT,BUY,5415,2025-12-11 23:15:00,5416,2025-12-11 23:30:00,14.038,2025-12-12 17:15:00,13.51,71,2.144,5.499,-3.761,win,False,,
35,LINKUSDT,SELL,5486,2025-12-12 17:00:00,5487,2025-12-12 17:15:00,13.51,2025-12-19 12:00:00,12.439,651,13.19,3.368,7.927,win,False,2.497,SSL
36,LINKUSDT,BUY,6137,2025-12-19 11:45:00,6138,2025-12-19 12:00:00,12.439,2025-12-21 14:00:00,12.244,200,2.516,1.809,-1.568,win,False,3.382,BSL
38,LINKUSDT,BUY,6420,2025-12-22 10:30:00,6421,2025-12-22 10:45:00,12.664,2025-12-23 08:00:00,12.327,85,2.298,3.538,-2.661,win,False,1.545,BSL
39,LINKUSDT,SELL,6505,2025-12-23 07:45:00,6506,2025-12-23 08:00:00,12.327,2025-12-26 07:30:00,12.454,286,2.847,1.72,-1.03,win,False,,
44,LINKUSDT,BUY,7412,2026-01-01 18:30:00,7413,2026-01-01 18:45:00,12.443,2026-01-07 15:45:00,13.389,564,14.37,0.121,7.603,win,False,5.475,BSL
45,LINKUSDT,SELL,7976,2026-01-07 15:30:00,7977,2026-01-07 15:45:00,13.389,2026-01-11 19:45:00,13.279,400,2.771,1.232,0.822,win,False,2.725,SSL
46,LINKUSDT,BUY,8376,2026-01-11 19:30:00,8377,2026-01-11 19:45:00,13.279,2026-01-12 22:30:00,13.049,107,1.792,2.854,-1.732,lose,False,1.699,BSL
47,LINKUSDT,SELL,8483,2026-01-12 22:15:00,8484,2026-01-12 22:30:00,13.049,2026-01-13 15:00:00,13.397,66,0.146,3.579,-2.667,lose,False,5.763,SSL
48,LINKUSDT,BUY,8549,2026-01-13 14:45:00,8550,2026-01-13 15:00:00,13.397,2026-01-15 07:00:00,13.847,160,7.517,0.433,3.359,win,False,5.469,BSL
49,LINKUSDT,SELL,8709,2026-01-15 06:45:00,8710,2026-01-15 07:00:00,13.847,2026-01-17 16:15:00,13.868,229,3.098,2.6,-0.152,win,False,11.194,SSL
50,LINKUSDT,BUY,8938,2026-01-17 16:00:00,8939,2026-01-17 16:15:00,13.868,2026-01-19 00:15:00,12.805,128,0.043,11.307,-7.665,lose,False,,
51,LINKUSDT,SELL,9066,2026-01-19 00:00:00,9067,2026-01-19 00:15:00,12.805,2026-01-22 05:45:00,12.485,310,7.193,1.484,2.499,win,False,3.967,SSL
54,LINKUSDT,BUY,9820,2026-01-26 20:30:00,9821,2026-01-26 20:45:00,11.902,2026-01-28 19:00:00,11.81,185,2.378,1.815,-0.773,win,False,2.82,BSL
55,LINKUSDT,SELL,10005,2026-01-28 18:45:00,10006,2026-01-28 19:00:00,11.81,2026-02-02 17:00:00,9.919,472,24.157,1.092,16.012,win,False,,
57,LINKUSDT,SELL,10577,2026-02-03 17:45:00,10578,2026-02-03 18:00:00,9.307,2026-02-06 17:00:00,8.801,284,23.531,6.253,5.437,win,False,3.349,SSL
58,LINKUSDT,BUY,10861,2026-02-06 16:45:00,10862,2026-02-06 17:00:00,8.801,2026-02-09 10:00:00,8.598,260,2.795,2.568,-2.307,win,False,12.014,BSL
62,LINKUSDT,BUY,11528,2026-02-13 15:30:00,11529,2026-02-13 15:45:00,8.723,2026-02-15 17:30:00,8.819,199,5.915,0.619,1.101,win,False,13.015,BSL
63,LINKUSDT,SELL,11727,2026-02-15 17:15:00,11728,2026-02-15 17:30:00,8.819,2026-02-20 16:15:00,8.89,475,5.454,1.996,-0.805,win,False,5.692,SSL
65,LINKUSDT,SELL,12386,2026-02-22 14:00:00,12387,2026-02-22 14:15:00,8.714,2026-02-25 02:15:00,8.614,240,7.62,0.7,1.148,win,False,6.447,SSL
66,LINKUSDT,BUY,12626,2026-02-25 02:00:00,12627,2026-02-25 02:15:00,8.614,2026-02-26 18:00:00,8.878,159,11.319,3.042,3.065,win,False,14.445,BSL
67,LINKUSDT,SELL,12785,2026-02-26 17:45:00,12786,2026-02-26 18:00:00,8.878,2026-02-28 21:45:00,8.798,207,7.603,4.674,0.901,win,False,8.175,SSL
68,LINKUSDT,BUY,12992,2026-02-28 21:30:00,12993,2026-02-28 21:45:00,8.798,2026-03-01 21:15:00,8.574,94,4.637,3.023,-2.546,win,False,5.702,BSL
72,LINKUSDT,BUY,13327,2026-03-04 09:15:00,13328,2026-03-04 09:30:00,9.217,2026-03-06 10:00:00,9.105,194,4.459,2.105,-1.215,win,False,3.865,BSL
73,LINKUSDT,SELL,13521,2026-03-06 09:45:00,13522,2026-03-06 10:00:00,9.105,2026-03-09 14:00:00,8.914,304,7.897,0.78,2.098,win,False,4.602,SSL
74,LINKUSDT,BUY,13825,2026-03-09 13:45:00,13826,2026-03-09 14:00:00,8.914,2026-03-12 05:30:00,8.841,254,2.984,0.987,-0.819,win,False,4.998,BSL
75,LINKUSDT,SELL,14079,2026-03-12 05:15:00,14080,2026-03-12 05:30:00,8.841,2026-03-13 00:15:00,9.12,75,0.011,3.156,-3.156,lose,False,4.547,SSL
76,LINKUSDT,BUY,14154,2026-03-13 00:00:00,14155,2026-03-13 00:15:00,9.12,2026-03-14 00:45:00,9.062,98,5.197,1.162,-0.636,win,False,2.626,BSL
77,LINKUSDT,SELL,14252,2026-03-14 00:30:00,14253,2026-03-14 00:45:00,9.062,2026-03-15 00:15:00,9.177,94,1.655,1.324,-1.269,lose,False,2.0,SSL
78,LINKUSDT,BUY,14346,2026-03-15 00:00:00,14347,2026-03-15 00:15:00,9.177,2026-03-18 12:30:00,9.489,337,9.807,0.752,3.4,win,False,7.424,BSL
79,LINKUSDT,SELL,14683,2026-03-18 12:15:00,14684,2026-03-18 12:30:00,9.489,2026-03-23 13:00:00,9.032,482,9.695,0.0,4.816,win,False,4.437,SSL
80,LINKUSDT,BUY,15165,2026-03-23 12:45:00,15166,2026-03-23 13:00:00,9.032,2026-03-26 06:00:00,9.098,260,5.104,0.476,0.731,win,False,2.89,BSL
81,LINKUSDT,SELL,15425,2026-03-26 05:45:00,15426,2026-03-26 06:00:00,9.098,2026-03-30 04:30:00,8.668,378,10.046,0.198,4.726,win,False,7.243,SSL
82,LINKUSDT,BUY,15803,2026-03-30 04:15:00,15804,2026-03-30 04:30:00,8.668,2026-04-02 02:45:00,8.592,281,6.057,1.961,-0.877,win,False,3.038,BSL
83,LINKUSDT,SELL,16084,2026-04-02 02:30:00,16085,2026-04-02 02:45:00,8.592,2026-04-04 19:15:00,8.763,258,2.048,2.502,-1.99,win,False,5.118,SSL
86,LINKUSDT,BUY,16457,2026-04-05 23:45:00,16458,2026-04-06 00:00:00,8.82,2026-04-07 00:30:00,8.826,98,3.776,1.156,0.068,win,False,3.862,BSL
87,LINKUSDT,SELL,16555,2026-04-07 00:15:00,16556,2026-04-07 00:30:00,8.826,2026-04-07 23:00:00,9.2,90,2.946,4.26,-4.237,win,False,2.216,SSL
88,LINKUSDT,BUY,16645,2026-04-07 22:45:00,16646,2026-04-07 23:00:00,9.2,2026-04-08 23:30:00,8.852,98,2.359,4.022,-3.783,win,False,2.582,BSL
89,LINKUSDT,SELL,16743,2026-04-08 23:15:00,16744,2026-04-08 23:30:00,8.852,2026-04-09 21:00:00,9.012,86,1.909,2.09,-1.808,lose,False,2.503,SSL
90,LINKUSDT,BUY,16829,2026-04-09 20:45:00,16830,2026-04-09 21:00:00,9.012,2026-04-12 02:15:00,8.796,213,3.04,3.029,-2.397,win,False,2.4,BSL
92,LINKUSDT,BUY,17208,2026-04-13 19:30:00,17209,2026-04-13 19:45:00,8.964,2026-04-14 21:00:00,9.0,101,5.254,0.469,0.402,win,False,5.282,BSL
95,LINKUSDT,SELL,17652,2026-04-18 10:30:00,17653,2026-04-18 10:45:00,9.398,2026-04-20 20:30:00,9.337,231,4.309,0.5,0.649,win,False,2.752,SSL
101,LINKUSDT,SELL,18504,2026-04-27 07:30:00,18505,2026-04-27 07:45:00,9.318,2026-04-29 06:15:00,9.357,186,1.91,0.848,-0.419,lose,False,1.512,SSL
102,LINKUSDT,BUY,18690,2026-04-29 06:00:00,18691,2026-04-29 06:15:00,9.357,2026-04-29 16:00:00,9.09,39,0.609,3.057,-2.853,lose,False,1.933,BSL
108,LINKUSDT,BUY,19154,2026-05-04 02:00:00,19155,2026-05-04 02:15:00,9.267,2026-05-08 00:30:00,9.868,377,10.575,0.151,6.485,win,False,2.923,BSL
110,LINKUSDT,BUY,19600,2026-05-08 17:30:00,19601,2026-05-08 17:45:00,10.256,2026-05-12 08:15:00,10.387,346,5.987,0.039,1.277,win,False,6.162,BSL
111,LINKUSDT,SELL,19946,2026-05-12 08:00:00,19947,2026-05-12 08:15:00,10.387,2026-05-13 05:15:00,10.461,84,2.879,1.04,-0.712,win,False,5.088,SSL
112,LINKUSDT,BUY,20030,2026-05-13 05:00:00,20031,2026-05-13 05:15:00,10.461,2026-05-13 15:00:00,10.208,39,3.26,3.221,-2.419,win,False,4.082,BSL
114,LINKUSDT,BUY,20169,2026-05-14 15:45:00,20170,2026-05-14 16:00:00,10.635,2026-05-15 06:45:00,10.291,59,1.26,4.1,-3.235,lose,False,2.379,BSL
115,LINKUSDT,SELL,20228,2026-05-15 06:30:00,20229,2026-05-15 06:45:00,10.291,2026-05-19 06:00:00,9.745,381,9.649,0.972,5.306,win,False,4.203,SSL
119,LINKUSDT,SELL,20953,2026-05-22 19:45:00,20954,2026-05-22 20:00:00,9.462,2026-05-23 21:00:00,9.753,100,4.523,3.097,-3.075,win,False,5.138,SSL
120,LINKUSDT,BUY,21053,2026-05-23 20:45:00,21054,2026-05-23 21:00:00,9.753,2026-05-24 21:30:00,9.353,98,0.277,4.286,-4.101,lose,False,11.637,BSL
121,LINKUSDT,SELL,21151,2026-05-24 21:15:00,21152,2026-05-24 21:30:00,9.353,2026-05-25 15:00:00,9.609,70,1.187,3.036,-2.737,lose,False,6.153,SSL
124,LINKUSDT,BUY,21648,2026-05-30 01:30:00,21649,2026-05-30 01:45:00,9.161,2026-05-31 17:15:00,9.026,158,1.626,1.648,-1.474,lose,False,4.592,BSL
126,LINKUSDT,BUY,22423,2026-06-07 03:15:00,22424,2026-06-07 03:30:00,7.576,2026-06-10 03:45:00,7.747,289,7.22,0.66,2.257,win,False,6.389,BSL
127,LINKUSDT,SELL,22712,2026-06-10 03:30:00,22713,2026-06-10 03:45:00,7.747,2026-06-11 12:15:00,7.836,130,3.498,1.949,-1.149,win,False,1.57,SSL
130,LINKUSDT,BUY,23171,2026-06-14 22:15:00,23172,2026-06-14 22:30:00,8.08,2026-06-17 11:15:00,8.139,243,6.658,0.099,0.73,win,False,6.339,BSL
134,LINKUSDT,BUY,23899,2026-06-22 12:15:00,23900,2026-06-22 12:30:00,8.113,2026-06-23 05:30:00,7.824,68,0.493,3.784,-3.562,lose,False,5.907,BSL
135,LINKUSDT,SELL,23967,2026-06-23 05:15:00,23968,2026-06-23 05:30:00,7.824,2026-06-25 08:00:00,7.532,202,9.049,0.166,3.732,win,False,4.248,SSL
136,LINKUSDT,BUY,24169,2026-06-25 07:45:00,24170,2026-06-25 08:00:00,7.532,2026-06-25 14:00:00,7.024,24,0.013,7.05,-6.745,lose,False,7.301,BSL
138,LINKUSDT,BUY,24335,2026-06-27 01:15:00,24336,2026-06-27 01:30:00,7.355,2026-06-28 03:30:00,7.296,104,1.604,1.536,-0.802,lose,False,1.597,BSL
144,LINKUSDT,BUY,25187,2026-07-05 22:15:00,25188,2026-07-05 22:30:00,8.124,2026-07-06 15:00:00,7.854,66,0.308,4.53,-3.323,lose,False,5.763,BSL
150,LINKUSDT,BUY,26014,2026-07-14 13:00:00,26015,2026-07-14 13:15:00,8.18,2026-07-17 00:00:00,8.337,235,5.526,0.0,1.919,win,False,5.039,BSL
151,LINKUSDT,SELL,26249,2026-07-16 23:45:00,26250,2026-07-17 00:00:00,8.337,2026-07-18 20:15:00,8.34,177,4.03,0.324,-0.036,win,False,5.374,SSL
153,LINKUSDT,SELL,26857,2026-07-23 07:45:00,26858,2026-07-23 08:00:00,8.53,2026-07-25 18:30:00,8.416,234,3.142,1.489,1.336,win,False,3.362,SSL
154,LINKUSDT,BUY,27091,2026-07-25 18:15:00,27092,2026-07-25 18:30:00,8.416,2026-07-27 20:00:00,8.632,198,5.989,0.76,2.567,win,False,13.851,BSL
155,LINKUSDT,SELL,27289,2026-07-27 19:45:00,27290,2026-07-27 20:00:00,8.632,2026-07-30 12:30:00,8.464,258,5.491,0.127,1.946,win,False,4.504,SSL
156,LINKUSDT,BUY,27547,2026-07-30 12:15:00,27548,2026-07-30 12:30:00,8.464,2026-07-31 10:00:00,8.247,86,0.874,2.623,-2.564,lose,False,2.04,BSL
157,LINKUSDT,SELL,27633,2026-07-31 09:45:00,27634,2026-07-31 10:00:00,8.247,2026-08-02 02:45:00,8.236,163,4.426,0.485,0.133,win,False,2.119,SSL
158,LINKUSDT,BUY,27796,2026-08-02 02:30:00,27797,2026-08-02 02:45:00,8.236,2026-08-03 12:30:00,8.175,135,2.635,0.959,-0.741,win,False,2.501,BSL
160,LINKUSDT,BUY,28242,2026-08-06 18:00:00,28243,2026-08-06 18:15:00,8.305,2026-08-10 01:00:00,8.183,315,1.108,2.456,-1.469,lose,False,1.65,BSL
161,LINKUSDT,SELL,28557,2026-08-10 00:45:00,28558,2026-08-10 01:00:00,8.183,2026-08-11 02:00:00,8.424,100,0.22,3.422,-2.945,lose,False,,
162,LINKUSDT,BUY,28657,2026-08-11 01:45:00,28658,2026-08-11 02:00:00,8.424,2026-08-23 03:00:00,11.54,1156,49.869,0.736,36.99,win,False,2.525,BSL
163,LINKUSDT,SELL,29813,2026-08-23 02:45:00,29814,2026-08-23 03:00:00,11.54,2026-08-25 01:15:00,11.701,186,4.35,2.192,-1.395,win,False,,
1,NEARUSDT,SELL,17,2025-10-16 17:45:00,18,2025-10-16 18:00:00,2.258,2025-10-19 11:30:00,2.229,262,8.99,0.266,1.284,win,False,,
2,NEARUSDT,BUY,279,2025-10-19 11:15:00,280,2025-10-19 11:30:00,2.229,2025-10-21 04:15:00,2.197,163,4.845,1.795,-1.436,win,False,,
3,NEARUSDT,SELL,442,2025-10-21 04:00:00,443,2025-10-21 04:15:00,2.197,2025-10-21 15:15:00,2.337,44,1.593,6.782,-6.372,lose,False,4.347,SSL
4,NEARUSDT,BUY,486,2025-10-21 15:00:00,487,2025-10-21 15:15:00,2.337,2025-10-22 06:15:00,2.204,60,1.113,6.333,-5.691,lose,False,,
5,NEARUSDT,SELL,546,2025-10-22 06:00:00,547,2025-10-22 06:15:00,2.204,2025-10-24 05:15:00,2.247,188,5.036,2.269,-1.951,win,False,2.155,SSL
6,NEARUSDT,BUY,734,2025-10-24 05:00:00,735,2025-10-24 05:15:00,2.247,2025-10-28 19:00:00,2.303,439,7.61,2.136,2.492,win,False,5.229,BSL
7,NEARUSDT,SELL,1173,2025-10-28 18:45:00,1174,2025-10-28 19:00:00,2.303,2025-10-29 14:15:00,2.311,77,4.559,0.825,-0.347,win,False,4.538,SSL
8,NEARUSDT,BUY,1250,2025-10-29 14:00:00,1251,2025-10-29 14:15:00,2.311,2025-10-30 10:15:00,2.206,80,1.558,5.193,-4.543,lose,False,,
9,NEARUSDT,SELL,1330,2025-10-30 10:00:00,1331,2025-10-30 10:15:00,2.206,2025-11-01 13:00:00,2.175,203,8.069,0.635,1.405,win,False,,
11,NEARUSDT,SELL,1688,2025-11-03 03:30:00,1689,2025-11-03 03:45:00,2.058,2025-11-05 18:30:00,1.938,251,16.472,0.534,5.831,win,False,,
13,NEARUSDT,SELL,2449,2025-11-11 01:45:00,2450,2025-11-11 02:00:00,2.746,2025-11-15 04:45:00,2.547,395,16.096,3.205,7.247,win,False,,
14,NEARUSDT,BUY,2844,2025-11-15 04:30:00,2845,2025-11-15 04:45:00,2.547,2025-11-16 00:15:00,2.39,78,2.945,6.203,-6.164,win,False,2.591,BSL
15,NEARUSDT,SELL,2922,2025-11-16 00:00:00,2923,2025-11-16 00:15:00,2.39,2025-11-20 00:15:00,2.368,384,10.167,7.155,0.921,win,False,,
16,NEARUSDT,BUY,3306,2025-11-20 00:00:00,3307,2025-11-20 00:15:00,2.368,2025-11-20 17:00:00,2.15,67,1.858,9.797,-9.206,lose,False,19.383,BSL
17,NEARUSDT,SELL,3373,2025-11-20 16:45:00,3374,2025-11-20 17:00:00,2.15,2025-11-24 17:00:00,1.938,384,16.465,0.884,9.86,win,False,,
18,NEARUSDT,BUY,3757,2025-11-24 16:45:00,3758,2025-11-24 17:00:00,1.938,2025-11-25 09:30:00,1.84,66,2.477,5.108,-5.057,win,False,45.872,BSL
21,NEARUSDT,SELL,4083,2025-11-28 02:15:00,4084,2025-11-28 02:30:00,1.867,2025-12-02 10:45:00,1.697,417,15.212,4.713,9.106,win,False,2.678,SSL
22,NEARUSDT,BUY,4500,2025-12-02 10:30:00,4501,2025-12-02 10:45:00,1.697,2025-12-04 19:45:00,1.785,228,11.844,0.059,5.186,win,False,9.586,BSL
23,NEARUSDT,SELL,4728,2025-12-04 19:30:00,4729,2025-12-04 19:45:00,1.785,2025-12-07 21:00:00,1.767,293,8.291,1.793,1.008,win,False,11.597,SSL
24,NEARUSDT,BUY,5021,2025-12-07 20:45:00,5022,2025-12-07 21:00:00,1.767,2025-12-09 09:45:00,1.711,147,1.981,4.754,-3.169,lose,False,2.405,BSL
25,NEARUSDT,SELL,5168,2025-12-09 09:30:00,5169,2025-12-09 09:45:00,1.711,2025-12-09 16:00:00,1.834,25,0.058,7.656,-7.189,lose,False,7.773,SSL
26,NEARUSDT,BUY,5193,2025-12-09 15:45:00,5194,2025-12-09 16:00:00,1.834,2025-12-10 09:30:00,1.756,70,2.781,4.526,-4.253,win,False,3.359,BSL
27,NEARUSDT,SELL,5263,2025-12-10 09:15:00,5264,2025-12-10 09:30:00,1.756,2025-12-13 11:00:00,1.676,294,9.909,6.15,4.556,win,False,10.137,SSL
28,NEARUSDT,BUY,5557,2025-12-13 10:45:00,5558,2025-12-13 11:00:00,1.676,2025-12-14 07:30:00,1.63,82,0.477,3.043,-2.745,lose,False,3.043,BSL
29,NEARUSDT,SELL,5639,2025-12-14 07:15:00,5640,2025-12-14 07:30:00,1.63,2025-12-16 21:30:00,1.59,248,8.773,0.982,2.454,win,False,3.19,SSL
31,NEARUSDT,SELL,5972,2025-12-17 18:30:00,5973,2025-12-17 18:45:00,1.485,2025-12-18 16:00:00,1.567,85,2.29,7.003,-5.522,win,False,,
32,NEARUSDT,BUY,6057,2025-12-18 15:45:00,6058,2025-12-18 16:00:00,1.567,2025-12-18 21:45:00,1.425,23,2.106,9.317,-9.062,win,False,2.84,BSL
33,NEARUSDT,SELL,6080,2025-12-18 21:30:00,6081,2025-12-18 21:45:00,1.425,2025-12-19 16:45:00,1.542,76,1.474,8.491,-8.211,lose,False,,
34,NEARUSDT,BUY,6156,2025-12-19 16:30:00,6157,2025-12-19 16:45:00,1.542,2025-12-21 13:45:00,1.468,180,1.167,4.929,-4.799,lose,False,4.507,BSL
35,NEARUSDT,SELL,6336,2025-12-21 13:30:00,6337,2025-12-21 13:45:00,1.468,2025-12-22 06:45:00,1.532,68,1.022,5.109,-4.36,lose,False,4.223,SSL
36,NEARUSDT,BUY,6404,2025-12-22 06:30:00,6405,2025-12-22 06:45:00,1.532,2025-12-23 02:30:00,1.503,79,3.525,2.742,-1.893,win,False,5.189,BSL
37,NEARUSDT,SELL,6483,2025-12-23 02:15:00,6484,2025-12-23 02:30:00,1.503,2025-12-25 05:00:00,1.509,202,4.591,1.863,-0.399,win,False,3.555,SSL
39,NEARUSDT,SELL,6762,2025-12-26 00:00:00,6763,2025-12-26 00:15:00,1.436,2025-12-26 03:45:00,1.524,14,0.418,7.382,-6.128,lose,False,2.089,SSL
40,NEARUSDT,BUY,6776,2025-12-26 03:30:00,6777,2025-12-26 03:45:00,1.524,2025-12-28 22:00:00,1.559,265,5.971,2.559,2.297,win,False,3.5,BSL
41,NEARUSDT,SELL,7041,2025-12-28 21:45:00,7042,2025-12-28 22:00:00,1.559,2026-01-01 14:15:00,1.555,353,5.901,3.335,0.257,win,False,3.175,SSL
42,NEARUSDT,BUY,7394,2026-01-01 14:00:00,7395,2026-01-01 14:15:00,1.555,2026-01-07 13:45:00,1.753,574,18.328,0.772,12.733,win,False,7.395,BSL
43,NEARUSDT,SELL,7968,2026-01-07 13:30:00,7969,2026-01-07 13:45:00,1.753,2026-01-12 03:15:00,1.763,438,5.533,0.627,-0.57,win,False,4.952,SSL
44,NEARUSDT,BUY,8406,2026-01-12 03:00:00,8407,2026-01-12 03:15:00,1.763,2026-01-12 13:15:00,1.662,40,0.34,5.842,-5.729,lose,False,7.521,BSL
45,NEARUSDT,SELL,8446,2026-01-12 13:00:00,8447,2026-01-12 13:15:00,1.662,2026-01-13 09:15:00,1.745,80,1.143,5.475,-4.994,lose,False,2.086,SSL
46,NEARUSDT,BUY,8526,2026-01-13 09:00:00,8527,2026-01-13 09:15:00,1.745,2026-01-15 03:45:00,1.748,170,8.539,0.287,0.172,win,False,8.63,BSL
47,NEARUSDT,SELL,8696,2026-01-15 03:30:00,8697,2026-01-15 03:45:00,1.748,2026-01-17 07:45:00,1.767,208,4.348,3.661,-1.087,win,False,4.68,SSL
48,NEARUSDT,BUY,8904,2026-01-17 07:30:00,8905,2026-01-17 07:45:00,1.767,2026-01-18 04:00:00,1.721,81,2.377,2.999,-2.603,win,False,2.462,BSL
49,NEARUSDT,SELL,8985,2026-01-18 03:45:00,8986,2026-01-18 04:00:00,1.721,2026-01-27 22:15:00,1.491,937,18.187,1.162,13.364,win,False,15.772,SSL
51,NEARUSDT,SELL,10053,2026-01-29 06:45:00,10054,2026-01-29 07:00:00,1.453,2026-02-02 16:45:00,1.232,423,24.983,0.069,15.21,win,False,,
52,NEARUSDT,BUY,10476,2026-02-02 16:30:00,10477,2026-02-02 16:45:00,1.232,2026-02-03 17:45:00,1.151,100,0.325,6.575,-6.575,lose,False,20.26,BSL
53,NEARUSDT,SELL,10576,2026-02-03 17:30:00,10577,2026-02-03 17:45:00,1.151,2026-02-06 16:15:00,1.077,282,27.02,7.385,6.429,win,False,,
54,NEARUSDT,BUY,10858,2026-02-06 16:00:00,10859,2026-02-06 16:15:00,1.077,2026-02-08 19:30:00,1.048,205,3.343,4.457,-2.693,win,False,37.567,BSL
55,NEARUSDT,SELL,11063,2026-02-08 19:15:00,11064,2026-02-08 19:30:00,1.048,2026-02-09 23:30:00,1.032,112,6.011,1.431,1.527,win,False,,
56,NEARUSDT,BUY,11175,2026-02-09 23:15:00,11176,2026-02-09 23:30:00,1.032,2026-02-10 07:45:00,0.997,33,0.484,4.845,-3.391,lose,False,6.896,BSL
61,NEARUSDT,SELL,11736,2026-02-15 19:30:00,11737,2026-02-15 19:45:00,1.038,2026-02-20 18:30:00,1.038,475,5.588,3.468,0.0,win,False,1.773,SSL
62,NEARUSDT,BUY,12211,2026-02-20 18:15:00,12212,2026-02-20 18:30:00,1.038,2026-02-22 02:30:00,1.034,128,6.744,0.578,-0.385,win,False,6.278,BSL
63,NEARUSDT,SELL,12339,2026-02-22 02:15:00,12340,2026-02-22 02:30:00,1.034,2026-02-25 09:15:00,1.012,315,8.027,0.193,2.128,win,False,6.02,SSL
64,NEARUSDT,BUY,12654,2026-02-25 09:00:00,12655,2026-02-25 09:15:00,1.012,2026-02-26 16:45:00,1.1,126,24.704,0.395,8.696,win,False,46.403,BSL
65,NEARUSDT,SELL,12780,2026-02-26 16:30:00,12781,2026-02-26 16:45:00,1.1,2026-02-28 21:30:00,1.15,211,6.636,5.636,-4.545,win,False,,
66,NEARUSDT,BUY,12991,2026-02-28 21:15:00,12992,2026-02-28 21:30:00,1.15,2026-03-05 00:15:00,1.293,395,26.348,3.304,12.435,win,False,28.835,BSL
67,NEARUSDT,SELL,13386,2026-03-05 00:00:00,13387,2026-03-05 00:15:00,1.293,2026-03-08 14:30:00,1.23,345,7.734,2.707,4.872,win,False,9.384,SSL
70,NEARUSDT,BUY,14355,2026-03-15 02:15:00,14356,2026-03-15 02:30:00,1.344,2026-03-18 14:00:00,1.407,334,12.277,1.488,4.687,win,False,2.108,BSL
71,NEARUSDT,SELL,14689,2026-03-18 13:45:00,14690,2026-03-18 14:00:00,1.407,2026-03-23 18:30:00,1.302,498,11.158,0.142,7.463,win,False,2.594,SSL
73,NEARUSDT,SELL,15333,2026-03-25 06:45:00,15334,2026-03-25 07:00:00,1.276,2026-03-30 04:30:00,1.196,470,11.52,2.743,6.27,win,False,4.99,SSL
74,NEARUSDT,BUY,15803,2026-03-30 04:15:00,15804,2026-03-30 04:30:00,1.196,2026-03-30 18:30:00,1.163,56,2.341,3.344,-2.759,win,False,2.94,BSL
75,NEARUSDT,SELL,15859,2026-03-30 18:15:00,15860,2026-03-30 18:30:00,1.163,2026-03-31 17:00:00,1.195,90,1.29,3.439,-2.752,lose,False,,
78,NEARUSDT,BUY,16195,2026-04-03 06:15:00,16196,2026-04-03 06:30:00,1.189,2026-04-05 20:30:00,1.231,248,8.242,0.084,3.532,win,False,3.546,BSL
79,NEARUSDT,SELL,16443,2026-04-05 20:15:00,16444,2026-04-05 20:30:00,1.231,2026-04-06 02:45:00,1.266,25,0.731,3.574,-2.843,lose,False,,
80,NEARUSDT,BUY,16468,2026-04-06 02:30:00,16469,2026-04-06 02:45:00,1.266,2026-04-07 00:45:00,1.239,88,2.844,2.449,-2.133,win,False,3.495,BSL
82,NEARUSDT,BUY,16641,2026-04-07 21:45:00,16642,2026-04-07 22:00:00,1.307,2026-04-12 04:15:00,1.338,409,8.952,1.76,2.372,win,False,6.58,BSL
84,NEARUSDT,BUY,17156,2026-04-13 06:30:00,17157,2026-04-13 06:45:00,1.388,2026-04-14 18:45:00,1.366,144,3.602,1.945,-1.585,win,False,2.697,BSL
86,NEARUSDT,BUY,17377,2026-04-15 13:45:00,17378,2026-04-15 14:00:00,1.384,2026-04-18 14:15:00,1.38,289,4.191,1.373,-0.289,win,False,2.993,BSL
87,NEARUSDT,SELL,17666,2026-04-18 14:00:00,17667,2026-04-18 14:15:00,1.38,2026-04-21 09:30:00,1.379,269,4.275,0.652,0.072,win,False,1.969,SSL
89,NEARUSDT,SELL,18109,2026-04-23 04:45:00,18110,2026-04-23 05:00:00,1.383,2026-04-24 06:30:00,1.414,102,1.012,2.386,-2.242,lose,False,3.991,SSL
92,NEARUSDT,BUY,18690,2026-04-29 06:00:00,18691,2026-04-29 06:15:00,1.367,2026-04-29 16:15:00,1.32,40,0.366,3.804,-3.438,lose,False,13.35,BSL
93,NEARUSDT,SELL,18730,2026-04-29 16:00:00,18731,2026-04-29 16:15:00,1.32,2026-05-05 21:15:00,1.312,596,5.758,1.591,0.606,win,False,6.989,SSL
94,NEARUSDT,BUY,19326,2026-05-05 21:00:00,19327,2026-05-05 21:15:00,1.312,2026-05-11 03:30:00,1.526,505,24.314,1.905,16.311,win,False,18.102,BSL
98,NEARUSDT,BUY,20424,2026-05-17 07:30:00,20425,2026-05-17 07:45:00,1.533,2026-05-18 08:00:00,1.483,97,1.696,4.631,-3.262,lose,False,1.935,BSL
99,NEARUSDT,SELL,20521,2026-05-18 07:45:00,20522,2026-05-18 08:00:00,1.483,2026-05-18 20:15:00,1.584,49,0.405,7.215,-6.811,lose,False,,
100,NEARUSDT,BUY,20570,2026-05-18 20:00:00,20571,2026-05-18 20:15:00,1.584,2026-05-20 03:00:00,1.583,123,6.503,0.568,-0.063,win,False,6.414,BSL
101,NEARUSDT,SELL,20693,2026-05-20 02:45:00,20694,2026-05-20 03:00:00,1.583,2026-05-20 07:15:00,1.655,17,0.253,5.559,-4.548,lose,False,,
102,NEARUSDT,BUY,20710,2026-05-20 07:00:00,20711,2026-05-20 07:15:00,1.655,2026-05-27 02:00:00,2.526,651,79.94,1.692,52.628,win,False,1.849,BSL
103,NEARUSDT,SELL,21361,2026-05-27 01:45:00,21362,2026-05-27 02:00:00,2.526,2026-05-29 07:15:00,2.532,213,10.174,8.393,-0.238,win,False,32.132,SSL
104,NEARUSDT,BUY,21574,2026-05-29 07:00:00,21575,2026-05-29 07:15:00,2.532,2026-05-30 04:30:00,2.306,85,3.949,9.202,-8.926,win,False,8.531,BSL
105,NEARUSDT,SELL,21659,2026-05-30 04:15:00,21660,2026-05-30 04:30:00,2.306,2026-06-01 12:30:00,2.394,224,4.206,5.941,-3.816,win,False,25.658,SSL
106,NEARUSDT,BUY,21883,2026-06-01 12:15:00,21884,2026-06-01 12:30:00,2.394,2026-06-04 07:15:00,2.429,267,28.864,2.632,1.462,win,False,14.787,BSL
107,NEARUSDT,SELL,22150,2026-06-04 07:00:00,22151,2026-06-04 07:15:00,2.429,2026-06-07 17:15:00,2.072,328,26.142,2.47,14.697,win,False,5.805,SSL
108,NEARUSDT,BUY,22478,2026-06-07 17:00:00,22479,2026-06-07 17:15:00,2.072,2026-06-10 17:30:00,2.043,289,9.266,5.695,-1.4,win,False,,
109,NEARUSDT,SELL,22767,2026-06-10 17:15:00,22768,2026-06-10 17:30:00,2.043,2026-06-13 16:30:00,2.101,284,5.678,7.0,-2.839,win,False,16.087,SSL
110,NEARUSDT,BUY,23051,2026-06-13 16:15:00,23052,2026-06-13 16:30:00,2.101,2026-06-16 16:30:00,2.34,288,21.942,1.904,11.376,win,False,3.344,BSL
111,NEARUSDT,SELL,23339,2026-06-16 16:15:00,23340,2026-06-16 16:30:00,2.34,2026-06-21 05:15:00,2.189,435,10.983,2.051,6.453,win,False,11.043,SSL
112,NEARUSDT,BUY,23774,2026-06-21 05:00:00,23775,2026-06-21 05:15:00,2.189,2026-06-21 23:00:00,2.115,71,4.111,4.34,-3.381,win,False,4.591,BSL
113,NEARUSDT,SELL,23845,2026-06-21 22:45:00,23846,2026-06-21 23:00:00,2.115,2026-06-27 15:15:00,1.897,545,17.21,3.924,10.307,win,False,1.579,SSL
114,NEARUSDT,BUY,24390,2026-06-27 15:00:00,24391,2026-06-27 15:15:00,1.897,2026-06-30 13:15:00,1.763,280,3.005,7.38,-7.064,win,False,,
115,NEARUSDT,SELL,24670,2026-06-30 13:00:00,24671,2026-06-30 13:15:00,1.763,2026-07-01 22:15:00,1.873,132,2.382,6.466,-6.239,win,False,2.76,SSL
116,NEARUSDT,BUY,24802,2026-07-01 22:00:00,24803,2026-07-01 22:15:00,1.873,2026-07-04 10:45:00,1.959,242,12.92,3.897,4.592,win,False,4.351,BSL
117,NEARUSDT,SELL,25044,2026-07-04 10:30:00,25045,2026-07-04 10:45:00,1.959,2026-07-05 22:30:00,2.034,143,1.94,4.441,-3.828,lose,False,2.527,SSL
119,NEARUSDT,SELL,25393,2026-07-08 01:45:00,25394,2026-07-08 02:00:00,1.919,2026-07-09 19:45:00,1.925,167,4.065,1.459,-0.313,win,False,7.285,SSL
120,NEARUSDT,BUY,25560,2026-07-09 19:30:00,25561,2026-07-09 19:45:00,1.925,2026-07-10 17:15:00,1.897,86,2.182,2.494,-1.455,win,False,7.61,BSL
121,NEARUSDT,SELL,25646,2026-07-10 17:00:00,25647,2026-07-10 17:15:00,1.897,2026-07-13 12:00:00,1.914,267,2.319,2.161,-0.896,win,False,2.293,SSL
122,NEARUSDT,BUY,25913,2026-07-13 11:45:00,25914,2026-07-13 12:00:00,1.914,2026-07-16 23:30:00,1.962,334,10.031,2.038,2.508,win,False,3.004,BSL
123,NEARUSDT,SELL,26247,2026-07-16 23:15:00,26248,2026-07-16 23:30:00,1.962,2026-07-20 13:45:00,1.981,345,4.638,2.294,-0.968,win,False,3.885,SSL
124,NEARUSDT,BUY,26592,2026-07-20 13:30:00,26593,2026-07-20 13:45:00,1.981,2026-07-21 17:00:00,1.938,109,4.139,2.776,-2.171,win,False,4.88,BSL
126,NEARUSDT,BUY,27209,2026-07-26 23:45:00,27210,2026-07-27 00:00:00,1.837,2026-07-27 16:15:00,1.772,65,1.198,3.647,-3.538,lose,False,5.825,BSL
127,NEARUSDT,SELL,27274,2026-07-27 16:00:00,27275,2026-07-27 16:15:00,1.772,2026-07-30 13:30:00,1.654,277,11.456,0.79,6.659,win,False,8.409,SSL
128,NEARUSDT,BUY,27551,2026-07-30 13:15:00,27552,2026-07-30 13:30:00,1.654,2026-08-05 03:45:00,1.699,537,6.892,1.391,2.721,win,False,2.096,BSL
130,NEARUSDT,BUY,28517,2026-08-09 14:45:00,28518,2026-08-09 15:00:00,1.623,2026-08-10 20:00:00,1.605,116,2.834,1.91,-1.109,win,False,2.631,BSL
132,NEARUSDT,BUY,28746,2026-08-12 00:00:00,28747,2026-08-12 00:15:00,1.623,2026-08-14 02:45:00,1.617,202,3.697,0.863,-0.37,win,False,2.631,BSL
133,NEARUSDT,SELL,28948,2026-08-14 02:30:00,28949,2026-08-14 02:45:00,1.617,2026-08-15 01:15:00,1.65,90,2.226,2.103,-2.041,win,False,,
135,NEARUSDT,SELL,29134,2026-08-16 01:00:00,29135,2026-08-16 01:15:00,1.613,2026-08-17 06:00:00,1.634,115,1.922,1.984,-1.302,lose,False,1.835,SSL
136,NEARUSDT,BUY,29249,2026-08-17 05:45:00,29250,2026-08-17 06:00:00,1.634,2026-08-18 21:45:00,1.592,159,1.958,3.121,-2.57,lose,False,1.94,BSL
138,NEARUSDT,BUY,29477,2026-08-19 14:45:00,29478,2026-08-19 15:00:00,1.638,2026-08-22 12:30:00,1.916,278,31.136,3.053,16.972,win,False,7.769,BSL
139,NEARUSDT,SELL,29755,2026-08-22 12:15:00,29756,2026-08-22 12:30:00,1.916,2026-08-23 12:15:00,1.946,95,5.898,3.079,-1.566,win,False,,
140,NEARUSDT,BUY,29850,2026-08-23 12:00:00,29851,2026-08-23 12:15:00,1.946,2026-08-25 01:15:00,1.949,149,6.629,2.055,0.154,win,False,,
1,SOLUSDT,SELL,20,2025-10-16 18:30:00,21,2025-10-16 18:45:00,189.14,2025-10-18 15:45:00,185.0,180,8.005,0.328,2.189,win,False,,
2,SOLUSDT,BUY,200,2025-10-18 15:30:00,201,2025-10-18 15:45:00,185.0,2025-10-20 19:15:00,187.88,206,5.103,1.049,1.557,win,False,1.519,BSL
3,SOLUSDT,SELL,406,2025-10-20 19:00:00,407,2025-10-20 19:15:00,187.88,2025-10-21 15:45:00,196.66,82,2.784,4.764,-4.673,win,False,2.518,SSL
4,SOLUSDT,BUY,488,2025-10-21 15:30:00,489,2025-10-21 15:45:00,196.66,2025-10-22 05:45:00,184.2,56,0.524,6.88,-6.336,lose,False,,
5,SOLUSDT,SELL,544,2025-10-22 05:30:00,545,2025-10-22 05:45:00,184.2,2025-10-23 08:00:00,187.41,105,3.99,2.03,-1.743,win,False,,
6,SOLUSDT,BUY,649,2025-10-23 07:45:00,650,2025-10-23 08:00:00,187.41,2025-10-28 20:30:00,193.11,530,9.546,0.486,3.041,win,False,5.248,BSL
8,SOLUSDT,BUY,1247,2025-10-29 13:15:00,1248,2025-10-29 13:30:00,201.13,2025-10-30 10:30:00,191.91,84,0.094,6.091,-4.584,lose,False,,
9,SOLUSDT,SELL,1331,2025-10-30 10:15:00,1332,2025-10-30 10:30:00,191.91,2025-11-05 19:45:00,163.05,613,24.095,0.333,15.038,win,False,,
11,SOLUSDT,SELL,2035,2025-11-06 18:15:00,2036,2025-11-06 18:30:00,155.96,2025-11-07 19:00:00,162.03,98,4.02,4.431,-3.892,win,False,1.593,SSL
12,SOLUSDT,BUY,2133,2025-11-07 18:45:00,2134,2025-11-07 19:00:00,162.03,2025-11-08 16:00:00,156.61,84,1.722,3.833,-3.345,lose,False,1.577,BSL
13,SOLUSDT,SELL,2217,2025-11-08 15:45:00,2218,2025-11-08 16:00:00,156.61,2025-11-09 15:45:00,163.5,95,1.022,4.674,-4.399,lose,False,4.227,SSL
14,SOLUSDT,BUY,2312,2025-11-09 15:30:00,2313,2025-11-09 15:45:00,163.5,2025-11-11 16:30:00,160.19,195,5.119,2.141,-2.024,win,False,3.095,BSL
15,SOLUSDT,SELL,2507,2025-11-11 16:15:00,2508,2025-11-11 16:30:00,160.19,2025-11-18 11:45:00,137.97,653,19.658,0.506,13.871,win,False,6.367,SSL
16,SOLUSDT,BUY,3160,2025-11-18 11:30:00,3161,2025-11-18 11:45:00,137.97,2025-11-19 17:15:00,132.31,118,3.465,4.247,-4.102,win,False,4.271,BSL
17,SOLUSDT,SELL,3278,2025-11-19 17:00:00,3279,2025-11-19 17:15:00,132.31,2025-11-20 02:30:00,142.94,37,1.413,8.964,-8.034,lose,False,,
20,SOLUSDT,BUY,3611,2025-11-23 04:15:00,3612,2025-11-23 04:30:00,130.77,2025-11-28 03:45:00,139.3,477,10.652,2.111,6.523,win,False,10.012,BSL
21,SOLUSDT,SELL,4088,2025-11-28 03:30:00,4089,2025-11-28 03:45:00,139.3,2025-11-30 16:15:00,138.78,242,3.367,3.058,0.373,win,False,2.708,SSL
23,SOLUSDT,SELL,4363,2025-12-01 00:15:00,4364,2025-12-01 00:30:00,129.87,2025-12-02 14:00:00,130.54,150,5.251,0.839,-0.516,win,False,3.415,SSL
24,SOLUSDT,BUY,4513,2025-12-02 13:45:00,4514,2025-12-02 14:00:00,130.54,2025-12-04 20:30:00,139.3,218,12.51,0.184,6.711,win,False,7.879,BSL
25,SOLUSDT,SELL,4731,2025-12-04 20:15:00,4732,2025-12-04 20:30:00,139.3,2025-12-07 19:45:00,135.77,285,8.435,1.019,2.534,win,False,11.493,SSL
26,SOLUSDT,BUY,5016,2025-12-07 19:30:00,5017,2025-12-07 19:45:00,135.77,2025-12-09 00:00:00,133.18,113,2.6,4.478,-1.908,win,False,3.123,BSL
28,SOLUSDT,BUY,5195,2025-12-09 16:15:00,5196,2025-12-09 16:30:00,141.41,2025-12-11 00:45:00,134.18,129,2.468,5.452,-5.113,win,False,2.006,BSL
29,SOLUSDT,SELL,5324,2025-12-11 00:30:00,5325,2025-12-11 00:45:00,134.18,2025-12-11 21:15:00,137.02,82,3.928,2.668,-2.117,win,False,3.141,SSL
30,SOLUSDT,BUY,5406,2025-12-11 21:00:00,5407,2025-12-11 21:15:00,137.02,2025-12-12 16:45:00,131.86,78,2.241,4.08,-3.766,win,False,3.51,BSL
34,SOLUSDT,BUY,6121,2025-12-19 07:45:00,6122,2025-12-19 08:00:00,124.37,2025-12-21 14:00:00,123.57,216,2.806,0.86,-0.643,win,False,3.596,BSL
35,SOLUSDT,SELL,6337,2025-12-21 13:45:00,6338,2025-12-21 14:00:00,123.57,2025-12-22 14:00:00,126.96,96,0.121,3.998,-2.743,lose,False,5.856,SSL
37,SOLUSDT,SELL,6517,2025-12-23 10:45:00,6518,2025-12-23 11:00:00,124.77,2025-12-25 18:30:00,123.76,222,3.414,0.665,0.809,win,False,6.762,SSL
39,SOLUSDT,SELL,6762,2025-12-26 00:00:00,6763,2025-12-26 00:15:00,120.05,2025-12-26 13:00:00,123.93,51,0.75,3.565,-3.232,lose,False,3.096,SSL
42,SOLUSDT,BUY,7251,2025-12-31 02:15:00,7252,2025-12-31 02:30:00,125.56,2026-01-07 15:45:00,135.65,725,14.248,1.704,8.036,win,False,2.615,BSL
43,SOLUSDT,SELL,7976,2026-01-07 15:30:00,7977,2026-01-07 15:45:00,135.65,2026-01-08 22:15:00,139.92,122,2.322,3.199,-3.148,win,False,1.799,SSL
46,SOLUSDT,BUY,8356,2026-01-11 14:30:00,8357,2026-01-11 14:45:00,138.1,2026-01-15 19:00:00,141.47,401,7.748,0.456,2.44,win,False,2.701,BSL
47,SOLUSDT,SELL,8757,2026-01-15 18:45:00,8758,2026-01-15 19:00:00,141.47,2026-01-16 23:00:00,144.87,112,0.919,2.849,-2.403,lose,False,8.671,SSL
50,SOLUSDT,BUY,9342,2026-01-21 21:00:00,9343,2026-01-21 21:15:00,131.0,2026-01-22 17:00:00,127.81,79,0.832,3.313,-2.435,lose,False,,
52,SOLUSDT,BUY,9814,2026-01-26 19:00:00,9815,2026-01-26 19:15:00,124.6,2026-01-29 03:30:00,122.78,225,2.97,1.565,-1.461,win,False,2.466,BSL
54,SOLUSDT,BUY,10862,2026-02-06 17:00:00,10863,2026-02-06 17:15:00,86.63,2026-02-09 09:15:00,84.49,256,3.59,3.313,-2.47,win,False,8.702,BSL
56,SOLUSDT,BUY,11161,2026-02-09 19:45:00,11162,2026-02-09 20:00:00,87.89,2026-02-10 11:00:00,84.17,60,0.444,4.301,-4.233,lose,False,1.63,BSL
57,SOLUSDT,SELL,11221,2026-02-10 10:45:00,11222,2026-02-10 11:00:00,84.17,2026-02-13 15:30:00,83.61,306,9.065,1.2,0.665,win,False,20.47,SSL
62,SOLUSDT,BUY,12171,2026-02-20 08:15:00,12172,2026-02-20 08:30:00,83.57,2026-02-22 14:45:00,83.65,217,3.721,2.226,0.096,win,False,3.236,BSL
63,SOLUSDT,SELL,12388,2026-02-22 14:30:00,12389,2026-02-22 14:45:00,83.65,2026-02-25 01:30:00,81.94,235,9.659,0.072,2.044,win,False,7.256,SSL
64,SOLUSDT,BUY,12623,2026-02-25 01:15:00,12624,2026-02-25 01:30:00,81.94,2026-02-26 18:30:00,84.72,164,12.387,1.233,3.393,win,False,14.924,BSL
65,SOLUSDT,SELL,12787,2026-02-26 18:15:00,12788,2026-02-26 18:30:00,84.72,2026-02-28 21:15:00,84.07,203,9.042,4.178,0.767,win,False,10.175,SSL
66,SOLUSDT,BUY,12990,2026-02-28 21:00:00,12991,2026-02-28 21:15:00,84.07,2026-03-01 20:30:00,82.27,93,5.721,2.212,-2.141,win,False,5.353,BSL
67,SOLUSDT,SELL,13083,2026-03-01 20:15:00,13084,2026-03-01 20:30:00,82.27,2026-03-02 16:15:00,89.61,79,0.766,9.347,-8.922,lose,False,5.181,SSL
68,SOLUSDT,BUY,13162,2026-03-02 16:00:00,13163,2026-03-02 16:15:00,89.61,2026-03-03 12:00:00,84.15,79,0.792,6.673,-6.093,lose,False,5.087,BSL
69,SOLUSDT,SELL,13241,2026-03-03 11:45:00,13242,2026-03-03 12:00:00,84.15,2026-03-04 09:15:00,89.58,85,2.08,6.928,-6.453,win,False,2.5,SSL
70,SOLUSDT,BUY,13326,2026-03-04 09:00:00,13327,2026-03-04 09:15:00,89.58,2026-03-05 22:00:00,89.06,147,5.102,1.942,-0.58,win,False,5.122,BSL
71,SOLUSDT,SELL,13473,2026-03-05 21:45:00,13474,2026-03-05 22:00:00,89.06,2026-03-09 14:45:00,85.58,355,9.971,0.337,3.907,win,False,5.648,SSL
73,SOLUSDT,SELL,14079,2026-03-12 05:15:00,14080,2026-03-12 05:30:00,84.85,2026-03-12 13:45:00,86.91,33,0.024,3.312,-2.428,lose,False,5.586,SSL
75,SOLUSDT,SELL,14252,2026-03-14 00:30:00,14253,2026-03-14 00:45:00,87.84,2026-03-15 05:45:00,88.43,116,1.628,0.934,-0.672,lose,False,3.198,SSL
77,SOLUSDT,SELL,14684,2026-03-18 12:30:00,14685,2026-03-18 12:45:00,90.52,2026-03-21 08:00:00,90.1,269,4.121,0.939,0.464,win,False,4.069,SSL
79,SOLUSDT,SELL,15018,2026-03-22 00:00:00,15019,2026-03-22 00:15:00,86.74,2026-03-23 13:00:00,90.18,147,2.006,5.983,-3.966,win,False,1.97,SSL
81,SOLUSDT,SELL,15282,2026-03-24 18:00:00,15283,2026-03-24 18:15:00,89.14,2026-03-25 05:30:00,92.59,45,0.886,4.274,-3.87,lose,False,4.609,SSL
82,SOLUSDT,BUY,15327,2026-03-25 05:15:00,15328,2026-03-25 05:30:00,92.59,2026-03-26 06:15:00,89.15,99,0.94,3.964,-3.715,lose,False,2.218,BSL
83,SOLUSDT,SELL,15426,2026-03-26 06:00:00,15427,2026-03-26 06:15:00,89.15,2026-03-30 05:45:00,83.57,382,11.643,0.202,6.259,win,False,4.62,SSL
85,SOLUSDT,SELL,15923,2026-03-31 10:15:00,15924,2026-03-31 10:30:00,80.68,2026-04-01 06:15:00,84.28,79,0.62,4.598,-4.462,lose,False,3.312,SSL
86,SOLUSDT,BUY,16002,2026-04-01 06:00:00,16003,2026-04-01 06:15:00,84.28,2026-04-01 23:45:00,81.29,70,2.741,4.224,-3.548,win,False,8.056,BSL
87,SOLUSDT,SELL,16072,2026-04-01 23:30:00,16073,2026-04-01 23:45:00,81.29,2026-04-03 17:30:00,80.08,167,5.733,0.529,1.488,win,False,4.038,SSL
90,SOLUSDT,BUY,16459,2026-04-06 00:15:00,16460,2026-04-06 00:30:00,82.45,2026-04-07 00:00:00,79.96,94,0.885,3.554,-3.02,lose,False,4.772,BSL
92,SOLUSDT,BUY,16635,2026-04-07 20:15:00,16636,2026-04-07 20:30:00,82.0,2026-04-09 02:00:00,82.17,118,6.329,0.427,0.207,win,False,5.347,BSL
93,SOLUSDT,SELL,16753,2026-04-09 01:45:00,16754,2026-04-09 02:00:00,82.17,2026-04-09 19:30:00,83.55,70,0.986,3.042,-1.679,lose,False,3.259,SSL
94,SOLUSDT,BUY,16823,2026-04-09 19:15:00,16824,2026-04-09 19:30:00,83.55,2026-04-12 02:45:00,82.59,221,3.208,2.059,-1.149,win,False,3.393,BSL
96,SOLUSDT,BUY,17209,2026-04-13 19:45:00,17210,2026-04-13 20:00:00,84.07,2026-04-14 21:30:00,83.72,102,4.246,0.845,-0.416,win,False,2.753,BSL
97,SOLUSDT,SELL,17311,2026-04-14 21:15:00,17312,2026-04-14 21:30:00,83.72,2026-04-15 23:15:00,84.74,103,1.338,2.496,-1.218,lose,False,2.161,SSL
98,SOLUSDT,BUY,17414,2026-04-15 23:00:00,17415,2026-04-15 23:15:00,84.74,2026-04-18 10:15:00,87.09,236,7.045,1.227,2.773,win,False,1.941,BSL
101,SOLUSDT,SELL,18101,2026-04-23 02:45:00,18102,2026-04-23 03:00:00,85.89,2026-04-25 09:15:00,86.6,217,1.711,1.199,-0.827,lose,False,1.813,SSL
103,SOLUSDT,SELL,18358,2026-04-25 19:00:00,18359,2026-04-25 19:15:00,85.62,2026-04-26 17:45:00,86.43,90,0.117,1.296,-0.946,lose,False,1.504,SSL
111,SOLUSDT,SELL,20252,2026-05-15 12:30:00,20253,2026-05-15 12:45:00,90.59,2026-05-20 17:30:00,86.75,499,8.036,0.144,4.239,win,False,4.736,SSL
113,SOLUSDT,SELL,20953,2026-05-22 19:45:00,20954,2026-05-22 20:00:00,84.51,2026-05-23 17:30:00,84.18,86,3.727,0.887,0.39,win,False,3.075,SSL
114,SOLUSDT,BUY,21039,2026-05-23 17:15:00,21040,2026-05-23 17:30:00,84.18,2026-05-24 22:45:00,84.88,117,3.956,0.665,0.832,win,False,3.281,BSL
115,SOLUSDT,SELL,21156,2026-05-24 22:30:00,21157,2026-05-24 22:45:00,84.88,2026-05-30 01:45:00,82.69,492,5.855,1.897,2.58,win,False,1.634,SSL
117,SOLUSDT,SELL,21804,2026-05-31 16:30:00,21805,2026-05-31 16:45:00,81.52,2026-06-07 07:00:00,64.79,633,26.362,1.914,20.523,win,False,2.488,SSL
118,SOLUSDT,BUY,22437,2026-06-07 06:45:00,22438,2026-06-07 07:00:00,64.79,2026-06-09 16:30:00,64.07,230,5.201,1.898,-1.111,win,False,3.145,BSL
120,SOLUSDT,BUY,22827,2026-06-11 08:15:00,22828,2026-06-11 08:30:00,65.47,2026-06-14 20:15:00,67.48,335,6.232,0.947,3.07,win,False,2.074,BSL
121,SOLUSDT,SELL,23162,2026-06-14 20:00:00,23163,2026-06-14 20:15:00,67.48,2026-06-14 22:15:00,70.12,8,0.044,4.475,-3.912,lose,False,5.4,SSL
123,SOLUSDT,SELL,23399,2026-06-17 07:15:00,23400,2026-06-17 07:30:00,73.14,2026-06-20 05:15:00,72.17,279,7.219,2.078,1.326,win,False,3.059,SSL
125,SOLUSDT,SELL,23945,2026-06-22 23:45:00,23946,2026-06-23 00:00:00,71.9,2026-06-25 07:15:00,69.28,221,10.07,0.153,3.644,win,False,5.043,SSL
128,SOLUSDT,BUY,24264,2026-06-26 07:30:00,24265,2026-06-26 07:45:00,70.6,2026-06-27 22:45:00,70.88,156,4.688,3.499,0.397,win,False,6.635,BSL
129,SOLUSDT,SELL,24420,2026-06-27 22:30:00,24421,2026-06-27 22:45:00,70.88,2026-06-29 09:00:00,72.68,137,1.749,3.414,-2.54,lose,False,,
130,SOLUSDT,BUY,24557,2026-06-29 08:45:00,24558,2026-06-29 09:00:00,72.68,2026-06-30 14:00:00,72.84,116,5.242,1.142,0.22,win,False,3.583,BSL
132,SOLUSDT,BUY,24735,2026-07-01 05:15:00,24736,2026-07-01 05:30:00,75.14,2026-07-05 02:15:00,80.48,371,11.738,1.637,7.107,win,False,9.256,BSL
135,SOLUSDT,SELL,25393,2026-07-08 01:45:00,25394,2026-07-08 02:00:00,79.04,2026-07-10 03:30:00,78.8,198,3.543,0.493,0.304,win,False,2.527,SSL
136,SOLUSDT,BUY,25591,2026-07-10 03:15:00,25592,2026-07-10 03:30:00,78.8,2026-07-10 20:45:00,77.86,69,1.066,2.246,-1.193,lose,False,10.332,BSL
138,SOLUSDT,BUY,26019,2026-07-14 14:15:00,26020,2026-07-14 14:30:00,76.85,2026-07-16 10:00:00,75.98,174,2.811,1.666,-1.132,win,False,2.003,BSL
142,SOLUSDT,BUY,27112,2026-07-25 23:30:00,27113,2026-07-25 23:45:00,74.39,2026-07-27 23:15:00,74.02,190,4.154,0.954,-0.497,win,False,2.147,BSL
143,SOLUSDT,SELL,27302,2026-07-27 23:00:00,27303,2026-07-27 23:15:00,74.02,2026-07-30 16:15:00,74.69,260,2.378,1.175,-0.905,win,False,1.833,SSL
144,SOLUSDT,BUY,27562,2026-07-30 16:00:00,27563,2026-07-30 16:15:00,74.69,2026-07-31 15:15:00,72.95,92,0.79,2.597,-2.33,lose,False,1.737,BSL
147,SOLUSDT,SELL,27915,2026-08-03 08:15:00,27916,2026-08-03 08:30:00,72.04,2026-08-03 17:45:00,73.69,37,0.125,2.499,-2.29,lose,False,,
152,SOLUSDT,BUY,28758,2026-08-12 03:00:00,28759,2026-08-12 03:15:00,76.33,2026-08-12 22:45:00,75.45,78,1.31,1.389,-1.153,lose,False,2.698,BSL
1,XRPUSDT,SELL,17,2025-10-16 17:45:00,18,2025-10-16 18:00:00,2.3659,2025-10-18 09:30:00,2.3593,158,7.515,1.475,0.279,win,False,,
2,XRPUSDT,BUY,175,2025-10-18 09:15:00,176,2025-10-18 09:30:00,2.3593,2025-10-21 07:15:00,2.4165,279,8.142,1.818,2.424,win,False,1.528,BSL
3,XRPUSDT,SELL,454,2025-10-21 07:00:00,455,2025-10-21 07:15:00,2.4165,2025-10-21 16:45:00,2.5114,38,0.67,4.759,-3.927,lose,False,2.406,SSL
4,XRPUSDT,BUY,492,2025-10-21 16:30:00,493,2025-10-21 16:45:00,2.5114,2025-10-22 07:15:00,2.3904,58,0.374,4.902,-4.818,lose,False,,
6,XRPUSDT,BUY,733,2025-10-24 04:45:00,734,2025-10-24 05:00:00,2.4285,2025-10-29 22:30:00,2.5951,550,11.052,0.099,6.86,win,False,,
7,XRPUSDT,SELL,1283,2025-10-29 22:15:00,1284,2025-10-29 22:30:00,2.5951,2025-10-31 20:00:00,2.5423,182,8.462,0.135,2.035,win,False,8.487,SSL
9,XRPUSDT,SELL,1686,2025-11-03 03:00:00,1687,2025-11-03 03:15:00,2.4425,2025-11-05 20:15:00,2.3426,260,15.435,0.389,4.09,win,False,,
11,XRPUSDT,SELL,2028,2025-11-06 16:30:00,2029,2025-11-06 16:45:00,2.2167,2025-11-07 18:00:00,2.3086,101,2.878,5.481,-4.146,win,False,,
12,XRPUSDT,BUY,2129,2025-11-07 17:45:00,2130,2025-11-07 18:00:00,2.3086,2025-11-08 17:15:00,2.2529,93,2.777,2.976,-2.413,win,False,12.044,BSL
14,XRPUSDT,BUY,2329,2025-11-09 19:45:00,2330,2025-11-09 20:00:00,2.3476,2025-11-11 12:45:00,2.4511,163,9.895,1.09,4.409,win,False,10.183,BSL
15,XRPUSDT,SELL,2492,2025-11-11 12:30:00,2493,2025-11-11 12:45:00,2.4511,2025-11-13 04:45:00,2.4766,160,5.569,2.448,-1.04,win,False,8.761,SSL
16,XRPUSDT,BUY,2652,2025-11-13 04:30:00,2653,2025-11-13 04:45:00,2.4766,2025-11-13 19:00:00,2.3401,57,2.007,6.085,-5.512,win,False,,
17,XRPUSDT,SELL,2709,2025-11-13 18:45:00,2710,2025-11-13 19:00:00,2.3401,2025-11-17 11:00:00,2.2723,352,7.944,0.543,2.897,win,False,4.433,SSL
19,XRPUSDT,SELL,3090,2025-11-17 18:00:00,3091,2025-11-17 18:15:00,2.1523,2025-11-23 02:00:00,1.9982,511,15.435,4.084,7.16,win,False,,
20,XRPUSDT,BUY,3601,2025-11-23 01:45:00,3602,2025-11-23 02:00:00,1.9982,2025-11-26 12:45:00,2.1485,331,14.353,0.175,7.522,win,False,14.993,BSL
24,XRPUSDT,BUY,4518,2025-12-02 15:00:00,4519,2025-12-02 15:15:00,2.1303,2025-12-04 13:15:00,2.1395,184,4.145,0.474,0.432,win,False,4.089,BSL
25,XRPUSDT,SELL,4702,2025-12-04 13:00:00,4703,2025-12-04 13:15:00,2.1395,2025-12-07 18:30:00,2.1024,309,7.095,0.804,1.734,win,False,7.337,SSL
28,XRPUSDT,BUY,5196,2025-12-09 16:30:00,5197,2025-12-09 16:45:00,2.1656,2025-12-10 13:15:00,2.0613,82,0.545,4.969,-4.816,lose,False,,
31,XRPUSDT,SELL,5656,2025-12-14 11:30:00,5657,2025-12-14 11:45:00,1.9929,2025-12-16 13:30:00,1.936,199,7.14,1.024,2.855,win,False,8.54,SSL
32,XRPUSDT,BUY,5855,2025-12-16 13:15:00,5856,2025-12-16 13:30:00,1.936,2025-12-17 19:15:00,1.8508,119,2.603,4.649,-4.401,win,False,6.04,BSL
33,XRPUSDT,SELL,5974,2025-12-17 19:00:00,5975,2025-12-17 19:15:00,1.8508,2025-12-18 15:45:00,1.9275,82,1.378,4.458,-4.144,lose,False,1.518,SSL
34,XRPUSDT,BUY,6056,2025-12-18 15:30:00,6057,2025-12-18 15:45:00,1.9275,2025-12-18 21:15:00,1.8145,22,0.005,6.744,-5.863,lose,False,6.508,BSL
35,XRPUSDT,SELL,6078,2025-12-18 21:00:00,6079,2025-12-18 21:15:00,1.8145,2025-12-19 12:30:00,1.873,61,2.436,3.378,-3.224,win,False,,
36,XRPUSDT,BUY,6139,2025-12-19 12:15:00,6140,2025-12-19 12:30:00,1.873,2025-12-21 15:30:00,1.9003,204,4.522,0.582,1.458,win,False,2.902,BSL
41,XRPUSDT,SELL,7309,2025-12-31 16:45:00,7310,2025-12-31 17:00:00,1.843,2026-01-01 17:15:00,1.8677,97,1.758,1.394,-1.34,lose,False,,
42,XRPUSDT,BUY,7406,2026-01-01 17:00:00,7407,2026-01-01 17:15:00,1.8677,2026-01-06 18:00:00,2.2079,483,29.437,0.182,18.215,win,False,1.91,BSL
43,XRPUSDT,SELL,7889,2026-01-06 17:45:00,7890,2026-01-06 18:00:00,2.2079,2026-01-12 17:15:00,2.0872,573,7.899,5.046,5.467,win,False,6.02,SSL
44,XRPUSDT,BUY,8462,2026-01-12 17:00:00,8463,2026-01-12 17:15:00,2.0872,2026-01-15 04:15:00,2.0953,236,5.007,2.357,0.388,win,False,,
45,XRPUSDT,SELL,8698,2026-01-15 04:00:00,8699,2026-01-15 04:15:00,2.0953,2026-01-19 18:30:00,2.0118,441,12.156,1.737,3.985,win,False,2.686,SSL
46,XRPUSDT,BUY,9139,2026-01-19 18:15:00,9140,2026-01-19 18:30:00,2.0118,2026-01-20 05:15:00,1.9556,43,0.383,2.868,-2.794,lose,False,,
47,XRPUSDT,SELL,9182,2026-01-20 05:00:00,9183,2026-01-20 05:15:00,1.9556,2026-01-21 21:15:00,1.9744,160,4.495,1.442,-0.961,win,False,7.443,SSL
48,XRPUSDT,BUY,9342,2026-01-21 21:00:00,9343,2026-01-21 21:15:00,1.9744,2026-01-22 16:00:00,1.9136,75,0.734,3.763,-3.079,lose,False,,
50,XRPUSDT,BUY,9791,2026-01-26 13:15:00,9792,2026-01-26 13:30:00,1.9118,2026-01-29 04:15:00,1.8667,251,1.758,2.427,-2.359,lose,False,,
51,XRPUSDT,SELL,10042,2026-01-29 04:00:00,10043,2026-01-29 04:15:00,1.8667,2026-02-06 13:45:00,1.4328,806,40.14,1.189,23.244,win,False,,
52,XRPUSDT,BUY,10848,2026-02-06 13:30:00,10849,2026-02-06 13:45:00,1.4328,2026-02-09 10:45:00,1.3761,276,7.594,4.236,-3.957,win,False,16.869,BSL
53,XRPUSDT,SELL,11124,2026-02-09 10:30:00,11125,2026-02-09 10:45:00,1.3761,2026-02-10 01:15:00,1.4449,58,0.145,6.359,-5.0,lose,False,,
54,XRPUSDT,BUY,11182,2026-02-10 01:00:00,11183,2026-02-10 01:15:00,1.4449,2026-02-10 20:30:00,1.3963,77,0.554,3.689,-3.364,lose,False,15.89,BSL
57,XRPUSDT,SELL,11732,2026-02-15 18:30:00,11733,2026-02-15 18:45:00,1.48,2026-02-21 10:45:00,1.4407,544,6.986,2.392,2.655,win,False,5.355,SSL
58,XRPUSDT,BUY,12276,2026-02-21 10:30:00,12277,2026-02-21 10:45:00,1.4407,2026-02-22 13:15:00,1.4086,106,1.59,2.527,-2.228,lose,False,3.6,BSL
59,XRPUSDT,SELL,12382,2026-02-22 13:00:00,12383,2026-02-22 13:15:00,1.4086,2026-02-23 12:45:00,1.4174,94,5.651,1.143,-0.625,win,False,4.829,SSL
60,XRPUSDT,BUY,12476,2026-02-23 12:30:00,12477,2026-02-23 12:45:00,1.4174,2026-02-24 03:30:00,1.33,59,0.332,6.434,-6.166,lose,False,5.303,BSL
61,XRPUSDT,SELL,12535,2026-02-24 03:15:00,12536,2026-02-24 03:30:00,1.33,2026-02-25 04:30:00,1.3693,100,1.391,5.241,-2.955,lose,False,,
62,XRPUSDT,BUY,12635,2026-02-25 04:15:00,12636,2026-02-25 04:30:00,1.3693,2026-02-26 18:00:00,1.3869,150,9.063,1.263,1.285,win,False,9.002,BSL
63,XRPUSDT,SELL,12785,2026-02-26 17:45:00,12786,2026-02-26 18:00:00,1.3869,2026-02-28 21:15:00,1.3725,205,8.479,2.776,1.038,win,False,3.486,SSL
64,XRPUSDT,BUY,12990,2026-02-28 21:00:00,12991,2026-02-28 21:15:00,1.3725,2026-03-01 20:30:00,1.3426,93,4.386,2.2,-2.179,win,False,3.964,BSL
65,XRPUSDT,SELL,13083,2026-03-01 20:15:00,13084,2026-03-01 20:30:00,1.3426,2026-03-02 16:15:00,1.4161,79,0.722,5.623,-5.474,lose,False,5.105,SSL
68,XRPUSDT,BUY,13328,2026-03-04 09:30:00,13329,2026-03-04 09:45:00,1.4175,2026-03-06 04:30:00,1.4014,171,3.852,2.526,-1.136,win,False,3.015,BSL
69,XRPUSDT,SELL,13499,2026-03-06 04:15:00,13500,2026-03-06 04:30:00,1.4014,2026-03-10 03:00:00,1.3869,378,5.759,0.45,1.035,win,False,4.623,SSL
70,XRPUSDT,BUY,13877,2026-03-10 02:45:00,13878,2026-03-10 03:00:00,1.3869,2026-03-12 04:00:00,1.3726,196,3.987,1.319,-1.031,win,False,5.288,BSL
71,XRPUSDT,SELL,14073,2026-03-12 03:45:00,14074,2026-03-12 04:00:00,1.3726,2026-03-13 01:15:00,1.4133,85,0.678,3.745,-2.965,lose,False,2.622,SSL
72,XRPUSDT,BUY,14158,2026-03-13 01:00:00,14159,2026-03-13 01:15:00,1.4133,2026-03-14 14:45:00,1.3873,150,2.795,2.201,-1.84,win,False,1.599,BSL
74,XRPUSDT,BUY,14354,2026-03-15 02:00:00,14355,2026-03-15 02:15:00,1.4144,2026-03-18 12:30:00,1.4793,329,13.575,0.679,4.589,win,False,1.52,BSL
75,XRPUSDT,SELL,14683,2026-03-18 12:15:00,14684,2026-03-18 12:30:00,1.4793,2026-03-23 13:45:00,1.434,485,8.011,0.142,3.062,win,False,4.164,SSL
77,XRPUSDT,SELL,15275,2026-03-24 16:15:00,15276,2026-03-24 16:30:00,1.3974,2026-03-25 08:15:00,1.4177,63,1.059,2.032,-1.453,lose,False,4.35,SSL
79,XRPUSDT,SELL,15427,2026-03-26 06:15:00,15428,2026-03-26 06:30:00,1.3876,2026-03-28 16:45:00,1.35,233,5.066,0.072,2.71,win,False,3.674,SSL
81,XRPUSDT,SELL,15730,2026-03-29 10:00:00,15731,2026-03-29 10:15:00,1.3332,2026-03-30 04:30:00,1.3538,73,2.963,2.07,-1.545,win,False,4.436,SSL
87,XRPUSDT,SELL,16386,2026-04-05 06:00:00,16387,2026-04-05 06:15:00,1.2968,2026-04-06 00:15:00,1.333,72,1.527,3.2,-2.791,lose,False,1.754,SSL
88,XRPUSDT,BUY,16458,2026-04-06 00:00:00,16459,2026-04-06 00:15:00,1.333,2026-04-07 00:45:00,1.322,98,1.8,1.643,-0.825,lose,False,2.374,BSL
90,XRPUSDT,BUY,16644,2026-04-07 22:30:00,16645,2026-04-07 22:45:00,1.3543,2026-04-09 01:15:00,1.332,106,3.072,1.846,-1.647,win,False,8.551,BSL
92,XRPUSDT,BUY,16829,2026-04-09 20:45:00,16830,2026-04-09 21:00:00,1.3561,2026-04-12 03:15:00,1.3336,217,1.386,2.367,-1.659,lose,False,2.623,BSL
94,XRPUSDT,BUY,17214,2026-04-13 21:00:00,17215,2026-04-13 21:15:00,1.3491,2026-04-18 11:00:00,1.439,439,11.867,0.052,6.664,win,False,3.155,BSL
102,XRPUSDT,BUY,18705,2026-04-29 09:45:00,18706,2026-04-29 10:00:00,1.4031,2026-04-29 15:15:00,1.3644,21,0.171,3.036,-2.758,lose,False,1.765,BSL
103,XRPUSDT,SELL,18726,2026-04-29 15:00:00,18727,2026-04-29 15:15:00,1.3644,2026-05-01 13:45:00,1.3911,186,1.481,2.169,-1.957,lose,False,1.518,SSL
110,XRPUSDT,BUY,20165,2026-05-14 14:45:00,20166,2026-05-14 15:00:00,1.4706,2026-05-15 14:00:00,1.4315,92,5.318,2.917,-2.659,win,False,4.941,BSL
113,XRPUSDT,SELL,20837,2026-05-21 14:45:00,20838,2026-05-21 15:00:00,1.3562,2026-05-23 20:00:00,1.3462,212,4.505,2.183,0.737,win,False,2.685,SSL
114,XRPUSDT,BUY,21049,2026-05-23 19:45:00,21050,2026-05-23 20:00:00,1.3462,2026-05-24 22:00:00,1.335,104,2.184,1.092,-0.832,win,False,1.733,BSL
117,XRPUSDT,SELL,21804,2026-05-31 16:30:00,21805,2026-05-31 16:45:00,1.3263,2026-06-07 04:00:00,1.1176,621,20.908,1.184,15.736,win,False,3.939,SSL
118,XRPUSDT,BUY,22425,2026-06-07 03:45:00,22426,2026-06-07 04:00:00,1.1176,2026-06-09 16:30:00,1.1268,242,6.129,0.716,0.823,win,False,5.604,BSL
119,XRPUSDT,SELL,22667,2026-06-09 16:15:00,22668,2026-06-09 16:30:00,1.1268,2026-06-11 19:30:00,1.1415,204,3.506,1.748,-1.305,win,False,4.269,SSL
120,XRPUSDT,BUY,22871,2026-06-11 19:15:00,22872,2026-06-11 19:30:00,1.1415,2026-06-14 14:45:00,1.128,269,1.673,1.428,-1.183,lose,False,3.393,BSL
123,XRPUSDT,SELL,23334,2026-06-16 15:00:00,23335,2026-06-16 15:15:00,1.2149,2026-06-20 13:00:00,1.1454,375,7.943,1.268,5.721,win,False,3.327,SSL
125,XRPUSDT,SELL,23845,2026-06-21 22:45:00,23846,2026-06-21 23:00:00,1.1312,2026-06-22 14:00:00,1.1631,60,0.734,2.847,-2.82,lose,False,2.914,SSL
126,XRPUSDT,BUY,23905,2026-06-22 13:45:00,23906,2026-06-22 14:00:00,1.1631,2026-06-23 04:45:00,1.122,59,0.009,3.654,-3.534,lose,False,1.946,BSL
127,XRPUSDT,SELL,23964,2026-06-23 04:30:00,23965,2026-06-23 04:45:00,1.122,2026-06-27 03:15:00,1.0579,378,10.152,0.053,5.713,win,False,2.118,SSL
128,XRPUSDT,BUY,24342,2026-06-27 03:00:00,24343,2026-06-27 03:15:00,1.0579,2026-06-28 02:45:00,1.0462,94,1.777,1.267,-1.106,lose,False,1.588,BSL
131,XRPUSDT,SELL,24660,2026-06-30 10:30:00,24661,2026-06-30 10:45:00,1.0419,2026-07-01 16:30:00,1.0621,119,1.987,2.236,-1.939,lose,False,2.443,SSL
133,XRPUSDT,SELL,25114,2026-07-05 04:00:00,25115,2026-07-05 04:15:00,1.1382,2026-07-05 23:45:00,1.1576,78,1.239,2.715,-1.704,lose,False,4.854,SSL
136,XRPUSDT,BUY,25588,2026-07-10 02:30:00,25589,2026-07-10 02:45:00,1.106,2026-07-12 00:30:00,1.0921,183,1.157,1.338,-1.257,lose,False,1.79,BSL
139,XRPUSDT,SELL,26228,2026-07-16 18:30:00,26229,2026-07-16 18:45:00,1.0893,2026-07-19 07:00:00,1.0956,241,1.854,0.927,-0.578,lose,False,2.348,SSL
141,XRPUSDT,SELL,26877,2026-07-23 12:45:00,26878,2026-07-23 13:00:00,1.1213,2026-07-25 17:00:00,1.1022,208,3.3,0.009,1.703,win,False,1.556,SSL
143,XRPUSDT,SELL,27278,2026-07-27 17:00:00,27279,2026-07-27 17:15:00,1.0934,2026-07-29 02:45:00,1.0795,134,4.472,0.192,1.271,win,False,2.714,SSL
144,XRPUSDT,BUY,27412,2026-07-29 02:30:00,27413,2026-07-29 02:45:00,1.0795,2026-07-31 12:30:00,1.0711,231,1.427,1.667,-0.778,lose,False,5.623,BSL
149,XRPUSDT,SELL,28109,2026-08-05 08:45:00,28110,2026-08-05 09:00:00,1.0651,2026-08-08 09:30:00,1.0359,290,4.985,0.723,2.742,win,False,2.083,SSL
151,XRPUSDT,SELL,28563,2026-08-10 02:15:00,28564,2026-08-10 02:30:00,1.0295,2026-08-12 12:30:00,1.0241,232,3.973,1.02,0.525,win,False,,
152,XRPUSDT,BUY,28795,2026-08-12 12:15:00,28796,2026-08-12 12:30:00,1.0241,2026-08-12 21:30:00,1.0052,36,0.137,2.109,-1.846,lose,False,11.337,BSL
154,XRPUSDT,BUY,29451,2026-08-19 08:15:00,29452,2026-08-19 08:30:00,1.0047,2026-08-25 01:15:00,1.4978,548,69.304,0.189,49.079,win,False,13.487,BSL
