symbol,direction,signal_index,signal_datetime,entry_price,max_roe_pct,max_stoploss_pct,net_pnl_pct,duration_bars,label,atr_pct_of_price,trail_gap_pct,price_vs_trail2_pct,trend_age_bars,trend_age_bucket,candle_body_pct,is_bullish_candle,volume_ratio,high_volume,fvg_at_signal,fvg_direction,fvg_aligned,fvg_counter,recent_bullish_fvg_count,recent_bearish_fvg_count,fvg_aligned_window,fvg_counter_window,ob_at_signal,ob_bullish,ob_bearish,ob_aligned,ob_counter,price_inside_ob,recent_bull_bos,recent_bear_bos,recent_bull_choch,recent_bear_choch,bos_confirmed_direction,choch_confirmed_direction,bos_choch_any,recent_swing_high,recent_swing_low,swing_aligned,liq_at_signal,recent_bsl,recent_ssl,unswept_liq_against_trade,has_liq_trap,vsr_spike_at_signal,vsr_signal_strength,recent_vsr_spikes,vsr_active_zone,price_inside_vsr,vsr_zone_width_pct,atr_expansion,tight_trail_gap,wide_trail_gap
ADAUSDT,SELL,19,2025-10-16 18:15:00,0.6477,8.646,1.22,1.992,194,win,1.127,2.254,-5.311,0,fresh,17.6,False,0.47,False,False,none,False,False,0,5,True,False,False,False,False,False,False,False,0,0,0,0,False,False,False,0,1,False,False,0,0,0,False,False,0.38,0,False,False,0.0,True,False,True
ADAUSDT,BUY,213,2025-10-18 18:45:00,0.6348,6.411,2.001,1.008,231,win,0.457,0.898,1.717,0,fresh,50.0,False,0.58,False,False,none,False,False,2,2,False,False,False,False,False,False,False,False,0,1,0,0,False,False,True,0,1,True,False,0,1,0,False,False,0.21,0,True,True,1.56,False,False,False
ADAUSDT,SELL,444,2025-10-21 04:30:00,0.6412,0.733,6.862,-6.472,44,lose,0.577,1.154,-3.711,0,fresh,80.3,False,1.76,True,True,bearish,True,False,0,5,True,False,False,False,False,False,False,False,0,0,0,0,False,False,False,0,0,False,False,0,0,0,False,False,0.27,0,True,False,2.308,True,False,False
ADAUSDT,BUY,488,2025-10-21 15:30:00,0.6827,0.161,6.65,-6.064,40,lose,0.952,1.904,5.844,0,fresh,10.3,True,1.31,False,False,none,False,False,5,0,True,False,False,False,False,False,False,False,0,0,0,0,False,False,False,1,0,False,False,1,0,0,False,False,0.46,0,True,False,2.168,True,False,True
ADAUSDT,SELL,528,2025-10-22 01:30:00,0.6413,5.738,0.702,-0.078,152,win,0.78,1.544,-3.462,0,fresh,7.7,True,0.41,False,False,none,False,False,0,4,True,False,False,False,False,False,False,False,0,0,0,0,False,False,False,0,0,False,False,0,0,0,False,False,0.42,0,True,False,2.308,True,False,True
ADAUSDT,BUY,680,2025-10-23 15:30:00,0.6418,8.024,0.888,3.553,436,win,0.576,1.168,2.243,0,fresh,6.8,False,1.16,False,False,none,False,False,0,2,False,True,False,False,False,False,False,False,0,0,0,0,False,False,False,0,1,True,False,0,1,0,False,False,0.33,0,True,False,2.524,True,False,False
ADAUSDT,SELL,1116,2025-10-28 04:30:00,0.6646,26.362,1.595,17.635,825,win,0.542,1.084,-2.257,0,fresh,10.0,False,0.5,False,False,none,False,False,1,1,False,False,False,False,False,False,False,False,0,0,0,0,False,False,False,0,0,False,False,0,0,0,False,False,0.08,0,True,False,3.416,True,False,False
ADAUSDT,BUY,1941,2025-11-05 18:45:00,0.5474,0.183,5.663,-4.147,90,lose,0.712,1.443,3.27,0,fresh,20.9,True,0.79,False,False,none,False,False,1,0,True,False,False,False,False,False,False,False,0,0,0,0,False,False,False,1,0,False,False,0,0,0,False,False,0.29,0,True,False,4.421,True,False,False
ADAUSDT,SELL,2031,2025-11-06 17:15:00,0.5247,1.048,8.672,-8.005,94,lose,0.896,1.792,-3.355,0,fresh,44.4,True,0.77,False,False,none,False,False,2,3,True,False,False,False,False,False,False,False,0,0,0,0,False,False,False,0,1,False,False,0,1,0,False,False,1.07,0,True,False,4.613,True,False,True
ADAUSDT,BUY,2125,2025-11-07 16:45:00,0.5667,4.606,2.329,-1.094,108,win,1.164,2.329,7.022,0,fresh,35.6,True,2.01,True,False,none,False,False,3,2,True,False,False,False,False,False,False,False,0,0,0,0,False,False,False,0,1,True,False,0,0,0,False,False,0.06,0,True,True,4.27,True,False,True
ADAUSDT,SELL,2233,2025-11-08 19:45:00,0.5605,2.302,3.301,-2.979,84,win,0.66,1.338,-2.391,0,fresh,36.4,True,0.26,False,False,none,False,False,1,2,True,False,False,False,False,False,False,False,0,1,0,0,True,False,True,0,1,False,False,0,0,0,False,False,0.93,0,True,True,4.318,True,False,False
ADAUSDT,BUY,2317,2025-11-09 16:45:00,0.5772,5.128,1.906,-1.213,197,win,0.693,1.386,3.344,0,fresh,60.4,True,1.58,True,False,none,False,False,1,0,True,False,False,False,False,False,False,False,0,0,0,0,False,False,False,0,0,False,False,0,0,0,False,False,5.35,0,True,False,4.193,True,False,False
ADAUSDT,SELL,2514,2025-11-11 18:00:00,0.5702,3.139,1.806,-1.684,80,win,0.702,1.421,-2.947,0,fresh,0.0,False,1.25,False,False,none,False,False,0,2,True,False,False,False,False,False,False,False,0,0,0,0,False,False,False,0,0,False,False,0,0,0,False,False,1.48,0,True,True,4.245,True,False,False
ADAUSDT,BUY,2594,2025-11-12 14:00:00,0.5798,0.052,6.106,-6.037,12,lose,0.5,1.018,2.605,0,fresh,12.9,True,1.24,False,False,none,False,False,5,0,True,False,False,False,False,False,False,False,0,0,0,0,False,False,False,1,0,False,False,0,0,0,False,False,0.2,0,True,False,4.175,False,False,False
ADAUSDT,SELL,2606,2025-11-12 17:00:00,0.5448,1.083,4.901,-3.377,77,lose,0.954,1.927,-5.341,0,fresh,75.0,False,1.5,False,True,bearish,True,False,2,6,True,False,False,False,False,False,False,False,0,0,0,0,False,False,False,1,0,True,False,0,0,0,False,False,0.86,0,True,False,4.442,True,False,True
ADAUSDT,BUY,2683,2025-11-13 12:15:00,0.5632,0.959,6.214,-6.072,22,lose,0.586,1.172,1.598,0,fresh,44.4,True,1.03,False,False,none,False,False,2,3,False,True,False,False,False,False,False,False,0,0,0,0,False,False,False,1,0,False,False,0,0,0,False,False,0.36,0,True,True,4.297,True,False,False
ADAUSDT,SELL,2705,2025-11-13 17:45:00,0.529,26.749,1.002,21.72,943,win,1.04,2.06,-6.824,0,fresh,58.5,False,1.18,False,True,bearish,True,False,0,6,True,False,False,False,False,False,False,False,0,0,0,0,False,False,False,0,0,False,False,0,0,0,False,False,0.52,0,True,False,4.575,True,False,True
ADAUSDT,BUY,3648,2025-11-23 13:30:00,0.4141,4.781,2.994,-0.652,192,win,0.556,1.135,2.585,0,fresh,57.1,True,0.4,False,True,bullish,True,False,3,2,True,False,False,False,False,False,False,False,0,0,0,0,False,False,False,0,0,False,False,0,0,0,False,False,0.06,1,True,True,7.005,True,False,False
ADAUSDT,SELL,3840,2025-11-25 13:30:00,0.4114,1.702,5.907,-5.688,117,lose,0.608,1.191,-3.135,0,fresh,74.0,False,1.77,True,True,bearish,True,False,0,2,True,False,False,False,False,False,False,False,0,0,0,0,False,False,False,0,0,False,False,0,0,0,False,False,0.44,1,True,True,7.047,True,False,False
ADAUSDT,BUY,3957,2025-11-26 18:45:00,0.4348,0.943,3.082,-2.438,130,lose,0.736,1.495,4.461,0,fresh,83.9,True,0.64,False,False,none,False,False,5,0,True,False,False,False,False,False,False,False,0,0,0,0,False,False,False,0,1,True,False,0,0,0,False,False,0.88,0,True,False,6.668,True,False,False
ADAUSDT,SELL,4087,2025-11-28 03:15:00,0.4242,12.659,2.994,7.237,418,win,0.542,1.084,-2.122,0,fresh,5.9,False,1.11,False,False,none,False,False,0,3,True,False,False,False,False,False,False,False,0,1,0,0,True,False,True,0,1,False,False,0,0,0,False,False,0.19,1,True,False,0.943,True,False,False
ADAUSDT,BUY,4505,2025-12-02 11:45:00,0.3935,15.807,0.229,9.454,279,win,0.534,1.067,2.617,0,fresh,35.0,True,0.86,False,False,none,False,False,3,2,True,False,False,False,False,False,False,False,0,0,0,0,False,False,False,0,1,True,False,0,0,0,False,False,0.37,0,True,False,1.118,True,False,False
ADAUSDT,SELL,4784,2025-12-05 09:30:00,0.4307,5.921,0.975,-0.72,227,win,0.534,1.091,-3.552,0,fresh,16.0,False,2.24,True,False,none,False,False,2,5,True,False,False,False,False,False,False,False,0,0,0,0,False,False,False,0,0,False,False,0,0,0,False,False,0.37,0,True,True,2.275,True,False,False
ADAUSDT,BUY,5011,2025-12-07 18:15:00,0.4338,11.503,5.348,3.02,313,win,0.899,1.775,5.071,0,fresh,11.8,True,0.84,False,False,none,False,False,3,2,True,False,False,False,False,False,False,False,1,0,0,0,True,False,True,1,1,False,False,0,0,0,False,False,0.58,0,True,False,1.037,True,False,True
ADAUSDT,SELL,5324,2025-12-11 00:30:00,0.4469,22.511,0.157,18.17,805,win,0.895,1.791,-4.902,0,fresh,74.6,False,2.08,True,True,bearish,True,False,0,5,True,False,False,False,False,False,False,False,0,0,0,0,False,False,False,0,0,False,False,0,0,0,False,False,4.76,0,True,False,2.954,True,False,True
ADAUSDT,BUY,6129,2025-12-19 09:45:00,0.3657,4.156,0.273,0.574,163,win,0.547,1.067,2.161,0,fresh,25.0,False,0.35,False,False,none,False,False,2,0,True,False,False,False,False,False,False,False,0,0,0,0,False,False,False,0,0,False,False,0,0,0,False,False,0.42,0,True,True,3.638,True,False,False
ADAUSDT,SELL,6292,2025-12-21 02:30:00,0.3678,2.855,2.447,-1.713,138,win,0.353,0.734,-2.121,0,fresh,61.5,False,0.99,False,False,none,False,False,1,6,True,False,False,False,False,False,False,False,0,0,0,0,False,False,False,0,0,False,False,0,0,0,False,False,1.05,0,True,True,3.616,False,False,False
ADAUSDT,BUY,6430,2025-12-22 13:00:00,0.3741,2.165,3.234,-2.753,84,win,0.535,1.069,2.753,0,fresh,53.3,True,1.14,False,False,none,False,False,2,1,True,False,False,False,False,False,False,False,0,0,0,0,False,False,False,0,0,False,False,0,0,0,False,False,1.38,0,True,False,3.555,True,False,False
ADAUSDT,SELL,6514,2025-12-23 10:00:00,0.3638,6.844,1.374,1.979,302,win,0.412,0.825,-1.76,0,fresh,33.3,False,0.75,False,False,none,False,False,0,1,True,False,False,False,False,False,False,False,0,0,0,0,False,False,False,0,0,False,False,0,0,0,False,False,0.63,1,True,True,3.657,False,False,False
ADAUSDT,BUY,6816,2025-12-26 13:30:00,0.3566,0.337,3.561,-3.477,13,lose,0.365,0.729,1.739,0,fresh,41.7,True,1.13,False,False,none,False,False,1,0,True,False,False,False,False,False,False,False,0,0,0,0,False,False,False,0,0,False,False,0,0,0,False,False,0.04,1,True,True,5.412,False,False,False
ADAUSDT,SELL,6829,2025-12-26 16:45:00,0.3442,0.029,4.271,-3.719,77,lose,0.581,1.162,-2.963,0,fresh,71.9,False,1.24,False,False,none,False,False,0,3,True,False,False,False,False,False,False,False,1,0,0,0,False,False,True,1,1,False,False,0,0,0,False,False,0.37,1,True,True,5.607,True,False,False
ADAUSDT,BUY,6906,2025-12-27 12:00:00,0.357,5.686,0.476,1.793,130,win,0.364,0.728,2.072,0,fresh,51.4,True,6.39,True,True,bullish,True,False,4,2,True,False,False,False,False,False,False,False,0,0,0,0,False,False,False,0,0,False,False,0,0,0,False,True,11.28,1,True,True,5.601,False,False,False
ADAUSDT,SELL,7036,2025-12-28 20:30:00,0.3634,0.413,4.568,-3.632,23,lose,0.44,0.853,-1.706,0,fresh,22.2,True,0.37,False,False,none,False,False,0,5,True,False,False,False,False,False,False,False,0,0,0,1,False,True,True,0,1,False,False,0,0,0,False,False,0.1,0,True,True,8.611,False,False,False
ADAUSDT,BUY,7059,2025-12-29 02:15:00,0.3766,2.124,3.956,-3.372,46,win,0.69,1.381,3.532,0,fresh,29.7,False,1.22,False,False,none,False,False,4,1,True,False,False,False,False,False,False,False,0,0,0,0,False,False,False,0,0,False,False,0,0,0,False,False,0.62,0,True,False,8.311,True,False,False
ADAUSDT,SELL,7105,2025-12-29 13:45:00,0.3639,9.975,1.539,4.891,295,win,0.577,1.126,-2.857,0,fresh,0.0,False,0.61,False,False,none,False,False,0,3,True,False,False,False,False,False,False,False,0,0,0,0,False,False,False,0,0,False,False,0,0,0,False,False,0.09,0,True,True,8.599,True,False,False
ADAUSDT,BUY,7400,2026-01-01 15:30:00,0.3461,26.351,0.202,18.925,531,win,0.433,0.867,2.658,0,fresh,61.5,True,3.62,True,True,bullish,True,False,6,1,True,False,False,False,False,False,False,False,0,0,0,0,False,False,False,0,0,False,False,0,0,0,False,False,5.76,0,True,True,12.309,False,False,False
ADAUSDT,SELL,7931,2026-01-07 04:15:00,0.4116,6.827,2.745,2.381,474,win,0.583,1.142,-1.943,0,fresh,53.8,False,0.38,False,False,none,False,False,0,4,True,False,False,False,False,False,False,False,0,0,0,1,False,True,True,0,1,False,False,0,0,0,False,False,1.13,0,True,False,1.287,True,False,False
ADAUSDT,BUY,8405,2026-01-12 02:45:00,0.4018,0.423,5.077,-4.878,44,lose,0.772,1.568,3.933,0,fresh,61.1,True,1.61,True,True,bullish,True,False,3,0,True,False,False,False,False,False,False,False,0,0,0,1,False,False,True,0,1,True,False,0,0,0,False,False,3.16,1,True,False,1.319,True,False,True
ADAUSDT,SELL,8449,2026-01-12 13:45:00,0.3822,0.262,6.306,-6.253,104,lose,0.549,1.099,-2.957,0,fresh,41.2,False,1.39,False,False,none,False,False,0,2,True,False,False,False,False,False,False,False,0,0,0,0,False,False,False,0,0,False,False,0,0,0,False,False,0.35,1,True,True,1.753,True,False,False
ADAUSDT,BUY,8553,2026-01-13 15:45:00,0.4061,5.171,1.798,-1.527,143,win,0.739,1.453,4.556,0,fresh,67.3,True,2.23,True,True,bullish,True,False,4,0,True,False,False,False,False,False,False,False,0,0,0,0,False,False,False,0,0,False,False,0,0,0,False,False,0.16,1,True,False,1.01,True,False,False
ADAUSDT,SELL,8696,2026-01-15 03:30:00,0.3999,5.426,2.701,1.375,193,win,0.675,1.35,-4.101,0,fresh,25.0,False,2.6,True,False,none,False,False,0,3,True,False,False,False,False,False,False,False,0,1,0,0,True,False,True,0,1,False,False,0,0,0,False,False,0.11,0,True,False,3.951,True,False,False
ADAUSDT,BUY,8889,2026-01-17 03:45:00,0.3944,2.485,1.344,-0.659,152,win,0.38,0.761,0.989,0,fresh,25.0,True,0.53,False,False,none,False,False,2,1,True,False,False,False,False,False,False,False,0,0,0,1,False,False,True,0,1,True,False,0,1,0,False,False,0.37,0,True,False,4.006,False,False,False
ADAUSDT,SELL,9041,2026-01-18 17:45:00,0.3918,12.94,1.302,5.972,307,win,0.408,0.817,-1.531,0,fresh,68.7,True,0.7,False,False,none,False,False,0,2,True,False,False,False,False,False,False,False,0,1,0,0,True,False,True,0,1,False,False,0,0,0,False,False,0.66,0,True,False,1.276,False,False,False
ADAUSDT,BUY,9348,2026-01-21 22:30:00,0.3684,0.299,4.235,-3.8,160,lose,0.896,1.819,3.692,0,fresh,38.1,False,0.72,False,False,none,False,False,3,0,True,False,False,False,False,False,False,False,0,0,0,0,False,False,False,1,0,False,False,0,0,0,False,False,0.37,0,True,False,1.629,True,False,True
ADAUSDT,SELL,9508,2026-01-23 14:30:00,0.3544,6.179,4.628,0.649,294,win,0.423,0.875,-2.568,0,fresh,64.0,False,7.71,True,True,bearish,True,False,1,3,True,False,False,False,False,False,False,False,0,0,0,0,False,False,False,0,0,False,False,0,0,0,False,False,3.06,0,True,False,1.693,False,False,False
ADAUSDT,BUY,9802,2026-01-26 16:00:00,0.3521,3.635,1.619,-0.568,244,win,0.681,1.363,2.499,0,fresh,0.0,False,1.24,False,False,none,False,False,2,2,False,False,False,False,False,False,False,False,0,0,0,0,False,False,False,1,0,False,False,0,0,0,False,False,0.4,0,True,True,2.612,True,False,False
ADAUSDT,SELL,10046,2026-01-29 05:00:00,0.3501,23.222,0.628,14.196,448,win,0.571,1.142,-2.456,0,fresh,30.8,True,0.4,False,False,none,False,False,1,4,True,False,False,False,False,False,False,False,0,0,0,0,False,False,False,0,0,False,False,0,0,0,False,False,0.11,0,True,True,3.941,True,False,False
ADAUSDT,BUY,10494,2026-02-02 21:00:00,0.3004,1.498,6.258,-4.727,170,lose,0.666,1.332,2.863,0,fresh,60.0,True,1.02,False,False,none,False,False,1,1,False,False,False,False,False,False,False,False,0,0,0,0,False,False,False,1,0,False,False,0,0,0,False,False,0.9,0,True,False,4.394,True,False,False
ADAUSDT,SELL,10664,2026-02-04 15:30:00,0.2862,22.991,2.516,3.249,194,win,1.013,2.061,-4.857,0,fresh,41.7,False,2.07,True,True,bearish,True,False,0,5,True,False,False,False,False,False,False,False,0,0,0,0,False,False,False,0,0,False,False,0,0,0,False,False,0.52,2,True,False,3.843,True,False,True
ADAUSDT,BUY,10858,2026-02-06 16:00:00,0.2769,2.6,4.875,-4.767,264,win,1.083,2.166,7.04,0,fresh,70.4,True,1.43,False,True,bullish,True,False,4,0,True,False,False,False,False,False,False,False,0,0,0,0,False,False,False,0,0,False,False,0,0,0,False,False,0.53,0,True,False,10.325,True,False,True
ADAUSDT,SELL,11122,2026-02-09 10:00:00,0.2637,5.119,3.716,-0.645,289,win,0.569,1.138,-3.187,0,fresh,30.8,False,1.44,False,False,none,False,False,0,5,True,False,False,False,False,False,False,False,0,0,0,0,False,False,False,0,0,False,False,0,0,0,False,False,0.25,0,True,False,3.452,True,False,False
ADAUSDT,BUY,11411,2026-02-12 10:15:00,0.2654,13.677,3.052,7.159,309,win,0.528,1.018,2.94,0,fresh,50.0,False,1.02,False,False,none,False,False,7,1,True,False,False,False,False,False,False,False,0,0,0,0,False,False,False,0,0,False,False,0,0,0,False,False,0.47,0,True,False,4.146,True,False,False
ADAUSDT,SELL,11720,2026-02-15 15:30:00,0.2844,6.153,1.793,-1.547,481,win,0.703,1.442,-2.918,0,fresh,16.7,True,0.37,False,False,none,False,False,1,4,True,False,False,False,False,False,False,False,0,0,0,0,False,False,False,0,0,False,False,0,0,0,False,False,0.49,0,True,False,3.868,True,False,False
ADAUSDT,BUY,12201,2026-02-20 15:45:00,0.2888,1.697,4.709,-4.571,149,lose,1.039,2.078,6.614,0,fresh,96.6,True,1.99,True,True,bullish,True,False,5,2,True,False,False,False,False,False,False,False,0,0,0,0,False,False,False,0,1,True,False,0,0,0,False,False,0.27,0,True,False,0.658,True,False,True
ADAUSDT,SELL,12350,2026-02-22 05:00:00,0.2756,6.785,0.617,0.726,127,win,0.363,0.726,-2.213,0,fresh,53.8,False,1.14,False,False,none,False,False,0,3,True,False,False,False,False,False,False,False,0,0,0,0,False,False,False,0,0,False,False,0,0,0,False,False,5.59,0,True,False,0.689,False,False,False
ADAUSDT,BUY,12477,2026-02-23 12:45:00,0.2736,0.183,4.934,-4.678,29,lose,0.548,1.096,2.924,0,fresh,35.7,False,1.0,False,False,none,False,False,5,1,True,False,False,False,False,False,False,False,0,0,0,0,False,False,False,1,0,False,False,0,0,0,False,False,0.58,0,True,False,2.997,True,False,False
ADAUSDT,SELL,12506,2026-02-23 20:00:00,0.2608,2.837,3.834,-3.758,121,win,0.728,1.418,-3.488,0,fresh,64.3,False,0.92,False,False,none,False,False,0,1,True,False,False,False,False,False,False,False,0,0,0,0,False,False,False,0,0,False,False,0,0,0,False,False,3.74,0,True,True,3.143,True,False,False
ADAUSDT,BUY,12627,2026-02-25 02:15:00,0.2706,15.817,3.215,4.693,159,win,0.702,1.441,4.582,0,fresh,56.3,True,0.91,False,False,none,False,False,3,1,True,False,False,False,False,False,False,False,0,0,0,0,False,False,False,0,1,True,False,0,0,0,False,False,0.18,1,True,False,3.548,True,False,False
ADAUSDT,SELL,12786,2026-02-26 18:00:00,0.2833,8.542,4.553,1.836,207,win,0.882,1.8,-4.836,0,fresh,4.3,False,1.16,False,False,none,False,False,0,2,True,False,False,False,False,False,False,False,0,1,0,0,True,False,True,0,1,False,False,0,0,0,False,False,0.4,0,True,False,0.741,True,False,True
ADAUSDT,BUY,12993,2026-02-28 21:45:00,0.2781,5.07,2.697,-2.589,89,win,0.899,1.799,3.813,0,fresh,26.7,False,0.57,False,False,none,False,False,3,1,True,False,False,False,False,False,False,False,0,0,0,0,False,False,False,0,0,False,False,0,0,0,False,False,0.25,1,True,False,3.993,True,False,True
ADAUSDT,SELL,13082,2026-03-01 20:00:00,0.2709,0.997,6.423,-6.312,80,lose,0.775,1.551,-4.062,0,fresh,89.7,False,2.01,True,True,bearish,True,False,3,3,False,False,False,False,False,False,False,False,0,0,0,0,False,False,False,0,0,False,False,0,0,0,False,False,2.44,1,True,False,2.622,True,False,True
ADAUSDT,BUY,13162,2026-03-02 16:00:00,0.288,0.174,6.875,-6.597,59,lose,0.972,1.91,5.833,0,fresh,86.7,True,2.5,True,False,none,False,False,3,0,True,False,False,False,False,False,False,False,0,0,0,0,False,False,False,0,0,False,False,0,0,0,False,False,1.05,0,True,False,2.465,True,False,True
ADAUSDT,SELL,13221,2026-03-03 06:45:00,0.269,4.015,1.933,-1.413,126,win,0.595,1.189,-3.344,0,fresh,0.0,False,1.27,False,False,none,False,False,1,4,True,False,False,False,False,False,False,False,0,0,0,0,False,False,False,0,0,False,False,0,0,0,False,False,2.56,0,True,False,2.638,True,False,False
ADAUSDT,BUY,13347,2026-03-04 14:15:00,0.2728,4.472,2.896,-1.393,126,win,0.697,1.393,3.154,0,fresh,31.3,False,1.12,False,False,none,False,False,3,2,True,False,False,False,False,False,False,False,0,0,0,0,False,False,False,0,0,False,False,0,0,0,False,False,0.34,0,True,False,2.604,True,False,False
ADAUSDT,SELL,13473,2026-03-05 21:45:00,0.269,8.699,1.041,3.643,376,win,0.632,1.301,-2.268,0,fresh,23.1,False,0.57,False,False,none,False,False,3,2,False,True,False,False,False,False,False,False,0,0,0,0,False,False,False,1,0,True,False,1,0,0,False,False,1.4,0,True,False,3.457,True,False,False
ADAUSDT,BUY,13849,2026-03-09 19:45:00,0.2592,5.826,1.813,-0.077,237,win,0.772,1.543,3.164,0,fresh,30.8,True,1.93,True,False,none,False,False,1,0,True,False,False,False,False,False,False,False,1,0,0,0,True,False,True,1,0,False,False,0,0,0,False,False,0.09,1,True,True,6.173,True,False,True
ADAUSDT,SELL,14086,2026-03-12 07:00:00,0.259,0.347,5.367,-4.208,70,lose,0.347,0.695,-1.274,0,fresh,20.0,False,0.88,False,False,none,False,False,0,1,True,False,False,False,False,False,False,False,0,0,0,0,False,False,False,0,1,False,False,0,0,0,False,False,1.51,0,True,False,0.618,False,False,False
ADAUSDT,BUY,14156,2026-03-13 00:30:00,0.2699,4.261,2.445,-1.741,91,win,0.667,1.297,4.001,0,fresh,16.7,True,3.4,True,False,none,False,False,3,1,True,False,False,False,False,False,False,False,0,0,0,0,False,False,False,0,0,False,False,0,0,0,False,False,0.18,0,True,False,0.852,True,False,False
ADAUSDT,SELL,14247,2026-03-13 23:15:00,0.2652,2.715,0.528,-0.038,119,win,0.528,1.056,-2.413,0,fresh,12.5,True,0.88,False,False,none,False,False,1,1,False,False,False,False,False,False,False,False,0,0,0,0,False,False,False,0,0,False,False,0,0,0,False,False,0.04,1,True,True,1.131,True,False,False
ADAUSDT,BUY,14366,2026-03-15 05:00:00,0.2653,11.383,1.319,4.109,318,win,0.415,0.867,1.848,0,fresh,40.0,False,0.55,False,False,none,False,False,4,1,True,False,False,False,False,False,False,False,0,0,0,0,False,False,False,0,0,False,False,0,0,0,False,False,0.07,0,True,True,1.131,False,False,False
ADAUSDT,SELL,14684,2026-03-18 12:30:00,0.2762,10.391,0.434,5.865,482,win,0.76,1.521,-4.96,0,fresh,65.9,False,2.18,True,True,bearish,True,False,3,4,True,False,False,False,False,False,False,False,0,0,0,0,False,False,False,0,0,False,False,0,0,0,False,False,0.66,0,True,False,1.774,True,False,True
ADAUSDT,BUY,15166,2026-03-23 13:00:00,0.26,6.462,0.846,0.846,259,win,0.923,1.847,3.694,0,fresh,29.4,False,0.38,False,False,none,False,False,2,2,False,False,False,False,False,False,False,False,0,0,0,0,False,False,False,0,0,False,False,0,0,0,False,False,0.01,1,True,True,5.502,True,False,True
ADAUSDT,SELL,15425,2026-03-26 05:45:00,0.2622,11.365,0.114,4.31,395,win,0.419,0.801,-2.669,0,fresh,81.3,False,3.68,True,True,bearish,True,False,0,7,True,False,False,False,False,False,False,False,0,0,0,0,False,False,False,0,0,False,False,0,0,0,False,False,3.08,0,True,False,0.762,False,False,False
ADAUSDT,BUY,15820,2026-03-30 08:30:00,0.2509,0.757,4.583,-4.145,102,lose,0.558,1.116,3.348,0,fresh,61.1,True,1.68,True,False,none,False,False,5,0,True,False,False,False,False,False,False,False,0,0,0,0,False,False,False,0,0,False,False,0,0,0,False,False,0.29,0,True,False,1.674,True,False,False
ADAUSDT,SELL,15922,2026-03-31 10:00:00,0.2405,2.62,5.904,-5.073,82,win,0.541,1.081,-2.703,0,fresh,27.3,True,1.15,False,False,none,False,False,0,2,True,False,False,False,False,False,False,False,0,0,0,0,False,False,False,0,0,False,False,0,0,0,False,False,0.82,0,True,True,1.746,True,False,False
ADAUSDT,BUY,16004,2026-04-01 06:30:00,0.2527,0.237,6.015,-5.461,85,lose,0.713,1.425,4.513,0,fresh,35.3,True,1.41,False,False,none,False,False,6,0,True,False,False,False,False,False,False,False,0,0,0,0,False,False,False,1,0,False,False,0,0,0,False,False,0.79,0,True,False,1.663,True,False,False
ADAUSDT,SELL,16089,2026-04-02 03:45:00,0.2389,1.8,2.637,-2.093,114,lose,0.795,1.632,-4.228,0,fresh,33.3,True,1.15,False,False,none,False,False,1,3,True,False,False,False,False,False,False,False,0,0,0,0,False,False,False,0,0,False,False,0,0,0,False,False,0.3,0,True,False,1.256,True,False,True
ADAUSDT,BUY,16203,2026-04-03 08:15:00,0.2439,3.034,0.943,-0.656,188,win,0.451,0.902,1.723,0,fresh,28.6,True,1.94,True,False,none,False,False,2,0,True,False,False,False,False,False,False,False,0,0,0,0,False,False,False,0,0,False,False,0,0,0,False,False,0.38,0,True,False,1.231,False,False,False
ADAUSDT,SELL,16391,2026-04-05 07:15:00,0.2423,1.156,5.943,-5.118,67,lose,0.33,0.66,-1.65,0,fresh,60.0,False,0.56,False,True,bearish,True,False,1,8,True,False,False,False,False,False,False,False,0,0,0,0,False,False,False,0,0,False,False,0,0,0,False,False,0.5,1,True,False,0.248,False,False,False
ADAUSDT,BUY,16458,2026-04-06 00:00:00,0.2547,2.081,4.005,-3.808,93,win,0.707,1.453,5.222,0,fresh,65.0,True,5.77,True,True,bullish,True,False,5,1,True,False,False,False,False,False,False,False,0,0,0,0,False,False,False,0,1,True,False,0,0,0,False,False,7.55,0,True,False,0.236,True,False,False
ADAUSDT,SELL,16551,2026-04-06 23:15:00,0.245,2.163,4.245,-4.041,92,win,0.49,0.939,-3.551,0,fresh,81.8,False,1.67,True,False,none,False,False,0,6,True,False,False,False,False,False,False,False,0,0,0,0,False,False,False,0,0,False,False,0,0,0,False,False,0.86,0,True,False,0.245,False,False,False
ADAUSDT,BUY,16643,2026-04-07 22:15:00,0.2549,4.472,1.452,-1.255,89,win,0.667,1.334,4.396,0,fresh,12.5,True,1.22,False,False,none,False,False,7,0,True,False,False,False,False,False,False,False,0,0,0,0,False,False,False,0,0,False,False,0,0,0,False,False,0.25,0,True,False,1.02,True,False,False
ADAUSDT,SELL,16732,2026-04-08 20:30:00,0.2517,1.748,2.463,-2.026,100,lose,0.477,0.913,-2.581,0,fresh,50.0,False,1.25,False,False,none,False,False,0,2,True,False,False,False,False,False,False,False,0,0,0,0,False,False,False,0,0,False,False,0,0,0,False,False,8.07,0,True,False,1.033,False,False,False
ADAUSDT,BUY,16832,2026-04-09 21:30:00,0.2568,1.674,2.96,-2.531,139,lose,0.545,1.051,2.375,0,fresh,46.2,True,1.07,False,False,none,False,False,0,1,False,True,False,False,False,False,False,False,0,0,0,0,False,False,False,0,0,False,False,0,0,0,False,False,1.23,0,True,False,1.012,True,False,False
ADAUSDT,SELL,16971,2026-04-11 08:15:00,0.2503,6.073,2.237,1.199,250,win,0.32,0.6,-1.439,0,fresh,50.0,False,0.48,False,False,none,False,False,0,2,True,False,False,False,False,False,False,False,0,0,0,0,False,False,False,0,0,False,False,0,0,0,False,False,0.38,0,True,False,0.879,False,False,False
ADAUSDT,BUY,17221,2026-04-13 22:45:00,0.2473,0.89,3.761,-2.911,134,lose,0.647,1.294,3.922,0,fresh,26.1,True,1.83,True,False,none,False,False,4,1,True,False,False,False,False,False,False,False,0,0,0,0,False,False,False,0,1,True,False,0,0,0,False,False,0.08,0,True,False,0.687,True,False,False
ADAUSDT,SELL,17355,2026-04-15 08:15:00,0.2401,0.625,3.124,-2.666,44,lose,0.375,0.75,-1.333,0,fresh,61.5,True,0.99,False,True,bullish,False,True,3,2,False,True,False,False,False,False,False,False,0,0,1,0,False,False,True,1,1,False,False,0,0,0,False,False,0.2,0,True,False,0.708,False,False,False
ADAUSDT,BUY,17399,2026-04-15 19:15:00,0.2465,8.682,1.217,2.515,253,win,0.568,1.096,2.476,0,fresh,50.0,False,0.79,False,False,none,False,False,3,0,True,False,False,False,False,False,False,False,0,0,0,0,False,False,False,0,0,False,False,0,0,0,False,False,1.08,0,True,False,0.69,True,False,False
ADAUSDT,SELL,17652,2026-04-18 10:30:00,0.2527,4.749,0.198,1.345,266,win,0.514,1.028,-2.967,0,fresh,16.7,True,0.83,False,False,none,False,False,0,4,True,False,False,False,False,False,False,False,0,0,0,0,False,False,False,0,0,False,False,0,0,0,False,False,0.07,0,True,False,0.831,True,False,False
ADAUSDT,BUY,17918,2026-04-21 05:00:00,0.2493,3.289,2.206,-0.923,177,win,0.361,0.762,1.564,0,fresh,61.1,True,1.95,True,True,bullish,True,False,2,2,False,False,False,False,False,False,False,False,0,0,0,1,False,False,True,0,1,True,False,0,1,0,False,False,0.98,0,True,False,0.802,False,False,False
ADAUSDT,SELL,18095,2026-04-23 01:15:00,0.247,1.053,1.984,-1.377,150,lose,0.445,0.891,-2.389,0,fresh,88.9,False,0.47,False,False,none,False,False,1,5,True,False,False,False,False,False,False,False,0,0,0,0,False,False,False,0,0,False,False,0,0,0,False,False,0.37,0,True,True,0.81,False,False,False
ADAUSDT,BUY,18245,2026-04-24 14:45:00,0.2504,1.358,0.998,-0.719,112,lose,0.359,0.719,1.158,0,fresh,50.0,False,0.87,False,False,none,False,False,4,0,True,False,False,False,False,False,False,False,0,0,0,0,False,False,False,0,0,False,False,0,0,0,False,False,0.36,0,True,False,1.358,False,False,False
ADAUSDT,SELL,18357,2026-04-25 18:45:00,0.2486,0.121,2.253,-2.212,66,lose,0.282,0.563,-1.006,0,fresh,40.0,False,0.34,False,False,none,False,False,0,3,True,False,False,False,False,False,False,False,0,0,0,0,False,False,False,0,1,False,False,0,0,0,False,False,0.9,0,True,True,1.368,False,False,False
ADAUSDT,BUY,18423,2026-04-26 11:15:00,0.2541,0.787,3.188,-2.715,80,lose,0.315,0.63,1.928,0,fresh,81.2,True,1.95,True,True,bullish,True,False,1,0,True,False,False,False,False,False,False,False,0,0,0,0,False,False,False,0,0,False,False,0,0,0,False,False,1.77,0,True,False,1.338,False,False,False
ADAUSDT,SELL,18503,2026-04-27 07:15:00,0.2472,1.78,1.335,-0.971,193,lose,0.485,0.971,-2.225,0,fresh,16.7,False,0.45,False,False,none,False,False,0,4,True,False,False,False,False,False,False,False,0,1,0,0,True,False,True,0,1,False,False,0,0,0,False,False,0.04,0,True,True,1.375,False,False,False
ADAUSDT,BUY,18696,2026-04-29 07:30:00,0.2496,1.763,2.644,-2.324,33,lose,0.32,0.601,1.322,0,fresh,27.3,True,1.47,False,False,none,False,False,5,0,True,False,False,False,False,False,False,False,0,0,0,0,False,False,False,0,0,False,False,0,0,0,False,False,1.21,1,True,False,1.562,False,False,False
ADAUSDT,SELL,18729,2026-04-29 15:45:00,0.2438,2.338,2.666,-2.297,145,win,0.492,0.984,-2.543,0,fresh,0.0,False,1.83,True,False,none,False,False,0,5,True,False,False,False,False,False,False,False,0,0,0,0,False,False,False,0,0,False,False,0,0,0,False,False,0.46,0,True,False,1.6,False,False,False
ADAUSDT,BUY,18874,2026-05-01 04:00:00,0.2494,9.743,1.083,4.651,650,win,0.361,0.762,1.805,0,fresh,54.5,True,1.75,True,False,none,False,False,1,0,True,False,False,False,False,False,False,False,1,0,0,0,True,False,True,1,1,False,False,0,0,0,False,False,0.19,1,True,True,1.243,False,False,False
ADAUSDT,SELL,19524,2026-05-07 22:30:00,0.261,0.421,3.985,-3.793,75,lose,0.498,0.957,-2.221,0,fresh,40.0,False,0.7,False,False,none,False,False,3,3,False,False,False,False,False,False,False,False,1,0,0,0,False,False,True,1,0,True,False,0,0,0,False,False,0.94,0,True,False,0.996,False,False,False
ADAUSDT,BUY,19599,2026-05-08 17:15:00,0.2709,2.879,0.849,-0.48,146,win,0.517,1.034,3.027,0,fresh,70.8,True,1.62,True,True,bullish,True,False,3,0,True,False,False,False,False,False,False,False,0,0,0,0,False,False,False,0,0,False,False,0,0,0,False,False,2.89,0,True,False,0.517,True,False,False
ADAUSDT,SELL,19745,2026-05-10 05:45:00,0.2696,0.519,2.856,-2.782,39,lose,0.297,0.594,-1.15,0,fresh,66.7,False,0.79,False,True,bearish,True,False,2,3,True,False,False,False,False,False,False,False,0,0,0,0,False,False,False,0,0,False,False,0,0,0,False,False,0.11,0,True,False,2.226,False,False,False
ADAUSDT,BUY,19784,2026-05-10 15:30:00,0.2771,4.15,1.155,-0.938,166,win,0.397,0.758,2.346,0,fresh,87.5,True,2.54,True,True,bullish,True,False,5,0,True,False,False,False,False,False,False,False,0,0,0,0,False,False,False,0,0,False,False,0,0,0,False,False,2.3,0,True,True,2.165,False,False,False
ADAUSDT,SELL,19950,2026-05-12 09:00:00,0.2745,4.918,1.166,1.093,221,win,0.437,0.911,-2.332,0,fresh,88.9,False,1.56,True,True,bearish,True,False,1,2,True,False,False,False,False,False,False,False,0,0,0,0,False,False,False,0,0,False,False,0,0,0,False,False,0.07,0,True,True,3.025,False,False,False
ADAUSDT,BUY,20171,2026-05-14 16:15:00,0.2715,3.241,4.088,-3.978,85,win,0.516,0.995,2.542,0,fresh,20.0,False,0.91,False,False,none,False,False,4,1,True,False,False,False,False,False,False,False,0,0,0,0,False,False,False,0,0,False,False,0,0,0,False,False,0.68,0,True,False,1.032,True,False,False
ADAUSDT,SELL,20256,2026-05-15 13:30:00,0.2607,6.022,0.69,3.567,636,win,0.46,0.92,-3.643,0,fresh,87.5,False,6.98,True,True,bearish,True,False,0,3,True,False,False,False,False,False,False,False,0,0,0,0,False,False,False,0,0,False,False,0,0,0,False,False,4.11,0,True,False,1.84,False,False,False
ADAUSDT,BUY,20892,2026-05-22 04:30:00,0.2514,1.233,3.699,-3.302,60,lose,0.358,0.716,1.035,0,fresh,87.5,False,0.94,False,False,none,False,False,1,0,True,False,False,False,False,False,False,False,0,0,0,0,False,False,False,0,1,True,False,0,0,0,False,False,0.47,0,True,True,2.626,False,False,False
ADAUSDT,SELL,20952,2026-05-22 19:30:00,0.2431,3.044,2.509,-2.304,100,win,0.617,1.275,-3.702,0,fresh,56.0,False,2.76,True,False,none,False,False,0,3,True,False,False,False,False,False,False,False,0,0,0,0,False,False,False,0,0,False,False,0,0,0,False,False,2.09,0,True,False,2.715,True,False,False
ADAUSDT,BUY,21052,2026-05-23 20:30:00,0.2487,0.844,3.177,-2.774,97,lose,0.483,1.005,3.498,0,fresh,87.5,True,6.51,True,True,bullish,True,False,3,0,True,False,False,False,False,False,False,False,0,0,0,0,False,False,False,0,0,False,False,0,0,0,False,True,12.85,1,True,True,5.428,False,False,False
ADAUSDT,SELL,21149,2026-05-24 20:45:00,0.2418,1.447,2.233,-1.696,78,lose,0.29,0.538,-1.365,0,fresh,9.1,False,2.42,True,False,none,False,False,0,2,True,False,False,False,False,False,False,False,0,0,0,0,False,False,False,0,0,False,False,0,0,0,False,False,5.72,0,True,True,5.585,False,False,False
ADAUSDT,BUY,21227,2026-05-25 16:15:00,0.2459,0.732,2.521,-2.115,38,lose,0.325,0.61,1.342,0,fresh,42.9,True,0.66,False,False,none,False,False,0,0,False,False,False,False,False,False,False,False,0,0,0,0,False,False,False,0,0,False,False,0,0,0,False,False,0.21,0,True,True,5.49,False,False,False
ADAUSDT,SELL,21265,2026-05-26 01:45:00,0.2407,5.359,2.742,0.956,388,win,0.415,0.831,-1.953,0,fresh,55.6,True,1.07,False,False,none,False,False,1,3,True,False,False,False,False,False,False,False,0,0,0,0,False,False,False,0,0,False,False,0,0,0,False,False,0.34,0,True,True,5.609,False,False,False
ADAUSDT,BUY,21653,2026-05-30 02:45:00,0.2384,0.419,2.643,-2.391,151,lose,0.461,0.923,2.391,0,fresh,66.7,True,1.01,False,False,none,False,False,6,0,True,False,False,False,False,False,False,False,0,0,0,0,False,False,False,0,0,False,False,0,0,0,False,False,0.12,1,True,True,7.383,False,False,False
ADAUSDT,SELL,21804,2026-05-31 16:30:00,0.2327,36.184,2.063,28.749,643,win,0.43,0.859,-2.019,0,fresh,33.3,False,1.33,False,False,none,False,False,1,2,True,False,False,False,False,False,False,False,0,0,0,0,False,False,False,0,0,False,False,0,0,0,False,False,0.03,0,True,True,7.56,False,False,False
ADAUSDT,BUY,22447,2026-06-07 09:15:00,0.1658,5.187,4.765,-2.232,266,win,0.844,1.749,5.006,0,fresh,28.6,False,1.45,False,False,none,False,False,5,0,True,False,False,False,False,False,False,False,1,0,0,0,True,False,True,1,0,False,False,0,0,0,False,False,1.16,0,True,False,2.413,True,False,True
ADAUSDT,SELL,22713,2026-06-10 03:45:00,0.1621,2.468,5.182,-5.182,152,win,0.74,1.481,-3.516,0,fresh,42.9,True,0.63,False,False,none,False,False,0,2,True,False,False,False,False,False,False,False,0,0,0,0,False,False,False,0,0,False,False,0,0,0,False,False,0.4,0,True,False,2.159,True,False,False
ADAUSDT,BUY,22865,2026-06-11 17:45:00,0.1705,3.05,2.111,-1.994,270,win,0.821,1.701,5.044,0,fresh,90.0,True,3.22,True,True,bullish,True,False,3,0,True,False,False,False,False,False,False,False,0,0,0,0,False,False,False,0,1,True,False,0,1,0,False,False,0.31,0,True,False,2.053,True,False,True
ADAUSDT,SELL,23135,2026-06-14 13:15:00,0.1671,1.137,5.326,-4.967,36,lose,0.479,0.898,-2.992,0,fresh,75.0,False,1.86,True,False,none,False,False,1,3,True,False,False,False,False,False,False,False,0,0,0,0,False,False,False,0,0,False,False,0,0,0,False,False,1.05,0,True,False,0.658,False,False,False
ADAUSDT,BUY,23171,2026-06-14 22:15:00,0.1754,8.267,0.912,0.114,112,win,0.741,1.482,4.561,0,fresh,63.2,True,2.04,True,True,bullish,True,False,5,0,True,False,False,False,False,False,False,False,0,0,0,0,False,False,False,0,0,False,False,0,0,0,False,False,0.05,1,True,False,2.737,True,False,False
ADAUSDT,SELL,23283,2026-06-16 02:15:00,0.1756,20.615,3.303,14.522,879,win,0.797,1.538,-4.043,0,fresh,38.9,False,1.96,True,False,none,False,False,0,1,True,False,False,False,False,False,False,False,0,1,0,0,True,False,True,0,1,False,True,0,1,0,False,False,0.83,0,True,False,2.733,True,False,True
ADAUSDT,BUY,24162,2026-06-25 06:00:00,0.1501,0.2,7.995,-4.93,34,lose,0.533,1.066,3.065,0,fresh,33.3,True,0.69,False,False,none,False,False,2,0,True,False,False,False,False,False,False,False,0,0,0,1,False,False,True,1,1,False,False,0,0,0,False,False,0.17,0,True,True,2.265,True,False,False
ADAUSDT,SELL,24196,2026-06-25 14:30:00,0.1427,3.083,5.046,-4.135,107,win,1.261,2.593,-5.396,0,fresh,0.0,False,1.69,True,False,none,False,False,0,3,True,False,False,False,False,False,False,False,0,0,0,0,False,False,False,0,1,False,False,0,0,0,False,False,0.03,1,True,False,3.854,True,False,True
ADAUSDT,BUY,24303,2026-06-26 17:15:00,0.1486,0.673,2.894,-2.624,115,lose,0.943,1.886,4.175,0,fresh,33.3,False,0.5,False,False,none,False,False,3,0,True,False,False,False,False,False,False,False,0,0,0,0,False,False,False,1,1,False,False,0,0,0,False,False,0.71,0,True,False,2.088,True,False,True
ADAUSDT,SELL,24418,2026-06-27 22:00:00,0.1447,2.557,2.833,-1.313,194,win,0.415,0.898,-2.073,0,fresh,14.3,False,0.84,False,False,none,False,False,0,4,True,False,False,False,False,False,False,False,0,0,0,0,False,False,False,0,0,False,False,0,0,0,False,False,1.41,1,True,False,1.175,False,False,False
ADAUSDT,BUY,24612,2026-06-29 22:30:00,0.1466,0.0,3.138,-3.07,57,lose,0.478,0.956,1.433,0,fresh,40.0,False,0.6,False,True,bearish,False,True,1,1,False,False,False,False,False,False,False,False,0,0,0,0,False,False,False,1,0,False,False,0,0,0,False,False,0.44,0,True,True,2.184,False,False,False
ADAUSDT,SELL,24669,2026-06-30 12:45:00,0.1421,0.211,7.671,-7.108,62,lose,0.423,0.775,-2.465,0,fresh,71.4,False,4.28,True,False,none,False,False,0,4,True,False,False,False,False,False,False,False,0,0,0,0,False,False,False,0,1,False,False,0,0,0,False,False,4.08,0,True,False,2.254,False,False,False
ADAUSDT,BUY,24731,2026-07-01 04:15:00,0.1522,31.34,2.365,20.894,489,win,0.854,1.707,6.041,0,fresh,80.5,True,3.76,True,True,bullish,True,False,5,1,True,False,False,False,False,False,False,False,0,0,0,0,False,False,False,0,1,True,False,0,0,0,False,False,1.78,1,True,False,3.349,True,False,True
ADAUSDT,SELL,25220,2026-07-06 06:30:00,0.184,10.489,1.685,6.467,516,win,0.598,1.25,-3.098,0,fresh,0.0,False,0.81,False,False,none,False,False,0,1,True,False,False,False,False,False,False,False,0,0,0,0,False,False,False,0,0,False,False,0,0,0,False,False,0.12,0,True,False,1.685,True,False,False
ADAUSDT,BUY,25736,2026-07-11 15:30:00,0.1721,0.581,5.404,-5.171,36,lose,0.639,1.278,3.603,0,fresh,16.7,True,7.4,True,False,none,False,False,2,0,True,False,False,False,False,False,False,False,0,0,0,0,False,False,False,1,0,False,False,0,0,0,False,False,1.49,0,True,False,0.988,True,False,False
ADAUSDT,SELL,25772,2026-07-12 00:30:00,0.1632,4.841,1.961,-0.306,245,win,0.674,1.348,-4.044,0,fresh,68.7,False,3.16,True,False,none,False,False,0,5,True,False,False,False,False,False,False,False,0,0,0,0,False,False,False,0,0,False,False,0,0,0,False,False,0.92,0,True,False,1.042,True,False,False
ADAUSDT,BUY,26017,2026-07-14 13:45:00,0.1637,3.421,1.71,-1.1,177,win,0.55,1.161,3.484,0,fresh,11.1,True,0.88,False,False,none,False,False,3,0,True,False,False,False,False,False,False,False,0,0,0,0,False,False,False,0,0,False,False,0,0,0,False,False,0.22,1,True,False,3.729,True,False,False
ADAUSDT,SELL,26194,2026-07-16 10:00:00,0.1619,2.656,3.15,-2.409,125,win,0.432,0.865,-1.729,0,fresh,42.9,True,0.42,False,False,none,False,False,0,2,True,False,False,False,False,False,False,False,0,1,0,0,True,False,True,0,1,False,False,0,0,0,False,False,0.17,0,True,False,1.359,False,False,False
ADAUSDT,BUY,26319,2026-07-17 17:15:00,0.1658,2.051,2.654,-2.533,244,win,0.784,1.568,3.86,0,fresh,9.1,False,0.61,False,False,none,False,False,3,3,False,False,False,False,False,False,False,False,0,0,0,0,False,False,False,0,0,False,False,0,0,0,False,False,0.68,0,True,True,1.327,True,False,True
ADAUSDT,SELL,26563,2026-07-20 06:15:00,0.1616,0.681,5.569,-4.146,49,lose,0.618,1.299,-3.216,0,fresh,30.0,False,1.45,False,True,bearish,True,False,0,4,True,False,False,False,False,False,False,False,0,0,0,0,False,False,False,0,0,False,False,0,0,0,False,False,0.23,1,True,False,1.361,True,False,False
ADAUSDT,BUY,26612,2026-07-20 18:30:00,0.1683,7.427,0.713,0.891,275,win,0.772,1.485,3.444,0,fresh,16.7,False,1.54,True,False,none,False,False,5,1,True,False,False,False,False,False,False,False,0,0,0,0,False,False,False,0,0,False,False,0,0,0,False,False,0.23,0,True,False,1.722,True,False,False
ADAUSDT,SELL,26887,2026-07-23 15:15:00,0.1698,5.006,0.471,2.532,202,win,0.707,1.473,-3.477,0,fresh,65.0,True,1.17,False,False,none,False,False,0,2,True,False,False,False,False,False,False,False,0,0,0,0,False,False,False,1,0,True,False,0,0,0,False,False,0.52,0,True,False,2.298,True,False,False
ADAUSDT,BUY,27089,2026-07-25 17:45:00,0.1655,1.027,4.713,-3.988,181,lose,0.423,0.845,1.812,0,fresh,6.7,False,3.95,True,False,none,False,False,3,0,True,False,False,False,False,False,False,False,0,0,0,0,False,False,False,1,0,False,False,0,0,0,False,False,1.14,0,True,False,0.302,False,False,False
ADAUSDT,SELL,27270,2026-07-27 15:00:00,0.1589,3.587,2.832,-2.077,126,win,0.755,1.51,-4.783,0,fresh,20.0,True,1.24,False,False,none,False,False,1,5,True,False,False,False,False,False,False,False,0,0,0,0,False,False,False,0,0,False,False,0,0,0,False,False,0.13,1,True,False,1.133,True,False,True
ADAUSDT,BUY,27396,2026-07-28 22:30:00,0.1622,22.996,1.171,15.66,792,win,0.555,1.11,3.085,0,fresh,28.6,False,1.57,True,False,none,False,False,3,0,True,False,False,False,False,False,False,False,0,0,0,0,False,False,False,0,0,False,False,0,0,0,False,False,0.31,0,True,False,1.789,True,False,False
ADAUSDT,SELL,28188,2026-08-06 04:30:00,0.1876,0.32,8.369,-6.716,41,lose,0.64,1.28,-3.04,0,fresh,33.3,False,0.93,False,False,none,False,False,1,1,False,False,False,False,False,False,False,False,0,0,1,0,False,False,True,1,1,False,False,0,0,0,False,False,0.07,1,True,True,3.413,True,False,False
ADAUSDT,BUY,28229,2026-08-06 14:45:00,0.2002,5.744,2.348,-1.798,269,win,0.949,1.897,5.991,0,fresh,62.1,False,2.64,True,False,none,False,False,6,1,True,False,False,False,False,False,False,False,0,0,0,0,False,False,False,0,0,False,False,0,0,0,False,False,0.54,1,True,False,3.195,True,False,True
ADAUSDT,SELL,28498,2026-08-09 10:00:00,0.1966,12.97,1.424,7.681,982,win,0.407,0.763,-1.933,0,fresh,41.7,True,2.11,True,False,none,False,False,2,3,True,False,False,False,False,False,False,False,0,1,0,0,True,False,True,1,1,False,False,0,0,0,False,False,0.98,0,True,False,1.272,False,False,False
ADAUSDT,BUY,29480,2026-08-19 15:30:00,0.1815,42.59,2.094,19.284,344,win,0.771,1.542,5.066,0,fresh,62.5,False,2.89,True,False,none,False,False,5,2,True,False,False,False,False,False,False,False,0,0,0,0,False,False,False,0,0,False,False,0,0,0,False,False,0.42,0,True,False,1.211,True,False,True
ADAUSDT,SELL,29824,2026-08-23 05:30:00,0.2165,1.293,6.513,-3.418,175,lose,1.247,2.54,-5.958,0,fresh,50.0,False,0.69,False,False,none,False,False,0,4,True,False,False,False,False,False,False,False,0,0,0,0,False,False,False,0,1,False,False,0,1,1,True,False,0.65,0,True,False,1.293,True,False,True
AVAXUSDT,SELL,12,2025-10-16 16:30:00,21.035,9.627,2.239,4.093,244,win,1.155,2.309,-6.006,0,fresh,17.6,True,1.26,False,False,none,False,False,0,4,True,False,False,False,False,False,False,False,0,0,0,0,False,False,False,0,1,False,False,0,0,0,False,False,0.12,0,False,False,0.0,True,False,True
AVAXUSDT,BUY,256,2025-10-19 05:30:00,20.174,5.086,2.166,0.461,170,win,0.325,0.65,0.955,0,fresh,33.3,False,0.71,False,True,bearish,False,True,2,2,False,False,False,False,False,False,False,False,0,0,1,1,False,True,True,1,1,False,False,0,0,0,False,False,0.64,0,False,False,0.0,False,False,False
AVAXUSDT,SELL,426,2025-10-21 00:00:00,20.267,3.997,2.842,-2.472,61,win,0.4,0.8,-2.071,0,fresh,73.6,False,1.86,True,False,none,False,False,2,3,True,False,False,False,False,False,False,False,0,0,1,0,False,False,True,1,0,True,False,0,0,0,False,False,2.64,0,False,False,0.0,False,False,False
AVAXUSDT,BUY,487,2025-10-21 15:15:00,20.768,0.347,6.736,-6.26,37,lose,0.831,1.662,5.296,0,fresh,40.9,True,1.86,True,False,none,False,False,5,1,True,False,False,False,False,False,False,False,0,0,0,0,False,False,False,1,0,False,False,0,0,0,False,False,0.46,0,False,False,0.0,True,False,True
AVAXUSDT,SELL,524,2025-10-22 00:30:00,19.468,5.553,1.264,-0.349,128,win,0.797,1.594,-4.104,0,fresh,19.8,False,1.84,True,False,none,False,False,0,8,True,False,False,False,False,False,False,False,0,0,0,0,False,False,False,0,0,False,False,0,0,0,False,False,0.92,0,False,False,0.0,True,False,True
AVAXUSDT,BUY,652,2025-10-23 08:30:00,19.536,1.044,2.846,-2.472,60,lose,0.382,0.765,1.853,0,fresh,37.5,False,0.79,False,False,none,False,False,6,0,True,False,False,False,False,False,False,False,1,0,0,0,True,False,True,1,0,False,False,0,0,0,False,False,0.19,0,True,False,2.242,False,False,False
AVAXUSDT,SELL,712,2025-10-23 23:30:00,19.053,0.226,3.133,-2.63,31,lose,0.418,0.837,-1.862,0,fresh,33.3,True,0.78,False,False,none,False,False,0,7,True,False,False,False,False,False,False,False,0,0,0,0,False,False,False,0,1,False,False,0,1,0,False,False,0.52,0,True,True,2.299,False,False,False
AVAXUSDT,BUY,743,2025-10-24 07:15:00,19.554,7.819,2.24,3.196,402,win,0.418,0.835,1.679,0,fresh,32.5,True,0.65,False,False,none,False,False,3,0,True,False,False,False,False,False,False,False,0,0,0,0,False,False,False,0,0,False,False,0,0,0,False,False,0.65,0,True,False,2.24,False,False,False
AVAXUSDT,SELL,1145,2025-10-28 11:45:00,20.179,13.197,1.472,7.939,378,win,0.494,0.987,-2.016,0,fresh,67.4,False,1.11,False,False,none,False,False,3,4,True,False,False,False,False,False,False,False,0,0,0,0,False,False,False,1,0,True,False,0,0,0,False,False,1.17,0,True,False,2.354,False,False,False
AVAXUSDT,BUY,1523,2025-11-01 10:15:00,18.577,2.277,2.132,-1.69,118,win,0.444,0.889,2.231,0,fresh,51.7,True,1.05,False,False,none,False,False,3,0,True,False,False,False,False,False,False,False,0,0,0,0,False,False,False,0,0,False,False,0,0,0,False,False,0.01,0,True,False,1.136,False,False,False
AVAXUSDT,SELL,1641,2025-11-02 15:45:00,18.263,18.009,3.526,7.381,300,win,0.523,1.047,-2.56,0,fresh,52.4,False,0.65,False,False,none,False,False,2,3,True,False,False,False,False,False,False,False,0,0,0,0,False,False,False,0,0,False,False,0,0,0,False,False,0.61,0,True,False,1.155,True,False,False
AVAXUSDT,BUY,1941,2025-11-05 18:45:00,16.915,0.053,5.439,-5.208,81,lose,0.669,1.337,3.765,0,fresh,12.9,False,0.91,False,False,none,False,False,3,2,True,False,False,False,False,False,False,False,1,0,0,0,True,False,True,1,0,False,False,0,0,0,False,False,0.09,0,True,False,3.003,True,False,False
AVAXUSDT,SELL,2022,2025-11-06 15:00:00,16.034,2.782,5.582,-5.463,67,win,0.717,1.434,-3.537,0,fresh,12.0,False,2.05,True,False,none,False,False,3,4,True,False,False,False,False,False,False,False,0,0,0,0,False,False,False,0,0,False,False,0,0,0,False,False,0.01,0,True,False,0.967,True,False,False
AVAXUSDT,BUY,2089,2025-11-07 07:45:00,16.91,8.829,4.926,-0.03,172,win,0.616,1.232,4.262,0,fresh,88.4,True,1.7,True,True,bullish,True,False,6,0,True,False,False,False,False,False,False,False,0,0,0,0,False,False,False,0,0,False,False,0,0,0,False,False,3.53,0,True,False,0.917,True,False,False
AVAXUSDT,SELL,2261,2025-11-09 02:45:00,16.905,0.68,5.732,-5.099,47,lose,0.598,1.197,-3.626,0,fresh,26.8,False,2.49,True,False,none,False,False,0,5,True,False,False,False,False,False,False,False,0,0,1,0,False,False,True,1,0,True,False,0,0,0,False,False,0.39,0,True,False,0.917,True,False,False
AVAXUSDT,BUY,2308,2025-11-09 14:30:00,17.767,4.683,2.899,-2.431,210,win,0.643,1.286,3.835,0,fresh,25.2,False,3.07,True,False,none,False,False,4,2,True,False,False,False,False,False,False,False,0,0,0,0,False,False,False,0,0,False,False,0,0,0,False,False,0.13,0,True,False,0.872,True,False,False
AVAXUSDT,SELL,2518,2025-11-11 19:00:00,17.335,4.13,2.452,-1.309,145,win,0.699,1.397,-3.414,0,fresh,45.2,False,1.39,False,False,none,False,False,0,2,True,False,False,False,False,False,False,False,0,0,0,0,False,False,False,0,0,False,False,0,0,0,False,False,1.82,0,True,False,0.894,True,False,False
AVAXUSDT,BUY,2663,2025-11-13 07:15:00,17.562,0.216,7.562,-7.334,43,lose,0.735,1.469,3.386,0,fresh,32.0,False,0.52,False,False,none,False,False,3,0,True,False,False,False,False,False,False,False,0,0,0,0,False,False,False,1,0,False,False,0,0,0,False,False,1.14,0,True,False,0.883,True,False,False
AVAXUSDT,SELL,2706,2025-11-13 18:00:00,16.274,24.727,0.363,17.039,1004,win,0.992,1.984,-6.714,0,fresh,60.1,False,1.57,True,True,bearish,True,False,0,6,True,False,False,False,False,False,False,False,0,0,0,0,False,False,False,0,0,False,False,0,0,0,False,False,2.22,0,True,False,0.952,True,False,True
AVAXUSDT,BUY,3710,2025-11-24 05:00:00,13.501,13.006,1.874,9.807,469,win,0.585,1.17,2.478,0,fresh,89.6,True,1.76,True,True,bullish,True,False,4,2,True,False,False,False,False,False,False,False,0,0,0,0,False,False,False,0,1,True,False,0,0,0,False,False,3.09,0,True,True,9.607,True,False,False
AVAXUSDT,SELL,4179,2025-11-29 02:15:00,14.825,15.386,0.513,9.342,340,win,0.204,0.407,-1.093,0,fresh,90.5,False,0.59,False,False,none,False,False,0,1,True,False,False,False,False,False,False,False,0,1,0,0,True,False,True,0,1,False,False,0,0,0,False,False,0.01,0,True,False,0.675,False,False,False
AVAXUSDT,BUY,4519,2025-12-02 15:15:00,13.44,12.173,0.0,7.039,212,win,0.692,1.384,4.562,0,fresh,10.3,False,2.56,True,False,none,False,False,7,1,True,False,False,False,False,False,False,False,0,0,0,0,False,False,False,0,1,True,False,0,1,0,False,False,0.23,0,True,False,1.897,True,False,False
AVAXUSDT,SELL,4731,2025-12-04 20:15:00,14.386,10.329,0.918,4.31,282,win,0.557,1.114,-2.003,0,fresh,18.5,False,0.61,False,False,none,False,False,1,3,True,False,False,False,False,False,False,False,0,1,0,0,True,False,True,1,1,False,False,1,0,0,False,False,0.09,1,True,False,1.314,True,False,False
AVAXUSDT,BUY,5013,2025-12-07 18:45:00,13.766,7.664,3.69,1.569,310,win,0.785,1.571,3.947,0,fresh,21.2,False,0.5,False,False,none,False,False,4,2,True,False,False,False,False,False,False,False,0,0,0,0,False,False,False,1,1,False,False,1,0,0,False,False,0.19,1,True,False,2.76,True,False,True
AVAXUSDT,SELL,5323,2025-12-11 00:15:00,13.982,7.953,0.007,2.546,134,win,0.765,1.531,-3.7,0,fresh,84.3,False,0.58,False,True,bearish,True,False,0,8,True,False,False,False,False,False,False,False,0,0,0,0,False,False,False,1,0,True,False,0,0,0,False,False,0.35,0,True,False,0.286,True,False,True
AVAXUSDT,BUY,5457,2025-12-12 09:45:00,13.626,0.352,6.113,-4.822,26,lose,0.487,0.973,1.968,0,fresh,82.1,True,1.31,False,True,bullish,True,False,5,5,False,False,False,False,False,False,False,False,0,0,0,0,False,False,False,1,0,False,False,1,0,0,False,False,1.56,0,True,False,1.262,False,False,False
AVAXUSDT,SELL,5483,2025-12-12 16:15:00,12.969,1.373,3.778,-3.316,67,lose,0.875,1.751,-4.993,0,fresh,29.5,True,2.12,True,False,none,False,False,2,5,True,False,False,False,False,False,False,False,0,0,0,0,False,False,False,0,0,False,False,0,0,0,False,False,0.41,0,True,False,1.326,True,False,True
AVAXUSDT,BUY,5550,2025-12-13 09:00:00,13.399,0.455,2.358,-2.112,100,lose,0.349,0.697,1.512,0,fresh,37.9,True,0.61,False,False,none,False,False,4,0,True,False,False,False,False,False,False,False,0,0,0,0,False,False,False,0,0,False,False,0,0,0,False,False,0.14,0,True,False,1.284,False,False,False
AVAXUSDT,SELL,5650,2025-12-14 10:00:00,13.116,14.143,1.815,9.02,478,win,0.271,0.543,-1.54,0,fresh,43.7,False,2.77,True,False,none,False,False,1,5,True,False,False,False,False,False,False,False,0,0,0,0,False,False,False,0,0,False,False,0,0,0,False,False,8.4,0,True,True,1.311,False,False,False
AVAXUSDT,BUY,6128,2025-12-19 09:30:00,11.933,4.408,0.142,1.542,185,win,0.665,1.33,2.999,0,fresh,14.7,False,0.43,False,False,none,False,False,3,1,True,False,False,False,False,False,False,False,0,0,0,0,False,False,False,0,0,False,False,0,0,0,False,False,0.33,1,True,False,1.006,True,False,False
AVAXUSDT,SELL,6313,2025-12-21 07:45:00,12.117,1.428,2.682,-2.03,115,lose,0.217,0.434,-1.007,0,fresh,28.6,True,0.84,False,False,none,False,False,2,1,False,True,False,False,False,False,False,False,0,0,0,0,False,False,False,0,0,False,False,0,0,0,False,False,0.59,0,True,False,0.603,False,False,False
AVAXUSDT,BUY,6428,2025-12-22 12:30:00,12.363,1.456,4.554,-3.486,105,lose,0.446,0.89,2.137,0,fresh,2.0,False,2.19,True,False,none,False,False,2,1,True,False,False,False,False,False,False,False,1,0,0,0,True,False,True,1,0,False,False,0,0,0,False,False,1.81,0,True,False,0.59,False,False,False
AVAXUSDT,SELL,6533,2025-12-23 14:45:00,11.932,0.511,3.771,-2.363,166,lose,0.629,1.257,-3.592,0,fresh,33.6,False,4.16,True,False,none,False,False,1,3,True,False,False,False,False,False,False,False,0,0,0,0,False,False,False,1,1,False,False,1,0,0,False,False,0.31,0,True,False,0.612,True,False,False
AVAXUSDT,BUY,6699,2025-12-25 08:15:00,12.214,2.751,1.621,-1.416,64,win,0.341,0.681,1.406,0,fresh,59.5,False,2.67,True,True,bearish,False,True,1,2,False,True,False,False,False,False,False,False,1,0,0,0,True,False,True,1,0,False,False,0,0,0,False,False,0.32,0,True,False,0.598,False,False,False
AVAXUSDT,SELL,6763,2025-12-26 00:15:00,12.041,0.208,4.75,-4.119,16,lose,0.517,1.034,-2.742,0,fresh,18.9,False,1.9,True,False,none,False,False,0,5,True,False,False,False,False,False,False,False,0,0,0,0,False,False,False,0,1,False,False,0,0,0,False,False,0.09,0,True,False,0.606,True,False,False
AVAXUSDT,BUY,6779,2025-12-26 04:15:00,12.537,0.295,3.254,-2.257,48,lose,0.499,0.996,2.513,0,fresh,17.1,True,0.34,False,False,none,False,False,7,1,True,False,False,False,False,False,False,False,0,0,0,0,False,False,False,1,1,False,False,0,0,0,False,False,0.54,0,True,False,0.582,False,False,False
AVAXUSDT,SELL,6827,2025-12-26 16:15:00,12.254,0.816,1.959,-1.861,83,lose,0.417,0.833,-1.588,0,fresh,66.1,True,0.76,False,False,none,False,False,0,3,True,False,False,False,False,False,False,False,0,0,0,0,False,False,False,0,1,False,False,0,1,0,False,False,0.14,0,True,True,0.596,False,False,False
AVAXUSDT,BUY,6910,2025-12-27 13:00:00,12.482,3.349,0.401,0.561,126,win,0.194,0.388,1.081,0,fresh,5.0,False,0.87,False,False,none,False,False,1,2,False,True,False,False,False,False,False,False,0,0,0,0,False,False,False,0,1,True,False,0,1,0,False,False,0.45,0,True,False,0.585,False,False,False
AVAXUSDT,SELL,7036,2025-12-28 20:30:00,12.552,0.239,3.258,-2.478,25,lose,0.281,0.562,-1.298,0,fresh,7.1,True,0.3,False,False,none,False,False,0,5,True,False,False,False,False,False,False,False,0,0,0,1,False,True,True,0,1,False,False,0,0,0,False,False,0.2,0,True,False,1.514,False,False,False
AVAXUSDT,BUY,7061,2025-12-29 02:45:00,12.863,2.604,3.265,-2.293,39,win,0.47,0.942,2.32,0,fresh,60.5,True,0.5,False,False,none,False,False,5,1,True,False,False,False,False,False,False,False,0,0,0,0,False,False,False,0,0,False,False,0,0,0,False,False,0.31,0,True,False,1.477,False,False,False
AVAXUSDT,SELL,7100,2025-12-29 12:30:00,12.568,3.016,1.321,0.366,301,win,0.549,1.097,-2.689,0,fresh,23.7,True,1.13,False,False,none,False,False,1,4,True,False,False,False,False,False,False,False,0,0,0,0,False,False,False,0,0,False,False,0,0,0,False,False,0.26,0,True,False,1.512,True,False,False
AVAXUSDT,BUY,7401,2026-01-01 15:45:00,12.522,18.456,0.232,12.682,573,win,0.291,0.582,1.734,0,fresh,36.6,True,3.0,True,False,none,False,False,6,1,True,False,False,False,False,False,False,False,0,0,0,0,False,False,False,0,0,False,False,0,0,0,False,False,0.17,0,True,False,1.517,False,False,False
AVAXUSDT,SELL,7974,2026-01-07 15:00:00,14.11,3.756,0.907,1.588,401,win,0.548,1.096,-3.313,0,fresh,77.4,False,2.01,True,True,bearish,True,False,2,4,True,False,False,False,False,False,False,False,0,0,0,0,False,False,False,0,0,False,False,0,0,0,False,False,0.63,1,True,True,4.826,True,False,False
AVAXUSDT,BUY,8375,2026-01-11 19:15:00,13.886,2.369,3.003,-1.844,64,win,0.397,0.794,1.249,0,fresh,12.1,False,0.38,False,False,none,False,False,2,3,False,True,False,False,False,False,False,False,0,0,1,0,False,True,True,1,0,False,False,0,0,0,False,False,1.32,0,True,True,5.538,False,False,False
AVAXUSDT,SELL,8439,2026-01-12 11:15:00,13.63,1.959,3.39,-3.206,109,lose,0.499,0.998,-1.805,0,fresh,17.6,True,0.67,False,False,none,False,False,1,3,True,False,False,False,False,False,False,False,0,0,0,0,False,False,False,0,0,False,False,0,0,0,False,False,1.76,0,True,False,5.642,False,False,False
AVAXUSDT,BUY,8548,2026-01-13 14:30:00,14.067,6.242,1.173,0.491,148,win,0.425,0.85,3.144,0,fresh,72.4,True,3.34,True,False,none,False,False,4,0,True,False,False,False,False,False,False,False,0,0,0,0,False,False,False,0,0,False,False,0,0,0,False,False,0.21,1,True,False,0.739,False,False,False
AVAXUSDT,SELL,8696,2026-01-15 03:30:00,14.136,6.812,2.37,1.91,236,win,0.553,1.106,-3.606,0,fresh,42.1,False,2.82,True,True,bearish,True,False,0,6,True,False,False,False,False,False,False,False,0,1,0,0,True,False,True,0,1,False,False,0,0,0,False,False,0.04,0,True,False,2.455,True,False,False
AVAXUSDT,BUY,8932,2026-01-17 14:30:00,13.866,0.426,2.178,-2.135,83,lose,0.342,0.684,2.217,0,fresh,44.9,True,4.83,True,True,bullish,True,False,4,1,True,False,True,False,True,False,True,True,0,0,0,0,False,False,False,1,0,False,False,0,0,0,False,False,7.39,0,True,False,0.786,False,False,False
AVAXUSDT,SELL,9015,2026-01-18 11:15:00,13.57,12.587,1.356,7.59,332,win,0.217,0.435,-1.217,0,fresh,8.3,False,0.56,False,False,none,False,False,0,4,True,False,False,False,False,False,False,False,0,0,0,0,False,False,False,0,0,False,False,0,0,0,False,False,1.39,0,True,False,0.803,False,False,False
AVAXUSDT,BUY,9347,2026-01-21 22:15:00,12.54,0.606,4.035,-3.939,68,lose,0.882,1.763,3.253,0,fresh,78.6,False,0.59,False,True,bearish,False,True,3,2,True,False,False,False,False,False,False,False,0,0,0,0,False,False,False,1,0,False,False,0,0,0,False,False,1.04,0,True,False,0.702,True,False,True
AVAXUSDT,SELL,9415,2026-01-22 15:15:00,12.046,6.832,3.669,2.001,435,win,0.569,1.138,-3.472,0,fresh,79.2,False,2.89,True,False,none,False,False,0,4,True,False,False,False,False,False,False,False,0,0,0,0,False,False,False,0,0,False,False,0,0,0,False,False,1.66,0,True,False,0.731,True,False,False
AVAXUSDT,BUY,9850,2026-01-27 04:00:00,11.805,4.049,1.965,-0.093,196,win,0.397,0.795,1.666,0,fresh,38.2,True,1.08,False,False,none,False,False,2,2,False,False,False,False,False,False,False,False,0,0,1,0,False,True,True,1,0,False,False,0,0,0,False,False,0.32,0,True,True,1.804,False,False,False
AVAXUSDT,SELL,10046,2026-01-29 05:00:00,11.794,36.12,0.56,21.596,814,win,0.536,1.072,-2.249,0,fresh,28.6,True,0.52,False,False,none,False,False,2,5,True,False,False,False,False,False,False,False,0,0,0,0,False,False,False,0,0,False,False,0,0,0,False,False,0.12,1,True,True,2.637,True,False,False
AVAXUSDT,BUY,10860,2026-02-06 16:30:00,9.247,2.347,4.261,-3.58,257,win,0.991,1.98,6.309,0,fresh,46.2,True,1.09,False,False,none,False,False,5,1,True,False,False,False,False,False,False,False,0,0,0,0,False,False,False,0,0,False,False,0,0,0,False,False,0.26,0,True,False,3.926,True,False,True
AVAXUSDT,SELL,11117,2026-02-09 08:45:00,8.916,5.462,3.017,0.606,291,win,0.537,1.074,-2.96,0,fresh,15.8,False,1.25,False,False,none,False,False,0,5,True,False,False,False,False,False,False,False,0,0,0,0,False,False,False,0,0,False,False,0,0,0,False,False,0.83,0,True,False,2.557,True,False,False
AVAXUSDT,BUY,11408,2026-02-12 09:30:00,8.862,9.964,2.844,4.378,321,win,0.423,0.846,2.433,0,fresh,60.0,True,1.75,True,True,bullish,True,False,5,3,True,False,False,False,False,False,False,False,0,0,0,0,False,False,False,0,0,False,False,0,0,0,False,False,1.31,0,True,False,2.573,False,False,False
AVAXUSDT,SELL,11729,2026-02-15 17:45:00,9.25,6.454,1.784,0.962,438,win,0.529,1.057,-3.147,0,fresh,38.8,False,3.44,True,True,bearish,True,False,1,6,True,False,False,False,False,False,False,False,0,0,0,0,False,False,False,0,0,False,False,0,0,0,False,False,3.27,0,True,True,2.465,True,False,False
AVAXUSDT,BUY,12167,2026-02-20 07:15:00,9.161,3.144,2.609,-1.124,166,win,0.416,0.831,3.363,0,fresh,40.5,True,2.18,True,True,bullish,True,False,6,0,True,False,False,False,False,False,False,False,0,0,0,0,False,False,False,0,1,True,False,0,0,0,False,False,0.16,0,True,True,4.05,False,False,False
AVAXUSDT,SELL,12333,2026-02-22 00:45:00,9.058,9.77,0.431,4.184,294,win,0.35,0.7,-2.026,0,fresh,87.5,True,0.7,False,False,none,False,False,1,7,True,False,False,False,False,False,False,False,0,0,0,0,False,False,False,0,0,False,False,0,0,0,False,False,0.04,1,True,True,4.096,False,False,False
AVAXUSDT,BUY,12627,2026-02-25 02:15:00,8.679,13.389,3.111,5.335,156,win,0.683,1.367,4.222,0,fresh,3.0,True,0.81,False,False,none,False,False,5,1,True,False,False,False,False,False,False,False,0,0,0,0,False,False,False,0,1,True,False,0,0,0,False,False,0.13,1,True,False,3.48,True,False,False
AVAXUSDT,SELL,12783,2026-02-26 17:15:00,9.142,7.832,3.708,-0.033,206,win,0.761,1.524,-3.764,0,fresh,18.0,True,0.53,False,False,none,False,False,2,1,False,True,False,False,False,False,False,False,0,0,0,0,False,False,False,0,0,False,False,0,0,0,False,False,0.74,0,True,False,2.221,True,False,True
AVAXUSDT,BUY,12989,2026-02-28 20:45:00,9.145,3.084,3.357,-3.007,97,win,0.831,1.662,5.241,0,fresh,54.4,True,1.35,False,False,none,False,False,5,0,True,False,False,False,False,False,False,False,0,0,0,0,False,False,False,0,0,False,False,0,0,0,False,False,0.26,0,True,False,3.675,True,False,True
AVAXUSDT,SELL,13086,2026-03-01 21:00:00,8.87,0.124,5.953,-4.961,75,lose,0.568,1.135,-3.0,0,fresh,33.3,True,0.99,False,False,none,False,False,1,4,True,False,False,False,False,False,False,False,0,0,0,0,False,False,False,0,1,False,False,0,1,0,False,False,0.42,1,True,False,3.044,True,False,False
AVAXUSDT,BUY,13161,2026-03-02 15:45:00,9.31,1.794,4.006,-3.233,80,lose,0.785,1.572,4.076,0,fresh,59.5,False,1.79,True,False,none,False,False,3,1,True,False,False,False,False,False,False,False,0,0,0,0,False,False,False,0,0,False,False,0,0,0,False,False,0.37,0,True,False,2.9,True,False,True
AVAXUSDT,SELL,13241,2026-03-03 11:45:00,9.009,1.31,5.45,-4.962,87,lose,0.434,0.868,-1.726,0,fresh,31.6,True,0.77,False,False,none,False,False,1,4,True,False,False,False,False,False,False,False,0,0,0,0,False,False,False,0,0,False,False,0,0,0,False,False,0.84,0,True,True,2.997,False,False,False
AVAXUSDT,BUY,13328,2026-03-04 09:30:00,9.456,3.437,3.099,-2.591,203,win,0.664,1.328,4.249,0,fresh,45.3,True,2.33,True,False,none,False,False,7,2,True,False,False,False,False,False,False,False,0,0,0,0,False,False,False,0,1,True,False,0,0,0,False,False,0.69,0,True,False,2.856,True,False,False
AVAXUSDT,SELL,13531,2026-03-06 12:15:00,9.211,5.841,0.847,0.63,265,win,0.438,0.876,-2.454,0,fresh,56.4,True,1.48,False,False,none,False,False,3,7,True,False,False,False,False,False,False,False,0,0,0,0,False,False,False,0,0,False,False,0,0,0,False,False,0.93,0,True,False,1.748,False,False,False
AVAXUSDT,BUY,13796,2026-03-09 06:30:00,9.153,12.313,1.573,6.173,452,win,0.752,1.503,3.461,0,fresh,85.2,False,1.16,False,True,bearish,False,True,6,3,True,False,False,False,False,False,False,False,1,0,0,0,True,False,True,1,0,False,False,0,0,0,False,False,0.26,1,True,False,4.271,True,False,True
AVAXUSDT,SELL,14248,2026-03-13 23:30:00,9.718,2.109,0.576,-0.247,106,win,0.419,0.838,-2.156,0,fresh,26.7,True,0.34,False,False,none,False,False,2,2,False,False,False,False,False,False,False,False,0,0,0,0,False,False,False,0,0,False,False,0,0,0,False,False,0.23,1,True,True,0.792,False,False,False
AVAXUSDT,BUY,14354,2026-03-15 02:00:00,9.742,8.222,0.862,2.361,327,win,0.315,0.629,1.554,0,fresh,78.3,True,2.09,True,False,none,False,False,3,0,True,False,False,False,False,False,False,False,0,0,0,0,False,False,False,0,0,False,False,0,0,0,False,False,3.14,0,True,True,0.79,False,False,False
AVAXUSDT,SELL,14681,2026-03-18 11:45:00,9.972,11.081,0.0,5.455,482,win,0.495,0.991,-3.46,0,fresh,81.4,False,1.85,True,False,none,False,False,1,5,True,False,False,False,False,False,False,False,0,0,0,0,False,False,False,0,0,False,False,0,0,0,False,False,0.46,0,True,False,0.772,False,False,False
AVAXUSDT,BUY,15163,2026-03-23 12:15:00,9.428,3.861,0.827,0.159,263,win,1.002,2.005,4.87,0,fresh,2.6,True,0.7,False,False,none,False,False,2,2,False,False,False,False,False,False,False,False,0,0,0,0,False,False,False,0,1,True,False,0,0,0,False,False,0.03,1,True,True,6.205,True,False,True
AVAXUSDT,SELL,15426,2026-03-26 06:00:00,9.443,8.313,0.085,5.634,242,win,0.37,0.738,-2.228,0,fresh,0.0,False,2.26,True,False,none,False,False,0,6,True,False,False,False,False,False,False,False,0,0,0,0,False,False,False,0,0,False,False,0,0,0,False,False,0.01,0,True,False,0.667,False,False,False
AVAXUSDT,BUY,15668,2026-03-28 18:30:00,8.911,0.045,2.211,-1.268,35,lose,0.355,0.709,1.434,0,fresh,71.4,True,0.44,False,False,none,False,False,3,2,True,False,False,False,False,False,False,False,0,0,1,0,False,True,True,1,0,False,False,0,0,0,False,False,0.03,1,True,True,3.647,False,False,False
AVAXUSDT,SELL,15703,2026-03-29 03:15:00,8.798,4.922,1.421,-1.318,114,win,0.333,0.667,-0.708,0,fresh,63.2,True,1.09,False,True,bullish,False,True,2,1,False,True,False,False,False,False,False,False,0,0,0,0,False,False,False,0,0,False,False,0,0,0,False,False,4.22,0,True,False,3.694,False,False,False
AVAXUSDT,BUY,15817,2026-03-30 07:45:00,8.914,1.851,2.535,-1.772,109,lose,0.475,0.948,2.682,0,fresh,87.8,True,3.07,True,True,bullish,True,False,1,1,False,False,False,False,False,False,False,False,0,0,0,0,False,False,False,0,0,False,False,0,0,0,False,True,32.01,1,True,True,1.01,False,False,False
AVAXUSDT,SELL,15926,2026-03-31 11:00:00,8.756,0.514,4.089,-3.712,75,lose,0.491,0.981,-2.03,0,fresh,58.6,True,1.95,True,False,none,False,False,0,3,True,False,False,False,False,False,False,False,0,0,0,1,False,True,True,0,1,False,False,0,0,0,False,False,2.58,0,True,False,1.028,False,False,False
AVAXUSDT,BUY,16001,2026-04-01 05:45:00,9.081,4.394,3.469,-3.447,83,win,0.468,0.936,2.744,0,fresh,20.0,False,1.05,False,False,none,False,False,3,1,True,False,False,False,False,False,False,False,0,0,0,0,False,False,False,0,0,False,False,0,0,0,False,False,0.14,0,True,False,2.17,False,False,False
AVAXUSDT,SELL,16084,2026-04-02 02:30:00,8.768,1.779,2.042,-1.437,120,lose,0.697,1.392,-4.969,0,fresh,71.6,False,1.29,False,True,bearish,True,False,1,5,True,False,False,False,False,False,False,False,0,0,0,0,False,False,False,0,0,False,False,0,0,0,False,False,0.08,1,True,False,1.756,True,False,False
AVAXUSDT,BUY,16204,2026-04-03 08:30:00,8.894,2.811,1.237,-0.888,186,win,0.393,0.787,1.536,0,fresh,8.3,False,0.65,False,False,none,False,False,4,0,True,False,False,False,False,False,False,False,0,0,0,0,False,False,False,0,0,False,False,0,0,0,False,False,0.23,0,True,False,1.731,False,False,False
AVAXUSDT,SELL,16390,2026-04-05 07:00:00,8.815,0.839,4.277,-4.197,68,lose,0.319,0.636,-1.721,0,fresh,3.7,True,1.37,False,False,none,False,False,0,6,True,False,False,False,False,False,False,False,0,0,0,0,False,False,False,0,0,False,False,0,0,0,False,False,0.38,0,True,False,1.747,False,False,False
AVAXUSDT,BUY,16458,2026-04-06 00:00:00,9.185,5.204,3.473,-3.07,92,win,0.529,1.057,4.075,0,fresh,95.3,True,4.95,True,True,bullish,True,False,5,1,True,False,False,False,False,False,False,False,0,0,0,1,False,False,True,0,1,True,False,0,0,0,False,False,4.58,0,True,False,1.676,True,False,False
AVAXUSDT,SELL,16550,2026-04-06 23:00:00,8.903,4.976,2.853,-2.729,92,win,0.57,1.139,-5.516,0,fresh,85.6,False,11.34,True,True,bearish,True,False,2,8,True,False,False,False,False,False,False,False,0,0,0,0,False,False,False,0,0,False,False,0,0,0,False,False,4.06,0,True,False,1.73,True,False,False
AVAXUSDT,BUY,16642,2026-04-07 22:00:00,9.146,5.172,1.848,-1.826,105,win,0.844,1.689,5.62,0,fresh,91.4,True,2.19,True,False,none,False,False,6,0,True,False,False,False,False,False,False,False,0,0,0,0,False,False,False,0,0,False,False,0,0,0,False,False,0.18,0,True,True,1.684,True,False,True
AVAXUSDT,SELL,16747,2026-04-09 00:15:00,8.979,0.791,4.555,-3.419,66,lose,0.499,0.999,-3.461,0,fresh,95.9,False,1.79,True,True,bearish,True,False,3,5,True,False,False,False,False,False,False,False,0,0,0,0,False,False,False,0,0,False,False,0,0,0,False,False,0.12,0,True,False,1.715,False,False,False
AVAXUSDT,BUY,16813,2026-04-09 16:45:00,9.286,4.458,0.657,-0.032,162,win,0.608,1.217,2.659,0,fresh,1.9,True,0.8,False,False,none,False,False,3,2,True,False,False,False,False,False,False,False,0,0,0,0,False,False,False,0,0,False,False,0,0,0,False,False,0.4,0,True,False,1.658,True,False,False
AVAXUSDT,SELL,16975,2026-04-11 09:15:00,9.283,1.066,2.542,-2.208,38,lose,0.277,0.553,-1.07,0,fresh,43.2,True,1.35,False,False,none,False,False,3,2,False,True,False,False,False,False,False,False,0,0,0,0,False,False,False,0,0,False,False,0,0,0,False,False,0.48,0,True,False,1.734,False,False,False
AVAXUSDT,BUY,17013,2026-04-11 18:45:00,9.488,1.286,4.933,-4.226,30,lose,0.426,0.852,2.209,0,fresh,12.8,True,1.32,False,False,none,False,False,8,1,True,False,False,False,False,False,False,False,0,0,0,0,False,False,False,0,0,False,False,0,0,0,False,False,0.24,0,True,True,1.697,False,False,False
AVAXUSDT,SELL,17043,2026-04-12 02:15:00,9.087,1.794,3.301,-2.685,157,lose,0.66,1.319,-3.852,0,fresh,7.0,True,0.97,False,False,none,False,False,0,3,True,False,False,False,False,False,False,False,0,0,0,0,False,False,False,0,0,False,False,0,0,0,False,False,0.05,1,True,False,2.795,True,False,False
AVAXUSDT,BUY,17200,2026-04-13 17:30:00,9.331,7.234,1.704,0.975,452,win,0.675,1.349,3.31,0,fresh,2.7,False,1.15,False,False,none,False,False,5,1,True,False,False,False,False,False,False,False,0,0,0,0,False,False,False,0,0,False,False,0,0,0,False,False,2.56,1,True,False,1.275,True,False,False
AVAXUSDT,SELL,17652,2026-04-18 10:30:00,9.422,4.893,0.212,1.284,228,win,0.505,1.009,-3.383,0,fresh,48.4,False,0.77,False,False,none,False,False,0,5,True,False,False,False,False,False,False,False,0,0,0,0,False,False,False,0,0,False,False,0,0,0,False,False,0.18,1,True,False,1.995,True,False,False
AVAXUSDT,BUY,17880,2026-04-20 19:30:00,9.301,4.0,1.484,0.086,214,win,0.502,1.004,2.097,0,fresh,9.5,False,0.26,False,False,none,False,False,4,0,True,False,False,False,False,False,False,False,0,0,0,0,False,False,False,0,1,True,False,0,0,0,False,False,0.59,0,True,False,2.021,True,False,False
AVAXUSDT,SELL,18094,2026-04-23 01:00:00,9.309,1.794,1.794,-1.321,176,lose,0.491,0.981,-2.31,0,fresh,82.2,False,0.89,False,False,none,False,False,1,3,True,False,False,False,False,False,False,False,0,0,0,0,False,False,False,0,0,False,False,0,0,0,False,False,0.3,0,True,False,2.02,False,False,False
AVAXUSDT,BUY,18270,2026-04-24 21:00:00,9.432,0.7,1.633,-1.41,84,lose,0.339,0.68,1.202,0,fresh,52.5,False,1.62,True,False,none,False,False,0,0,False,False,False,False,False,False,False,False,1,0,0,0,True,False,True,1,0,False,False,0,0,0,False,False,0.57,0,True,False,0.943,False,False,False
AVAXUSDT,SELL,18354,2026-04-25 18:00:00,9.299,0.194,1.699,-1.549,63,lose,0.272,0.544,-1.316,0,fresh,10.0,True,0.92,False,False,none,False,False,0,4,True,False,False,False,False,False,False,False,0,0,0,0,False,False,False,0,1,False,False,0,0,0,False,False,0.58,0,True,True,0.957,False,False,False
AVAXUSDT,BUY,18417,2026-04-26 09:45:00,9.443,1.239,2.542,-2.129,84,lose,0.223,0.447,1.042,0,fresh,42.9,False,0.36,False,False,none,False,False,3,0,True,False,False,False,False,False,False,False,0,0,0,0,False,False,False,0,0,False,False,0,0,0,False,False,1.38,0,True,False,0.942,False,False,False
AVAXUSDT,SELL,18501,2026-04-27 06:45:00,9.242,1.796,1.212,-1.06,186,lose,0.48,0.961,-2.455,0,fresh,24.1,True,0.56,False,False,none,False,False,0,3,True,False,False,False,False,False,False,False,0,1,0,0,True,False,True,1,1,False,False,0,0,0,False,False,0.2,1,True,False,1.201,False,False,False
AVAXUSDT,BUY,18687,2026-04-29 05:15:00,9.34,1.092,2.794,-1.713,50,lose,0.308,0.618,1.794,0,fresh,44.4,True,0.88,False,False,none,False,False,5,0,True,False,False,False,False,False,False,False,0,0,0,1,False,False,True,0,1,True,False,0,0,0,False,False,0.24,1,True,False,0.632,False,False,False
AVAXUSDT,SELL,18737,2026-04-29 17:45:00,9.18,2.963,0.948,0.065,197,win,0.461,0.922,-1.431,0,fresh,86.4,True,0.47,False,False,none,False,False,0,2,True,False,False,False,False,False,False,False,0,0,0,0,False,False,False,0,0,False,False,0,0,0,False,False,0.44,0,True,False,0.643,False,False,False
AVAXUSDT,BUY,18934,2026-05-01 19:00:00,9.174,0.774,1.711,-1.504,129,lose,0.334,0.666,0.811,0,fresh,38.5,True,0.39,False,False,none,False,False,0,2,False,True,False,False,False,False,False,False,0,0,0,0,False,False,False,1,0,False,False,0,0,0,False,False,2.93,0,True,True,3.706,False,False,False
AVAXUSDT,SELL,19063,2026-05-03 03:15:00,9.036,0.808,3.298,-3.176,95,lose,0.266,0.531,-1.274,0,fresh,61.1,True,0.55,False,False,none,False,False,0,6,True,False,False,False,False,False,False,False,0,0,0,0,False,False,False,0,0,False,False,0,0,0,False,False,0.78,0,True,True,3.763,False,False,False
AVAXUSDT,BUY,19158,2026-05-04 03:00:00,9.323,4.837,3.186,1.266,363,win,0.522,1.045,3.282,0,fresh,68.5,True,1.58,True,False,none,False,False,4,6,False,True,False,False,False,False,False,False,0,0,0,0,False,False,False,0,1,True,False,0,0,0,False,False,0.64,0,True,False,3.647,True,False,False
AVAXUSDT,SELL,19521,2026-05-07 21:45:00,9.441,0.328,3.76,-3.305,75,lose,0.466,0.932,-1.775,0,fresh,76.9,False,0.31,False,False,none,False,False,2,2,False,False,False,False,False,False,False,False,0,0,0,0,False,False,False,0,0,False,False,0,0,0,False,False,0.81,0,True,False,3.601,False,False,False
AVAXUSDT,BUY,19596,2026-05-08 16:30:00,9.753,7.485,0.513,3.312,245,win,0.533,1.066,2.757,0,fresh,30.0,True,0.68,False,False,none,False,False,4,1,True,False,False,False,False,False,False,False,0,0,0,0,False,False,False,0,1,True,False,0,1,0,False,False,0.21,0,True,False,3.486,True,False,False
AVAXUSDT,SELL,19841,2026-05-11 05:45:00,10.076,4.039,1.906,0.496,186,win,0.512,1.025,-1.534,0,fresh,30.0,True,0.71,False,False,none,False,False,1,4,True,False,False,False,False,False,False,False,0,0,0,0,False,False,False,0,0,False,False,0,0,0,False,False,0.78,0,True,False,3.374,True,False,False
AVAXUSDT,BUY,20027,2026-05-13 04:15:00,10.026,1.257,3.271,-2.284,42,lose,0.298,0.596,1.471,0,fresh,8.7,False,0.65,False,False,none,False,False,6,1,True,False,False,False,False,False,False,False,0,0,0,0,False,False,False,0,0,False,False,0,0,0,False,False,0.96,0,True,False,3.391,False,False,False
AVAXUSDT,SELL,20069,2026-05-13 14:45:00,9.797,1.878,2.674,-2.174,97,lose,0.551,1.103,-2.339,0,fresh,35.0,True,0.51,False,False,none,False,False,0,7,True,False,False,False,False,False,False,False,0,0,0,0,False,False,False,1,0,True,False,1,0,0,False,False,0.01,0,True,False,3.47,True,False,False
AVAXUSDT,BUY,20166,2026-05-14 15:00:00,10.01,1.229,3.377,-3.137,89,lose,0.531,1.062,3.178,0,fresh,33.3,False,2.53,True,False,none,False,False,5,1,True,False,False,False,False,False,False,False,0,0,0,0,False,False,False,0,0,False,False,0,0,0,False,False,0.42,0,True,False,3.397,True,False,False
AVAXUSDT,SELL,20255,2026-05-15 13:15:00,9.696,7.88,0.021,4.548,484,win,0.357,0.715,-2.15,0,fresh,16.7,False,1.42,False,False,none,False,False,2,3,True,False,False,False,False,False,False,False,0,0,0,0,False,False,False,0,0,False,False,0,0,0,False,False,0.46,0,True,True,1.382,False,False,False
AVAXUSDT,BUY,20739,2026-05-20 14:15:00,9.255,3.717,1.243,-0.475,214,win,0.364,0.727,1.533,0,fresh,83.8,True,2.61,True,True,bullish,True,False,4,3,True,False,False,False,False,False,False,False,0,0,0,0,False,False,False,0,0,False,False,0,0,0,False,False,0.61,0,True,False,0.767,False,False,False
AVAXUSDT,SELL,20953,2026-05-22 19:45:00,9.211,4.104,0.738,0.706,86,win,0.601,1.202,-3.153,0,fresh,26.9,True,1.99,True,False,none,False,False,1,2,True,False,False,False,False,False,False,False,0,0,0,0,False,False,False,0,0,False,False,0,0,0,False,False,0.24,0,True,False,0.543,True,False,False
AVAXUSDT,BUY,21039,2026-05-23 17:15:00,9.146,4.855,0.405,0.656,109,win,0.37,0.739,1.739,0,fresh,21.7,True,0.83,False,False,none,False,False,7,0,True,False,False,False,False,False,False,False,0,0,0,0,False,False,False,0,0,False,False,0,0,0,False,False,0.14,0,True,False,2.591,False,False,False
AVAXUSDT,SELL,21148,2026-05-24 20:30:00,9.206,1.575,1.857,-1.847,52,lose,0.272,0.542,-1.243,0,fresh,40.0,False,0.6,False,False,none,False,False,0,3,True,False,False,False,False,False,False,False,0,0,0,0,False,False,False,0,0,False,False,0,0,0,False,False,0.13,1,True,True,0.435,False,False,False
AVAXUSDT,BUY,21200,2026-05-25 09:30:00,9.376,1.376,2.197,-1.845,65,lose,0.285,0.571,1.589,0,fresh,89.3,True,1.93,True,True,bullish,True,False,7,0,True,False,False,False,False,False,False,False,0,0,0,0,False,False,False,0,0,False,False,0,0,0,False,False,3.31,0,True,False,0.427,False,False,False
AVAXUSDT,SELL,21265,2026-05-26 01:45:00,9.203,6.031,3.097,2.336,437,win,0.378,0.756,-1.86,0,fresh,61.1,True,1.3,False,False,none,False,False,0,3,True,False,False,False,False,False,False,False,0,0,0,0,False,False,False,0,0,False,False,0,0,0,False,False,0.46,0,True,True,0.435,False,False,False
AVAXUSDT,BUY,21702,2026-05-30 15:00:00,8.988,1.035,2.047,-1.825,103,lose,0.274,0.547,1.204,0,fresh,57.5,True,1.79,True,False,none,False,False,2,2,False,False,False,False,False,False,False,False,0,0,0,0,False,False,False,0,0,False,False,0,0,0,False,False,2.52,0,True,False,1.758,False,False,False
AVAXUSDT,SELL,21805,2026-05-31 16:45:00,8.824,29.533,2.799,24.683,1064,win,0.428,0.858,-2.072,0,fresh,0.0,False,0.5,False,False,none,False,False,0,4,True,False,False,False,False,False,False,False,0,0,0,0,False,False,False,0,0,False,False,0,0,0,False,False,0.57,0,True,False,0.737,False,False,False
AVAXUSDT,BUY,22869,2026-06-11 18:45:00,6.646,1.896,1.986,-1.535,270,lose,0.685,1.369,2.812,0,fresh,57.7,False,0.49,False,False,none,False,False,2,1,True,False,False,False,False,False,False,False,0,0,0,0,False,False,False,0,1,True,False,0,1,0,False,False,0.28,0,True,False,1.414,True,False,False
AVAXUSDT,SELL,23139,2026-06-14 14:15:00,6.544,2.644,3.484,-3.026,33,win,0.336,0.672,-1.996,0,fresh,89.7,False,1.91,True,True,bearish,True,False,1,4,True,False,False,False,False,False,False,False,0,0,0,0,False,False,False,0,0,False,False,0,0,0,False,False,0.54,1,True,False,0.627,False,False,False
AVAXUSDT,BUY,23172,2026-06-14 22:30:00,6.742,4.954,0.697,0.534,169,win,0.706,1.411,3.81,0,fresh,32.8,True,0.67,False,False,none,False,False,5,2,True,False,False,False,False,False,False,False,0,0,0,0,False,False,False,0,1,True,False,0,0,0,False,False,0.13,0,True,False,0.608,True,False,False
AVAXUSDT,SELL,23341,2026-06-16 16:45:00,6.778,16.303,3.541,9.472,400,win,0.587,1.176,-2.274,0,fresh,30.4,False,0.35,False,False,none,False,False,0,2,True,False,False,False,False,False,False,False,0,0,0,0,False,False,False,0,1,False,False,0,0,0,False,False,0.07,0,True,True,1.697,True,False,False
AVAXUSDT,BUY,23741,2026-06-20 20:45:00,6.136,3.814,0.733,0.212,110,win,0.507,1.014,1.878,0,fresh,54.5,True,0.89,False,True,bullish,True,False,3,2,True,False,False,False,False,False,False,False,0,0,0,0,False,False,False,0,0,False,False,0,0,0,False,False,0.57,0,True,True,4.482,True,False,False
AVAXUSDT,SELL,23851,2026-06-22 00:15:00,6.149,0.0,4.44,-4.114,50,lose,0.561,1.12,-1.725,0,fresh,63.0,True,0.84,False,True,bullish,False,True,1,4,True,False,False,False,False,False,False,False,0,0,0,0,False,False,False,0,1,False,False,0,0,0,False,False,0.12,0,True,True,5.935,True,False,False
AVAXUSDT,BUY,23901,2026-06-22 12:45:00,6.402,1.031,6.232,-4.702,79,lose,0.6,1.2,3.328,0,fresh,47.9,True,2.02,True,False,none,False,False,2,0,True,False,False,False,False,False,False,False,0,0,0,0,False,False,False,0,0,False,False,0,0,0,False,False,1.46,0,True,False,5.702,True,False,False
AVAXUSDT,SELL,23980,2026-06-23 08:30:00,6.101,0.131,5.786,-5.327,53,lose,0.816,1.632,-3.692,0,fresh,86.3,True,1.3,False,False,none,False,False,2,7,True,False,False,False,False,False,False,False,0,0,1,0,False,False,True,1,1,False,False,0,0,0,False,False,0.32,0,True,True,5.982,True,False,True
AVAXUSDT,BUY,24033,2026-06-23 21:45:00,6.426,1.774,5.182,-4.793,77,lose,0.666,1.331,3.173,0,fresh,26.3,False,0.23,False,False,none,False,False,1,0,True,False,False,False,False,False,False,False,0,0,0,0,False,False,False,0,1,True,False,0,1,0,False,False,0.37,1,True,True,1.727,True,False,False
AVAXUSDT,SELL,24110,2026-06-24 17:00:00,6.118,2.109,6.048,-4.495,36,win,0.963,1.924,-5.524,0,fresh,29.2,False,1.11,False,False,none,False,False,1,3,True,False,False,False,False,False,False,False,0,0,0,0,False,False,False,0,0,False,False,0,0,0,False,False,0.68,1,True,False,2.19,True,False,True
AVAXUSDT,BUY,24146,2026-06-25 02:00:00,6.393,3.785,6.992,-6.554,47,win,0.665,1.33,1.786,0,fresh,41.8,False,1.88,True,False,none,False,False,3,1,True,False,False,False,False,False,False,False,1,0,0,0,True,False,True,1,0,False,False,0,0,0,False,False,7.29,0,True,True,2.096,True,False,False
AVAXUSDT,SELL,24193,2026-06-25 13:45:00,5.974,0.285,9.19,-8.704,110,lose,1.065,2.129,-8.87,0,fresh,81.9,False,7.22,True,True,bearish,True,False,0,4,True,False,False,False,False,False,False,False,0,0,0,0,False,False,False,0,1,False,False,0,0,0,False,False,1.02,1,True,False,3.147,True,False,True
AVAXUSDT,BUY,24303,2026-06-26 17:15:00,6.494,2.71,2.756,-1.771,115,win,1.084,2.17,5.933,0,fresh,36.2,True,2.08,True,True,bullish,True,False,5,0,True,False,False,False,False,False,False,False,1,0,0,0,True,False,True,1,1,False,False,0,0,0,False,False,2.92,0,True,True,2.895,True,False,True
AVAXUSDT,SELL,24418,2026-06-27 22:00:00,6.379,1.771,4.405,-3.229,123,lose,0.476,0.955,-2.293,0,fresh,88.2,False,0.49,False,False,none,False,False,0,4,True,False,False,False,False,False,False,False,0,0,0,0,False,False,False,0,0,False,False,0,0,0,False,False,0.62,0,True,True,2.947,False,False,False
AVAXUSDT,BUY,24541,2026-06-29 04:45:00,6.585,3.538,3.068,-2.931,128,win,0.964,1.929,4.145,0,fresh,44.1,True,3.39,True,False,none,False,False,2,0,True,False,False,False,False,False,False,False,1,0,0,0,True,False,True,1,0,False,False,0,0,0,False,False,6.88,0,True,False,2.855,True,False,True
AVAXUSDT,SELL,24669,2026-06-30 12:45:00,6.392,0.172,5.21,-4.553,65,lose,0.543,1.084,-3.877,0,fresh,55.8,False,1.59,True,False,none,False,False,1,4,True,False,False,False,False,False,False,False,0,0,0,0,False,False,False,0,0,False,False,0,0,0,False,False,0.02,0,True,False,4.616,True,False,False
AVAXUSDT,BUY,24734,2026-07-01 05:00:00,6.683,6.419,1.9,1.781,375,win,0.572,1.145,2.627,0,fresh,34.3,False,0.89,False,False,none,False,False,3,1,True,False,False,False,False,False,False,False,1,0,0,0,True,False,True,1,1,False,False,0,0,0,False,False,0.33,0,True,True,4.414,True,False,False
AVAXUSDT,SELL,25109,2026-07-05 02:45:00,6.802,0.838,2.999,-1.794,83,lose,0.446,0.891,-2.591,0,fresh,40.6,False,2.36,True,False,none,False,False,0,7,True,False,False,False,False,False,False,False,0,0,0,0,False,False,False,0,0,False,False,0,0,0,False,False,0.55,0,True,True,4.338,False,False,False
AVAXUSDT,BUY,25192,2026-07-05 23:30:00,6.924,2.369,3.148,-2.412,116,win,0.429,0.858,1.304,0,fresh,60.9,False,0.56,False,True,bearish,False,True,1,1,False,False,False,False,False,False,False,False,0,0,1,0,False,True,True,1,0,False,False,0,0,0,False,False,0.51,0,True,False,4.261,False,False,False
AVAXUSDT,SELL,25308,2026-07-07 04:30:00,6.757,6.601,0.918,0.37,200,win,0.437,0.875,-2.217,0,fresh,76.9,False,1.05,False,False,none,False,False,0,6,True,False,False,False,False,False,False,False,0,0,0,0,False,False,False,0,0,False,False,0,0,0,False,False,0.81,0,True,False,2.605,False,False,False
AVAXUSDT,BUY,25508,2026-07-09 06:30:00,6.732,1.5,2.778,-2.614,260,lose,0.64,1.28,4.582,0,fresh,61.3,True,4.99,True,True,bullish,True,False,8,2,True,False,False,False,False,False,False,False,0,0,0,0,False,False,False,0,1,True,False,0,0,0,False,False,4.49,0,True,False,0.46,True,False,False
AVAXUSDT,SELL,25768,2026-07-11 23:30:00,6.556,4.332,1.724,-1.205,137,win,0.409,0.816,-3.034,0,fresh,79.6,False,3.52,True,True,bearish,True,False,0,6,True,False,False,False,False,False,False,False,0,0,0,0,False,False,False,0,0,False,False,0,0,0,False,False,0.42,0,True,False,0.473,False,False,False
AVAXUSDT,BUY,25905,2026-07-13 09:45:00,6.635,2.05,4.582,-0.512,290,win,0.6,1.201,3.485,0,fresh,12.2,False,2.58,True,False,none,False,False,3,0,True,False,False,False,False,False,False,False,0,0,0,0,False,False,False,0,0,False,False,0,0,0,False,False,0.15,1,True,False,3.407,True,False,False
AVAXUSDT,SELL,26195,2026-07-16 10:15:00,6.601,3.575,0.803,-0.348,159,win,0.388,0.774,-1.327,0,fresh,95.0,True,0.35,False,True,bullish,False,True,1,4,True,False,False,False,False,False,False,False,0,0,0,0,False,False,False,1,0,True,False,0,0,0,False,False,0.57,0,True,True,3.424,False,False,False
AVAXUSDT,BUY,26354,2026-07-18 02:00:00,6.624,0.543,2.295,-1.963,134,lose,0.347,0.693,1.7,0,fresh,47.1,True,1.12,False,False,none,False,False,4,0,True,False,False,False,False,False,False,False,0,0,0,1,False,False,True,0,1,True,False,0,1,0,False,False,0.31,0,True,True,3.684,False,False,False
AVAXUSDT,SELL,26488,2026-07-19 11:30:00,6.494,1.678,2.402,-0.693,93,lose,0.314,0.63,-1.387,0,fresh,50.0,False,0.82,False,True,bearish,True,False,1,4,True,False,False,False,False,False,False,False,0,0,0,0,False,False,False,0,0,False,False,0,0,0,False,False,0.1,0,True,True,3.757,False,False,False
AVAXUSDT,BUY,26581,2026-07-20 10:45:00,6.539,2.233,1.254,-0.948,173,win,0.45,0.899,1.346,0,fresh,86.7,False,0.55,False,False,none,False,False,3,2,True,False,False,False,False,False,False,False,0,0,0,0,False,False,False,0,1,True,False,0,0,0,False,False,0.67,0,True,True,3.731,False,False,False
AVAXUSDT,SELL,26754,2026-07-22 06:00:00,6.477,0.232,2.733,-2.007,49,lose,0.398,0.795,-2.233,0,fresh,40.0,False,2.36,True,True,bearish,True,False,2,6,True,False,False,False,False,False,False,False,0,0,1,0,False,False,True,1,1,False,False,0,0,0,False,False,0.53,0,True,True,3.844,False,False,False
AVAXUSDT,BUY,26803,2026-07-22 18:15:00,6.607,0.832,2.861,-1.922,80,lose,0.371,0.743,1.196,0,fresh,5.0,True,0.46,False,False,none,False,False,4,0,True,False,False,False,False,False,False,False,0,0,0,0,False,False,False,0,0,False,False,0,0,0,False,False,0.18,0,True,True,3.769,False,False,False
AVAXUSDT,SELL,26883,2026-07-23 14:15:00,6.48,5.386,0.355,0.077,190,win,0.488,0.974,-1.915,0,fresh,89.2,True,0.93,False,True,bullish,False,True,1,3,True,False,False,False,False,False,False,False,0,0,0,0,False,False,False,1,0,True,False,0,0,0,False,False,0.26,0,True,True,3.843,False,False,False
AVAXUSDT,BUY,27073,2026-07-25 13:45:00,6.475,5.699,0.0,0.726,196,win,0.46,0.92,3.631,0,fresh,63.2,True,6.56,True,True,bullish,True,False,6,0,True,False,False,False,False,False,False,False,0,0,0,0,False,False,False,0,0,False,False,0,0,0,False,False,0.21,0,True,False,0.68,False,False,False
AVAXUSDT,SELL,27269,2026-07-27 14:45:00,6.522,2.591,1.656,-1.472,123,win,0.58,1.159,-3.284,0,fresh,11.9,True,2.28,True,False,none,False,False,2,3,True,False,False,False,False,False,False,False,0,0,0,0,False,False,False,1,0,True,False,0,0,0,False,False,0.66,0,True,False,0.675,True,False,False
AVAXUSDT,BUY,27392,2026-07-28 21:30:00,6.618,0.302,4.745,-2.901,32,lose,0.428,0.854,2.311,0,fresh,26.7,True,0.63,False,False,none,False,False,2,2,False,False,False,False,False,False,False,False,0,0,0,0,False,False,False,0,0,False,False,0,0,0,False,False,0.01,0,True,False,0.665,False,False,False
AVAXUSDT,SELL,27424,2026-07-29 05:30:00,6.426,6.116,1.805,1.463,376,win,0.51,1.022,-1.819,0,fresh,56.5,True,0.49,False,False,none,False,False,2,6,True,False,False,False,False,False,False,False,0,0,0,0,False,False,False,0,1,False,False,0,0,0,False,False,0.1,0,True,False,0.685,True,False,False
AVAXUSDT,BUY,27800,2026-08-02 03:30:00,6.332,5.591,0.3,1.2,101,win,0.373,0.747,1.922,0,fresh,41.7,True,0.33,False,False,none,False,False,4,0,True,False,False,False,False,False,False,False,0,0,0,0,False,False,False,0,0,False,False,0,0,0,False,False,0.29,0,True,False,0.49,False,False,False
AVAXUSDT,SELL,27901,2026-08-03 04:45:00,6.408,0.687,2.747,-2.528,57,lose,0.429,0.857,-2.055,0,fresh,93.5,False,0.52,False,True,bearish,True,False,1,4,True,False,False,False,False,False,False,False,0,0,0,0,False,False,False,0,0,False,False,0,0,0,False,False,0.22,0,True,False,0.484,False,False,False
AVAXUSDT,BUY,27958,2026-08-03 19:00:00,6.57,6.332,0.7,0.213,170,win,0.381,0.761,1.932,0,fresh,10.0,True,0.61,False,False,none,False,False,1,0,True,False,False,False,False,False,False,False,0,0,0,0,False,False,False,0,0,False,False,0,0,0,False,False,1.18,0,True,False,0.472,False,False,False
AVAXUSDT,SELL,28128,2026-08-05 13:30:00,6.584,3.736,1.777,1.048,248,win,0.441,0.88,-2.47,0,fresh,46.3,False,8.63,True,True,bearish,True,False,1,4,True,False,False,False,False,False,False,False,0,0,0,0,False,False,False,0,1,False,False,0,0,0,False,True,15.25,1,True,True,2.75,False,False,False
AVAXUSDT,BUY,28376,2026-08-08 03:30:00,6.515,0.982,1.335,-0.537,135,lose,0.362,0.726,1.394,0,fresh,8.0,False,0.92,False,False,none,False,False,3,3,False,False,False,False,False,False,False,False,0,0,0,0,False,False,False,1,0,False,False,0,0,0,False,False,0.4,1,True,True,1.98,False,False,False
AVAXUSDT,SELL,28511,2026-08-09 13:15:00,6.48,0.108,1.682,-1.019,18,lose,0.196,0.394,-0.458,0,fresh,61.1,True,2.04,True,False,none,False,False,1,3,True,False,False,False,False,False,False,False,0,0,0,1,False,True,True,0,1,False,False,0,0,0,False,False,0.02,0,True,True,1.991,False,False,False
AVAXUSDT,BUY,28529,2026-08-09 17:45:00,6.546,0.611,2.872,-1.879,114,lose,0.278,0.554,1.139,0,fresh,50.0,False,0.76,False,False,none,False,False,3,0,True,False,False,False,False,False,False,False,0,0,0,0,False,False,False,1,0,False,False,0,0,0,False,False,0.04,0,True,True,1.97,False,False,False
AVAXUSDT,SELL,28643,2026-08-10 22:15:00,6.423,4.998,2.071,0.249,155,win,0.347,0.694,-1.577,0,fresh,35.3,False,0.75,False,False,none,False,False,1,2,True,False,False,False,False,False,False,False,0,1,0,0,True,False,True,0,1,False,False,0,0,0,False,False,0.28,0,True,False,2.008,False,False,False
AVAXUSDT,BUY,28798,2026-08-12 13:00:00,6.407,2.216,2.107,-0.812,179,win,0.62,1.239,2.754,0,fresh,2.9,True,1.01,False,False,none,False,False,5,1,True,False,False,False,False,False,False,False,0,0,0,0,False,False,False,1,0,False,False,0,0,0,False,False,0.07,1,True,True,5.228,True,False,False
AVAXUSDT,SELL,28977,2026-08-14 09:45:00,6.355,0.173,2.502,-2.219,60,lose,0.286,0.573,-1.553,0,fresh,38.5,False,1.15,False,False,none,False,False,1,3,True,False,False,False,False,False,False,False,0,0,0,0,False,False,False,0,0,False,False,0,0,0,False,False,0.45,0,True,True,5.271,False,False,False
AVAXUSDT,BUY,29037,2026-08-15 00:45:00,6.496,5.896,0.385,-0.077,70,win,0.306,0.613,1.546,0,fresh,54.5,True,0.54,False,False,none,False,False,4,2,True,False,False,False,False,False,False,False,0,0,0,1,False,False,True,0,1,True,False,0,0,0,False,False,0.19,0,True,True,5.157,False,False,False
AVAXUSDT,SELL,29107,2026-08-15 18:15:00,6.491,4.237,3.713,-2.773,372,win,0.273,0.545,-1.494,0,fresh,45.5,False,0.7,False,False,none,False,False,0,3,True,False,False,False,False,False,False,False,0,0,0,0,False,False,False,0,0,False,False,0,0,0,False,False,0.11,1,True,True,5.16,False,False,False
AVAXUSDT,BUY,29479,2026-08-19 15:15:00,6.671,24.884,2.668,13.671,276,win,0.772,1.545,6.197,0,fresh,76.6,True,8.57,True,True,bullish,True,False,6,2,True,False,False,False,False,False,False,False,0,0,0,0,False,False,False,0,1,True,False,0,0,0,False,False,1.12,0,True,False,5.022,True,False,True
AVAXUSDT,SELL,29755,2026-08-22 12:15:00,7.583,4.075,1.253,-0.725,136,win,1.201,2.402,-4.322,0,fresh,12.5,False,0.61,False,False,none,False,False,2,3,True,False,False,False,False,False,False,False,0,0,0,0,False,False,False,0,0,False,False,0,0,0,False,False,0.09,0,True,True,17.84,True,False,True
AVAXUSDT,BUY,29891,2026-08-23 22:15:00,7.638,0.144,3.247,-0.615,108,lose,0.576,1.152,2.342,0,fresh,19.0,True,1.04,False,False,none,False,False,3,0,True,False,False,False,False,False,False,False,0,0,0,0,False,False,False,1,0,False,False,0,0,0,False,False,0.33,0,True,True,17.714,True,False,False
BNBUSDT,SELL,12,2025-10-16 16:30:00,1140.49,10.477,2.146,1.97,157,win,0.997,1.995,-4.826,0,fresh,21.2,True,0.79,False,False,none,False,False,0,5,True,False,False,False,False,False,False,False,0,0,0,0,False,False,False,1,0,True,False,0,0,0,False,False,0.76,2,True,False,1.612,True,False,True
BNBUSDT,BUY,169,2025-10-18 07:45:00,1118.02,0.563,4.501,-4.345,102,lose,0.738,1.477,4.125,0,fresh,42.6,False,2.07,True,False,none,False,False,5,1,True,False,False,False,False,False,False,False,0,0,0,0,False,False,False,1,0,False,False,1,0,0,False,False,0.51,0,True,False,1.645,True,False,False
BNBUSDT,SELL,271,2025-10-19 09:15:00,1069.44,0.035,4.952,-4.738,28,lose,0.521,1.042,-2.55,0,fresh,15.6,False,1.51,True,False,none,False,False,2,3,True,False,False,False,False,False,False,False,0,0,0,0,False,False,False,0,1,False,False,0,1,0,False,False,0.24,0,True,False,0.557,True,False,False
BNBUSDT,BUY,299,2025-10-19 16:15:00,1120.11,2.02,2.968,-1.983,106,win,0.599,1.198,3.208,0,fresh,45.2,True,0.6,False,False,none,False,False,2,1,True,False,False,False,False,False,False,False,0,0,0,0,False,False,False,0,0,False,False,0,0,0,False,False,0.07,0,True,False,0.532,True,False,False
BNBUSDT,SELL,405,2025-10-20 18:45:00,1097.9,4.271,1.526,-0.647,238,win,0.54,1.08,-2.079,0,fresh,67.5,True,0.38,False,False,none,False,False,1,2,True,False,False,False,False,False,False,False,0,1,0,0,True,False,True,0,1,False,False,0,0,0,False,False,0.8,0,True,False,0.543,True,False,False
BNBUSDT,BUY,643,2025-10-23 06:15:00,1105.0,4.963,2.591,-0.378,139,win,0.439,0.879,3.036,0,fresh,49.9,True,4.02,True,True,bullish,True,False,6,0,True,False,False,False,False,False,False,False,0,0,0,0,False,False,False,0,0,False,False,0,0,0,False,False,1.21,0,True,False,1.188,False,False,False
BNBUSDT,SELL,782,2025-10-24 17:00:00,1100.82,0.074,2.881,-2.13,166,lose,0.494,0.988,-2.381,0,fresh,10.7,True,0.79,False,False,none,False,False,0,5,True,False,False,False,False,False,False,False,0,0,0,0,False,False,False,0,1,False,False,0,1,0,False,False,2.83,0,True,True,5.785,False,False,False
BNBUSDT,BUY,948,2025-10-26 10:30:00,1124.27,5.202,3.226,-2.253,232,win,0.283,0.567,1.148,0,fresh,72.7,True,0.69,False,True,bullish,True,False,4,1,True,False,False,False,False,False,False,False,0,0,0,0,False,False,False,0,0,False,False,0,0,0,False,False,0.06,0,True,True,5.664,False,False,False
BNBUSDT,SELL,1180,2025-10-28 20:30:00,1098.94,20.017,2.815,11.826,911,win,0.688,1.375,-4.64,0,fresh,53.1,False,6.29,True,True,bearish,True,False,2,5,True,False,False,False,False,False,False,False,0,0,0,0,False,False,False,1,0,True,False,0,0,0,False,False,1.64,0,True,True,8.296,True,False,False
BNBUSDT,BUY,2091,2025-11-07 08:15:00,968.98,0.042,4.039,-3.458,21,lose,0.45,0.901,2.275,0,fresh,47.3,False,0.69,False,False,none,False,False,2,1,True,False,False,False,False,False,False,False,0,0,0,0,False,False,False,0,0,False,False,0,0,0,False,False,0.59,0,True,True,5.003,False,False,False
BNBUSDT,SELL,2112,2025-11-07 13:30:00,935.47,1.032,5.181,-5.143,22,lose,0.57,1.14,-2.381,0,fresh,16.3,False,0.87,False,False,none,False,False,0,8,True,False,False,False,False,False,False,False,0,0,0,0,False,False,False,0,0,False,False,0,0,0,False,False,0.6,0,True,False,5.182,True,False,False
BNBUSDT,BUY,2134,2025-11-07 19:00:00,983.58,3.616,0.902,-0.416,279,win,0.743,1.486,4.276,0,fresh,38.8,True,0.72,False,False,none,False,False,4,0,True,False,False,False,False,False,False,False,0,0,0,0,False,False,False,0,1,True,False,0,0,0,False,False,0.16,1,True,False,1.466,True,False,False
BNBUSDT,SELL,2413,2025-11-10 16:45:00,979.49,9.333,2.996,3.604,489,win,0.518,1.036,-2.539,0,fresh,60.3,True,0.83,False,False,none,False,False,1,5,True,False,False,False,False,False,False,False,0,1,0,0,True,False,True,0,1,False,False,0,0,0,False,False,0.06,1,True,False,0.732,True,False,False
BNBUSDT,BUY,2902,2025-11-15 19:00:00,944.19,0.677,3.07,-2.851,86,lose,0.311,0.623,1.882,0,fresh,83.3,True,1.03,False,True,bullish,True,False,3,1,True,False,False,False,False,False,False,False,0,0,0,0,False,False,False,0,0,False,False,0,0,0,False,False,2.15,0,True,False,2.514,False,False,False
BNBUSDT,SELL,2988,2025-11-16 16:30:00,917.27,3.619,2.537,-2.101,200,win,0.511,1.023,-2.811,0,fresh,9.0,True,1.34,False,False,none,False,False,3,5,True,False,False,False,False,False,False,False,0,0,0,0,False,False,False,0,0,False,False,0,0,0,False,False,0.16,1,True,False,1.269,True,False,False
BNBUSDT,BUY,3188,2025-11-18 18:30:00,936.54,0.567,4.653,-4.129,86,lose,0.534,1.067,2.452,0,fresh,2.7,True,0.33,False,False,none,False,False,3,0,True,False,False,False,False,False,False,False,0,0,0,1,False,False,True,0,1,True,False,0,0,0,False,False,0.05,0,True,False,1.243,True,False,False
BNBUSDT,SELL,3274,2025-11-19 16:00:00,897.87,11.912,2.019,5.629,335,win,0.643,1.286,-3.844,0,fresh,47.2,True,2.27,True,False,none,False,False,0,5,True,False,False,False,False,False,False,False,0,0,0,0,False,False,False,0,0,False,False,0,0,0,False,False,0.87,0,True,False,1.296,True,False,False
BNBUSDT,BUY,3609,2025-11-23 03:45:00,847.33,3.502,2.045,-0.539,237,win,0.433,0.865,2.246,0,fresh,59.2,True,0.73,False,False,none,False,False,4,1,True,False,False,False,False,False,False,False,0,0,0,0,False,False,False,0,0,False,False,0,0,0,False,False,0.94,0,True,False,1.367,False,False,False
BNBUSDT,SELL,3846,2025-11-25 15:00:00,842.76,0.327,5.323,-5.051,105,lose,0.486,0.972,-2.435,0,fresh,5.9,True,1.98,True,False,none,False,False,0,2,True,False,False,False,False,False,False,False,0,0,0,0,False,False,False,0,1,False,False,0,0,0,False,False,0.45,0,True,False,0.642,False,False,False
BNBUSDT,BUY,3951,2025-11-26 17:15:00,885.33,2.447,1.036,0.062,220,win,0.534,1.068,3.569,0,fresh,67.5,True,2.85,True,True,bullish,True,False,7,0,True,False,False,False,False,False,False,False,0,0,0,0,False,False,False,0,1,True,False,0,0,0,False,False,0.72,0,True,False,0.611,True,False,False
BNBUSDT,SELL,4171,2025-11-29 00:15:00,885.88,1.956,1.239,-1.235,150,lose,0.299,0.598,-0.965,0,fresh,19.6,True,0.71,False,False,none,False,False,4,2,False,True,False,False,False,False,False,False,0,0,0,0,False,False,False,0,0,False,False,0,0,0,False,False,0.83,0,True,False,0.553,False,False,False
BNBUSDT,BUY,4321,2025-11-30 13:45:00,896.82,0.394,5.477,-5.249,42,lose,0.313,0.626,2.401,0,fresh,80.7,True,1.82,True,False,none,False,False,6,1,True,False,False,False,False,False,False,False,0,0,0,0,False,False,False,0,0,False,False,0,0,0,False,False,0.82,0,True,True,0.546,False,False,False
BNBUSDT,SELL,4363,2025-12-01 00:15:00,849.75,5.69,0.073,1.021,145,win,0.608,1.215,-4.984,0,fresh,56.2,False,3.67,True,True,bearish,True,False,0,9,True,False,False,False,False,False,False,False,0,0,0,0,False,False,False,0,0,False,False,0,0,0,False,False,0.36,1,True,False,1.298,True,False,False
BNBUSDT,BUY,4508,2025-12-02 12:30:00,841.07,10.44,0.203,6.678,223,win,0.355,0.711,1.701,0,fresh,19.9,False,1.18,False,False,none,False,False,6,1,True,False,False,False,False,False,False,False,0,0,0,0,False,False,False,0,0,False,False,0,0,0,False,False,0.04,0,True,False,0.781,False,False,False
BNBUSDT,SELL,4731,2025-12-04 20:15:00,897.24,2.978,1.275,0.245,217,win,0.508,1.017,-2.074,0,fresh,24.4,False,0.3,False,False,none,False,False,1,2,True,False,False,False,False,False,False,False,0,1,0,0,True,False,True,1,1,False,False,1,0,0,False,False,0.85,1,True,False,1.178,True,False,False
BNBUSDT,BUY,4948,2025-12-07 02:30:00,895.04,0.379,2.735,-2.351,49,lose,0.199,0.399,0.867,0,fresh,10.6,True,0.99,False,False,none,False,False,1,1,False,False,False,False,False,False,False,False,0,0,0,0,False,False,False,0,0,False,False,0,0,0,False,False,0.63,0,True,True,0.43,False,False,False
BNBUSDT,SELL,4997,2025-12-07 14:45:00,874.0,0.356,3.705,-3.577,22,lose,0.375,0.75,-2.452,0,fresh,8.8,False,1.16,False,False,none,False,False,4,5,True,False,False,False,False,False,False,False,0,0,0,0,False,False,False,0,1,False,False,0,0,0,False,False,0.29,1,True,True,1.518,False,False,False
BNBUSDT,BUY,5019,2025-12-07 20:15:00,905.26,0.942,2.648,-1.281,121,lose,0.38,0.76,1.836,0,fresh,21.3,True,0.29,False,False,none,False,False,4,0,True,False,False,False,False,False,False,False,1,0,0,0,True,False,True,1,0,False,False,0,0,0,False,False,0.52,0,True,False,1.466,False,False,False
BNBUSDT,SELL,5140,2025-12-09 02:30:00,893.66,1.325,3.739,-3.143,56,lose,0.311,0.622,-1.147,0,fresh,55.7,False,0.85,False,False,none,False,False,1,2,True,False,False,False,False,False,False,False,0,0,1,0,False,False,True,1,0,True,False,0,0,0,False,False,0.11,0,True,False,1.485,False,False,False
BNBUSDT,BUY,5196,2025-12-09 16:30:00,921.75,0.738,3.711,-3.322,42,lose,0.566,1.131,3.782,0,fresh,44.7,True,3.19,True,True,bullish,True,False,5,1,True,False,False,False,False,False,False,False,0,0,0,0,False,False,False,0,1,True,False,0,0,0,False,False,0.51,0,True,False,1.44,True,False,False
BNBUSDT,SELL,5238,2025-12-10 03:00:00,891.13,3.583,2.761,0.329,178,win,0.396,0.793,-1.826,0,fresh,1.6,False,0.75,False,False,none,False,False,0,3,True,False,False,False,False,False,False,False,0,1,0,0,True,False,True,0,1,False,False,0,0,0,False,False,0.1,0,True,False,1.489,False,False,False
BNBUSDT,BUY,5416,2025-12-11 23:30:00,888.2,1.882,1.967,-0.517,262,lose,0.417,0.835,1.961,0,fresh,90.9,True,0.84,False,False,none,False,False,4,0,True,False,False,False,False,False,False,False,0,0,0,0,False,False,False,0,0,False,False,0,0,0,False,False,3.33,0,True,False,0.708,False,False,False
BNBUSDT,SELL,5678,2025-12-14 17:00:00,883.61,4.849,1.408,1.082,215,win,0.349,0.698,-1.627,0,fresh,55.1,False,1.03,False,True,bearish,True,False,2,4,True,False,False,False,False,False,False,False,0,0,0,0,False,False,False,0,0,False,False,0,0,0,False,False,0.62,0,True,False,0.712,False,False,False
BNBUSDT,BUY,5893,2025-12-16 22:45:00,874.05,0.262,2.119,-1.706,49,lose,0.27,0.54,1.424,0,fresh,80.5,False,0.64,False,False,none,False,False,5,1,True,False,False,False,False,False,False,False,0,0,0,0,False,False,False,0,0,False,False,0,0,0,False,False,1.19,0,True,False,0.459,False,False,False
BNBUSDT,SELL,5942,2025-12-17 11:00:00,859.14,4.757,2.074,1.354,200,win,0.329,0.658,-1.137,0,fresh,68.7,True,0.44,False,False,none,False,False,4,5,True,False,False,False,False,False,False,False,0,0,0,0,False,False,False,0,0,False,False,0,0,0,False,False,0.3,0,True,False,0.467,False,False,False
BNBUSDT,BUY,6142,2025-12-19 13:00:00,847.51,2.854,0.431,0.208,360,win,0.288,0.575,1.41,0,fresh,94.3,True,0.88,False,False,none,False,False,1,1,False,False,False,False,False,False,False,False,0,0,0,0,False,False,False,0,0,False,False,0,0,0,False,False,0.65,0,True,False,1.589,False,False,False
BNBUSDT,SELL,6502,2025-12-23 07:00:00,849.27,1.639,0.5,0.326,172,lose,0.25,0.5,-1.334,0,fresh,9.3,False,0.76,False,False,none,False,False,1,4,True,False,False,False,False,False,False,False,0,1,0,0,True,False,True,0,1,False,False,0,0,0,False,False,0.16,0,True,False,0.37,False,False,False
BNBUSDT,BUY,6674,2025-12-25 02:00:00,846.5,0.214,1.317,-0.981,37,lose,0.171,0.342,0.436,0,fresh,84.0,False,0.79,False,True,bearish,False,True,1,4,False,True,False,False,False,False,False,False,0,0,0,0,False,False,False,0,0,False,False,0,0,0,False,False,0.39,0,True,False,0.371,False,False,False
BNBUSDT,SELL,6711,2025-12-25 11:15:00,838.2,2.051,1.11,-0.429,181,win,0.17,0.341,-0.907,0,fresh,76.6,True,0.57,False,False,none,False,False,1,4,True,False,False,False,False,False,False,False,0,0,0,0,False,False,False,0,0,False,False,0,0,0,False,False,0.08,0,True,False,0.375,False,False,False
BNBUSDT,BUY,6892,2025-12-27 08:30:00,841.8,3.677,0.513,0.742,206,win,0.169,0.339,0.844,0,fresh,51.8,False,0.99,False,False,none,False,False,6,1,True,False,False,False,False,False,False,False,0,0,0,0,False,False,False,0,0,False,False,0,0,0,False,False,0.43,0,True,False,0.191,False,False,False
BNBUSDT,SELL,7098,2025-12-29 12:00:00,848.05,0.196,1.96,-1.358,114,lose,0.311,0.622,-1.819,0,fresh,66.3,False,2.52,True,False,none,False,False,1,5,True,False,False,False,False,False,False,False,0,0,0,0,False,False,False,0,1,False,False,0,0,0,False,False,1.0,1,True,False,1.035,False,False,False
BNBUSDT,BUY,7212,2025-12-30 16:30:00,859.57,2.178,0.387,-0.271,175,win,0.295,0.589,0.846,0,fresh,73.2,False,0.68,False,False,none,False,False,3,0,True,False,False,False,False,False,False,False,1,0,0,0,True,False,True,1,0,False,False,0,0,0,False,False,0.22,1,True,True,1.262,False,False,False
BNBUSDT,SELL,7387,2026-01-01 12:15:00,857.24,0.075,1.593,-1.591,85,lose,0.164,0.328,-1.065,0,fresh,71.2,False,4.21,True,True,bearish,True,False,0,3,True,False,False,False,False,False,False,False,0,0,0,0,False,False,False,0,1,False,False,0,0,0,False,False,4.81,0,True,False,1.364,False,False,False
BNBUSDT,BUY,7472,2026-01-02 09:30:00,870.88,6.196,0.607,3.573,507,win,0.194,0.388,1.154,0,fresh,94.6,True,0.77,False,True,bullish,True,False,5,1,True,False,False,False,False,False,False,False,0,0,0,0,False,False,False,0,0,False,False,0,0,0,False,False,0.01,0,True,True,1.342,False,False,False
BNBUSDT,SELL,7979,2026-01-07 16:15:00,902.0,2.993,0.373,0.246,227,win,0.353,0.706,-1.443,0,fresh,39.5,True,0.77,False,False,none,False,False,1,5,True,False,False,False,False,False,False,False,0,0,0,0,False,False,False,0,0,False,False,0,0,0,False,False,0.28,0,True,True,1.54,False,False,False
BNBUSDT,BUY,8206,2026-01-10 01:00:00,899.78,2.025,0.123,0.177,174,win,0.2,0.4,0.911,0,fresh,90.7,True,1.68,True,True,bullish,True,False,3,0,True,False,False,False,False,False,False,False,0,0,0,0,False,False,False,0,0,False,False,0,0,0,False,False,0.93,0,True,False,0.505,False,False,False
BNBUSDT,SELL,8380,2026-01-11 20:30:00,901.37,0.811,1.588,-1.066,169,lose,0.196,0.392,-1.169,0,fresh,47.5,False,0.83,False,False,none,False,False,0,5,True,False,False,False,False,False,False,False,0,0,0,0,False,False,False,0,0,False,False,0,0,0,False,False,0.39,0,True,False,0.504,False,False,False
BNBUSDT,BUY,8549,2026-01-13 14:45:00,910.98,4.904,0.199,1.642,216,win,0.229,0.457,0.722,0,fresh,63.4,False,0.79,False,False,none,False,False,2,2,False,False,False,False,False,False,False,False,0,0,0,0,False,False,False,0,1,True,False,0,0,0,False,False,0.31,0,True,False,1.034,False,False,False
BNBUSDT,SELL,8765,2026-01-15 20:45:00,925.94,0.229,1.959,-1.815,150,lose,0.363,0.726,-1.744,0,fresh,3.0,False,0.95,False,False,none,False,False,0,3,True,False,False,False,False,False,False,False,0,0,0,0,False,False,False,0,1,False,False,0,0,0,False,False,0.6,1,True,True,2.084,False,False,False
BNBUSDT,BUY,8915,2026-01-17 10:15:00,942.75,1.883,4.464,-3.086,151,lose,0.141,0.282,0.921,0,fresh,55.2,False,1.79,True,False,none,False,False,6,2,True,False,False,False,False,False,False,False,0,0,0,0,False,False,False,0,0,False,False,0,0,0,False,False,0.42,0,True,True,2.047,False,True,False
BNBUSDT,SELL,9066,2026-01-19 00:00:00,913.66,5.381,2.182,1.77,330,win,0.522,1.043,-4.359,0,fresh,59.5,False,11.88,True,True,bearish,True,False,1,9,True,False,False,False,False,False,False,False,0,0,0,0,False,False,False,0,1,False,False,0,0,0,False,False,0.28,1,True,False,1.549,True,False,False
BNBUSDT,BUY,9396,2026-01-22 10:30:00,897.49,0.924,2.114,-0.992,229,lose,0.225,0.45,1.404,0,fresh,38.2,True,1.38,False,False,none,False,False,2,1,True,False,False,False,False,False,False,False,0,0,0,1,False,False,True,1,1,False,False,0,0,0,False,False,0.32,0,True,False,1.082,False,False,False
BNBUSDT,SELL,9625,2026-01-24 19:45:00,888.59,3.664,0.171,0.634,217,win,0.102,0.204,-0.52,0,fresh,59.3,False,0.37,False,False,none,False,False,2,5,True,False,False,False,False,False,False,False,0,0,0,0,False,False,False,0,0,False,False,0,0,0,False,False,0.98,0,True,True,1.127,False,True,False
BNBUSDT,BUY,9842,2026-01-27 02:00:00,882.96,3.06,0.649,1.101,237,win,0.212,0.424,1.27,0,fresh,90.7,True,1.54,True,True,bullish,True,False,8,2,True,False,False,False,False,False,False,False,0,0,0,0,False,False,False,0,0,False,False,0,0,0,False,False,0.38,0,True,False,0.681,False,False,False
BNBUSDT,SELL,10079,2026-01-29 13:15:00,892.68,18.388,0.036,12.605,455,win,0.238,0.475,-1.015,0,fresh,63.2,True,0.34,False,False,none,False,False,0,3,True,False,False,False,False,False,False,False,0,0,0,0,False,False,False,0,0,False,False,0,0,0,False,False,0.21,0,True,False,0.509,False,False,False
BNBUSDT,BUY,10534,2026-02-03 07:00:00,780.16,0.464,5.624,-5.517,47,lose,0.438,0.876,2.051,0,fresh,48.6,True,0.98,False,False,none,False,False,3,3,False,False,False,False,False,False,False,False,0,0,0,1,False,False,True,0,1,True,False,0,0,0,False,False,1.59,0,True,False,3.398,False,False,False
BNBUSDT,SELL,10581,2026-02-03 18:45:00,737.12,22.401,5.271,9.775,283,win,0.751,1.503,-5.343,0,fresh,83.2,False,1.93,True,False,none,False,False,1,6,True,False,False,False,False,False,False,False,0,1,0,0,True,False,True,0,1,False,False,0,0,0,False,False,1.55,0,True,False,3.596,True,False,True
BNBUSDT,BUY,10864,2026-02-06 17:30:00,665.07,0.514,4.95,-4.335,65,lose,0.904,1.809,4.645,0,fresh,4.0,False,1.65,True,False,none,False,False,3,1,True,False,False,False,False,False,False,False,0,0,0,0,False,False,False,1,0,False,True,1,0,0,False,False,2.41,1,True,False,3.595,True,False,True
BNBUSDT,SELL,10929,2026-02-07 09:45:00,636.24,7.735,3.032,3.247,459,win,0.607,1.214,-2.733,0,fresh,3.0,False,0.65,False,False,none,False,False,0,5,True,False,False,False,False,False,False,False,0,0,0,0,False,False,False,0,0,False,False,0,0,0,False,False,0.47,1,True,False,1.426,True,False,False
BNBUSDT,BUY,11388,2026-02-12 04:30:00,615.58,0.846,3.782,-3.639,103,lose,0.429,0.858,1.904,0,fresh,31.7,True,1.05,False,False,none,False,False,4,0,True,False,False,False,False,False,False,False,1,0,0,0,True,False,True,1,0,False,False,0,0,0,False,False,0.25,0,True,True,0.361,False,False,False
BNBUSDT,SELL,11491,2026-02-13 06:15:00,593.18,0.101,4.381,-3.83,46,lose,0.445,0.889,-3.157,0,fresh,66.0,False,2.96,True,True,bearish,True,False,1,10,True,False,False,False,False,False,False,False,0,0,0,0,False,False,False,0,1,False,False,0,0,0,False,False,1.04,0,True,False,0.374,False,False,False
BNBUSDT,BUY,11537,2026-02-13 17:45:00,615.9,4.351,0.95,-0.321,192,win,0.594,1.188,2.467,0,fresh,44.1,False,0.3,False,False,none,False,False,3,1,True,False,False,False,False,False,False,False,0,0,0,0,False,False,False,0,0,False,False,0,0,0,False,False,0.8,0,True,True,0.36,True,False,False
BNBUSDT,SELL,11729,2026-02-15 17:45:00,613.92,1.583,2.829,-2.043,123,lose,0.452,0.903,-2.912,0,fresh,38.1,False,3.45,True,True,bearish,True,False,1,5,True,False,False,False,False,False,False,False,0,0,0,0,False,False,False,0,0,False,False,0,0,0,False,False,6.55,1,True,False,1.903,False,False,False
BNBUSDT,BUY,11852,2026-02-17 00:30:00,626.46,0.884,2.754,-2.139,68,lose,0.358,0.716,1.445,0,fresh,71.6,False,0.68,False,False,none,False,False,4,0,True,False,False,False,False,False,False,False,0,0,0,0,False,False,False,0,0,False,False,0,0,0,False,False,1.44,0,True,False,1.469,False,False,False
BNBUSDT,SELL,11920,2026-02-17 17:30:00,613.06,2.903,2.254,-0.741,284,win,0.615,1.23,-2.291,0,fresh,93.3,False,0.6,False,False,none,False,False,2,2,False,False,False,False,False,False,False,False,0,1,0,0,True,False,True,0,1,False,False,0,0,0,False,False,0.43,1,True,True,3.334,True,False,False
BNBUSDT,BUY,12204,2026-02-20 16:30:00,617.6,2.837,0.246,0.342,149,win,0.543,1.086,2.443,0,fresh,36.8,True,0.71,False,False,none,False,False,2,1,True,False,False,False,False,False,False,False,0,0,0,0,False,False,False,0,1,True,False,0,0,0,False,False,0.26,1,True,True,3.31,True,False,False
BNBUSDT,SELL,12353,2026-02-22 05:45:00,619.71,5.961,0.854,1.273,127,win,0.193,0.386,-1.1,0,fresh,1.0,False,1.61,True,False,none,False,False,3,5,True,False,False,False,False,False,False,False,0,1,0,0,True,False,True,0,1,False,False,0,0,0,False,False,0.45,0,True,True,3.298,False,False,False
BNBUSDT,BUY,12480,2026-02-23 13:30:00,611.82,0.026,3.643,-3.629,58,lose,0.395,0.79,2.207,0,fresh,69.3,True,0.98,False,False,none,False,False,4,1,True,False,False,False,False,False,False,False,0,0,1,0,False,True,True,1,0,False,False,0,0,0,False,False,1.31,0,True,True,3.341,False,False,False
BNBUSDT,SELL,12538,2026-02-24 04:00:00,589.62,2.207,2.098,-0.95,97,win,0.518,1.036,-2.568,0,fresh,85.1,False,0.99,False,False,none,False,False,3,4,True,False,False,False,False,False,False,False,0,0,0,0,False,False,False,0,0,False,False,0,0,0,False,False,0.23,0,True,False,3.467,True,False,False
BNBUSDT,BUY,12635,2026-02-25 04:15:00,595.22,7.711,0.953,3.273,223,win,0.473,0.946,1.559,0,fresh,73.5,True,0.76,False,True,bullish,True,False,3,4,False,True,False,False,False,False,False,False,0,0,0,0,False,False,False,0,0,False,False,0,0,0,False,False,0.36,1,True,True,2.268,False,False,False
BNBUSDT,SELL,12858,2026-02-27 12:00:00,614.7,4.28,0.781,-0.395,134,win,0.409,0.818,-2.237,0,fresh,7.6,False,1.2,False,False,none,False,False,1,5,True,False,False,False,False,False,False,False,0,0,0,0,False,False,False,0,0,False,False,0,0,0,False,False,0.09,0,True,False,1.837,False,False,False
BNBUSDT,BUY,12992,2026-02-28 21:30:00,617.13,5.884,0.972,1.35,245,win,0.538,1.076,2.542,0,fresh,56.7,True,0.74,False,False,none,False,False,4,1,True,False,False,False,False,False,False,False,0,0,0,0,False,False,False,0,0,False,False,0,0,0,False,False,0.44,0,True,False,2.709,True,False,False
BNBUSDT,SELL,13237,2026-03-03 10:45:00,625.46,0.777,4.646,-4.256,89,lose,0.464,0.929,-1.878,0,fresh,31.7,True,0.76,False,False,none,False,False,2,4,True,False,False,False,False,False,False,False,0,0,0,0,False,False,False,0,0,False,False,0,0,0,False,False,0.07,0,True,True,1.519,False,False,False
BNBUSDT,BUY,13326,2026-03-04 09:00:00,652.08,2.201,1.681,-1.118,179,win,0.501,1.001,3.439,0,fresh,16.6,True,3.27,True,False,none,False,False,7,0,True,False,False,False,False,False,False,False,0,0,0,0,False,False,False,0,0,False,False,0,0,0,False,False,0.23,0,True,False,1.457,True,False,False
BNBUSDT,SELL,13505,2026-03-06 05:45:00,644.79,5.774,0.492,2.717,309,win,0.36,0.719,-1.649,0,fresh,58.8,True,0.97,False,False,none,False,False,1,1,False,False,False,False,False,False,False,False,0,0,0,0,False,False,False,0,0,False,False,0,0,0,False,False,0.0,1,True,True,1.686,False,False,False
BNBUSDT,BUY,13814,2026-03-09 11:00:00,627.27,8.341,0.507,4.127,439,win,0.375,0.749,1.582,0,fresh,7.8,True,0.38,False,False,none,False,False,3,3,False,False,False,False,False,False,False,False,0,0,0,0,False,False,False,0,0,False,False,0,0,0,False,False,0.44,0,True,False,1.261,False,False,False
BNBUSDT,SELL,14253,2026-03-14 00:45:00,653.16,0.488,1.237,-1.029,114,lose,0.281,0.562,-1.603,0,fresh,28.2,True,1.31,False,False,none,False,False,0,2,True,False,False,False,False,False,False,False,0,1,0,0,True,False,True,0,1,False,False,0,1,0,False,False,0.2,0,True,False,0.257,False,False,False
BNBUSDT,BUY,14367,2026-03-15 05:15:00,659.88,4.24,0.491,0.924,225,win,0.204,0.409,0.868,0,fresh,50.0,True,1.96,True,True,bullish,True,False,5,0,True,False,False,False,False,False,False,False,0,0,0,0,False,False,False,0,0,False,False,0,0,0,False,False,3.42,0,True,False,0.373,False,False,False
BNBUSDT,SELL,14592,2026-03-17 13:30:00,665.98,6.904,1.547,3.162,573,win,0.311,0.622,-1.561,0,fresh,3.6,False,3.97,True,False,none,False,False,1,4,True,False,False,False,False,False,False,False,0,0,0,0,False,False,False,0,0,False,False,0,0,0,False,True,10.85,1,True,True,0.419,False,False,False
BNBUSDT,BUY,15165,2026-03-23 12:45:00,644.92,0.699,2.758,-2.431,68,lose,0.643,1.286,3.156,0,fresh,7.4,True,0.46,False,False,none,False,False,5,1,True,False,False,False,False,False,False,False,0,0,0,0,False,False,False,1,0,False,False,0,0,0,False,False,0.02,1,True,True,3.788,True,False,False
BNBUSDT,SELL,15233,2026-03-24 05:45:00,629.24,0.41,1.955,-1.691,83,lose,0.273,0.546,-1.232,0,fresh,41.1,True,0.45,False,False,none,False,False,0,3,True,False,False,False,False,False,False,False,0,1,0,0,True,False,True,0,1,False,False,0,0,0,False,False,0.42,0,True,True,3.882,False,False,False
BNBUSDT,BUY,15316,2026-03-25 02:30:00,639.88,2.079,1.017,-0.85,112,win,0.247,0.494,1.099,0,fresh,66.4,True,0.82,False,False,none,False,False,3,0,True,False,False,False,False,False,False,False,0,0,0,0,False,False,False,0,0,False,False,0,0,0,False,False,0.83,0,True,True,3.818,False,False,False
BNBUSDT,SELL,15428,2026-03-26 06:30:00,634.44,4.565,0.23,2.637,249,win,0.272,0.544,-1.667,0,fresh,39.1,False,0.64,False,False,none,False,False,0,7,True,False,False,False,False,False,False,False,0,0,0,0,False,False,False,0,0,False,False,0,0,0,False,False,0.4,0,True,True,3.851,False,False,False
BNBUSDT,BUY,15677,2026-03-28 20:45:00,617.71,0.028,1.308,-1.238,68,lose,0.149,0.299,0.771,0,fresh,56.8,True,0.6,False,False,none,False,False,3,1,True,False,False,False,False,False,False,False,0,0,0,0,False,False,False,0,0,False,False,0,0,0,False,False,0.01,1,True,True,0.905,False,True,False
BNBUSDT,SELL,15745,2026-03-29 13:45:00,610.06,2.303,1.708,-1.656,73,win,0.181,0.362,-0.846,0,fresh,45.5,False,1.02,False,False,none,False,False,1,3,True,False,False,False,False,False,False,False,0,0,1,0,False,False,True,1,0,True,False,0,0,0,False,False,0.24,0,True,False,1.331,False,False,False
BNBUSDT,BUY,15818,2026-03-30 08:00:00,620.16,0.256,2.515,-2.357,101,lose,0.316,0.632,1.677,0,fresh,58.2,True,4.07,True,False,none,False,False,1,1,False,False,False,False,False,False,False,False,0,0,0,0,False,False,False,0,0,False,False,0,0,0,False,False,1.9,0,True,False,1.309,False,False,False
BNBUSDT,SELL,15919,2026-03-31 09:15:00,605.54,1.146,2.393,-1.929,54,lose,0.286,0.572,-1.612,0,fresh,62.5,False,2.63,True,False,none,False,False,1,5,True,False,False,False,False,False,False,False,0,0,0,0,False,False,False,0,0,False,False,0,0,0,False,False,1.26,0,True,False,1.879,False,False,False
BNBUSDT,BUY,15973,2026-03-31 22:45:00,617.22,0.881,2.928,-2.805,110,lose,0.321,0.641,1.385,0,fresh,60.6,False,0.44,False,False,none,False,False,1,0,True,False,False,False,False,False,False,False,0,0,0,0,False,False,False,0,0,False,False,0,0,0,False,False,0.36,1,True,True,0.483,False,False,False
BNBUSDT,SELL,16083,2026-04-02 02:15:00,599.91,4.867,0.237,1.82,203,win,0.409,0.819,-2.787,0,fresh,43.3,False,2.07,True,False,none,False,False,1,5,True,False,False,False,False,False,False,False,0,0,0,0,False,False,False,0,0,False,False,0,0,0,False,False,0.47,1,True,False,0.773,False,False,False
BNBUSDT,BUY,16286,2026-04-04 05:00:00,588.99,3.703,0.292,1.438,275,win,0.112,0.224,0.562,0,fresh,22.4,True,0.73,False,False,none,False,False,1,0,True,False,False,False,False,False,False,False,0,0,0,0,False,False,False,0,0,False,False,0,0,0,False,False,0.29,0,True,False,0.788,False,True,False
BNBUSDT,SELL,16561,2026-04-07 01:45:00,597.46,0.877,2.767,-2.465,77,lose,0.271,0.543,-1.321,0,fresh,86.5,False,0.88,False,True,bearish,True,False,1,7,True,False,False,False,False,False,False,False,0,1,0,0,True,False,True,0,1,False,False,0,0,0,False,False,0.89,0,True,False,0.89,False,False,False
BNBUSDT,BUY,16638,2026-04-07 21:00:00,612.19,2.155,1.753,-0.944,78,win,0.34,0.68,2.009,0,fresh,68.6,True,2.76,True,True,bullish,True,False,6,1,True,False,False,False,False,False,False,False,0,0,0,0,False,False,False,0,0,False,False,0,0,0,False,False,2.56,0,True,False,0.869,False,False,False
BNBUSDT,SELL,16716,2026-04-08 16:30:00,606.41,1.529,1.029,-0.579,206,lose,0.317,0.634,-1.202,0,fresh,28.7,False,0.45,False,False,none,False,False,3,4,True,False,False,False,False,False,False,False,0,0,0,0,False,False,False,0,0,False,False,0,0,0,False,False,0.11,0,True,False,0.877,False,False,False
BNBUSDT,BUY,16922,2026-04-10 20:00:00,609.92,0.762,3.228,-2.641,119,lose,0.207,0.413,1.117,0,fresh,4.6,False,0.75,False,False,none,False,False,4,3,True,False,False,False,False,False,False,False,0,0,0,0,False,False,False,0,0,False,False,0,0,0,False,False,0.96,0,True,False,0.872,False,False,False
BNBUSDT,SELL,17041,2026-04-12 01:45:00,593.81,0.781,1.953,-1.682,152,lose,0.401,0.801,-2.924,0,fresh,34.1,False,5.6,True,False,none,False,False,0,4,True,False,False,False,False,False,False,False,0,1,0,0,True,False,True,0,1,False,False,0,0,0,False,False,0.03,1,True,True,2.598,False,False,False
BNBUSDT,BUY,17193,2026-04-13 15:45:00,603.8,7.517,0.219,4.715,463,win,0.322,0.644,1.659,0,fresh,83.4,True,0.96,False,True,bullish,True,False,4,2,True,False,False,False,False,False,False,False,0,0,0,0,False,False,False,0,1,True,False,0,0,0,False,False,0.21,1,True,True,2.555,False,False,False
BNBUSDT,SELL,17656,2026-04-18 11:30:00,632.27,2.709,0.465,0.454,215,win,0.324,0.648,-1.535,0,fresh,63.0,False,0.91,False,False,none,False,False,0,4,True,False,False,False,False,False,False,False,0,0,0,0,False,False,False,0,0,False,False,0,0,0,False,False,0.42,1,True,False,0.655,False,False,False
BNBUSDT,BUY,17871,2026-04-20 17:15:00,629.4,4.05,0.68,0.904,230,win,0.31,0.619,1.406,0,fresh,31.0,True,0.83,False,False,none,False,False,2,2,False,False,False,False,False,False,False,False,0,0,0,0,False,False,False,0,1,True,False,0,1,0,False,False,0.4,0,True,False,0.658,False,False,False
BNBUSDT,SELL,18101,2026-04-23 02:45:00,635.09,1.25,0.912,-0.076,358,lose,0.279,0.558,-1.455,0,fresh,33.1,True,0.88,False,False,none,False,False,0,5,True,False,False,False,False,False,False,False,0,0,0,0,False,False,False,0,0,False,False,0,0,0,False,False,0.6,0,True,False,2.636,False,False,False
BNBUSDT,BUY,18459,2026-04-26 20:15:00,635.57,0.757,1.611,-1.441,43,lose,0.156,0.311,0.78,0,fresh,10.7,True,0.47,False,False,none,False,False,4,2,True,False,False,False,False,False,False,False,0,0,0,1,False,False,True,0,1,True,False,0,0,0,False,False,0.28,0,True,False,2.634,False,False,False
BNBUSDT,SELL,18502,2026-04-27 07:00:00,626.41,1.221,0.549,-0.541,205,lose,0.299,0.599,-1.499,0,fresh,75.0,False,0.6,False,False,none,False,False,0,5,True,False,False,False,False,False,False,False,0,1,0,0,True,False,True,0,1,False,False,0,0,0,False,False,0.11,1,True,False,0.621,False,False,False
BNBUSDT,BUY,18707,2026-04-29 10:15:00,629.8,0.016,2.247,-2.072,22,lose,0.177,0.354,0.977,0,fresh,51.9,True,1.37,False,False,none,False,False,2,3,False,True,False,False,False,False,False,False,0,0,0,0,False,False,False,0,0,False,False,0,0,0,False,False,0.11,0,True,False,0.257,False,False,False
BNBUSDT,SELL,18729,2026-04-29 15:45:00,616.75,1.047,1.041,-0.923,185,lose,0.274,0.548,-1.639,0,fresh,0.6,True,1.86,True,False,none,False,False,0,5,True,False,False,False,False,False,False,False,0,0,0,0,False,False,False,0,0,False,False,0,0,0,False,False,0.29,0,True,False,0.263,False,False,False
BNBUSDT,BUY,18914,2026-05-01 14:00:00,622.44,0.09,1.356,-1.023,73,lose,0.195,0.39,1.015,0,fresh,20.5,False,1.15,False,False,none,False,False,6,3,True,False,False,False,False,False,False,False,0,0,0,1,False,False,True,1,1,False,False,0,0,0,False,False,0.78,0,True,False,1.84,False,False,False
BNBUSDT,SELL,18987,2026-05-02 08:15:00,616.07,0.174,0.997,-0.638,58,lose,0.116,0.232,-0.395,0,fresh,11.1,False,0.56,False,False,none,False,False,2,2,False,False,False,False,False,False,False,False,0,0,0,0,False,False,False,0,0,False,False,0,0,0,False,False,0.47,0,True,True,1.859,False,True,False
BNBUSDT,BUY,19045,2026-05-02 22:45:00,620.0,7.213,0.755,2.302,479,win,0.133,0.265,0.585,0,fresh,76.6,True,0.75,False,False,none,False,False,3,1,True,False,False,False,False,False,False,False,1,0,0,0,True,False,True,1,0,False,False,0,0,0,False,False,0.28,1,True,True,1.923,False,True,False
BNBUSDT,SELL,19524,2026-05-07 22:30:00,634.27,0.076,2.486,-2.188,82,lose,0.355,0.711,-2.278,0,fresh,66.7,False,1.5,False,False,none,False,False,2,2,False,False,False,False,False,False,False,False,0,0,0,0,False,False,False,1,0,True,False,1,0,0,False,False,0.0,1,True,True,1.395,False,False,False
BNBUSDT,BUY,19606,2026-05-08 19:00:00,648.15,1.308,0.455,-0.023,130,lose,0.274,0.548,1.423,0,fresh,6.3,True,0.66,False,False,none,False,False,3,1,True,False,False,False,False,False,False,False,0,0,0,0,False,False,False,0,0,False,False,0,0,0,False,False,0.1,0,True,False,1.365,False,False,False
BNBUSDT,SELL,19736,2026-05-10 03:30:00,648.0,0.056,1.173,-1.144,48,lose,0.172,0.344,-0.454,0,fresh,9.0,True,0.85,False,False,none,False,False,1,5,True,False,False,False,False,False,False,False,0,0,0,0,False,False,False,0,1,False,False,0,0,0,False,False,0.46,0,True,False,1.366,False,False,False
BNBUSDT,BUY,19784,2026-05-10 15:30:00,655.41,2.774,0.998,-0.261,194,win,0.186,0.372,1.08,0,fresh,87.3,True,1.86,True,True,bullish,True,False,6,1,True,False,False,False,False,False,False,False,0,0,0,0,False,False,False,0,0,False,False,0,0,0,False,False,2.13,0,True,False,1.35,False,False,False
BNBUSDT,SELL,19978,2026-05-12 16:00:00,653.7,0.415,2.255,-2.243,24,lose,0.377,0.755,-1.593,0,fresh,61.4,True,0.62,False,False,none,False,False,1,3,True,False,False,False,False,False,False,False,0,0,1,0,False,False,True,1,1,False,False,0,0,0,False,False,0.22,0,True,False,1.16,False,False,False
BNBUSDT,BUY,20002,2026-05-12 22:00:00,668.36,2.66,0.636,-0.072,121,win,0.259,0.518,1.397,0,fresh,96.9,True,1.03,False,True,bullish,True,False,11,0,True,False,False,False,False,False,False,False,0,0,0,0,False,False,False,0,0,False,False,0,0,0,False,False,0.74,0,True,True,1.134,False,False,False
BNBUSDT,SELL,20123,2026-05-14 04:15:00,667.88,0.157,3.072,-2.463,51,lose,0.335,0.67,-1.362,0,fresh,8.4,True,0.65,False,False,none,False,False,1,2,True,False,False,False,False,False,False,False,1,0,0,0,False,False,True,1,1,False,False,0,0,0,False,False,0.49,0,True,True,1.918,False,False,False
BNBUSDT,BUY,20174,2026-05-14 17:00:00,684.33,0.909,2.179,-1.718,122,lose,0.411,0.821,2.077,0,fresh,23.5,True,3.38,True,False,none,False,False,3,1,True,False,False,False,False,False,False,False,0,0,0,0,False,False,False,1,0,False,False,0,0,0,False,False,5.78,1,True,False,2.103,False,False,False
BNBUSDT,SELL,20296,2026-05-15 23:30:00,672.57,5.671,0.391,3.598,448,win,0.228,0.456,-1.064,0,fresh,18.2,True,1.27,False,False,none,False,False,0,2,True,False,False,False,False,False,False,False,0,0,0,0,False,False,False,0,0,False,False,0,0,0,False,False,0.21,0,True,False,0.569,False,False,False
BNBUSDT,BUY,20744,2026-05-20 15:30:00,648.37,2.557,0.321,0.168,228,win,0.271,0.542,1.246,0,fresh,26.7,False,0.84,False,False,none,False,False,3,2,True,False,False,False,False,False,False,False,0,0,0,0,False,False,False,0,0,False,False,0,0,0,False,False,0.66,0,True,False,0.603,False,False,False
BNBUSDT,SELL,20972,2026-05-23 00:30:00,649.46,2.226,0.619,-0.585,75,win,0.302,0.605,-1.504,0,fresh,40.7,False,1.31,False,False,none,False,False,0,2,True,False,False,False,False,False,False,False,0,0,0,0,False,False,False,0,0,False,False,0,0,0,False,False,0.48,0,True,False,0.932,False,False,False
BNBUSDT,BUY,21047,2026-05-23 19:15:00,653.26,3.1,0.499,0.715,218,win,0.219,0.438,1.265,0,fresh,92.3,True,0.68,False,True,bullish,True,False,8,1,True,False,False,False,False,False,False,False,0,0,0,0,False,False,False,0,0,False,False,0,0,0,False,False,0.38,0,True,False,0.291,False,False,False
BNBUSDT,SELL,21265,2026-05-26 01:45:00,657.93,4.485,1.607,1.497,382,win,0.255,0.509,-1.288,0,fresh,62.0,True,0.62,False,False,none,False,False,1,3,True,False,False,False,False,False,False,False,0,0,0,0,False,False,False,0,0,False,False,0,0,0,False,False,0.41,0,True,False,0.695,False,False,False
BNBUSDT,BUY,21647,2026-05-30 01:15:00,648.08,15.2,0.088,9.809,180,win,0.218,0.437,1.559,0,fresh,40.7,True,1.9,True,False,none,False,False,4,1,True,False,False,False,False,False,False,False,0,0,0,0,False,False,False,0,0,False,False,0,0,0,False,False,0.5,0,True,False,0.469,False,False,False
BNBUSDT,SELL,21827,2026-05-31 22:15:00,711.65,21.748,2.775,17.277,610,win,0.445,0.89,-1.714,0,fresh,6.7,True,1.02,False,False,none,False,False,1,1,False,False,False,False,False,False,False,False,0,0,0,0,False,False,False,0,0,False,False,0,0,0,False,False,0.15,0,True,False,0.427,False,False,False
BNBUSDT,BUY,22437,2026-06-07 06:45:00,588.7,3.82,0.8,-0.438,223,win,0.406,0.812,2.271,0,fresh,1.6,True,1.11,False,False,none,False,False,3,1,True,False,False,False,False,False,False,False,0,0,0,0,False,False,False,0,0,False,False,0,0,0,False,False,0.73,0,True,False,1.605,False,False,False
BNBUSDT,SELL,22660,2026-06-09 14:30:00,586.12,0.891,3.03,-2.527,168,lose,0.45,0.9,-2.95,0,fresh,38.8,False,3.56,True,False,none,False,False,0,5,True,False,False,False,False,False,False,False,0,1,0,0,True,False,True,0,1,False,False,0,0,0,False,False,0.21,0,True,False,3.46,False,False,False
BNBUSDT,BUY,22828,2026-06-11 08:30:00,600.93,2.158,0.754,0.361,334,win,0.337,0.673,1.926,0,fresh,81.1,False,1.16,False,False,none,False,False,5,0,True,False,False,False,False,False,False,False,1,0,0,0,True,False,True,1,0,False,False,0,0,0,False,False,0.8,0,True,False,1.053,False,False,False
BNBUSDT,SELL,23162,2026-06-14 20:00:00,603.1,0.002,2.409,-2.063,12,lose,0.204,0.407,-1.075,0,fresh,32.6,False,1.03,False,False,none,False,False,1,3,True,False,False,False,False,False,False,False,0,0,0,0,False,False,False,0,1,False,False,0,0,0,False,False,0.99,1,True,False,0.388,False,False,False
BNBUSDT,BUY,23174,2026-06-14 23:00:00,615.54,2.863,2.4,-1.62,153,win,0.352,0.704,1.667,0,fresh,34.4,True,1.01,False,False,none,False,False,4,1,True,False,False,False,False,False,False,False,0,0,0,0,False,False,False,0,1,True,False,0,0,0,False,False,0.03,1,True,False,1.357,False,False,False
BNBUSDT,SELL,23327,2026-06-16 13:15:00,605.57,5.76,1.21,2.951,358,win,0.423,0.846,-2.629,0,fresh,45.5,False,9.71,True,False,none,False,False,2,5,True,False,False,False,False,False,False,False,0,0,0,0,False,False,False,1,1,False,False,1,0,0,False,False,1.44,1,True,False,0.948,False,False,False
BNBUSDT,BUY,23685,2026-06-20 06:45:00,587.7,2.568,1.021,-0.74,285,win,0.235,0.47,1.598,0,fresh,61.6,False,1.47,False,False,none,False,False,4,1,True,False,False,False,False,False,False,False,0,0,0,0,False,False,False,0,0,False,False,0,0,0,False,False,0.21,0,True,False,0.575,False,False,False
BNBUSDT,SELL,23970,2026-06-23 06:00:00,583.35,6.348,0.115,2.493,205,win,0.308,0.616,-2.013,0,fresh,55.5,False,4.32,True,True,bearish,True,False,2,7,True,False,False,False,False,False,False,False,0,0,0,0,False,False,False,1,0,True,False,1,0,0,False,False,2.2,0,True,False,0.55,False,False,False
BNBUSDT,BUY,24175,2026-06-25 09:15:00,568.81,0.079,4.977,-4.683,18,lose,0.246,0.493,0.861,0,fresh,68.8,False,0.69,False,False,none,False,False,4,2,True,False,False,False,False,False,False,False,0,0,0,0,False,False,False,1,0,False,False,1,0,0,False,False,0.77,0,True,False,1.577,False,False,False
BNBUSDT,SELL,24193,2026-06-25 13:45:00,542.17,0.0,5.27,-3.477,413,lose,0.706,1.413,-5.37,0,fresh,84.8,False,8.28,True,True,bearish,True,False,1,5,True,False,False,False,False,False,False,False,0,0,0,0,False,False,False,0,1,False,False,0,0,0,False,False,3.23,0,True,False,1.654,True,False,False
BNBUSDT,BUY,24606,2026-06-29 21:00:00,561.02,0.216,1.962,-1.902,47,lose,0.348,0.697,1.289,0,fresh,33.1,True,0.84,False,False,none,False,False,3,1,True,False,False,False,False,False,False,False,0,0,0,0,False,False,False,1,0,False,False,0,0,0,False,False,1.77,0,True,False,1.777,False,False,False
BNBUSDT,SELL,24653,2026-06-30 08:45:00,550.35,2.369,1.067,-0.289,139,win,0.217,0.435,-1.35,0,fresh,57.3,False,1.37,False,False,none,False,False,0,4,True,False,False,False,False,False,False,False,0,0,0,0,False,False,False,0,0,False,False,0,0,0,False,False,1.01,0,True,True,1.812,False,False,False
BNBUSDT,BUY,24792,2026-07-01 19:30:00,551.94,7.59,0.982,3.493,454,win,0.359,0.717,1.031,0,fresh,54.4,True,0.85,False,False,none,False,False,3,3,False,False,False,False,False,False,False,False,0,0,0,0,False,False,False,0,0,False,False,0,0,0,False,False,0.17,0,True,False,1.504,False,False,False
BNBUSDT,SELL,25246,2026-07-06 13:00:00,571.22,0.13,3.743,-3.109,40,lose,0.339,0.678,-2.425,0,fresh,64.0,False,1.46,False,False,none,False,False,2,6,True,False,False,False,False,False,False,False,0,0,0,0,False,False,False,0,0,False,False,0,0,0,False,False,0.01,1,True,False,0.711,False,False,False
BNBUSDT,BUY,25286,2026-07-06 23:00:00,588.98,0.003,2.088,-1.895,48,lose,0.29,0.58,1.369,0,fresh,63.8,True,0.65,False,False,none,False,False,2,1,True,False,False,False,False,False,False,False,0,0,0,0,False,False,False,1,0,False,False,0,0,0,False,False,0.02,1,True,True,1.098,False,False,False
BNBUSDT,SELL,25334,2026-07-07 11:00:00,577.82,2.984,1.67,0.464,175,win,0.206,0.413,-0.995,0,fresh,97.1,False,1.39,False,False,none,False,False,2,3,True,False,False,False,False,False,False,False,0,0,0,0,False,False,False,0,0,False,False,0,0,0,False,False,3.0,1,True,True,0.343,False,False,False
BNBUSDT,BUY,25509,2026-07-09 06:45:00,575.14,1.44,1.181,-0.483,262,lose,0.288,0.577,1.576,0,fresh,74.7,True,0.85,False,False,none,False,False,3,1,True,False,False,False,False,False,False,False,0,0,0,0,False,False,False,0,0,False,False,0,0,0,False,False,0.08,0,True,False,1.243,False,False,False
BNBUSDT,SELL,25771,2026-07-12 00:15:00,572.36,0.37,2.221,-1.817,50,lose,0.236,0.471,-1.435,0,fresh,34.1,True,1.62,True,False,none,False,False,0,3,True,False,False,False,False,False,False,False,0,0,0,0,False,False,False,0,0,False,False,0,0,0,False,False,0.58,0,True,True,1.209,False,False,False
BNBUSDT,BUY,25821,2026-07-12 12:45:00,582.76,0.079,1.654,-1.481,44,lose,0.265,0.529,1.546,0,fresh,62.0,True,1.55,True,False,none,False,False,5,1,True,False,False,False,False,False,False,False,0,0,0,0,False,False,False,1,0,False,False,1,0,0,False,False,0.4,0,True,False,1.187,False,False,False
BNBUSDT,SELL,25865,2026-07-12 23:45:00,574.13,2.022,1.31,-1.008,150,win,0.188,0.376,-0.881,0,fresh,55.9,False,0.83,False,False,none,False,False,0,4,True,False,False,False,False,False,False,False,0,0,0,0,False,False,False,0,0,False,False,0,0,0,False,False,0.69,0,True,True,1.205,False,False,False
BNBUSDT,BUY,26015,2026-07-14 13:15:00,579.92,1.107,0.936,-0.604,211,lose,0.282,0.564,2.068,0,fresh,64.0,True,2.8,True,True,bullish,True,False,4,1,True,False,False,False,False,False,False,False,0,0,0,0,False,False,False,0,0,False,False,0,0,0,False,False,0.37,0,True,False,1.193,False,False,False
BNBUSDT,SELL,26226,2026-07-16 18:00:00,576.42,3.596,0.165,1.029,185,win,0.264,0.527,-0.993,0,fresh,78.2,True,0.71,False,False,none,False,False,2,4,True,False,False,False,False,False,False,False,0,0,0,0,False,False,False,1,0,True,False,0,0,0,False,False,0.68,0,True,False,0.626,False,False,False
BNBUSDT,BUY,26411,2026-07-18 16:15:00,570.49,0.687,1.311,-0.682,159,lose,0.142,0.284,0.571,0,fresh,52.9,False,0.39,False,False,none,False,False,4,2,True,False,False,False,False,False,False,False,0,0,0,0,False,False,False,0,0,False,False,0,0,0,False,False,0.48,0,True,False,0.659,False,True,False
BNBUSDT,SELL,26570,2026-07-20 08:00:00,566.6,0.344,1.603,-1.433,41,lose,0.263,0.527,-0.805,0,fresh,34.7,False,0.88,False,False,none,False,False,2,5,True,False,False,False,False,False,False,False,0,0,0,0,False,False,False,0,1,False,False,0,0,0,False,False,0.17,0,True,False,0.664,False,False,False
BNBUSDT,BUY,26611,2026-07-20 18:15:00,574.72,0.954,1.042,-0.875,143,lose,0.267,0.533,1.285,0,fresh,22.8,False,0.99,False,False,none,False,False,5,2,True,False,False,False,False,False,False,False,1,0,0,0,True,False,True,1,0,False,False,0,0,0,False,False,0.07,0,True,False,0.722,False,False,False
BNBUSDT,SELL,26754,2026-07-22 06:00:00,569.69,2.382,1.078,0.362,332,win,0.178,0.356,-1.03,0,fresh,23.5,True,1.09,False,False,none,False,False,1,8,True,False,False,False,False,False,False,False,0,0,0,0,False,False,False,0,0,False,False,0,0,0,False,False,0.33,0,True,True,0.728,False,False,False
BNBUSDT,BUY,27086,2026-07-25 17:00:00,567.63,1.756,0.359,-0.189,219,lose,0.127,0.253,0.53,0,fresh,23.4,False,0.49,False,False,none,False,False,4,2,True,False,False,False,False,False,False,False,0,0,0,0,False,False,False,0,0,False,False,0,0,0,False,False,1.36,0,True,False,0.772,False,True,False
BNBUSDT,SELL,27305,2026-07-27 23:45:00,566.56,0.718,1.684,-1.204,99,lose,0.278,0.556,-1.47,0,fresh,53.7,True,0.76,False,False,none,False,False,0,5,True,False,False,False,False,False,False,False,0,0,0,0,False,False,False,1,0,True,False,0,0,0,False,False,0.28,0,True,False,0.214,False,False,False
BNBUSDT,BUY,27404,2026-07-29 00:30:00,573.38,4.05,1.371,1.66,326,win,0.186,0.371,0.92,0,fresh,60.9,True,1.63,True,False,none,False,False,5,4,True,False,False,False,False,False,False,False,0,0,0,0,False,False,False,0,0,False,False,0,0,0,False,False,0.42,0,True,False,0.211,False,False,False
BNBUSDT,SELL,27730,2026-08-01 10:00:00,582.9,1.578,0.482,-0.405,75,lose,0.205,0.41,-1.282,0,fresh,70.0,False,3.09,True,True,bearish,True,False,1,6,True,False,False,False,False,False,False,False,0,0,0,0,False,False,False,0,0,False,False,0,0,0,False,False,1.79,0,True,False,0.558,False,False,False
BNBUSDT,BUY,27805,2026-08-02 04:45:00,585.26,3.557,0.654,1.551,372,win,0.216,0.433,1.09,0,fresh,58.2,True,0.6,False,False,none,False,False,6,1,True,False,False,False,False,False,False,False,0,0,0,0,False,False,False,0,0,False,False,0,0,0,False,False,0.12,0,True,False,0.555,False,False,False
BNBUSDT,SELL,28177,2026-08-06 01:45:00,594.34,1.471,0.739,0.089,205,lose,0.205,0.41,-0.746,0,fresh,34.8,False,0.5,False,False,none,False,False,3,6,True,False,False,False,False,False,False,False,0,1,0,0,True,False,True,0,1,False,False,0,0,0,False,False,0.76,0,True,True,2.268,False,False,False
BNBUSDT,BUY,28382,2026-08-08 05:00:00,593.81,3.141,0.103,1.143,227,win,0.091,0.183,0.431,0,fresh,35.4,False,1.09,False,False,none,False,False,5,3,True,False,False,False,False,False,False,False,0,0,0,0,False,False,False,0,1,True,False,0,0,0,False,False,0.67,0,True,True,2.27,False,True,False
BNBUSDT,SELL,28609,2026-08-10 13:45:00,600.6,0.498,1.307,-1.094,81,lose,0.204,0.407,-1.09,0,fresh,63.2,False,3.88,True,False,none,False,False,1,2,True,False,False,False,False,False,False,False,0,0,1,0,False,False,True,1,0,True,False,0,0,0,False,False,0.76,1,True,False,0.163,False,False,False
BNBUSDT,BUY,28690,2026-08-11 10:00:00,607.17,2.258,0.352,0.069,219,win,0.202,0.404,1.036,0,fresh,34.9,False,1.31,False,False,none,False,False,6,0,True,False,False,False,False,False,False,False,0,0,0,0,False,False,False,0,0,False,False,0,0,0,False,False,0.41,0,True,False,0.161,False,False,False
BNBUSDT,SELL,28909,2026-08-13 16:45:00,607.59,0.739,0.933,-0.708,144,lose,0.275,0.549,-1.12,0,fresh,34.0,True,1.38,False,False,none,False,False,1,0,False,True,False,False,False,False,False,False,0,1,0,0,True,False,True,0,1,False,False,0,0,0,False,False,0.95,0,True,False,1.231,False,False,False
BNBUSDT,BUY,29053,2026-08-15 04:45:00,611.89,0.217,0.757,-0.69,82,lose,0.152,0.303,0.807,0,fresh,29.9,False,2.32,True,False,none,False,False,2,0,True,False,False,False,False,False,False,False,0,0,0,0,False,False,False,0,0,False,False,0,0,0,False,False,0.17,0,True,True,1.222,False,False,False
BNBUSDT,SELL,29135,2026-08-16 01:15:00,607.67,1.233,0.331,-0.234,342,lose,0.109,0.218,-0.462,0,fresh,58.0,False,0.52,False,False,none,False,False,0,4,True,False,False,False,False,False,False,False,0,0,0,0,False,False,False,0,0,False,False,0,0,0,False,False,0.18,0,True,False,1.231,False,True,False
BNBUSDT,BUY,29477,2026-08-19 14:45:00,609.09,19.383,0.008,12.266,346,win,0.169,0.339,1.154,0,fresh,64.3,True,4.38,True,True,bullish,True,False,6,1,True,False,False,False,False,False,False,False,0,0,0,0,False,False,False,0,0,False,False,0,0,0,False,False,0.68,0,True,False,0.163,False,False,False
BNBUSDT,SELL,29823,2026-08-23 05:15:00,683.8,0.409,3.055,-2.995,63,lose,0.501,1.002,-2.263,0,fresh,35.3,True,3.11,True,False,none,False,False,2,5,True,False,True,True,False,False,True,True,0,0,1,0,False,False,True,1,1,False,False,1,0,0,False,False,0.8,0,True,False,1.079,True,False,False
BNBUSDT,BUY,29886,2026-08-23 21:00:00,704.28,1.864,1.569,0.699,113,lose,0.291,0.582,1.841,0,fresh,90.0,True,3.23,True,True,bullish,True,False,3,0,True,False,False,False,False,False,False,False,0,0,0,0,False,False,False,0,0,False,False,0,0,0,False,True,14.21,1,True,True,0.595,False,False,False
BTCUSDT,SELL,14,2025-10-16 17:00:00,108432.0,4.576,0.708,0.647,267,win,0.697,1.395,-3.148,0,fresh,80.5,False,1.07,False,False,none,False,False,1,4,True,False,False,False,False,False,False,False,0,0,0,0,False,False,False,0,1,False,False,0,0,0,False,False,0.07,1,True,False,1.225,True,False,False
BTCUSDT,BUY,281,2025-10-19 11:45:00,107730.6,3.638,0.388,0.419,162,win,0.343,0.686,1.382,0,fresh,18.1,False,0.45,False,False,none,False,False,2,2,False,False,False,False,False,False,False,False,0,0,0,0,False,False,False,0,1,True,False,0,0,0,False,False,0.33,0,True,False,0.605,False,False,False
BTCUSDT,SELL,443,2025-10-21 04:15:00,108181.9,0.723,4.546,-4.361,44,lose,0.335,0.67,-2.237,0,fresh,20.3,False,1.66,True,False,none,False,False,0,6,True,False,False,False,False,False,False,False,0,0,0,0,False,False,False,0,0,False,False,0,0,0,False,False,0.33,0,True,False,1.279,False,False,False
BTCUSDT,BUY,487,2025-10-21 15:15:00,112899.9,0.921,4.537,-4.402,38,lose,0.671,1.343,4.476,0,fresh,62.2,True,1.37,False,False,none,False,False,5,0,True,False,False,False,False,False,False,False,0,0,0,0,False,False,False,0,0,False,False,0,0,0,False,False,0.49,1,True,False,0.445,True,False,False
BTCUSDT,SELL,525,2025-10-22 00:45:00,107930.1,1.454,2.173,-1.09,146,lose,0.55,1.1,-2.935,0,fresh,40.0,False,0.48,False,False,none,False,False,0,6,True,False,False,False,False,False,False,False,0,0,0,0,False,False,False,0,0,False,False,0,0,0,False,False,0.79,0,True,True,0.466,True,False,False
BTCUSDT,BUY,671,2025-10-23 13:15:00,109106.1,6.667,0.42,4.165,449,win,0.291,0.583,0.789,0,fresh,27.4,True,0.85,False,False,none,False,False,1,0,True,False,False,False,False,False,False,False,0,0,0,0,False,False,False,0,1,True,False,0,0,0,False,False,0.21,0,True,False,1.571,False,False,False
BTCUSDT,SELL,1120,2025-10-28 05:30:00,113650.0,6.555,2.133,2.881,313,win,0.213,0.427,-1.039,0,fresh,100.0,False,0.61,False,True,bearish,True,False,2,3,True,False,False,False,False,False,False,False,0,0,0,0,False,False,False,0,0,False,False,0,0,0,False,False,0.4,0,True,True,1.816,False,False,False
BTCUSDT,BUY,1433,2025-10-31 11:45:00,110375.7,0.777,2.243,-2.08,254,lose,0.325,0.65,1.852,0,fresh,86.8,True,2.59,True,True,bullish,True,False,2,2,False,False,False,False,False,False,False,False,0,0,0,0,False,False,False,0,0,False,False,0,0,0,False,False,8.67,0,True,False,0.589,False,False,False
BTCUSDT,SELL,1687,2025-11-03 03:15:00,108079.9,8.504,0.251,3.877,251,win,0.362,0.724,-2.335,0,fresh,19.5,False,2.16,True,False,none,False,False,1,7,True,False,False,False,False,False,False,False,0,0,0,0,False,False,False,1,0,True,False,0,0,0,False,False,0.24,1,True,False,0.537,False,False,False
BTCUSDT,BUY,1938,2025-11-05 18:00:00,103889.9,0.585,3.515,-2.477,94,lose,0.434,0.869,2.021,0,fresh,17.3,True,0.39,False,False,none,False,False,4,0,True,False,False,False,False,False,False,False,0,0,0,0,False,False,False,0,0,False,False,0,0,0,False,False,0.95,0,True,False,0.866,False,False,False
BTCUSDT,SELL,2032,2025-11-06 17:30:00,101316.5,2.089,2.034,-1.805,107,win,0.585,1.171,-2.384,0,fresh,19.1,False,0.58,False,False,none,False,False,2,3,True,False,False,False,False,False,False,False,0,1,0,0,True,False,True,0,1,False,False,0,0,0,False,False,0.08,0,True,False,0.888,True,False,False
BTCUSDT,BUY,2139,2025-11-07 20:15:00,103145.0,0.897,1.789,-1.101,147,lose,0.486,0.971,2.227,0,fresh,34.5,False,0.47,False,False,none,False,False,6,0,True,False,False,False,False,False,False,False,0,0,0,0,False,False,False,0,0,False,False,0,0,0,False,False,1.17,0,True,False,0.872,False,False,False
BTCUSDT,SELL,2286,2025-11-09 09:00:00,102009.2,0.541,1.982,-1.266,24,lose,0.186,0.371,-0.424,0,fresh,44.5,True,1.3,False,False,none,False,False,3,1,False,True,False,False,False,False,False,False,0,0,0,0,False,False,False,0,0,False,False,0,0,0,False,False,4.21,0,True,True,0.928,False,False,False
BTCUSDT,BUY,2310,2025-11-09 15:00:00,103300.3,4.04,0.16,0.113,195,win,0.348,0.696,1.536,0,fresh,56.6,True,1.19,False,False,none,False,False,5,0,True,False,False,False,False,False,False,False,0,0,0,0,False,False,False,0,0,False,False,0,0,0,False,False,0.44,0,True,False,0.916,False,False,False
BTCUSDT,SELL,2505,2025-11-11 15:45:00,103417.2,0.984,1.688,-1.249,79,lose,0.371,0.742,-2.083,0,fresh,18.6,False,1.67,True,False,none,False,False,0,4,True,False,False,False,False,False,False,False,0,0,0,0,False,False,False,0,0,False,False,0,0,0,False,False,0.38,0,True,False,1.212,False,False,False
BTCUSDT,BUY,2584,2025-11-12 11:30:00,104708.7,0.562,3.279,-2.825,19,lose,0.282,0.564,1.118,0,fresh,15.0,False,0.54,False,False,none,False,False,4,4,False,False,False,False,False,False,False,False,0,0,0,0,False,False,False,0,0,False,False,0,0,0,False,False,0.31,0,True,False,0.615,False,False,False
BTCUSDT,SELL,2603,2025-11-12 16:15:00,101750.2,12.519,2.235,9.002,597,win,0.505,1.009,-2.853,0,fresh,60.9,True,1.44,False,False,none,False,False,1,6,True,False,False,False,False,False,False,False,0,0,0,0,False,False,False,1,0,True,False,0,0,0,False,False,0.41,0,True,False,0.633,True,False,False
BTCUSDT,BUY,3200,2025-11-18 21:30:00,92591.1,0.874,2.835,-1.968,35,lose,0.434,0.869,1.115,0,fresh,91.0,False,0.6,False,True,bearish,False,True,0,2,False,True,False,False,False,False,False,False,0,0,0,0,False,False,False,0,0,False,False,0,0,0,False,False,0.31,0,True,False,0.666,False,False,False
BTCUSDT,SELL,3235,2025-11-19 06:15:00,90769.3,2.429,2.193,-1.968,82,win,0.425,0.85,-1.834,0,fresh,38.0,True,1.24,False,True,bullish,False,True,2,7,True,False,False,False,False,False,False,False,0,1,0,0,True,False,True,0,1,False,False,0,0,0,False,False,0.39,0,True,False,0.679,False,False,False
BTCUSDT,BUY,3317,2025-11-20 02:45:00,92556.0,0.642,4.846,-4.707,55,lose,0.45,0.9,2.144,0,fresh,45.8,True,0.72,False,False,none,False,False,2,0,True,False,False,False,False,False,False,False,0,0,0,0,False,False,False,0,0,False,False,0,0,0,False,False,0.24,0,True,False,0.666,False,False,False
BTCUSDT,SELL,3372,2025-11-20 16:30:00,88199.0,8.616,0.224,2.357,232,win,0.717,1.433,-4.65,0,fresh,58.2,False,1.52,True,False,none,False,False,0,3,True,False,False,False,False,False,False,False,0,0,0,0,False,False,False,0,0,False,False,0,0,0,False,False,0.48,0,True,False,0.699,True,False,False
BTCUSDT,BUY,3604,2025-11-23 02:30:00,86120.0,3.55,1.038,0.924,321,win,0.389,0.779,2.282,0,fresh,38.9,True,1.94,True,False,none,False,False,7,0,True,False,False,False,False,False,False,False,0,0,0,0,False,False,False,0,0,False,False,0,0,0,False,False,0.44,0,True,False,4.839,False,False,False
BTCUSDT,SELL,3925,2025-11-26 10:45:00,86916.1,0.754,3.652,-3.549,29,lose,0.263,0.526,-0.981,0,fresh,32.5,True,0.85,False,False,none,False,False,1,5,True,False,False,False,False,False,False,False,0,0,1,0,False,False,True,1,0,True,False,0,0,0,False,False,1.18,0,True,False,0.798,False,False,False
BTCUSDT,BUY,3954,2025-11-26 18:00:00,90001.1,3.421,1.876,-1.848,409,win,0.506,1.011,3.609,0,fresh,45.4,True,1.98,True,True,bullish,True,False,7,0,True,False,False,False,False,False,False,False,0,0,0,0,False,False,False,0,0,False,False,0,0,0,False,False,0.05,1,True,False,1.421,True,False,False
BTCUSDT,SELL,4363,2025-12-01 00:15:00,88338.3,5.153,0.589,-0.505,153,win,0.406,0.812,-3.514,0,fresh,73.9,False,4.47,True,True,bearish,True,False,0,7,True,False,False,False,False,False,False,False,0,0,0,0,False,False,False,0,0,False,False,0,0,0,False,False,0.24,0,True,False,1.881,False,False,False
BTCUSDT,BUY,4516,2025-12-02 14:30:00,88784.0,6.083,0.051,3.606,249,win,0.407,0.815,2.801,0,fresh,31.0,True,3.41,True,False,none,False,False,4,0,True,False,False,False,False,False,False,False,0,0,0,0,False,False,False,0,0,False,False,0,0,0,False,False,0.2,0,True,False,1.099,False,False,False
BTCUSDT,SELL,4765,2025-12-05 04:45:00,91985.6,4.672,0.511,0.705,247,win,0.278,0.556,-1.083,0,fresh,57.7,True,1.44,False,False,none,False,False,1,3,True,False,False,False,False,False,False,False,0,0,0,0,False,False,False,1,0,True,False,1,0,0,False,False,0.35,1,True,True,1.59,False,False,False
BTCUSDT,BUY,5012,2025-12-07 18:30:00,91337.3,1.013,2.679,-1.191,87,lose,0.478,0.956,2.585,0,fresh,45.3,False,0.8,False,False,none,False,False,5,2,True,False,False,False,False,False,False,False,1,0,0,0,True,False,True,1,1,False,True,1,0,0,False,False,0.12,0,True,False,0.308,False,False,False
BTCUSDT,SELL,5099,2025-12-08 16:15:00,90249.7,0.976,3.812,-3.429,96,lose,0.516,1.032,-1.766,0,fresh,57.2,True,0.97,False,True,bullish,False,True,1,3,True,False,False,False,False,False,False,False,0,0,0,0,False,False,False,0,1,False,False,0,1,0,False,False,0.14,0,True,False,0.311,True,False,False
BTCUSDT,BUY,5195,2025-12-09 16:15:00,93344.8,1.296,2.876,-2.465,132,lose,0.52,1.04,3.678,0,fresh,15.7,False,2.29,True,False,none,False,False,6,1,True,False,False,False,False,False,False,False,0,0,0,0,False,False,False,0,0,False,False,0,0,0,False,False,0.21,0,True,False,0.766,True,False,False
BTCUSDT,SELL,5327,2025-12-11 01:15:00,91044.0,2.025,2.75,-1.955,82,win,0.514,1.028,-2.282,0,fresh,26.4,True,1.43,False,False,none,False,False,0,6,True,False,False,False,False,False,False,False,0,0,0,0,False,False,False,1,0,True,False,0,0,0,False,False,0.24,0,True,False,0.785,True,False,False
BTCUSDT,BUY,5409,2025-12-11 21:45:00,92823.6,0.372,3.657,-3.47,75,lose,0.588,1.177,3.08,0,fresh,67.6,False,1.03,False,False,none,False,False,6,0,True,False,False,False,False,False,False,False,0,0,0,0,False,False,False,1,0,False,False,1,0,0,False,False,0.71,0,True,False,0.77,True,False,False
BTCUSDT,SELL,5484,2025-12-12 16:30:00,89602.7,5.055,1.133,1.963,404,win,0.513,1.026,-2.959,0,fresh,81.4,False,1.66,True,False,none,False,False,1,5,True,False,False,False,False,False,False,False,0,0,0,0,False,False,False,0,1,False,False,0,0,0,False,False,0.06,0,True,False,0.798,True,False,False
BTCUSDT,BUY,5888,2025-12-16 21:30:00,87843.7,2.868,2.94,-1.408,133,win,0.376,0.753,1.689,0,fresh,83.2,True,0.6,False,False,none,False,False,2,2,False,False,False,False,False,False,False,False,0,0,0,0,False,False,False,0,0,False,False,0,0,0,False,False,2.27,0,True,False,1.075,False,False,False
BTCUSDT,SELL,6021,2025-12-18 06:45:00,86607.0,0.07,3.28,-2.172,30,lose,0.267,0.535,-0.671,0,fresh,79.2,True,0.41,False,True,bullish,False,True,4,3,False,True,False,False,False,False,False,False,0,0,0,0,False,False,False,0,0,False,False,0,0,0,False,False,0.08,0,True,True,1.776,False,False,False
BTCUSDT,BUY,6051,2025-12-18 14:15:00,88488.4,0.954,4.611,-3.44,37,lose,0.499,0.998,2.511,0,fresh,53.4,True,1.69,True,False,none,False,False,3,1,True,False,False,False,False,False,False,False,0,0,0,0,False,False,False,1,0,False,False,0,0,0,False,False,0.29,1,True,False,2.515,False,False,False
BTCUSDT,SELL,6088,2025-12-18 23:30:00,85444.7,0.447,3.419,-3.065,37,lose,0.545,1.091,-2.047,0,fresh,3.0,False,0.15,False,False,none,False,False,1,2,True,False,False,False,False,False,False,False,0,0,0,0,False,False,False,0,1,False,False,0,0,0,False,False,0.35,0,True,False,2.605,True,False,False
BTCUSDT,BUY,6125,2025-12-19 08:45:00,88063.2,2.88,1.44,0.188,359,win,0.421,0.842,2.24,0,fresh,56.2,True,0.72,False,False,none,False,False,3,0,True,False,False,False,False,False,False,False,0,0,0,0,False,False,False,0,0,False,False,0,0,0,False,False,0.16,0,True,False,2.527,False,False,False
BTCUSDT,SELL,6484,2025-12-23 02:30:00,88229.0,2.124,0.414,-0.168,247,win,0.297,0.593,-1.176,0,fresh,91.4,False,1.46,False,True,bearish,True,False,2,3,True,False,False,False,False,False,False,False,0,0,0,0,False,False,False,1,0,True,False,1,0,0,False,False,1.08,0,True,True,0.451,False,False,False
BTCUSDT,BUY,6731,2025-12-25 16:15:00,88377.0,1.336,1.988,-1.581,95,lose,0.226,0.452,1.187,0,fresh,55.8,True,1.09,False,False,none,False,False,4,0,True,False,False,False,False,False,False,False,0,0,1,0,False,True,True,1,0,False,False,0,0,0,False,False,0.34,0,True,False,0.496,False,False,False
BTCUSDT,SELL,6826,2025-12-26 16:00:00,86980.1,0.253,1.123,-0.909,163,lose,0.346,0.692,-1.972,0,fresh,47.6,False,0.98,False,False,none,False,False,1,4,True,False,False,False,False,False,False,False,0,0,0,0,False,False,False,1,1,False,False,0,0,0,False,False,0.08,0,True,False,0.504,False,False,False
BTCUSDT,BUY,6989,2025-12-28 08:45:00,87771.1,2.965,0.42,-0.027,104,win,0.092,0.184,0.337,0,fresh,36.4,False,1.65,True,False,none,False,False,3,2,True,False,False,False,False,False,False,False,0,0,0,1,False,False,True,0,1,True,False,0,1,0,False,False,0.34,1,True,True,0.655,False,True,False
BTCUSDT,SELL,7093,2025-12-29 10:45:00,87747.2,1.125,1.571,-1.39,116,lose,0.326,0.652,-1.868,0,fresh,45.0,False,0.9,False,True,bearish,True,False,0,7,True,False,False,False,False,False,False,False,0,0,0,0,False,False,False,0,0,False,False,0,0,0,False,False,0.22,1,True,False,1.327,False,False,False
BTCUSDT,BUY,7209,2025-12-30 15:45:00,88966.8,0.436,1.817,-1.549,102,lose,0.368,0.736,1.927,0,fresh,49.8,True,2.32,True,False,none,False,False,2,0,True,False,False,False,False,False,False,False,0,0,0,0,False,False,False,0,0,False,False,0,0,0,False,False,1.52,0,True,False,0.598,False,False,False
BTCUSDT,SELL,7311,2025-12-31 17:15:00,87588.4,0.456,1.013,-0.797,113,lose,0.295,0.589,-1.331,0,fresh,31.4,True,0.63,False,False,none,False,False,1,4,True,False,False,False,False,False,False,False,0,0,0,0,False,False,False,1,0,True,False,0,0,0,False,False,0.04,0,True,True,0.608,False,False,False
BTCUSDT,BUY,7424,2026-01-01 21:30:00,88286.3,7.333,0.026,3.962,466,win,0.128,0.256,0.57,0,fresh,59.6,False,0.52,False,False,none,False,False,5,2,True,False,False,False,False,False,False,False,0,0,0,0,False,False,False,0,0,False,False,0,0,0,False,False,1.38,1,True,False,0.281,False,True,False
BTCUSDT,SELL,7890,2026-01-06 18:00:00,91784.2,2.77,2.223,0.868,466,win,0.463,0.925,-2.537,0,fresh,32.8,True,2.31,True,False,none,False,False,1,5,True,False,False,False,False,False,False,False,0,1,0,0,True,False,True,1,1,False,False,0,0,0,False,False,0.16,0,True,False,1.021,False,False,False
BTCUSDT,BUY,8356,2026-01-11 14:30:00,90987.1,1.65,1.012,-0.148,97,lose,0.086,0.173,0.467,0,fresh,38.5,True,2.23,True,False,none,False,False,5,1,True,False,False,False,False,False,False,False,0,0,0,0,False,False,False,0,0,False,False,0,0,0,False,False,5.24,0,True,False,0.501,False,True,False
BTCUSDT,SELL,8453,2026-01-12 14:45:00,90852.7,0.215,1.592,-1.162,67,lose,0.315,0.63,-0.756,0,fresh,16.2,True,2.44,True,False,none,False,False,2,1,False,True,False,False,False,False,False,False,0,0,0,0,False,False,False,0,1,False,False,0,0,0,False,False,0.14,0,True,True,1.361,False,False,False
BTCUSDT,BUY,8520,2026-01-13 07:30:00,91908.8,6.554,0.227,3.857,248,win,0.234,0.467,0.868,0,fresh,76.2,False,0.43,False,False,none,False,False,4,1,True,False,False,False,False,False,False,False,0,0,0,0,False,False,False,0,0,False,False,0,0,0,False,False,0.42,0,True,False,1.346,False,False,False
BTCUSDT,SELL,8768,2026-01-15 21:30:00,95453.9,8.641,0.402,4.979,756,win,0.359,0.718,-1.253,0,fresh,38.8,True,0.25,False,False,none,False,False,1,4,True,False,False,False,False,False,False,False,0,1,0,0,True,False,True,0,1,False,False,0,0,0,False,False,0.04,0,True,True,2.96,False,False,False
BTCUSDT,BUY,9524,2026-01-23 18:30:00,90700.9,0.0,1.731,-1.647,86,lose,0.449,0.899,1.99,0,fresh,35.6,False,0.6,False,False,none,False,False,3,1,True,False,False,False,False,False,False,False,0,0,0,0,False,False,False,1,1,False,False,0,0,0,False,False,0.25,0,True,False,1.886,False,False,False
BTCUSDT,SELL,9610,2026-01-24 16:00:00,89207.3,3.571,0.266,0.473,235,win,0.096,0.193,-0.561,0,fresh,14.2,False,2.45,True,False,none,False,False,0,4,True,False,False,False,False,False,False,False,0,0,0,0,False,False,False,0,0,False,False,0,0,0,False,False,0.81,1,True,True,1.92,False,True,False
BTCUSDT,BUY,9845,2026-01-27 02:45:00,88785.7,2.035,1.712,-0.847,198,win,0.262,0.524,1.367,0,fresh,54.8,True,1.01,False,False,none,False,False,3,1,True,False,False,False,False,False,False,False,0,0,0,0,False,False,False,0,0,False,False,0,0,0,False,False,0.08,0,True,True,1.929,False,False,False
BTCUSDT,SELL,10043,2026-01-29 04:15:00,88033.9,15.311,0.485,10.436,496,win,0.312,0.624,-1.454,0,fresh,54.4,True,0.58,False,False,none,False,False,0,4,True,False,False,False,False,False,False,False,0,1,0,0,True,False,True,0,1,False,False,0,0,0,False,False,0.02,1,True,True,1.946,False,False,False
BTCUSDT,BUY,10539,2026-02-03 08:15:00,78846.7,0.257,4.738,-4.726,37,lose,0.431,0.863,1.642,0,fresh,74.3,True,0.92,False,False,none,False,False,4,2,True,False,False,False,False,False,False,False,0,0,0,0,False,False,False,0,0,False,False,0,0,0,False,False,0.07,0,True,False,2.101,False,False,False
BTCUSDT,SELL,10576,2026-02-03 17:30:00,75120.3,20.394,2.439,7.854,282,win,0.725,1.451,-4.834,0,fresh,91.1,False,1.3,False,True,bearish,True,False,0,4,True,False,False,False,False,False,False,False,0,0,0,0,False,False,False,0,0,False,False,0,0,0,False,False,0.13,0,True,False,2.205,True,False,False
BTCUSDT,BUY,10858,2026-02-06 16:00:00,69220.6,4.449,2.847,-0.56,269,win,0.965,1.93,5.181,0,fresh,61.1,True,1.19,False,False,none,False,False,5,1,True,False,False,False,False,False,False,False,0,0,0,0,False,False,False,0,0,False,False,0,0,0,False,False,0.18,0,True,False,2.393,True,False,True
BTCUSDT,SELL,11127,2026-02-09 11:15:00,68832.9,5.451,3.272,-0.045,400,win,0.569,1.138,-2.598,0,fresh,68.0,True,0.66,False,False,none,False,False,0,6,True,False,False,False,False,False,False,False,0,0,0,0,False,False,False,0,0,False,False,0,0,0,False,False,0.91,0,True,False,1.889,True,False,False
BTCUSDT,BUY,11527,2026-02-13 15:15:00,68864.1,3.012,0.783,0.45,191,win,0.566,1.132,3.848,0,fresh,65.6,True,2.59,True,True,bullish,True,False,4,0,True,False,False,False,False,False,False,False,0,0,0,0,False,False,False,0,0,False,False,0,0,0,False,False,0.11,0,True,False,1.888,True,False,False
BTCUSDT,SELL,11718,2026-02-15 15:00:00,69174.0,5.173,1.354,1.826,449,win,0.383,0.766,-1.461,0,fresh,20.9,True,0.78,False,False,none,False,False,0,3,True,False,False,False,False,False,False,False,0,0,0,0,False,False,False,0,0,False,False,0,0,0,False,False,0.26,1,True,False,1.388,False,False,False
BTCUSDT,BUY,12167,2026-02-20 07:15:00,67910.6,1.143,2.212,-0.495,224,lose,0.285,0.569,1.78,0,fresh,72.5,True,0.82,False,False,none,False,False,2,0,True,False,False,False,False,False,False,False,0,0,0,0,False,False,False,0,0,False,False,0,0,0,False,False,1.13,1,True,True,2.757,False,False,False
BTCUSDT,SELL,12391,2026-02-22 15:15:00,67574.2,7.655,0.334,2.536,234,win,0.242,0.483,-0.929,0,fresh,66.2,True,1.49,False,True,bullish,False,True,3,2,False,True,False,False,False,False,False,False,0,0,0,0,False,False,False,1,0,True,False,0,0,0,False,False,0.09,0,True,True,2.77,False,False,False
BTCUSDT,BUY,12625,2026-02-25 01:45:00,65860.4,6.284,1.731,2.348,175,win,0.571,1.142,3.404,0,fresh,27.9,True,1.04,False,False,none,False,False,2,3,False,True,False,False,False,False,False,False,0,0,0,0,False,False,False,0,0,False,False,0,0,0,False,False,0.11,1,True,True,3.331,True,False,False
BTCUSDT,SELL,12800,2026-02-26 21:30:00,67406.8,6.568,1.16,1.013,187,win,0.452,0.904,-1.161,0,fresh,36.3,False,0.18,False,False,none,False,False,2,3,True,False,False,False,False,False,False,False,0,1,0,0,True,False,True,0,1,False,False,0,0,0,False,False,0.37,0,True,False,3.255,False,False,False
BTCUSDT,BUY,12987,2026-02-28 20:15:00,66723.9,5.06,2.567,-0.391,247,win,0.634,1.268,3.651,0,fresh,32.5,True,2.18,True,False,none,False,False,4,0,True,False,False,False,False,False,False,False,0,0,0,0,False,False,False,0,0,False,False,0,0,0,False,False,0.44,0,True,False,3.409,True,False,False
BTCUSDT,SELL,13234,2026-03-03 10:00:00,66462.9,0.576,4.852,-4.41,88,lose,0.468,0.935,-2.851,0,fresh,71.8,False,0.8,False,False,none,False,False,1,7,True,False,False,False,False,False,False,False,0,0,0,0,False,False,False,0,0,False,False,0,0,0,False,False,0.19,0,True,True,2.687,False,False,False
BTCUSDT,BUY,13322,2026-03-04 08:00:00,69393.7,6.705,0.423,2.585,157,win,0.539,1.078,2.925,0,fresh,19.9,False,1.9,True,False,none,False,False,5,2,True,False,False,False,False,False,False,False,0,0,0,0,False,False,False,0,1,True,False,0,1,0,False,False,0.52,0,True,False,2.574,True,False,False
BTCUSDT,SELL,13479,2026-03-05 23:15:00,71187.2,7.892,0.281,2.542,349,win,0.4,0.801,-1.558,0,fresh,14.5,True,0.59,False,False,none,False,False,2,0,False,True,False,False,False,False,False,False,0,0,0,0,False,False,False,0,0,False,False,0,0,0,False,False,0.19,0,True,False,1.288,False,False,False
BTCUSDT,BUY,13828,2026-03-09 14:30:00,69377.9,6.475,1.698,1.843,426,win,0.544,1.089,3.416,0,fresh,66.0,True,1.63,True,False,none,False,False,3,2,True,False,False,False,False,False,False,False,0,0,0,0,False,False,False,0,0,False,False,0,0,0,False,False,0.88,0,True,False,1.987,True,False,False
BTCUSDT,SELL,14254,2026-03-14 01:00:00,70656.7,0.567,1.377,-1.253,110,lose,0.332,0.664,-1.697,0,fresh,41.1,True,0.55,False,False,none,False,False,1,3,True,False,False,False,False,False,False,False,0,0,0,0,False,False,False,0,0,False,False,0,0,0,False,False,0.68,1,True,True,0.725,False,False,False
BTCUSDT,BUY,14364,2026-03-15 04:30:00,71541.9,6.23,0.45,1.19,320,win,0.241,0.482,1.142,0,fresh,36.3,True,0.65,False,False,none,False,False,5,0,True,False,False,False,False,False,False,False,0,0,0,0,False,False,False,0,0,False,False,0,0,0,False,False,0.27,0,True,False,0.716,False,False,False
BTCUSDT,SELL,14684,2026-03-18 12:30:00,72393.2,7.035,0.213,2.366,480,win,0.379,0.757,-2.639,0,fresh,73.1,False,3.49,True,True,bearish,True,False,2,4,True,False,False,False,False,False,False,False,0,0,0,0,False,False,False,0,0,False,False,0,0,0,False,False,0.99,1,True,False,2.056,False,False,False
BTCUSDT,BUY,15164,2026-03-23 12:30:00,70680.5,1.569,2.253,-2.087,114,lose,0.785,1.57,3.945,0,fresh,58.2,True,0.79,False,True,bullish,True,False,6,1,True,False,False,False,False,False,False,False,0,0,0,0,False,False,False,0,0,False,False,0,0,0,False,False,0.0,1,True,True,4.482,True,False,True
BTCUSDT,SELL,15278,2026-03-24 17:00:00,69205.2,0.463,3.056,-2.876,53,lose,0.484,0.967,-2.301,0,fresh,61.1,False,1.26,False,True,bearish,True,False,0,3,True,False,False,False,False,False,False,False,0,0,0,0,False,False,False,0,0,False,False,0,0,0,False,False,1.65,0,True,True,4.578,False,False,False
BTCUSDT,BUY,15331,2026-03-25 06:15:00,71195.8,1.129,2.069,-1.604,102,lose,0.303,0.606,1.654,0,fresh,80.1,True,0.85,False,False,none,False,False,3,1,True,False,False,False,False,False,False,False,0,0,0,0,False,False,False,0,0,False,False,0,0,0,False,False,0.08,1,True,True,4.45,False,False,False
BTCUSDT,SELL,15433,2026-03-26 07:45:00,70053.8,6.499,0.111,4.304,226,win,0.303,0.605,-1.359,0,fresh,15.6,True,0.6,False,False,none,False,False,0,4,True,False,False,False,False,False,False,False,0,0,0,0,False,False,False,0,0,False,False,0,0,0,False,False,0.73,0,True,True,4.719,False,False,False
BTCUSDT,BUY,15659,2026-03-28 16:15:00,67038.9,1.996,3.163,-1.058,266,lose,0.273,0.545,1.151,0,fresh,62.6,True,0.38,False,False,none,False,False,3,0,True,False,False,False,False,False,False,False,0,0,0,0,False,False,False,1,0,False,False,1,0,0,False,False,0.25,1,True,True,1.676,False,False,False
BTCUSDT,SELL,15925,2026-03-31 10:45:00,66329.4,0.188,3.423,-2.857,50,lose,0.38,0.76,-1.711,0,fresh,36.1,True,0.62,False,False,none,False,False,0,4,True,False,False,False,False,False,False,False,0,0,0,0,False,False,False,0,1,False,False,0,0,0,False,False,0.24,1,True,False,1.002,False,False,False
BTCUSDT,BUY,15975,2026-03-31 23:15:00,68224.2,1.559,2.592,-2.423,113,lose,0.403,0.805,1.995,0,fresh,21.2,True,0.89,False,False,none,False,False,1,0,True,False,False,False,False,False,False,False,0,0,0,0,False,False,False,0,0,False,False,0,0,0,False,False,0.31,0,True,False,0.974,False,False,False
BTCUSDT,SELL,16088,2026-04-02 03:30:00,66571.4,1.345,1.245,-0.959,232,lose,0.487,0.974,-2.798,0,fresh,66.0,False,0.86,False,False,none,False,False,1,3,True,False,False,False,False,False,False,False,0,0,0,0,False,False,False,0,0,False,False,0,0,0,False,False,0.14,0,True,False,0.793,False,False,False
BTCUSDT,BUY,16320,2026-04-04 13:30:00,67209.9,0.513,0.944,-0.793,95,lose,0.112,0.224,0.627,0,fresh,72.6,True,2.62,True,True,bullish,True,False,3,2,True,False,False,False,False,False,False,False,0,0,0,0,False,False,False,0,0,False,False,0,0,0,False,True,13.74,2,True,True,0.89,False,True,False
BTCUSDT,SELL,16415,2026-04-05 13:15:00,66676.6,0.016,1.728,-1.44,30,lose,0.145,0.29,-0.711,0,fresh,31.6,False,0.95,False,False,none,False,False,2,5,True,False,False,False,False,False,False,False,0,0,0,0,False,False,False,0,0,False,False,0,0,0,False,False,0.18,0,True,False,0.897,False,True,False
BTCUSDT,BUY,16445,2026-04-05 20:45:00,67636.7,3.986,0.478,0.896,157,win,0.205,0.41,1.122,0,fresh,82.6,True,1.16,False,False,none,False,False,4,1,True,False,False,False,False,False,False,False,0,0,0,0,False,False,False,0,0,False,False,0,0,0,False,False,0.31,0,True,False,1.138,False,False,False
BTCUSDT,SELL,16602,2026-04-07 12:00:00,68243.0,0.78,4.462,-3.639,42,lose,0.32,0.639,-1.523,0,fresh,16.7,False,1.73,True,False,none,False,False,1,4,True,False,False,False,False,False,False,False,0,0,1,0,False,False,True,1,0,True,False,0,0,0,False,False,4.81,0,True,False,0.863,False,False,False
BTCUSDT,BUY,16644,2026-04-07 22:30:00,70726.3,4.308,0.422,1.429,399,win,0.549,1.097,3.291,0,fresh,37.9,True,4.09,True,True,bullish,True,False,7,1,True,False,False,False,False,False,False,False,0,0,0,0,False,False,False,0,0,False,False,0,0,0,False,False,2.2,0,True,False,0.833,True,False,False
BTCUSDT,SELL,17043,2026-04-12 02:15:00,71737.3,1.783,0.967,-0.12,150,lose,0.411,0.823,-2.246,0,fresh,1.0,False,1.66,True,False,none,False,False,0,2,True,False,False,False,False,False,False,False,0,1,0,0,True,False,True,0,1,False,False,0,0,0,False,False,0.02,1,True,True,2.055,False,False,False
BTCUSDT,BUY,17193,2026-04-13 15:45:00,71823.6,9.017,0.27,5.863,462,win,0.388,0.777,1.484,0,fresh,15.9,True,0.45,False,False,none,False,False,5,0,True,False,False,False,False,False,False,False,0,0,0,0,False,False,False,0,0,False,False,0,0,0,False,False,0.89,0,True,False,0.934,False,False,False
BTCUSDT,SELL,17655,2026-04-18 11:15:00,76034.5,3.111,0.405,-0.267,219,win,0.239,0.478,-1.222,0,fresh,72.7,True,0.74,False,False,none,False,False,0,6,True,False,False,False,False,False,False,False,0,0,0,0,False,False,False,0,0,False,False,0,0,0,False,False,0.43,0,True,False,0.42,False,False,False
BTCUSDT,BUY,17874,2026-04-20 18:00:00,76237.4,4.206,1.914,1.634,272,win,0.442,0.884,2.535,0,fresh,89.5,True,2.38,True,True,bullish,True,False,4,2,True,False,False,False,False,False,False,False,0,0,0,0,False,False,False,0,0,False,False,0,0,0,False,False,2.27,0,True,False,0.419,False,False,False
BTCUSDT,SELL,18146,2026-04-23 14:00:00,77483.0,0.752,1.504,-0.625,260,lose,0.3,0.599,-1.079,0,fresh,1.4,False,0.72,False,False,none,False,False,2,2,False,False,False,False,False,False,False,False,0,0,0,0,False,False,False,0,1,False,False,0,1,0,False,False,0.22,1,True,True,2.508,False,False,False
BTCUSDT,BUY,18406,2026-04-26 07:00:00,77967.4,1.908,0.717,-0.503,102,lose,0.151,0.302,0.699,0,fresh,10.2,True,0.41,False,False,none,False,False,4,1,True,False,False,False,False,False,False,False,0,0,0,0,False,False,False,0,1,True,False,0,0,0,False,False,0.22,0,True,True,2.492,False,False,False
BTCUSDT,SELL,18508,2026-04-27 08:30:00,77575.5,2.501,0.846,0.48,180,win,0.269,0.539,-0.936,0,fresh,40.7,True,0.32,False,False,none,False,False,0,4,True,False,False,False,False,False,False,False,0,1,0,0,True,False,True,0,1,False,False,0,0,0,False,False,0.18,0,True,True,2.505,False,False,False
BTCUSDT,BUY,18688,2026-04-29 05:30:00,77203.3,0.868,2.008,-1.805,43,lose,0.211,0.422,1.134,0,fresh,35.4,False,0.51,False,False,none,False,False,8,1,True,False,False,False,False,False,False,False,0,0,0,0,False,False,False,0,0,False,False,0,0,0,False,False,0.08,0,True,True,2.652,False,False,False
BTCUSDT,SELL,18731,2026-04-29 16:15:00,75810.0,1.243,2.125,-1.764,140,lose,0.368,0.735,-1.857,0,fresh,43.7,False,1.92,True,False,none,False,False,0,5,True,False,False,False,False,False,False,False,0,0,0,0,False,False,False,0,0,False,False,0,0,0,False,False,1.27,0,True,False,2.701,False,False,False
BTCUSDT,BUY,18871,2026-05-01 03:15:00,77147.2,7.364,0.406,4.916,609,win,0.231,0.463,1.497,0,fresh,64.4,True,10.02,True,True,bullish,True,False,3,0,True,False,False,False,False,False,False,False,0,0,0,0,False,False,False,0,1,True,False,0,1,0,False,True,26.99,1,True,True,0.997,False,False,False
BTCUSDT,SELL,19480,2026-05-07 11:30:00,80940.0,2.227,0.27,0.2,215,win,0.233,0.466,-0.832,0,fresh,79.7,True,0.28,False,False,none,False,False,3,3,False,False,False,False,False,False,False,False,0,0,0,0,False,False,False,1,0,True,False,0,0,0,False,False,0.53,0,True,False,0.429,False,False,False
BTCUSDT,BUY,19695,2026-05-09 17:15:00,80778.4,2.082,0.685,-0.292,263,win,0.149,0.297,0.868,0,fresh,48.7,True,1.25,False,False,none,False,False,3,0,True,False,False,False,False,False,False,False,0,0,0,0,False,False,False,0,0,False,False,0,0,0,False,False,0.08,0,True,False,0.373,False,True,False
BTCUSDT,SELL,19958,2026-05-12 11:00:00,80542.3,2.27,0.904,-0.543,210,win,0.183,0.367,-1.029,0,fresh,51.5,False,1.5,False,False,none,False,False,1,4,True,False,False,False,False,False,False,False,0,0,0,0,False,False,False,0,0,False,False,0,0,0,False,False,4.0,0,True,False,0.735,False,False,False
BTCUSDT,BUY,20168,2026-05-14 15:30:00,80979.9,1.258,2.891,-2.781,89,lose,0.338,0.677,1.907,0,fresh,7.0,True,0.75,False,False,none,False,False,5,1,True,False,False,False,False,False,False,False,0,0,0,1,False,False,True,0,1,True,False,0,0,0,False,False,0.17,0,True,False,0.547,False,False,False
BTCUSDT,SELL,20257,2026-05-15 13:45:00,78727.8,3.447,1.022,1.587,463,win,0.341,0.683,-2.962,0,fresh,63.0,False,5.75,True,False,none,False,False,1,4,True,False,False,False,False,False,False,False,0,0,0,0,False,False,False,0,0,False,False,0,0,0,False,False,0.0,0,True,False,0.562,False,False,False
BTCUSDT,BUY,20720,2026-05-20 09:30:00,77478.3,0.906,1.227,-1.023,216,lose,0.173,0.346,0.839,0,fresh,21.5,True,0.71,False,False,none,False,False,6,0,True,False,False,False,False,False,False,False,0,0,0,0,False,False,False,0,0,False,False,0,0,0,False,False,0.12,1,True,False,0.658,False,False,False
BTCUSDT,SELL,20936,2026-05-22 15:30:00,76685.6,3.237,0.501,1.199,110,win,0.246,0.493,-1.28,0,fresh,50.8,False,1.38,False,False,none,False,False,1,4,True,False,False,False,False,False,False,False,0,0,0,0,False,False,False,0,0,False,False,0,0,0,False,False,0.33,0,True,False,0.768,False,False,False
BTCUSDT,BUY,21046,2026-05-23 19:00:00,75766.0,2.801,0.0,1.008,224,win,0.21,0.419,0.936,0,fresh,43.8,False,0.35,False,False,none,False,False,3,0,True,False,False,False,False,False,False,False,0,0,0,0,False,False,False,0,0,False,False,0,0,0,False,False,0.32,0,True,False,1.382,False,False,False
BTCUSDT,SELL,21270,2026-05-26 03:00:00,76530.0,5.35,2.022,3.425,433,win,0.218,0.436,-1.085,0,fresh,99.9,False,0.45,False,False,none,False,False,0,4,True,False,False,False,False,False,False,False,0,0,0,0,False,False,False,0,0,False,False,0,0,0,False,False,0.84,0,True,False,1.201,False,False,False
BTCUSDT,BUY,21703,2026-05-30 15:15:00,73908.6,0.462,0.998,-0.878,155,lose,0.147,0.294,0.6,0,fresh,44.5,False,1.44,False,False,none,False,False,4,0,True,False,False,False,False,False,False,False,0,0,0,0,False,False,False,0,0,False,False,0,0,0,False,False,0.51,0,True,False,1.322,False,True,False
BTCUSDT,SELL,21858,2026-06-01 06:00:00,73259.4,19.355,0.052,15.856,576,win,0.253,0.506,-1.092,0,fresh,43.2,False,1.05,False,True,bearish,True,False,1,5,True,False,False,False,False,False,False,False,0,0,0,0,False,False,False,0,0,False,False,0,0,0,False,False,3.07,0,True,False,0.436,False,False,False
BTCUSDT,BUY,22434,2026-06-07 06:00:00,61643.3,4.229,0.92,-0.214,227,win,0.36,0.719,1.368,0,fresh,43.2,False,0.5,False,False,none,False,False,4,1,True,False,False,False,False,False,False,False,0,0,0,0,False,False,False,0,0,False,False,0,0,0,False,False,0.04,1,True,False,1.085,False,False,False
BTCUSDT,SELL,22661,2026-06-09 14:45:00,61511.6,1.333,2.293,-1.74,156,lose,0.459,0.917,-2.775,0,fresh,40.9,True,2.99,True,False,none,False,False,1,5,True,False,False,False,False,False,False,False,0,0,0,0,False,False,False,0,0,False,False,0,0,0,False,False,0.01,0,True,False,3.4,False,False,False
BTCUSDT,BUY,22817,2026-06-11 05:45:00,62581.7,3.446,0.426,1.879,341,win,0.333,0.667,1.421,0,fresh,82.1,False,0.5,False,False,none,False,False,2,1,True,False,False,False,False,False,False,False,0,0,0,0,False,False,False,0,0,False,False,0,0,0,False,False,0.24,1,True,False,0.758,False,False,False
BTCUSDT,SELL,23158,2026-06-14 19:00:00,63757.6,0.064,2.971,-2.395,11,lose,0.197,0.395,-0.916,0,fresh,22.0,False,0.36,False,False,none,False,False,1,4,True,False,False,False,False,False,False,False,0,0,0,0,False,False,False,0,1,False,False,0,0,0,False,False,0.15,0,True,False,0.272,False,False,False
BTCUSDT,BUY,23169,2026-06-14 21:45:00,65284.4,3.019,0.561,0.683,197,win,0.358,0.715,2.265,0,fresh,11.8,True,3.13,True,False,none,False,False,6,2,True,False,False,False,False,False,False,False,0,0,0,0,False,False,False,0,1,True,False,0,0,0,False,False,0.07,1,True,False,1.415,False,False,False
BTCUSDT,SELL,23366,2026-06-16 23:00:00,65730.4,5.322,1.048,3.572,301,win,0.238,0.476,-0.927,0,fresh,12.9,False,0.4,False,False,none,False,False,0,2,True,False,False,False,False,False,False,False,0,0,0,0,False,False,False,1,0,True,False,1,0,0,False,False,0.01,0,True,True,0.432,False,False,False
BTCUSDT,BUY,23667,2026-06-20 02:15:00,63382.2,3.495,0.388,0.044,301,win,0.204,0.409,0.659,0,fresh,68.2,False,0.55,False,False,none,False,False,3,2,True,False,False,False,False,False,False,False,0,0,0,0,False,False,False,0,0,False,False,0,0,0,False,False,0.01,1,True,True,0.597,False,False,False
BTCUSDT,SELL,23968,2026-06-23 05:30:00,63409.9,6.86,0.03,2.58,199,win,0.269,0.537,-1.733,0,fresh,27.9,False,1.24,False,False,none,False,False,2,5,True,False,False,False,False,False,False,False,0,0,0,0,False,False,False,0,0,False,False,0,0,0,False,False,0.94,0,True,False,0.502,False,False,False
BTCUSDT,BUY,24167,2026-06-25 07:15:00,61774.1,0.254,6.061,-5.707,26,lose,0.316,0.633,1.653,0,fresh,35.2,True,0.92,False,False,none,False,False,3,0,True,False,False,False,False,False,False,False,0,0,0,1,False,False,True,0,1,True,False,0,0,0,False,False,0.01,1,True,False,0.725,False,False,False
BTCUSDT,SELL,24193,2026-06-25 13:45:00,58248.4,0.0,4.267,-4.05,195,lose,0.724,1.448,-6.202,0,fresh,82.2,False,9.56,True,True,bearish,True,False,0,5,True,False,False,False,False,False,False,False,0,0,0,0,False,False,False,0,1,False,True,0,1,1,True,False,0.93,0,True,False,0.769,True,False,False
BTCUSDT,BUY,24388,2026-06-27 14:30:00,60607.3,0.524,1.705,-1.679,104,lose,0.199,0.399,1.179,0,fresh,26.7,True,1.27,False,False,none,False,False,2,2,False,False,False,False,False,False,False,False,0,0,0,1,False,False,True,0,1,True,False,0,1,0,False,False,0.29,0,True,False,1.34,False,False,False
BTCUSDT,SELL,24492,2026-06-28 16:30:00,59589.9,3.073,1.961,-0.887,285,win,0.272,0.544,-1.386,0,fresh,77.8,False,2.22,True,False,none,False,False,0,2,True,False,False,False,False,False,False,False,0,0,0,0,False,False,False,0,0,False,False,0,0,0,False,False,0.1,1,True,False,0.563,False,False,False
BTCUSDT,BUY,24777,2026-07-01 15:45:00,60118.6,6.441,0.937,2.686,468,win,0.513,1.026,2.602,0,fresh,43.0,False,0.53,False,False,none,False,False,6,1,True,False,False,False,False,False,False,False,0,0,0,0,False,False,False,0,1,True,False,0,0,0,False,False,0.71,0,True,False,1.328,True,False,False
BTCUSDT,SELL,25245,2026-07-06 12:45:00,61733.6,0.707,3.635,-3.243,22,lose,0.358,0.716,-2.501,0,fresh,22.6,False,1.73,True,False,none,False,False,2,5,True,False,False,False,False,False,False,False,0,0,0,0,False,False,False,0,0,False,False,0,0,0,False,False,0.0,1,True,False,0.839,False,False,False
BTCUSDT,BUY,25267,2026-07-06 18:15:00,63735.4,1.501,2.04,-1.794,144,lose,0.484,0.968,1.948,0,fresh,23.0,True,0.26,False,False,none,False,False,5,1,True,False,False,False,False,False,False,False,0,0,0,0,False,False,False,0,1,True,False,0,0,0,False,False,0.52,0,True,False,0.813,False,False,False
BTCUSDT,SELL,25411,2026-07-08 06:15:00,62592.1,1.713,1.109,-0.619,111,lose,0.292,0.583,-1.497,0,fresh,2.9,False,1.17,False,False,none,False,False,0,5,True,False,False,False,False,False,False,False,0,0,0,0,False,False,False,0,0,False,False,0,0,0,False,False,3.16,1,True,False,0.867,False,False,False
BTCUSDT,BUY,25522,2026-07-09 10:00:00,62979.6,2.7,0.875,1.046,273,win,0.311,0.623,1.257,0,fresh,35.7,True,0.47,False,False,none,False,False,1,1,False,False,False,False,False,False,False,False,1,0,0,0,True,False,True,1,0,False,False,1,0,0,False,False,0.64,0,True,True,0.862,False,False,False
BTCUSDT,SELL,25795,2026-07-12 06:15:00,63638.6,2.88,1.215,-0.197,219,win,0.175,0.351,-0.932,0,fresh,53.7,False,2.55,True,False,none,False,False,2,4,True,False,False,False,False,False,False,False,0,0,1,1,False,True,True,1,1,False,False,0,0,0,False,False,0.01,0,True,False,0.924,False,False,False
BTCUSDT,BUY,26014,2026-07-14 13:00:00,63764.2,2.863,0.336,0.505,176,win,0.303,0.606,2.122,0,fresh,74.4,False,1.56,True,False,none,False,False,7,1,True,False,False,False,False,False,False,False,0,0,0,0,False,False,False,0,0,False,False,0,0,0,False,False,0.31,0,True,False,0.847,False,False,False
BTCUSDT,SELL,26190,2026-07-16 09:00:00,64086.5,2.468,1.23,0.042,137,win,0.267,0.534,-1.349,0,fresh,12.3,False,0.47,False,False,none,False,False,2,5,True,False,False,False,False,False,False,False,0,0,0,0,False,False,False,1,0,True,False,1,0,0,False,False,0.51,0,True,False,0.963,False,False,False
BTCUSDT,BUY,26327,2026-07-17 19:15:00,64059.9,1.6,0.505,0.31,251,lose,0.35,0.7,1.428,0,fresh,17.3,True,0.55,False,False,none,False,False,4,1,True,False,False,False,False,False,False,False,1,0,0,0,True,False,True,1,0,False,False,0,0,0,False,False,0.21,0,True,False,0.963,False,False,False
BTCUSDT,SELL,26578,2026-07-20 10:00:00,64258.6,0.349,2.224,-1.895,29,lose,0.266,0.531,-0.689,0,fresh,66.3,True,0.41,False,False,none,False,False,5,3,False,True,False,False,False,False,False,False,0,0,0,0,False,False,False,0,1,False,False,0,0,0,False,False,0.2,0,True,False,1.049,False,False,False
BTCUSDT,BUY,26607,2026-07-20 17:15:00,65476.4,2.211,0.71,0.449,182,win,0.37,0.74,1.906,0,fresh,6.3,True,0.23,False,False,none,False,False,3,1,True,False,False,False,False,False,False,False,0,0,0,0,False,False,False,0,0,False,False,0,0,0,False,False,0.56,0,True,False,1.105,False,False,False
BTCUSDT,SELL,26789,2026-07-22 14:45:00,65770.2,3.199,0.902,2.207,316,win,0.268,0.535,-0.915,0,fresh,83.3,True,0.59,False,False,none,False,False,3,3,False,False,False,False,False,False,False,False,0,1,0,0,True,False,True,0,1,False,False,0,0,0,False,False,0.46,0,True,False,0.823,False,False,False
BTCUSDT,BUY,27105,2026-07-25 21:45:00,64318.6,2.183,0.876,-0.875,196,win,0.098,0.196,0.341,0,fresh,7.5,True,1.38,False,False,none,False,False,2,1,True,False,False,False,False,False,False,False,0,0,0,0,False,False,False,0,0,False,False,0,0,0,False,False,2.19,0,True,False,0.26,False,True,False
BTCUSDT,SELL,27301,2026-07-27 22:45:00,63755.5,1.718,1.113,-1.067,129,lose,0.29,0.581,-2.254,0,fresh,97.6,False,6.66,True,True,bearish,True,False,1,6,True,False,False,False,False,False,False,False,0,0,0,0,False,False,False,0,0,False,False,0,0,0,False,False,0.27,0,True,False,0.469,False,False,False
BTCUSDT,BUY,27430,2026-07-29 07:00:00,64435.9,1.483,1.865,-0.958,198,lose,0.229,0.457,1.299,0,fresh,31.5,True,1.18,False,False,none,False,False,5,0,True,False,False,False,False,False,False,False,0,0,0,0,False,False,False,0,0,False,False,0,0,0,False,False,0.04,0,True,False,0.464,False,False,False
BTCUSDT,SELL,27628,2026-07-31 08:30:00,63818.6,2.491,0.256,0.667,170,win,0.218,0.437,-1.285,0,fresh,73.2,False,1.32,False,False,none,False,False,0,3,True,False,False,False,False,False,False,False,0,0,0,0,False,False,False,0,0,False,False,0,0,0,False,False,0.58,0,True,False,0.468,False,False,False
BTCUSDT,BUY,27798,2026-08-02 03:00:00,63393.0,0.609,1.068,-0.991,109,lose,0.193,0.386,1.087,0,fresh,39.1,False,0.86,False,False,none,False,False,3,2,True,False,False,False,False,False,False,False,0,0,0,0,False,False,False,0,0,False,False,0,0,0,False,False,0.04,1,True,True,0.972,False,False,False
BTCUSDT,SELL,27907,2026-08-03 06:15:00,62764.9,0.791,1.904,-1.456,36,lose,0.183,0.366,-0.87,0,fresh,50.9,False,0.83,False,False,none,False,False,1,4,True,False,False,False,False,False,False,False,0,0,0,0,False,False,False,0,0,False,False,0,0,0,False,False,0.14,0,True,False,1.339,False,False,False
BTCUSDT,BUY,27943,2026-08-03 15:15:00,63678.5,2.11,0.61,0.859,342,win,0.37,0.741,1.63,0,fresh,59.7,False,0.87,False,False,none,False,False,2,2,False,False,False,False,False,False,False,False,0,0,0,0,False,False,False,0,0,False,False,0,0,0,False,False,0.62,0,True,True,1.32,False,False,False
BTCUSDT,SELL,28285,2026-08-07 04:45:00,64225.8,0.134,1.498,-1.291,26,lose,0.167,0.335,-0.646,0,fresh,0.3,False,1.96,True,False,none,False,False,1,2,True,False,False,False,False,False,False,False,0,0,0,0,False,False,False,0,1,False,False,0,0,0,False,False,1.78,0,True,False,0.43,False,False,False
BTCUSDT,BUY,28311,2026-08-07 11:15:00,65055.0,0.466,0.868,-0.455,162,lose,0.176,0.352,1.046,0,fresh,42.0,True,3.91,True,True,bullish,True,False,6,1,True,False,False,False,False,False,False,False,0,0,0,0,False,False,False,0,0,False,False,0,0,0,False,False,3.71,0,True,False,0.424,False,False,False
BTCUSDT,SELL,28473,2026-08-09 03:45:00,64758.9,0.018,0.751,-0.673,40,lose,0.066,0.132,-0.348,0,fresh,94.9,False,0.59,False,False,none,False,False,0,3,True,False,False,False,False,False,False,False,0,0,0,0,False,False,False,0,1,False,False,0,0,0,False,False,0.6,0,True,True,0.426,False,True,False
BTCUSDT,BUY,28513,2026-08-09 13:45:00,65195.0,0.441,1.093,-0.921,100,lose,0.073,0.146,0.544,0,fresh,5.3,True,1.65,True,False,none,False,False,6,2,True,False,False,False,False,False,False,False,0,0,0,0,False,False,False,0,0,False,False,0,0,0,False,False,0.51,0,True,False,0.423,False,True,False
BTCUSDT,SELL,28613,2026-08-10 14:45:00,64594.6,2.141,0.15,0.564,181,win,0.211,0.421,-1.039,0,fresh,78.1,False,1.5,False,True,bearish,True,False,3,4,True,False,False,False,False,False,False,False,0,0,0,0,False,False,False,0,0,False,False,0,0,0,False,False,0.73,0,True,False,0.196,False,False,False
BTCUSDT,BUY,28794,2026-08-12 12:00:00,64230.5,0.342,1.463,-1.196,19,lose,0.139,0.277,0.767,0,fresh,24.4,True,1.59,True,True,bullish,True,False,7,0,True,False,False,False,False,False,False,False,0,0,0,0,False,False,False,0,0,False,False,0,0,0,False,False,1.51,0,True,False,0.414,False,True,False
BTCUSDT,SELL,28813,2026-08-12 16:45:00,63462.3,1.541,0.833,0.264,382,lose,0.234,0.468,-0.933,0,fresh,62.6,False,0.41,False,False,none,False,False,2,2,False,False,False,False,False,False,False,False,0,0,0,0,False,False,False,1,0,True,False,0,0,0,False,False,0.69,0,True,True,0.419,False,False,False
BTCUSDT,BUY,29195,2026-08-16 16:15:00,63294.8,0.119,0.97,-0.742,28,lose,0.052,0.104,0.455,0,fresh,74.4,True,8.22,True,True,bullish,True,False,10,2,True,False,False,False,False,False,False,False,0,0,0,0,False,False,False,0,0,False,False,0,0,0,False,False,1.59,0,True,False,0.118,False,True,False
BTCUSDT,SELL,29223,2026-08-16 23:15:00,62825.4,0.162,1.189,-1.01,24,lose,0.152,0.305,-0.597,0,fresh,11.4,True,0.86,False,False,none,False,False,1,3,True,False,False,False,False,False,False,False,0,0,0,0,False,False,False,0,1,False,False,0,0,0,False,False,0.24,0,True,False,0.119,False,False,False
BTCUSDT,BUY,29247,2026-08-17 05:15:00,63460.0,25.363,0.323,19.863,578,win,0.181,0.361,0.789,0,fresh,37.7,False,0.57,False,False,none,False,False,4,0,True,False,False,False,False,False,False,False,0,0,0,0,False,False,False,0,0,False,False,0,0,0,False,False,0.79,0,True,False,0.118,False,False,False
BTCUSDT,SELL,29825,2026-08-23 05:45:00,76065.0,0.256,2.62,-2.292,64,lose,0.365,0.73,-1.949,0,fresh,48.3,False,0.59,False,False,none,False,False,0,4,True,False,False,False,False,False,False,False,0,0,0,0,False,False,False,0,1,False,False,0,0,0,False,False,0.27,0,True,False,2.734,False,False,False
BTCUSDT,BUY,29889,2026-08-23 21:45:00,77808.7,2.784,1.49,2.125,110,win,0.282,0.563,1.352,0,fresh,82.6,True,1.2,False,False,none,False,False,2,0,True,False,False,False,False,False,False,False,1,0,0,0,True,False,True,1,0,False,False,0,0,0,False,False,0.22,1,True,True,2.673,False,False,False
DOGEUSDT,SELL,13,2025-10-16 16:45:00,0.1947,9.909,0.01,2.445,196,win,1.336,2.62,-3.56,0,fresh,87.6,True,0.98,False,True,bullish,False,True,1,4,True,False,False,False,False,False,False,False,0,0,0,0,False,False,False,0,1,False,False,0,0,0,False,False,0.1,0,False,False,0.0,True,False,True
DOGEUSDT,BUY,209,2025-10-18 17:45:00,0.1899,6.582,2.085,1.827,237,win,0.527,1.053,3.007,0,fresh,80.1,True,1.8,True,False,none,False,False,3,3,False,False,False,False,False,False,False,False,0,0,0,0,False,False,False,0,1,True,False,0,1,0,False,False,0.36,0,True,False,1.422,True,False,False
DOGEUSDT,SELL,446,2025-10-21 05:00:00,0.1934,0.719,6.247,-6.061,42,lose,0.569,1.189,-3.159,0,fresh,27.2,True,1.12,False,False,none,False,False,0,3,True,False,False,False,False,False,False,False,0,0,0,0,False,False,False,0,0,False,False,0,0,0,False,False,0.11,0,True,False,0.724,True,False,False
DOGEUSDT,BUY,488,2025-10-21 15:30:00,0.2051,0.224,6.221,-5.914,48,lose,0.926,1.804,5.461,0,fresh,19.0,True,1.39,False,False,none,False,False,3,0,True,False,False,False,False,False,False,False,0,0,0,0,False,False,False,0,0,False,False,0,0,0,False,False,0.03,0,True,False,0.683,True,False,True
DOGEUSDT,SELL,536,2025-10-22 03:30:00,0.193,4.405,1.503,-0.684,127,win,0.622,1.296,-3.28,0,fresh,46.7,False,0.65,False,False,none,False,False,0,3,True,False,False,False,False,False,False,False,0,0,0,0,False,False,False,0,0,False,False,0,0,0,False,False,0.17,0,True,False,0.726,True,False,False
DOGEUSDT,BUY,663,2025-10-23 11:15:00,0.1943,3.521,1.493,0.515,261,win,0.412,0.772,1.487,0,fresh,11.4,True,0.75,False,False,none,False,False,3,3,False,False,False,False,False,False,False,False,0,0,0,0,False,False,False,0,0,False,False,0,0,0,False,False,0.61,1,True,False,4.993,False,False,False
DOGEUSDT,SELL,924,2025-10-26 04:30:00,0.1953,0.133,2.868,-1.864,23,lose,0.256,0.512,-1.034,0,fresh,69.0,False,0.52,False,False,none,False,False,2,3,True,False,False,False,False,False,False,False,0,0,0,0,False,False,False,0,1,False,False,0,0,0,False,False,0.31,0,True,False,0.41,False,False,False
DOGEUSDT,BUY,947,2025-10-26 10:15:00,0.1989,5.288,0.337,1.588,143,win,0.402,0.754,1.674,0,fresh,71.0,False,0.8,False,False,none,False,False,3,0,True,False,False,False,False,False,False,False,0,0,0,0,False,False,False,0,0,False,False,0,0,0,False,False,0.17,1,True,True,2.061,False,False,False
DOGEUSDT,SELL,1090,2025-10-27 22:00:00,0.2021,12.757,0.455,7.932,388,win,0.544,1.089,-1.786,0,fresh,39.1,True,1.01,False,False,none,False,False,0,1,True,False,False,False,False,False,False,False,0,0,0,0,False,False,False,1,0,True,False,0,0,0,False,False,0.65,0,True,False,2.623,True,False,False
DOGEUSDT,BUY,1478,2025-10-31 23:00:00,0.1861,1.457,1.806,-1.457,163,lose,0.43,0.86,1.483,0,fresh,36.8,False,0.49,False,False,none,False,False,2,2,False,False,False,False,False,False,False,False,0,0,0,0,False,False,False,1,0,False,False,1,0,1,True,False,1.28,0,True,False,1.075,False,False,False
DOGEUSDT,SELL,1641,2025-11-02 15:45:00,0.1834,17.393,1.827,8.89,337,win,0.436,0.873,-2.1,0,fresh,67.6,False,0.66,False,True,bearish,True,False,3,5,True,False,False,False,False,False,False,False,0,0,0,0,False,False,False,0,0,False,False,0,0,0,False,False,0.0,0,True,False,0.654,False,False,False
DOGEUSDT,BUY,1978,2025-11-06 04:00:00,0.1671,0.174,4.119,-3.711,45,lose,0.539,1.078,2.125,0,fresh,8.8,True,0.7,False,False,none,False,False,1,2,False,True,False,False,False,False,False,False,0,0,0,0,False,False,False,0,0,False,False,0,0,0,False,False,2.46,0,True,True,4.729,True,False,False
DOGEUSDT,SELL,2023,2025-11-06 15:15:00,0.1608,2.449,3.998,-2.561,74,win,0.684,1.368,-3.084,0,fresh,5.4,True,1.42,False,False,none,False,False,3,3,False,False,False,False,False,False,False,False,0,0,0,0,False,False,False,0,0,False,False,0,0,0,False,False,0.22,0,True,False,4.912,True,False,False
DOGEUSDT,BUY,2097,2025-11-07 09:45:00,0.165,11.105,3.298,4.655,165,win,0.546,1.152,1.685,0,fresh,80.7,True,1.24,False,False,none,False,False,3,2,True,False,False,False,False,False,False,False,1,0,0,0,True,False,True,1,0,False,False,0,0,0,False,False,0.55,0,True,False,4.788,True,False,False
DOGEUSDT,SELL,2262,2025-11-09 03:00:00,0.1726,0.886,4.298,-4.275,67,lose,0.521,1.1,-2.809,0,fresh,57.4,True,1.21,False,False,none,False,False,1,3,True,False,False,False,False,False,False,False,0,0,1,0,False,False,True,1,0,True,False,0,0,0,False,False,0.46,0,True,False,0.985,True,False,False
DOGEUSDT,BUY,2329,2025-11-09 19:45:00,0.18,3.516,3.244,-2.788,186,win,0.555,1.111,3.188,0,fresh,92.2,True,0.66,False,False,none,False,False,3,3,False,False,False,False,False,False,False,False,0,0,0,0,False,False,False,0,0,False,False,0,0,0,False,False,0.24,0,True,True,0.944,True,False,False
DOGEUSDT,SELL,2515,2025-11-11 18:15:00,0.175,2.383,1.983,-1.577,80,win,0.686,1.371,-2.96,0,fresh,50.9,False,0.64,False,False,none,False,False,0,2,True,False,False,False,False,False,False,False,0,0,0,0,False,False,False,1,0,True,False,1,0,0,False,False,0.27,0,True,False,0.971,True,False,False
DOGEUSDT,BUY,2595,2025-11-12 14:15:00,0.1778,0.028,5.614,-5.119,11,lose,0.45,0.9,2.121,0,fresh,64.5,False,0.91,False,False,none,False,False,3,0,True,False,True,False,True,False,True,True,0,0,0,0,False,False,False,1,0,False,False,0,0,0,False,False,0.52,0,True,False,0.956,False,False,False
DOGEUSDT,SELL,2606,2025-11-12 17:00:00,0.1687,0.931,4.95,-4.239,60,lose,0.949,1.838,-4.939,0,fresh,42.6,False,0.73,False,False,none,False,False,1,5,True,False,False,False,False,False,False,False,0,0,0,0,False,False,False,1,0,True,False,0,0,0,False,False,0.21,0,True,False,1.008,True,False,True
DOGEUSDT,BUY,2666,2025-11-13 08:00:00,0.1758,1.035,6.677,-6.416,40,lose,0.626,1.251,2.685,0,fresh,17.8,True,0.59,False,False,none,False,False,3,1,True,False,False,False,False,False,False,False,0,0,0,0,False,False,False,0,0,False,False,0,0,0,False,False,1.3,0,True,False,0.967,True,False,False
DOGEUSDT,SELL,2706,2025-11-13 18:00:00,0.1645,9.274,0.997,2.115,481,win,0.972,2.005,-6.655,0,fresh,56.3,False,1.2,False,True,bearish,True,False,0,6,True,False,False,False,False,False,False,False,0,0,0,0,False,False,False,1,0,True,False,0,0,0,False,False,0.63,0,True,False,1.033,True,False,True
DOGEUSDT,BUY,3187,2025-11-18 18:15:00,0.1611,1.142,5.004,-4.799,88,lose,0.683,1.366,3.52,0,fresh,59.1,False,0.32,False,False,none,False,False,5,0,True,False,False,False,False,False,False,False,0,0,0,0,False,False,False,0,0,False,False,0,0,0,False,False,1.23,0,True,False,1.49,True,False,False
DOGEUSDT,SELL,3275,2025-11-19 16:15:00,0.1533,4.096,3.385,-3.3,50,win,0.848,1.696,-4.481,0,fresh,69.0,False,1.67,True,True,bearish,True,False,0,5,True,False,False,False,False,False,False,False,0,0,0,0,False,False,False,1,0,True,False,1,0,0,False,False,0.21,0,True,False,1.565,True,False,True
DOGEUSDT,BUY,3325,2025-11-20 04:45:00,0.1584,0.852,6.654,-6.535,51,lose,0.568,1.2,3.207,0,fresh,90.8,True,1.55,True,True,bullish,True,False,4,0,True,False,False,False,False,False,False,False,0,0,0,0,False,False,False,0,0,False,False,0,0,0,False,False,3.21,0,True,False,2.02,True,False,False
DOGEUSDT,SELL,3376,2025-11-20 17:30:00,0.148,10.051,3.418,2.905,236,win,1.148,2.364,-6.66,0,fresh,24.1,False,1.17,False,False,none,False,False,1,3,True,False,False,False,False,False,False,False,0,0,0,0,False,False,False,1,0,True,False,0,0,0,False,False,0.04,0,True,False,2.162,True,False,True
DOGEUSDT,BUY,3612,2025-11-23 04:30:00,0.1437,7.082,1.294,3.145,236,win,0.557,1.183,3.298,0,fresh,19.4,True,0.65,False,False,none,False,False,6,0,True,False,False,False,False,False,False,False,0,0,0,0,False,False,False,0,0,False,False,0,0,0,False,False,1.19,0,True,True,7.792,True,False,False
DOGEUSDT,SELL,3848,2025-11-25 15:30:00,0.1483,0.492,5.214,-4.998,105,lose,0.675,1.349,-2.057,0,fresh,97.5,True,1.15,False,True,bullish,False,True,1,2,True,False,False,False,False,False,False,False,0,0,0,0,False,False,False,0,1,False,False,0,1,0,False,False,0.12,0,True,False,7.555,True,False,False
DOGEUSDT,BUY,3953,2025-11-26 17:45:00,0.1557,0.681,3.655,-3.527,128,lose,0.707,1.349,4.086,0,fresh,11.1,True,1.36,False,False,none,False,False,4,0,True,False,False,False,False,False,False,False,0,0,0,0,False,False,False,0,0,False,False,0,0,0,False,False,0.13,0,True,False,7.195,True,False,False
DOGEUSDT,SELL,4081,2025-11-28 01:45:00,0.1502,12.339,3.529,7.518,434,win,0.4,0.866,-2.477,0,fresh,73.1,False,2.72,True,True,bearish,True,False,0,5,True,False,False,False,False,False,False,False,0,0,1,0,False,False,True,1,0,True,False,1,0,0,False,False,1.44,0,True,False,7.458,False,False,False
DOGEUSDT,BUY,4515,2025-12-02 14:15:00,0.1389,10.426,0.194,6.523,236,win,0.432,0.864,2.506,0,fresh,53.6,True,2.07,True,False,none,False,False,4,0,True,False,False,False,False,False,False,False,0,0,0,0,False,False,False,0,0,False,False,0,0,0,False,False,0.09,0,True,False,1.224,False,False,False
DOGEUSDT,SELL,4751,2025-12-05 01:15:00,0.1479,8.902,0.223,3.981,270,win,0.406,0.879,-1.521,0,fresh,47.0,True,1.25,False,False,none,False,False,2,1,False,True,False,False,False,False,False,False,0,0,0,0,False,False,False,0,0,False,False,0,0,0,False,False,0.69,0,True,True,2.028,False,False,False
DOGEUSDT,BUY,5021,2025-12-07 20:45:00,0.1421,2.063,4.435,-1.323,154,win,0.493,1.056,2.295,0,fresh,12.8,False,0.25,False,False,none,False,False,3,1,True,False,False,False,False,False,False,False,1,0,0,0,True,False,True,1,0,False,False,0,0,0,False,False,0.92,0,True,False,0.915,False,False,False
DOGEUSDT,SELL,5175,2025-12-09 11:15:00,0.1402,0.064,6.592,-6.399,19,lose,0.357,0.642,-1.434,0,fresh,40.6,True,0.69,False,False,none,False,False,1,1,False,False,False,False,False,False,False,False,0,0,0,0,False,False,False,0,1,False,False,0,0,0,False,False,0.27,0,True,False,1.641,False,False,False
DOGEUSDT,BUY,5194,2025-12-09 16:00:00,0.1492,2.668,4.64,-3.962,127,win,0.872,1.743,6.269,0,fresh,91.5,True,4.0,True,True,bullish,True,False,6,1,True,False,False,False,False,False,False,False,0,0,0,0,False,False,False,0,0,False,False,0,0,0,False,False,0.62,0,True,False,1.542,True,False,True
DOGEUSDT,SELL,5321,2025-12-10 23:45:00,0.1432,6.339,0.195,2.52,241,win,0.908,1.745,-3.812,0,fresh,80.0,False,0.21,False,False,none,False,False,0,3,True,False,False,False,False,False,False,False,0,0,0,0,False,False,False,1,0,True,False,0,0,0,False,False,0.86,0,True,True,1.606,True,False,True
DOGEUSDT,BUY,5562,2025-12-13 12:00:00,0.1396,0.244,2.858,-2.084,95,lose,0.286,0.501,1.597,0,fresh,91.7,True,1.66,True,True,bullish,True,False,7,1,True,False,False,False,False,False,False,False,0,0,0,0,False,False,False,0,0,False,False,0,0,0,False,False,2.13,0,True,True,1.218,False,False,False
DOGEUSDT,SELL,5657,2025-12-14 11:45:00,0.1367,7.446,1.221,3.811,238,win,0.366,0.658,-1.514,0,fresh,43.0,True,3.52,True,False,none,False,False,1,3,True,False,False,False,False,False,False,False,0,0,0,0,False,False,False,0,0,False,False,0,0,0,False,False,0.04,1,True,False,0.585,False,False,False
DOGEUSDT,BUY,5895,2025-12-16 23:15:00,0.1315,3.627,4.768,-4.365,77,win,0.38,0.76,1.156,0,fresh,10.3,False,0.7,False,False,none,False,False,2,2,False,False,False,False,False,False,False,False,0,0,0,0,False,False,False,0,0,False,False,0,0,0,False,False,0.84,0,True,True,2.585,False,False,False
DOGEUSDT,SELL,5972,2025-12-17 18:30:00,0.1258,4.707,3.904,-1.59,148,win,1.113,2.226,-5.757,0,fresh,62.2,False,0.83,False,True,bearish,True,False,3,5,True,False,False,False,False,False,False,False,0,0,0,0,False,False,False,1,0,True,False,1,0,0,False,False,2.6,0,True,False,2.704,True,False,True
DOGEUSDT,BUY,6120,2025-12-19 07:30:00,0.1278,4.477,0.29,1.025,222,win,0.626,1.252,3.428,0,fresh,29.2,True,0.47,False,False,none,False,False,4,1,True,False,False,False,False,False,False,False,0,0,0,0,False,False,False,0,0,False,False,0,0,0,False,False,0.41,0,True,False,0.47,True,False,False
DOGEUSDT,SELL,6342,2025-12-21 15:00:00,0.1291,0.139,3.951,-2.433,71,lose,0.465,1.007,-2.417,0,fresh,100.0,False,0.47,False,True,bearish,True,False,1,6,True,False,False,False,False,False,False,False,0,0,0,0,False,False,False,0,1,False,False,0,1,0,False,False,0.11,0,True,False,1.162,False,False,False
DOGEUSDT,BUY,6413,2025-12-22 08:45:00,0.1322,2.36,3.328,-2.556,120,win,0.454,0.908,1.611,0,fresh,61.3,False,1.51,True,True,bearish,False,True,1,2,False,True,False,False,False,False,False,False,0,0,0,0,False,False,False,0,0,False,False,0,0,0,False,False,0.1,0,True,False,0.756,False,False,False
DOGEUSDT,SELL,6533,2025-12-23 14:45:00,0.1288,6.458,1.583,3.671,437,win,0.543,1.087,-2.841,0,fresh,46.4,False,5.43,True,False,none,False,False,1,2,True,False,False,False,False,False,False,False,0,0,0,0,False,False,False,1,0,True,False,0,0,0,False,False,1.15,0,True,False,0.776,True,False,False
DOGEUSDT,BUY,6970,2025-12-28 04:00:00,0.1241,3.134,1.362,-0.387,139,win,0.242,0.483,1.144,0,fresh,21.7,True,0.66,False,False,none,False,False,5,2,True,False,False,False,False,False,False,False,0,0,0,0,False,False,False,1,0,False,False,1,0,0,False,False,2.69,0,True,False,2.336,False,False,False
DOGEUSDT,SELL,7109,2025-12-29 14:45:00,0.1236,6.705,1.44,2.661,268,win,0.566,1.051,-2.071,0,fresh,71.5,False,1.37,False,False,none,False,False,1,2,True,False,False,False,False,False,False,False,0,0,0,0,False,False,False,0,0,False,False,0,0,0,False,False,0.39,0,True,True,0.647,True,False,False
DOGEUSDT,BUY,7377,2026-01-01 09:45:00,0.1203,30.098,0.141,20.542,514,win,0.332,0.665,1.612,0,fresh,75.3,False,2.32,True,True,bearish,False,True,6,1,True,False,False,False,False,False,False,False,0,0,0,0,False,False,False,0,0,False,False,0,0,0,False,False,1.9,0,True,False,0.665,False,False,False
DOGEUSDT,SELL,7891,2026-01-06 18:15:00,0.1451,7.045,6.191,3.054,656,win,1.103,2.275,-5.06,0,fresh,22.4,False,0.25,False,False,none,False,False,1,4,True,False,False,False,False,False,False,False,0,0,0,0,False,False,False,1,1,False,False,0,0,0,False,False,0.76,0,True,False,2.757,True,False,True
DOGEUSDT,BUY,8547,2026-01-13 14:15:00,0.1406,7.566,0.946,1.444,149,win,0.427,0.853,2.297,0,fresh,95.5,True,1.27,False,True,bullish,True,False,1,1,False,False,False,False,False,False,False,False,0,0,0,0,False,False,False,0,0,False,False,0,0,0,False,False,0.01,1,True,True,4.978,False,False,False
DOGEUSDT,SELL,8696,2026-01-15 03:30:00,0.1427,16.389,1.668,10.234,650,win,0.631,1.262,-3.315,0,fresh,17.3,False,2.27,True,False,none,False,False,0,5,True,False,False,False,False,False,False,False,0,1,0,0,True,False,True,0,1,False,False,0,0,0,False,False,0.09,0,True,False,4.065,True,False,False
DOGEUSDT,BUY,9346,2026-01-21 22:00:00,0.1281,0.07,3.858,-2.577,78,lose,0.859,1.718,3.568,0,fresh,8.4,True,0.57,False,False,none,False,False,5,0,True,False,False,False,False,False,False,False,0,0,0,0,False,False,False,1,1,False,True,1,0,1,True,False,4.25,0,True,False,1.874,True,False,True
DOGEUSDT,SELL,9424,2026-01-22 17:30:00,0.1248,5.787,2.461,-0.2,474,win,0.481,0.962,-1.555,0,fresh,46.2,True,0.25,False,False,none,False,False,1,2,True,False,False,False,False,False,False,False,0,1,0,0,True,False,True,0,1,False,False,0,1,0,False,False,2.04,0,True,False,1.924,False,False,False
DOGEUSDT,BUY,9898,2026-01-27 16:00:00,0.125,2.136,2.632,-2.304,141,win,0.56,1.12,3.368,0,fresh,77.0,True,5.47,True,True,bullish,True,False,5,2,True,False,False,False,False,False,False,False,0,0,0,0,False,False,False,0,1,True,False,0,0,0,False,False,6.22,0,True,False,2.96,True,False,False
DOGEUSDT,SELL,10039,2026-01-29 03:15:00,0.1221,22.55,0.278,10.202,436,win,0.573,1.146,-2.923,0,fresh,92.6,False,0.98,False,False,none,False,False,1,3,True,False,False,False,False,False,False,False,0,0,0,0,False,False,False,0,0,False,False,0,0,0,False,False,0.09,0,True,False,1.146,True,False,False
DOGEUSDT,BUY,10475,2026-02-02 16:15:00,0.1097,0.793,6.811,-5.453,191,lose,0.912,1.824,4.979,0,fresh,58.1,True,0.65,False,False,none,False,False,4,0,True,False,False,False,False,False,False,False,0,0,0,0,False,False,False,1,0,False,False,1,0,0,False,False,0.37,0,True,False,4.651,True,False,True
DOGEUSDT,SELL,10666,2026-02-04 16:00:00,0.1037,22.934,1.755,4.07,194,win,0.964,1.929,-4.35,0,fresh,22.9,True,1.53,True,False,none,False,False,0,4,True,False,False,False,False,False,False,False,0,0,0,0,False,False,False,0,0,False,False,0,0,0,False,False,0.55,1,True,False,1.35,True,False,True
DOGEUSDT,BUY,10860,2026-02-06 16:30:00,0.0995,2.734,4.916,-4.323,252,win,1.106,2.211,7.016,0,fresh,44.7,True,1.56,True,False,none,False,False,4,2,True,False,False,False,False,False,False,False,0,0,0,0,False,False,False,0,0,False,False,0,0,0,False,False,0.06,0,True,False,7.439,True,False,True
DOGEUSDT,SELL,11112,2026-02-09 07:30:00,0.0952,7.713,1.881,1.334,304,win,0.63,1.156,-2.763,0,fresh,79.2,False,0.93,False,True,bearish,True,False,2,3,True,False,False,False,False,False,False,False,0,0,0,0,False,False,False,0,0,False,False,0,0,0,False,False,0.42,0,True,False,2.837,True,False,False
DOGEUSDT,BUY,11416,2026-02-12 11:30:00,0.0939,25.229,3.482,12.556,312,win,0.426,0.959,2.652,0,fresh,43.6,False,1.11,False,False,none,False,False,4,1,True,False,False,False,False,False,False,False,0,0,0,0,False,False,False,0,0,False,False,0,0,0,False,False,0.18,0,True,False,2.876,False,False,False
DOGEUSDT,SELL,11728,2026-02-15 17:30:00,0.1057,9.689,0.0,5.431,504,win,0.946,1.798,-5.592,0,fresh,80.9,False,0.87,False,True,bearish,True,False,1,6,True,False,False,False,False,False,False,False,0,0,0,0,False,False,False,0,0,False,False,0,0,0,False,False,0.29,0,True,False,2.555,True,False,True
DOGEUSDT,BUY,12232,2026-02-20 23:30:00,0.0999,0.99,2.391,-1.871,105,lose,0.6,1.301,2.151,0,fresh,86.8,False,0.69,False,False,none,False,False,0,2,False,True,False,False,False,False,False,False,0,0,0,0,False,False,False,0,0,False,False,0,0,0,False,False,0.52,0,True,True,2.801,True,False,False
DOGEUSDT,SELL,12337,2026-02-22 01:45:00,0.0981,6.852,0.061,1.376,138,win,0.306,0.714,-1.652,0,fresh,5.6,True,0.45,False,False,none,False,False,1,4,True,False,False,False,False,False,False,False,0,0,0,0,False,False,False,0,0,False,False,0,0,0,False,False,0.76,0,True,False,2.855,False,False,False
DOGEUSDT,BUY,12475,2026-02-23 12:15:00,0.0967,0.868,4.466,-4.053,30,lose,0.517,0.93,2.315,0,fresh,4.0,True,0.67,False,False,none,False,False,3,0,True,False,False,False,False,False,False,False,0,0,0,0,False,False,False,0,0,False,False,0,0,0,False,False,0.24,1,True,False,1.654,True,False,False
DOGEUSDT,SELL,12505,2026-02-23 19:45:00,0.0928,3.168,2.295,-0.733,153,win,0.754,1.509,-3.556,0,fresh,13.0,False,0.42,False,False,none,False,False,0,3,True,False,False,False,False,False,False,False,0,1,0,0,True,False,True,0,1,False,False,0,0,0,False,False,0.58,0,True,False,1.724,True,False,True
DOGEUSDT,BUY,12658,2026-02-25 10:00:00,0.0935,13.563,0.118,5.156,121,win,0.428,0.856,1.701,0,fresh,13.0,True,1.61,True,False,none,False,False,4,2,True,False,False,False,False,False,False,False,0,0,0,0,False,False,False,0,0,False,False,0,0,0,False,False,1.26,0,True,True,3.102,False,False,False
DOGEUSDT,SELL,12779,2026-02-26 16:15:00,0.0983,10.904,0.773,4.567,214,win,0.712,1.424,-3.234,0,fresh,31.9,True,0.6,False,False,none,False,False,3,0,False,True,False,False,False,False,False,False,0,0,0,0,False,False,False,0,0,False,False,0,0,0,False,False,0.3,0,True,False,2.95,True,False,False
DOGEUSDT,BUY,12993,2026-02-28 21:45:00,0.0938,4.306,3.176,-2.984,89,win,0.853,1.599,3.539,0,fresh,4.4,False,0.51,False,False,none,False,False,3,0,True,False,False,False,False,False,False,False,0,0,0,0,False,False,False,0,0,False,False,0,0,0,False,False,0.96,0,True,False,2.984,True,False,True
DOGEUSDT,SELL,13082,2026-03-01 20:00:00,0.091,0.582,6.724,-6.614,80,lose,0.769,1.538,-4.043,0,fresh,69.6,False,1.36,False,False,none,False,False,1,2,True,False,False,False,False,False,False,False,0,0,0,0,False,False,False,0,0,False,False,0,0,0,False,False,0.37,1,True,False,4.505,True,False,True
DOGEUSDT,BUY,13162,2026-03-02 16:00:00,0.097,0.721,6.059,-5.472,60,lose,1.031,1.958,5.802,0,fresh,80.0,True,1.52,True,False,none,False,False,3,1,True,False,False,False,False,False,False,False,0,0,0,1,False,False,True,0,1,True,False,0,0,0,False,False,0.49,0,True,False,4.225,True,False,True
DOGEUSDT,SELL,13222,2026-03-03 07:00:00,0.0917,3.794,1.831,-1.363,112,win,0.545,0.981,-2.268,0,fresh,21.4,True,0.98,False,False,none,False,False,2,5,True,False,False,False,False,False,False,False,0,0,0,0,False,False,False,0,0,False,False,0,0,0,False,False,0.2,0,True,False,4.47,True,False,False
DOGEUSDT,BUY,13334,2026-03-04 11:00:00,0.093,12.142,1.656,2.173,109,win,0.753,1.613,3.517,0,fresh,6.8,False,0.41,False,False,none,False,False,4,1,True,False,False,False,False,False,False,False,0,0,0,0,False,False,False,0,0,False,False,0,0,0,False,False,0.83,0,True,False,1.398,True,False,True
DOGEUSDT,SELL,13443,2026-03-05 14:15:00,0.095,8.916,0.747,3.653,387,win,0.737,1.369,-3.274,0,fresh,46.9,False,0.58,False,False,none,False,False,1,3,True,False,False,False,False,False,False,False,0,0,0,0,False,False,False,1,0,True,False,0,0,0,False,False,0.35,0,True,False,0.632,True,False,False
DOGEUSDT,BUY,13830,2026-03-09 15:00:00,0.0915,9.724,1.562,0.087,155,win,0.656,1.311,2.655,0,fresh,0.0,False,0.91,False,False,none,False,False,3,1,True,False,False,False,False,False,False,False,0,0,0,0,False,False,False,0,0,False,False,0,0,0,False,False,0.54,0,True,True,5.572,True,False,False
DOGEUSDT,SELL,13985,2026-03-11 05:45:00,0.0916,0.611,4.574,-4.388,122,lose,0.546,1.092,-3.482,0,fresh,11.1,False,0.85,False,False,none,False,False,1,7,True,False,False,False,False,False,False,False,0,0,0,0,False,False,False,0,1,False,False,0,0,0,False,False,0.73,0,True,False,1.747,True,False,False
DOGEUSDT,BUY,14107,2026-03-12 12:15:00,0.0956,6.651,2.667,0.324,160,win,0.627,1.15,3.482,0,fresh,64.5,True,2.54,True,True,bullish,True,False,6,1,True,False,False,False,False,False,False,False,1,0,0,0,True,False,True,1,0,False,False,0,0,0,False,False,1.87,0,True,True,1.673,True,False,False
DOGEUSDT,SELL,14267,2026-03-14 04:15:00,0.0959,2.085,1.511,0.125,96,win,0.417,0.73,-1.522,0,fresh,20.7,True,0.57,False,False,none,False,False,1,0,False,True,False,False,False,False,False,False,0,1,0,0,True,False,True,0,1,False,False,0,1,0,False,False,0.71,0,True,True,2.918,False,False,False
DOGEUSDT,BUY,14363,2026-03-15 04:15:00,0.0958,9.006,1.482,1.284,317,win,0.417,0.835,1.064,0,fresh,48.0,False,0.72,False,False,none,False,False,3,2,True,False,False,False,False,False,False,False,0,0,0,0,False,False,False,1,0,False,False,0,0,0,False,False,0.04,1,True,True,2.922,False,False,False
DOGEUSDT,SELL,14680,2026-03-18 11:30:00,0.097,8.223,0.052,2.937,489,win,0.618,1.236,-4.173,0,fresh,73.9,False,7.54,True,True,bearish,True,False,1,5,True,False,False,False,False,False,False,False,0,0,0,0,False,False,False,0,0,False,False,0,0,0,False,False,5.0,0,True,True,2.885,True,False,False
DOGEUSDT,BUY,15169,2026-03-23 13:45:00,0.0942,3.981,1.953,0.17,251,win,0.955,1.805,4.565,0,fresh,59.3,True,0.68,False,False,none,False,False,4,2,True,False,False,False,False,False,False,False,0,0,0,0,False,False,False,0,1,True,False,0,0,0,False,False,0.07,1,True,True,5.732,True,False,True
DOGEUSDT,SELL,15420,2026-03-26 04:30:00,0.0944,5.49,0.117,1.484,230,win,0.318,0.742,-1.844,0,fresh,64.0,False,0.64,False,False,none,False,False,0,5,True,False,False,False,False,False,False,False,0,0,0,0,False,False,False,0,0,False,False,0,0,0,False,False,0.06,0,True,True,5.723,False,False,False
DOGEUSDT,BUY,15650,2026-03-28 14:00:00,0.093,2.539,2.851,-2.13,65,win,0.43,0.86,2.872,0,fresh,49.2,True,2.35,True,False,none,False,False,2,1,True,False,False,False,False,False,False,False,0,0,0,0,False,False,False,0,0,False,False,0,0,0,False,False,0.0,2,True,True,5.808,False,False,False
DOGEUSDT,SELL,15715,2026-03-29 06:15:00,0.091,3.429,2.308,-2.11,90,win,0.33,0.55,-1.231,0,fresh,45.5,False,0.56,False,False,none,False,False,1,2,True,False,False,False,False,False,False,False,0,0,0,0,False,False,False,0,0,False,False,0,0,0,False,False,0.45,0,True,True,5.935,False,False,False
DOGEUSDT,BUY,15805,2026-03-30 04:45:00,0.0929,1.087,3.412,-3.154,115,lose,0.538,1.077,2.573,0,fresh,46.2,True,0.54,False,False,none,False,False,3,0,True,False,False,False,False,False,False,False,0,0,0,0,False,False,False,0,0,False,False,0,0,0,False,False,0.01,0,True,True,5.813,True,False,False
DOGEUSDT,SELL,15920,2026-03-31 09:30:00,0.09,0.756,3.69,-3.557,81,lose,0.445,0.778,-2.379,0,fresh,45.0,False,1.63,True,False,none,False,False,1,3,True,False,False,False,False,False,False,False,0,0,0,0,False,False,False,0,0,False,False,0,0,0,False,False,0.59,0,True,True,6.003,False,False,False
DOGEUSDT,BUY,16001,2026-04-01 05:45:00,0.0932,1.427,3.714,-3.338,84,lose,0.429,0.859,2.319,0,fresh,67.7,True,1.27,False,False,none,False,False,3,2,True,False,False,False,False,False,False,False,0,0,0,0,False,False,False,0,0,False,False,0,0,0,False,False,0.27,0,True,True,5.796,False,False,False
DOGEUSDT,SELL,16085,2026-04-02 02:45:00,0.0901,1.277,2.41,-2.121,152,lose,0.555,1.11,-3.153,0,fresh,67.4,True,0.94,False,False,none,False,False,1,3,True,False,False,False,False,False,False,False,0,0,0,0,False,False,False,0,0,False,False,0,0,0,False,False,0.04,0,True,True,5.996,True,False,False
DOGEUSDT,BUY,16237,2026-04-03 16:45:00,0.092,1.229,1.598,-1.424,148,lose,0.326,0.652,1.707,0,fresh,47.4,True,0.86,False,True,bullish,True,False,3,1,True,False,False,False,False,False,False,False,0,0,0,0,False,False,False,0,0,False,False,0,0,0,False,False,2.57,0,True,True,5.871,False,False,False
DOGEUSDT,SELL,16385,2026-04-05 05:45:00,0.0907,1.147,3.0,-2.724,74,lose,0.221,0.441,-1.269,0,fresh,59.2,False,3.58,True,True,bearish,True,False,0,4,True,False,False,False,False,False,False,False,0,0,0,0,False,False,False,0,0,False,False,0,0,0,False,False,2.67,1,True,True,5.957,False,False,False
DOGEUSDT,BUY,16459,2026-04-06 00:15:00,0.0931,0.505,3.533,-3.135,92,lose,0.43,0.966,3.039,0,fresh,31.7,True,1.99,True,True,bullish,True,False,6,1,True,False,False,False,False,False,False,False,0,0,0,0,False,False,False,0,1,True,False,0,0,0,False,False,0.36,0,True,True,5.798,False,False,False
DOGEUSDT,SELL,16551,2026-04-06 23:15:00,0.0902,0.233,3.603,-3.492,91,lose,0.333,0.776,-2.317,0,fresh,2.8,False,1.43,False,False,none,False,False,0,4,True,False,False,False,False,False,False,False,0,0,0,0,False,False,False,0,1,False,False,0,0,0,False,False,0.31,1,True,True,5.986,False,False,False
DOGEUSDT,BUY,16642,2026-04-07 22:00:00,0.0934,2.849,2.496,-2.142,110,win,0.428,0.964,2.86,0,fresh,82.5,True,2.11,True,False,none,False,False,6,2,True,False,False,False,False,False,False,False,0,0,0,0,False,False,False,0,0,False,False,0,0,0,False,False,0.74,0,True,True,5.783,False,False,False
DOGEUSDT,SELL,16752,2026-04-09 01:30:00,0.0914,0.547,2.835,-2.725,74,lose,0.438,0.876,-2.55,0,fresh,28.8,True,1.93,True,False,none,False,False,1,4,True,False,False,False,False,False,False,False,0,0,0,0,False,False,False,0,0,False,False,0,0,0,False,False,0.11,0,True,True,5.91,False,False,False
DOGEUSDT,BUY,16826,2026-04-09 20:00:00,0.0939,1.513,3.57,-3.026,215,lose,0.426,0.959,2.397,0,fresh,36.4,True,0.74,False,False,none,False,False,5,1,True,False,False,False,False,False,False,False,0,0,0,0,False,False,False,0,0,False,False,0,0,0,False,False,0.07,1,True,True,5.754,False,False,False
DOGEUSDT,SELL,17041,2026-04-12 01:45:00,0.091,0.857,2.439,-2.231,168,lose,0.549,1.099,-3.285,0,fresh,13.2,False,3.93,True,False,none,False,False,0,4,True,False,False,False,False,False,False,False,0,0,0,0,False,False,False,0,0,False,False,0,0,0,False,False,0.03,1,True,True,5.933,True,False,False
DOGEUSDT,BUY,17209,2026-04-13 19:45:00,0.093,9.802,0.763,4.364,439,win,0.43,0.86,2.526,0,fresh,73.3,True,2.42,True,True,bullish,True,False,4,3,True,False,False,False,False,False,False,False,0,0,0,0,False,False,False,0,0,False,False,0,0,0,False,False,0.31,0,True,True,5.803,False,False,False
DOGEUSDT,SELL,17648,2026-04-18 09:30:00,0.0971,4.779,0.082,1.298,242,win,0.412,0.927,-2.482,0,fresh,47.2,True,1.36,False,False,none,False,False,1,3,True,False,False,False,False,False,False,False,0,0,0,0,False,False,False,0,0,False,False,0,0,0,False,False,0.33,0,True,False,1.03,False,False,False
DOGEUSDT,BUY,17890,2026-04-20 22:00:00,0.0958,5.217,2.442,1.377,647,win,0.313,0.73,1.826,0,fresh,95.0,True,0.72,False,False,none,False,False,3,0,True,False,False,False,False,False,False,False,0,0,0,0,False,False,False,1,0,False,False,0,0,0,False,False,1.76,0,True,False,1.356,False,False,False
DOGEUSDT,SELL,18537,2026-04-27 15:45:00,0.0972,0.154,3.942,-2.532,50,lose,0.515,0.926,-2.192,0,fresh,42.9,False,1.2,False,False,none,False,False,2,2,False,False,False,False,False,False,False,False,0,0,1,0,False,False,True,1,1,False,False,0,0,0,False,False,0.16,0,True,True,3.396,True,False,False
DOGEUSDT,BUY,18587,2026-04-28 04:15:00,0.0996,12.427,1.616,2.218,151,win,0.502,0.903,1.827,0,fresh,26.1,False,5.43,True,False,none,False,False,1,0,True,False,False,False,False,False,False,False,1,0,0,0,True,False,True,1,0,False,False,0,0,0,False,False,1.64,0,True,True,3.313,True,False,False
DOGEUSDT,SELL,18738,2026-04-29 18:00:00,0.1018,0.913,6.403,-5.028,32,lose,1.178,2.258,-4.969,0,fresh,66.3,False,2.52,True,True,bearish,True,False,1,6,True,False,False,False,False,False,False,False,0,0,0,0,False,False,False,0,1,False,True,0,1,0,False,False,1.96,0,True,False,0.589,True,False,True
DOGEUSDT,BUY,18770,2026-04-30 02:00:00,0.107,9.612,2.506,5.086,663,win,0.748,1.59,3.319,0,fresh,19.6,True,0.9,False,False,none,False,False,6,0,True,False,False,False,False,False,False,False,0,0,0,0,False,False,False,1,0,False,False,1,0,0,False,False,0.3,0,True,False,0.561,True,False,True
DOGEUSDT,SELL,19433,2026-05-06 23:45:00,0.1124,6.113,0.053,2.625,187,win,0.356,0.712,-1.61,0,fresh,31.3,True,0.71,False,False,none,False,False,1,1,False,False,False,False,False,False,False,False,0,0,0,0,False,False,False,0,0,False,False,0,0,0,False,False,0.03,1,True,True,0.445,False,False,False
DOGEUSDT,BUY,19620,2026-05-08 22:30:00,0.1094,1.69,1.599,-0.914,116,lose,0.365,0.731,1.864,0,fresh,39.4,True,0.62,False,True,bullish,True,False,4,1,True,False,False,False,False,False,False,False,0,0,0,0,False,False,False,0,0,False,False,0,0,0,False,False,0.48,0,True,False,0.731,False,False,False
DOGEUSDT,SELL,19736,2026-05-10 03:30:00,0.1084,0.59,2.471,-2.241,57,lose,0.277,0.646,-0.977,0,fresh,38.5,False,0.7,False,False,none,False,False,1,4,True,False,False,False,False,False,False,False,0,0,0,0,False,False,False,0,1,False,False,0,0,0,False,False,0.14,0,True,False,0.738,False,False,False
DOGEUSDT,BUY,19793,2026-05-10 17:45:00,0.1109,6.963,4.212,0.577,472,win,0.451,0.902,2.408,0,fresh,29.0,True,1.45,False,False,none,False,False,4,0,True,False,False,False,False,False,False,False,0,0,0,0,False,False,False,0,0,False,False,0,0,0,False,False,0.65,0,True,False,0.722,False,False,False
DOGEUSDT,SELL,20265,2026-05-15 15:45:00,0.1115,3.471,2.027,-0.161,171,win,0.717,1.435,-3.219,0,fresh,55.7,True,0.98,False,False,none,False,False,0,2,True,False,False,False,False,False,False,False,0,1,0,0,True,False,True,0,1,False,False,0,0,0,False,False,0.14,1,True,False,1.704,True,False,False
DOGEUSDT,BUY,20436,2026-05-17 10:30:00,0.1117,0.976,5.981,-4.468,56,lose,0.358,0.627,1.961,0,fresh,14.3,False,1.15,False,False,none,False,False,6,1,True,False,False,False,False,False,False,False,0,0,0,0,False,False,False,0,0,False,False,0,0,0,False,False,0.89,0,True,False,1.701,False,False,False
DOGEUSDT,SELL,20492,2026-05-18 00:30:00,0.1067,4.583,0.422,0.909,299,win,0.843,1.687,-4.676,0,fresh,52.2,False,0.92,False,False,none,False,False,2,2,False,False,False,False,False,False,False,False,0,0,0,0,False,False,False,1,0,True,False,0,0,0,False,False,0.04,1,True,True,4.123,True,False,True
DOGEUSDT,BUY,20791,2026-05-21 03:15:00,0.1057,0.955,2.923,-1.702,166,lose,0.378,0.757,2.1,0,fresh,82.9,True,3.05,True,True,bullish,True,False,6,0,True,False,False,False,False,False,False,False,0,0,0,0,False,False,False,0,1,True,False,0,0,0,False,False,3.98,0,True,False,0.568,False,False,False
DOGEUSDT,SELL,20957,2026-05-22 20:45:00,0.1039,6.524,0.52,-0.221,95,win,0.577,1.155,-2.088,0,fresh,38.9,True,0.5,False,False,none,False,False,0,2,True,False,False,False,False,False,False,False,0,0,0,0,False,False,False,0,0,False,False,0,0,0,False,False,0.09,0,True,False,0.674,True,False,False
DOGEUSDT,BUY,21052,2026-05-23 20:30:00,0.1042,0.826,3.514,-3.101,211,lose,0.48,0.96,3.505,0,fresh,85.2,True,4.38,True,True,bullish,True,False,3,0,True,False,False,False,False,False,False,False,0,0,0,0,False,False,False,0,0,False,False,0,0,0,False,False,3.05,0,True,False,3.457,False,False,False
DOGEUSDT,SELL,21263,2026-05-26 01:15:00,0.1009,4.488,2.863,0.515,384,win,0.396,0.694,-1.853,0,fresh,51.1,False,1.49,False,False,none,False,False,1,4,True,False,False,False,False,False,False,False,0,0,0,0,False,False,False,0,0,False,False,0,0,0,False,False,0.13,0,True,False,3.567,False,False,False
DOGEUSDT,BUY,21647,2026-05-30 01:15:00,0.1004,1.354,1.454,-1.096,157,lose,0.398,0.697,1.514,0,fresh,47.4,True,2.07,True,True,bullish,True,False,3,2,True,False,False,False,False,False,False,False,0,0,0,0,False,False,False,0,0,False,False,0,0,0,False,False,2.11,0,True,False,0.896,False,False,False
DOGEUSDT,SELL,21804,2026-05-31 16:30:00,0.0993,21.851,2.245,16.222,622,win,0.302,0.604,-1.792,0,fresh,40.3,False,3.56,True,False,none,False,False,1,4,True,False,False,False,False,False,False,False,0,0,1,1,False,True,True,1,1,False,False,0,0,0,False,False,1.14,0,True,True,0.906,False,False,False
DOGEUSDT,BUY,22426,2026-06-07 04:00:00,0.0832,5.216,0.349,1.274,274,win,0.601,1.202,2.163,0,fresh,62.2,False,0.73,False,False,none,False,False,3,1,True,False,False,False,False,False,False,False,0,0,0,0,False,False,False,0,0,False,False,0,0,0,False,False,1.74,1,True,True,1.923,True,False,False
DOGEUSDT,SELL,22700,2026-06-10 00:30:00,0.0843,2.955,1.424,-0.878,135,win,0.475,0.95,-1.958,0,fresh,87.6,False,1.79,True,False,none,False,False,0,3,True,False,False,False,False,False,False,False,0,0,0,0,False,False,False,1,0,True,False,1,0,0,False,False,8.67,0,True,True,3.442,False,False,False
DOGEUSDT,BUY,22835,2026-06-11 10:15:00,0.085,8.776,0.988,1.294,175,win,0.353,0.588,1.518,0,fresh,50.0,False,0.76,False,False,none,False,False,3,2,True,False,False,False,False,False,False,False,0,0,0,0,False,False,False,0,0,False,False,0,0,0,False,False,0.27,0,True,True,3.412,False,False,False
DOGEUSDT,SELL,23010,2026-06-13 06:00:00,0.0861,0.07,2.485,-2.393,26,lose,0.348,0.697,-1.266,0,fresh,7.7,False,1.52,True,False,none,False,False,1,0,False,True,False,False,False,False,False,False,0,0,0,0,False,False,False,0,0,False,False,0,0,0,False,False,0.21,0,True,True,4.065,False,False,False
DOGEUSDT,BUY,23036,2026-06-13 12:30:00,0.0882,0.715,2.303,-2.03,102,lose,0.34,0.681,1.758,0,fresh,78.6,True,1.66,True,True,bullish,True,False,4,0,True,False,False,False,False,False,False,False,0,0,0,0,False,False,False,0,0,False,False,0,0,0,False,False,4.14,0,True,False,3.971,False,False,False
DOGEUSDT,SELL,23138,2026-06-14 14:00:00,0.0864,0.857,3.138,-2.292,35,lose,0.347,0.579,-1.552,0,fresh,52.4,False,0.61,False,False,none,False,False,1,4,True,False,False,False,False,False,False,False,0,0,0,0,False,False,False,0,0,False,False,0,0,0,False,False,0.79,0,True,True,4.053,False,False,False
DOGEUSDT,BUY,23173,2026-06-14 22:45:00,0.0883,2.864,1.834,-1.211,117,win,0.453,0.906,2.083,0,fresh,42.9,False,0.62,False,False,none,False,False,4,1,True,False,False,False,False,False,False,False,0,0,0,0,False,False,False,0,0,False,False,0,0,0,False,False,0.08,1,True,False,4.868,False,False,False
DOGEUSDT,SELL,23290,2026-06-16 04:00:00,0.0873,6.302,2.028,3.506,397,win,0.458,0.802,-1.959,0,fresh,50.0,False,0.62,False,True,bearish,True,False,2,3,True,False,False,False,False,False,False,False,0,0,0,0,False,False,False,0,0,False,False,0,0,0,False,False,0.09,0,True,False,1.146,False,False,False
DOGEUSDT,BUY,23687,2026-06-20 07:15:00,0.0842,0.047,2.387,-2.078,159,lose,0.237,0.594,1.567,0,fresh,60.0,True,1.08,False,False,none,False,False,3,0,True,False,False,False,False,False,False,False,0,0,0,0,False,False,False,1,0,False,False,0,0,0,False,False,0.12,1,True,False,0.95,False,False,False
DOGEUSDT,SELL,23846,2026-06-21 23:00:00,0.0825,0.473,2.607,-2.328,57,lose,0.364,0.728,-1.625,0,fresh,95.3,False,0.92,False,True,bearish,True,False,1,4,True,False,False,False,False,False,False,False,0,0,0,0,False,False,False,0,0,False,False,0,0,0,False,False,0.52,0,True,False,0.606,False,False,False
DOGEUSDT,BUY,23903,2026-06-22 13:15:00,0.0844,0.77,3.069,-2.797,37,lose,0.355,0.711,1.529,0,fresh,34.8,False,0.59,False,False,none,False,False,2,1,True,False,False,False,False,False,False,False,0,0,0,0,False,False,False,0,0,False,False,0,0,0,False,False,0.6,1,True,False,0.355,False,False,False
DOGEUSDT,SELL,23940,2026-06-22 22:30:00,0.082,11.301,0.78,5.742,229,win,0.366,0.731,-2.158,0,fresh,13.0,False,3.14,True,False,none,False,False,1,3,True,False,False,False,False,False,False,False,0,0,0,0,False,False,False,0,0,False,False,0,0,0,False,False,0.02,0,True,False,0.366,False,False,False
DOGEUSDT,BUY,24169,2026-06-25 07:45:00,0.0773,0.026,7.656,-7.268,24,lose,0.388,0.776,1.824,0,fresh,33.3,True,0.46,False,False,none,False,False,2,0,True,False,False,False,False,False,False,False,0,0,0,1,False,False,True,1,1,False,False,0,0,0,False,False,0.6,0,True,False,0.905,False,False,False
DOGEUSDT,SELL,24193,2026-06-25 13:45:00,0.0717,0.014,6.151,-5.816,148,lose,0.837,1.813,-7.671,0,fresh,82.1,False,9.56,True,True,bearish,True,False,0,4,True,False,False,False,False,False,False,False,0,0,0,0,False,False,False,0,1,False,False,0,0,0,False,False,1.7,1,True,False,0.697,True,False,True
DOGEUSDT,BUY,24341,2026-06-27 02:45:00,0.0759,0.712,2.003,-1.74,76,lose,0.395,0.659,2.069,0,fresh,36.8,False,1.13,False,False,none,False,False,2,3,False,True,False,False,False,False,False,False,0,1,1,0,False,True,True,1,1,False,False,0,1,0,False,False,0.02,0,True,False,2.241,False,False,False
DOGEUSDT,SELL,24417,2026-06-27 21:45:00,0.0746,6.828,0.416,1.636,360,win,0.402,0.671,-1.529,0,fresh,6.7,True,0.64,False,False,none,False,False,1,4,True,False,False,False,False,False,False,False,0,0,0,0,False,False,False,0,0,False,False,0,0,0,False,False,0.03,0,True,False,2.28,False,False,False
DOGEUSDT,BUY,24777,2026-07-01 15:45:00,0.0733,8.223,2.318,3.409,332,win,0.545,1.227,2.768,0,fresh,42.9,False,0.66,False,False,none,False,False,5,0,True,False,False,False,False,False,False,False,0,0,0,0,False,False,False,0,0,False,False,0,0,0,False,False,0.62,0,True,True,4.091,True,False,False
DOGEUSDT,SELL,25109,2026-07-05 02:45:00,0.0758,0.738,3.574,-3.481,78,lose,0.527,0.923,-2.848,0,fresh,24.6,False,2.46,True,False,none,False,False,0,7,True,False,False,False,False,False,False,False,0,0,0,0,False,False,False,0,0,False,False,0,0,0,False,False,1.14,0,True,False,3.956,True,False,False
DOGEUSDT,BUY,25187,2026-07-05 22:15:00,0.0785,0.421,5.289,-4.499,61,lose,0.51,1.02,2.88,0,fresh,72.7,True,2.67,True,True,bullish,True,False,3,2,True,False,False,False,False,False,False,False,0,0,0,0,False,False,False,0,0,False,False,0,0,0,False,False,2.38,0,True,False,3.824,True,False,False
DOGEUSDT,SELL,25248,2026-07-06 13:30:00,0.0749,5.324,4.524,1.495,337,win,0.534,1.201,-3.283,0,fresh,78.1,True,1.41,False,False,none,False,False,2,5,True,False,False,False,False,False,False,False,0,0,1,1,False,True,True,1,1,False,False,0,0,0,False,False,0.02,1,True,False,1.601,True,False,False
DOGEUSDT,BUY,25585,2026-07-10 01:45:00,0.0738,2.384,1.612,-1.531,185,win,0.406,0.813,2.181,0,fresh,62.7,True,6.9,True,True,bullish,True,False,3,1,True,False,False,False,False,False,False,False,0,0,0,0,False,False,False,0,0,False,False,0,0,0,False,True,11.86,1,True,True,2.71,False,False,False
DOGEUSDT,SELL,25770,2026-07-12 00:00:00,0.0727,2.518,2.036,-1.637,246,win,0.413,0.825,-3.026,0,fresh,69.2,False,2.81,True,True,bearish,True,False,0,6,True,False,False,False,False,False,False,False,0,0,0,0,False,False,False,0,0,False,False,0,0,0,False,False,0.5,1,True,False,0.413,False,False,False
DOGEUSDT,BUY,26016,2026-07-14 13:30:00,0.0739,2.003,1.76,-1.056,183,win,0.406,0.812,2.667,0,fresh,43.8,False,1.6,True,False,none,False,False,3,0,True,False,False,False,False,False,False,False,0,0,0,0,False,False,False,0,1,True,False,0,0,0,False,False,0.34,0,True,False,1.218,False,False,False
DOGEUSDT,SELL,26199,2026-07-16 11:15:00,0.0731,3.01,1.149,-0.068,463,win,0.274,0.684,-1.505,0,fresh,12.0,False,0.33,False,False,none,False,False,0,4,True,False,False,False,False,False,False,False,0,1,0,0,True,False,True,0,1,False,False,0,0,0,False,False,0.19,1,True,False,1.231,False,False,False
DOGEUSDT,BUY,26662,2026-07-21 07:00:00,0.0732,0.984,1.504,-1.025,101,lose,0.273,0.684,1.435,0,fresh,38.5,True,0.49,False,False,none,False,False,2,0,True,False,False,False,False,False,False,False,0,0,0,0,False,False,False,0,0,False,False,0,0,0,False,False,0.41,0,True,False,2.051,False,False,False
DOGEUSDT,SELL,26763,2026-07-22 08:15:00,0.0724,6.008,1.519,2.293,315,win,0.276,0.553,-1.119,0,fresh,7.1,True,0.48,False,False,none,False,False,1,3,True,False,False,False,False,False,False,False,0,0,0,0,False,False,False,0,1,False,False,0,0,0,False,False,1.63,0,True,False,0.691,False,False,False
DOGEUSDT,BUY,27078,2026-07-25 15:00:00,0.0707,4.693,0.198,1.329,206,win,0.283,0.565,2.049,0,fresh,63.5,True,4.6,True,True,bullish,True,False,8,1,True,False,False,False,False,False,False,False,0,0,0,0,False,False,False,0,0,False,False,0,0,0,False,False,1.05,0,True,False,1.131,False,False,False
DOGEUSDT,SELL,27284,2026-07-27 18:30:00,0.0717,5.692,0.698,2.218,519,win,0.419,0.977,-1.995,0,fresh,45.9,False,0.8,False,False,none,False,False,2,4,True,False,False,False,False,False,False,False,0,0,0,0,False,False,False,1,0,True,False,0,0,0,False,False,2.12,1,True,False,1.535,False,False,False
DOGEUSDT,BUY,27803,2026-08-02 04:15:00,0.0701,1.94,1.669,-1.527,112,lose,0.285,0.571,1.427,0,fresh,58.3,True,0.75,False,False,none,False,False,2,0,True,False,False,False,False,False,False,False,0,0,0,0,False,False,False,0,0,False,False,0,0,0,False,False,0.08,0,True,False,1.569,False,False,False
DOGEUSDT,SELL,27915,2026-08-03 08:15:00,0.069,0.072,2.362,-1.898,80,lose,0.29,0.724,-1.855,0,fresh,60.7,False,1.58,True,False,none,False,False,1,3,True,False,False,False,False,False,False,False,0,0,0,0,False,False,False,0,1,False,False,0,0,0,False,False,2.02,0,True,False,1.594,False,False,False
DOGEUSDT,BUY,27995,2026-08-04 04:15:00,0.0703,0.498,1.564,-1.01,191,lose,0.284,0.427,0.739,0,fresh,26.3,True,0.59,False,True,bullish,True,False,2,3,False,True,False,False,False,False,False,False,0,0,0,0,False,False,False,1,1,False,False,0,0,0,False,False,0.22,0,True,False,1.564,False,False,False
DOGEUSDT,SELL,28186,2026-08-06 04:00:00,0.0696,2.083,0.977,-0.747,134,win,0.287,0.431,-0.833,0,fresh,9.1,True,1.96,True,False,none,False,False,0,2,True,False,False,False,False,False,False,False,0,0,0,0,False,False,False,0,0,False,False,0,0,0,False,False,1.95,0,True,False,1.58,False,False,False
DOGEUSDT,BUY,28320,2026-08-07 13:30:00,0.0701,2.053,1.098,-0.428,150,win,0.285,0.57,1.497,0,fresh,53.6,True,1.12,False,False,none,False,False,2,0,True,False,False,False,False,False,False,False,1,0,0,0,True,False,True,1,0,False,False,0,0,0,False,False,0.29,0,True,False,0.713,False,False,False
DOGEUSDT,SELL,28470,2026-08-09 03:00:00,0.0698,0.014,1.575,-1.518,76,lose,0.286,0.43,-1.231,0,fresh,81.2,False,0.84,False,False,none,False,False,0,5,True,False,False,False,False,False,False,False,0,1,0,0,True,False,True,0,1,False,False,0,0,0,False,False,0.29,0,True,False,0.716,False,False,False
DOGEUSDT,BUY,28546,2026-08-09 22:00:00,0.0709,0.071,2.652,-1.707,14,lose,0.141,0.282,0.987,0,fresh,89.5,True,2.31,True,False,none,False,False,1,2,False,True,False,False,False,False,False,False,0,0,0,0,False,False,False,0,0,False,False,0,0,0,False,False,3.93,0,True,False,0.705,False,True,False
DOGEUSDT,SELL,28560,2026-08-10 01:30:00,0.0697,0.474,1.665,-1.578,142,lose,0.43,0.717,-1.435,0,fresh,6.7,True,0.69,False,False,none,False,False,2,3,True,False,False,False,False,False,False,False,0,0,0,0,False,False,False,1,1,False,False,0,0,0,False,False,0.44,0,True,False,0.717,False,False,False
DOGEUSDT,BUY,28702,2026-08-11 13:00:00,0.0708,3.348,1.285,0.085,105,win,0.283,0.424,1.257,0,fresh,55.2,True,2.06,True,False,none,False,False,4,1,True,False,False,False,False,False,False,False,0,0,0,0,False,False,False,0,0,False,False,0,0,0,False,False,2.92,0,True,False,0.706,False,False,False
DOGEUSDT,SELL,28807,2026-08-12 15:15:00,0.0708,2.908,0.127,0.974,440,win,0.423,0.847,-1.355,0,fresh,33.3,True,0.97,False,False,none,False,False,1,3,True,False,False,False,False,False,False,False,0,0,0,0,False,False,False,0,0,False,False,0,0,0,False,False,0.37,0,True,False,0.565,False,False,False
DOGEUSDT,BUY,29247,2026-08-17 05:15:00,0.0702,44.028,0.869,26.938,730,win,0.143,0.428,0.798,0,fresh,22.2,False,0.34,False,False,none,False,False,3,1,True,False,False,False,False,False,False,False,0,0,0,0,False,False,False,0,0,False,False,0,0,0,False,False,0.71,0,True,True,2.423,False,False,False
DOGEUSDT,SELL,29977,2026-08-24 19:45:00,0.0891,0.505,3.054,-2.032,22,lose,0.898,1.797,-4.087,0,fresh,34.1,False,0.28,False,False,none,False,False,2,2,False,False,False,False,False,False,False,False,0,0,0,0,False,False,False,0,1,False,False,0,0,0,False,False,0.19,0,True,False,5.502,True,False,True
ETHUSDT,SELL,19,2025-10-16 18:15:00,3887.38,5.566,1.561,0.063,191,win,1.012,2.023,-4.746,0,fresh,9.4,True,0.53,False,False,none,False,False,2,5,True,False,False,False,False,False,False,False,0,0,0,0,False,False,False,0,1,False,False,0,0,0,False,False,0.8,0,False,False,0.0,True,False,True
ETHUSDT,BUY,210,2025-10-18 18:00:00,3884.95,5.149,1.929,1.973,194,win,0.372,0.744,1.555,0,fresh,50.1,False,0.8,False,False,none,False,False,3,2,True,False,False,False,False,False,False,False,0,0,0,0,False,False,False,0,1,True,False,0,1,0,False,False,0.38,0,True,True,1.437,False,False,False
ETHUSDT,SELL,404,2025-10-20 18:30:00,3961.61,3.115,3.084,-2.999,85,win,0.543,1.085,-2.006,0,fresh,30.1,True,0.38,False,True,bullish,False,True,2,3,True,False,False,False,False,False,False,False,0,1,0,0,True,False,True,0,1,False,False,0,0,0,False,False,0.35,0,True,False,3.786,True,False,False
ETHUSDT,BUY,489,2025-10-21 15:45:00,4080.41,0.686,6.495,-5.207,40,lose,0.796,1.593,5.038,0,fresh,31.3,True,1.16,False,False,none,False,False,4,1,True,False,False,False,False,False,False,False,0,0,0,0,False,False,False,0,0,False,False,0,0,0,False,False,0.0,0,True,False,3.676,True,False,True
ETHUSDT,SELL,529,2025-10-22 01:45:00,3867.95,4.179,0.97,-0.541,128,win,0.685,1.37,-2.684,0,fresh,37.6,True,0.78,False,True,bullish,False,True,1,3,True,False,False,False,False,False,False,False,0,0,0,0,False,False,False,0,0,False,False,0,0,0,False,False,0.83,0,True,True,3.878,True,False,False
ETHUSDT,BUY,657,2025-10-23 09:45:00,3888.88,9.363,2.105,4.636,453,win,0.365,0.73,1.656,0,fresh,61.6,True,0.57,False,True,bullish,True,False,5,0,True,False,False,False,False,False,False,False,1,0,0,0,True,False,True,1,0,False,False,0,0,0,False,False,0.92,0,True,False,1.913,False,False,False
ETHUSDT,SELL,1110,2025-10-28 03:00:00,4069.17,9.62,2.578,5.291,369,win,0.474,0.948,-2.813,0,fresh,77.4,False,1.98,True,False,none,False,False,2,4,True,False,False,False,False,False,False,False,0,0,0,0,False,False,False,0,0,False,False,0,0,0,False,False,0.19,1,True,False,2.619,False,False,False
ETHUSDT,BUY,1479,2025-10-31 23:15:00,3853.87,1.638,1.917,-1.465,206,lose,0.41,0.82,1.179,0,fresh,54.1,True,0.13,False,False,none,False,False,3,3,False,False,False,False,False,False,False,False,0,0,0,0,False,False,False,1,0,False,False,0,0,0,False,False,0.77,0,True,True,5.124,False,False,False
ETHUSDT,SELL,1685,2025-11-03 02:45:00,3797.4,19.55,0.2,9.575,252,win,0.473,0.947,-2.714,0,fresh,17.1,True,1.81,True,False,none,False,False,2,7,True,False,False,False,False,False,False,False,0,0,0,0,False,False,False,1,0,True,False,0,0,0,False,False,0.74,0,True,False,5.2,False,False,False
ETHUSDT,BUY,1937,2025-11-05 17:45:00,3433.78,1.317,5.402,-5.069,91,lose,0.724,1.449,3.963,0,fresh,12.2,True,0.47,False,False,none,False,False,4,0,True,False,False,False,False,False,False,False,0,0,0,0,False,False,False,0,0,False,False,0,0,0,False,False,0.47,0,True,False,2.065,True,False,False
ETHUSDT,SELL,2028,2025-11-06 16:30:00,3259.71,2.049,5.485,-5.121,107,win,0.852,1.704,-5.04,0,fresh,78.8,False,1.87,True,False,none,False,False,2,5,True,False,False,False,False,False,False,False,0,0,0,0,False,False,False,0,0,False,False,0,0,0,False,False,1.13,0,True,False,2.175,True,False,True
ETHUSDT,BUY,2135,2025-11-07 19:15:00,3426.63,1.849,2.14,-1.563,134,lose,0.83,1.659,4.358,0,fresh,52.4,False,0.43,False,False,none,False,False,4,0,True,False,False,False,False,False,False,False,0,0,0,0,False,False,False,0,1,True,False,0,0,0,False,False,0.08,1,True,False,2.432,True,False,True
ETHUSDT,SELL,2269,2025-11-09 04:45:00,3373.08,0.062,5.356,-5.356,38,lose,0.369,0.739,-1.438,0,fresh,13.7,False,0.66,False,False,none,False,False,2,4,True,False,False,False,False,False,False,False,0,0,0,0,False,False,False,0,1,False,False,0,0,0,False,False,0.31,0,True,False,2.47,False,False,False
ETHUSDT,BUY,2307,2025-11-09 14:15:00,3553.74,2.934,1.971,-1.921,196,win,0.549,1.097,4.626,0,fresh,97.9,True,5.66,True,True,bullish,True,False,6,3,True,False,False,False,False,False,False,False,0,0,0,0,False,False,False,0,0,False,False,0,0,0,False,False,1.5,0,True,False,0.4,True,False,False
ETHUSDT,SELL,2503,2025-11-11 15:15:00,3485.46,2.365,2.397,-1.801,82,win,0.659,1.318,-3.306,0,fresh,34.0,False,1.33,False,True,bearish,True,False,2,4,True,False,False,False,False,False,False,False,0,0,0,0,False,False,False,1,0,True,False,1,0,0,False,False,0.16,0,True,False,1.095,True,False,False
ETHUSDT,BUY,2585,2025-11-12 11:45:00,3548.24,1.099,5.023,-4.15,21,lose,0.479,0.959,2.572,0,fresh,64.8,True,0.43,False,False,none,False,False,7,1,True,False,False,False,False,False,False,False,0,0,0,0,False,False,False,0,0,False,False,0,0,0,False,False,0.55,0,True,True,1.076,False,False,False
ETHUSDT,SELL,2606,2025-11-12 17:00:00,3400.98,0.887,4.823,-4.004,59,lose,0.848,1.697,-3.98,0,fresh,14.6,True,0.74,False,False,none,False,False,2,4,True,False,False,False,False,False,False,False,0,1,0,0,True,False,True,1,1,False,False,0,0,0,False,False,0.24,0,True,False,1.123,True,False,True
ETHUSDT,BUY,2665,2025-11-13 07:45:00,3537.16,0.335,5.204,-4.82,34,lose,0.634,1.269,2.626,0,fresh,38.0,False,0.98,False,False,none,False,False,3,0,True,False,False,False,False,False,False,False,0,0,0,0,False,False,False,1,0,False,False,0,0,0,False,False,0.35,0,True,True,1.079,True,False,False
ETHUSDT,SELL,2699,2025-11-13 16:15:00,3366.66,12.575,0.64,6.228,489,win,0.873,1.747,-4.499,0,fresh,56.0,False,1.45,False,False,none,False,False,1,5,True,False,False,False,False,False,False,False,0,0,0,0,False,False,False,0,0,False,False,0,0,0,False,False,1.1,0,True,False,1.134,True,False,True
ETHUSDT,BUY,3188,2025-11-18 18:30:00,3157.0,0.389,5.285,-4.018,47,lose,0.757,1.514,3.592,0,fresh,87.9,True,0.43,False,True,bullish,True,False,4,0,True,False,False,False,False,False,False,False,0,0,0,0,False,False,False,0,0,False,False,0,0,0,False,False,0.82,0,True,True,3.448,True,False,True
ETHUSDT,SELL,3235,2025-11-19 06:15:00,3030.15,13.536,2.733,7.044,368,win,0.602,1.203,-2.555,0,fresh,13.7,True,0.88,False,False,none,False,False,1,6,True,False,False,False,False,False,False,False,0,1,0,0,True,False,True,0,1,False,False,0,0,0,False,False,1.11,0,True,False,3.592,True,False,False
ETHUSDT,BUY,3603,2025-11-23 02:15:00,2816.7,10.022,1.964,6.271,615,win,0.486,0.972,2.846,0,fresh,43.2,True,1.47,False,False,none,False,False,5,0,True,False,False,False,False,False,False,False,0,0,0,0,False,False,False,0,0,False,False,0,0,0,False,False,0.05,0,True,False,1.179,False,False,False
ETHUSDT,SELL,4218,2025-11-29 12:00:00,2993.33,1.113,1.967,-1.447,107,lose,0.266,0.532,-1.358,0,fresh,75.0,False,1.49,False,True,bearish,True,False,0,3,True,False,False,False,False,False,False,False,0,1,0,0,True,False,True,0,1,False,False,0,0,0,False,False,0.5,0,True,False,2.305,False,False,False
ETHUSDT,BUY,4325,2025-11-30 14:45:00,3036.64,0.389,5.232,-4.771,38,lose,0.324,0.648,1.351,0,fresh,79.4,True,0.81,False,False,none,False,False,3,1,True,False,False,False,False,False,False,False,0,0,0,0,False,False,False,1,0,False,False,1,0,0,False,False,0.3,0,True,True,2.807,False,False,False
ETHUSDT,SELL,4363,2025-12-01 00:15:00,2891.77,6.007,0.111,0.2,153,win,0.666,1.333,-5.159,0,fresh,51.3,False,4.62,True,True,bearish,True,False,0,7,True,False,False,False,False,False,False,False,0,0,0,0,False,False,False,0,0,False,False,0,0,0,False,False,0.21,0,True,False,2.948,True,False,False
ETHUSDT,BUY,4516,2025-12-02 14:30:00,2885.99,12.241,0.128,7.499,289,win,0.501,1.002,3.28,0,fresh,73.8,True,3.26,True,True,bullish,True,False,6,0,True,False,False,False,False,False,False,False,0,0,0,0,False,False,False,0,0,False,False,0,0,0,False,False,0.94,0,True,False,1.172,True,False,False
ETHUSDT,SELL,4805,2025-12-05 14:45:00,3102.42,6.404,1.759,-0.857,209,win,0.587,1.174,-2.35,0,fresh,44.2,True,1.33,False,False,none,False,False,1,1,False,False,False,False,False,False,False,False,0,0,0,0,False,False,False,0,0,False,False,0,0,0,False,False,0.24,1,True,False,0.818,True,False,False
ETHUSDT,BUY,5014,2025-12-07 19:00:00,3129.02,10.134,3.804,2.581,319,win,0.767,1.533,3.832,0,fresh,8.7,True,0.32,False,False,none,False,False,3,1,True,False,False,False,False,False,False,False,1,0,0,0,True,False,True,1,1,False,False,0,1,0,False,False,0.3,1,True,False,3.971,True,False,True
ETHUSDT,SELL,5333,2025-12-11 02:45:00,3209.79,5.835,1.952,1.595,418,win,0.737,1.475,-3.976,0,fresh,70.4,False,1.1,False,False,none,False,False,0,6,True,False,False,False,False,False,False,False,0,0,0,0,False,False,False,0,0,False,False,0,0,0,False,False,0.06,0,True,False,0.873,True,False,False
ETHUSDT,BUY,5751,2025-12-15 11:15:00,3158.6,0.013,5.496,-4.647,17,lose,0.348,0.696,1.767,0,fresh,44.7,True,0.46,False,False,none,False,False,3,0,True,False,False,False,False,False,False,False,0,0,0,0,False,False,False,1,0,False,False,1,0,0,False,False,0.45,1,True,False,0.282,False,False,False
ETHUSDT,SELL,5768,2025-12-15 15:30:00,3011.82,7.381,0.604,2.565,282,win,0.778,1.556,-4.517,0,fresh,41.3,True,1.92,True,False,none,False,False,0,2,True,False,False,False,False,False,False,False,0,0,0,0,False,False,False,1,0,True,False,1,0,0,False,False,0.39,0,True,False,0.296,True,False,True
ETHUSDT,BUY,6050,2025-12-18 14:00:00,2934.57,4.887,5.507,1.972,418,win,0.687,1.375,3.404,0,fresh,46.0,False,3.77,True,False,none,False,False,5,1,True,False,False,False,False,False,False,False,0,0,0,0,False,False,False,0,0,False,False,0,0,0,False,False,0.12,0,True,True,1.173,True,False,False
ETHUSDT,SELL,6468,2025-12-22 22:30:00,2992.43,3.532,1.423,0.446,320,win,0.445,0.889,-1.231,0,fresh,17.8,True,0.35,False,False,none,False,False,1,2,True,False,False,False,False,False,False,False,0,1,0,0,True,False,True,0,1,False,False,0,0,0,False,False,0.58,0,True,False,1.823,False,False,False
ETHUSDT,BUY,6788,2025-12-26 06:30:00,2979.08,0.463,2.889,-2.374,41,lose,0.325,0.65,1.741,0,fresh,40.3,True,0.44,False,False,none,False,False,5,2,True,False,False,False,False,False,False,False,0,0,0,0,False,False,False,1,0,False,False,0,0,0,False,False,0.37,0,True,False,2.519,False,False,False
ETHUSDT,SELL,6829,2025-12-26 16:45:00,2908.36,0.075,1.77,-1.156,168,lose,0.432,0.865,-2.06,0,fresh,69.9,False,0.66,False,False,none,False,False,1,3,True,False,False,False,False,False,False,False,0,0,0,0,False,False,False,0,1,False,False,0,0,0,False,False,0.74,0,True,True,2.58,False,False,False
ETHUSDT,BUY,6997,2025-12-28 10:45:00,2941.99,3.875,1.031,-0.789,101,win,0.163,0.326,0.51,0,fresh,58.3,True,0.83,False,False,none,False,False,3,2,True,False,False,False,False,False,False,False,0,0,0,0,False,False,False,0,0,False,False,0,0,0,False,False,0.07,0,True,True,2.551,False,False,False
ETHUSDT,SELL,7098,2025-12-29 12:00:00,2918.77,0.349,3.08,-2.458,113,lose,0.475,0.949,-3.074,0,fresh,84.4,False,4.29,True,True,bearish,True,False,1,5,True,False,False,False,False,False,False,False,0,0,0,0,False,False,False,0,0,False,False,0,0,0,False,False,5.58,0,True,True,2.571,False,False,False
ETHUSDT,BUY,7211,2025-12-30 16:15:00,2990.5,10.617,1.646,7.487,752,win,0.477,0.954,1.841,0,fresh,70.4,True,0.9,False,False,none,False,False,1,1,False,False,False,False,False,False,False,False,0,0,0,0,False,False,False,1,0,False,False,1,0,0,False,False,0.01,0,True,True,3.887,False,False,False
ETHUSDT,SELL,7963,2026-01-07 12:15:00,3214.4,5.039,0.423,3.128,387,win,0.314,0.627,-1.377,0,fresh,10.6,True,0.28,False,False,none,False,False,1,4,True,False,False,False,False,False,False,False,0,0,0,0,False,False,False,0,0,False,False,0,0,0,False,False,1.58,1,True,False,1.862,False,False,False
ETHUSDT,BUY,8350,2026-01-11 13:00:00,3113.84,1.832,1.686,-0.44,151,lose,0.128,0.255,0.761,0,fresh,36.9,True,1.13,False,False,none,False,False,4,0,True,False,False,False,False,False,False,False,0,0,0,0,False,False,False,0,0,False,False,0,0,0,False,False,1.2,0,True,False,0.142,False,True,False
ETHUSDT,SELL,8501,2026-01-13 02:45:00,3100.13,0.01,2.837,-2.677,52,lose,0.299,0.598,-1.007,0,fresh,34.6,True,0.39,False,False,none,False,False,2,2,False,False,False,False,False,False,False,False,0,0,0,0,False,False,False,0,1,False,False,0,0,0,False,False,0.91,1,True,True,1.591,False,False,False
ETHUSDT,BUY,8553,2026-01-13 15:45:00,3183.11,6.932,0.405,3.562,242,win,0.457,0.915,2.554,0,fresh,63.0,True,3.39,True,True,bullish,True,False,3,0,True,False,False,False,False,False,False,False,0,0,0,0,False,False,False,0,0,False,False,0,0,0,False,False,0.2,1,True,False,0.963,False,False,False
ETHUSDT,SELL,8795,2026-01-16 04:15:00,3296.49,1.367,0.948,-0.928,141,lose,0.284,0.567,-1.078,0,fresh,10.3,False,1.05,False,False,none,False,False,2,5,True,False,False,False,False,False,False,False,0,0,0,0,False,False,False,1,0,True,False,1,0,0,False,False,0.62,0,True,True,5.313,False,False,False
ETHUSDT,BUY,8936,2026-01-17 15:30:00,3327.08,1.229,4.571,-3.738,131,lose,0.161,0.323,1.109,0,fresh,89.4,True,3.32,True,False,none,False,False,5,1,True,False,False,False,False,False,False,False,0,0,0,0,False,False,False,0,0,False,False,0,0,0,False,False,0.24,0,True,True,5.264,False,False,False
ETHUSDT,SELL,9067,2026-01-19 00:15:00,3202.7,13.069,0.999,8.085,731,win,0.594,1.188,-4.541,0,fresh,27.6,False,6.5,True,False,none,False,False,1,5,True,False,False,False,False,False,False,False,0,1,0,0,True,False,True,0,1,False,False,0,0,0,False,False,0.01,1,True,False,5.468,True,False,False
ETHUSDT,BUY,9798,2026-01-26 15:00:00,2943.77,3.439,1.999,0.393,254,win,0.563,1.126,3.032,0,fresh,60.5,True,2.78,True,False,none,False,False,3,2,True,False,False,False,False,False,False,False,0,0,0,0,False,False,False,0,1,True,False,0,1,0,False,False,0.2,1,True,True,3.949,True,False,False
ETHUSDT,SELL,10052,2026-01-29 06:30:00,2955.33,41.258,0.463,30.925,810,win,0.364,0.728,-1.55,0,fresh,6.6,False,0.31,False,False,none,False,False,2,2,False,False,False,False,False,False,False,False,0,1,0,0,True,False,True,0,1,False,False,0,0,0,False,False,0.43,1,True,True,4.688,False,False,False
ETHUSDT,BUY,10862,2026-02-06 17:00:00,2041.4,5.418,2.354,-0.706,261,win,1.182,2.363,6.298,0,fresh,24.7,True,0.99,False,False,none,False,False,3,0,True,False,False,False,False,False,False,False,0,0,0,0,False,False,False,0,0,False,False,0,0,0,False,False,0.14,0,True,False,5.024,True,False,True
ETHUSDT,SELL,11123,2026-02-09 10:15:00,2026.98,0.936,5.715,-4.828,35,lose,0.596,1.191,-3.322,0,fresh,67.5,False,1.96,True,True,bearish,True,False,0,5,True,False,False,False,False,False,False,False,0,0,0,0,False,False,False,0,0,False,False,0,0,0,False,False,1.94,0,True,True,5.723,True,False,False
ETHUSDT,BUY,11158,2026-02-09 19:00:00,2124.85,1.089,6.061,-5.397,48,lose,0.938,1.877,4.224,0,fresh,56.0,False,0.33,False,False,none,False,False,3,0,True,False,False,False,False,False,False,False,0,1,0,0,False,False,True,0,1,True,False,0,0,0,False,False,0.21,0,True,True,5.459,True,False,True
ETHUSDT,SELL,11206,2026-02-10 07:00:00,2010.18,5.791,1.787,-1.42,321,win,0.712,1.425,-4.282,0,fresh,18.1,True,1.61,True,False,none,False,False,0,7,True,False,False,False,False,False,False,False,0,0,0,0,False,False,False,0,0,False,False,0,0,0,False,False,0.66,1,True,True,5.771,True,False,False
ETHUSDT,BUY,11527,2026-02-13 15:15:00,2038.73,3.35,2.292,-1.841,186,win,0.716,1.433,5.193,0,fresh,70.8,True,2.56,True,True,bullish,True,False,4,0,True,False,False,False,False,False,False,False,0,0,0,0,False,False,False,0,0,False,False,0,0,0,False,False,0.19,0,True,False,0.379,True,False,False
ETHUSDT,SELL,11713,2026-02-15 13:45:00,2001.2,3.716,1.852,-1.404,266,win,0.666,1.333,-3.997,0,fresh,26.3,False,2.38,True,False,none,False,False,1,2,True,False,False,False,False,False,False,False,0,0,0,0,False,False,False,0,0,False,False,0,0,0,False,False,0.04,1,True,False,2.554,True,False,False
ETHUSDT,BUY,11979,2026-02-18 08:15:00,2029.29,0.035,4.06,-3.84,42,lose,0.417,0.835,2.544,0,fresh,53.1,True,4.91,True,False,none,False,False,5,1,True,False,False,False,False,False,False,False,0,0,0,0,False,False,False,1,0,False,False,0,0,0,False,False,3.32,0,True,False,1.5,False,False,False
ETHUSDT,SELL,12021,2026-02-18 18:45:00,1951.37,2.351,1.821,-1.123,256,win,0.657,1.315,-3.016,0,fresh,1.8,True,1.38,False,False,none,False,False,1,1,False,False,False,False,False,False,False,False,0,0,0,0,False,False,False,0,0,False,False,0,0,0,False,False,0.14,1,True,True,1.893,True,False,False
ETHUSDT,BUY,12277,2026-02-21 10:45:00,1973.29,1.183,1.574,-1.355,111,lose,0.195,0.391,1.016,0,fresh,28.0,False,0.44,False,False,none,False,False,4,1,True,False,False,False,False,False,False,False,0,0,0,0,False,False,False,0,0,False,False,0,0,0,False,False,0.28,0,True,False,2.416,False,False,False
ETHUSDT,SELL,12388,2026-02-22 14:30:00,1946.55,7.734,0.691,0.649,238,win,0.313,0.626,-1.725,0,fresh,34.8,False,1.04,False,False,none,False,False,3,3,False,False,False,False,False,False,False,False,0,0,0,0,False,False,False,0,0,False,False,0,0,0,False,False,0.07,0,True,True,2.449,False,False,False
ETHUSDT,BUY,12626,2026-02-25 02:00:00,1933.91,11.171,2.94,2.768,159,win,0.702,1.405,4.943,0,fresh,58.0,True,3.27,True,True,bullish,True,False,3,2,True,False,False,False,False,False,False,False,0,0,0,0,False,False,False,0,0,False,False,0,0,0,False,False,0.36,1,True,False,3.954,True,False,False
ETHUSDT,SELL,12785,2026-02-26 17:45:00,1987.44,7.717,3.838,1.47,207,win,0.774,1.547,-3.698,0,fresh,5.8,True,0.43,False,False,none,False,False,0,4,True,False,False,False,False,False,False,False,0,0,0,0,False,False,False,0,0,False,False,0,0,0,False,False,0.11,1,True,False,4.914,True,False,True
ETHUSDT,BUY,12992,2026-02-28 21:30:00,1958.23,4.925,2.672,-0.686,98,win,0.824,1.648,3.693,0,fresh,47.9,True,1.07,False,False,none,False,False,2,0,True,False,False,False,False,False,False,False,0,0,0,0,False,False,False,0,0,False,False,0,0,0,False,False,1.02,0,True,False,2.028,True,False,True
ETHUSDT,SELL,13090,2026-03-01 22:00:00,1944.79,1.614,6.761,-6.406,72,lose,0.864,1.728,-2.651,0,fresh,34.6,True,2.05,True,False,none,False,False,2,5,True,False,False,False,False,False,False,False,0,0,0,0,False,False,False,0,1,False,False,0,1,0,False,False,7.11,0,True,False,3.419,True,False,True
ETHUSDT,BUY,13162,2026-03-02 16:00:00,2069.37,0.949,6.348,-5.945,72,lose,1.043,2.087,6.596,0,fresh,67.2,True,1.79,True,False,none,False,False,4,2,True,False,False,False,False,False,False,False,0,0,0,0,False,False,False,0,0,False,False,0,0,0,False,False,0.0,1,True,False,0.788,True,False,True
ETHUSDT,SELL,13234,2026-03-03 10:00:00,1946.35,1.029,6.867,-6.632,93,lose,0.638,1.275,-3.468,0,fresh,48.4,False,0.53,False,False,none,False,False,0,4,True,False,False,False,False,False,False,False,0,0,0,0,False,False,False,0,0,False,False,0,0,0,False,False,0.27,0,True,True,0.837,True,False,False
ETHUSDT,BUY,13327,2026-03-04 09:15:00,2075.44,5.976,1.939,-0.175,156,win,0.735,1.47,5.182,0,fresh,53.6,True,2.34,True,False,none,False,False,7,1,True,False,False,False,False,False,False,False,0,0,0,0,False,False,False,0,0,False,False,0,0,0,False,False,0.08,0,True,False,0.785,True,False,False
ETHUSDT,SELL,13483,2026-03-06 00:15:00,2071.8,7.972,0.994,2.744,325,win,0.492,0.984,-2.146,0,fresh,91.6,False,0.54,False,False,none,False,False,1,2,True,False,False,False,False,False,False,False,0,0,0,0,False,False,False,1,0,True,False,1,0,0,False,False,0.41,0,True,False,1.709,False,False,False
ETHUSDT,BUY,13808,2026-03-09 09:30:00,2014.94,9.655,1.734,3.162,471,win,0.644,1.287,3.543,0,fresh,50.7,True,2.27,True,False,none,False,False,4,5,False,True,False,False,False,False,False,False,0,0,0,0,False,False,False,0,0,False,False,0,0,0,False,False,4.13,0,True,False,4.504,True,False,False
ETHUSDT,SELL,14279,2026-03-14 07:15:00,2078.66,0.893,1.813,-1.431,88,lose,0.324,0.648,-1.711,0,fresh,15.9,True,0.48,False,False,none,False,False,1,4,True,False,False,False,False,False,False,False,0,0,0,0,False,False,False,1,0,True,False,1,0,0,False,False,0.3,0,True,False,1.098,False,False,False
ETHUSDT,BUY,14367,2026-03-15 05:15:00,2108.4,13.156,1.105,7.31,316,win,0.297,0.594,1.462,0,fresh,38.5,True,3.71,True,True,bullish,True,False,5,2,True,False,False,False,False,False,False,False,0,0,0,0,False,False,False,0,0,False,False,0,0,0,False,True,11.61,1,True,True,1.671,False,False,False
ETHUSDT,SELL,14683,2026-03-18 12:15:00,2262.53,10.65,0.0,5.231,481,win,0.498,0.997,-3.037,0,fresh,41.5,True,1.18,False,False,none,False,False,1,4,True,False,False,False,False,False,False,False,0,0,0,0,False,False,False,0,0,False,False,0,0,0,False,False,0.33,1,True,False,0.861,False,False,False
ETHUSDT,BUY,15164,2026-03-23 12:30:00,2144.18,2.608,1.967,-1.095,265,win,1.104,2.208,4.822,0,fresh,72.0,True,0.75,False,True,bullish,True,False,5,2,True,False,False,False,False,False,False,False,0,0,0,0,False,False,False,1,0,False,False,1,0,0,False,False,0.01,1,True,True,8.041,True,False,True
ETHUSDT,SELL,15429,2026-03-26 06:45:00,2120.71,7.286,0.261,4.409,227,win,0.386,0.773,-2.127,0,fresh,36.6,True,0.53,False,False,none,False,False,0,7,True,False,False,False,False,False,False,False,0,0,0,0,False,False,False,0,0,False,False,0,0,0,False,False,0.2,1,True,True,8.13,False,False,False
ETHUSDT,BUY,15656,2026-03-28 15:30:00,2027.21,0.087,1.926,-1.595,77,lose,0.417,0.833,1.712,0,fresh,0.8,True,0.94,False,False,none,False,False,2,0,True,False,False,False,False,False,False,False,0,0,0,1,False,False,True,1,1,False,False,0,0,0,False,False,0.22,1,True,True,9.737,False,False,False
ETHUSDT,SELL,15733,2026-03-29 10:45:00,1994.88,2.924,2.855,-2.563,70,win,0.219,0.437,-0.927,0,fresh,1.4,False,0.79,False,False,none,False,False,1,2,True,False,False,False,False,False,False,False,0,0,0,0,False,False,False,0,0,False,False,0,0,0,False,False,0.26,0,True,False,9.894,False,False,False
ETHUSDT,BUY,15803,2026-03-30 04:15:00,2046.0,5.924,1.698,0.341,285,win,0.581,1.163,2.767,0,fresh,24.5,True,1.03,False,False,none,False,False,3,0,True,False,False,False,False,False,False,False,0,0,0,0,False,False,False,0,0,False,False,0,0,0,False,False,0.01,0,True,False,1.309,True,False,False
ETHUSDT,SELL,16088,2026-04-02 03:30:00,2052.97,1.823,1.512,-0.558,273,lose,0.741,1.482,-4.198,0,fresh,65.8,False,2.36,True,True,bearish,True,False,1,6,True,False,False,False,False,False,False,False,0,0,0,0,False,False,False,0,0,False,False,0,0,0,False,False,2.61,0,True,False,1.39,True,False,False
ETHUSDT,BUY,16361,2026-04-04 23:45:00,2064.43,0.008,1.846,-1.425,31,lose,0.187,0.375,0.726,0,fresh,30.5,True,0.68,False,False,none,False,False,2,2,False,False,False,False,False,False,False,False,0,0,1,0,False,True,True,1,0,False,False,0,0,0,False,False,1.93,1,True,True,1.447,False,False,False
ETHUSDT,SELL,16392,2026-04-05 07:30:00,2035.02,0.708,3.035,-3.016,62,lose,0.23,0.46,-1.23,0,fresh,63.5,False,1.03,False,True,bearish,True,False,1,5,True,False,False,False,False,False,False,False,0,0,0,0,False,False,False,0,0,False,False,0,0,0,False,False,0.05,0,True,False,1.468,False,False,False
ETHUSDT,BUY,16454,2026-04-05 23:00:00,2096.4,3.721,0.482,0.553,114,win,0.435,0.871,2.863,0,fresh,72.3,True,3.57,True,True,bullish,True,False,7,3,True,False,False,False,False,False,False,False,0,0,0,0,False,False,False,0,0,False,False,0,0,0,False,False,0.13,0,True,False,0.775,False,False,False
ETHUSDT,SELL,16568,2026-04-07 03:30:00,2107.99,2.371,3.976,-3.274,76,win,0.409,0.818,-1.408,0,fresh,0.4,True,0.21,False,False,none,False,False,3,4,True,False,False,False,False,False,False,False,0,1,0,0,True,False,True,0,1,False,False,0,0,0,False,False,0.55,0,True,False,0.77,False,False,False
ETHUSDT,BUY,16644,2026-04-07 22:30:00,2177.01,4.409,0.781,0.136,133,win,0.651,1.301,4.052,0,fresh,55.5,True,4.68,True,True,bullish,True,False,7,1,True,False,False,False,False,False,False,False,0,0,0,0,False,False,False,0,0,False,False,0,0,0,False,False,3.29,1,True,False,1.441,True,False,False
ETHUSDT,SELL,16777,2026-04-09 07:45:00,2179.97,1.1,3.036,-1.911,120,lose,0.271,0.541,-1.235,0,fresh,27.5,False,0.61,False,False,none,False,False,2,1,False,True,False,False,False,False,False,False,0,0,0,0,False,False,False,0,0,False,False,0,0,0,False,False,0.2,0,True,False,1.439,False,False,False
ETHUSDT,BUY,16897,2026-04-10 13:45:00,2221.64,4.877,0.726,0.028,148,win,0.387,0.774,1.509,0,fresh,59.2,True,1.08,False,False,none,False,False,5,0,True,False,False,False,False,False,False,False,0,0,0,0,False,False,False,0,0,False,False,0,0,0,False,False,0.28,0,True,True,1.293,False,False,False
ETHUSDT,SELL,17045,2026-04-12 02:45:00,2222.26,2.217,1.023,-0.832,162,win,0.571,1.141,-2.82,0,fresh,67.1,False,0.41,False,False,none,False,False,0,3,True,False,False,False,False,False,False,False,0,0,0,0,False,False,False,0,0,False,False,0,0,0,False,False,0.01,1,True,True,2.927,True,False,False
ETHUSDT,BUY,17207,2026-04-13 19:15:00,2240.74,7.839,0.056,3.703,126,win,0.512,1.024,2.478,0,fresh,76.3,True,1.47,False,True,bullish,True,False,5,3,True,False,False,False,False,False,False,False,0,0,0,0,False,False,False,0,0,False,False,0,0,0,False,False,3.48,0,True,False,0.872,True,False,False
ETHUSDT,SELL,17333,2026-04-15 02:45:00,2323.71,0.728,2.623,-1.288,91,lose,0.402,0.804,-1.266,0,fresh,42.7,True,0.63,False,False,none,False,False,1,2,True,False,False,False,False,False,False,False,1,0,0,0,False,False,True,1,0,True,False,0,0,0,False,False,0.81,0,True,False,1.976,False,False,False
ETHUSDT,BUY,17424,2026-04-16 01:30:00,2353.64,4.683,3.014,0.89,225,win,0.419,0.839,1.273,0,fresh,65.2,True,0.38,False,False,none,False,False,2,3,False,True,False,False,False,False,False,False,0,1,0,0,False,False,True,0,1,True,False,0,0,0,False,False,0.24,0,True,False,0.53,False,False,False
ETHUSDT,SELL,17649,2026-04-18 09:45:00,2374.59,5.208,0.003,1.856,233,win,0.32,0.639,-1.671,0,fresh,14.9,False,0.52,False,False,none,False,False,0,4,True,False,False,False,False,False,False,False,0,0,0,0,False,False,False,0,0,False,False,0,0,0,False,False,0.09,1,True,False,1.73,False,False,False
ETHUSDT,BUY,17882,2026-04-20 20:00:00,2330.51,3.969,2.132,0.391,223,win,0.476,0.952,1.97,0,fresh,2.1,True,0.46,False,False,none,False,False,3,0,True,False,False,False,False,False,False,False,0,0,0,0,False,False,False,0,1,True,False,0,0,0,False,False,0.36,0,True,False,0.681,False,False,False
ETHUSDT,SELL,18105,2026-04-23 03:45:00,2339.62,2.407,0.774,0.333,305,win,0.441,0.882,-2.171,0,fresh,33.6,True,0.75,False,False,none,False,False,0,4,True,False,False,False,False,False,False,False,0,0,0,0,False,False,False,0,0,False,False,0,0,0,False,False,0.42,0,True,False,1.343,False,False,False
ETHUSDT,BUY,18410,2026-04-26 08:00:00,2331.82,3.095,0.932,-0.533,91,win,0.175,0.35,0.83,0,fresh,43.5,True,1.12,False,False,none,False,False,4,2,True,False,False,False,False,False,False,False,0,0,0,0,False,False,False,0,1,True,False,0,0,0,False,False,2.26,1,True,False,0.707,False,False,False
ETHUSDT,SELL,18501,2026-04-27 06:45:00,2319.4,2.732,0.981,-0.269,187,win,0.455,0.91,-2.137,0,fresh,29.4,True,0.5,False,False,none,False,False,0,6,True,False,False,False,False,False,False,False,0,0,0,0,False,False,False,0,0,False,False,0,0,0,False,False,0.59,0,True,False,0.862,False,False,False
ETHUSDT,BUY,18688,2026-04-29 05:30:00,2325.64,0.896,2.794,-2.555,45,lose,0.33,0.66,1.785,0,fresh,7.6,False,0.36,False,False,none,False,False,7,3,True,False,False,False,False,False,False,False,0,0,0,1,False,False,True,0,1,True,False,0,0,0,False,False,0.13,0,True,False,0.909,False,False,False
ETHUSDT,SELL,18733,2026-04-29 16:45:00,2266.22,2.091,1.27,-0.735,147,win,0.446,0.892,-2.334,0,fresh,13.5,False,0.41,False,False,none,False,False,0,6,True,False,False,False,False,False,False,False,0,0,0,0,False,False,False,0,0,False,False,0,0,0,False,False,0.5,0,True,True,0.932,False,False,False
ETHUSDT,BUY,18880,2026-05-01 05:30:00,2282.87,6.117,0.537,2.873,530,win,0.242,0.484,1.093,0,fresh,84.0,True,0.25,False,False,none,False,False,3,0,True,False,False,False,False,False,False,False,0,0,0,0,False,False,False,0,0,False,False,0,0,0,False,False,0.08,1,True,True,3.036,False,False,False
ETHUSDT,SELL,19410,2026-05-06 18:00:00,2348.46,3.621,0.322,1.457,231,win,0.42,0.839,-1.871,0,fresh,0.7,True,1.56,True,False,none,False,False,0,4,True,False,False,False,False,False,False,False,0,0,0,0,False,False,False,0,0,False,False,0,0,0,False,False,3.14,0,True,True,2.715,False,False,False
ETHUSDT,BUY,19641,2026-05-09 03:45:00,2314.24,2.923,0.92,-0.289,279,win,0.195,0.39,0.816,0,fresh,49.7,True,1.0,False,False,none,False,False,1,2,False,True,False,False,False,False,False,False,0,0,0,0,False,False,False,0,1,True,False,0,1,0,False,False,0.71,0,True,True,2.756,False,False,False
ETHUSDT,SELL,19920,2026-05-12 01:30:00,2307.55,2.271,0.62,-0.421,127,win,0.332,0.664,-1.761,0,fresh,50.1,False,9.07,True,True,bearish,True,False,0,5,True,False,False,False,False,False,False,False,0,0,0,0,False,False,False,1,0,True,False,1,0,0,False,False,5.94,0,True,True,3.091,False,False,False
ETHUSDT,BUY,20047,2026-05-13 09:15:00,2317.27,0.233,2.989,-2.194,22,lose,0.24,0.479,1.348,0,fresh,29.2,False,1.54,True,False,none,False,False,4,2,True,False,False,False,False,False,False,False,0,0,0,0,False,False,False,0,0,False,False,0,0,0,False,False,0.41,0,True,True,3.078,False,False,False
ETHUSDT,SELL,20069,2026-05-13 14:45:00,2266.43,1.475,2.267,-2.149,104,lose,0.401,0.803,-1.777,0,fresh,30.5,True,0.41,False,False,none,False,False,0,6,True,False,False,False,False,False,False,False,0,0,0,0,False,False,False,0,0,False,False,0,0,0,False,False,0.06,0,True,False,3.147,False,False,False
ETHUSDT,BUY,20173,2026-05-14 16:45:00,2315.13,0.15,3.407,-2.684,62,lose,0.469,0.937,2.654,0,fresh,22.1,True,1.91,True,False,none,False,False,6,0,True,False,False,False,False,False,False,False,0,0,0,1,False,False,True,0,1,True,False,0,0,0,False,False,0.94,0,True,False,0.6,False,False,False
ETHUSDT,SELL,20235,2026-05-15 08:15:00,2253.0,7.933,0.47,5.047,527,win,0.33,0.661,-1.561,0,fresh,78.1,False,0.82,False,False,none,False,False,4,3,False,True,False,False,False,False,False,False,0,0,0,0,False,False,False,0,0,False,False,0,0,0,False,False,0.14,1,True,True,1.194,False,False,False
ETHUSDT,BUY,20762,2026-05-20 20:00:00,2139.28,0.828,1.672,-1.566,70,lose,0.312,0.623,1.191,0,fresh,21.2,True,0.31,False,False,none,False,False,2,3,False,True,False,False,False,False,False,False,0,0,0,0,False,False,False,1,0,False,False,0,0,0,False,False,0.79,0,True,False,0.864,False,False,False
ETHUSDT,SELL,20832,2026-05-21 13:30:00,2105.78,4.691,2.232,1.299,215,win,0.289,0.578,-1.45,0,fresh,83.2,False,3.01,True,False,none,False,False,1,2,True,False,False,False,False,False,False,False,0,0,0,0,False,False,False,0,1,False,False,0,0,0,False,True,21.11,1,True,True,1.299,False,False,False
ETHUSDT,BUY,21047,2026-05-23 19:15:00,2078.42,3.437,0.826,0.298,223,win,0.326,0.652,1.64,0,fresh,68.7,True,0.94,False,True,bullish,True,False,4,1,True,False,False,False,False,False,False,False,0,0,0,0,False,False,False,0,0,False,False,0,0,0,False,False,0.6,0,True,False,2.394,False,False,False
ETHUSDT,SELL,21270,2026-05-26 03:00:00,2084.61,5.715,2.641,2.068,344,win,0.311,0.622,-1.599,0,fresh,72.8,False,0.48,False,False,none,False,False,1,3,True,False,False,False,False,False,False,False,0,1,0,0,True,False,True,0,1,False,False,0,0,0,False,False,0.5,0,True,False,0.343,False,False,False
ETHUSDT,BUY,21614,2026-05-29 17:00:00,2041.51,0.107,1.993,-1.735,189,lose,0.555,1.11,2.587,0,fresh,18.7,True,0.48,False,False,none,False,False,3,0,True,False,False,False,False,False,False,False,0,0,0,0,False,False,False,1,1,False,False,0,0,0,False,False,0.14,0,True,True,2.209,True,False,False
ETHUSDT,SELL,21803,2026-05-31 16:15:00,2006.09,25.048,0.807,20.272,631,win,0.251,0.501,-1.146,0,fresh,0.5,True,1.46,False,False,none,False,False,0,4,True,False,False,False,False,False,False,False,0,0,0,0,False,False,False,0,0,False,False,0,0,0,False,False,0.16,0,True,False,2.248,False,False,False
ETHUSDT,BUY,22434,2026-06-07 06:00:00,1599.41,7.638,0.109,1.774,234,win,0.503,1.007,2.05,0,fresh,57.8,False,0.64,False,False,none,False,False,3,2,True,False,False,False,False,False,False,False,0,0,0,0,False,False,False,0,0,False,False,0,0,0,False,False,0.41,1,True,False,1.482,True,False,False
ETHUSDT,SELL,22668,2026-06-09 16:30:00,1627.79,1.581,4.029,-3.217,199,lose,0.689,1.378,-3.471,0,fresh,8.5,False,2.54,True,False,none,False,False,1,3,True,False,False,False,False,False,False,False,0,1,0,0,True,False,True,0,1,False,False,0,0,0,False,False,1.69,0,True,True,7.13,True,False,False
ETHUSDT,BUY,22867,2026-06-11 18:15:00,1680.16,1.068,1.725,-1.158,282,lose,0.685,1.37,3.123,0,fresh,23.7,False,1.19,False,False,none,False,False,2,0,True,False,False,False,False,False,False,False,0,0,0,0,False,False,False,1,1,False,False,1,0,0,False,False,0.16,0,True,True,6.908,True,False,False
ETHUSDT,SELL,23149,2026-06-14 16:45:00,1660.7,0.158,4.293,-3.444,20,lose,0.246,0.491,-1.053,0,fresh,73.1,False,1.44,False,True,bearish,True,False,3,4,True,False,False,False,False,False,False,False,0,0,0,0,False,False,False,0,1,False,False,0,0,0,False,False,2.36,1,True,True,6.989,False,False,False
ETHUSDT,BUY,23169,2026-06-14 21:45:00,1717.9,7.619,0.55,2.536,125,win,0.494,0.988,3.306,0,fresh,13.4,True,2.87,True,False,none,False,False,5,1,True,False,False,False,False,False,False,False,1,0,0,0,True,False,True,1,0,False,False,0,0,0,False,False,0.04,1,True,False,6.756,False,False,False
ETHUSDT,SELL,23294,2026-06-16 05:00:00,1761.46,5.16,4.433,1.963,391,win,0.439,0.878,-2.453,0,fresh,31.1,True,1.44,False,False,none,False,False,1,6,True,False,False,False,False,False,False,False,0,0,0,0,False,False,False,0,1,False,False,0,1,0,False,False,0.31,0,True,False,1.254,False,False,False
ETHUSDT,BUY,23685,2026-06-20 06:45:00,1726.88,1.288,1.535,-1.227,163,lose,0.286,0.571,1.518,0,fresh,35.0,True,0.71,False,False,none,False,False,2,1,True,False,False,False,False,False,False,False,1,0,0,0,True,False,True,1,0,False,False,0,0,0,False,False,0.02,1,True,True,1.587,False,False,False
ETHUSDT,SELL,23848,2026-06-21 23:30:00,1705.69,0.107,3.477,-3.341,48,lose,0.413,0.827,-1.895,0,fresh,68.6,False,1.56,True,True,bearish,True,False,1,4,True,False,False,False,False,False,False,False,0,0,1,1,False,True,True,1,1,False,False,0,0,0,False,False,3.45,0,True,True,1.607,False,False,False
ETHUSDT,BUY,23896,2026-06-22 11:30:00,1762.68,0.926,3.04,-2.827,71,lose,0.352,0.704,2.161,0,fresh,82.7,True,4.31,True,True,bullish,True,False,3,0,True,False,False,False,False,False,False,False,0,0,0,0,False,False,False,0,0,False,False,0,0,0,False,False,2.27,0,True,False,1.555,False,False,False
ETHUSDT,SELL,23967,2026-06-23 05:15:00,1712.85,9.449,0.095,3.536,199,win,0.336,0.671,-1.933,0,fresh,56.6,False,4.15,True,True,bearish,True,False,1,4,True,False,False,False,False,False,False,False,0,0,0,0,False,False,False,0,0,False,False,0,0,0,False,False,3.09,0,True,True,1.988,False,False,False
ETHUSDT,BUY,24166,2026-06-25 07:00:00,1652.28,0.407,7.401,-6.977,27,lose,0.429,0.858,2.203,0,fresh,19.1,False,1.0,False,False,none,False,False,4,0,True,False,False,False,False,False,False,False,0,0,0,0,False,False,False,1,0,False,False,0,0,0,False,False,0.22,1,True,False,0.877,False,False,False
ETHUSDT,SELL,24193,2026-06-25 13:45:00,1537.0,1.7,4.01,-3.671,194,lose,0.928,1.856,-7.674,0,fresh,77.5,False,7.82,True,True,bearish,True,False,1,5,True,False,False,False,False,False,False,False,0,1,0,0,True,False,True,0,1,False,False,0,0,0,False,False,0.43,0,True,False,0.943,True,False,True
ETHUSDT,BUY,24387,2026-06-27 14:15:00,1593.42,1.068,1.998,-1.446,68,lose,0.241,0.482,1.567,0,fresh,64.2,False,1.38,False,False,none,False,False,2,1,True,False,False,False,False,False,False,False,0,0,0,1,False,False,True,0,1,True,False,0,0,0,False,False,0.76,0,True,False,2.552,False,False,False
ETHUSDT,SELL,24455,2026-06-28 07:15:00,1570.38,1.489,4.255,-3.65,139,lose,0.268,0.537,-1.03,0,fresh,89.5,False,0.45,False,False,none,False,False,2,3,True,False,False,False,False,False,False,False,0,1,0,0,True,False,True,0,1,False,False,0,0,0,False,False,1.03,0,True,False,2.59,False,False,False
ETHUSDT,BUY,24594,2026-06-29 18:00:00,1627.7,0.006,3.265,-2.925,70,lose,0.711,1.423,3.891,0,fresh,6.4,True,0.5,False,False,none,False,False,5,0,True,False,False,False,False,False,False,False,0,0,0,1,False,False,True,1,1,False,False,1,0,0,False,False,0.28,0,True,False,2.499,True,False,False
ETHUSDT,SELL,24664,2026-06-30 11:30:00,1580.09,1.957,3.204,-2.722,111,lose,0.287,0.575,-1.299,0,fresh,34.0,True,2.06,True,False,none,False,False,0,3,True,False,False,False,False,False,False,False,0,0,0,0,False,False,False,0,0,False,False,0,0,0,False,False,0.14,1,True,True,0.487,False,False,False
ETHUSDT,BUY,24775,2026-07-01 15:15:00,1623.1,12.932,1.661,8.215,628,win,0.636,1.271,3.554,0,fresh,53.3,True,3.14,True,True,bullish,True,False,6,1,True,False,False,False,False,False,False,False,0,0,0,0,False,False,False,0,1,True,False,0,0,0,False,False,2.12,0,True,False,0.474,True,False,False
ETHUSDT,SELL,25403,2026-07-08 04:15:00,1756.44,2.504,1.169,-1.066,189,win,0.429,0.858,-1.863,0,fresh,79.5,True,0.39,False,False,none,False,False,3,5,True,False,False,False,False,False,False,False,0,0,0,0,False,False,False,0,0,False,False,0,0,0,False,False,0.65,1,True,True,1.361,False,False,False
ETHUSDT,BUY,25592,2026-07-10 03:30:00,1775.16,3.062,0.42,0.736,181,win,0.357,0.713,1.919,0,fresh,74.5,True,0.88,False,True,bullish,True,False,3,0,True,False,False,False,False,False,False,False,0,0,0,0,False,False,False,0,1,True,False,0,0,0,False,False,0.4,0,True,False,2.394,False,False,False
ETHUSDT,SELL,25773,2026-07-12 00:45:00,1788.23,0.056,2.123,-1.583,69,lose,0.376,0.751,-1.445,0,fresh,36.1,True,0.89,False,False,none,False,False,2,4,True,False,False,False,False,False,False,False,0,0,0,1,False,True,True,0,1,False,False,0,0,0,False,False,0.32,1,True,False,0.761,False,False,False
ETHUSDT,BUY,25842,2026-07-12 18:00:00,1816.54,1.732,2.452,-1.808,44,lose,0.273,0.546,0.945,0,fresh,16.9,False,0.69,False,False,none,False,False,2,0,True,False,False,False,False,False,False,False,0,0,0,0,False,False,False,0,0,False,False,0,0,0,False,False,0.39,1,True,True,0.843,False,False,False
ETHUSDT,SELL,25886,2026-07-13 05:00:00,1783.7,2.001,4.667,-4.317,127,win,0.55,1.099,-2.093,0,fresh,42.1,True,0.83,False,False,none,False,False,1,5,True,False,False,False,False,False,False,False,0,1,0,0,True,False,True,1,1,False,False,0,0,0,False,False,1.48,2,True,True,3.628,True,False,False
ETHUSDT,BUY,26013,2026-07-14 12:45:00,1860.7,4.625,0.36,1.434,183,win,0.545,1.089,4.765,0,fresh,85.2,True,6.12,True,True,bullish,True,False,6,0,True,False,False,False,False,False,False,False,0,0,0,0,False,False,False,0,0,False,False,0,0,0,False,False,0.03,0,True,False,3.478,True,False,False
ETHUSDT,SELL,26196,2026-07-16 10:30:00,1887.39,4.5,0.363,1.517,230,win,0.36,0.719,-1.406,0,fresh,13.0,False,0.53,False,False,none,False,False,0,4,True,False,False,False,False,False,False,False,0,0,0,0,False,False,False,1,0,True,False,0,0,0,False,False,0.58,0,True,False,3.429,False,False,False
ETHUSDT,BUY,26426,2026-07-18 20:00:00,1858.75,5.38,0.91,2.29,456,win,0.226,0.452,1.103,0,fresh,43.6,True,0.65,False,False,none,False,False,2,0,True,False,False,False,False,False,False,False,0,0,0,0,False,False,False,0,0,False,False,0,0,0,False,False,0.38,0,True,False,3.482,False,False,False
ETHUSDT,SELL,26882,2026-07-23 14:00:00,1901.31,2.9,0.421,1.391,214,win,0.356,0.712,-1.569,0,fresh,40.3,True,1.25,False,False,none,False,False,2,4,True,False,False,False,False,False,False,False,0,0,0,0,False,False,False,0,0,False,False,0,0,0,False,False,0.23,0,True,False,0.896,False,False,False
ETHUSDT,BUY,27096,2026-07-25 19:30:00,1874.86,5.715,0.441,0.795,206,win,0.157,0.314,0.724,0,fresh,47.7,True,0.42,False,False,none,False,False,1,0,True,False,False,False,False,False,False,False,0,0,0,0,False,False,False,0,0,False,False,0,0,0,False,False,0.09,0,True,True,0.874,False,False,False
ETHUSDT,SELL,27302,2026-07-27 23:00:00,1889.76,1.796,2.04,-1.568,89,lose,0.482,0.965,-3.396,0,fresh,21.6,False,3.6,True,False,none,False,False,1,7,True,False,False,False,False,False,False,False,0,0,0,0,False,False,False,1,0,True,False,1,0,0,False,False,0.21,0,True,True,0.439,False,False,False
ETHUSDT,BUY,27391,2026-07-28 21:15:00,1919.4,0.895,2.56,-1.872,240,lose,0.361,0.723,1.657,0,fresh,6.8,False,0.1,False,False,none,False,False,2,2,False,False,False,False,False,False,False,False,0,0,0,0,False,False,False,0,0,False,False,0,0,0,False,False,1.2,0,True,False,0.432,False,False,False
ETHUSDT,SELL,27631,2026-07-31 09:15:00,1883.46,3.337,0.332,0.449,168,win,0.291,0.581,-1.755,0,fresh,79.3,False,1.33,False,True,bearish,True,False,0,3,True,False,False,False,False,False,False,False,0,0,0,0,False,False,False,0,0,False,False,0,0,0,False,False,2.16,0,True,False,0.838,False,False,False
ETHUSDT,BUY,27799,2026-08-02 03:15:00,1875.01,1.253,1.944,-1.644,112,lose,0.31,0.62,1.546,0,fresh,0.0,False,1.08,False,False,none,False,False,3,1,True,False,False,False,False,False,False,False,1,0,0,0,True,False,True,1,0,False,False,0,0,0,False,False,0.25,1,True,True,1.409,False,False,False
ETHUSDT,SELL,27911,2026-08-03 07:15:00,1844.19,0.922,2.035,-1.545,121,lose,0.285,0.57,-1.567,0,fresh,4.9,True,2.47,True,False,none,False,False,0,5,True,False,False,False,False,False,False,False,0,0,0,0,False,False,False,0,0,False,False,0,0,0,False,False,0.26,2,True,False,2.196,False,False,False
ETHUSDT,BUY,28032,2026-08-04 13:30:00,1872.68,3.755,0.97,1.479,578,win,0.3,0.601,1.067,0,fresh,38.9,True,1.79,True,False,none,False,False,3,1,True,False,False,False,False,False,False,False,1,0,0,0,True,False,True,1,0,False,False,0,0,0,False,False,0.04,0,True,True,2.162,False,False,False
ETHUSDT,SELL,28610,2026-08-10 14:00:00,1900.37,2.534,0.454,-0.249,175,win,0.277,0.553,-1.387,0,fresh,61.6,True,1.31,False,False,none,False,False,2,6,True,False,False,False,False,False,False,False,0,0,0,0,False,False,False,0,0,False,False,0,0,0,False,False,0.29,0,True,False,1.655,False,False,False
ETHUSDT,BUY,28785,2026-08-12 09:45:00,1905.1,1.043,1.737,-1.381,56,lose,0.211,0.422,1.455,0,fresh,25.7,True,0.91,False,False,none,False,False,5,3,True,False,False,False,False,False,False,False,0,0,0,0,False,False,False,0,0,False,False,0,0,0,False,False,0.33,1,True,False,0.979,False,False,False
ETHUSDT,SELL,28841,2026-08-12 23:45:00,1878.79,0.888,1.108,-0.449,357,lose,0.239,0.479,-1.037,0,fresh,56.1,True,0.58,False,False,none,False,False,2,2,False,False,False,False,False,False,False,False,0,1,0,0,True,False,True,0,1,False,False,0,0,0,False,False,0.05,0,True,False,0.993,False,False,False
ETHUSDT,BUY,29198,2026-08-16 17:00:00,1887.22,35.088,1.018,27.72,571,win,0.104,0.207,0.445,0,fresh,37.9,False,1.63,True,False,none,False,False,4,0,True,False,False,False,False,False,False,False,0,0,1,0,False,True,True,1,0,False,False,0,0,0,False,False,0.67,0,True,True,0.989,False,True,False
ETHUSDT,SELL,29769,2026-08-22 15:45:00,2410.36,2.281,3.118,-1.612,116,win,0.435,0.871,-1.951,0,fresh,31.4,False,0.48,False,False,none,False,False,2,1,False,True,False,False,False,False,False,False,0,0,0,0,False,False,False,0,0,False,False,0,0,0,False,False,0.14,0,True,False,0.516,False,False,False
ETHUSDT,BUY,29885,2026-08-23 20:45:00,2449.22,3.41,1.069,1.461,114,win,0.418,0.836,1.604,0,fresh,11.5,True,0.41,False,True,bullish,True,False,2,0,True,False,False,False,False,False,False,False,0,0,0,0,False,False,False,0,0,False,False,0,0,0,False,False,0.02,0,True,True,2.214,False,False,False
LINKUSDT,SELL,20,2025-10-16 18:30:00,17.693,11.36,0.43,3.318,256,win,1.195,2.391,-4.664,0,fresh,51.6,True,0.66,False,False,none,False,False,1,6,True,False,False,False,False,False,False,False,0,0,0,0,False,False,False,0,1,False,False,0,0,0,False,False,0.69,0,False,False,0.0,True,False,True
LINKUSDT,BUY,276,2025-10-19 10:30:00,17.106,12.124,1.081,3.654,169,win,0.825,1.651,3.749,0,fresh,16.2,False,1.05,False,False,none,False,False,3,3,False,False,False,False,False,False,False,False,0,0,0,0,False,False,False,0,1,True,False,0,0,0,False,False,0.2,0,True,False,0.468,True,False,True
LINKUSDT,SELL,445,2025-10-21 04:45:00,17.731,5.865,6.926,0.248,298,win,0.743,1.486,-5.093,0,fresh,65.3,False,1.17,False,True,bearish,True,False,2,9,True,False,False,False,False,False,False,False,0,0,0,0,False,False,False,1,0,True,False,1,0,0,False,False,0.18,0,True,False,0.451,True,False,False
LINKUSDT,BUY,743,2025-10-24 07:15:00,17.687,3.149,1.38,0.39,187,win,0.433,0.865,1.866,0,fresh,64.2,True,0.64,False,False,none,False,False,3,2,True,False,False,False,False,False,False,False,0,0,0,0,False,False,False,0,0,False,False,0,0,0,False,False,1.31,0,True,False,4.766,False,False,False
LINKUSDT,SELL,930,2025-10-26 06:00:00,17.756,0.107,3.272,-3.114,23,lose,0.278,0.556,-1.2,0,fresh,76.2,False,0.76,False,False,none,False,False,1,2,True,False,False,False,False,False,False,False,0,0,0,0,False,False,False,0,1,False,False,0,0,0,False,False,0.29,0,True,False,4.748,False,False,False
LINKUSDT,BUY,953,2025-10-26 11:45:00,18.309,4.08,1.497,-0.563,144,win,0.462,0.925,2.794,0,fresh,13.1,True,2.41,True,False,none,False,False,6,0,True,False,False,False,False,False,False,False,0,0,0,0,False,False,False,0,0,False,False,0,0,0,False,False,0.11,1,True,False,1.562,False,False,False
LINKUSDT,SELL,1097,2025-10-27 23:45:00,18.206,10.409,3.34,4.79,424,win,0.605,1.21,-2.446,0,fresh,17.8,False,0.38,False,False,none,False,False,1,3,True,False,False,False,False,False,False,False,0,0,0,0,False,False,False,0,0,False,False,0,0,0,False,False,0.85,0,True,False,2.543,True,False,False
LINKUSDT,BUY,1521,2025-11-01 09:45:00,17.334,1.875,4.794,-4.667,166,lose,0.437,0.875,1.772,0,fresh,52.2,True,0.82,False,False,none,False,False,2,3,False,True,False,False,False,False,False,False,1,0,0,0,True,False,True,1,0,False,False,0,0,0,False,False,1.05,0,True,False,1.708,False,False,False
LINKUSDT,SELL,1687,2025-11-03 03:15:00,16.525,17.18,0.079,8.163,271,win,0.86,1.719,-5.52,0,fresh,48.4,False,1.57,True,True,bearish,True,False,2,9,True,False,False,False,False,False,False,False,0,0,0,0,False,False,False,1,0,True,False,0,0,0,False,False,0.48,0,True,False,2.015,True,False,True
LINKUSDT,BUY,1958,2025-11-05 23:00:00,15.176,0.593,6.207,-5.192,72,lose,0.702,1.404,2.496,0,fresh,26.6,False,4.11,True,False,none,False,False,2,0,True,False,False,False,False,False,False,False,0,0,0,0,False,False,False,1,0,False,False,0,0,0,False,True,21.51,1,True,True,1.41,True,False,False
LINKUSDT,SELL,2030,2025-11-06 17:00:00,14.388,0.612,9.842,-9.793,97,lose,1.083,2.166,-5.121,0,fresh,12.0,False,0.82,False,False,none,False,False,2,5,True,False,False,False,False,False,False,False,0,0,0,0,False,False,False,0,1,False,False,0,1,0,False,False,0.15,0,True,False,1.487,True,False,True
LINKUSDT,BUY,2127,2025-11-07 17:15:00,15.797,2.633,4.355,-3.811,133,win,1.236,2.473,7.596,0,fresh,93.4,True,2.34,True,True,bullish,True,False,3,2,True,False,False,False,False,False,False,False,0,0,0,0,False,False,False,0,1,True,False,0,0,0,False,False,3.52,0,True,False,1.355,True,False,True
LINKUSDT,SELL,2260,2025-11-09 02:30:00,15.195,1.204,4.883,-4.067,53,lose,0.605,1.21,-3.002,0,fresh,78.9,False,3.72,True,True,bearish,True,False,1,4,True,False,False,False,False,False,False,False,0,0,1,0,False,False,True,1,0,True,False,0,0,0,False,False,6.12,0,True,True,1.408,True,False,False
LINKUSDT,BUY,2313,2025-11-09 15:45:00,15.813,6.172,1.454,-0.911,207,win,0.784,1.567,3.544,0,fresh,67.1,False,1.02,False,False,none,False,False,3,0,True,False,False,False,False,False,False,False,0,0,0,0,False,False,False,0,0,False,False,0,0,0,False,False,0.55,0,True,False,2.106,True,False,True
LINKUSDT,SELL,2520,2025-11-11 19:30:00,15.669,3.159,3.306,-2.795,65,win,0.783,1.566,-3.632,0,fresh,37.8,False,0.56,False,False,none,False,False,0,0,False,False,False,False,False,False,False,False,0,0,0,0,False,False,False,0,0,False,False,0,0,0,False,False,0.08,0,True,False,1.895,True,False,True
LINKUSDT,BUY,2585,2025-11-12 11:45:00,16.107,0.851,6.469,-5.873,20,lose,0.651,1.303,3.66,0,fresh,37.4,True,1.05,False,False,none,False,False,6,1,True,False,False,False,False,False,False,False,0,0,0,0,False,False,False,0,0,False,False,0,0,0,False,False,0.08,0,True,False,1.844,True,False,False
LINKUSDT,SELL,2605,2025-11-12 16:45:00,15.161,1.675,5.626,-4.736,59,lose,1.106,2.212,-5.478,0,fresh,26.8,False,0.89,False,False,none,False,False,0,4,True,False,False,False,False,False,False,False,0,0,0,0,False,False,False,1,0,True,False,0,0,0,False,False,0.26,0,True,False,1.959,True,False,True
LINKUSDT,BUY,2664,2025-11-13 07:30:00,15.879,0.428,7.299,-7.003,40,lose,0.799,1.598,3.259,0,fresh,38.5,False,0.79,False,True,bearish,False,True,4,1,True,False,False,False,False,False,False,False,0,0,0,0,False,False,False,1,0,False,False,0,0,0,False,False,0.44,0,True,True,1.87,True,False,True
LINKUSDT,SELL,2704,2025-11-13 17:30:00,14.767,11.627,0.352,6.535,503,win,1.086,2.172,-6.893,0,fresh,67.6,False,1.44,False,True,bearish,True,False,0,6,True,False,False,False,False,False,False,False,0,0,0,0,False,False,False,0,0,False,False,0,0,0,False,False,0.59,0,True,False,2.011,True,False,True
LINKUSDT,BUY,3207,2025-11-18 23:15:00,13.802,0.254,5.036,-3.818,28,lose,0.604,1.209,2.106,0,fresh,0.0,False,0.73,False,False,none,False,False,2,3,False,True,False,False,False,False,False,False,0,0,0,0,False,False,False,1,0,False,False,1,0,0,False,False,0.62,0,True,False,0.985,True,False,False
LINKUSDT,SELL,3235,2025-11-19 06:15:00,13.275,3.902,3.729,-3.721,90,win,0.724,1.447,-3.291,0,fresh,13.6,True,0.74,False,False,none,False,False,0,5,True,False,False,False,False,False,False,False,0,1,0,0,True,False,True,0,1,False,False,0,0,0,False,False,0.61,0,True,False,1.024,True,False,False
LINKUSDT,BUY,3325,2025-11-20 04:45:00,13.769,1.678,7.197,-6.769,49,lose,0.601,1.203,3.504,0,fresh,99.3,True,1.88,True,True,bullish,True,False,1,0,True,False,False,False,False,False,False,False,0,0,0,0,False,False,False,0,0,False,False,0,0,0,False,False,3.67,0,True,False,1.859,True,False,False
LINKUSDT,SELL,3374,2025-11-20 17:00:00,12.837,9.621,3.887,2.976,235,win,1.232,2.464,-7.266,0,fresh,49.0,False,2.11,True,False,none,False,False,0,2,True,False,False,False,False,False,False,False,0,0,0,0,False,False,False,0,0,False,False,0,0,0,False,False,0.29,0,True,False,1.994,True,False,True
LINKUSDT,BUY,3609,2025-11-23 03:45:00,12.455,8.936,1.309,5.62,541,win,0.627,1.254,3.273,0,fresh,4.3,True,0.73,False,False,none,False,False,5,1,True,False,False,False,False,False,False,False,0,0,0,0,False,False,False,0,0,False,False,0,0,0,False,False,0.01,0,True,True,7.892,True,False,False
LINKUSDT,SELL,4150,2025-11-28 19:00:00,13.155,1.908,1.3,-0.646,179,lose,0.594,1.189,-2.06,0,fresh,81.6,True,0.38,False,False,none,False,False,0,5,True,False,False,False,False,False,False,False,0,0,0,0,False,False,False,0,0,False,False,0,0,0,False,False,1.13,0,True,False,2.98,True,False,False
LINKUSDT,BUY,4329,2025-11-30 15:45:00,13.24,1.307,6.088,-5.665,34,lose,0.477,0.955,1.624,0,fresh,8.7,False,0.68,False,False,none,False,False,3,0,True,False,False,False,False,False,False,False,0,0,0,0,False,False,False,0,0,False,False,0,0,0,False,False,0.02,0,True,False,3.119,False,False,False
LINKUSDT,SELL,4363,2025-12-01 00:15:00,12.49,6.013,0.384,0.072,152,win,0.805,1.611,-6.404,0,fresh,66.8,False,5.0,True,True,bearish,True,False,0,9,True,False,False,False,False,False,False,False,0,0,0,0,False,False,False,0,0,False,False,0,0,0,False,False,0.31,0,True,False,3.307,True,False,True
LINKUSDT,BUY,4515,2025-12-02 14:15:00,12.481,19.55,0.184,13.853,255,win,0.521,1.041,3.273,0,fresh,54.1,True,2.42,True,True,bullish,True,False,7,0,True,False,False,False,False,False,False,False,0,0,0,0,False,False,False,0,0,False,False,0,0,0,False,False,0.31,0,True,False,3.309,True,False,False
LINKUSDT,SELL,4770,2025-12-05 06:00:00,14.21,6.017,0.802,1.773,159,win,0.429,0.859,-1.609,0,fresh,71.8,True,1.36,False,True,bullish,False,True,2,4,True,False,False,False,False,False,False,False,0,0,0,0,False,False,False,1,0,True,False,1,0,0,False,False,2.07,0,True,False,0.781,False,False,False
LINKUSDT,BUY,4929,2025-12-06 21:45:00,13.958,0.509,5.38,-5.216,68,lose,0.474,0.947,1.895,0,fresh,63.3,True,0.19,False,False,none,False,False,1,3,False,True,False,False,False,False,False,False,0,0,1,0,False,True,True,1,0,False,False,1,0,0,False,False,0.61,0,True,False,1.247,False,False,False
LINKUSDT,SELL,4997,2025-12-07 14:45:00,13.23,0.469,11.534,-11.308,197,lose,0.769,1.537,-5.43,0,fresh,45.1,False,1.52,True,False,none,False,False,3,4,True,False,False,False,False,False,False,False,0,0,0,0,False,False,False,0,0,False,False,0,0,0,False,False,0.21,1,True,False,1.035,True,False,True
LINKUSDT,BUY,5194,2025-12-09 16:00:00,14.726,1.901,6.451,-6.356,132,lose,0.945,1.891,7.564,0,fresh,91.8,True,4.85,True,True,bullish,True,False,5,1,True,False,False,False,False,False,False,False,0,0,0,0,False,False,False,0,0,False,False,0,0,0,False,False,0.13,1,True,False,2.499,True,False,True
LINKUSDT,SELL,5326,2025-12-11 01:00:00,13.79,2.959,3.024,-1.798,89,win,0.997,1.994,-5.069,0,fresh,68.5,False,1.0,False,False,none,False,False,1,4,True,False,False,False,False,False,False,False,0,0,0,0,False,False,False,1,0,True,False,0,0,0,False,False,0.08,0,True,True,2.669,True,False,True
LINKUSDT,BUY,5415,2025-12-11 23:15:00,14.038,2.144,5.499,-3.761,71,win,0.83,1.66,3.252,0,fresh,5.6,True,0.39,False,False,none,False,False,5,0,True,False,False,False,False,False,False,False,1,0,0,0,True,False,True,1,0,False,False,0,0,0,False,False,1.29,0,True,False,1.403,True,False,True
LINKUSDT,SELL,5486,2025-12-12 17:00:00,13.51,13.19,3.368,7.927,651,win,1.076,2.152,-4.662,0,fresh,69.9,True,1.06,False,False,none,False,False,2,4,True,False,False,False,False,False,False,False,0,0,0,0,False,False,False,1,1,False,False,1,0,0,False,False,0.84,0,True,False,1.961,True,False,True
LINKUSDT,BUY,6137,2025-12-19 11:45:00,12.439,2.516,1.809,-1.568,200,win,0.441,0.883,2.205,0,fresh,44.4,False,0.43,False,False,none,False,False,2,0,True,False,False,False,False,False,False,False,0,0,0,0,False,False,False,0,0,False,False,0,0,0,False,False,1.14,0,True,True,3.329,False,False,False
LINKUSDT,SELL,6337,2025-12-21 13:45:00,12.244,0.147,4.035,-3.43,83,lose,0.519,1.036,-3.07,0,fresh,57.7,False,2.01,True,False,none,False,False,1,4,True,False,False,False,False,False,False,False,0,0,1,0,False,False,True,1,1,False,True,0,1,0,False,False,0.38,0,True,True,3.749,True,False,False
LINKUSDT,BUY,6420,2025-12-22 10:30:00,12.664,2.298,3.538,-2.661,85,win,0.517,1.035,2.326,0,fresh,13.9,False,0.9,False,False,none,False,False,1,1,False,False,False,False,False,False,False,False,0,0,0,0,False,False,False,0,0,False,False,0,0,0,False,False,0.09,0,True,False,3.624,True,False,False
LINKUSDT,SELL,6505,2025-12-23 07:45:00,12.327,2.847,1.72,-1.03,286,win,0.475,0.951,-1.831,0,fresh,16.7,False,0.37,False,False,none,False,False,0,5,True,False,False,False,False,False,False,False,0,1,0,0,True,False,True,0,1,False,False,0,0,0,False,False,0.19,0,True,True,4.007,False,False,False
LINKUSDT,BUY,6791,2025-12-26 07:15:00,12.454,0.321,3.348,-2.417,39,lose,0.414,0.826,2.063,0,fresh,8.3,True,0.67,False,False,none,False,False,3,1,True,False,False,False,False,False,False,False,0,0,0,0,False,False,False,1,0,False,False,1,0,0,False,False,1.26,0,True,True,5.525,False,False,False
LINKUSDT,SELL,6830,2025-12-26 17:00:00,12.153,0.214,2.362,-2.304,116,lose,0.521,1.041,-1.992,0,fresh,56.0,True,0.55,False,False,none,False,False,0,2,True,False,False,False,False,False,False,False,0,0,0,0,False,False,False,0,1,False,False,0,0,0,False,False,0.28,0,True,True,5.662,True,False,False
LINKUSDT,BUY,6946,2025-12-27 22:00:00,12.433,4.842,1.576,-0.531,154,win,0.247,0.494,1.61,0,fresh,54.0,True,2.46,True,False,none,False,False,3,1,True,False,False,False,False,False,False,False,0,0,0,0,False,False,False,0,0,False,False,0,0,0,False,False,1.07,0,True,True,5.534,False,False,False
LINKUSDT,SELL,7100,2025-12-29 12:30:00,12.367,1.819,1.868,-0.615,312,lose,0.632,1.263,-3.174,0,fresh,8.8,True,1.27,False,False,none,False,False,0,6,True,False,False,False,False,False,False,False,0,0,0,0,False,False,False,0,1,False,False,0,1,0,False,False,0.13,0,True,True,5.563,True,False,False
LINKUSDT,BUY,7412,2026-01-01 18:30:00,12.443,14.37,0.121,7.603,564,win,0.337,0.674,1.507,0,fresh,51.5,True,0.42,False,False,none,False,False,7,1,True,False,False,False,False,False,False,False,0,0,0,0,False,False,False,0,0,False,False,0,0,0,False,False,0.51,0,True,True,5.53,False,False,False
LINKUSDT,SELL,7976,2026-01-07 15:30:00,13.389,2.771,1.232,0.822,400,win,0.685,1.369,-3.796,0,fresh,7.3,False,1.0,False,False,none,False,False,1,3,True,False,False,False,False,False,False,False,0,1,0,0,True,False,True,0,1,False,False,0,0,0,False,False,0.67,0,True,False,2.323,True,False,False
LINKUSDT,BUY,8376,2026-01-11 19:30:00,13.279,1.792,2.854,-1.732,107,lose,0.35,0.7,1.093,0,fresh,67.6,False,0.37,False,True,bearish,False,True,1,3,False,True,False,False,False,False,False,False,0,0,1,0,False,True,True,1,0,False,False,0,0,0,False,False,0.63,0,True,False,0.369,False,False,False
LINKUSDT,SELL,8483,2026-01-12 22:15:00,13.049,0.146,3.579,-2.667,66,lose,0.447,0.894,-1.856,0,fresh,47.4,False,0.56,False,False,none,False,False,0,5,True,False,False,False,False,False,False,False,0,0,0,0,False,False,False,0,1,False,False,0,0,0,False,False,0.62,0,True,True,2.1,False,False,False
LINKUSDT,BUY,8549,2026-01-13 14:45:00,13.397,7.517,0.433,3.359,160,win,0.436,0.872,2.038,0,fresh,91.5,False,1.58,True,False,none,False,False,2,1,True,False,False,False,False,False,False,False,0,0,0,0,False,False,False,0,0,False,False,0,0,0,False,False,0.14,1,True,True,0.724,False,False,False
LINKUSDT,SELL,8709,2026-01-15 06:45:00,13.847,3.098,2.6,-0.152,229,win,0.416,0.832,-1.5,0,fresh,19.4,True,0.58,False,False,none,False,False,1,1,False,False,False,False,False,False,False,False,0,1,0,0,True,False,True,0,1,False,False,0,0,0,False,False,0.37,0,True,True,3.351,False,False,False
LINKUSDT,BUY,8938,2026-01-17 16:00:00,13.868,0.043,11.307,-7.665,128,lose,0.291,0.581,1.439,0,fresh,46.4,False,1.17,False,False,none,False,False,3,0,True,False,False,False,False,False,False,False,0,0,0,0,False,False,False,1,0,False,False,0,0,0,False,False,0.63,0,True,True,3.49,False,False,False
LINKUSDT,SELL,9066,2026-01-19 00:00:00,12.805,7.193,1.484,2.499,310,win,1.064,2.127,-8.637,0,fresh,49.6,False,10.6,True,True,bearish,True,False,2,8,True,False,False,False,False,False,False,False,0,0,0,0,False,False,False,0,1,False,False,0,0,0,False,False,0.43,1,True,False,3.967,True,False,True
LINKUSDT,BUY,9376,2026-01-22 05:30:00,12.485,0.104,2.964,-2.243,60,lose,0.38,0.76,1.306,0,fresh,28.6,True,0.62,False,False,none,False,False,4,3,True,False,False,False,False,False,False,False,0,0,0,0,False,False,False,0,0,False,False,0,0,0,False,False,0.07,0,True,False,4.069,False,False,False
LINKUSDT,SELL,9436,2026-01-22 20:30:00,12.205,6.964,2.376,2.483,384,win,0.506,1.014,-2.194,0,fresh,33.3,False,0.58,False,False,none,False,False,2,2,False,False,False,False,False,False,False,False,0,1,0,0,True,False,True,0,1,False,False,0,1,0,False,False,0.77,0,True,False,4.163,True,False,False
LINKUSDT,BUY,9820,2026-01-26 20:30:00,11.902,2.378,1.815,-0.773,185,win,0.523,1.047,1.606,0,fresh,51.7,False,0.49,False,False,none,False,False,0,1,False,True,False,False,False,False,False,False,0,0,0,0,False,False,False,0,0,False,False,0,0,0,False,False,0.64,0,True,False,1.302,True,False,False
LINKUSDT,SELL,10005,2026-01-28 18:45:00,11.81,24.157,1.092,16.012,472,win,0.569,1.138,-1.715,0,fresh,27.1,True,0.37,False,False,none,False,False,0,3,True,False,False,False,False,False,False,False,0,1,0,0,True,False,True,0,1,False,False,0,0,0,False,False,1.0,0,True,False,1.312,True,False,False
LINKUSDT,BUY,10477,2026-02-02 16:45:00,9.919,0.524,6.241,-6.17,100,lose,0.917,1.834,3.871,0,fresh,55.3,False,0.66,False,False,none,False,False,2,0,True,False,False,False,False,False,False,False,0,0,0,0,False,False,False,1,0,False,False,0,0,0,False,False,0.43,0,True,False,3.508,True,False,True
LINKUSDT,SELL,10577,2026-02-03 17:45:00,9.307,23.531,6.253,5.437,284,win,0.994,1.988,-5.623,0,fresh,29.0,False,1.3,False,False,none,False,False,2,3,True,False,False,False,False,False,False,False,0,0,0,0,False,False,False,0,0,False,False,0,0,0,False,False,0.37,0,True,True,3.74,True,False,True
LINKUSDT,BUY,10861,2026-02-06 16:45:00,8.801,2.795,2.568,-2.307,260,win,1.011,2.022,6.029,0,fresh,31.6,True,1.28,False,False,none,False,False,4,1,True,False,False,False,False,False,False,False,0,0,0,0,False,False,False,0,0,False,False,0,0,0,False,False,0.34,0,True,False,3.875,True,False,True
LINKUSDT,SELL,11121,2026-02-09 09:45:00,8.598,1.628,4.838,-4.245,41,lose,0.547,1.092,-3.193,0,fresh,25.0,False,1.51,True,False,none,False,False,1,5,True,False,False,False,False,False,False,False,0,0,0,0,False,False,False,0,0,False,False,0,0,0,False,False,0.54,0,True,False,2.826,True,False,False
LINKUSDT,BUY,11162,2026-02-09 20:00:00,8.963,0.011,5.456,-4.697,45,lose,0.791,1.581,3.747,0,fresh,0.0,False,0.8,False,False,none,False,False,3,0,True,False,False,False,False,False,False,False,0,0,0,0,False,False,False,1,0,False,False,0,0,0,False,False,0.23,0,True,True,2.711,True,False,True
LINKUSDT,SELL,11207,2026-02-10 07:15:00,8.542,4.917,3.266,-2.119,321,win,0.576,1.152,-3.114,0,fresh,19.5,True,0.59,False,False,none,False,False,1,8,True,False,False,False,False,False,False,False,0,0,0,0,False,False,False,0,0,False,False,0,0,0,False,False,1.16,0,True,False,2.844,True,False,False
LINKUSDT,BUY,11528,2026-02-13 15:30:00,8.723,5.915,0.619,1.101,199,win,0.75,1.499,4.579,0,fresh,45.7,False,2.36,True,False,none,False,False,4,1,True,False,False,False,False,False,False,False,0,0,0,0,False,False,False,0,0,False,False,0,0,0,False,False,0.16,0,True,False,2.786,True,False,False
LINKUSDT,SELL,11727,2026-02-15 17:15:00,8.819,5.454,1.996,-0.805,475,win,0.571,1.143,-2.749,0,fresh,77.6,False,0.63,False,True,bearish,True,False,2,3,True,False,False,False,False,False,False,False,0,0,0,0,False,False,False,0,0,False,False,0,0,0,False,False,0.0,0,True,True,3.175,True,False,False
LINKUSDT,BUY,12202,2026-02-20 16:00:00,8.89,1.879,2.283,-1.98,184,lose,0.839,1.679,4.746,0,fresh,67.0,True,1.99,True,True,bullish,True,False,5,3,True,False,False,False,False,False,False,False,0,0,0,0,False,False,False,0,0,False,False,0,0,0,False,False,0.21,0,True,False,0.889,True,False,True
LINKUSDT,SELL,12386,2026-02-22 14:00:00,8.714,7.62,0.7,1.148,240,win,0.341,0.681,-1.969,0,fresh,10.8,False,1.98,True,False,none,False,False,1,2,True,False,False,False,False,False,False,False,0,0,0,0,False,False,False,0,0,False,False,0,0,0,False,False,0.45,1,True,False,0.803,False,False,False
LINKUSDT,BUY,12626,2026-02-25 02:00:00,8.614,11.319,3.042,3.065,159,win,0.693,1.386,4.85,0,fresh,74.3,True,2.86,True,True,bullish,True,False,5,2,True,False,False,False,False,False,False,False,0,0,0,0,False,False,False,0,1,True,False,0,0,0,False,False,0.48,1,True,False,3.97,True,False,False
LINKUSDT,SELL,12785,2026-02-26 17:45:00,8.878,7.603,4.674,0.901,207,win,0.852,1.703,-4.548,0,fresh,22.0,False,0.49,False,False,none,False,False,0,6,True,False,False,False,False,False,False,False,0,0,0,0,False,False,False,0,0,False,False,0,0,0,False,False,0.11,0,True,False,3.852,True,False,True
LINKUSDT,BUY,12992,2026-02-28 21:30:00,8.798,4.637,3.023,-2.546,94,win,0.842,1.686,4.012,0,fresh,46.7,True,0.71,False,False,none,False,False,3,0,True,False,False,False,False,False,False,False,0,0,0,0,False,False,False,0,0,False,False,0,0,0,False,False,0.27,0,True,False,4.388,True,False,True
LINKUSDT,SELL,13086,2026-03-01 21:00:00,8.574,0.117,7.523,-7.231,76,lose,0.733,1.465,-4.071,0,fresh,51.2,True,0.68,False,False,none,False,False,1,6,True,False,False,False,False,False,False,False,0,0,0,0,False,False,False,0,1,False,False,0,1,0,False,False,0.29,1,True,False,3.103,True,False,False
LINKUSDT,BUY,13162,2026-03-02 16:00:00,9.194,0.805,6.559,-6.069,70,lose,0.981,1.961,6.023,0,fresh,77.3,True,2.21,True,False,none,False,False,3,1,True,False,False,False,False,False,False,False,0,0,0,0,False,False,False,0,1,True,False,0,0,0,False,False,0.33,0,True,False,2.893,True,False,True
LINKUSDT,SELL,13232,2026-03-03 09:30:00,8.636,0.973,6.959,-6.728,95,lose,0.608,1.217,-3.365,0,fresh,16.4,True,1.4,False,False,none,False,False,1,5,True,False,False,False,False,False,False,False,0,0,0,0,False,False,False,0,0,False,False,0,0,0,False,False,0.1,0,True,False,3.08,True,False,False
LINKUSDT,BUY,13327,2026-03-04 09:15:00,9.217,4.459,2.105,-1.215,194,win,0.741,1.482,5.343,0,fresh,35.7,True,1.74,True,False,none,False,False,7,1,True,False,False,False,False,False,False,False,0,0,0,0,False,False,False,0,0,False,False,0,0,0,False,False,0.39,0,True,False,3.809,True,False,False
LINKUSDT,SELL,13521,2026-03-06 09:45:00,9.105,7.897,0.78,2.098,304,win,0.477,0.953,-2.255,0,fresh,32.4,True,1.28,False,False,none,False,False,1,4,True,False,False,False,False,False,False,False,0,0,0,0,False,False,False,0,0,False,False,0,0,0,False,False,0.45,0,True,False,0.703,False,False,False
LINKUSDT,BUY,13825,2026-03-09 13:45:00,8.914,2.984,0.987,-0.819,254,win,0.608,1.216,3.421,0,fresh,28.9,False,2.64,True,False,none,False,False,0,0,False,False,False,False,False,False,False,False,0,0,0,0,False,False,False,0,0,False,False,0,0,0,False,False,0.23,0,True,False,2.288,True,False,False
LINKUSDT,SELL,14079,2026-03-12 05:15:00,8.841,0.011,3.156,-3.156,75,lose,0.376,0.75,-1.789,0,fresh,64.3,False,0.65,False,False,none,False,False,0,3,True,False,False,False,False,False,False,False,0,0,0,0,False,False,False,0,1,False,False,0,0,0,False,False,0.13,0,True,False,2.545,False,False,False
LINKUSDT,BUY,14154,2026-03-13 00:00:00,9.12,5.197,1.162,-0.636,98,win,0.461,0.921,2.305,0,fresh,75.3,True,2.91,True,True,bullish,True,False,5,1,True,False,False,False,False,False,False,False,0,0,0,0,False,False,False,0,0,False,False,0,0,0,False,False,5.3,0,True,False,2.467,False,False,False
LINKUSDT,SELL,14252,2026-03-14 00:30:00,9.062,1.655,1.324,-1.269,94,lose,0.439,0.877,-2.28,0,fresh,67.3,False,0.93,False,True,bearish,True,False,2,3,True,False,False,False,False,False,False,False,0,1,0,0,True,False,True,0,1,False,False,0,1,0,False,False,0.0,1,True,True,1.236,False,False,False
LINKUSDT,BUY,14346,2026-03-15 00:00:00,9.177,9.807,0.752,3.4,337,win,0.271,0.544,1.595,0,fresh,50.0,True,2.74,True,False,none,False,False,4,0,True,False,False,False,False,False,False,False,0,0,0,0,False,False,False,0,0,False,False,0,0,0,False,False,0.93,0,True,False,1.221,False,False,False
LINKUSDT,SELL,14683,2026-03-18 12:15:00,9.489,9.695,0.0,4.816,482,win,0.562,1.124,-3.713,0,fresh,35.4,False,2.25,True,True,bearish,True,False,2,4,True,False,False,False,False,False,False,False,0,0,0,0,False,False,False,0,0,False,False,0,0,0,False,False,0.18,0,True,False,1.075,True,False,False
LINKUSDT,BUY,15165,2026-03-23 12:45:00,9.032,5.104,0.476,0.731,260,win,0.981,1.963,4.27,0,fresh,39.6,False,0.45,False,False,none,False,False,2,2,False,False,False,False,False,False,False,False,0,0,0,0,False,False,False,0,0,False,False,0,0,0,False,False,0.04,1,True,True,6.644,True,False,True
LINKUSDT,SELL,15425,2026-03-26 05:45:00,9.098,10.046,0.198,4.726,378,win,0.402,0.805,-2.562,0,fresh,68.9,False,4.56,True,True,bearish,True,False,0,6,True,False,False,False,False,False,False,False,0,0,0,0,False,False,False,0,0,False,False,0,0,0,False,False,1.71,0,True,False,0.901,False,False,False
LINKUSDT,BUY,15803,2026-03-30 04:15:00,8.668,6.057,1.961,-0.877,281,win,0.565,1.132,2.695,0,fresh,2.6,True,1.96,True,False,none,False,False,2,0,True,False,False,False,False,False,False,False,0,0,0,0,False,False,False,0,0,False,False,0,0,0,False,False,0.28,0,True,True,4.823,True,False,False
LINKUSDT,SELL,16084,2026-04-02 02:30:00,8.592,2.048,2.502,-1.99,258,win,0.729,1.458,-4.82,0,fresh,59.5,False,1.59,True,True,bearish,True,False,1,3,True,False,False,False,False,False,False,False,0,0,0,0,False,False,False,0,0,False,False,0,0,0,False,False,0.06,1,True,True,7.367,True,False,False
LINKUSDT,BUY,16342,2026-04-04 19:00:00,8.763,0.171,3.058,-2.453,47,lose,0.272,0.544,1.639,0,fresh,95.9,True,2.39,True,True,bullish,True,False,5,2,True,False,False,False,False,False,False,False,0,0,0,1,False,False,True,0,1,True,False,0,0,0,False,True,10.66,1,True,True,7.224,False,False,False
LINKUSDT,SELL,16389,2026-04-05 06:45:00,8.548,0.901,3.79,-3.182,68,lose,0.277,0.555,-1.609,0,fresh,93.3,False,0.52,False,False,none,False,False,1,5,True,False,False,False,False,False,False,False,0,0,0,0,False,False,False,0,0,False,False,0,0,0,False,False,0.31,0,True,True,7.405,False,False,False
LINKUSDT,BUY,16457,2026-04-05 23:45:00,8.82,3.776,1.156,0.068,98,win,0.511,1.023,3.193,0,fresh,92.0,True,1.28,False,False,none,False,False,4,1,True,False,False,False,False,False,False,False,0,0,0,0,False,False,False,0,1,True,False,0,0,0,False,False,0.57,1,True,True,7.177,True,False,False
LINKUSDT,SELL,16555,2026-04-07 00:15:00,8.826,2.946,4.26,-4.237,90,win,0.471,0.943,-1.901,0,fresh,34.4,True,0.83,False,False,none,False,False,2,6,True,False,False,False,False,False,False,False,0,1,0,0,True,False,True,0,1,False,False,0,0,0,False,False,0.41,0,True,True,7.173,False,False,False
LINKUSDT,BUY,16645,2026-04-07 22:45:00,9.2,2.359,4.022,-3.783,98,win,0.759,1.518,5.776,0,fresh,93.9,True,2.54,True,True,bullish,True,False,8,1,True,False,False,False,False,False,False,False,0,0,0,0,False,False,False,0,0,False,False,0,0,0,False,False,0.19,0,True,False,6.88,True,False,True
LINKUSDT,SELL,16743,2026-04-08 23:15:00,8.852,1.909,2.09,-1.808,86,lose,0.494,0.986,-3.15,0,fresh,67.9,False,2.22,True,False,none,False,False,2,7,True,False,False,False,False,False,False,False,0,0,0,0,False,False,False,0,0,False,False,0,0,0,False,False,0.2,0,True,True,7.151,False,False,False
LINKUSDT,BUY,16829,2026-04-09 20:45:00,9.012,3.04,3.029,-2.397,213,win,0.523,1.045,2.273,0,fresh,69.6,False,0.63,False,False,none,False,False,2,2,False,False,False,False,False,False,False,False,0,0,0,0,False,False,False,0,0,False,False,0,0,0,False,False,0.36,0,True,False,7.024,True,False,False
LINKUSDT,SELL,17042,2026-04-12 02:00:00,8.796,1.342,2.058,-1.91,166,lose,0.614,1.228,-3.95,0,fresh,17.6,True,2.26,True,False,none,False,False,0,3,True,False,False,False,False,False,False,False,0,1,0,0,True,False,True,0,1,False,True,0,1,0,False,False,0.09,1,True,True,2.785,True,False,False
LINKUSDT,BUY,17208,2026-04-13 19:30:00,8.964,5.254,0.469,0.402,101,win,0.514,1.03,2.703,0,fresh,64.7,True,1.67,True,True,bullish,True,False,5,1,True,False,False,False,False,False,False,False,0,0,0,0,False,False,False,0,0,False,False,0,0,0,False,False,1.32,0,True,True,3.28,True,False,False
LINKUSDT,SELL,17309,2026-04-14 20:45:00,9.0,0.289,3.022,-2.589,86,lose,0.536,1.07,-2.113,0,fresh,8.3,True,0.37,False,False,none,False,False,0,3,True,False,False,False,False,False,False,False,0,0,0,0,False,False,False,0,1,False,False,0,1,0,False,False,0.23,0,True,True,4.589,True,False,False
LINKUSDT,BUY,17395,2026-04-15 18:15:00,9.233,6.845,1.202,1.787,257,win,0.472,0.946,2.14,0,fresh,82.9,False,0.68,False,False,none,False,False,1,1,False,False,False,False,False,False,False,False,0,0,0,0,False,False,False,0,0,False,False,0,0,0,False,False,0.73,0,True,False,4.474,False,False,False
LINKUSDT,SELL,17652,2026-04-18 10:30:00,9.398,4.309,0.5,0.649,231,win,0.403,0.808,-2.584,0,fresh,50.0,False,0.9,False,True,bearish,True,False,1,6,True,False,False,False,False,False,False,False,0,0,0,0,False,False,False,0,0,False,False,0,0,0,False,False,0.06,1,True,False,1.266,False,False,False
LINKUSDT,BUY,17883,2026-04-20 20:15:00,9.337,2.346,1.778,-0.536,210,win,0.456,0.912,2.033,0,fresh,22.9,True,1.15,False,False,none,False,False,2,0,True,False,False,False,False,False,False,False,0,0,0,0,False,False,False,0,0,False,False,0,0,0,False,False,0.36,0,True,False,1.274,False,False,False
LINKUSDT,SELL,18093,2026-04-23 00:45:00,9.287,1.594,1.12,-0.56,102,lose,0.404,0.808,-1.887,0,fresh,0.0,False,0.62,False,False,none,False,False,2,3,True,False,False,False,False,False,False,False,0,0,0,0,False,False,False,0,0,False,False,0,0,0,False,False,0.41,0,True,False,1.281,False,False,False
LINKUSDT,BUY,18195,2026-04-24 02:15:00,9.339,1.114,1.06,-0.503,164,lose,0.328,0.655,1.08,0,fresh,60.0,False,0.57,False,False,none,False,False,2,1,True,False,False,False,False,False,False,False,1,0,0,0,True,False,True,1,0,False,False,0,0,0,False,False,0.66,0,True,False,1.274,False,False,False
LINKUSDT,SELL,18359,2026-04-25 19:15:00,9.292,0.075,1.668,-1.399,55,lose,0.214,0.428,-1.031,0,fresh,73.3,False,0.31,False,True,bearish,True,False,1,4,True,False,False,False,False,False,False,False,0,0,0,0,False,False,False,0,1,False,False,0,0,0,False,False,0.3,1,True,False,0.57,False,False,False
LINKUSDT,BUY,18414,2026-04-26 09:00:00,9.422,1.762,1.38,-1.104,90,lose,0.206,0.413,0.967,0,fresh,22.2,False,0.66,False,False,none,False,False,4,0,True,False,False,False,False,False,False,False,0,0,0,0,False,False,False,0,0,False,False,0,0,0,False,False,0.24,0,True,False,0.563,False,False,False
LINKUSDT,SELL,18504,2026-04-27 07:30:00,9.318,1.91,0.848,-0.419,186,lose,0.379,0.758,-1.647,0,fresh,15.8,False,0.52,False,False,none,False,False,0,3,True,False,False,False,False,False,False,False,0,1,0,0,True,False,True,1,1,False,False,0,0,0,False,False,0.42,0,True,False,0.569,False,False,False
LINKUSDT,BUY,18690,2026-04-29 06:00:00,9.357,0.609,3.057,-2.853,39,lose,0.284,0.569,1.309,0,fresh,14.3,False,0.84,False,False,none,False,False,5,1,True,False,False,False,False,False,False,False,0,0,0,1,False,False,True,0,1,True,False,0,0,0,False,False,0.17,1,True,True,0.93,False,False,False
LINKUSDT,SELL,18729,2026-04-29 15:45:00,9.09,2.046,2.046,-1.749,185,win,0.452,0.904,-2.627,0,fresh,32.5,False,2.66,True,False,none,False,False,0,6,True,False,False,False,False,False,False,False,0,0,0,0,False,False,False,0,0,False,False,0,0,0,False,False,0.43,0,True,False,0.957,False,False,False
LINKUSDT,BUY,18914,2026-05-01 14:00:00,9.249,0.119,2.033,-1.579,50,lose,0.333,0.665,1.668,0,fresh,16.2,False,1.69,True,False,none,False,False,2,2,False,False,False,False,False,False,False,False,0,0,0,1,False,False,True,1,1,False,False,0,0,0,False,False,0.54,0,True,False,3.254,False,False,False
LINKUSDT,SELL,18964,2026-05-02 02:30:00,9.103,0.472,1.659,-1.164,76,lose,0.212,0.424,-0.691,0,fresh,33.3,True,0.59,False,False,none,False,False,1,2,True,False,False,False,False,False,False,False,0,0,0,0,False,False,False,0,1,False,False,0,0,0,False,False,0.32,0,True,True,3.307,False,False,False
LINKUSDT,BUY,19040,2026-05-02 21:30:00,9.209,0.141,1.488,-1.314,28,lose,0.223,0.446,1.207,0,fresh,41.0,True,6.45,True,True,bullish,True,False,4,1,True,False,False,False,False,False,False,False,0,0,0,0,False,False,False,1,0,False,False,0,0,0,False,True,17.65,1,True,True,3.779,False,False,False
LINKUSDT,SELL,19068,2026-05-03 04:30:00,9.088,0.275,2.311,-1.97,86,lose,0.186,0.372,-0.655,0,fresh,33.3,False,1.5,False,False,none,False,False,0,3,True,False,False,False,False,False,False,False,0,0,0,0,False,False,False,0,0,False,False,0,0,0,False,False,2.01,0,True,True,3.829,False,False,False
LINKUSDT,BUY,19154,2026-05-04 02:00:00,9.267,10.575,0.151,6.485,377,win,0.439,0.878,2.183,0,fresh,27.9,True,2.45,True,False,none,False,False,4,4,False,False,False,False,False,False,False,False,0,0,0,0,False,False,False,0,1,True,False,0,0,0,False,False,0.14,0,True,False,3.755,False,False,False
LINKUSDT,SELL,19531,2026-05-08 00:15:00,9.868,1.084,4.175,-3.932,69,lose,0.372,0.744,-1.321,0,fresh,6.5,False,1.25,False,False,none,False,False,1,3,True,False,False,False,False,False,False,False,0,0,0,0,False,False,False,0,0,False,False,0,0,0,False,False,0.23,0,True,False,3.527,False,False,False
LINKUSDT,BUY,19600,2026-05-08 17:30:00,10.256,5.987,0.039,1.277,346,win,0.547,1.093,3.75,0,fresh,75.5,True,3.25,True,True,bullish,True,False,5,0,True,False,False,False,False,False,False,False,0,0,0,0,False,False,False,0,0,False,False,0,0,0,False,False,1.75,0,True,False,0.741,True,False,False
LINKUSDT,SELL,19946,2026-05-12 08:00:00,10.387,2.879,1.04,-0.712,84,win,0.388,0.776,-2.05,0,fresh,75.0,False,1.66,True,False,none,False,False,1,3,True,False,False,False,False,False,False,False,0,0,0,0,False,False,False,0,0,False,False,0,0,0,False,False,0.68,0,True,False,1.03,False,False,False
LINKUSDT,BUY,20030,2026-05-13 05:00:00,10.461,3.26,3.221,-2.419,39,win,0.312,0.622,1.391,0,fresh,51.5,False,1.05,False,False,none,False,False,5,0,True,False,False,False,False,False,False,False,0,0,0,0,False,False,False,0,0,False,False,0,0,0,False,False,0.65,0,True,False,0.421,False,False,False
LINKUSDT,SELL,20069,2026-05-13 14:45:00,10.208,1.734,4.428,-4.183,100,lose,0.697,1.394,-3.197,0,fresh,19.4,True,0.36,False,False,none,False,False,0,7,True,False,False,False,False,False,False,False,0,0,0,0,False,False,False,0,0,False,False,0,0,0,False,False,0.18,0,True,False,0.431,True,False,False
LINKUSDT,BUY,20169,2026-05-14 15:45:00,10.635,1.26,4.1,-3.235,59,lose,0.609,1.219,4.088,0,fresh,73.0,True,1.82,True,True,bullish,True,False,9,0,True,False,False,False,False,False,False,False,0,0,0,0,False,False,False,0,0,False,False,0,0,0,False,False,0.26,0,True,False,0.545,True,False,False
LINKUSDT,SELL,20228,2026-05-15 06:30:00,10.291,9.649,0.972,5.306,381,win,0.457,0.913,-2.087,0,fresh,70.0,True,0.52,False,True,bullish,False,True,3,5,True,False,False,False,False,False,False,False,0,0,0,0,False,False,False,0,0,False,False,0,0,0,False,False,0.44,0,True,False,0.564,False,False,False
LINKUSDT,BUY,20609,2026-05-19 05:45:00,9.745,0.78,3.232,-2.904,65,lose,0.458,0.916,2.404,0,fresh,30.0,True,0.88,False,False,none,False,False,4,0,True,False,False,False,False,False,False,False,0,0,0,0,False,False,False,0,0,False,False,0,0,0,False,False,0.85,0,True,False,0.841,False,False,False
LINKUSDT,SELL,20674,2026-05-19 22:00:00,9.462,0.951,2.357,-2.05,104,lose,0.332,0.664,-1.613,0,fresh,9.4,True,1.22,False,False,none,False,False,0,2,True,False,False,False,False,False,False,False,0,0,0,0,False,False,False,0,0,False,False,0,0,0,False,False,5.55,0,True,True,0.867,False,False,False
LINKUSDT,BUY,20778,2026-05-21 00:00:00,9.656,3.884,3.003,-2.009,175,win,0.351,0.703,1.444,0,fresh,67.6,True,2.46,True,True,bullish,True,False,4,1,True,False,False,False,False,False,False,False,0,0,0,1,False,False,True,0,1,True,False,0,0,0,False,False,0.86,0,True,False,1.346,False,False,False
LINKUSDT,SELL,20953,2026-05-22 19:45:00,9.462,4.523,3.097,-3.075,100,win,0.794,1.587,-4.449,0,fresh,45.4,True,2.41,True,False,none,False,False,1,5,True,False,False,False,False,False,False,False,0,0,0,0,False,False,False,0,0,False,False,0,0,0,False,False,0.1,0,True,False,0.698,True,False,True
LINKUSDT,BUY,21053,2026-05-23 20:45:00,9.753,0.277,4.286,-4.101,98,lose,0.568,1.136,5.063,0,fresh,87.8,True,3.27,True,True,bullish,True,False,4,0,True,False,False,False,False,False,False,False,0,0,0,0,False,False,False,0,0,False,False,0,0,0,False,False,0.1,1,True,False,3.097,True,False,False
LINKUSDT,SELL,21151,2026-05-24 21:15:00,9.353,1.187,3.036,-2.737,70,lose,0.31,0.621,-1.701,0,fresh,81.5,False,1.77,True,True,bearish,True,False,0,4,True,False,False,False,False,False,False,False,0,0,0,0,False,False,False,0,0,False,False,0,0,0,False,False,1.65,0,True,True,3.229,False,False,False
LINKUSDT,BUY,21221,2026-05-25 14:45:00,9.609,0.614,2.654,-2.612,49,lose,0.318,0.638,1.763,0,fresh,64.3,True,0.65,False,False,none,False,False,3,1,True,False,False,False,False,False,False,False,0,0,0,0,False,False,False,0,0,False,False,0,0,0,False,False,0.41,0,True,True,3.143,False,False,False
LINKUSDT,SELL,21270,2026-05-26 03:00:00,9.358,6.551,3.462,2.105,378,win,0.342,0.685,-1.855,0,fresh,82.1,False,1.0,False,False,none,False,False,1,3,True,False,False,False,False,False,False,False,0,0,0,1,False,True,True,0,1,False,False,0,0,0,False,False,0.52,0,True,True,3.227,False,False,False
LINKUSDT,BUY,21648,2026-05-30 01:30:00,9.161,1.626,1.648,-1.474,158,lose,0.435,0.872,2.376,0,fresh,8.5,True,2.98,True,False,none,False,False,6,0,True,False,False,False,False,False,False,False,0,0,0,0,False,False,False,0,0,False,False,0,0,0,False,False,0.1,0,True,True,1.714,False,False,False
LINKUSDT,SELL,21806,2026-05-31 17:00:00,9.026,22.59,2.127,16.065,617,win,0.425,0.851,-2.24,0,fresh,8.6,False,0.61,False,False,none,False,False,0,4,True,False,False,False,False,False,False,False,0,0,0,0,False,False,False,0,0,False,False,0,0,0,False,False,0.07,1,True,False,1.95,False,False,False
LINKUSDT,BUY,22423,2026-06-07 03:15:00,7.576,7.22,0.66,2.257,289,win,0.599,1.197,3.023,0,fresh,23.5,True,0.96,False,False,none,False,False,3,1,True,False,False,False,False,False,False,False,0,0,0,0,False,False,False,0,0,False,False,0,0,0,False,False,0.25,0,True,False,0.805,True,False,False
LINKUSDT,SELL,22712,2026-06-10 03:30:00,7.747,3.498,1.949,-1.149,130,win,0.52,1.042,-2.234,0,fresh,53.8,False,0.6,False,False,none,False,False,1,4,True,False,False,False,False,False,False,False,0,0,0,0,False,False,False,0,0,False,False,0,0,0,False,False,0.39,0,True,False,1.962,True,False,False
LINKUSDT,BUY,22842,2026-06-11 12:00:00,7.836,2.82,1.978,-0.128,299,win,0.379,0.757,2.025,0,fresh,59.3,False,2.45,True,False,none,False,False,2,1,True,False,False,False,False,False,False,False,1,0,0,0,True,False,True,1,0,False,False,0,0,0,False,False,0.16,0,True,False,1.94,False,False,False
LINKUSDT,SELL,23141,2026-06-14 14:45:00,7.826,0.601,4.204,-3.246,30,lose,0.322,0.645,-1.721,0,fresh,96.4,True,1.1,False,False,none,False,False,1,4,True,False,False,False,False,False,False,False,0,0,0,0,False,False,False,0,0,False,False,0,0,0,False,False,0.74,0,True,True,3.399,False,False,False
LINKUSDT,BUY,23171,2026-06-14 22:15:00,8.08,6.658,0.099,0.73,243,win,0.542,1.086,2.903,0,fresh,10.0,True,1.09,False,False,none,False,False,5,1,True,False,False,False,False,False,False,False,0,0,0,0,False,False,False,0,1,True,False,0,0,0,False,False,0.21,1,True,False,3.292,True,False,False
LINKUSDT,SELL,23414,2026-06-17 11:00:00,8.139,4.644,2.801,1.794,381,win,0.485,0.972,-2.295,0,fresh,40.8,False,2.92,True,True,bearish,True,False,0,4,True,False,False,False,False,False,False,False,0,0,0,0,False,False,False,0,0,False,False,0,0,0,False,False,7.95,0,True,False,1.585,False,False,False
LINKUSDT,BUY,23795,2026-06-21 10:15:00,7.993,0.013,2.79,-2.402,51,lose,0.295,0.591,1.16,0,fresh,23.3,True,1.7,True,False,none,False,False,3,1,True,False,False,False,False,False,False,False,0,1,1,0,False,True,True,1,1,False,False,0,0,0,False,False,0.27,0,True,False,1.677,False,False,False
LINKUSDT,SELL,23846,2026-06-21 23:00:00,7.801,0.5,4.115,-3.999,53,lose,0.423,0.845,-2.151,0,fresh,85.7,False,1.15,False,False,none,False,False,1,4,True,False,False,False,False,False,False,False,0,0,0,0,False,False,False,0,0,False,False,0,0,0,False,False,0.82,0,True,False,1.718,False,False,False
LINKUSDT,BUY,23899,2026-06-22 12:15:00,8.113,0.493,3.784,-3.562,68,lose,0.452,0.905,2.84,0,fresh,54.2,True,1.21,False,False,none,False,False,3,0,True,False,False,False,False,False,False,False,0,0,0,0,False,False,False,0,0,False,False,0,0,0,False,False,0.22,0,True,False,1.652,False,False,False
LINKUSDT,SELL,23967,2026-06-23 05:15:00,7.824,9.049,0.166,3.732,202,win,0.406,0.814,-2.045,0,fresh,33.3,False,1.36,False,False,none,False,False,1,1,False,False,False,False,False,False,False,False,0,0,0,0,False,False,False,0,0,False,False,0,0,0,False,False,0.49,0,True,True,1.713,False,False,False
LINKUSDT,BUY,24169,2026-06-25 07:45:00,7.532,0.013,7.05,-6.745,24,lose,0.378,0.755,1.776,0,fresh,20.0,True,0.87,False,False,none,False,False,3,0,True,False,False,False,False,False,False,False,0,0,0,1,False,False,True,1,1,False,False,0,0,0,False,False,0.02,0,True,False,1.713,False,False,False
LINKUSDT,SELL,24193,2026-06-25 13:45:00,7.024,0.214,5.339,-4.712,142,lose,0.87,1.74,-7.306,0,fresh,85.1,False,9.79,True,True,bearish,True,False,1,4,True,False,False,False,False,False,False,False,0,0,0,0,False,False,False,0,1,False,False,0,0,0,False,False,0.81,0,True,False,1.837,True,False,True
LINKUSDT,BUY,24335,2026-06-27 01:15:00,7.355,1.604,1.536,-0.802,104,lose,0.4,0.799,1.822,0,fresh,70.6,True,0.31,False,False,none,False,False,3,1,True,False,False,False,False,False,False,False,0,0,0,0,False,False,False,0,0,False,False,0,0,0,False,False,0.35,0,True,False,1.754,False,False,False
LINKUSDT,SELL,24439,2026-06-28 03:15:00,7.296,1.974,2.782,-2.289,157,lose,0.288,0.577,-1.102,0,fresh,8.3,True,0.57,False,False,none,False,False,1,2,True,False,False,False,False,False,False,False,0,0,0,0,False,False,False,0,0,False,False,0,0,0,False,False,0.14,0,True,False,1.206,False,False,False
LINKUSDT,BUY,24596,2026-06-29 18:30:00,7.463,0.228,2.961,-2.519,63,lose,0.634,1.268,2.944,0,fresh,78.1,True,0.33,False,False,none,False,False,4,1,True,False,False,False,False,False,False,False,0,0,0,1,False,False,True,1,1,False,False,0,0,0,False,False,0.33,0,True,False,2.546,True,False,False
LINKUSDT,SELL,24659,2026-06-30 10:15:00,7.275,2.818,2.557,-1.869,118,win,0.285,0.568,-1.214,0,fresh,33.3,False,0.34,False,False,none,False,False,0,1,True,False,False,False,False,False,False,False,0,0,0,0,False,False,False,0,0,False,False,0,0,0,False,False,0.7,0,True,True,2.612,False,False,False
LINKUSDT,BUY,24777,2026-07-01 15:45:00,7.411,10.296,1.484,6.301,334,win,0.591,1.182,2.966,0,fresh,0.0,False,0.58,False,False,none,False,False,4,0,True,False,False,False,False,False,False,False,0,0,0,0,False,False,False,0,0,False,False,0,0,0,False,False,0.68,0,True,False,1.754,True,False,False
LINKUSDT,SELL,25111,2026-07-05 03:15:00,7.878,0.559,3.161,-3.123,76,lose,0.396,0.791,-1.933,0,fresh,80.5,False,2.87,True,False,none,False,False,0,3,True,False,False,False,False,False,False,False,0,0,0,0,False,False,False,0,0,False,False,0,0,0,False,False,3.85,1,True,False,0.571,False,False,False
LINKUSDT,BUY,25187,2026-07-05 22:15:00,8.124,0.308,4.53,-3.323,66,lose,0.382,0.763,2.503,0,fresh,79.3,True,2.87,True,False,none,False,False,4,1,True,False,False,False,False,False,False,False,0,0,0,0,False,False,False,0,0,False,False,0,0,0,False,False,0.43,0,True,False,0.554,False,False,False
LINKUSDT,SELL,25253,2026-07-06 14:45:00,7.854,4.291,4.049,1.235,299,win,0.522,1.044,-2.048,0,fresh,48.6,False,0.57,False,False,none,False,False,4,5,True,False,False,False,False,False,False,False,0,0,0,0,False,False,False,0,1,False,False,0,0,0,False,False,0.43,0,True,False,0.573,True,False,False
LINKUSDT,BUY,25552,2026-07-09 17:30:00,7.757,4.641,0.696,1.715,218,win,0.418,0.835,1.613,0,fresh,80.4,True,1.14,False,True,bullish,True,False,2,2,False,False,False,False,False,False,False,False,0,0,0,0,False,False,False,0,1,True,False,0,1,0,False,False,2.1,0,True,False,2.424,False,False,False
LINKUSDT,SELL,25770,2026-07-12 00:00:00,7.89,0.456,2.674,-2.332,79,lose,0.338,0.677,-1.934,0,fresh,40.5,False,3.17,True,False,none,False,False,0,6,True,False,False,False,False,False,False,False,0,0,0,0,False,False,False,0,0,False,False,0,0,0,False,False,1.89,0,True,True,1.698,False,False,False
LINKUSDT,BUY,25849,2026-07-12 19:45:00,8.074,0.743,2.626,-1.784,65,lose,0.279,0.556,1.3,0,fresh,73.3,True,0.63,False,True,bullish,True,False,4,1,True,False,False,False,False,False,False,False,0,0,0,0,False,False,False,0,0,False,False,0,0,0,False,False,4.27,1,True,True,0.904,False,False,False
LINKUSDT,SELL,25914,2026-07-13 12:00:00,7.93,1.791,3.72,-3.153,100,lose,0.308,0.615,-1.202,0,fresh,5.3,False,1.15,False,False,none,False,False,2,2,False,False,False,False,False,False,False,False,0,0,1,0,False,False,True,1,0,True,False,0,0,0,False,False,0.02,0,True,True,0.971,False,False,False
LINKUSDT,BUY,26014,2026-07-14 13:00:00,8.18,5.526,0.0,1.919,235,win,0.511,1.023,3.632,0,fresh,8.9,False,2.61,True,False,none,False,False,4,1,True,False,False,False,False,False,False,False,0,0,0,0,False,False,False,0,0,False,False,0,0,0,False,False,0.22,1,True,False,2.359,True,False,False
LINKUSDT,SELL,26249,2026-07-16 23:45:00,8.337,4.03,0.324,-0.036,177,win,0.363,0.728,-1.861,0,fresh,48.4,True,0.85,False,False,none,False,False,2,4,True,False,False,False,False,False,False,False,0,0,0,0,False,False,False,1,0,True,False,1,0,0,False,False,0.53,0,True,False,2.315,False,False,False
LINKUSDT,BUY,26426,2026-07-18 20:00:00,8.34,5.036,0.731,2.278,431,win,0.267,0.535,1.41,0,fresh,34.8,True,0.83,False,True,bullish,True,False,3,2,True,False,False,False,False,False,False,False,0,0,0,0,False,False,False,0,0,False,False,0,0,0,False,False,3.27,0,True,False,3.034,False,False,False
LINKUSDT,SELL,26857,2026-07-23 07:45:00,8.53,3.142,1.489,1.336,234,win,0.271,0.542,-1.504,0,fresh,25.0,True,1.04,False,False,none,False,False,0,3,True,False,False,False,False,False,False,False,0,0,0,0,False,False,False,0,0,False,False,0,0,0,False,False,0.15,1,True,True,0.703,False,False,False
LINKUSDT,BUY,27091,2026-07-25 18:15:00,8.416,5.989,0.76,2.567,198,win,0.231,0.461,1.078,0,fresh,45.5,True,0.28,False,False,none,False,False,2,0,True,False,False,False,False,False,False,False,1,0,0,0,True,False,True,1,0,False,False,0,0,0,False,False,1.19,0,True,False,0.226,False,False,False
LINKUSDT,SELL,27289,2026-07-27 19:45:00,8.632,5.491,0.127,1.946,258,win,0.43,0.86,-1.514,0,fresh,25.0,False,0.47,False,False,none,False,False,2,1,False,True,False,False,False,False,False,False,0,1,0,0,True,False,True,1,1,False,False,1,0,0,False,False,0.35,0,True,True,1.529,False,False,False
LINKUSDT,BUY,27547,2026-07-30 12:15:00,8.464,0.874,2.623,-2.564,86,lose,0.354,0.709,1.896,0,fresh,37.1,False,1.4,False,False,none,False,False,4,0,True,False,False,False,False,False,False,False,0,0,0,0,False,False,False,0,0,False,False,0,0,0,False,False,0.56,0,True,False,0.366,False,False,False
LINKUSDT,SELL,27633,2026-07-31 09:45:00,8.247,4.426,0.485,0.133,163,win,0.355,0.709,-2.114,0,fresh,65.0,False,0.71,False,True,bearish,True,False,3,3,False,False,False,False,False,False,False,False,0,0,0,0,False,False,False,0,0,False,False,0,0,0,False,False,0.06,0,True,False,0.376,False,False,False
LINKUSDT,BUY,27796,2026-08-02 02:30:00,8.236,2.635,0.959,-0.741,135,win,0.379,0.758,2.32,0,fresh,52.3,False,1.14,False,False,none,False,False,6,1,True,False,False,False,False,False,False,False,0,0,0,0,False,False,False,0,0,False,False,0,0,0,False,False,0.22,0,True,False,0.376,False,False,False
LINKUSDT,SELL,27931,2026-08-03 12:15:00,8.175,1.382,2.006,-1.59,311,lose,0.316,0.631,-1.753,0,fresh,12.5,False,0.69,False,False,none,False,False,1,5,True,False,False,False,False,False,False,False,0,1,0,0,True,False,True,0,1,False,False,0,0,0,False,False,0.72,0,True,False,0.355,False,False,False
LINKUSDT,BUY,28242,2026-08-06 18:00:00,8.305,1.108,2.456,-1.469,315,lose,0.477,0.954,2.172,0,fresh,49.1,False,1.19,False,False,none,False,False,2,0,True,False,False,False,False,False,False,False,0,0,0,0,False,False,False,1,0,False,False,0,0,0,False,False,0.21,0,True,False,1.686,False,False,False
LINKUSDT,SELL,28557,2026-08-10 00:45:00,8.183,0.22,3.422,-2.945,100,lose,0.412,0.824,-2.024,0,fresh,39.0,True,0.96,False,False,none,False,False,1,3,True,False,False,False,False,False,False,False,0,0,0,0,False,False,False,1,1,False,False,0,0,0,False,False,0.06,1,True,False,0.501,False,False,False
LINKUSDT,BUY,28657,2026-08-11 01:45:00,8.424,49.869,0.736,36.99,1156,win,0.423,0.845,2.239,0,fresh,11.4,False,2.4,True,False,none,False,False,4,1,True,False,False,False,False,False,False,False,0,0,0,0,False,False,False,0,0,False,False,0,0,0,False,False,0.01,0,True,False,0.487,False,False,False
LINKUSDT,SELL,29813,2026-08-23 02:45:00,11.54,4.35,2.192,-1.395,186,win,0.686,1.373,-2.802,0,fresh,13.0,False,0.73,False,False,none,False,False,1,1,False,False,False,False,False,False,False,False,0,0,0,0,False,False,False,0,0,False,False,0,0,0,False,False,0.77,0,True,True,5.381,True,False,False
NEARUSDT,SELL,17,2025-10-16 17:45:00,2.258,8.99,0.266,1.284,262,win,1.378,2.751,-5.742,0,fresh,38.5,False,0.43,False,False,none,False,False,1,5,True,False,False,False,False,False,False,False,0,0,0,0,False,False,False,0,1,False,False,0,0,0,False,False,0.03,1,True,False,1.595,True,False,True
NEARUSDT,BUY,279,2025-10-19 11:15:00,2.229,4.845,1.795,-1.436,163,win,0.884,1.763,4.504,0,fresh,17.6,False,0.96,False,False,none,False,False,4,3,True,False,False,False,False,False,False,False,0,0,0,0,False,False,False,0,0,False,False,0,0,0,False,False,0.48,1,True,False,3.185,True,False,True
NEARUSDT,SELL,442,2025-10-21 04:00:00,2.197,1.593,6.782,-6.372,44,lose,0.614,1.224,-4.056,0,fresh,68.6,False,4.88,True,True,bearish,True,False,0,5,True,False,False,False,False,False,False,False,0,0,0,0,False,False,False,0,0,False,False,0,0,0,False,False,4.28,1,True,False,1.047,True,False,False
NEARUSDT,BUY,486,2025-10-21 15:00:00,2.337,1.113,6.333,-5.691,60,lose,1.061,2.126,6.339,0,fresh,27.0,True,3.13,True,True,bullish,True,False,6,0,True,False,False,False,False,False,False,False,0,0,0,0,False,False,False,0,0,False,False,0,0,0,False,False,0.64,0,True,False,0.984,True,False,True
NEARUSDT,SELL,546,2025-10-22 06:00:00,2.204,5.036,2.269,-1.951,188,win,0.699,1.403,-3.268,0,fresh,55.6,False,1.14,False,False,none,False,False,3,2,False,True,False,False,False,False,False,False,0,0,0,0,False,False,False,0,0,False,False,0,0,0,False,False,1.14,0,True,False,1.044,True,False,False
NEARUSDT,BUY,734,2025-10-24 05:00:00,2.247,7.61,2.136,2.492,439,win,0.534,1.064,3.062,0,fresh,16.7,True,2.24,True,False,none,False,False,2,0,True,False,False,False,False,False,False,False,0,0,0,0,False,False,False,0,0,False,False,0,0,0,False,False,0.5,0,True,False,2.759,True,False,False
NEARUSDT,SELL,1173,2025-10-28 18:45:00,2.303,4.559,0.825,-0.347,77,win,0.721,1.442,-2.987,0,fresh,40.0,True,0.57,False,False,none,False,False,1,4,True,False,False,False,False,False,False,False,0,0,0,0,False,False,False,0,0,False,False,0,0,0,False,False,0.42,0,True,False,1.693,True,False,False
NEARUSDT,BUY,1250,2025-10-29 14:00:00,2.311,1.558,5.193,-4.543,80,lose,0.541,1.086,2.177,0,fresh,14.3,False,1.41,False,False,none,False,False,5,0,True,False,False,False,False,False,False,False,0,0,0,0,False,False,False,0,0,False,False,0,0,0,False,False,0.18,0,True,False,1.688,True,False,False
NEARUSDT,SELL,1330,2025-10-30 10:00:00,2.206,8.069,0.635,1.405,203,win,0.816,1.636,-4.048,0,fresh,18.8,False,1.57,True,False,none,False,False,3,4,True,False,False,False,False,False,False,False,0,0,0,0,False,False,False,0,0,False,False,0,0,0,False,False,2.2,0,True,False,4.714,True,False,True
NEARUSDT,BUY,1533,2025-11-01 12:45:00,2.175,1.241,5.563,-5.379,155,lose,0.589,1.177,3.297,0,fresh,40.0,False,1.35,False,False,none,False,False,3,1,True,False,False,False,False,False,False,False,1,0,0,0,True,False,True,1,0,False,False,1,0,0,False,False,0.1,0,True,False,4.782,True,False,False
NEARUSDT,SELL,1688,2025-11-03 03:30:00,2.058,16.472,0.534,5.831,251,win,0.909,1.812,-5.525,0,fresh,78.3,False,2.13,True,True,bearish,True,False,2,7,True,False,False,False,False,False,False,False,0,0,0,0,False,False,False,1,0,True,False,0,0,0,False,False,1.1,0,True,False,5.053,True,False,True
NEARUSDT,BUY,1939,2025-11-05 18:15:00,1.938,64.293,2.683,41.692,510,win,0.753,1.507,4.479,0,fresh,83.3,True,1.03,False,True,bullish,True,False,5,0,True,False,False,False,False,False,False,False,0,0,0,0,False,False,False,0,0,False,False,0,0,0,False,False,0.28,0,True,True,4.283,True,False,True
NEARUSDT,SELL,2449,2025-11-11 01:45:00,2.746,16.096,3.205,7.247,395,win,1.151,2.302,-5.586,0,fresh,20.0,False,0.82,False,False,none,False,False,1,3,True,False,False,False,False,False,False,False,0,1,0,0,True,False,True,0,1,False,False,0,0,0,False,False,0.13,0,True,False,3.023,True,False,True
NEARUSDT,BUY,2844,2025-11-15 04:30:00,2.547,2.945,6.203,-6.164,78,win,1.001,1.998,6.099,0,fresh,62.3,True,3.51,True,True,bullish,True,False,6,0,True,False,False,False,False,False,False,False,0,0,0,0,False,False,False,0,0,False,False,0,0,0,False,False,3.28,0,True,False,2.747,True,False,True
NEARUSDT,SELL,2922,2025-11-16 00:00:00,2.39,10.167,7.155,0.921,384,win,0.657,1.314,-3.7,0,fresh,69.6,False,0.86,False,True,bearish,True,False,0,3,True,False,False,False,False,False,False,False,0,0,0,0,False,False,False,0,0,False,False,0,0,0,False,False,2.5,0,True,False,2.93,True,False,False
NEARUSDT,BUY,3306,2025-11-20 00:00:00,2.368,1.858,9.797,-9.206,67,lose,1.347,2.694,5.908,0,fresh,35.0,False,0.55,False,False,none,False,False,3,0,True,False,False,False,False,False,False,False,0,0,0,0,False,False,False,0,0,False,False,0,0,0,False,False,0.22,0,True,False,1.858,True,False,True
NEARUSDT,SELL,3373,2025-11-20 16:45:00,2.15,16.465,0.884,9.86,384,win,1.371,2.738,-9.121,0,fresh,23.3,False,2.11,True,False,none,False,False,0,7,True,False,False,False,False,False,False,False,0,0,0,0,False,False,False,0,0,False,False,0,0,0,False,False,0.32,0,True,False,2.046,True,False,True
NEARUSDT,BUY,3757,2025-11-24 16:45:00,1.938,2.477,5.108,-5.057,66,win,1.166,2.327,5.516,0,fresh,76.5,True,0.64,False,False,none,False,False,4,1,True,False,False,False,False,False,False,False,0,0,0,0,False,False,False,0,0,False,False,0,0,0,False,False,0.2,0,True,True,10.268,True,False,True
NEARUSDT,SELL,3823,2025-11-25 09:15:00,1.84,1.359,6.467,-5.598,136,lose,0.653,1.305,-3.801,0,fresh,90.9,False,0.98,False,False,none,False,False,1,5,True,False,False,False,False,False,False,False,0,0,0,0,False,False,False,0,0,False,False,0,0,0,False,False,0.2,0,True,True,10.821,True,False,False
NEARUSDT,BUY,3959,2025-11-26 19:15:00,1.943,0.566,3.911,-3.911,124,lose,0.793,1.586,3.852,0,fresh,33.3,False,0.57,False,False,none,False,False,5,0,True,False,False,False,False,False,False,False,0,0,0,0,False,False,False,1,0,False,False,1,0,0,False,False,0.12,0,True,True,10.247,True,False,True
NEARUSDT,SELL,4083,2025-11-28 02:15:00,1.867,15.212,4.713,9.106,417,win,0.557,1.119,-3.278,0,fresh,58.8,False,1.86,True,False,none,False,False,0,5,True,False,False,False,False,False,False,False,0,0,0,0,False,False,False,0,0,False,False,0,0,0,False,False,0.3,0,True,True,10.659,True,False,False
NEARUSDT,BUY,4500,2025-12-02 10:30:00,1.697,11.844,0.059,5.186,228,win,0.725,1.456,3.465,0,fresh,84.6,True,0.45,False,True,bullish,True,False,2,0,True,False,False,False,False,False,False,False,0,0,0,0,False,False,False,0,0,False,False,0,0,0,False,False,1.47,0,True,False,1.886,True,False,False
NEARUSDT,SELL,4728,2025-12-04 19:30:00,1.785,8.291,1.793,1.008,293,win,0.908,1.815,-3.927,0,fresh,79.2,True,1.82,True,True,bullish,False,True,1,3,True,False,False,False,False,False,False,False,0,1,0,0,True,False,True,0,1,False,False,0,0,0,False,False,0.41,0,True,True,0.672,True,False,True
NEARUSDT,BUY,5021,2025-12-07 20:45:00,1.767,1.981,4.754,-3.169,147,lose,0.696,1.393,4.066,0,fresh,76.9,True,0.71,False,True,bullish,True,False,7,0,True,False,False,False,False,False,False,False,0,0,0,0,False,False,False,0,0,False,False,0,0,0,False,False,0.38,0,True,False,1.189,True,False,False
NEARUSDT,SELL,5168,2025-12-09 09:30:00,1.711,0.058,7.656,-7.189,25,lose,0.543,1.086,-2.506,0,fresh,66.7,False,0.65,False,False,none,False,False,2,1,False,True,False,False,False,False,False,False,0,0,0,0,False,False,False,0,1,False,False,0,0,0,False,False,0.54,0,True,False,2.22,True,False,False
NEARUSDT,BUY,5193,2025-12-09 15:45:00,1.834,2.781,4.526,-4.253,70,win,0.933,1.86,6.165,0,fresh,60.0,True,4.12,True,True,bullish,True,False,5,0,True,False,False,False,False,False,False,False,0,0,0,0,False,False,False,0,0,False,False,0,0,0,False,False,0.32,0,True,False,2.073,True,False,True
NEARUSDT,SELL,5263,2025-12-10 09:15:00,1.756,9.909,6.15,4.556,294,win,0.473,0.946,-2.9,0,fresh,40.0,False,0.83,False,False,none,False,False,0,3,True,False,False,False,False,False,False,False,0,0,0,0,False,False,False,0,0,False,False,0,0,0,False,False,0.27,0,True,True,2.165,False,False,False
NEARUSDT,BUY,5557,2025-12-13 10:45:00,1.676,0.477,3.043,-2.745,82,lose,0.424,0.847,2.261,0,fresh,40.0,True,1.01,False,False,none,False,False,4,0,True,False,False,False,False,False,False,False,0,0,0,0,False,False,False,0,0,False,False,0,0,0,False,False,0.26,0,True,True,1.492,False,False,False
NEARUSDT,SELL,5639,2025-12-14 07:15:00,1.63,8.773,0.982,2.454,248,win,0.387,0.773,-1.756,0,fresh,100.0,False,0.37,False,False,none,False,False,0,1,True,False,False,False,False,False,False,False,0,0,0,0,False,False,False,0,0,False,False,0,0,0,False,False,0.41,0,True,False,1.535,False,False,False
NEARUSDT,BUY,5887,2025-12-16 21:15:00,1.59,1.447,7.107,-6.604,85,lose,0.919,1.831,3.99,0,fresh,45.5,False,0.43,False,False,none,False,False,6,2,True,False,False,False,False,False,False,False,0,0,0,0,False,False,False,1,0,False,False,1,0,0,False,False,0.87,0,True,False,0.378,True,False,True
NEARUSDT,SELL,5972,2025-12-17 18:30:00,1.485,2.29,7.003,-5.522,85,win,1.306,2.62,-6.33,0,fresh,60.0,False,0.53,False,True,bearish,True,False,4,6,True,False,False,False,False,False,False,False,0,0,0,0,False,False,False,0,0,False,False,0,0,0,False,False,1.57,0,True,False,0.404,True,False,True
NEARUSDT,BUY,6057,2025-12-18 15:45:00,1.567,2.106,9.317,-9.062,23,win,1.238,2.482,6.299,0,fresh,50.0,False,2.82,True,False,none,False,False,4,0,True,False,False,False,False,False,False,False,0,0,0,0,False,False,False,0,0,False,False,0,0,0,False,False,0.01,0,True,False,0.383,True,False,True
NEARUSDT,SELL,6080,2025-12-18 21:30:00,1.425,1.474,8.491,-8.211,76,lose,1.467,2.933,-6.681,0,fresh,82.4,False,0.46,False,False,none,False,False,0,6,True,False,False,False,False,False,False,False,0,0,0,0,False,False,False,1,0,True,False,0,0,0,False,False,1.05,0,True,False,0.421,True,False,True
NEARUSDT,BUY,6156,2025-12-19 16:30:00,1.542,1.167,4.929,-4.799,180,lose,0.94,1.887,5.376,0,fresh,68.2,True,1.72,True,False,none,False,False,3,1,True,False,False,False,False,False,False,False,0,0,0,0,False,False,False,0,0,False,False,0,0,0,False,False,3.03,0,True,False,1.621,True,False,True
NEARUSDT,SELL,6336,2025-12-21 13:30:00,1.468,1.022,5.109,-4.36,68,lose,0.694,1.389,-4.132,0,fresh,64.7,False,4.14,True,True,bearish,True,False,2,5,True,False,False,False,False,False,False,False,0,0,1,0,False,False,True,1,0,True,False,0,0,0,False,False,0.17,0,True,False,1.702,True,False,False
NEARUSDT,BUY,6404,2025-12-22 06:30:00,1.532,3.525,2.742,-1.893,79,win,0.679,1.364,3.231,0,fresh,100.0,True,0.74,False,False,none,False,False,2,2,False,False,False,False,False,False,False,False,0,0,0,0,False,False,False,0,0,False,False,0,0,0,False,False,0.05,0,True,False,1.632,True,False,False
NEARUSDT,SELL,6483,2025-12-23 02:15:00,1.503,4.591,1.863,-0.399,202,win,0.679,1.365,-2.443,0,fresh,14.3,False,0.5,False,False,none,False,False,0,2,True,False,False,False,False,False,False,False,0,0,1,0,False,False,True,1,0,True,False,1,0,0,False,False,0.76,0,True,False,1.664,True,False,False
NEARUSDT,BUY,6685,2025-12-25 04:45:00,1.509,0.133,5.169,-4.838,77,lose,0.59,1.173,3.32,0,fresh,12.5,True,0.98,False,False,none,False,False,3,0,True,False,False,False,False,False,False,False,0,0,0,0,False,False,False,1,0,False,False,0,0,0,False,False,0.26,1,True,False,1.59,True,False,False
NEARUSDT,SELL,6762,2025-12-26 00:00:00,1.436,0.418,7.382,-6.128,14,lose,0.717,1.435,-3.907,0,fresh,0.0,False,2.48,True,False,none,False,False,0,5,True,False,False,False,False,False,False,False,0,0,0,0,False,False,False,0,0,False,False,0,0,0,False,False,0.03,0,True,False,1.671,True,False,False
NEARUSDT,BUY,6776,2025-12-26 03:30:00,1.524,5.971,2.559,2.297,265,win,0.918,1.836,4.531,0,fresh,20.0,True,1.01,False,False,none,False,False,4,3,True,False,False,False,False,False,False,False,0,0,0,0,False,False,False,0,1,True,False,0,0,0,False,False,0.19,0,True,False,1.574,True,False,True
NEARUSDT,SELL,7041,2025-12-28 21:45:00,1.559,5.901,3.335,0.257,353,win,0.423,0.84,-1.572,0,fresh,100.0,True,0.22,False,False,none,False,False,0,3,True,False,False,False,False,False,False,False,0,1,0,0,True,False,True,0,1,False,False,0,0,0,False,False,0.61,0,True,False,1.539,False,False,False
NEARUSDT,BUY,7394,2026-01-01 14:00:00,1.555,18.328,0.772,12.733,574,win,0.463,0.927,3.031,0,fresh,33.3,True,3.39,True,False,none,False,False,5,1,True,False,False,False,False,False,False,False,0,0,0,0,False,False,False,0,0,False,False,0,0,0,False,False,0.2,0,True,True,2.188,False,False,False
NEARUSDT,SELL,7968,2026-01-07 13:30:00,1.753,5.533,0.627,-0.57,438,win,0.627,1.249,-2.47,0,fresh,37.5,False,0.69,False,False,none,False,False,0,2,True,False,False,False,False,False,False,False,0,0,0,0,False,False,False,1,0,True,False,0,0,0,False,False,0.41,0,True,False,1.426,True,False,False
NEARUSDT,BUY,8406,2026-01-12 03:00:00,1.763,0.34,5.842,-5.729,40,lose,0.891,1.775,4.912,0,fresh,73.7,True,1.45,False,True,bullish,True,False,5,1,True,False,False,False,False,False,False,False,0,0,0,1,False,False,True,0,1,True,False,0,0,0,False,False,0.17,0,True,False,0.624,True,False,True
NEARUSDT,SELL,8446,2026-01-12 13:00:00,1.662,1.143,5.475,-4.994,80,lose,0.686,1.371,-3.259,0,fresh,52.9,False,0.95,False,True,bearish,True,False,0,4,True,False,False,False,False,False,False,False,0,0,0,0,False,False,False,0,0,False,False,0,0,0,False,False,4.37,0,True,False,0.661,True,False,False
NEARUSDT,BUY,8526,2026-01-13 09:00:00,1.745,8.539,0.287,0.172,170,win,0.636,1.279,3.068,0,fresh,42.9,True,0.51,False,False,none,False,False,2,1,True,False,False,False,False,False,False,False,0,0,0,0,False,False,False,0,0,False,False,0,0,0,False,False,0.14,0,True,False,0.631,True,False,False
NEARUSDT,SELL,8696,2026-01-15 03:30:00,1.748,4.348,3.661,-1.087,208,win,0.778,1.556,-4.943,0,fresh,50.0,False,2.58,True,True,bearish,True,False,0,4,True,False,False,False,False,False,False,False,0,1,0,0,True,False,True,0,1,False,False,0,0,0,False,False,0.05,0,True,False,2.632,True,False,True
NEARUSDT,BUY,8904,2026-01-17 07:30:00,1.767,2.377,2.999,-2.603,81,win,0.413,0.826,2.715,0,fresh,66.7,True,2.51,True,True,bullish,True,False,6,0,True,False,False,False,False,False,False,False,0,0,0,1,False,False,True,0,1,True,False,0,0,0,False,False,0.28,0,True,False,0.679,False,False,False
NEARUSDT,SELL,8985,2026-01-18 03:45:00,1.721,18.187,1.162,13.364,937,win,0.558,1.116,-2.69,0,fresh,55.6,False,0.56,False,True,bearish,True,False,1,4,True,False,False,False,False,False,False,False,0,0,0,0,False,False,False,0,0,False,False,0,0,0,False,False,0.39,0,True,True,0.697,True,False,False
NEARUSDT,BUY,9922,2026-01-27 22:00:00,1.491,0.671,3.823,-2.549,131,lose,0.718,1.435,2.777,0,fresh,50.0,True,0.85,False,False,none,False,False,2,2,False,False,False,False,False,False,False,False,0,0,0,0,False,False,False,1,0,False,False,0,0,0,False,False,0.41,0,True,True,3.823,True,False,False
NEARUSDT,SELL,10053,2026-01-29 06:45:00,1.453,24.983,0.069,15.21,423,win,0.551,1.101,-1.659,0,fresh,42.9,True,1.65,True,False,none,False,False,0,2,True,False,False,False,False,False,False,False,0,0,0,0,False,False,False,0,0,False,False,0,0,0,False,False,1.54,1,True,True,4.611,True,False,False
NEARUSDT,BUY,10476,2026-02-02 16:30:00,1.232,0.325,6.575,-6.575,100,lose,0.885,1.778,4.148,0,fresh,28.6,False,0.59,False,False,none,False,False,1,0,True,False,False,False,False,False,False,False,0,0,0,0,False,False,False,1,0,False,False,0,0,0,False,False,0.26,0,True,False,7.143,True,False,True
NEARUSDT,SELL,10576,2026-02-03 17:30:00,1.151,27.02,7.385,6.429,282,win,1.06,2.12,-5.752,0,fresh,86.7,False,1.29,False,True,bearish,True,False,0,4,True,False,False,False,False,False,False,False,0,0,1,0,False,False,True,1,0,True,False,0,0,0,False,False,0.25,0,True,True,7.646,True,False,True
NEARUSDT,BUY,10858,2026-02-06 16:00:00,1.077,3.343,4.457,-2.693,205,win,1.105,2.21,6.509,0,fresh,68.2,True,1.72,True,True,bullish,True,False,3,0,True,False,False,False,False,False,False,False,0,0,0,0,False,False,False,0,0,False,False,0,0,0,False,False,1.27,1,True,False,1.021,True,False,True
NEARUSDT,SELL,11063,2026-02-08 19:15:00,1.048,6.011,1.431,1.527,112,win,0.658,1.316,-2.221,0,fresh,0.0,False,0.98,False,False,none,False,False,2,3,True,False,False,False,False,False,False,False,0,1,0,0,True,False,True,0,1,False,False,0,0,0,False,False,0.75,0,True,False,3.432,True,False,False
NEARUSDT,BUY,11175,2026-02-09 23:15:00,1.032,0.484,4.845,-3.391,33,lose,0.746,1.502,2.481,0,fresh,75.0,False,0.4,False,False,none,False,False,1,1,False,False,False,False,False,False,False,False,0,0,0,0,False,False,False,1,0,False,False,0,0,0,False,False,0.36,0,True,False,3.488,True,False,True
NEARUSDT,SELL,11208,2026-02-10 07:30:00,0.997,5.918,1.103,0.1,201,win,0.692,1.394,-2.839,0,fresh,0.0,False,0.67,False,False,none,False,False,0,3,True,False,False,False,False,False,False,False,0,0,0,0,False,False,False,0,1,False,False,0,0,0,False,False,0.11,0,True,False,3.611,True,False,False
NEARUSDT,BUY,11409,2026-02-12 09:45:00,0.996,1.506,6.325,-4.819,34,lose,0.633,1.266,3.266,0,fresh,25.0,True,1.93,True,True,bullish,True,False,4,2,True,False,False,False,False,False,False,False,0,0,0,0,False,False,False,0,0,False,False,0,0,0,False,False,1.39,1,True,False,1.809,True,False,False
NEARUSDT,SELL,11443,2026-02-12 18:15:00,0.948,0.949,6.224,-5.38,81,lose,1.056,2.112,-4.097,0,fresh,50.0,False,0.54,False,False,none,False,False,0,1,True,False,False,False,False,False,False,False,0,0,0,0,False,False,False,0,1,False,False,0,0,0,False,False,0.08,1,True,True,3.379,True,False,True
NEARUSDT,BUY,11524,2026-02-13 14:30:00,0.999,10.31,0.601,3.904,212,win,0.711,1.423,3.858,0,fresh,33.3,True,4.35,True,False,none,False,False,1,0,True,False,False,False,False,False,False,False,0,0,0,0,False,False,False,0,1,True,False,0,1,0,False,False,0.48,0,True,False,3.206,True,False,False
NEARUSDT,SELL,11736,2026-02-15 19:30:00,1.038,5.588,3.468,0.0,475,win,0.78,1.561,-3.497,0,fresh,63.6,False,1.26,False,False,none,False,False,0,2,True,False,False,False,False,False,False,False,0,0,0,0,False,False,False,0,1,False,False,0,0,0,False,False,0.16,0,True,False,1.06,True,False,True
NEARUSDT,BUY,12211,2026-02-20 18:15:00,1.038,6.744,0.578,-0.385,128,win,1.089,2.168,4.22,0,fresh,14.3,False,0.64,False,False,none,False,False,3,3,False,False,False,False,False,False,False,False,0,0,0,0,False,False,False,0,0,False,False,0,0,0,False,False,0.41,1,True,True,2.697,True,False,True
NEARUSDT,SELL,12339,2026-02-22 02:15:00,1.034,8.027,0.193,2.128,315,win,0.59,1.18,-3.162,0,fresh,58.3,False,1.51,True,True,bearish,True,False,1,3,True,False,False,False,False,False,False,False,0,0,0,0,False,False,False,0,0,False,False,0,0,0,False,False,2.1,0,True,True,2.708,True,False,False
NEARUSDT,BUY,12654,2026-02-25 09:00:00,1.012,24.704,0.395,8.696,126,win,0.643,1.286,3.581,0,fresh,50.0,True,1.81,True,True,bullish,True,False,3,1,True,False,False,False,False,False,False,False,0,0,0,0,False,False,False,0,0,False,False,0,0,0,False,False,0.53,0,True,False,0.89,True,False,False
NEARUSDT,SELL,12780,2026-02-26 16:30:00,1.1,6.636,5.636,-4.545,211,win,1.074,2.157,-6.096,0,fresh,60.0,False,1.85,True,True,bearish,True,False,2,3,True,False,False,False,False,False,False,False,0,0,0,0,False,False,False,0,0,False,False,0,0,0,False,False,1.7,0,True,False,0.819,True,False,True
NEARUSDT,BUY,12991,2026-02-28 21:15:00,1.15,26.348,3.304,12.435,395,win,1.461,2.922,8.0,0,fresh,5.9,False,1.59,True,False,none,False,False,2,0,True,False,False,False,False,False,False,False,0,0,0,0,False,False,False,0,0,False,False,0,0,0,False,False,1.07,0,True,False,0.783,True,False,True
NEARUSDT,SELL,13386,2026-03-05 00:00:00,1.293,7.734,2.707,4.872,345,win,0.929,1.865,-5.31,0,fresh,69.2,False,2.47,True,True,bearish,True,False,0,3,True,False,False,False,False,False,False,False,0,0,0,0,False,False,False,0,0,False,False,0,0,0,False,False,2.39,0,True,False,1.78,True,False,True
NEARUSDT,BUY,13731,2026-03-08 14:15:00,1.23,15.61,3.496,6.992,543,win,0.919,1.846,1.943,0,fresh,36.4,False,0.5,False,False,none,False,False,2,1,True,False,False,False,False,False,False,False,0,0,0,0,False,False,False,1,0,False,False,0,0,0,False,False,0.31,0,True,True,1.707,True,False,True
NEARUSDT,SELL,14274,2026-03-14 06:00:00,1.316,1.368,3.04,-2.128,81,lose,0.585,1.17,-2.85,0,fresh,0.0,False,1.32,False,False,none,False,False,0,1,True,False,False,False,False,False,False,False,0,0,0,0,False,False,False,0,0,False,False,0,0,0,False,False,0.45,0,True,True,1.596,True,False,False
NEARUSDT,BUY,14355,2026-03-15 02:15:00,1.344,12.277,1.488,4.687,334,win,0.536,1.072,2.576,0,fresh,63.6,False,1.21,False,False,none,False,False,7,0,True,False,False,False,False,False,False,False,0,0,0,0,False,False,False,0,1,True,False,0,0,0,False,False,0.37,1,True,False,1.564,True,False,False
NEARUSDT,SELL,14689,2026-03-18 13:45:00,1.407,11.158,0.142,7.463,498,win,0.797,1.6,-3.876,0,fresh,42.1,False,1.42,False,True,bearish,True,False,1,3,True,False,False,False,False,False,False,False,0,0,0,0,False,False,False,0,0,False,False,0,0,0,False,False,0.57,0,True,False,1.778,True,False,True
NEARUSDT,BUY,15187,2026-03-23 18:15:00,1.302,2.074,2.919,-1.997,146,win,0.768,1.536,2.389,0,fresh,33.3,True,0.15,False,False,none,False,False,2,1,True,False,False,False,False,False,False,False,0,0,0,0,False,False,False,0,0,False,False,0,0,0,False,False,1.64,0,True,True,5.376,True,False,True
NEARUSDT,SELL,15333,2026-03-25 06:45:00,1.276,11.52,2.743,6.27,470,win,0.541,1.082,-2.273,0,fresh,25.0,True,0.87,False,False,none,False,False,0,2,True,False,False,False,False,False,False,False,0,0,1,1,False,True,True,1,1,False,False,0,0,0,False,False,0.08,1,True,True,5.486,True,False,False
NEARUSDT,BUY,15803,2026-03-30 04:15:00,1.196,2.341,3.344,-2.759,56,win,0.661,1.313,3.077,0,fresh,41.7,True,3.67,True,True,bullish,True,False,4,0,True,False,False,False,False,False,False,False,0,0,0,0,False,False,False,0,0,False,False,0,0,0,False,False,3.44,0,True,False,0.92,True,False,False
NEARUSDT,SELL,15859,2026-03-30 18:15:00,1.163,1.29,3.439,-2.752,90,lose,0.568,1.136,-2.53,0,fresh,57.1,False,1.06,False,True,bearish,True,False,0,6,True,False,False,False,False,False,False,False,0,0,0,0,False,False,False,0,0,False,False,0,0,0,False,False,0.18,0,True,False,0.947,True,False,False
NEARUSDT,BUY,15949,2026-03-31 16:45:00,1.195,2.845,3.264,-2.845,137,win,0.778,1.548,2.921,0,fresh,37.5,True,1.36,False,False,none,False,False,3,1,True,False,False,False,False,False,False,False,0,0,0,0,False,False,False,0,0,False,False,0,0,0,False,False,0.23,1,True,True,1.925,True,False,True
NEARUSDT,SELL,16086,2026-04-02 03:00:00,1.161,1.981,2.67,-2.412,109,lose,0.714,1.42,-3.967,0,fresh,16.7,False,0.93,False,False,none,False,False,1,2,True,False,False,False,False,False,False,False,0,0,0,0,False,False,False,0,0,False,False,0,0,0,False,False,0.7,0,True,False,1.979,True,False,False
NEARUSDT,BUY,16195,2026-04-03 06:15:00,1.189,8.242,0.084,3.532,248,win,0.479,0.95,2.313,0,fresh,37.5,True,1.82,True,False,none,False,False,2,0,True,False,False,False,False,False,False,False,0,0,0,0,False,False,False,0,0,False,False,0,0,0,False,False,1.3,0,True,True,1.934,False,False,False
NEARUSDT,SELL,16443,2026-04-05 20:15:00,1.231,0.731,3.574,-2.843,25,lose,0.463,0.926,-1.885,0,fresh,0.0,False,0.41,False,False,none,False,False,1,1,False,False,False,False,False,False,False,False,0,0,1,0,False,False,True,1,0,True,False,0,0,0,False,False,0.59,0,True,False,1.868,False,False,False
NEARUSDT,BUY,16468,2026-04-06 02:30:00,1.266,2.844,2.449,-2.133,88,win,0.592,1.185,2.354,0,fresh,62.5,False,0.6,False,False,none,False,False,2,0,True,False,False,False,False,False,False,False,0,0,0,0,False,False,False,0,0,False,False,0,0,0,False,False,0.29,0,True,False,1.817,True,False,False
NEARUSDT,SELL,16556,2026-04-07 00:30:00,1.239,1.533,6.053,-5.488,85,lose,0.565,1.138,-3.188,0,fresh,57.1,False,0.76,False,False,none,False,False,1,6,True,False,False,False,False,False,False,False,0,0,0,0,False,False,False,0,0,False,False,0,0,0,False,False,0.27,0,True,False,1.856,True,False,False
NEARUSDT,BUY,16641,2026-04-07 21:45:00,1.307,8.952,1.76,2.372,409,win,0.789,1.577,4.946,0,fresh,50.0,False,1.2,False,False,none,False,False,4,0,True,False,False,False,False,False,False,False,0,0,0,0,False,False,False,0,0,False,False,0,0,0,False,False,0.4,0,True,False,1.761,True,False,True
NEARUSDT,SELL,17050,2026-04-12 04:00:00,1.338,1.121,3.961,-3.737,106,lose,0.74,1.48,-3.535,0,fresh,85.7,False,0.71,False,True,bearish,True,False,0,4,True,False,False,False,False,False,False,False,0,0,0,0,False,False,False,0,0,False,False,0,0,0,False,False,0.0,0,True,False,2.242,True,False,False
NEARUSDT,BUY,17156,2026-04-13 06:30:00,1.388,3.602,1.945,-1.585,144,win,0.743,1.485,3.526,0,fresh,23.5,True,1.33,False,False,none,False,False,4,2,True,False,False,False,False,False,False,False,0,0,0,0,False,False,False,0,0,False,False,0,0,0,False,False,0.06,0,True,False,2.163,True,False,False
NEARUSDT,SELL,17300,2026-04-14 18:30:00,1.366,1.83,2.562,-1.318,77,lose,0.659,1.31,-3.038,0,fresh,40.0,False,0.91,False,False,none,False,False,0,4,True,False,False,False,False,False,False,False,0,0,0,0,False,False,False,0,0,False,False,0,0,0,False,False,2.29,0,True,False,1.025,True,False,False
NEARUSDT,BUY,17377,2026-04-15 13:45:00,1.384,4.191,1.373,-0.289,289,win,0.622,1.244,1.837,0,fresh,0.0,False,1.13,False,False,none,False,False,4,0,True,False,False,False,False,False,False,False,0,0,0,0,False,False,False,0,0,False,False,0,0,0,False,False,0.61,0,True,False,1.012,True,False,False
NEARUSDT,SELL,17666,2026-04-18 14:00:00,1.38,4.275,0.652,0.072,269,win,0.58,1.167,-2.543,0,fresh,0.0,False,0.97,False,False,none,False,False,2,4,True,False,False,False,False,False,False,False,0,0,0,0,False,False,False,0,0,False,False,0,0,0,False,False,0.28,0,True,True,3.768,True,False,False
NEARUSDT,BUY,17935,2026-04-21 09:15:00,1.379,3.771,2.175,0.29,174,win,0.479,0.95,2.139,0,fresh,75.0,True,0.6,False,False,none,False,False,4,0,True,False,False,False,False,False,False,False,0,0,0,0,False,False,False,0,0,False,False,0,0,0,False,False,0.36,0,True,False,1.45,False,False,False
NEARUSDT,SELL,18109,2026-04-23 04:45:00,1.383,1.012,2.386,-2.242,102,lose,0.434,0.876,-2.048,0,fresh,0.0,False,0.74,False,False,none,False,False,0,2,True,False,False,False,False,False,False,False,0,0,0,0,False,False,False,0,0,False,False,0,0,0,False,False,0.05,0,True,False,1.447,False,False,False
NEARUSDT,BUY,18211,2026-04-24 06:15:00,1.414,1.273,1.909,-1.627,147,lose,0.382,0.763,1.866,0,fresh,66.7,True,1.54,True,False,none,False,False,1,0,True,False,False,False,False,False,False,False,0,0,0,0,False,False,False,0,0,False,False,0,0,0,False,False,4.92,0,True,False,0.353,False,False,False
NEARUSDT,SELL,18358,2026-04-25 19:00:00,1.391,4.529,1.582,1.725,332,win,0.295,0.59,-1.352,0,fresh,0.0,False,0.46,False,False,none,False,False,0,1,True,False,False,False,False,False,False,False,0,0,0,0,False,False,False,0,1,False,False,0,0,0,False,False,0.76,1,True,False,0.288,False,False,False
NEARUSDT,BUY,18690,2026-04-29 06:00:00,1.367,0.366,3.804,-3.438,40,lose,0.351,0.702,1.317,0,fresh,60.0,False,0.79,False,False,none,False,False,3,0,True,False,False,False,False,False,False,False,0,0,0,0,False,False,False,1,0,False,False,0,0,0,False,False,0.53,0,True,False,0.585,False,False,False
NEARUSDT,SELL,18730,2026-04-29 16:00:00,1.32,5.758,1.591,0.606,596,win,0.546,1.092,-3.374,0,fresh,0.0,False,1.21,False,False,none,False,False,0,5,True,False,False,False,False,False,False,False,0,0,0,0,False,False,False,0,0,False,False,0,0,0,False,False,0.52,0,True,False,0.607,True,False,False
NEARUSDT,BUY,19326,2026-05-05 21:00:00,1.312,24.314,1.905,16.311,505,win,0.556,1.104,3.465,0,fresh,57.1,True,2.7,True,True,bullish,True,False,6,1,True,False,False,False,False,False,False,False,1,0,0,0,True,False,True,1,1,False,False,0,0,0,False,False,2.27,1,True,False,3.046,True,False,False
NEARUSDT,SELL,19831,2026-05-11 03:15:00,1.526,1.507,5.177,-4.98,123,lose,0.76,1.527,-3.716,0,fresh,28.6,True,1.18,False,False,none,False,False,1,3,True,False,False,False,False,False,False,False,0,0,0,0,False,False,False,0,0,False,False,0,0,0,False,False,0.1,0,True,True,2.359,True,False,True
NEARUSDT,BUY,19954,2026-05-12 10:00:00,1.602,5.493,5.556,-1.685,147,win,0.843,1.692,4.713,0,fresh,77.3,True,1.45,False,False,none,False,False,5,1,True,False,False,False,False,False,False,False,1,0,0,0,True,False,True,1,0,False,False,0,0,0,False,False,1.94,0,True,False,2.247,True,False,True
NEARUSDT,SELL,20101,2026-05-13 22:45:00,1.575,6.286,3.683,2.667,323,win,0.693,1.385,-2.7,0,fresh,50.0,True,0.3,False,False,none,False,False,1,2,True,False,False,False,False,False,False,False,0,0,0,1,False,True,True,1,1,False,False,1,0,0,False,False,0.62,1,True,True,1.08,True,False,False
NEARUSDT,BUY,20424,2026-05-17 07:30:00,1.533,1.696,4.631,-3.262,97,lose,0.522,1.044,2.285,0,fresh,22.2,True,1.02,False,False,none,False,False,4,0,True,False,False,False,False,False,False,False,0,0,0,0,False,False,False,0,0,False,False,0,0,0,False,False,0.93,0,True,False,0.783,True,False,False
NEARUSDT,SELL,20521,2026-05-18 07:45:00,1.483,0.405,7.215,-6.811,49,lose,0.687,1.368,-3.403,0,fresh,40.0,True,0.59,False,False,none,False,False,0,2,True,False,False,False,False,False,False,False,0,0,0,0,False,False,False,0,0,False,False,0,0,0,False,False,0.08,1,True,True,3.1,True,False,False
NEARUSDT,BUY,20570,2026-05-18 20:00:00,1.584,6.503,0.568,-0.063,123,win,0.972,1.938,5.6,0,fresh,62.5,True,1.63,True,False,none,False,False,6,1,True,False,False,False,False,False,False,False,0,0,0,0,False,False,False,0,0,False,False,0,0,0,False,False,0.29,0,True,False,2.904,True,False,True
NEARUSDT,SELL,20693,2026-05-20 02:45:00,1.583,0.253,5.559,-4.548,17,lose,0.581,1.156,-2.546,0,fresh,20.0,False,0.5,False,False,none,False,False,1,3,True,False,False,False,False,False,False,False,0,0,0,0,False,False,False,0,0,False,False,0,0,0,False,False,0.81,0,True,False,2.906,True,False,False
NEARUSDT,BUY,20710,2026-05-20 07:00:00,1.655,79.94,1.692,52.628,651,win,0.779,1.553,3.505,0,fresh,16.7,False,0.31,False,False,none,False,False,4,0,True,False,False,False,False,False,False,False,1,0,0,0,True,False,True,1,1,False,False,0,0,0,False,False,0.26,1,True,True,3.082,True,False,True
NEARUSDT,SELL,21361,2026-05-27 01:45:00,2.526,10.174,8.393,-0.238,213,win,1.358,2.712,-7.664,0,fresh,23.3,False,1.02,False,False,none,False,False,0,5,True,False,False,False,False,False,False,False,0,0,0,0,False,False,False,0,0,False,False,0,0,0,False,False,0.54,1,True,True,3.127,True,False,True
NEARUSDT,BUY,21574,2026-05-29 07:00:00,2.532,3.949,9.202,-8.926,85,win,1.177,2.359,5.381,0,fresh,74.3,True,1.18,False,True,bullish,True,False,3,3,False,False,False,False,False,False,False,False,0,0,0,0,False,False,False,0,0,False,False,0,0,0,False,False,2.14,0,True,True,3.121,True,False,True
NEARUSDT,SELL,21659,2026-05-30 04:15:00,2.306,4.206,5.941,-3.816,224,win,1.236,2.467,-7.697,0,fresh,86.0,False,3.87,True,True,bearish,True,False,0,3,True,False,False,False,False,False,False,False,0,0,0,0,False,False,False,0,0,False,False,0,0,0,False,False,0.16,0,True,False,3.426,True,False,True
NEARUSDT,BUY,21883,2026-06-01 12:15:00,2.394,28.864,2.632,1.462,267,win,1.491,2.987,6.216,0,fresh,90.1,True,3.17,True,True,bullish,True,False,2,1,True,False,False,False,False,False,False,False,0,0,0,0,False,False,False,0,1,True,False,0,1,0,False,False,3.66,0,True,False,3.926,True,False,True
NEARUSDT,SELL,22150,2026-06-04 07:00:00,2.429,26.142,2.47,14.697,328,win,2.504,5.012,-16.623,0,fresh,62.1,False,1.55,True,True,bearish,True,False,1,6,True,False,False,False,False,False,False,False,0,0,0,0,False,False,False,0,0,False,False,0,0,0,False,False,0.01,0,True,False,3.007,True,False,True
NEARUSDT,BUY,22478,2026-06-07 17:00:00,2.072,9.266,5.695,-1.4,289,win,1.775,3.546,8.63,0,fresh,82.2,True,1.11,False,False,none,False,False,5,1,True,False,False,False,False,False,False,False,1,0,0,0,True,False,True,1,0,False,False,0,0,0,False,False,0.34,0,True,False,3.184,True,False,True
NEARUSDT,SELL,22767,2026-06-10 17:15:00,2.043,5.678,7.0,-2.839,284,win,1.664,3.324,-6.016,0,fresh,67.6,False,0.39,False,True,bearish,True,False,2,2,False,False,False,False,False,False,False,False,0,0,0,0,False,False,False,1,0,True,False,1,0,0,False,False,0.53,0,True,False,3.231,True,False,True
NEARUSDT,BUY,23051,2026-06-13 16:15:00,2.101,21.942,1.904,11.376,288,win,1.361,2.727,4.774,0,fresh,52.1,False,1.81,True,False,none,False,False,3,0,True,False,False,False,False,False,False,False,0,0,0,0,False,False,False,1,0,False,False,0,0,0,False,False,0.55,0,True,False,1.856,True,False,True
NEARUSDT,SELL,23339,2026-06-16 16:15:00,2.34,10.983,2.051,6.453,435,win,1.244,2.487,-4.833,0,fresh,61.1,True,0.57,False,False,none,False,False,0,4,True,False,False,False,False,False,False,False,0,0,0,0,False,False,False,0,0,False,False,0,0,0,False,False,0.46,0,True,False,2.009,True,False,True
NEARUSDT,BUY,23774,2026-06-21 05:00:00,2.189,4.111,4.34,-3.381,71,win,0.699,1.398,2.106,0,fresh,83.3,False,0.83,False,False,none,False,False,2,3,False,True,False,False,False,False,False,False,1,0,0,1,True,False,True,1,1,False,False,0,0,0,False,False,0.17,0,True,True,1.051,True,False,False
NEARUSDT,SELL,23845,2026-06-21 22:45:00,2.115,17.21,3.924,10.307,545,win,0.828,1.656,-4.054,0,fresh,69.2,True,1.47,False,False,none,False,False,2,3,True,False,False,False,False,False,False,False,0,0,0,0,False,False,False,0,0,False,False,0,0,0,False,False,0.14,1,True,False,1.939,True,False,True
NEARUSDT,BUY,24390,2026-06-27 15:00:00,1.897,3.005,7.38,-7.064,280,win,0.749,1.497,5.071,0,fresh,51.4,True,2.74,True,True,bullish,True,False,6,0,True,False,False,False,False,False,False,False,0,0,0,0,False,False,False,0,0,False,False,0,0,0,False,False,0.61,0,True,False,4.692,True,False,False
NEARUSDT,SELL,24670,2026-06-30 13:00:00,1.763,2.382,6.466,-6.239,132,win,0.885,1.771,-6.339,0,fresh,46.4,False,2.94,True,False,none,False,False,1,4,True,False,False,False,False,False,False,False,0,0,0,0,False,False,False,0,0,False,False,0,0,0,False,False,0.28,0,True,False,6.413,True,False,True
NEARUSDT,BUY,24802,2026-07-01 22:00:00,1.873,12.92,3.897,4.592,242,win,0.71,1.425,4.013,0,fresh,45.5,True,0.79,False,False,none,False,False,5,0,True,False,False,False,False,False,False,False,0,0,0,0,False,False,False,0,0,False,False,0,0,0,False,False,0.5,0,True,False,3.042,True,False,False
NEARUSDT,SELL,25044,2026-07-04 10:30:00,1.959,1.94,4.441,-3.828,143,lose,0.536,1.072,-2.802,0,fresh,62.5,False,0.44,False,False,none,False,False,0,3,True,False,False,False,False,False,False,False,0,1,0,0,True,False,True,0,1,False,False,0,0,0,False,False,0.2,1,True,False,0.868,True,False,False
NEARUSDT,BUY,25187,2026-07-05 22:15:00,2.034,3.638,5.949,-5.654,206,win,0.654,1.313,3.314,0,fresh,52.6,True,2.32,True,False,none,False,False,3,0,True,False,False,False,False,False,False,False,0,0,0,0,False,False,False,0,0,False,False,0,0,0,False,False,0.59,0,True,False,1.819,True,False,False
NEARUSDT,SELL,25393,2026-07-08 01:45:00,1.919,4.065,1.459,-0.313,167,win,0.896,1.793,-6.128,0,fresh,62.5,False,2.64,True,True,bearish,True,False,0,4,True,False,False,False,False,False,False,False,0,0,0,0,False,False,False,0,0,False,False,0,0,0,False,False,0.11,1,True,False,2.397,True,False,True
NEARUSDT,BUY,25560,2026-07-09 19:30:00,1.925,2.182,2.494,-1.455,86,win,0.629,1.252,1.901,0,fresh,14.3,True,0.43,False,False,none,False,False,0,3,False,True,False,False,False,False,False,False,0,0,0,0,False,False,False,0,0,False,False,0,0,0,False,False,0.41,0,True,False,2.39,True,False,False
NEARUSDT,SELL,25646,2026-07-10 17:00:00,1.897,2.319,2.161,-0.896,267,win,0.611,1.222,-1.992,0,fresh,16.7,False,0.38,False,False,none,False,False,0,1,True,False,False,False,False,False,False,False,0,0,0,0,False,False,False,0,0,False,False,0,0,0,False,False,0.49,0,True,False,2.424,True,False,False
NEARUSDT,BUY,25913,2026-07-13 11:45:00,1.914,10.031,2.038,2.508,334,win,0.648,1.296,1.923,0,fresh,50.0,True,0.74,False,False,none,False,False,1,1,False,False,False,False,False,False,False,False,1,0,0,0,True,False,True,1,0,False,False,0,0,0,False,False,1.94,0,True,False,1.254,True,False,False
NEARUSDT,SELL,26247,2026-07-16 23:15:00,1.962,4.638,2.294,-0.968,345,win,0.806,1.606,-5.523,0,fresh,80.0,False,3.46,True,False,none,False,False,1,3,True,False,False,False,False,False,False,False,0,0,0,0,False,False,False,0,0,False,False,0,0,0,False,False,0.24,1,True,False,1.785,True,False,True
NEARUSDT,BUY,26592,2026-07-20 13:30:00,1.981,4.139,2.776,-2.171,109,win,0.752,1.509,3.806,0,fresh,70.8,True,1.88,True,False,none,False,False,4,1,True,False,False,False,False,False,False,False,1,0,0,0,True,False,True,1,0,False,False,0,0,0,False,False,0.65,0,True,False,0.909,True,False,True
NEARUSDT,SELL,26701,2026-07-21 16:45:00,1.938,8.359,0.722,5.212,508,win,0.599,1.197,-3.39,0,fresh,0.0,False,1.24,False,False,none,False,False,0,4,True,False,False,False,False,False,False,False,0,0,0,0,False,False,False,0,0,False,False,0,0,0,False,False,0.95,0,True,False,0.929,True,False,False
NEARUSDT,BUY,27209,2026-07-26 23:45:00,1.837,1.198,3.647,-3.538,65,lose,0.452,0.904,2.635,0,fresh,38.5,True,2.15,True,False,none,False,False,3,0,True,False,False,False,False,False,False,False,0,0,0,0,False,False,False,0,0,False,False,0,0,0,False,False,0.05,0,True,False,0.708,False,False,False
NEARUSDT,SELL,27274,2026-07-27 16:00:00,1.772,11.456,0.79,6.659,277,win,0.688,1.377,-3.758,0,fresh,0.0,False,0.84,False,False,none,False,False,0,4,True,False,False,False,False,False,False,False,0,0,0,0,False,False,False,0,0,False,False,0,0,0,False,False,0.47,0,True,False,0.734,True,False,False
NEARUSDT,BUY,27551,2026-07-30 13:15:00,1.654,6.892,1.391,2.721,537,win,0.544,1.089,2.323,0,fresh,16.7,True,0.58,False,False,none,False,False,3,1,True,False,False,False,False,False,False,False,0,0,0,0,False,False,False,0,0,False,False,0,0,0,False,False,0.68,0,True,False,1.331,True,False,False
NEARUSDT,SELL,28088,2026-08-05 03:30:00,1.699,7.357,1.825,4.473,429,win,0.512,1.024,-2.908,0,fresh,62.5,True,1.33,False,False,none,False,False,0,3,True,False,False,False,False,False,False,False,0,0,0,0,False,False,False,0,0,False,False,0,0,0,False,False,0.24,1,True,True,2.472,True,False,False
NEARUSDT,BUY,28517,2026-08-09 14:45:00,1.623,2.834,1.91,-1.109,116,win,0.327,0.653,1.029,0,fresh,50.0,True,1.21,False,False,none,False,False,1,1,False,False,False,False,False,False,False,False,0,0,0,0,False,False,False,0,0,False,False,0,0,0,False,False,1.21,0,True,False,0.37,False,False,False
NEARUSDT,SELL,28633,2026-08-10 19:45:00,1.605,4.299,1.184,-1.121,113,win,0.586,1.171,-2.343,0,fresh,72.7,False,0.58,False,True,bearish,True,False,2,4,True,False,False,False,False,False,False,False,0,0,0,0,False,False,False,0,0,False,False,0,0,0,False,False,0.74,0,True,True,0.374,True,False,False
NEARUSDT,BUY,28746,2026-08-12 00:00:00,1.623,3.697,0.863,-0.37,202,win,0.56,1.121,2.956,0,fresh,36.4,True,2.21,True,False,none,False,False,5,0,True,False,False,False,False,False,False,False,0,0,0,0,False,False,False,0,0,False,False,0,0,0,False,False,0.24,0,True,False,0.369,True,False,False
NEARUSDT,SELL,28948,2026-08-14 02:30:00,1.617,2.226,2.103,-2.041,90,win,0.445,0.891,-2.208,0,fresh,25.0,True,0.63,False,False,none,False,False,1,3,True,False,False,False,False,False,False,False,0,0,0,0,False,False,False,0,0,False,False,0,0,0,False,False,0.91,0,True,False,0.371,False,False,False
NEARUSDT,BUY,29038,2026-08-15 01:00:00,1.65,1.152,2.424,-2.242,96,lose,0.436,0.873,2.667,0,fresh,60.0,True,0.83,False,False,none,False,False,5,2,True,False,False,False,False,False,False,False,0,0,0,0,False,False,False,0,0,False,False,0,0,0,False,False,0.38,0,True,False,1.576,False,False,False
NEARUSDT,SELL,29134,2026-08-16 01:00:00,1.613,1.922,1.984,-1.302,115,lose,0.31,0.62,-1.4,0,fresh,33.3,True,1.78,True,False,none,False,False,0,3,True,False,False,False,False,False,False,False,0,0,0,0,False,False,False,0,0,False,False,0,0,0,False,False,0.63,1,True,False,0.682,False,False,False
NEARUSDT,BUY,29249,2026-08-17 05:45:00,1.634,1.958,3.121,-2.57,159,lose,0.398,0.795,1.786,0,fresh,71.4,False,0.82,False,False,none,False,False,6,0,True,False,False,False,False,False,False,False,0,0,0,0,False,False,False,0,0,False,False,0,0,0,False,False,0.33,1,True,False,0.734,False,False,False
NEARUSDT,SELL,29408,2026-08-18 21:30:00,1.592,1.884,3.078,-2.889,69,lose,0.439,0.873,-2.454,0,fresh,20.0,False,1.81,True,True,bearish,True,False,0,5,True,False,False,False,False,False,False,False,0,0,0,0,False,False,False,0,0,False,False,0,0,0,False,False,4.9,0,True,False,0.753,False,False,False
NEARUSDT,BUY,29477,2026-08-19 14:45:00,1.638,31.136,3.053,16.972,278,win,0.488,0.976,2.764,0,fresh,76.9,True,3.79,True,True,bullish,True,False,5,0,True,False,False,False,False,False,False,False,0,0,0,0,False,False,False,0,0,False,False,0,0,0,False,False,8.7,0,True,False,1.281,False,False,False
NEARUSDT,SELL,29755,2026-08-22 12:15:00,1.916,5.898,3.079,-1.566,95,win,1.707,3.419,-5.877,0,fresh,35.7,True,0.62,False,False,none,False,False,1,2,True,False,False,False,False,False,False,False,0,0,0,0,False,False,False,0,0,False,False,0,0,0,False,False,0.85,0,True,True,28.549,True,False,True
NEARUSDT,BUY,29850,2026-08-23 12:00:00,1.946,6.629,2.055,0.154,149,win,0.997,1.994,3.607,0,fresh,65.0,False,1.04,False,False,none,False,False,6,0,True,False,False,False,False,False,False,False,0,0,0,0,False,False,False,0,0,False,False,0,0,0,False,False,0.12,0,True,True,28.109,True,False,True
SOLUSDT,SELL,20,2025-10-16 18:30:00,189.14,8.005,0.328,2.189,180,win,1.272,2.545,-4.764,0,fresh,63.9,True,0.57,False,False,none,False,False,1,6,True,False,False,False,False,False,False,False,0,0,0,0,False,False,False,0,1,False,False,0,0,0,False,False,1.53,0,False,False,0.0,True,False,True
SOLUSDT,BUY,200,2025-10-18 15:30:00,185.0,5.103,1.049,1.557,206,win,0.493,0.986,1.415,0,fresh,16.4,False,1.01,False,False,none,False,False,1,3,False,True,False,False,False,False,False,False,0,0,0,0,False,False,False,0,0,False,False,0,0,0,False,False,1.78,0,False,False,0.0,False,False,False
SOLUSDT,SELL,406,2025-10-20 19:00:00,187.88,2.784,4.764,-4.673,82,win,0.595,1.191,-2.109,0,fresh,25.5,False,0.41,False,False,none,False,False,1,3,True,False,False,False,False,False,False,False,0,1,0,0,True,False,True,0,1,False,False,0,0,0,False,False,0.26,0,True,False,2.198,True,False,False
SOLUSDT,BUY,488,2025-10-21 15:30:00,196.66,0.524,6.88,-6.336,56,lose,0.877,1.754,6.235,0,fresh,76.3,True,1.85,True,True,bullish,True,False,6,0,True,False,False,False,False,False,False,False,0,0,0,0,False,False,False,0,0,False,False,0,0,0,False,False,0.19,0,True,False,2.1,True,False,True
SOLUSDT,SELL,544,2025-10-22 05:30:00,184.2,3.99,2.03,-1.743,105,win,0.607,1.214,-3.253,0,fresh,44.4,True,0.81,False,False,none,False,False,1,4,True,False,False,False,False,False,False,False,0,1,0,0,True,False,True,0,1,False,False,0,0,0,False,False,0.51,1,True,True,2.4,True,False,False
SOLUSDT,BUY,649,2025-10-23 07:45:00,187.41,9.546,0.486,3.041,530,win,0.499,0.999,2.687,0,fresh,30.1,True,1.11,False,False,none,False,False,7,0,True,False,False,False,False,False,False,False,0,0,0,0,False,False,False,0,0,False,False,0,0,0,False,False,0.71,0,True,False,2.257,False,False,False
SOLUSDT,SELL,1179,2025-10-28 20:15:00,193.11,1.6,4.428,-4.153,68,lose,0.792,1.585,-4.838,0,fresh,20.3,False,2.62,True,False,none,False,False,0,4,True,False,False,False,False,False,False,False,0,0,0,0,False,False,False,0,0,False,False,0,0,0,False,False,0.16,0,True,False,2.139,True,False,True
SOLUSDT,BUY,1247,2025-10-29 13:15:00,201.13,0.094,6.091,-4.584,84,lose,0.506,1.011,2.962,0,fresh,38.3,True,1.78,True,False,none,False,False,4,0,True,False,False,False,False,False,False,False,0,0,0,0,False,False,False,1,0,False,False,0,0,0,False,False,0.07,0,True,True,2.053,True,False,False
SOLUSDT,SELL,1331,2025-10-30 10:15:00,191.91,24.095,0.333,15.038,613,win,0.656,1.312,-3.021,0,fresh,53.2,True,1.17,False,False,none,False,False,1,4,True,False,False,False,False,False,False,False,0,0,0,0,False,False,False,0,0,False,False,0,0,0,False,False,0.33,0,True,False,2.152,True,False,False
SOLUSDT,BUY,1944,2025-11-05 19:30:00,163.05,0.509,5.704,-4.348,91,lose,0.678,1.357,3.76,0,fresh,71.8,True,0.43,False,False,none,False,False,4,1,True,False,False,False,False,False,False,False,0,0,0,0,False,False,False,0,0,False,False,0,0,0,False,False,1.43,0,True,True,2.907,True,False,False
SOLUSDT,SELL,2035,2025-11-06 18:15:00,155.96,4.02,4.431,-3.892,98,win,0.878,1.756,-3.351,0,fresh,49.3,False,0.73,False,False,none,False,False,1,3,True,False,False,False,False,False,False,False,0,0,0,0,False,False,False,0,0,False,False,0,0,0,False,False,1.01,0,True,False,3.039,True,False,True
SOLUSDT,BUY,2133,2025-11-07 18:45:00,162.03,1.722,3.833,-3.345,84,lose,0.975,1.95,4.695,0,fresh,46.5,False,0.6,False,False,none,False,False,4,0,True,False,False,False,False,False,False,False,0,0,0,0,False,False,False,0,1,True,False,0,1,0,False,False,0.4,1,True,False,2.5,True,False,True
SOLUSDT,SELL,2217,2025-11-08 15:45:00,156.61,1.022,4.674,-4.399,95,lose,0.576,1.151,-2.886,0,fresh,51.9,True,0.67,False,False,none,False,False,0,3,True,False,False,False,False,False,False,False,0,0,0,0,False,False,False,0,0,False,False,0,0,0,False,False,0.46,0,True,False,2.586,True,False,False
SOLUSDT,BUY,2312,2025-11-09 15:30:00,163.5,5.119,2.141,-2.024,195,win,0.714,1.428,3.975,0,fresh,49.0,True,2.26,True,False,none,False,False,4,0,True,False,False,False,False,False,False,False,0,0,0,0,False,False,False,0,0,False,False,0,0,0,False,False,0.61,0,True,False,2.477,True,False,False
SOLUSDT,SELL,2507,2025-11-11 16:15:00,160.19,19.658,0.506,13.871,653,win,0.655,1.31,-3.857,0,fresh,55.6,False,0.75,False,False,none,False,False,0,2,True,False,False,False,False,False,False,False,0,0,0,0,False,False,False,0,0,False,False,0,0,0,False,False,0.79,0,True,False,1.954,True,False,False
SOLUSDT,BUY,3160,2025-11-18 11:30:00,137.97,3.465,4.247,-4.102,118,win,0.72,1.44,3.503,0,fresh,5.1,True,0.42,False,False,none,False,False,1,2,False,True,False,False,False,False,False,False,0,0,0,0,False,False,False,0,0,False,False,0,0,0,False,False,0.74,0,True,True,4.747,True,False,False
SOLUSDT,SELL,3278,2025-11-19 17:00:00,132.31,1.413,8.964,-8.034,37,lose,0.9,1.8,-5.513,0,fresh,60.1,False,1.09,False,False,none,False,False,0,4,True,False,False,False,False,False,False,False,0,0,0,0,False,False,False,0,0,False,False,0,0,0,False,False,0.92,0,True,False,4.95,True,False,True
SOLUSDT,BUY,3315,2025-11-20 02:15:00,142.94,1.287,8.024,-7.283,58,lose,0.911,1.821,5.861,0,fresh,35.6,False,1.85,True,False,none,False,False,5,0,True,False,False,False,False,False,False,False,0,0,0,0,False,False,False,0,0,False,False,0,0,0,False,False,0.36,1,True,True,4.778,True,False,True
SOLUSDT,SELL,3373,2025-11-20 16:45:00,132.53,8.685,3.063,1.328,238,win,1.174,2.347,-7.44,0,fresh,50.5,True,1.61,True,False,none,False,False,0,3,True,False,False,False,False,False,False,False,0,0,0,0,False,False,False,0,0,False,False,0,0,0,False,False,0.04,1,True,False,5.153,True,False,True
SOLUSDT,BUY,3611,2025-11-23 04:15:00,130.77,10.652,2.111,6.523,477,win,0.578,1.156,2.849,0,fresh,6.3,True,2.55,True,False,none,False,False,5,1,True,False,False,False,False,False,False,False,1,0,0,0,True,False,True,1,0,False,False,0,0,0,False,False,0.66,0,True,False,5.223,True,False,False
SOLUSDT,SELL,4088,2025-11-28 03:30:00,139.3,3.367,3.058,0.373,242,win,0.442,0.884,-1.948,0,fresh,23.8,False,0.83,False,False,none,False,False,1,2,True,False,False,False,False,False,False,False,0,0,0,1,False,True,True,0,1,False,False,0,0,0,False,False,0.08,0,True,False,0.926,False,False,False
SOLUSDT,BUY,4330,2025-11-30 16:00:00,138.78,0.728,6.831,-6.42,33,lose,0.425,0.849,1.723,0,fresh,89.1,True,0.79,False,True,bullish,True,False,5,2,True,False,False,False,False,False,False,False,0,0,0,0,False,False,False,1,0,False,False,1,0,0,False,False,2.19,0,True,False,1.153,False,False,False
SOLUSDT,SELL,4363,2025-12-01 00:15:00,129.87,5.251,0.839,-0.516,150,win,0.774,1.547,-6.454,0,fresh,46.0,False,3.7,True,True,bearish,True,False,1,9,True,False,False,False,False,False,False,False,0,0,0,0,False,False,False,0,0,False,False,0,0,0,False,False,0.51,0,True,False,1.232,True,False,True
SOLUSDT,BUY,4513,2025-12-02 13:45:00,130.54,12.51,0.184,6.711,218,win,0.501,1.003,2.889,0,fresh,31.9,True,1.24,False,False,none,False,False,4,0,True,False,False,False,False,False,False,False,0,0,0,0,False,False,False,0,0,False,False,0,0,0,False,False,0.04,1,True,False,1.095,True,False,False
SOLUSDT,SELL,4731,2025-12-04 20:15:00,139.3,8.435,1.019,2.534,285,win,0.689,1.379,-3.187,0,fresh,31.9,False,0.51,False,False,none,False,False,1,2,True,False,False,False,False,False,False,False,0,1,0,0,True,False,True,1,1,False,False,1,0,0,False,False,0.17,0,True,True,2.326,True,False,False
SOLUSDT,BUY,5016,2025-12-07 19:30:00,135.77,2.6,4.478,-1.908,113,win,0.674,1.348,3.315,0,fresh,67.7,True,0.34,False,False,none,False,False,4,1,True,False,False,False,False,False,False,False,0,0,0,0,False,False,False,0,1,True,False,0,1,0,False,False,0.14,0,True,False,0.818,True,False,False
SOLUSDT,SELL,5129,2025-12-08 23:45:00,133.18,1.246,6.563,-6.18,66,lose,0.612,1.224,-2.892,0,fresh,19.4,True,0.27,False,False,none,False,False,0,2,True,False,False,False,False,False,False,False,0,1,0,0,True,False,True,0,1,False,False,0,1,0,False,False,0.5,2,True,True,2.35,True,False,False
SOLUSDT,BUY,5195,2025-12-09 16:15:00,141.41,2.468,5.452,-5.113,129,win,0.848,1.697,6.072,0,fresh,3.5,True,3.03,True,False,none,False,False,4,1,True,False,False,False,False,False,False,False,0,0,0,0,False,False,False,0,1,True,False,0,0,0,False,False,0.09,1,True,False,2.249,True,False,True
SOLUSDT,SELL,5324,2025-12-11 00:30:00,134.18,3.928,2.668,-2.117,82,win,0.917,1.833,-4.432,0,fresh,78.5,False,1.42,False,True,bearish,True,False,2,4,True,False,False,False,False,False,False,False,0,0,0,0,False,False,False,1,0,True,False,1,0,0,False,False,5.45,0,True,True,2.37,True,False,True
SOLUSDT,BUY,5406,2025-12-11 21:00:00,137.02,2.241,4.08,-3.766,78,win,0.878,1.756,4.597,0,fresh,56.6,True,2.71,True,False,none,False,False,5,0,True,False,False,False,False,False,False,False,0,0,0,0,False,False,False,0,0,False,False,0,0,0,False,False,1.18,0,True,False,1.219,True,False,True
SOLUSDT,SELL,5484,2025-12-12 16:30:00,131.86,6.317,2.685,-1.16,474,win,0.868,1.736,-4.843,0,fresh,77.7,False,1.81,True,False,none,False,False,1,4,True,False,False,False,False,False,False,False,0,0,0,0,False,False,False,0,0,False,False,0,0,0,False,False,0.17,0,True,False,1.266,True,False,True
SOLUSDT,BUY,5958,2025-12-17 15:00:00,133.39,0.045,9.026,-8.606,17,lose,0.811,1.622,5.328,0,fresh,38.9,True,4.77,True,False,none,False,False,4,0,True,False,False,False,False,False,False,False,0,0,0,0,False,False,False,1,0,False,False,0,0,0,False,False,0.24,0,True,False,1.514,True,False,True
SOLUSDT,SELL,5975,2025-12-17 19:15:00,121.91,4.265,5.816,-2.018,146,win,1.028,2.055,-5.617,0,fresh,17.5,True,0.37,False,False,none,False,False,1,6,True,False,False,False,False,False,False,False,0,0,0,0,False,False,False,1,0,True,False,0,0,0,False,False,0.42,0,True,False,1.657,True,False,True
SOLUSDT,BUY,6121,2025-12-19 07:45:00,124.37,2.806,0.86,-0.643,216,win,0.689,1.378,3.119,0,fresh,27.0,True,0.36,False,False,none,False,False,6,0,True,False,False,False,False,False,False,False,0,0,0,0,False,False,False,0,0,False,False,0,0,0,False,False,0.63,0,True,True,3.015,True,False,False
SOLUSDT,SELL,6337,2025-12-21 13:45:00,123.57,0.121,3.998,-2.743,96,lose,0.407,0.814,-2.262,0,fresh,35.6,False,1.46,False,False,none,False,False,2,5,True,False,False,False,False,False,False,False,0,0,1,0,False,False,True,1,1,False,False,0,0,0,False,False,0.55,0,True,True,3.035,False,False,False
SOLUSDT,BUY,6433,2025-12-22 13:45:00,126.96,1.402,2.662,-1.725,84,lose,0.425,0.851,1.542,0,fresh,87.1,True,1.3,False,True,bullish,True,False,3,1,True,False,False,False,False,False,False,False,0,0,0,0,False,False,False,0,0,False,False,0,0,0,False,False,1.08,0,True,True,3.568,False,False,False
SOLUSDT,SELL,6517,2025-12-23 10:45:00,124.77,3.414,0.665,0.809,222,win,0.333,0.667,-0.898,0,fresh,70.6,True,0.98,False,True,bullish,False,True,2,2,False,False,False,False,False,False,False,False,0,1,0,0,True,False,True,0,1,False,False,0,0,0,False,False,1.46,0,True,True,3.63,False,False,False
SOLUSDT,BUY,6739,2025-12-25 18:15:00,123.76,0.323,3.507,-2.998,23,lose,0.391,0.782,1.582,0,fresh,9.5,False,0.51,False,False,none,False,False,5,2,True,False,False,False,False,False,False,False,0,0,1,0,False,True,True,1,0,False,False,0,0,0,False,False,0.64,0,True,False,1.067,False,False,False
SOLUSDT,SELL,6762,2025-12-26 00:00:00,120.05,0.75,3.565,-3.232,51,lose,0.481,0.961,-2.758,0,fresh,11.3,True,2.5,True,False,none,False,False,1,6,True,False,False,False,False,False,False,False,0,0,0,0,False,False,False,0,0,False,False,0,0,0,False,False,0.22,0,True,False,1.1,False,False,False
SOLUSDT,BUY,6813,2025-12-26 12:45:00,123.93,5.067,2.873,-0.282,285,win,0.313,0.626,1.636,0,fresh,23.5,True,0.74,False,False,none,False,False,4,2,True,False,False,False,False,False,False,False,0,0,0,0,False,False,False,0,0,False,False,0,0,0,False,False,0.37,1,True,True,0.783,False,False,False
SOLUSDT,SELL,7098,2025-12-29 12:00:00,123.58,1.157,2.355,-1.602,153,lose,0.514,1.028,-3.093,0,fresh,65.0,False,4.76,True,True,bearish,True,False,1,4,True,False,False,False,False,False,False,False,0,0,0,0,False,False,False,0,0,False,False,0,0,0,False,False,3.68,1,True,False,1.351,True,False,False
SOLUSDT,BUY,7251,2025-12-31 02:15:00,125.56,14.248,1.704,8.036,725,win,0.349,0.698,1.393,0,fresh,69.6,False,1.3,False,False,none,False,False,4,0,True,False,False,False,False,False,False,False,0,0,0,0,False,False,False,0,1,True,False,0,0,0,False,False,0.46,0,True,False,1.258,False,False,False
SOLUSDT,SELL,7976,2026-01-07 15:30:00,135.65,2.322,3.199,-3.148,122,win,0.56,1.119,-3.075,0,fresh,2.9,False,1.54,True,False,none,False,False,2,3,True,False,False,False,False,False,False,False,0,0,0,0,False,False,False,0,0,False,False,0,0,0,False,False,0.61,0,True,False,0.995,True,False,False
SOLUSDT,BUY,8098,2026-01-08 22:00:00,139.92,0.872,3.616,-2.852,105,lose,0.548,1.096,3.273,0,fresh,68.5,True,1.8,True,False,none,False,False,5,2,True,False,False,False,False,False,False,False,0,0,0,0,False,False,False,0,0,False,False,0,0,0,False,False,0.19,0,True,False,0.965,True,False,False
SOLUSDT,SELL,8203,2026-01-10 00:15:00,135.93,0.463,1.663,-1.596,153,lose,0.44,0.879,-1.703,0,fresh,68.6,True,0.43,False,False,none,False,False,0,0,False,False,False,False,False,False,False,False,0,0,0,0,False,False,False,0,1,False,False,0,1,0,False,False,0.09,0,True,False,0.993,False,False,False
SOLUSDT,BUY,8356,2026-01-11 14:30:00,138.1,7.748,0.456,2.44,401,win,0.222,0.444,1.449,0,fresh,38.5,True,4.01,True,True,bullish,True,False,8,2,True,False,False,False,False,False,False,False,0,0,0,0,False,False,False,0,0,False,False,0,0,0,False,False,0.77,0,True,False,0.261,False,False,False
SOLUSDT,SELL,8757,2026-01-15 18:45:00,141.47,0.919,2.849,-2.403,112,lose,0.608,1.217,-3.187,0,fresh,74.6,False,0.69,False,False,none,False,False,1,3,True,False,False,False,False,False,False,False,0,0,0,0,False,False,False,0,0,False,False,0,0,0,False,False,0.7,0,True,False,4.813,True,False,False
SOLUSDT,BUY,8869,2026-01-16 22:45:00,144.87,0.193,2.057,-1.698,110,lose,0.371,0.742,1.589,0,fresh,10.5,True,0.31,False,False,none,False,False,5,0,True,False,False,False,False,False,False,False,0,0,0,0,False,False,False,1,0,False,False,0,0,0,False,False,0.87,0,True,True,4.701,False,False,False
SOLUSDT,SELL,8979,2026-01-18 02:15:00,142.41,12.752,0.548,8.012,363,win,0.271,0.541,-1.331,0,fresh,50.8,False,0.86,False,True,bearish,True,False,0,5,True,False,False,False,False,False,False,False,0,0,0,0,False,False,False,0,0,False,False,0,0,0,False,False,0.55,0,True,True,4.782,False,False,False
SOLUSDT,BUY,9342,2026-01-21 21:00:00,131.0,0.832,3.313,-2.435,79,lose,0.78,1.56,3.223,0,fresh,14.8,False,0.26,False,False,none,False,False,4,3,True,False,False,False,False,False,False,False,0,0,0,0,False,False,False,0,1,True,False,0,0,0,False,False,0.64,0,True,False,2.168,True,False,True
SOLUSDT,SELL,9421,2026-01-22 16:45:00,127.81,8.458,1.831,2.512,393,win,0.592,1.185,-2.092,0,fresh,26.0,True,0.59,False,False,none,False,False,0,2,True,False,False,False,False,False,False,False,0,1,0,0,True,False,True,1,1,False,False,0,1,0,False,False,0.47,0,True,False,2.222,True,False,False
SOLUSDT,BUY,9814,2026-01-26 19:00:00,124.6,2.97,1.565,-1.461,225,win,0.626,1.252,2.802,0,fresh,43.1,False,0.4,False,False,none,False,False,2,1,True,False,False,False,False,False,False,False,1,0,0,0,True,False,True,1,0,False,False,0,0,0,False,False,0.12,0,True,False,1.372,True,False,False
SOLUSDT,SELL,10039,2026-01-29 03:15:00,122.78,45.195,0.937,29.443,823,win,0.474,0.948,-2.899,0,fresh,75.9,False,1.99,True,False,none,False,False,0,2,True,False,False,False,False,False,False,False,0,0,0,0,False,False,False,0,0,False,False,0,0,0,False,False,0.54,0,True,False,1.393,False,False,False
SOLUSDT,BUY,10862,2026-02-06 17:00:00,86.63,3.59,3.313,-2.47,256,win,1.287,2.574,6.732,0,fresh,3.8,True,0.85,False,False,none,False,False,3,1,True,False,False,False,False,False,False,False,0,0,0,0,False,False,False,0,0,False,False,0,0,0,False,False,0.34,1,True,False,1.351,True,False,True
SOLUSDT,SELL,11118,2026-02-09 09:00:00,84.49,1.977,4.935,-4.024,43,lose,0.679,1.358,-3.573,0,fresh,2.7,False,0.93,False,False,none,False,False,0,4,True,False,False,False,False,False,False,False,0,0,0,0,False,False,False,0,0,False,False,0,0,0,False,False,0.06,0,True,False,3.527,True,False,False
SOLUSDT,BUY,11161,2026-02-09 19:45:00,87.89,0.444,4.301,-4.233,60,lose,0.868,1.737,3.978,0,fresh,0.0,False,0.4,False,False,none,False,False,3,0,True,False,False,False,False,False,False,False,0,0,0,0,False,False,False,1,0,False,False,0,0,0,False,False,0.5,0,True,True,3.39,True,False,True
SOLUSDT,SELL,11221,2026-02-10 10:45:00,84.17,9.065,1.2,0.665,306,win,0.493,0.986,-2.379,0,fresh,47.1,False,0.36,False,False,none,False,False,1,2,True,False,False,False,False,False,False,False,0,0,0,0,False,False,False,0,0,False,False,0,0,0,False,False,1.01,0,True,False,3.541,False,False,False
SOLUSDT,BUY,11527,2026-02-13 15:15:00,83.61,9.066,0.921,1.985,209,win,0.845,1.689,6.174,0,fresh,78.7,True,2.75,True,True,bullish,True,False,4,0,True,False,False,False,False,False,False,False,0,0,0,0,False,False,False,0,0,False,False,0,0,0,False,False,0.23,0,True,False,1.699,True,False,True
SOLUSDT,SELL,11736,2026-02-15 19:30:00,85.27,3.237,2.803,-1.044,137,win,0.703,1.406,-3.984,0,fresh,81.4,False,1.26,False,True,bearish,True,False,0,4,True,False,False,False,False,False,False,False,0,0,0,0,False,False,False,0,0,False,False,0,0,0,False,False,0.04,0,True,False,2.076,True,False,False
SOLUSDT,BUY,11873,2026-02-17 05:45:00,86.16,0.696,3.749,-3.203,38,lose,0.546,1.092,1.273,0,fresh,43.5,True,0.5,False,True,bullish,True,False,1,4,False,True,False,False,False,False,False,False,0,0,0,0,False,False,False,1,0,False,False,0,0,0,False,False,0.96,0,True,False,1.462,True,False,False
SOLUSDT,SELL,11911,2026-02-17 15:15:00,83.4,4.592,3.165,-0.204,260,win,0.703,1.406,-3.571,0,fresh,6.4,True,1.45,False,False,none,False,False,0,3,True,False,False,False,False,False,False,False,0,0,0,0,False,False,False,0,0,False,False,0,0,0,False,False,0.18,0,True,True,1.511,True,False,False
SOLUSDT,BUY,12171,2026-02-20 08:15:00,83.57,3.721,2.226,0.096,217,win,0.431,0.863,2.286,0,fresh,66.7,True,0.45,False,False,none,False,False,2,1,True,False,False,False,False,False,False,False,0,0,0,0,False,False,False,0,0,False,False,0,0,0,False,False,0.95,0,True,True,1.508,False,False,False
SOLUSDT,SELL,12388,2026-02-22 14:30:00,83.65,9.659,0.072,2.044,235,win,0.377,0.755,-2.063,0,fresh,33.3,False,1.45,False,False,none,False,False,1,4,True,False,False,False,False,False,False,False,0,0,0,0,False,False,False,0,0,False,False,0,0,0,False,False,0.09,1,True,False,0.55,False,False,False
SOLUSDT,BUY,12623,2026-02-25 01:15:00,81.94,12.387,1.233,3.393,164,win,0.797,1.594,5.653,0,fresh,44.5,True,4.45,True,False,none,False,False,4,2,True,False,False,False,False,False,False,False,0,0,0,0,False,False,False,0,0,False,False,0,0,0,False,False,0.06,1,True,False,3.466,True,False,True
SOLUSDT,SELL,12787,2026-02-26 18:15:00,84.72,9.042,4.178,0.767,203,win,0.799,1.598,-4.003,0,fresh,11.3,True,0.49,False,False,none,False,False,0,4,True,False,False,False,False,False,False,False,0,1,0,0,True,False,True,0,1,False,False,0,0,0,False,False,0.56,1,True,False,1.346,True,False,True
SOLUSDT,BUY,12990,2026-02-28 21:00:00,84.07,5.721,2.212,-2.141,93,win,1.014,2.027,5.284,0,fresh,53.1,False,1.44,False,False,none,False,False,3,1,True,False,False,False,False,False,False,False,0,0,0,0,False,False,False,0,0,False,False,0,0,0,False,False,0.2,1,True,False,3.914,True,False,True
SOLUSDT,SELL,13083,2026-03-01 20:15:00,82.27,0.766,9.347,-8.922,79,lose,0.76,1.52,-4.473,0,fresh,48.6,False,0.78,False,False,none,False,False,0,5,True,False,False,False,False,False,False,False,0,0,0,0,False,False,False,0,0,False,False,0,0,0,False,False,0.7,1,True,False,4.182,True,False,True
SOLUSDT,BUY,13162,2026-03-02 16:00:00,89.61,0.792,6.673,-6.093,79,lose,1.05,2.1,7.115,0,fresh,61.5,True,2.22,True,True,bullish,True,False,4,0,True,False,False,False,False,False,False,False,0,0,0,0,False,False,False,0,0,False,False,0,0,0,False,False,0.0,0,True,False,3.838,True,False,True
SOLUSDT,SELL,13241,2026-03-03 11:45:00,84.15,2.08,6.928,-6.453,85,win,0.632,1.264,-2.635,0,fresh,34.8,True,0.63,False,False,none,False,False,0,3,True,False,False,False,False,False,False,False,0,0,0,0,False,False,False,0,0,False,False,0,0,0,False,False,0.54,0,True,True,4.088,True,False,False
SOLUSDT,BUY,13326,2026-03-04 09:00:00,89.58,5.102,1.942,-0.58,147,win,0.856,1.713,5.238,0,fresh,13.7,False,2.29,True,False,none,False,False,5,1,True,False,False,False,False,False,False,False,0,0,0,0,False,False,False,0,1,True,False,0,1,0,False,False,0.38,0,True,False,3.84,True,False,True
SOLUSDT,SELL,13473,2026-03-05 21:45:00,89.06,9.971,0.337,3.907,355,win,0.64,1.28,-2.185,0,fresh,4.8,True,0.72,False,False,none,False,False,1,1,False,False,False,False,False,False,False,False,0,1,0,0,True,False,True,1,1,False,False,1,0,0,False,False,0.91,0,True,False,3.862,True,False,False
SOLUSDT,BUY,13828,2026-03-09 14:30:00,85.58,3.739,1.531,-0.853,251,win,0.72,1.44,3.942,0,fresh,67.9,True,1.74,True,False,none,False,False,1,0,True,False,False,False,False,False,False,False,0,0,0,0,False,False,False,0,0,False,False,0,0,0,False,False,0.31,0,True,False,2.349,True,False,False
SOLUSDT,SELL,14079,2026-03-12 05:15:00,84.85,0.024,3.312,-2.428,33,lose,0.409,0.818,-1.68,0,fresh,72.0,False,0.56,False,False,none,False,False,0,2,True,False,False,False,False,False,False,False,0,0,0,0,False,False,False,0,1,False,False,0,0,0,False,False,0.15,1,True,False,1.414,False,False,False
SOLUSDT,BUY,14112,2026-03-12 13:30:00,86.91,7.444,2.163,1.07,140,win,0.533,1.066,1.916,0,fresh,1.1,True,2.07,True,False,none,False,False,2,1,True,False,False,False,False,False,False,False,1,0,0,0,True,False,True,1,0,False,False,0,0,0,False,False,0.06,0,True,False,1.381,True,False,False
SOLUSDT,SELL,14252,2026-03-14 00:30:00,87.84,1.628,0.934,-0.672,116,lose,0.437,0.874,-2.238,0,fresh,76.0,False,0.79,False,True,bearish,True,False,0,3,True,False,False,False,False,False,False,False,0,1,0,0,True,False,True,0,1,False,False,0,0,0,False,False,0.12,0,True,True,3.268,False,False,False
SOLUSDT,BUY,14368,2026-03-15 05:30:00,88.43,10.426,1.267,2.363,316,win,0.342,0.685,1.472,0,fresh,41.2,True,0.93,False,False,none,False,False,2,2,False,False,False,False,False,False,False,False,0,0,0,0,False,False,False,0,0,False,False,0,0,0,False,False,0.57,0,True,True,3.619,False,False,False
SOLUSDT,SELL,14684,2026-03-18 12:30:00,90.52,4.121,0.939,0.464,269,win,0.612,1.224,-4.596,0,fresh,80.0,False,4.21,True,True,bearish,True,False,0,3,True,False,False,False,False,False,False,False,0,0,0,0,False,False,False,0,0,False,False,0,0,0,False,False,1.2,0,True,False,1.16,True,False,False
SOLUSDT,BUY,14953,2026-03-21 07:45:00,90.1,0.289,4.351,-3.729,65,lose,0.27,0.539,0.934,0,fresh,13.6,True,0.81,False,False,none,False,False,2,3,False,True,False,False,False,False,False,False,0,0,0,0,False,False,False,1,0,False,False,0,0,0,False,False,0.13,0,True,False,1.265,False,False,False
SOLUSDT,SELL,15018,2026-03-22 00:00:00,86.74,2.006,5.983,-3.966,147,win,0.511,1.022,-4.112,0,fresh,57.5,False,7.25,True,False,none,False,False,2,2,False,False,False,False,False,False,False,False,0,1,0,0,True,False,True,1,1,False,False,0,0,0,False,False,0.01,2,True,False,3.171,True,False,False
SOLUSDT,BUY,15165,2026-03-23 12:45:00,90.18,2.284,1.73,-1.153,117,win,1.028,2.056,4.89,0,fresh,20.0,False,0.51,False,False,none,False,False,4,1,True,False,False,False,False,False,False,False,0,0,0,0,False,False,False,0,0,False,False,0,0,0,False,False,0.04,1,True,True,6.588,True,False,True
SOLUSDT,SELL,15282,2026-03-24 18:00:00,89.14,0.886,4.274,-3.87,45,lose,0.575,1.151,-2.158,0,fresh,3.8,True,0.41,False,False,none,False,False,1,3,True,False,False,False,False,False,False,False,0,0,0,0,False,False,False,0,0,False,False,0,0,0,False,False,0.38,0,True,True,6.664,True,False,False
SOLUSDT,BUY,15327,2026-03-25 05:15:00,92.59,0.94,3.964,-3.715,99,lose,0.467,0.934,2.991,0,fresh,12.1,True,1.24,False,False,none,False,False,5,2,True,False,False,False,False,False,False,False,0,0,0,0,False,False,False,0,0,False,False,0,0,0,False,False,0.36,0,True,False,6.415,False,False,False
SOLUSDT,SELL,15426,2026-03-26 06:00:00,89.15,11.643,0.202,6.259,382,win,0.422,0.843,-2.909,0,fresh,6.2,False,2.16,True,False,none,False,False,0,7,True,False,False,False,False,False,False,False,0,0,0,0,False,False,False,0,0,False,False,0,0,0,False,False,0.01,1,True,True,6.663,False,False,False
SOLUSDT,BUY,15808,2026-03-30 05:30:00,83.57,1.687,4.403,-3.458,115,lose,0.572,1.143,2.166,0,fresh,59.5,False,0.99,False,False,none,False,False,1,0,True,False,False,False,False,False,False,False,0,0,0,0,False,False,False,0,0,False,False,0,0,0,False,False,0.09,0,True,True,2.094,True,False,False
SOLUSDT,SELL,15923,2026-03-31 10:15:00,80.68,0.62,4.598,-4.462,79,lose,0.628,1.256,-3.612,0,fresh,6.1,True,1.13,False,False,none,False,False,1,5,True,False,False,False,False,False,False,False,0,0,0,0,False,False,False,0,1,False,False,0,0,0,False,False,0.09,1,True,True,2.479,True,False,False
SOLUSDT,BUY,16002,2026-04-01 06:00:00,84.28,2.741,4.224,-3.548,70,win,0.451,0.902,2.75,0,fresh,50.0,True,1.26,False,False,none,False,False,2,0,True,False,False,False,False,False,False,False,0,0,0,0,False,False,False,0,0,False,False,0,0,0,False,False,0.49,0,True,False,3.548,False,False,False
SOLUSDT,SELL,16072,2026-04-01 23:30:00,81.29,5.733,0.529,1.488,167,win,0.672,1.345,-2.905,0,fresh,4.8,True,0.55,False,False,none,False,False,0,5,True,False,False,False,False,False,False,False,0,0,0,0,False,False,False,0,0,False,False,0,0,0,False,False,0.49,0,True,True,3.678,True,False,False
SOLUSDT,BUY,16239,2026-04-03 17:15:00,80.08,1.948,0.974,-0.637,155,lose,0.432,0.864,1.364,0,fresh,50.0,False,1.38,False,True,bearish,False,True,2,4,False,True,False,False,False,False,False,False,0,0,0,0,False,False,False,1,1,False,False,0,1,0,False,False,4.4,0,True,True,3.734,False,False,False
SOLUSDT,SELL,16394,2026-04-05 08:00:00,79.57,1.408,3.996,-3.619,65,lose,0.272,0.545,-1.233,0,fresh,15.4,True,0.78,False,False,none,False,False,0,2,True,False,False,False,False,False,False,False,0,0,0,0,False,False,False,0,0,False,False,0,0,0,False,False,0.37,0,True,True,4.211,False,False,False
SOLUSDT,BUY,16459,2026-04-06 00:15:00,82.45,0.885,3.554,-3.02,94,lose,0.575,1.151,3.804,0,fresh,33.9,True,1.66,True,False,none,False,False,5,3,True,False,False,False,False,False,False,False,0,0,0,0,False,False,False,0,1,True,False,0,0,0,False,False,0.39,0,True,True,4.063,True,False,False
SOLUSDT,SELL,16553,2026-04-06 23:45:00,79.96,2.076,2.851,-2.551,82,win,0.44,0.881,-2.382,0,fresh,26.5,False,1.63,True,False,none,False,False,0,9,True,False,False,False,False,False,False,False,0,0,0,0,False,False,False,0,0,False,False,0,0,0,False,False,0.66,0,True,True,4.19,False,False,False
SOLUSDT,BUY,16635,2026-04-07 20:15:00,82.0,6.329,0.427,0.207,118,win,0.622,1.244,3.44,0,fresh,17.9,True,1.03,False,False,none,False,False,5,0,True,False,False,False,False,False,False,False,0,0,0,0,False,False,False,0,0,False,False,0,0,0,False,False,0.7,1,True,False,0.854,True,False,False
SOLUSDT,SELL,16753,2026-04-09 01:45:00,82.17,0.986,3.042,-1.679,70,lose,0.457,0.915,-1.917,0,fresh,71.1,True,0.72,False,False,none,False,False,1,3,True,False,False,False,False,False,False,False,0,0,0,0,False,False,False,0,0,False,False,0,0,0,False,False,0.51,0,True,False,0.596,False,False,False
SOLUSDT,BUY,16823,2026-04-09 19:15:00,83.55,3.208,2.059,-1.149,221,win,0.647,1.293,1.809,0,fresh,62.1,False,0.54,False,False,none,False,False,4,2,True,False,False,False,False,False,False,False,0,0,0,0,False,False,False,0,1,True,False,0,1,0,False,False,0.14,0,True,False,0.586,True,False,False
SOLUSDT,SELL,17044,2026-04-12 02:30:00,82.59,1.647,1.986,-1.792,165,lose,0.573,1.145,-3.095,0,fresh,3.1,True,0.58,False,False,none,False,False,0,3,True,False,False,False,False,False,False,False,0,1,0,0,True,False,True,0,1,False,False,0,0,0,False,False,0.1,2,True,True,4.383,True,False,False
SOLUSDT,BUY,17209,2026-04-13 19:45:00,84.07,4.246,0.845,-0.416,102,win,0.503,1.006,2.698,0,fresh,70.4,True,2.03,True,False,none,False,False,4,3,True,False,False,False,False,False,False,False,0,0,0,0,False,False,False,0,0,False,False,0,0,0,False,False,0.65,0,True,True,4.901,True,False,False
SOLUSDT,SELL,17311,2026-04-14 21:15:00,83.72,1.338,2.496,-1.218,103,lose,0.535,1.07,-2.218,0,fresh,9.5,False,0.22,False,False,none,False,False,0,5,True,False,False,False,False,False,False,False,0,0,0,0,False,False,False,0,0,False,False,0,0,0,False,False,1.1,0,True,True,4.922,True,False,False
SOLUSDT,BUY,17414,2026-04-15 23:00:00,84.74,7.045,1.227,2.773,236,win,0.476,0.952,1.578,0,fresh,72.7,False,0.86,False,True,bearish,False,True,3,3,False,False,False,False,False,False,False,False,0,0,0,0,False,False,False,1,1,False,False,0,1,0,False,False,0.31,0,True,True,4.861,False,False,False
SOLUSDT,SELL,17650,2026-04-18 10:00:00,87.09,4.96,0.126,1.63,243,win,0.382,0.765,-2.249,0,fresh,62.8,False,3.23,True,True,bearish,True,False,1,3,True,False,False,False,False,False,False,False,0,0,0,0,False,False,False,0,0,False,False,0,0,0,False,False,3.0,0,True,False,0.723,False,False,False
SOLUSDT,BUY,17893,2026-04-20 22:45:00,85.67,4.226,1.646,0.257,208,win,0.359,0.717,1.324,0,fresh,20.0,False,0.25,False,False,none,False,False,0,0,False,False,False,False,False,False,False,False,1,0,0,0,True,False,True,1,0,False,False,0,0,0,False,False,0.75,0,True,False,0.735,False,False,False
SOLUSDT,SELL,18101,2026-04-23 02:45:00,85.89,1.711,1.199,-0.827,217,lose,0.411,0.823,-2.27,0,fresh,18.5,True,0.69,False,False,none,False,False,0,3,True,False,False,False,False,False,False,False,0,0,0,0,False,False,False,0,0,False,False,0,0,0,False,False,1.04,0,True,False,1.933,False,False,False
SOLUSDT,BUY,18318,2026-04-25 09:00:00,86.6,0.173,1.293,-1.132,40,lose,0.182,0.364,0.835,0,fresh,9.1,True,0.92,False,False,none,False,False,2,3,False,True,False,False,False,False,False,False,0,0,0,0,False,False,False,1,0,False,False,0,0,0,False,False,0.46,0,True,False,1.917,False,False,False
SOLUSDT,SELL,18358,2026-04-25 19:00:00,85.62,0.117,1.296,-0.946,90,lose,0.213,0.426,-0.881,0,fresh,30.0,False,0.6,False,False,none,False,False,0,3,True,False,False,False,False,False,False,False,0,0,0,0,False,False,False,0,1,False,False,0,0,0,False,False,0.29,1,True,False,0.467,False,False,False
SOLUSDT,BUY,18448,2026-04-26 17:30:00,86.43,1.909,1.423,-1.412,57,lose,0.183,0.367,0.584,0,fresh,42.9,False,0.36,False,False,none,False,False,1,1,False,False,False,False,False,False,False,False,0,0,0,0,False,False,False,0,1,True,False,0,0,0,False,False,1.28,0,True,True,0.463,False,False,False
SOLUSDT,SELL,18505,2026-04-27 07:45:00,85.21,2.699,0.704,0.599,187,win,0.384,0.767,-1.961,0,fresh,61.3,False,0.73,False,False,none,False,False,0,5,True,False,False,False,False,False,False,False,0,0,0,0,False,False,False,1,0,True,False,0,0,0,False,False,0.14,0,True,False,0.469,False,False,False
SOLUSDT,BUY,18692,2026-04-29 06:30:00,84.7,0.98,2.113,-1.889,39,lose,0.239,0.478,0.899,0,fresh,42.1,False,0.63,False,False,none,False,False,4,0,True,False,False,False,False,False,False,False,0,0,0,0,False,False,False,0,0,False,False,0,0,0,False,False,0.09,0,True,False,0.472,False,False,False
SOLUSDT,SELL,18731,2026-04-29 16:15:00,83.1,2.154,1.528,-1.203,149,win,0.45,0.9,-2.053,0,fresh,62.3,False,1.32,False,False,none,False,False,0,3,True,False,False,False,False,False,False,False,0,0,0,0,False,False,False,0,0,False,False,0,0,0,False,False,0.32,0,True,False,0.481,False,False,False
SOLUSDT,BUY,18880,2026-05-01 05:30:00,84.1,16.956,1.094,12.568,1089,win,0.287,0.575,1.334,0,fresh,85.0,True,0.82,False,False,none,False,False,3,0,True,False,False,False,False,False,False,False,0,0,0,0,False,False,False,0,0,False,False,0,0,0,False,False,0.08,0,True,False,2.414,False,False,False
SOLUSDT,SELL,19969,2026-05-12 13:45:00,94.67,5.218,1.373,1.479,204,win,0.471,0.943,-2.11,0,fresh,51.1,False,1.61,True,False,none,False,False,1,4,True,False,False,False,False,False,False,False,0,0,0,0,False,False,False,0,0,False,False,0,0,0,False,False,1.21,0,True,False,1.236,False,False,False
SOLUSDT,BUY,20173,2026-05-14 16:45:00,93.27,0.354,3.281,-2.873,79,lose,0.543,1.085,2.592,0,fresh,8.0,True,2.0,True,False,none,False,False,4,0,True,False,False,False,False,False,False,False,0,0,0,1,False,False,True,1,1,False,False,1,0,0,False,False,1.24,0,True,False,0.675,True,False,False
SOLUSDT,SELL,20252,2026-05-15 12:30:00,90.59,8.036,0.144,4.239,499,win,0.365,0.73,-1.897,0,fresh,75.9,False,0.86,False,False,none,False,False,0,1,True,False,False,False,False,False,False,False,0,0,0,0,False,False,False,0,0,False,False,0,0,0,False,False,0.26,0,True,True,1.225,False,False,False
SOLUSDT,BUY,20751,2026-05-20 17:15:00,86.75,1.464,3.274,-2.582,202,lose,0.525,1.05,2.91,0,fresh,53.2,True,0.64,False,True,bullish,True,False,5,2,True,False,False,False,False,False,False,False,0,0,0,0,False,False,False,0,0,False,False,0,0,0,False,False,0.1,0,True,False,1.003,True,False,False
SOLUSDT,SELL,20953,2026-05-22 19:45:00,84.51,3.727,0.887,0.39,86,win,0.605,1.209,-3.348,0,fresh,35.2,True,1.89,True,False,none,False,False,0,3,True,False,False,False,False,False,False,False,0,0,0,0,False,False,False,0,0,False,False,0,0,0,False,False,0.16,1,True,False,0.639,True,False,False
SOLUSDT,BUY,21039,2026-05-23 17:15:00,84.18,3.956,0.665,0.832,117,win,0.365,0.73,1.46,0,fresh,11.5,False,0.3,False,False,none,False,False,6,1,True,False,False,False,False,False,False,False,0,0,0,0,False,False,False,0,0,False,False,0,0,0,False,False,0.16,1,True,False,2.958,False,False,False
SOLUSDT,SELL,21156,2026-05-24 22:30:00,84.88,5.855,1.897,2.58,492,win,0.49,0.979,-1.344,0,fresh,30.6,False,1.66,True,False,none,False,False,1,4,True,False,False,False,False,False,False,False,0,0,0,0,False,False,False,0,1,False,False,0,1,0,False,False,0.31,0,True,False,0.33,False,False,False
SOLUSDT,BUY,21648,2026-05-30 01:30:00,82.69,0.822,1.584,-1.415,156,lose,0.34,0.68,1.366,0,fresh,30.0,True,2.23,True,True,bullish,True,False,5,2,True,False,False,False,False,False,False,False,0,0,0,0,False,False,False,0,0,False,False,0,0,0,False,False,0.84,0,True,True,2.878,False,False,False
SOLUSDT,SELL,21804,2026-05-31 16:30:00,81.52,26.362,1.914,20.523,633,win,0.327,0.654,-1.778,0,fresh,57.6,False,1.85,True,False,none,False,False,0,4,True,False,False,False,False,False,False,False,0,0,0,0,False,False,False,0,0,False,False,0,0,0,False,False,0.46,0,True,False,2.92,False,False,False
SOLUSDT,BUY,22437,2026-06-07 06:45:00,64.79,5.201,1.898,-1.111,230,win,0.653,1.305,3.527,0,fresh,26.9,False,0.76,False,False,none,False,False,3,1,True,False,False,False,False,False,False,False,0,0,0,0,False,False,False,0,0,False,False,0,0,0,False,False,0.44,0,True,True,1.713,True,False,False
SOLUSDT,SELL,22667,2026-06-09 16:15:00,64.07,2.778,2.607,-2.185,160,win,0.694,1.388,-4.083,0,fresh,20.0,True,1.19,False,False,none,False,False,1,4,True,False,False,False,False,False,False,False,0,0,0,0,False,False,False,0,0,False,False,0,0,0,False,False,0.7,0,True,True,6.883,True,False,False
SOLUSDT,BUY,22827,2026-06-11 08:15:00,65.47,6.232,0.947,3.07,335,win,0.454,0.908,2.343,0,fresh,76.9,True,1.8,True,True,bullish,True,False,4,1,True,False,False,False,False,False,False,False,0,0,0,0,False,False,False,0,0,False,False,0,0,0,False,False,1.34,0,True,True,6.737,False,False,False
SOLUSDT,SELL,23162,2026-06-14 20:00:00,67.48,0.044,4.475,-3.912,8,lose,0.312,0.624,-1.183,0,fresh,26.1,False,0.73,False,False,none,False,False,3,0,False,True,False,False,False,False,False,False,0,0,0,0,False,False,False,0,0,False,False,0,0,0,False,False,0.63,0,True,True,6.536,False,False,False
SOLUSDT,BUY,23170,2026-06-14 22:00:00,70.12,8.471,0.342,4.307,229,win,0.597,1.194,3.694,0,fresh,1.2,True,3.08,True,False,none,False,False,5,0,True,False,False,False,False,False,False,False,0,0,0,0,False,False,False,0,0,False,False,0,0,0,False,False,0.14,1,True,False,8.156,True,False,False
SOLUSDT,SELL,23399,2026-06-17 07:15:00,73.14,7.219,2.078,1.326,279,win,0.473,0.946,-1.792,0,fresh,77.8,False,1.2,False,False,none,False,False,0,2,True,False,False,False,False,False,False,False,0,0,0,0,False,False,False,1,0,True,False,0,0,0,False,False,0.14,0,True,False,1.012,False,False,False
SOLUSDT,BUY,23678,2026-06-20 05:00:00,72.17,3.88,2.425,-0.374,267,win,0.523,1.045,4.412,0,fresh,75.8,True,5.36,True,True,bullish,True,False,6,2,True,False,False,False,False,False,False,False,1,0,0,0,True,False,True,1,0,False,False,0,0,0,False,False,1.69,0,True,False,0.914,True,False,False
SOLUSDT,SELL,23945,2026-06-22 23:45:00,71.9,10.07,0.153,3.644,221,win,0.501,1.002,-2.639,0,fresh,4.8,False,0.47,False,False,none,False,False,0,3,True,False,False,False,False,False,False,False,0,0,0,0,False,False,False,0,0,False,False,0,0,0,False,False,0.0,1,True,False,1.043,True,False,False
SOLUSDT,BUY,24166,2026-06-25 07:00:00,69.28,0.289,7.621,-7.347,27,lose,0.509,1.018,2.485,0,fresh,40.5,False,1.14,False,False,none,False,False,3,0,True,False,False,False,False,False,False,False,0,0,0,0,False,False,False,1,0,False,False,0,0,0,False,False,0.49,0,True,False,1.082,True,False,False
SOLUSDT,SELL,24193,2026-06-25 13:45:00,64.19,0.016,10.562,-9.986,71,lose,0.966,1.932,-7.864,0,fresh,84.2,False,7.6,True,True,bearish,True,False,1,4,True,False,False,False,False,False,False,False,0,0,0,0,False,False,False,0,1,False,False,0,0,0,False,False,0.44,1,True,False,3.007,True,False,True
SOLUSDT,BUY,24264,2026-06-26 07:30:00,70.6,4.688,3.499,0.397,156,win,0.805,1.611,4.801,0,fresh,21.8,True,0.88,False,False,none,False,False,6,0,True,False,False,False,False,False,False,False,1,0,0,0,True,False,True,1,0,False,False,0,0,0,False,False,0.11,0,True,False,2.861,True,False,True
SOLUSDT,SELL,24420,2026-06-27 22:30:00,70.88,1.749,3.414,-2.54,137,lose,0.457,0.914,-1.823,0,fresh,50.0,True,1.03,False,True,bullish,False,True,3,3,False,False,False,False,False,False,False,False,0,0,0,0,False,False,False,0,0,False,False,0,0,0,False,False,1.06,0,True,False,2.85,False,False,False
SOLUSDT,BUY,24557,2026-06-29 08:45:00,72.68,5.242,1.142,0.22,116,win,0.67,1.341,2.738,0,fresh,8.1,False,0.94,False,False,none,False,False,3,4,False,True,False,False,False,False,False,False,0,0,0,0,False,False,False,0,0,False,False,0,0,0,False,False,1.14,0,True,False,2.779,True,False,False
SOLUSDT,SELL,24673,2026-06-30 13:45:00,72.84,0.851,4.132,-3.158,62,lose,0.543,1.086,-1.96,0,fresh,64.6,True,1.77,True,False,none,False,False,0,4,True,False,False,False,False,False,False,False,0,0,0,0,False,False,False,0,1,False,False,0,0,0,False,False,0.36,1,True,False,0.92,True,False,False
SOLUSDT,BUY,24735,2026-07-01 05:15:00,75.14,11.738,1.637,7.107,371,win,0.624,1.248,2.628,0,fresh,63.3,False,0.8,False,True,bearish,False,True,6,3,True,False,False,False,False,False,False,False,1,0,0,0,True,False,True,1,1,False,False,0,0,0,False,False,0.5,1,True,False,2.395,True,False,False
SOLUSDT,SELL,25106,2026-07-05 02:00:00,80.48,1.603,4.063,-2.609,174,lose,0.39,0.781,-2.278,0,fresh,81.0,False,1.7,True,True,bearish,True,False,0,4,True,False,False,False,False,False,False,False,0,0,0,0,False,False,False,0,0,False,False,0,0,0,False,False,1.55,0,True,False,0.596,False,False,False
SOLUSDT,BUY,25280,2026-07-06 21:30:00,82.58,0.339,4.65,-4.287,113,lose,0.583,1.166,2.523,0,fresh,13.2,False,0.68,False,False,none,False,False,2,1,True,False,False,False,False,False,False,False,0,0,0,0,False,False,False,1,0,False,False,0,0,0,False,False,0.11,1,True,True,2.107,True,False,False
SOLUSDT,SELL,25393,2026-07-08 01:45:00,79.04,3.543,0.493,0.304,198,win,0.52,1.041,-3.455,0,fresh,42.3,False,1.4,False,False,none,False,False,0,4,True,False,False,False,False,False,False,False,0,0,0,0,False,False,False,0,0,False,False,0,0,0,False,False,0.37,1,True,True,1.657,True,False,False
SOLUSDT,BUY,25591,2026-07-10 03:15:00,78.8,1.066,2.246,-1.193,69,lose,0.376,0.752,1.476,0,fresh,0.0,False,0.81,False,False,none,False,False,3,0,True,False,False,False,False,False,False,False,1,0,0,0,True,False,True,1,1,False,False,0,0,0,False,False,0.03,0,True,False,1.536,False,False,False
SOLUSDT,SELL,25660,2026-07-10 20:30:00,77.86,4.881,1.284,1.297,359,win,0.372,0.745,-1.179,0,fresh,45.0,True,0.46,False,False,none,False,False,3,1,False,True,False,False,False,False,False,False,0,0,0,0,False,False,False,0,0,False,False,0,0,0,False,False,1.02,0,True,True,1.554,False,False,False
SOLUSDT,BUY,26019,2026-07-14 14:15:00,76.85,2.811,1.666,-1.132,174,win,0.539,1.078,2.45,0,fresh,32.5,False,0.6,False,False,none,False,False,4,0,True,False,False,False,False,False,False,False,0,0,0,0,False,False,False,0,0,False,False,0,0,0,False,False,0.33,0,True,False,1.002,True,False,False
SOLUSDT,SELL,26193,2026-07-16 09:45:00,75.98,3.501,1.145,-0.105,257,win,0.386,0.773,-2.082,0,fresh,75.0,False,0.39,False,False,none,False,False,2,2,False,False,False,False,False,False,False,False,0,1,0,0,True,False,True,0,1,False,False,0,0,0,False,False,0.33,0,True,False,1.014,False,False,False
SOLUSDT,BUY,26450,2026-07-19 02:00:00,76.06,3.694,0.986,1.499,331,win,0.223,0.446,1.516,0,fresh,67.7,True,6.31,True,True,bullish,True,False,3,0,True,False,False,False,False,False,False,False,0,0,0,0,False,False,False,0,0,False,False,0,0,0,False,False,5.54,0,True,False,1.104,False,False,False
SOLUSDT,SELL,26781,2026-07-22 12:45:00,77.2,4.974,2.137,3.64,331,win,0.273,0.547,-1.083,0,fresh,9.4,True,1.93,True,False,none,False,False,1,2,True,False,False,False,False,False,False,False,0,0,0,0,False,False,False,0,0,False,False,0,0,0,False,False,1.36,0,True,False,0.674,False,False,False
SOLUSDT,BUY,27112,2026-07-25 23:30:00,74.39,4.154,0.954,-0.497,190,win,0.169,0.339,0.5,0,fresh,9.1,False,0.72,False,False,none,False,False,0,0,False,False,False,False,False,False,False,False,0,0,0,0,False,False,False,0,0,False,False,0,0,0,False,False,1.19,0,True,False,0.82,False,False,False
SOLUSDT,SELL,27302,2026-07-27 23:00:00,74.02,2.378,1.175,-0.905,260,win,0.469,0.939,-3.225,0,fresh,2.5,True,3.12,True,False,none,False,False,1,6,True,False,False,False,False,False,False,False,0,0,0,0,False,False,False,0,0,False,False,0,0,0,False,False,0.21,0,True,False,1.081,False,False,False
SOLUSDT,BUY,27562,2026-07-30 16:00:00,74.69,0.79,2.597,-2.33,92,lose,0.338,0.676,1.563,0,fresh,36.4,True,0.89,False,False,none,False,False,2,0,True,False,False,False,False,False,False,False,0,0,0,0,False,False,False,0,0,False,False,0,0,0,False,False,0.51,0,True,False,1.071,False,False,False
SOLUSDT,SELL,27654,2026-07-31 15:00:00,72.95,3.345,0.699,-0.206,143,win,0.379,0.758,-1.917,0,fresh,28.6,False,1.0,False,False,none,False,False,2,2,False,False,False,False,False,False,False,False,0,0,0,0,False,False,False,0,0,False,False,0,0,0,False,False,0.54,0,True,False,0.466,False,False,False
SOLUSDT,BUY,27797,2026-08-02 02:45:00,73.1,1.669,1.683,-1.45,118,lose,0.308,0.615,1.72,0,fresh,66.7,True,0.87,False,False,none,False,False,4,0,True,False,False,False,False,False,False,False,0,0,0,0,False,False,False,0,0,False,False,0,0,0,False,False,0.11,0,True,False,0.575,False,False,False
SOLUSDT,SELL,27915,2026-08-03 08:15:00,72.04,0.125,2.499,-2.29,37,lose,0.275,0.55,-1.826,0,fresh,71.4,False,4.44,True,True,bearish,True,False,0,3,True,False,False,False,False,False,False,False,0,0,0,0,False,False,False,0,1,False,False,0,0,0,False,False,3.6,2,True,False,0.625,False,False,False
SOLUSDT,BUY,27952,2026-08-03 17:30:00,73.69,1.533,0.909,-0.489,262,lose,0.383,0.766,1.493,0,fresh,40.9,True,0.5,False,False,none,False,False,3,0,True,False,False,False,False,False,False,False,0,0,0,0,False,False,False,0,0,False,False,0,0,0,False,False,0.59,0,True,False,0.611,False,False,False
SOLUSDT,SELL,28214,2026-08-06 11:00:00,73.33,1.418,1.023,-0.873,101,lose,0.257,0.515,-1.032,0,fresh,22.7,True,0.79,False,False,none,False,False,1,5,True,False,False,False,False,False,False,False,0,0,0,0,False,False,False,0,0,False,False,0,0,0,False,False,0.96,0,True,False,0.709,False,False,False
SOLUSDT,BUY,28315,2026-08-07 12:15:00,73.97,5.286,1.109,2.677,312,win,0.245,0.491,1.325,0,fresh,41.7,True,1.68,True,False,none,False,False,4,0,True,False,False,False,False,False,False,False,0,0,0,0,False,False,False,0,0,False,False,0,0,0,False,False,0.21,1,True,True,0.987,False,False,False
SOLUSDT,SELL,28627,2026-08-10 18:15:00,75.95,1.817,0.908,-0.5,131,lose,0.314,0.627,-1.178,0,fresh,33.3,False,0.34,False,False,none,False,False,2,2,False,False,False,False,False,False,False,False,0,0,0,0,False,False,False,0,1,False,False,0,0,0,False,False,0.29,0,True,False,0.724,False,False,False
SOLUSDT,BUY,28758,2026-08-12 03:00:00,76.33,1.31,1.389,-1.153,78,lose,0.235,0.471,0.933,0,fresh,31.6,False,0.89,False,True,bearish,False,True,1,1,False,False,False,False,False,False,False,False,1,0,0,0,True,False,True,1,0,False,False,0,0,0,False,False,0.09,0,True,False,0.72,False,False,False
SOLUSDT,SELL,28836,2026-08-12 22:30:00,75.45,1.922,1.524,-0.384,421,lose,0.285,0.571,-1.241,0,fresh,47.1,False,1.01,False,True,bearish,True,False,1,2,True,False,False,False,False,False,False,False,0,1,0,0,True,False,True,0,1,False,False,0,0,0,False,False,1.54,0,True,False,0.729,False,False,False
SOLUSDT,BUY,29257,2026-08-17 07:45:00,75.74,35.78,0.805,34.209,742,win,0.208,0.417,0.999,0,fresh,40.0,False,0.62,False,False,none,False,False,3,0,True,False,False,False,False,False,False,False,1,0,0,0,True,False,True,1,0,False,False,0,0,0,False,False,0.01,0,True,False,1.307,False,False,False
XRPUSDT,SELL,17,2025-10-16 17:45:00,2.3659,7.515,1.475,0.279,158,win,1.002,1.999,-4.26,0,fresh,14.4,False,0.23,False,False,none,False,False,0,5,True,False,False,False,False,False,False,False,0,0,0,0,False,False,False,0,1,False,False,0,0,0,False,False,0.73,1,True,False,1.754,True,False,True
XRPUSDT,BUY,175,2025-10-18 09:15:00,2.3593,8.142,1.818,2.424,279,win,0.487,0.979,2.785,0,fresh,38.0,True,1.01,False,False,none,False,False,4,1,True,False,False,False,False,False,False,False,0,0,0,0,False,False,False,0,0,False,False,0,0,0,False,False,0.42,0,True,True,3.929,False,False,False
XRPUSDT,SELL,454,2025-10-21 07:00:00,2.4165,0.67,4.759,-3.927,38,lose,0.526,1.051,-2.508,0,fresh,96.5,False,0.72,False,False,none,False,False,1,2,True,False,False,False,False,False,False,False,0,0,0,0,False,False,False,0,0,False,False,0,0,0,False,False,0.66,0,True,True,4.093,True,False,False
XRPUSDT,BUY,492,2025-10-21 16:30:00,2.5114,0.374,4.902,-4.818,58,lose,0.713,1.429,3.357,0,fresh,30.4,False,0.83,False,False,none,False,False,4,1,True,False,False,False,False,False,False,False,0,0,0,0,False,False,False,1,0,False,False,0,0,0,False,False,0.5,0,True,False,3.938,True,False,False
XRPUSDT,SELL,550,2025-10-22 07:00:00,2.3904,2.799,1.774,-1.594,183,win,0.481,0.962,-3.029,0,fresh,92.8,False,1.2,False,False,none,False,False,2,3,True,False,False,False,False,False,False,False,0,0,0,0,False,False,False,0,0,False,False,0,0,0,False,False,1.06,1,True,True,4.137,False,False,False
XRPUSDT,BUY,733,2025-10-24 04:45:00,2.4285,11.052,0.099,6.86,550,win,0.342,0.679,1.841,0,fresh,34.8,True,1.41,False,False,none,False,False,5,1,True,False,False,False,False,False,False,False,0,0,0,0,False,False,False,0,0,False,False,0,0,0,False,False,1.08,0,True,False,4.072,False,False,False
XRPUSDT,SELL,1283,2025-10-29 22:15:00,2.5951,8.462,0.135,2.035,182,win,0.755,1.514,-2.694,0,fresh,71.3,False,0.25,False,False,none,False,False,2,2,False,False,False,False,False,False,False,False,0,0,0,0,False,False,False,0,0,False,False,0,0,0,False,False,0.43,1,True,True,4.42,True,False,True
XRPUSDT,BUY,1465,2025-10-31 19:45:00,2.5423,0.48,4.02,-3.926,221,lose,0.649,1.302,3.398,0,fresh,34.7,True,1.42,False,False,none,False,False,4,2,True,False,False,False,False,False,False,False,0,0,0,0,False,False,False,1,0,False,True,1,0,0,False,False,0.73,0,True,False,0.85,True,False,False
XRPUSDT,SELL,1686,2025-11-03 03:00:00,2.4425,15.435,0.389,4.09,260,win,0.536,1.073,-3.32,0,fresh,74.8,False,2.79,True,True,bearish,True,False,1,9,True,False,False,False,False,False,False,False,0,0,0,0,False,False,False,1,0,True,False,0,0,0,False,False,0.59,0,True,False,0.884,True,False,False
XRPUSDT,BUY,1946,2025-11-05 20:00:00,2.3426,3.133,5.763,-5.374,82,win,0.734,1.468,4.99,0,fresh,73.5,True,1.73,True,True,bullish,True,False,5,1,True,False,False,False,False,False,False,False,0,0,0,0,False,False,False,0,0,False,False,0,0,0,False,False,0.6,0,True,False,1.592,True,False,False
XRPUSDT,SELL,2028,2025-11-06 16:30:00,2.2167,2.878,5.481,-4.146,101,win,0.717,1.435,-4.502,0,fresh,70.0,False,1.7,True,False,none,False,False,2,5,True,False,False,False,False,False,False,False,0,0,0,0,False,False,False,0,0,False,False,0,0,0,False,False,1.8,0,True,False,1.683,True,False,False
XRPUSDT,BUY,2129,2025-11-07 17:45:00,2.3086,2.777,2.976,-2.413,93,win,1.031,2.066,5.025,0,fresh,37.4,False,1.41,False,False,none,False,False,4,0,True,False,False,False,False,False,False,False,0,0,0,0,False,False,False,0,1,True,False,0,1,0,False,False,0.42,0,True,True,1.616,True,False,True
XRPUSDT,SELL,2222,2025-11-08 17:00:00,2.2529,0.688,4.243,-4.203,107,lose,0.573,1.15,-2.69,0,fresh,84.0,False,1.01,False,False,none,False,False,0,3,True,False,False,False,False,False,False,False,0,0,0,0,False,False,False,0,1,False,False,0,1,0,False,False,0.87,0,True,False,1.656,True,False,False
XRPUSDT,BUY,2329,2025-11-09 19:45:00,2.3476,9.895,1.09,4.409,163,win,0.524,1.044,3.284,0,fresh,79.4,True,0.95,False,False,none,False,False,5,1,True,False,False,False,False,False,False,False,0,0,0,0,False,False,False,0,0,False,False,0,0,0,False,False,0.59,0,True,False,1.589,True,False,False
XRPUSDT,SELL,2492,2025-11-11 12:30:00,2.4511,5.569,2.448,-1.04,160,win,0.449,0.893,-1.905,0,fresh,54.4,False,0.8,False,False,none,False,False,1,0,False,True,False,False,False,False,False,False,0,1,0,0,True,False,True,0,1,False,False,0,0,0,False,False,0.7,0,True,False,2.211,False,False,False
XRPUSDT,BUY,2652,2025-11-13 04:30:00,2.4766,2.007,6.085,-5.512,57,win,0.949,1.898,4.95,0,fresh,22.4,True,1.0,False,False,none,False,False,2,0,True,False,False,False,False,False,False,False,0,0,0,0,False,False,False,0,0,False,False,0,0,0,False,False,0.17,0,True,False,2.188,True,False,True
XRPUSDT,SELL,2709,2025-11-13 18:45:00,2.3401,7.944,0.543,2.897,352,win,1.026,2.051,-5.102,0,fresh,21.1,False,0.73,False,False,none,False,False,0,3,True,False,False,False,False,False,False,False,0,0,0,0,False,False,False,0,0,False,False,0,0,0,False,False,0.54,0,True,False,2.316,True,False,True
XRPUSDT,BUY,3061,2025-11-17 10:45:00,2.2723,1.514,5.523,-5.281,29,lose,0.431,0.858,2.148,0,fresh,4.2,False,0.56,False,False,none,False,False,1,0,True,False,False,False,False,False,False,False,0,0,0,0,False,False,False,0,0,False,False,0,0,0,False,False,0.21,0,True,True,4.093,False,False,False
XRPUSDT,SELL,3090,2025-11-17 18:00:00,2.1523,15.435,4.084,7.16,511,win,1.124,2.253,-5.613,0,fresh,42.7,False,1.0,False,False,none,False,False,1,6,True,False,False,False,False,False,False,False,0,0,0,0,False,False,False,1,0,True,False,0,0,0,False,False,1.18,0,True,False,4.321,True,False,True
XRPUSDT,BUY,3601,2025-11-23 01:45:00,1.9982,14.353,0.175,7.522,331,win,0.596,1.191,3.533,0,fresh,17.8,True,2.37,True,False,none,False,False,4,0,True,False,False,False,False,False,False,False,0,0,0,0,False,False,False,0,1,True,False,0,0,0,False,False,0.47,0,True,False,5.8,True,False,False
XRPUSDT,SELL,3932,2025-11-26 12:30:00,2.1485,0.261,4.892,-4.31,25,lose,0.414,0.824,-2.299,0,fresh,66.1,False,0.88,False,False,none,False,False,0,4,True,False,False,False,False,False,False,False,0,0,1,0,False,False,True,1,0,True,False,0,0,0,False,False,0.47,1,True,False,1.145,False,False,False
XRPUSDT,BUY,3957,2025-11-26 18:45:00,2.2411,1.499,3.846,-2.744,247,lose,0.656,1.312,3.373,0,fresh,88.5,True,0.61,False,False,none,False,False,5,0,True,False,False,False,False,False,False,False,0,0,0,0,False,False,False,1,0,False,False,1,0,0,False,False,0.86,0,True,False,1.098,True,False,False
XRPUSDT,SELL,4204,2025-11-29 08:30:00,2.1796,9.043,1.991,2.262,314,win,0.321,0.647,-1.211,0,fresh,39.0,True,0.74,False,False,none,False,False,1,0,False,True,False,False,False,False,False,False,1,0,0,0,False,False,True,1,1,False,False,0,0,0,False,False,0.25,1,True,True,1.436,False,False,False
XRPUSDT,BUY,4518,2025-12-02 15:00:00,2.1303,4.145,0.474,0.432,184,win,0.648,1.296,5.211,0,fresh,80.4,True,4.04,True,True,bullish,True,False,7,0,True,False,False,False,False,False,False,False,0,0,0,0,False,False,False,0,0,False,False,0,0,0,False,False,1.39,1,True,False,2.127,True,False,False
XRPUSDT,SELL,4702,2025-12-04 13:00:00,2.1395,7.095,0.804,1.734,309,win,0.379,0.762,-2.103,0,fresh,57.7,False,1.41,False,False,none,False,False,1,5,True,False,False,False,False,False,False,False,0,0,0,0,False,False,False,0,0,False,False,0,0,0,False,False,2.14,0,True,False,1.655,False,False,False
XRPUSDT,BUY,5011,2025-12-07 18:15:00,2.1024,0.994,4.366,-2.316,163,lose,0.647,1.294,3.896,0,fresh,16.8,True,0.72,False,False,none,False,False,7,3,True,False,False,False,False,False,False,False,0,0,0,0,False,False,False,1,1,False,False,0,0,0,False,False,0.26,0,True,False,0.747,True,False,False
XRPUSDT,SELL,5174,2025-12-09 11:00:00,2.0537,0.297,5.488,-5.449,22,lose,0.292,0.589,-1.139,0,fresh,13.0,False,0.73,False,False,none,False,False,2,1,False,True,False,False,False,False,False,False,0,0,0,0,False,False,False,0,1,False,False,0,1,0,False,False,0.06,0,True,False,1.992,False,False,False
XRPUSDT,BUY,5196,2025-12-09 16:30:00,2.1656,0.545,4.969,-4.816,82,lose,0.748,1.501,5.43,0,fresh,93.8,True,1.99,True,True,bullish,True,False,8,2,True,False,False,False,False,False,False,False,0,0,0,0,False,False,False,0,0,False,False,0,0,0,False,False,0.57,0,True,False,1.889,True,False,True
XRPUSDT,SELL,5278,2025-12-10 13:00:00,2.0613,4.614,2.329,1.397,283,win,0.33,0.655,-1.887,0,fresh,26.9,False,0.89,False,False,none,False,False,2,3,True,False,False,False,False,False,False,False,0,0,0,0,False,False,False,0,0,False,False,0,0,0,False,False,0.23,0,True,False,1.984,False,False,False
XRPUSDT,BUY,5561,2025-12-13 11:45:00,2.0325,0.512,1.988,-1.948,95,lose,0.236,0.472,0.93,0,fresh,23.1,False,0.67,False,False,none,False,False,2,1,True,False,False,False,False,False,False,False,0,0,0,0,False,False,False,0,0,False,False,0,0,0,False,False,0.54,0,True,False,0.423,False,False,False
XRPUSDT,SELL,5656,2025-12-14 11:30:00,1.9929,7.14,1.024,2.855,199,win,0.256,0.507,-1.601,0,fresh,82.6,False,4.18,True,False,none,False,False,1,3,True,False,False,False,False,False,False,False,0,0,0,0,False,False,False,0,0,False,False,0,0,0,False,False,1.2,0,True,False,0.432,False,False,False
XRPUSDT,BUY,5855,2025-12-16 13:15:00,1.936,2.603,4.649,-4.401,119,win,0.46,0.914,2.108,0,fresh,26.5,True,1.87,True,False,none,False,False,3,0,True,False,False,False,False,False,False,False,0,0,0,0,False,False,False,0,0,False,False,0,0,0,False,False,1.96,1,True,False,1.338,False,False,False
XRPUSDT,SELL,5974,2025-12-17 19:00:00,1.8508,1.378,4.458,-4.144,82,lose,0.843,1.686,-4.571,0,fresh,48.9,False,0.79,False,False,none,False,False,1,5,True,False,False,False,False,False,False,False,0,0,0,0,False,False,False,1,0,True,False,0,0,0,False,False,0.2,0,True,False,0.778,True,False,True
XRPUSDT,BUY,6056,2025-12-18 15:30:00,1.9275,0.005,6.744,-5.863,22,lose,0.783,1.567,4.073,0,fresh,42.3,True,2.22,True,False,none,False,False,5,2,True,False,False,False,False,False,False,False,0,0,0,0,False,False,False,1,0,False,True,1,0,0,False,False,1.34,0,True,True,0.747,True,False,True
XRPUSDT,SELL,6078,2025-12-18 21:00:00,1.8145,2.436,3.378,-3.224,61,win,0.882,1.763,-3.951,0,fresh,84.4,True,1.07,False,False,none,False,False,0,3,True,False,False,False,False,False,False,False,0,0,0,0,False,False,False,0,0,False,False,0,0,0,False,False,0.27,1,True,False,2.436,True,False,True
XRPUSDT,BUY,6139,2025-12-19 12:15:00,1.873,4.522,0.582,1.458,204,win,0.39,0.785,2.162,0,fresh,9.4,True,0.82,False,False,none,False,False,1,0,True,False,False,False,False,False,False,False,0,0,0,0,False,False,False,0,0,False,False,0,0,0,False,False,0.5,0,True,True,2.36,False,False,False
XRPUSDT,SELL,6343,2025-12-21 15:15:00,1.9003,4.047,2.552,1.973,607,win,0.4,0.805,-1.742,0,fresh,19.4,True,0.41,False,False,none,False,False,1,5,True,False,False,False,False,False,False,False,0,0,0,0,False,False,False,0,1,False,False,0,0,0,False,False,0.17,0,True,False,0.821,False,False,False
XRPUSDT,BUY,6950,2025-12-27 23:00:00,1.8628,2.91,0.596,-0.048,153,win,0.22,0.435,0.923,0,fresh,38.5,True,0.65,False,False,none,False,False,5,0,True,False,False,False,False,False,False,False,0,0,0,0,False,False,False,0,0,False,False,0,0,0,False,False,0.45,0,True,False,0.263,False,False,False
XRPUSDT,SELL,7103,2025-12-29 13:15:00,1.8619,1.047,1.278,-0.526,170,lose,0.36,0.714,-1.702,0,fresh,51.7,False,0.52,False,True,bearish,True,False,1,4,True,False,False,False,False,False,False,False,0,0,0,0,False,False,False,0,0,False,False,0,0,0,False,False,0.01,1,True,False,1.3,False,False,False
XRPUSDT,BUY,7273,2025-12-31 07:45:00,1.8717,0.572,1.849,-1.533,36,lose,0.16,0.326,0.443,0,fresh,57.1,True,0.59,False,True,bullish,True,False,1,3,False,True,False,False,False,False,False,False,0,0,0,0,False,False,False,0,0,False,False,0,0,0,False,False,0.37,0,True,True,1.918,False,False,False
XRPUSDT,SELL,7309,2025-12-31 16:45:00,1.843,1.758,1.394,-1.34,97,lose,0.304,0.602,-1.78,0,fresh,67.6,False,1.96,True,False,none,False,False,0,4,True,False,False,False,False,False,False,False,0,0,1,0,False,False,True,1,0,True,False,0,0,0,False,False,0.66,0,True,False,1.948,False,False,False
XRPUSDT,BUY,7406,2026-01-01 17:00:00,1.8677,29.437,0.182,18.215,483,win,0.246,0.493,1.467,0,fresh,73.6,True,1.25,False,True,bullish,True,False,5,0,True,False,False,False,False,False,False,False,0,0,0,0,False,False,False,0,0,False,False,0,0,0,False,False,1.18,0,True,True,1.922,False,False,False
XRPUSDT,SELL,7889,2026-01-06 17:45:00,2.2079,7.899,5.046,5.467,573,win,1.119,2.237,-7.297,0,fresh,87.9,False,5.74,True,True,bearish,True,False,1,3,True,False,False,False,False,False,False,False,0,0,0,0,False,False,False,1,0,True,False,0,0,0,False,False,7.63,0,True,False,0.702,True,False,True
XRPUSDT,BUY,8462,2026-01-12 17:00:00,2.0872,5.007,2.357,0.388,236,win,0.546,1.088,1.71,0,fresh,40.3,False,0.88,False,True,bearish,False,True,3,1,True,False,False,False,False,False,False,False,1,0,0,0,True,False,True,1,0,False,False,0,0,0,False,False,0.5,0,True,True,1.586,True,False,False
XRPUSDT,SELL,8698,2026-01-15 04:00:00,2.0953,12.156,1.737,3.985,441,win,0.506,1.007,-2.219,0,fresh,71.2,True,0.93,False,True,bullish,False,True,1,3,True,False,False,False,False,False,False,False,0,1,0,0,True,False,True,0,1,False,False,0,0,0,False,False,0.08,0,True,False,2.558,True,False,False
XRPUSDT,BUY,9139,2026-01-19 18:15:00,2.0118,0.383,2.868,-2.794,43,lose,0.482,0.959,1.844,0,fresh,60.7,False,0.82,False,False,none,False,False,3,0,True,False,False,False,False,False,False,False,0,0,0,0,False,False,False,1,0,False,False,0,0,0,False,False,0.23,0,True,False,1.128,False,False,False
XRPUSDT,SELL,9182,2026-01-20 05:00:00,1.9556,4.495,1.442,-0.961,160,win,0.414,0.833,-2.178,0,fresh,69.0,False,2.2,True,False,none,False,False,1,2,True,False,False,False,False,False,False,False,0,0,0,0,False,False,False,0,0,False,False,0,0,0,False,False,2.72,0,True,False,0.946,False,False,False
XRPUSDT,BUY,9342,2026-01-21 21:00:00,1.9744,0.734,3.763,-3.079,75,lose,0.937,1.869,4.163,0,fresh,12.6,True,0.71,False,False,none,False,False,3,3,False,False,False,False,False,False,False,False,0,0,0,0,False,False,False,0,1,True,False,0,0,0,False,False,0.08,0,True,False,1.368,True,False,True
XRPUSDT,SELL,9417,2026-01-22 15:45:00,1.9136,5.44,2.681,0.094,374,win,0.502,0.998,-2.216,0,fresh,5.7,False,1.2,False,False,none,False,False,0,5,True,False,False,False,False,False,False,False,0,1,0,0,True,False,True,0,1,False,False,0,1,0,False,False,0.36,0,True,False,1.411,True,False,False
XRPUSDT,BUY,9791,2026-01-26 13:15:00,1.9118,1.758,2.427,-2.359,251,lose,0.371,0.737,2.573,0,fresh,66.2,True,2.63,True,True,bullish,True,False,5,0,True,False,False,False,False,False,False,False,0,0,0,0,False,False,False,0,0,False,False,0,0,0,False,False,0.64,1,True,False,0.544,False,False,False
XRPUSDT,SELL,10042,2026-01-29 04:00:00,1.8667,40.14,1.189,23.244,806,win,0.439,0.879,-2.571,0,fresh,81.6,False,1.61,True,True,bearish,True,False,0,3,True,False,False,False,False,False,False,False,0,0,0,0,False,False,False,0,0,False,False,0,0,0,False,False,0.92,0,True,False,0.557,False,False,False
XRPUSDT,BUY,10848,2026-02-06 13:30:00,1.4328,7.594,4.236,-3.957,276,win,1.424,2.847,9.77,0,fresh,76.7,True,1.73,True,True,bullish,True,False,7,0,True,False,False,False,False,False,False,False,0,0,0,0,False,False,False,0,0,False,False,0,0,0,False,False,0.45,0,True,False,2.282,True,False,True
XRPUSDT,SELL,11124,2026-02-09 10:30:00,1.3761,0.145,6.359,-5.0,58,lose,0.719,1.432,-4.52,0,fresh,67.8,False,2.88,True,True,bearish,True,False,0,8,True,False,False,False,False,False,False,False,0,0,0,0,False,False,False,1,1,False,False,0,0,0,False,False,0.41,0,True,False,3.488,True,False,False
XRPUSDT,BUY,11182,2026-02-10 01:00:00,1.4449,0.554,3.689,-3.364,77,lose,0.561,1.121,2.139,0,fresh,80.2,True,1.15,False,True,bullish,True,False,1,0,True,False,False,False,False,False,False,False,0,0,0,0,False,False,False,0,0,False,False,0,0,0,False,False,0.41,0,True,False,3.322,True,False,False
XRPUSDT,SELL,11259,2026-02-10 20:15:00,1.3963,3.96,1.776,-1.44,271,win,0.645,1.282,-2.757,0,fresh,10.0,False,0.63,False,False,none,False,False,0,2,True,False,False,False,False,False,False,False,0,0,0,0,False,False,False,1,0,True,False,1,0,0,False,False,0.2,0,True,True,3.438,True,False,False
XRPUSDT,BUY,11530,2026-02-13 16:00:00,1.4164,17.855,1.341,4.49,202,win,0.748,1.497,4.229,0,fresh,68.3,True,1.52,True,True,bullish,True,False,4,1,True,False,False,False,False,False,False,False,0,0,0,0,False,False,False,0,0,False,False,0,0,0,False,False,0.29,0,True,True,3.389,True,False,False
XRPUSDT,SELL,11732,2026-02-15 18:30:00,1.48,6.986,2.392,2.655,544,win,0.858,1.723,-5.399,0,fresh,5.9,False,1.39,False,False,none,False,False,1,5,True,False,False,False,False,False,False,False,0,0,0,0,False,False,False,0,0,False,False,0,0,0,False,False,0.7,0,True,False,3.243,True,False,True
XRPUSDT,BUY,12276,2026-02-21 10:30:00,1.4407,1.59,2.527,-2.228,106,lose,0.285,0.576,1.874,0,fresh,14.3,True,0.63,False,False,none,False,False,2,2,False,False,False,False,False,False,False,False,0,0,0,0,False,False,False,0,0,False,False,0,0,0,False,False,0.46,0,True,True,5.087,False,False,False
XRPUSDT,SELL,12382,2026-02-22 13:00:00,1.4086,5.651,1.143,-0.625,94,win,0.298,0.589,-1.768,0,fresh,8.8,True,1.9,True,False,none,False,False,1,2,True,False,False,False,False,False,False,False,0,0,0,0,False,False,False,0,0,False,False,0,0,0,False,False,0.16,1,True,True,5.204,False,False,False
XRPUSDT,BUY,12476,2026-02-23 12:30:00,1.4174,0.332,6.434,-6.166,59,lose,0.635,1.27,3.739,0,fresh,63.0,True,2.57,True,True,bullish,True,False,5,0,True,False,False,False,False,False,False,False,0,0,0,0,False,False,False,1,0,False,False,0,0,0,False,False,3.13,0,True,True,5.171,True,False,False
XRPUSDT,SELL,12535,2026-02-24 03:15:00,1.33,1.391,5.241,-2.955,100,lose,0.692,1.383,-4.226,0,fresh,72.5,False,1.6,True,True,bearish,True,False,0,4,True,False,False,False,False,False,False,False,0,0,0,0,False,False,False,0,0,False,False,0,0,0,False,False,0.04,0,True,False,5.511,True,False,False
XRPUSDT,BUY,12635,2026-02-25 04:15:00,1.3693,9.063,1.263,1.285,150,win,0.635,1.271,1.797,0,fresh,14.5,True,0.66,False,False,none,False,False,1,4,False,True,False,False,False,False,False,False,0,0,0,0,False,False,False,0,1,True,False,0,1,0,False,False,1.24,1,True,True,2.826,True,False,False
XRPUSDT,SELL,12785,2026-02-26 17:45:00,1.3869,8.479,2.776,1.038,205,win,0.793,1.579,-4.283,0,fresh,26.1,False,0.62,False,False,none,False,False,0,2,True,False,False,False,False,False,False,False,0,0,0,0,False,False,False,0,0,False,False,0,0,0,False,False,0.17,0,True,False,2.264,True,False,True
XRPUSDT,BUY,12990,2026-02-28 21:00:00,1.3725,4.386,2.2,-2.179,93,win,0.889,1.785,4.481,0,fresh,38.8,False,1.43,False,False,none,False,False,5,1,True,False,False,False,False,False,False,False,0,0,0,0,False,False,False,0,0,False,False,0,0,0,False,False,0.03,0,True,False,3.402,True,False,True
XRPUSDT,SELL,13083,2026-03-01 20:15:00,1.3426,0.722,5.623,-5.474,79,lose,0.633,1.266,-3.486,0,fresh,57.1,False,1.16,False,False,none,False,False,0,3,True,False,False,False,False,False,False,False,0,0,0,0,False,False,False,0,0,False,False,0,0,0,False,False,0.35,1,True,False,2.771,True,False,False
XRPUSDT,BUY,13162,2026-03-02 16:00:00,1.4161,0.459,5.303,-4.703,75,lose,0.925,1.843,5.254,0,fresh,76.3,True,1.66,True,False,none,False,False,3,1,True,False,False,False,False,False,False,False,0,0,0,0,False,False,False,0,1,True,False,0,0,0,False,False,0.4,0,True,False,2.627,True,False,True
XRPUSDT,SELL,13237,2026-03-03 10:45:00,1.3495,1.06,5.661,-5.039,91,lose,0.482,0.971,-2.127,0,fresh,64.3,True,1.16,False,True,bullish,False,True,1,3,True,False,False,False,False,False,False,False,0,0,0,0,False,False,False,0,0,False,False,0,0,0,False,False,3.55,0,True,False,2.757,False,False,False
XRPUSDT,BUY,13328,2026-03-04 09:30:00,1.4175,3.852,2.526,-1.136,171,win,0.677,1.362,4.451,0,fresh,39.7,True,2.27,True,False,none,False,False,7,1,True,False,False,False,False,False,False,False,0,0,0,0,False,False,False,0,0,False,False,0,0,0,False,False,0.0,1,True,False,3.196,True,False,False
XRPUSDT,SELL,13499,2026-03-06 04:15:00,1.4014,5.759,0.45,1.035,378,win,0.364,0.728,-1.684,0,fresh,33.3,True,0.76,False,False,none,False,False,2,2,False,False,False,False,False,False,False,False,0,0,0,0,False,False,False,0,0,False,False,0,0,0,False,False,0.38,0,True,False,1.292,False,False,False
XRPUSDT,BUY,13877,2026-03-10 02:45:00,1.3869,3.987,1.319,-1.031,196,win,0.461,0.916,2.704,0,fresh,15.3,False,2.29,True,False,none,False,False,2,3,False,True,False,False,False,False,False,False,1,0,0,0,True,False,True,1,0,False,False,0,0,0,False,False,0.15,1,True,True,1.37,False,False,False
XRPUSDT,SELL,14073,2026-03-12 03:45:00,1.3726,0.678,3.745,-2.965,85,lose,0.313,0.627,-1.275,0,fresh,25.5,False,1.17,False,False,none,False,False,0,4,True,False,False,False,False,False,False,False,0,0,0,0,False,False,False,0,0,False,False,0,0,0,False,False,0.95,1,True,True,1.384,False,False,False
XRPUSDT,BUY,14158,2026-03-13 01:00:00,1.4133,2.795,2.201,-1.84,150,win,0.531,1.054,2.915,0,fresh,69.5,True,1.61,True,False,none,False,False,4,2,True,False,False,False,False,False,False,False,0,0,0,0,False,False,False,0,0,False,False,0,0,0,False,False,0.01,0,True,False,1.344,True,False,False
XRPUSDT,SELL,14308,2026-03-14 14:30:00,1.3873,0.086,2.062,-1.953,46,lose,0.223,0.447,-1.139,0,fresh,82.5,False,1.78,True,False,none,False,False,2,4,True,False,False,False,False,False,False,False,0,0,0,0,False,False,False,0,0,False,False,0,0,0,False,False,6.61,0,True,True,1.37,False,False,False
XRPUSDT,BUY,14354,2026-03-15 02:00:00,1.4144,13.575,0.679,4.589,329,win,0.276,0.552,1.548,0,fresh,86.2,True,3.25,True,True,bullish,True,False,5,0,True,False,False,False,False,False,False,False,0,0,0,0,False,False,False,0,0,False,False,0,0,0,False,True,21.16,1,True,True,0.82,False,False,False
XRPUSDT,SELL,14683,2026-03-18 12:15:00,1.4793,8.011,0.142,3.062,485,win,0.473,0.946,-3.184,0,fresh,74.5,False,2.83,True,True,bearish,True,False,2,5,True,False,False,False,False,False,False,False,0,0,0,0,False,False,False,0,0,False,False,0,0,0,False,False,0.31,1,True,False,3.819,False,False,False
XRPUSDT,BUY,15168,2026-03-23 13:30:00,1.434,2.211,2.755,-2.552,107,win,0.83,1.66,4.024,0,fresh,60.0,True,1.19,False,True,bullish,True,False,3,2,True,False,False,False,False,False,False,False,0,0,0,0,False,False,False,0,1,True,False,0,0,0,False,False,0.13,1,True,True,5.077,True,False,True
XRPUSDT,SELL,15275,2026-03-24 16:15:00,1.3974,1.059,2.032,-1.453,63,lose,0.465,0.93,-1.911,0,fresh,60.0,False,0.68,False,True,bearish,True,False,0,4,True,False,False,False,False,False,False,False,0,0,0,0,False,False,False,0,0,False,False,0,0,0,False,False,0.4,0,True,True,5.21,False,False,False
XRPUSDT,BUY,15338,2026-03-25 08:00:00,1.4177,1.375,2.264,-2.123,89,lose,0.339,0.67,1.093,0,fresh,21.1,False,2.17,True,False,none,False,False,4,0,True,False,False,False,False,False,False,False,0,0,0,1,False,False,True,0,1,True,False,0,1,0,False,False,1.35,0,True,True,5.135,False,False,False
XRPUSDT,SELL,15427,2026-03-26 06:15:00,1.3876,5.066,0.072,2.71,233,win,0.332,0.67,-1.939,0,fresh,42.4,False,1.82,True,False,none,False,False,1,6,True,False,False,False,False,False,False,False,0,0,0,0,False,False,False,0,0,False,False,0,0,0,False,False,0.17,0,True,True,5.246,False,False,False
XRPUSDT,BUY,15660,2026-03-28 16:30:00,1.35,0.096,1.674,-1.244,70,lose,0.296,0.6,1.163,0,fresh,40.9,False,0.4,False,False,none,False,False,3,0,True,False,False,False,False,False,False,False,0,0,0,0,False,False,False,1,0,False,False,0,0,0,False,False,0.36,1,True,True,2.348,False,False,False
XRPUSDT,SELL,15730,2026-03-29 10:00:00,1.3332,2.963,2.07,-1.545,73,win,0.218,0.435,-0.75,0,fresh,63.0,False,0.56,False,True,bearish,True,False,5,5,False,False,False,False,False,False,False,False,0,1,1,0,True,False,True,1,1,False,False,0,0,0,False,False,1.63,0,True,True,2.378,False,False,False
XRPUSDT,BUY,15803,2026-03-30 04:15:00,1.3538,0.923,2.822,-2.268,63,lose,0.495,0.982,2.179,0,fresh,39.2,False,1.54,True,False,none,False,False,3,0,True,False,False,False,False,False,False,False,0,0,0,0,False,False,False,0,0,False,False,0,0,0,False,False,0.27,0,True,True,3.508,False,False,False
XRPUSDT,SELL,15866,2026-03-30 20:00:00,1.3231,1.534,2.434,-2.328,136,lose,0.401,0.809,-1.784,0,fresh,33.3,True,0.91,False,False,none,False,False,1,5,True,False,False,False,False,False,False,False,0,1,0,0,True,False,True,0,1,False,False,0,1,0,False,False,0.56,0,True,True,3.59,False,False,False
XRPUSDT,BUY,16002,2026-04-01 06:00:00,1.3539,1.034,3.036,-3.028,84,lose,0.406,0.812,2.23,0,fresh,85.6,True,2.1,True,True,bullish,True,False,4,5,False,True,False,False,False,False,False,False,0,0,0,0,False,False,False,0,1,True,False,0,0,0,False,False,0.05,0,True,True,3.508,False,False,False
XRPUSDT,SELL,16086,2026-04-02 03:00:00,1.3129,2.574,1.729,-0.838,151,win,0.487,0.975,-2.917,0,fresh,95.8,False,1.06,False,True,bearish,True,False,1,4,True,False,False,False,False,False,False,False,0,0,0,0,False,False,False,0,0,False,False,0,0,0,False,False,0.17,0,True,True,3.892,False,False,False
XRPUSDT,BUY,16237,2026-04-03 16:45:00,1.3239,0.053,2.153,-2.047,149,lose,0.295,0.597,1.36,0,fresh,54.3,True,0.64,False,False,none,False,False,1,1,False,False,False,False,False,False,False,False,0,0,0,0,False,False,False,1,0,False,False,0,0,0,False,False,0.44,0,True,True,3.86,False,False,False
XRPUSDT,SELL,16386,2026-04-05 06:00:00,1.2968,1.527,3.2,-2.791,72,lose,0.247,0.501,-1.627,0,fresh,45.6,False,4.29,True,False,none,False,False,2,5,True,False,False,False,False,False,False,False,0,0,0,0,False,False,False,0,0,False,False,0,0,0,False,False,0.37,0,True,False,3.941,False,False,False
XRPUSDT,BUY,16458,2026-04-06 00:00:00,1.333,1.8,1.643,-0.825,98,lose,0.435,0.878,2.941,0,fresh,57.3,True,3.32,True,True,bullish,True,False,5,2,True,False,False,False,False,False,False,False,0,0,0,0,False,False,False,0,0,False,False,0,0,0,False,False,3.58,0,True,True,3.833,False,False,False
XRPUSDT,SELL,16556,2026-04-07 00:30:00,1.322,2.118,3.2,-2.443,88,win,0.333,0.658,-1.271,0,fresh,20.4,False,0.44,False,False,none,False,False,1,7,True,False,False,False,False,False,False,False,0,1,0,0,True,False,True,0,1,False,False,0,1,0,False,False,0.37,0,True,True,3.865,False,False,False
XRPUSDT,BUY,16644,2026-04-07 22:30:00,1.3543,3.072,1.846,-1.647,106,win,0.576,1.152,3.589,0,fresh,53.6,True,4.63,True,True,bullish,True,False,4,1,True,False,False,False,False,False,False,False,0,0,0,0,False,False,False,0,0,False,False,0,0,0,False,False,1.91,1,True,True,4.349,True,False,False
XRPUSDT,SELL,16750,2026-04-09 01:00:00,1.332,0.833,2.11,-1.809,79,lose,0.383,0.773,-2.342,0,fresh,65.7,False,3.06,True,True,bearish,True,False,1,4,True,False,False,False,False,False,False,False,0,0,0,0,False,False,False,0,0,False,False,0,0,0,False,False,1.27,0,True,False,0.541,False,False,False
XRPUSDT,BUY,16829,2026-04-09 20:45:00,1.3561,1.386,2.367,-1.659,217,lose,0.376,0.752,1.475,0,fresh,73.1,False,0.32,False,False,none,False,False,1,0,True,False,False,False,False,False,False,False,0,0,0,0,False,False,False,0,0,False,False,0,0,0,False,False,0.74,0,True,False,0.531,False,False,False
XRPUSDT,SELL,17046,2026-04-12 03:00:00,1.3336,1.162,1.612,-1.162,168,lose,0.382,0.772,-1.867,0,fresh,2.5,False,0.85,False,False,none,False,False,1,4,True,False,False,False,False,False,False,False,0,1,0,0,True,False,True,0,1,False,False,0,0,0,False,False,0.16,1,True,True,1.792,False,False,False
XRPUSDT,BUY,17214,2026-04-13 21:00:00,1.3491,11.867,0.052,6.664,439,win,0.356,0.712,1.72,0,fresh,38.4,True,1.04,False,False,none,False,False,4,2,True,False,False,False,False,False,False,False,0,0,0,0,False,False,False,0,0,False,False,0,0,0,False,False,0.79,0,True,True,1.772,False,False,False
XRPUSDT,SELL,17653,2026-04-18 10:45:00,1.439,3.523,0.486,0.57,266,win,0.431,0.869,-2.328,0,fresh,14.3,True,0.7,False,False,none,False,False,1,4,True,False,False,False,False,False,False,False,0,0,0,0,False,False,False,0,0,False,False,0,0,0,False,False,0.08,0,True,False,1.404,False,False,False
XRPUSDT,BUY,17919,2026-04-21 05:15:00,1.4308,2.195,1.433,-0.706,176,win,0.238,0.475,1.181,0,fresh,35.7,True,1.41,False,False,none,False,False,2,2,False,False,False,False,False,False,False,False,0,0,0,1,False,False,True,0,1,True,False,0,1,0,False,False,0.48,0,True,False,1.44,False,False,False
XRPUSDT,SELL,18095,2026-04-23 01:15:00,1.4207,0.894,1.732,-0.795,122,lose,0.331,0.662,-1.872,0,fresh,92.2,False,0.7,False,False,none,False,False,1,2,True,False,False,False,False,False,False,False,0,0,0,0,False,False,False,0,0,False,False,0,0,0,False,False,0.02,0,True,False,1.218,False,False,False
XRPUSDT,BUY,18217,2026-04-24 07:45:00,1.432,1.278,0.964,-0.901,136,lose,0.23,0.461,0.677,0,fresh,100.0,True,1.04,False,False,none,False,False,1,1,False,False,False,False,False,False,False,False,0,0,0,0,False,False,False,0,0,False,False,0,0,0,False,False,0.48,0,True,False,1.208,False,False,False
XRPUSDT,SELL,18353,2026-04-25 17:45:00,1.4191,0.148,1.874,-1.769,128,lose,0.176,0.352,-1.05,0,fresh,18.7,False,0.78,False,False,none,False,False,1,2,True,False,False,False,False,False,False,False,0,0,0,0,False,False,False,0,0,False,False,0,0,0,False,False,0.05,1,True,False,0.465,False,False,False
XRPUSDT,BUY,18481,2026-04-27 01:45:00,1.4442,0.145,2.278,-2.133,24,lose,0.346,0.699,1.807,0,fresh,65.3,True,1.27,False,False,none,False,False,5,2,True,False,False,False,False,False,False,False,0,0,0,1,False,False,True,0,1,True,False,0,0,0,False,False,1.4,0,True,False,0.457,False,False,False
XRPUSDT,SELL,18505,2026-04-27 07:45:00,1.4134,3.297,0.361,0.729,200,win,0.304,0.609,-1.344,0,fresh,41.9,False,0.47,False,False,none,False,False,0,4,True,False,False,False,False,False,False,False,0,0,0,0,False,False,False,1,0,True,False,0,0,0,False,False,0.14,0,True,False,0.467,False,False,False
XRPUSDT,BUY,18705,2026-04-29 09:45:00,1.4031,0.171,3.036,-2.758,21,lose,0.264,0.527,1.589,0,fresh,65.5,True,5.56,True,True,bullish,True,False,2,0,True,False,False,False,False,False,False,False,0,0,0,0,False,False,False,1,0,False,False,0,0,0,False,False,2.5,0,True,False,0.549,False,False,False
XRPUSDT,SELL,18726,2026-04-29 15:00:00,1.3644,1.481,2.169,-1.957,186,lose,0.381,0.77,-2.074,0,fresh,60.5,False,2.54,True,True,bearish,True,False,0,7,True,False,False,False,False,False,False,False,0,0,0,0,False,False,False,0,0,False,False,0,0,0,False,False,6.26,0,True,False,0.564,False,False,False
XRPUSDT,BUY,18912,2026-05-01 13:30:00,1.3911,4.723,0.784,1.431,531,win,0.252,0.503,1.625,0,fresh,45.6,True,3.32,True,True,bullish,True,False,5,2,True,False,False,False,False,False,False,False,0,0,0,0,False,False,False,0,0,False,False,0,0,0,False,False,1.07,0,True,False,0.683,False,False,False
XRPUSDT,SELL,19443,2026-05-07 02:15:00,1.411,2.417,0.914,-0.539,162,win,0.276,0.553,-1.559,0,fresh,38.5,True,0.88,False,False,none,False,False,2,6,True,False,False,False,False,False,False,False,0,0,0,0,False,False,False,0,0,False,False,0,0,0,False,False,0.63,0,True,True,2.226,False,False,False
XRPUSDT,BUY,19605,2026-05-08 18:45:00,1.4186,6.288,0.592,1.064,364,win,0.352,0.705,2.157,0,fresh,3.0,False,1.32,False,False,none,False,False,8,1,True,False,False,False,False,False,False,False,0,0,0,0,False,False,False,0,0,False,False,0,0,0,False,False,0.08,0,True,False,2.213,False,False,False
XRPUSDT,SELL,19969,2026-05-12 13:45:00,1.4337,1.123,2.141,-1.855,71,lose,0.398,0.788,-2.413,0,fresh,81.6,False,4.36,True,True,bearish,True,False,1,4,True,False,False,False,False,False,False,False,0,0,0,0,False,False,False,0,0,False,False,0,0,0,False,False,2.99,0,True,False,2.19,False,False,False
XRPUSDT,BUY,20040,2026-05-13 07:30:00,1.4603,0.589,2.746,-2.15,27,lose,0.294,0.582,1.342,0,fresh,11.3,True,0.87,False,False,none,False,False,3,1,True,False,False,False,False,False,False,False,0,0,0,0,False,False,False,0,0,False,False,0,0,0,False,False,0.08,0,True,False,2.15,False,False,False
XRPUSDT,SELL,20067,2026-05-13 14:15:00,1.4289,1.295,3.149,-2.918,98,lose,0.406,0.819,-1.827,0,fresh,38.3,True,0.79,False,False,none,False,False,0,7,True,False,False,False,False,False,False,False,0,0,1,0,False,False,True,1,0,True,False,0,0,0,False,False,0.48,1,True,False,0.742,False,False,False
XRPUSDT,BUY,20165,2026-05-14 14:45:00,1.4706,5.318,2.917,-2.659,92,win,0.469,0.932,3.101,0,fresh,64.2,True,2.78,True,False,none,False,False,7,1,True,False,False,False,False,False,False,False,0,0,0,0,False,False,False,0,0,False,False,0,0,0,False,False,0.41,0,True,False,0.721,False,False,False
XRPUSDT,SELL,20257,2026-05-15 13:45:00,1.4315,5.938,1.341,3.339,536,win,0.454,0.908,-3.549,0,fresh,41.1,False,4.01,True,True,bearish,True,False,2,8,True,False,False,False,False,False,False,False,0,0,0,0,False,False,False,1,0,True,False,0,0,0,False,False,0.11,0,True,False,0.741,False,False,False
XRPUSDT,BUY,20793,2026-05-21 03:45:00,1.3837,0.108,2.414,-1.987,44,lose,0.253,0.513,1.185,0,fresh,53.8,True,0.83,False,False,none,False,False,6,1,True,False,False,False,False,False,False,False,0,0,0,0,False,False,False,1,0,False,False,0,0,0,False,False,0.94,0,True,False,0.39,False,False,False
XRPUSDT,SELL,20837,2026-05-21 14:45:00,1.3562,4.505,2.183,0.737,212,win,0.361,0.73,-1.607,0,fresh,11.1,False,0.42,False,False,none,False,False,1,4,True,False,False,False,False,False,False,False,0,1,0,0,True,False,True,0,1,False,False,0,0,0,False,False,0.25,1,True,True,0.981,False,False,False
XRPUSDT,BUY,21049,2026-05-23 19:45:00,1.3462,2.184,1.092,-0.832,104,win,0.253,0.505,1.315,0,fresh,47.1,True,0.43,False,False,none,False,False,3,2,True,False,False,False,False,False,False,False,0,0,0,0,False,False,False,0,0,False,False,0,0,0,False,False,1.14,0,True,False,2.652,False,False,False
XRPUSDT,SELL,21153,2026-05-24 21:45:00,1.335,5.109,2.27,0.787,367,win,0.285,0.569,-1.581,0,fresh,19.4,True,2.04,True,False,none,False,False,1,6,True,False,False,False,False,False,False,False,0,0,0,0,False,False,False,0,1,False,True,0,1,0,False,False,0.57,0,True,False,1.543,False,False,False
XRPUSDT,BUY,21520,2026-05-28 17:30:00,1.3245,3.088,2.341,0.136,284,win,0.529,1.057,2.552,0,fresh,47.8,True,0.47,False,False,none,False,False,3,0,True,False,False,False,False,False,False,False,0,0,0,0,False,False,False,0,0,False,False,0,0,0,False,False,0.42,0,True,False,0.778,True,False,False
XRPUSDT,SELL,21804,2026-05-31 16:30:00,1.3263,20.908,1.184,15.736,621,win,0.347,0.694,-1.5,0,fresh,31.0,False,2.55,True,False,none,False,False,1,3,True,False,False,False,False,False,False,False,0,1,0,0,True,False,True,1,1,False,False,0,0,0,False,False,0.11,0,True,False,0.777,False,False,False
XRPUSDT,BUY,22425,2026-06-07 03:45:00,1.1176,6.129,0.716,0.823,242,win,0.573,1.145,2.568,0,fresh,13.8,False,0.5,False,False,none,False,False,4,1,True,False,False,False,False,False,False,False,0,0,0,0,False,False,False,0,0,False,False,0,0,0,False,False,0.55,0,True,False,1.727,True,False,False
XRPUSDT,SELL,22667,2026-06-09 16:15:00,1.1268,3.506,1.748,-1.305,204,win,0.568,1.136,-3.274,0,fresh,7.0,True,0.87,False,False,none,False,False,2,4,True,False,False,False,False,False,False,False,0,0,0,0,False,False,False,0,0,False,False,0,0,0,False,False,0.78,0,True,True,4.774,True,False,False
XRPUSDT,BUY,22871,2026-06-11 19:15:00,1.1415,1.673,1.428,-1.183,269,lose,0.631,1.261,3.163,0,fresh,54.0,True,0.9,False,True,bullish,True,False,3,0,True,False,False,False,False,False,False,False,0,0,0,0,False,False,False,0,1,True,False,0,0,0,False,False,0.46,0,True,True,4.818,True,False,False
XRPUSDT,SELL,23140,2026-06-14 14:30:00,1.128,0.062,4.184,-3.741,30,lose,0.293,0.594,-1.844,0,fresh,65.6,False,4.22,True,True,bearish,True,False,1,5,True,False,False,False,False,False,False,False,0,0,0,0,False,False,False,0,1,False,False,0,0,0,False,False,2.7,1,True,True,4.876,False,False,False
XRPUSDT,BUY,23170,2026-06-14 22:00:00,1.1702,10.494,0.299,3.82,164,win,0.496,0.991,3.034,0,fresh,23.8,True,4.16,True,False,none,False,False,5,0,True,False,False,False,False,False,False,False,0,0,0,0,False,False,False,0,0,False,False,0,0,0,False,False,0.18,1,True,True,4.7,False,False,False
XRPUSDT,SELL,23334,2026-06-16 15:00:00,1.2149,7.943,1.268,5.721,375,win,0.584,1.161,-2.519,0,fresh,75.0,True,1.01,False,False,none,False,False,2,3,True,False,False,False,False,False,False,False,0,1,0,0,True,False,True,1,1,False,False,0,0,0,False,False,0.33,0,True,False,0.56,True,False,False
XRPUSDT,BUY,23709,2026-06-20 12:45:00,1.1454,0.838,2.279,-1.24,136,lose,0.218,0.445,0.725,0,fresh,17.6,False,1.12,False,False,none,False,False,2,2,False,False,False,False,False,False,False,False,0,0,0,0,False,False,False,0,0,False,False,0,0,0,False,False,0.12,0,True,False,0.847,False,False,False
XRPUSDT,SELL,23845,2026-06-21 22:45:00,1.1312,0.734,2.847,-2.82,60,lose,0.407,0.804,-1.733,0,fresh,50.0,True,0.4,False,False,none,False,False,0,3,True,False,False,False,False,False,False,False,0,0,0,1,False,True,True,0,1,False,False,0,0,0,False,False,0.55,0,True,False,0.822,False,False,False
XRPUSDT,BUY,23905,2026-06-22 13:45:00,1.1631,0.009,3.654,-3.534,59,lose,0.421,0.843,2.373,0,fresh,89.5,True,2.09,True,False,none,False,False,6,0,True,False,False,False,False,False,False,False,0,0,0,0,False,False,False,1,0,False,False,0,0,0,False,False,0.11,0,True,False,0.8,False,False,False
XRPUSDT,SELL,23964,2026-06-23 04:30:00,1.122,10.152,0.053,5.713,378,win,0.339,0.677,-1.881,0,fresh,86.0,False,1.16,False,True,bearish,True,False,0,1,True,False,False,False,False,False,False,False,0,0,0,0,False,False,False,0,0,False,False,0,0,0,False,False,0.7,0,True,False,0.829,False,False,False
XRPUSDT,BUY,24342,2026-06-27 03:00:00,1.0579,1.777,1.267,-1.106,94,lose,0.454,0.907,2.325,0,fresh,52.5,False,1.35,False,False,none,False,False,5,1,True,False,False,False,False,False,False,False,1,0,0,0,True,False,True,1,1,False,False,0,1,0,False,False,0.12,0,True,False,1.55,False,False,False
XRPUSDT,SELL,24436,2026-06-28 02:30:00,1.0462,1.424,2.868,-2.198,166,lose,0.306,0.612,-1.443,0,fresh,24.0,False,0.49,False,False,none,False,False,2,4,True,False,False,False,False,False,False,False,0,0,0,0,False,False,False,0,0,False,False,0,0,0,False,False,1.31,0,True,False,1.568,False,False,False
XRPUSDT,BUY,24602,2026-06-29 20:00:00,1.0692,0.037,2.684,-2.553,58,lose,0.561,1.132,2.245,0,fresh,87.5,False,0.74,False,True,bearish,False,True,5,2,True,False,False,False,False,False,False,False,0,0,0,0,False,False,False,1,0,False,False,0,0,0,False,False,1.24,0,True,False,1.534,True,False,False
XRPUSDT,SELL,24660,2026-06-30 10:30:00,1.0419,1.987,2.236,-1.939,119,lose,0.23,0.461,-1.248,0,fresh,30.8,False,0.73,False,False,none,False,False,0,3,True,False,False,False,False,False,False,False,0,0,0,0,False,False,False,0,0,False,False,0,0,0,False,False,0.16,0,True,False,0.614,False,False,False
XRPUSDT,BUY,24779,2026-07-01 16:15:00,1.0621,11.458,1.685,7.165,335,win,0.48,0.951,2.269,0,fresh,54.1,True,0.83,False,False,none,False,False,5,1,True,False,False,False,False,False,False,False,0,0,0,0,False,False,False,0,1,True,False,0,0,0,False,False,1.16,0,True,False,1.525,False,False,False
XRPUSDT,SELL,25114,2026-07-05 04:00:00,1.1382,1.239,2.715,-1.704,78,lose,0.369,0.729,-1.388,0,fresh,24.0,True,0.52,False,False,none,False,False,0,5,True,False,False,False,False,False,False,False,0,0,0,0,False,False,False,0,0,False,False,0,0,0,False,False,0.21,0,True,False,1.247,False,False,False
XRPUSDT,BUY,25192,2026-07-05 23:30:00,1.1576,0.294,4.216,-3.602,56,lose,0.475,0.95,2.211,0,fresh,18.9,True,0.77,False,False,none,False,False,3,0,True,False,False,False,False,False,False,False,0,0,0,0,False,False,False,1,0,False,False,1,0,0,False,False,1.0,0,True,False,1.227,False,False,False
XRPUSDT,SELL,25248,2026-07-06 13:30:00,1.1159,4.31,4.355,0.887,340,win,0.466,0.941,-2.688,0,fresh,75.4,True,1.41,False,True,bullish,False,True,3,9,True,False,False,False,False,False,False,False,0,0,0,0,False,False,False,0,1,False,False,0,0,0,False,False,0.26,0,True,False,1.273,False,False,False
XRPUSDT,BUY,25588,2026-07-10 02:30:00,1.106,1.157,1.338,-1.257,183,lose,0.316,0.624,1.618,0,fresh,28.6,True,0.78,False,False,none,False,False,3,0,True,False,False,False,False,False,False,False,0,0,0,0,False,False,False,0,0,False,False,0,0,0,False,False,0.06,0,True,False,2.839,False,False,False
XRPUSDT,SELL,25771,2026-07-12 00:15:00,1.0921,3.617,1.135,-1.044,244,win,0.311,0.623,-1.804,0,fresh,0.0,False,1.58,True,False,none,False,False,0,6,True,False,False,False,False,False,False,False,0,0,0,0,False,False,False,0,0,False,False,0,0,0,False,False,0.34,0,True,False,0.668,False,False,False
XRPUSDT,BUY,26015,2026-07-14 13:15:00,1.1035,2.374,1.459,-1.287,213,win,0.426,0.852,3.471,0,fresh,94.0,True,4.52,True,True,bullish,True,False,3,0,True,False,False,False,False,False,False,False,0,0,0,0,False,False,False,0,0,False,False,0,0,0,False,False,1.63,0,True,False,0.589,False,False,False
XRPUSDT,SELL,26228,2026-07-16 18:30:00,1.0893,1.854,0.927,-0.578,241,lose,0.468,0.927,-2.543,0,fresh,66.1,False,1.85,True,False,none,False,False,2,5,True,False,False,False,False,False,False,False,0,0,0,0,False,False,False,1,0,True,False,0,0,0,False,False,2.05,0,True,False,0.734,False,False,False
XRPUSDT,BUY,26469,2026-07-19 06:45:00,1.0956,6.252,1.214,2.346,408,win,0.173,0.338,0.748,0,fresh,0.0,False,0.66,False,False,none,False,False,1,2,False,True,False,False,False,False,False,False,0,0,0,0,False,False,False,0,0,False,False,0,0,0,False,False,0.91,0,True,False,0.73,False,False,False
XRPUSDT,SELL,26877,2026-07-23 12:45:00,1.1213,3.3,0.009,1.703,208,win,0.268,0.535,-1.766,0,fresh,9.1,False,3.75,True,False,none,False,False,1,3,True,False,False,False,False,False,False,False,0,0,0,0,False,False,False,0,0,False,False,0,0,0,False,False,0.31,0,True,False,0.936,False,False,False
XRPUSDT,BUY,27085,2026-07-25 16:45:00,1.1022,1.279,1.597,-0.798,193,lose,0.181,0.354,1.098,0,fresh,37.5,True,1.68,True,False,none,False,False,6,0,True,False,False,False,False,False,False,False,0,0,0,0,False,False,False,0,0,False,False,0,0,0,False,False,0.08,0,True,False,0.717,False,False,False
XRPUSDT,SELL,27278,2026-07-27 17:00:00,1.0934,4.472,0.192,1.271,134,win,0.412,0.832,-1.591,0,fresh,9.7,True,0.7,False,False,none,False,False,2,3,True,False,False,False,False,False,False,False,0,0,0,0,False,False,False,0,0,False,False,0,0,0,False,False,2.38,1,True,False,1.738,False,False,False
XRPUSDT,BUY,27412,2026-07-29 02:30:00,1.0795,1.427,1.667,-0.778,231,lose,0.408,0.806,1.964,0,fresh,9.8,False,1.14,False,False,none,False,False,6,4,True,False,False,False,False,False,False,False,0,0,0,0,False,False,False,0,0,False,False,0,0,0,False,False,1.08,0,True,False,0.584,False,False,False
XRPUSDT,SELL,27643,2026-07-31 12:15:00,1.0711,2.306,0.439,-0.42,154,win,0.196,0.401,-1.064,0,fresh,30.8,True,0.64,False,False,none,False,False,3,3,False,False,False,False,False,False,False,False,0,0,0,0,False,False,False,0,0,False,False,0,0,0,False,False,0.84,0,True,False,0.588,False,False,False
XRPUSDT,BUY,27797,2026-08-02 02:45:00,1.0756,1.608,0.958,-0.781,117,lose,0.242,0.483,1.608,0,fresh,94.3,True,1.09,False,True,bullish,True,False,5,0,True,False,False,False,False,False,False,False,0,0,0,0,False,False,False,0,0,False,False,0,0,0,False,False,0.01,0,True,False,0.586,False,False,False
XRPUSDT,SELL,27914,2026-08-03 08:00:00,1.0672,0.478,1.837,-1.387,38,lose,0.216,0.431,-1.096,0,fresh,35.3,False,0.89,False,False,none,False,False,0,3,True,False,False,False,False,False,False,False,0,0,0,0,False,False,False,0,0,False,False,0,0,0,False,False,0.57,0,True,False,0.59,False,False,False
XRPUSDT,BUY,27952,2026-08-03 17:30:00,1.082,0.176,1.71,-1.562,157,lose,0.333,0.656,1.155,0,fresh,15.4,True,0.47,False,False,none,False,False,2,1,True,False,False,False,False,False,False,False,0,0,0,0,False,False,False,1,0,False,False,0,0,0,False,False,0.65,0,True,False,0.582,False,False,False
XRPUSDT,SELL,28109,2026-08-05 08:45:00,1.0651,4.985,0.723,2.742,290,win,0.188,0.385,-1.033,0,fresh,11.1,False,0.58,False,False,none,False,False,3,3,False,False,False,False,False,False,False,False,0,0,0,0,False,False,False,0,0,False,False,0,0,0,False,False,0.1,0,True,False,0.591,False,False,False
XRPUSDT,BUY,28399,2026-08-08 09:15:00,1.0359,1.207,0.84,-0.618,164,lose,0.193,0.376,0.801,0,fresh,77.8,True,0.56,False,False,none,False,False,1,0,True,False,False,False,False,False,False,False,0,0,0,0,False,False,False,0,0,False,False,0,0,0,False,False,1.53,0,True,False,0.772,False,False,False
XRPUSDT,SELL,28563,2026-08-10 02:15:00,1.0295,3.973,1.02,0.525,232,win,0.408,0.806,-1.583,0,fresh,74.6,False,1.95,True,False,none,False,False,3,2,False,True,False,False,False,False,False,False,0,1,0,0,True,False,True,1,1,False,False,0,0,0,False,False,1.81,0,True,False,0.777,False,False,False
XRPUSDT,BUY,28795,2026-08-12 12:15:00,1.0241,0.137,2.109,-1.846,36,lose,0.225,0.459,1.123,0,fresh,41.7,True,2.12,True,False,none,False,False,3,2,True,False,False,False,False,False,False,False,0,0,0,0,False,False,False,0,0,False,False,0,0,0,False,False,4.2,1,True,True,0.605,False,False,False
XRPUSDT,SELL,28831,2026-08-12 21:15:00,1.0052,2.069,0.965,0.05,620,win,0.249,0.487,-1.204,0,fresh,35.2,False,3.58,True,True,bearish,True,False,2,5,True,False,False,False,False,False,False,False,0,0,0,0,False,False,False,0,0,False,False,0,0,0,False,False,7.08,0,True,False,0.617,False,False,False
XRPUSDT,BUY,29451,2026-08-19 08:15:00,1.0047,69.304,0.189,49.079,548,win,0.179,0.358,0.806,0,fresh,68.8,True,0.9,False,True,bullish,True,False,4,1,True,False,False,False,False,False,False,False,0,0,0,0,False,False,False,0,0,False,False,0,0,0,False,False,0.34,0,True,False,0.319,False,False,False
