trade_idx,datetime,symbol,trade_type,direction,entry_price,exit_price,exit_reason,duration_bars,pos_size_usd,leverage_used,sl_pct,net_pnl_pct,pnl_usd,is_win,equity_after,drawdown_pct
1,2026-03-04 18:40:00,NEARUSDT,TREND,SELL,1.309,1.2828,TP,70,594.8839976204639,0.594883997620464,1.6810000000000003,1.9,11.302795954788813,True,1011.3027959547888,0.0
2,2026-03-05 00:20:00,ADAUSDT,TREND,SELL,0.2746,0.2691,TP,188,674.2018639698592,0.6666666666666666,1.5,1.9,12.809835415427326,True,1024.1126313702161,0.0
3,2026-03-05 00:50:00,RENDERUSDT,TREND,SELL,1.402,1.374,TP,175,682.7417542468108,0.6666666666666667,1.5,1.9,12.972093330689406,True,1037.0847247009056,0.0
4,2026-03-05 01:50:00,ARBUSDT,FADE,BUY,0.1027,0.1048,TP,104,691.3898164672704,0.6666666666666667,1.5,1.93,13.343823457818317,True,1050.428548158724,0.0
5,2026-03-05 01:55:00,ETHUSDT,FADE,BUY,2110.825,2153.0415,TP,85,700.2856987724828,0.6666666666666667,1.5,1.93,13.515513986308916,True,1063.9440621450328,0.0
6,2026-03-05 03:20:00,FETUSDT,FADE,BUY,0.1533,0.1564,TP,83,709.2960414300219,0.6666666666666666,1.5,1.93,13.68941359959942,True,1077.6334757446323,0.0
7,2026-03-05 03:30:00,INJUSDT,FADE,BUY,3.0568,3.118,TP,84,718.4223171630882,0.6666666666666667,1.5,1.93,13.865550721247601,True,1091.49902646588,0.0
8,2026-03-05 05:50:00,APTUSDT,FADE,BUY,0.9916,1.0115,TP,14,727.66601764392,0.6666666666666666,1.5,1.93,14.043954140527655,True,1105.5429806064076,0.0
9,2026-03-05 10:30:00,SOLUSDT,TREND,BUY,92.73,89.4756,SL,56,302.3914060739627,0.2735229759299781,3.656,-3.61,-10.916329759270052,False,1094.6266508471376,0.9874179431072123
10,2026-03-05 11:00:00,LINKUSDT,TREND,BUY,9.426,9.0961,SL,61,310.7968912115666,0.2839295854628052,3.5220000000000002,-3.6,-11.1886880836164,False,1083.4379627635212,1.999471592751772
11,2026-03-05 14:25:00,ARBUSDT,FADE,SELL,0.1052,0.1031,TP,13,722.2919751756809,0.6666666666666667,1.5,1.93,13.940235120890641,True,1097.378197884412,0.7385314605785019
12,2026-03-05 15:30:00,ETHUSDT,TREND,SELL,2074.12,2032.6376,TP,269,731.5854652562747,0.6666666666666667,1.5,1.9,13.900123839869218,True,1111.278321724281,0.0
13,2026-03-05 16:05:00,SEIUSDT,TREND,SELL,0.0667,0.0686,REVERSE_SIGNAL,135,370.302673017088,0.3332222592469177,3.001,-3.026,-11.205358885497082,False,1100.072962838784,1.00833055648118
14,2026-03-05 16:05:00,BNBUSDT,FADE,BUY,647.136,630.9576,SL,264,420.8389299306748,0.38255547054322875,2.614,-2.57,-10.815560499218341,False,1089.2574023395657,1.9815845368554754
15,2026-03-05 16:20:00,FETUSDT,FADE,BUY,0.1501,0.1531,TP,23,726.1716015597104,0.6666666666666666,1.5,1.93,14.01511191010241,True,1103.2725142496681,0.72041425789635
16,2026-03-05 16:20:00,FILUSDT,FADE,BUY,0.995,1.0149,TP,19,441.30900569986727,0.4,2.5,1.93,8.517263810007437,True,1111.7897780596757,0.0
17,2026-03-05 17:20:00,TIAUSDT,TREND,SELL,0.3333,0.3442,REVERSE_SIGNAL,44,330.889814898713,0.2976190476190476,3.36,-3.37,-11.150986762086628,False,1100.638791297589,1.0029761904761907
18,2026-03-05 17:30:00,NEARUSDT,FADE,BUY,1.2522,1.2772,TP,18,733.7591941983927,0.6666666666666667,1.5,1.93,14.161552448028978,True,1114.800343745618,0.0
19,2026-03-05 17:50:00,ARBUSDT,TREND,SELL,0.1011,0.1046,SL,100,313.0582262694799,0.2808199943836001,3.5610000000000004,-3.6,-11.27009614570128,False,1103.5302475999167,1.0109519797809576
20,2026-03-05 20:45:00,RENDERUSDT,TREND,BUY,1.392,1.4198,TP,86,735.6868317332778,0.6666666666666666,1.5,1.9,13.978049802932278,True,1117.508297402849,0.0
21,2026-03-06 03:40:00,OPUSDT,FADE,SELL,0.1275,0.125,TP,71,745.0055316018993,0.6666666666666666,1.5,1.93,14.378606759916655,True,1131.8869041627656,0.0
22,2026-03-06 11:55:00,ARBUSDT,TREND,SELL,0.1023,0.1003,TP,25,754.5912694418438,0.6666666666666667,1.5,1.9,14.337234119395031,True,1146.2241382821608,0.0
23,2026-03-06 12:35:00,RENDERUSDT,TREND,SELL,1.378,1.3504,TP,18,764.1494255214405,0.6666666666666667,1.5,1.9,14.51883908490737,True,1160.742977367068,0.0
24,2026-03-06 12:40:00,TIAUSDT,TREND,SELL,0.3371,0.3304,TP,23,773.8286515780454,0.6666666666666667,1.5,1.9,14.702744379982862,True,1175.445721747051,0.0
25,2026-03-07 15:25:00,XRPUSDT,FADE,BUY,1.3555,1.3594,REVERSE_SIGNAL,198,783.6304811647008,0.6666666666666667,1.5,0.218,1.7083144489390478,True,1177.15403619599,0.0
26,2026-03-07 19:45:00,NEARUSDT,FADE,BUY,1.2066,1.227,REVERSE_SIGNAL,165,784.7693574639935,0.6666666666666667,1.5,1.624,12.744654365215256,True,1189.8986905612053,0.0
27,2026-03-08 07:10:00,RENDERUSDT,TREND,BUY,1.394,1.349,REVERSE_SIGNAL,102,360.5753607761228,0.30303030303030304,3.3000000000000003,-3.328,-11.999948006629365,False,1177.8987425545758,1.0084848484848543
28,2026-03-08 08:00:00,XRPUSDT,FADE,SELL,1.3611,1.3451,REVERSE_SIGNAL,53,785.2658283697173,0.6666666666666667,1.5,1.103,8.661482086917982,True,1186.5602246414937,0.28056724040405445
29,2026-03-08 09:15:00,BTCUSDT,FADE,SELL,68090.37,67304.1,REVERSE_SIGNAL,56,791.0401497609959,0.6666666666666667,1.5,1.085,8.582785624906805,True,1195.1430102664006,0.0
30,2026-03-08 09:35:00,NEARUSDT,FADE,SELL,1.2404,1.2156,TP,61,796.762006844267,0.6666666666666666,1.5,1.93,15.377506732094352,True,1210.520516998495,0.0
31,2026-03-08 09:45:00,AVAXUSDT,FADE,SELL,8.9903,8.845,REVERSE_SIGNAL,71,807.0136779989967,0.6666666666666667,1.5,1.547,12.48450159864448,True,1223.0050185971395,0.0
32,2026-03-08 10:00:00,FETUSDT,FADE,SELL,0.1436,0.1411,REVERSE_SIGNAL,99,815.3366790647597,0.6666666666666666,1.5,1.657,13.51012877210307,True,1236.5151473692426,0.0
33,2026-03-08 10:10:00,ADAUSDT,FADE,SELL,0.2569,0.2518,TP,35,824.3434315794951,0.6666666666666667,1.5,1.93,15.909828229484255,True,1252.4249755987269,0.0
34,2026-03-08 10:10:00,DOGEUSDT,FADE,SELL,0.0908,0.089,TP,22,834.9499837324846,0.6666666666666667,1.5,1.93,16.11453468603695,True,1268.5395102847638,0.0
35,2026-03-08 10:10:00,ETHUSDT,FADE,SELL,1972.9375,1933.4787,TP,23,845.6930068565092,0.6666666666666667,1.5,1.93,16.321875032330627,True,1284.8613853170943,0.0
36,2026-03-08 12:15:00,ETHUSDT,FADE,BUY,1925.7234,1964.2379,TP,74,856.574256878063,0.6666666666666667,1.5,1.93,16.531883157746613,True,1301.3932684748409,0.0
37,2026-03-08 15:00:00,ADAUSDT,FADE,BUY,0.2491,0.2541,TP,53,867.5955123165606,0.6666666666666667,1.5,1.93,16.744593387709617,True,1318.1378618625504,0.0
38,2026-03-08 15:40:00,INJUSDT,FADE,BUY,2.7878,2.8436,TP,34,878.7585745750335,0.6666666666666666,1.5,1.93,16.960040489298144,True,1335.0979023518485,0.0
39,2026-03-08 16:10:00,AVAXUSDT,FADE,BUY,8.8105,8.95,REVERSE_SIGNAL,40,890.0652682345657,0.6666666666666667,1.5,1.513,13.466687508388977,True,1348.5645898602374,0.0
40,2026-03-08 16:45:00,NEARUSDT,TREND,SELL,1.207,1.2492,SL,124,369.97656786289093,0.27434842249657065,3.6450000000000005,-3.6,-13.319156443064076,False,1335.2454334171734,0.987654320987649
41,2026-03-08 20:30:00,BNBUSDT,FADE,SELL,618.81,614.03,REVERSE_SIGNAL,32,890.1636222781158,0.6666666666666667,1.5,0.702,6.248948628392372,True,1341.4943820455658,0.5242765432098746
42,2026-03-08 20:35:00,FETUSDT,FADE,SELL,0.1436,0.1407,TP,17,894.3295880303773,0.6666666666666667,1.5,1.93,17.26056104898628,True,1358.7549430945521,0.0
43,2026-03-09 03:15:00,SOLUSDT,FADE,SELL,84.338,82.6512,TP,46,905.8366287297015,0.6666666666666667,1.5,1.93,17.48264693448324,True,1376.2375900290353,0.0
44,2026-03-09 03:30:00,INJUSDT,TREND,BUY,2.849,2.906,TP,27,917.4917266860235,0.6666666666666666,1.5,1.9,17.432342807034445,True,1393.6699328360698,0.0
45,2026-03-09 03:40:00,NEARUSDT,TREND,BUY,1.24,1.2648,TP,121,751.3045460032722,0.5390835579514826,1.855,1.9,14.274786374062172,True,1407.944719210132,0.0
46,2026-03-09 04:30:00,LINKUSDT,FADE,SELL,8.8275,8.6509,TP,20,938.6298128067547,0.6666666666666666,1.5,1.93,18.115555387170364,True,1426.0602745973024,0.0
47,2026-03-09 04:50:00,APTUSDT,TREND,BUY,0.9468,0.9657,TP,107,950.7068497315349,0.6666666666666666,1.5,1.9,18.063430144899165,True,1444.1237047422017,0.0
48,2026-03-09 05:40:00,TIAUSDT,TREND,BUY,0.3252,0.3317,TP,165,545.9824970669949,0.3780718336483932,2.645,1.9,10.373667444272904,True,1454.4973721864746,0.0
49,2026-03-09 13:25:00,XRPUSDT,FADE,SELL,1.3712,1.4055,SL,229,499.8272756654552,0.3436426116838488,2.91,-2.57,-12.845560984602198,False,1441.6518112018725,0.8831615120274857
50,2026-03-09 21:00:00,SEIUSDT,TREND,BUY,0.0635,0.0647,TP,8,961.1012074679151,0.6666666666666667,1.5,1.9,18.260922941890385,True,1459.912734143763,0.0
51,2026-03-09 22:50:00,NEARUSDT,TREND,SELL,1.221,1.2637,SL,65,414.51241741730917,0.2839295854628052,3.5220000000000002,-3.6,-14.922447027023132,False,1444.9902871167399,1.0221465076660936
52,2026-03-10 02:45:00,ETHUSDT,TREND,BUY,2051.99,2020.81,REVERSE_SIGNAL,139,670.5291355530115,0.46403712296983757,2.155,-1.62,-10.862571995958788,False,1434.127715120781,1.7662027612975664
53,2026-03-10 04:35:00,NEARUSDT,TREND,BUY,1.269,1.2944,TP,47,956.0851434138541,0.6666666666666667,1.5,1.9,18.16561772486323,True,1452.2933328456443,0.5219079962739976
54,2026-03-10 14:10:00,AVAXUSDT,FADE,BUY,9.3137,9.4999,TP,7,968.1955552304296,0.6666666666666667,1.5,1.93,18.68617421594729,True,1470.9795070615914,0.0
55,2026-03-10 15:20:00,AVAXUSDT,TREND,BUY,9.681,9.8746,TP,12,980.6530047077276,0.6666666666666666,1.5,1.9,18.632407089446826,True,1489.6119141510383,0.0
56,2026-03-10 18:55:00,APTUSDT,FADE,BUY,0.9566,0.9612,REVERSE_SIGNAL,215,636.5862880987344,0.4273504273504274,2.34,0.413,2.6291013698477728,True,1492.241015520886,0.0
57,2026-03-10 19:30:00,ARBUSDT,FADE,BUY,0.098,0.0994,REVERSE_SIGNAL,185,994.8273436805908,0.6666666666666667,1.5,1.393,13.857944897470631,True,1506.0989604183567,0.0
58,2026-03-10 20:40:00,ATOMUSDT,FADE,BUY,1.7765,1.809,REVERSE_SIGNAL,73,1004.0659736122378,0.6666666666666667,1.5,1.759,17.66152047583926,True,1523.760480894196,0.0
59,2026-03-10 21:25:00,INJUSDT,FADE,BUY,2.9216,2.9801,TP,178,1015.8403205961307,0.6666666666666667,1.5,1.93,19.60571818750532,True,1543.3661990817013,0.0
60,2026-03-10 21:50:00,RENDERUSDT,FADE,BUY,1.4594,1.4886,TP,95,1028.9107993878008,0.6666666666666666,1.5,1.93,19.857978428184552,True,1563.224177509886,0.0
61,2026-03-11 07:45:00,FILUSDT,TREND,BUY,0.879,0.8966,TP,54,1042.1494516732573,0.6666666666666666,1.5,1.9,19.800839581791887,True,1583.025017091678,0.0
62,2026-03-11 10:30:00,SEIUSDT,TREND,BUY,0.0639,0.0617,SL,60,438.14697400821416,0.2767783005812344,3.6130000000000004,-3.624,-15.878446338057682,False,1567.1465707536202,1.0030445613063983
63,2026-03-11 13:05:00,NEARUSDT,TREND,BUY,1.302,1.328,TP,229,784.7504109933,0.500751126690035,1.997,1.9,14.910257808872698,True,1582.056828562493,0.0611606587850234
64,2026-03-11 13:15:00,ADAUSDT,TREND,BUY,0.2633,0.2609,REVERSE_SIGNAL,153,991.8851589733499,0.6269592476489029,1.595,-1.012,-10.037877808810302,False,1572.0189507536827,0.6952553635706574
65,2026-03-11 13:30:00,DOGEUSDT,TREND,BUY,0.0943,0.0923,REVERSE_SIGNAL,138,457.5142464358797,0.2910360884749709,3.436,-2.242,-10.257469405092422,False,1561.7614813485902,1.343221712449807
66,2026-03-11 13:30:00,LINKUSDT,FADE,SELL,9.1312,8.9486,TP,24,1041.1743208990601,0.6666666666666666,1.5,1.93,20.09466439335186,True,1581.856145741942,0.07383783181666019
67,2026-03-11 14:15:00,SOLUSDT,TREND,BUY,86.45,85.81,REVERSE_SIGNAL,144,697.7750973718316,0.44111160123511256,2.267,-0.84,-5.8613108179233855,False,1575.9948349240187,0.4440979827706688
68,2026-03-12 01:00:00,FILUSDT,FADE,BUY,0.869,0.879,REVERSE_SIGNAL,273,684.9173554645887,0.43459365493263796,2.301,1.081,7.403956612572204,True,1583.398791536591,0.0
69,2026-03-12 01:45:00,LINKUSDT,FADE,BUY,8.8793,9.002,REVERSE_SIGNAL,92,1055.5991943577276,0.6666666666666669,1.5,1.311,13.838905438029808,True,1597.2376969746208,0.0
70,2026-03-12 02:00:00,ADAUSDT,FADE,BUY,0.259,0.2632,REVERSE_SIGNAL,98,1064.825131316414,0.6666666666666667,1.5,1.545,16.451548278838594,True,1613.6892452534594,0.0
71,2026-03-12 02:25:00,RENDERUSDT,TREND,SELL,1.503,1.5556,SL,61,418.1625408793623,0.25913449080072554,3.859,-3.6,-15.053851471657046,False,1598.6353937818023,0.9328841668826108
72,2026-03-12 03:25:00,TIAUSDT,TREND,SELL,0.3305,0.3355,REVERSE_SIGNAL,190,978.3570341381899,0.6119951040391677,1.6340000000000001,-1.613,-15.780898960649,False,1582.8544948211534,1.9108233213429422
73,2026-03-12 07:35:00,RENDERUSDT,TREND,BUY,1.549,1.58,TP,33,1055.2363298807688,0.6666666666666666,1.5,1.9,20.04949026773461,True,1602.903985088888,0.6683604167466167
74,2026-03-12 12:10:00,FETUSDT,TREND,BUY,0.1606,0.1638,TP,85,887.5437348221973,0.5537098560354375,1.806,1.9,16.86333096162175,True,1619.7673160505099,0.0
75,2026-03-12 19:15:00,TIAUSDT,TREND,BUY,0.3355,0.3422,TP,45,1079.8448773670066,0.6666666666666666,1.5,1.9,20.517052669973125,True,1640.284368720483,0.0
76,2026-03-12 23:00:00,ATOMUSDT,FADE,SELL,1.8554,1.849,REVERSE_SIGNAL,270,748.9882962193986,0.4566210045662101,2.19,0.274,2.0522279316411525,True,1642.3365966521242,0.0
77,2026-03-12 23:45:00,FILUSDT,TREND,BUY,0.879,0.8966,TP,7,1094.8910644347495,0.6666666666666667,1.5,1.9,20.80293022426024,True,1663.1395268763845,0.0
78,2026-03-13 07:25:00,NEARUSDT,FADE,BUY,1.3337,1.3603,TP,60,1108.7596845842565,0.6666666666666669,1.5,1.93,21.39906191247615,True,1684.5385887888606,0.0
79,2026-03-13 08:00:00,FETUSDT,TREND,SELL,0.1789,0.1753,TP,112,486.0180579310042,0.28851702250432776,3.466,1.9,9.23434310068908,True,1693.7729318895497,0.0
80,2026-03-13 09:35:00,APTUSDT,FADE,BUY,0.9183,0.9366,TP,29,1129.1819545930332,0.6666666666666667,1.5,1.93,21.793211723645538,True,1715.5661436131952,0.0
81,2026-03-13 12:55:00,APTUSDT,TREND,BUY,0.9434,0.9623,TP,9,1143.7107624087969,0.6666666666666667,1.5,1.9,21.730504485767142,True,1737.2966480989624,0.0
82,2026-03-13 16:20:00,XRPUSDT,TREND,SELL,1.4027,1.3955,REVERSE_SIGNAL,362,1158.1977653993083,0.6666666666666667,1.5,0.413,4.783356771099143,True,1742.0800048700614,0.0
83,2026-03-13 16:30:00,BTCUSDT,FADE,BUY,70960.37,71060.3,REVERSE_SIGNAL,357,1161.3866699133744,0.6666666666666667,1.5,0.071,0.8245845356384957,True,1742.9045894056999,0.0
84,2026-03-13 17:30:00,ADAUSDT,TREND,SELL,0.2693,0.2639,TP,54,1161.9363929371332,0.6666666666666666,1.5,1.9,22.07679146580553,True,1764.9813808715055,0.0
85,2026-03-13 17:40:00,LINKUSDT,TREND,SELL,9.151,8.968,TP,155,1176.654253914337,0.6666666666666666,1.5,1.9,22.356430824372403,True,1787.337811695878,0.0
86,2026-03-13 17:45:00,DOGEUSDT,FADE,BUY,0.0957,0.0955,REVERSE_SIGNAL,243,985.8454559822824,0.5515719801434087,1.813,-0.274,-2.701216549391454,False,1784.6365951464866,0.15113072255928803
87,2026-03-13 19:40:00,FILUSDT,TREND,SELL,0.875,0.887,REVERSE_SIGNAL,274,1189.7577300976577,0.6666666666666666,1.5,-1.471,-17.501336209736547,False,1767.13525893675,1.1303153006067244
88,2026-03-13 22:25:00,SEIUSDT,FADE,BUY,0.0657,0.067,TP,66,1178.0901726245002,0.6666666666666667,1.5,1.93,22.73714033165285,True,1789.872399268403,0.0
89,2026-03-13 22:40:00,OPUSDT,TREND,SELL,0.1225,0.1254,SL,64,707.1799285928103,0.3951007506914263,2.531,-2.457,-17.375410845525348,False,1772.4969884228776,0.9707625444488298
90,2026-03-13 22:55:00,RENDERUSDT,TREND,SELL,1.793,1.833,REVERSE_SIGNAL,56,557.5643247634092,0.3145643284051589,3.179,-2.331,-12.99682441023507,False,1759.5001640126425,1.6968938829480158
91,2026-03-14 03:10:00,FETUSDT,TREND,BUY,0.1811,0.1761,REVERSE_SIGNAL,86,601.1274902673873,0.3416467372736591,2.927,-2.861,-17.198257496549953,False,1742.3019065160925,2.6577588867091597
92,2026-03-14 03:25:00,ATOMUSDT,FADE,SELL,1.885,1.855,REVERSE_SIGNAL,252,1161.5346043440618,0.6666666666666667,1.5,1.522,17.67855667811662,True,1759.980463194209,1.6700596135463035
93,2026-03-14 03:35:00,RENDERUSDT,TREND,BUY,1.833,1.7688,SL,18,496.32838781562583,0.28200789622109423,3.546,-3.6,-17.867821961362534,False,1742.1126412328465,2.668333120007764
94,2026-03-14 06:35:00,OPUSDT,FADE,BUY,0.1218,0.1243,TP,228,1161.4084274885645,0.6666666666666667,1.5,1.93,22.415182650529292,True,1764.5278238833757,1.4159990061518666
95,2026-03-14 06:40:00,RENDERUSDT,TREND,SELL,1.746,1.799,REVERSE_SIGNAL,88,550.2113576187638,0.3118178983473651,3.2070000000000003,-3.136,-17.254628174924434,False,1747.2731957084513,2.3800134343299364
96,2026-03-14 10:20:00,FETUSDT,FADE,BUY,0.1754,0.1782,REVERSE_SIGNAL,144,1094.7827040779769,0.6265664160401001,1.596,1.526,16.70638406422993,True,1763.9795797726813,1.4466293522546687
97,2026-03-14 20:35:00,TIAUSDT,FADE,BUY,0.3432,0.3475,REVERSE_SIGNAL,46,1175.9863865151208,0.6666666666666666,1.5,1.168,13.73552099449661,True,1777.715100767178,0.6792271061442197
98,2026-03-15 06:15:00,RENDERUSDT,TREND,SELL,1.818,1.8816,SL,148,394.1718626978222,0.22172949002217296,4.51,-3.6,-14.1901870571216,False,1763.5249137100564,1.4720315017492798
99,2026-03-15 18:35:00,RENDERUSDT,TREND,BUY,1.899,1.8325,SL,240,478.43866351330894,0.27129679869777545,3.6859999999999995,-3.6,-17.223791886479123,False,1746.3011218235772,2.4343231094370257
100,2026-03-15 22:35:00,ADAUSDT,TREND,BUY,0.2689,0.2743,TP,59,1164.200747882385,0.6666666666666669,1.5,1.9,22.119814209765316,True,1768.4209360333425,1.1984912021565617
101,2026-03-15 22:40:00,AVAXUSDT,TREND,BUY,9.931,10.1296,TP,58,1178.9472906888952,0.6666666666666667,1.5,1.9,22.39999852308901,True,1790.8209345564314,0.0
102,2026-03-15 22:45:00,DOGEUSDT,TREND,BUY,0.097,0.099,TP,55,1193.880623037621,0.6666666666666667,1.5,1.9,22.6837318377148,True,1813.5046663941462,0.0
103,2026-03-16 14:40:00,AVAXUSDT,TREND,SELL,10.065,10.4173,SL,83,481.5466453516055,0.2655337227827934,3.766,-3.6,-17.3356792326578,False,1796.1689871614883,0.9559214020180602
104,2026-03-17 03:40:00,FETUSDT,TREND,SELL,0.2298,0.2377,SL,43,443.82727629391854,0.24709661477637757,4.047,-3.519,-15.618281852782992,False,1780.5507053087053,1.8171423374919855
105,2026-03-17 04:05:00,RENDERUSDT,FADE,BUY,1.845,1.8819,TP,34,1187.0338035391371,0.6666666666666667,1.5,1.93,22.909752408305344,True,1803.4604577170107,0.5538562355677129
106,2026-03-17 04:25:00,APTUSDT,FADE,BUY,0.9823,1.002,TP,41,1202.3069718113404,0.6666666666666666,1.5,1.93,23.204524555958866,True,1826.6649822729696,0.0
107,2026-03-17 04:35:00,ARBUSDT,FADE,BUY,0.1069,0.109,TP,81,1217.7766548486466,0.6666666666666667,1.5,1.93,23.503089438578876,True,1850.1680717115485,0.0
108,2026-03-17 04:40:00,TIAUSDT,TREND,SELL,0.3702,0.3738,REVERSE_SIGNAL,206,1180.707129362826,0.6381620931716655,1.567,-1.072,-12.657180426769495,False,1837.510891284779,0.6841097638800203
109,2026-03-17 04:40:00,ETHUSDT,FADE,BUY,2298.87,2344.8474,TP,94,1225.0072608565192,0.6666666666666666,1.5,1.93,23.64264013453082,True,1861.15353141931,0.0
110,2026-03-17 05:05:00,NEARUSDT,FADE,BUY,1.434,1.4627,TP,22,1240.7690209462069,0.6666666666666667,1.5,1.93,23.94684210426179,True,1885.1003735235718,0.0
111,2026-03-17 05:10:00,FILUSDT,FADE,BUY,0.9547,0.9738,TP,21,1256.733582349048,0.6666666666666667,1.5,1.93,24.254958139336622,True,1909.3553316629084,0.0
112,2026-03-17 05:10:00,DOGEUSDT,FADE,BUY,0.0995,0.101,REVERSE_SIGNAL,187,1272.903554441939,0.6666666666666666,1.5,1.424,18.12614661525321,True,1927.4814782781616,0.0
113,2026-03-17 05:15:00,OPUSDT,TREND,SELL,0.1339,0.1367,REVERSE_SIGNAL,190,889.8806455577846,0.4616805170821791,2.166,-2.191,-19.49728494417106,False,1907.9841933339906,1.0115420129270536
114,2026-03-17 05:15:00,ADAUSDT,FADE,BUY,0.2824,0.288,TP,21,1271.9894622226604,0.6666666666666667,1.5,1.93,24.549396620897344,True,1932.533589954888,0.0
115,2026-03-17 05:45:00,XRPUSDT,TREND,SELL,1.5122,1.5343,REVERSE_SIGNAL,159,954.8090859460908,0.49407114624505927,2.024,-1.561,-14.904569831618476,False,1917.6290201232694,0.7712450592885425
116,2026-03-17 08:25:00,AVAXUSDT,FADE,BUY,10.237,9.9811,SL,307,672.3804418384534,0.3506311360448807,2.852,-2.57,-17.280177355248252,False,1900.348842768021,1.665417219869288
117,2026-03-17 17:50:00,LINKUSDT,FADE,SELL,9.9073,9.732,REVERSE_SIGNAL,203,1266.8992285120141,0.6666666666666667,1.5,1.7,21.53728688470424,True,1921.8861296527252,0.5509586150278116
118,2026-03-17 21:10:00,DOGEUSDT,FADE,SELL,0.1015,0.0995,TP,110,1281.2574197684835,0.6666666666666666,1.5,1.93,24.72826820153173,True,1946.614397854257,0.0
119,2026-03-17 21:40:00,FETUSDT,TREND,BUY,0.2399,0.2447,TP,5,1297.742931902838,0.6666666666666667,1.5,1.9,24.657115706153924,True,1971.271513560411,0.0
120,2026-03-17 21:40:00,ARBUSDT,FADE,SELL,0.1092,0.107,TP,153,1314.1810090402741,0.6666666666666667,1.5,1.93,25.363693474477287,True,1996.6352070348883,0.0
121,2026-03-18 06:00:00,FETUSDT,TREND,SELL,0.2286,0.224,TP,13,1331.090138023259,0.6666666666666667,1.5,1.9,25.29071262244192,True,2021.9259196573303,0.0
122,2026-03-18 06:10:00,BNBUSDT,FADE,SELL,674.3475,661.71,REVERSE_SIGNAL,64,1347.950613104887,0.6666666666666667,1.5,1.804,24.31702906041216,True,2046.2429487177424,0.0
123,2026-03-18 11:30:00,ADAUSDT,TREND,SELL,0.2821,0.2765,TP,12,1364.1619658118284,0.6666666666666667,1.5,1.9,25.91907735042474,True,2072.162026068167,0.0
124,2026-03-18 11:50:00,FILUSDT,TREND,SELL,0.945,0.9261,TP,8,1381.4413507121114,0.6666666666666667,1.5,1.9,26.247385663530117,True,2098.409411731697,0.0
125,2026-03-18 11:55:00,APTUSDT,TREND,SELL,0.983,0.9633,TP,13,1398.9396078211314,0.6666666666666666,1.5,1.9,26.579852548601497,True,2124.989264280299,0.0
126,2026-03-18 12:05:00,ATOMUSDT,TREND,SELL,1.951,1.912,TP,29,1416.6595095201992,0.6666666666666666,1.5,1.9,26.916530680883785,True,2151.9057949611824,0.0
127,2026-03-18 21:20:00,APTUSDT,TREND,BUY,0.9797,0.9649,REVERSE_SIGNAL,135,920.7983718276347,0.42789901583226353,2.337,-1.611,-14.834061770143194,False,2137.071733191039,0.6893453145057818
128,2026-03-19 03:25:00,FETUSDT,TREND,BUY,0.2267,0.2193,SL,25,605.5743080734029,0.2833663927458203,3.5290000000000004,-3.377,-20.45024438363881,False,2116.6214888074005,1.6396770823519442
129,2026-03-19 07:30:00,FETUSDT,TREND,SELL,0.2154,0.2111,TP,13,1139.8069406609588,0.5385029617662898,1.857,1.9,21.65633187255822,True,2138.277820679959,0.6332979033345332
130,2026-03-19 12:30:00,XRPUSDT,FADE,BUY,1.4358,1.4534,REVERSE_SIGNAL,102,1425.5185471199727,0.6666666666666667,1.5,1.158,16.507504775649284,True,2154.785325455608,0.0
131,2026-03-19 20:00:00,FETUSDT,TREND,BUY,0.2136,0.2179,TP,62,1000.3645893480075,0.46425255338904364,2.154,1.9,19.006927197612143,True,2173.79225265322,0.0
132,2026-03-19 20:35:00,BTCUSDT,FADE,SELL,70584.664,69990.0,REVERSE_SIGNAL,203,1449.194835102147,0.6666666666666667,1.5,0.772,11.187784126988575,True,2184.9800367802086,0.0
133,2026-03-19 21:25:00,RENDERUSDT,FADE,SELL,1.698,1.7404,SL,63,824.5207685963052,0.37735849056603776,2.65,-2.57,-21.19018375292504,False,2163.7898530272837,0.9698113207547102
134,2026-03-20 12:20:00,FETUSDT,TREND,SELL,0.2223,0.2179,TP,86,925.0918567880649,0.4275331338178709,2.339,1.9,17.57674527897323,True,2181.366598306257,0.1653762694910667
135,2026-03-20 13:50:00,BNBUSDT,FADE,BUY,637.8433,642.46,REVERSE_SIGNAL,189,1454.244398870838,0.6666666666666667,1.5,0.654,9.510758368615281,True,2190.8773566748723,0.0
136,2026-03-20 14:05:00,TIAUSDT,FADE,BUY,0.3308,0.335,REVERSE_SIGNAL,177,1460.584904449915,0.6666666666666667,1.5,1.206,17.614653947665975,True,2208.492010622538,0.0
137,2026-03-20 15:40:00,LINKUSDT,FADE,BUY,9.005,9.134,REVERSE_SIGNAL,86,1472.3280070816922,0.6666666666666667,1.5,1.363,20.067830736523465,True,2228.5598413590615,0.0
138,2026-03-20 16:45:00,AVAXUSDT,FADE,BUY,9.4313,9.6199,TP,55,1485.7065609060412,0.6666666666666667,1.5,1.93,28.674136625486593,True,2257.233977984548,0.0
139,2026-03-20 17:30:00,ARBUSDT,FADE,BUY,0.0993,0.1001,REVERSE_SIGNAL,313,1504.8226519896987,0.6666666666666667,1.5,0.779,11.722568458999753,True,2268.9565464435477,0.0
140,2026-03-20 18:45:00,DOGEUSDT,FADE,BUY,0.093,0.0949,TP,30,1512.637697629032,0.6666666666666667,1.5,1.93,29.193907564240313,True,2298.150454007788,0.0
141,2026-03-20 22:10:00,FETUSDT,TREND,BUY,0.2311,0.223,SL,12,610.3985269608999,0.2656042496679947,3.765,-3.6,-21.974346970592396,False,2276.176107037196,0.9561752988047746
142,2026-03-20 22:50:00,AVAXUSDT,FADE,SELL,9.6014,9.504,REVERSE_SIGNAL,120,1517.4507380247971,0.6666666666666666,1.5,0.944,14.324734966954082,True,2290.50084200415,0.33285949535191817
143,2026-03-21 04:00:00,APTUSDT,FADE,BUY,0.9816,1.0013,TP,19,1527.0005613361002,0.6666666666666667,1.5,1.93,29.47111083378673,True,2319.971952837937,0.0
144,2026-03-21 09:10:00,XRPUSDT,FADE,BUY,1.438,1.402,SL,177,858.6128618941292,0.37009622501850487,2.702,-2.57,-22.066350550679118,False,2297.905602287258,0.9511472982975562
145,2026-03-21 09:55:00,FETUSDT,TREND,SELL,0.2218,0.2274,REVERSE_SIGNAL,82,661.8391711656849,0.28801843317972353,3.472,-2.625,-17.37327824309923,False,2280.5323240441585,1.700004551586641
146,2026-03-21 14:15:00,RENDERUSDT,FADE,SELL,1.7166,1.6822,TP,113,1520.3548826961057,0.6666666666666667,1.5,1.93,29.342849236034837,True,2309.8751732801934,0.43521127681705296
147,2026-03-21 16:45:00,FETUSDT,TREND,BUY,0.2274,0.2194,SL,85,535.933914914198,0.23201856148491878,4.31,-3.6,-19.29362093691113,False,2290.581552343282,1.2668429227647617
148,2026-03-21 20:30:00,ARBUSDT,FADE,SELL,0.1001,0.0981,TP,38,1527.0543682288549,0.6666666666666667,1.5,1.93,29.472149306816895,True,2320.053701650099,0.0
149,2026-03-21 23:50:00,RENDERUSDT,TREND,SELL,1.655,1.6219,TP,2,1546.7024677667325,0.6666666666666666,1.5,1.9,29.38734688756792,True,2349.441048537667,0.0
150,2026-03-21 23:50:00,ARBUSDT,TREND,SELL,0.0969,0.095,TP,2,1566.2940323584448,0.6666666666666667,1.5,1.9,29.759586614810452,True,2379.2006351524774,0.0
151,2026-03-21 23:50:00,NEARUSDT,FADE,BUY,1.2649,1.2902,TP,3,1586.1337567683183,0.6666666666666667,1.5,1.93,30.61238150562854,True,2409.813016658106,0.0
152,2026-03-21 23:55:00,INJUSDT,FADE,BUY,2.9932,3.0531,TP,8,1606.5420111054038,0.6666666666666666,1.5,1.93,31.00626081433429,True,2440.8192774724403,0.0
153,2026-03-22 00:00:00,FETUSDT,TREND,SELL,0.2169,0.2126,TP,138,790.1648680713629,0.3237293622531563,3.089,1.9,15.013132493355895,True,2455.832409965796,0.0
154,2026-03-22 21:05:00,ATOMUSDT,FADE,BUY,1.7525,1.7875,TP,69,1637.2216066438643,0.6666666666666667,1.5,1.93,31.598377008226578,True,2487.430786974023,0.0
155,2026-03-23 01:00:00,APTUSDT,TREND,BUY,0.9385,0.9213,REVERSE_SIGNAL,70,1289.4923727185187,0.5184033177812337,1.9290000000000003,-1.933,-24.925887564648967,False,2462.504899409374,1.002073613271116
156,2026-03-23 03:15:00,ARBUSDT,FADE,SELL,0.0944,0.0925,TP,45,1641.6699329395828,0.6666666666666667,1.5,1.93,31.684229705733944,True,2494.189129115108,0.0
157,2026-03-23 03:45:00,SEIUSDT,FADE,SELL,0.0605,0.0593,TP,27,1662.7927527434053,0.6666666666666667,1.5,1.93,32.09190012794772,True,2526.2810292430554,0.0
158,2026-03-23 06:50:00,APTUSDT,FADE,BUY,0.9119,0.9301,TP,46,1684.1873528287038,0.6666666666666667,1.5,1.93,32.50481590959398,True,2558.7858451526495,0.0
159,2026-03-23 07:10:00,OPUSDT,FADE,BUY,0.1133,0.1156,TP,46,1705.8572301017666,0.6666666666666667,1.5,1.93,32.92304454096409,True,2591.7088896936134,0.0
160,2026-03-23 07:15:00,INJUSDT,FADE,BUY,2.9216,2.9801,TP,46,1727.8059264624092,0.6666666666666667,1.5,1.93,33.346654380724495,True,2625.055544074338,0.0
161,2026-03-23 07:20:00,TIAUSDT,TREND,SELL,0.3106,0.3208,SL,45,463.29960184863006,0.17649135192375573,5.666,-3.378,-15.650260550446726,False,2609.4052835238913,0.5961877867984401
162,2026-03-23 07:30:00,RENDERUSDT,TREND,SELL,1.603,1.5709,TP,25,1739.6035223492609,0.6666666666666666,1.5,1.9,33.05246692463596,True,2642.4577504485273,0.0
163,2026-03-23 11:10:00,ATOMUSDT,TREND,BUY,1.816,1.768,REVERSE_SIGNAL,65,999.7948355840059,0.37835792659856227,2.643,-2.743,-27.424372340069283,False,2615.0333781084582,1.0378357926598498
164,2026-03-23 11:10:00,FILUSDT,TREND,BUY,0.891,0.9088,TP,46,1743.355585405639,0.6666666666666667,1.5,1.9,33.12375612270714,True,2648.1571342311654,0.0
165,2026-03-23 11:10:00,ADAUSDT,TREND,BUY,0.2617,0.2669,TP,46,1385.7441832711486,0.5232862375719518,1.9110000000000003,1.9,26.329139482151824,True,2674.486273713317,0.0
166,2026-03-23 11:10:00,AVAXUSDT,TREND,BUY,9.456,9.6451,TP,34,1782.9908491422116,0.6666666666666667,1.5,1.9,33.87682613370202,True,2708.363099847019,0.0
167,2026-03-23 11:10:00,BNBUSDT,FADE,SELL,650.2625,637.2572,TP,10,1805.5753998980128,0.6666666666666667,1.5,1.93,34.847605218031646,True,2743.2107050650507,0.0
168,2026-03-23 11:10:00,ETHUSDT,FADE,SELL,2193.5034,2149.6333,TP,2,1828.807136710034,0.6666666666666667,1.5,1.93,35.29597773850365,True,2778.506682803554,0.0
169,2026-03-23 11:10:00,LINKUSDT,TREND,BUY,9.132,9.097,REVERSE_SIGNAL,356,1103.0197232249122,0.3969829297340214,2.519,-0.483,-5.327585263176326,False,2773.179097540378,0.19174275506153457
170,2026-03-23 11:10:00,SOLUSDT,TREND,BUY,90.72,89.97,REVERSE_SIGNAL,192,1030.9215975986535,0.3717472118959108,2.69,-0.927,-9.55664320973952,False,2763.6224543306384,0.5356916564223397
171,2026-03-23 11:10:00,XRPUSDT,TREND,BUY,1.4269,1.4554,TP,45,1516.8070550662121,0.5488474204171241,1.822,1.9,28.819334046258028,True,2792.4417883768965,0.0
172,2026-03-23 11:15:00,FETUSDT,TREND,BUY,0.2169,0.2212,TP,33,1316.5684999419598,0.4714757190004715,2.121,1.9,25.014801498897235,True,2817.4565898757937,0.0
173,2026-03-23 11:15:00,RENDERUSDT,TREND,BUY,1.668,1.7014,TP,45,1236.8114968726047,0.43898156277436345,2.278,1.9,23.49941844057949,True,2840.9560083163733,0.0
174,2026-03-23 11:15:00,APTUSDT,TREND,BUY,0.9543,0.9734,TP,54,1419.7681200981376,0.49975012493753124,2.001,1.9,26.975594281864613,True,2867.931602598238,0.0
175,2026-03-23 11:15:00,OPUSDT,TREND,BUY,0.118,0.1133,REVERSE_SIGNAL,73,690.5686497949044,0.24078979051288227,4.153,-4.083,-28.19591797112595,False,2839.735684627112,0.9831447146641059
176,2026-03-23 11:15:00,TIAUSDT,TREND,BUY,0.3249,0.3314,TP,248,1893.1571230847414,0.6666666666666667,1.5,1.9,35.96998533861009,True,2875.705669965722,0.0
177,2026-03-23 11:20:00,ARBUSDT,TREND,BUY,0.0952,0.0971,TP,150,1520.7327710024972,0.5288207297726072,1.891,1.9,28.893922649047447,True,2904.5995926147693,0.0
178,2026-03-23 16:35:00,ATOMUSDT,FADE,BUY,1.7525,1.7875,TP,46,1936.3997284098464,0.6666666666666667,1.5,1.93,37.37251475831003,True,2941.9721073730793,0.0
179,2026-03-23 17:20:00,OPUSDT,TREND,SELL,0.1133,0.111,TP,101,1333.0186259053373,0.45310376076121434,2.207,1.9,25.32735389220141,True,2967.2994612652806,0.0
180,2026-03-24 05:00:00,BTCUSDT,FADE,BUY,70127.4,70837.1,REVERSE_SIGNAL,31,1978.1996408435207,0.6666666666666667,1.5,0.942,18.634640616745966,True,2985.9341018820264,0.0
181,2026-03-24 07:35:00,BTCUSDT,FADE,SELL,71207.48,70284.5,REVERSE_SIGNAL,75,1990.6227345880177,0.6666666666666667,1.5,1.226,24.4050347260491,True,3010.3391366080755,0.0
182,2026-03-24 07:35:00,DOGEUSDT,FADE,SELL,0.0951,0.0932,TP,78,2006.8927577387171,0.6666666666666667,1.5,1.93,38.733030224357236,True,3049.0721668324327,0.0
183,2026-03-24 07:45:00,SEIUSDT,FADE,SELL,0.0613,0.0601,TP,60,2032.7147778882884,0.6666666666666666,1.5,1.93,39.231395213243964,True,3088.3035620456767,0.0
184,2026-03-24 07:50:00,ADAUSDT,FADE,SELL,0.2675,0.2621,TP,35,2058.8690413637846,0.6666666666666667,1.5,1.93,39.73617249832104,True,3128.039734543998,0.0
185,2026-03-24 08:25:00,OPUSDT,TREND,BUY,0.1155,0.1121,REVERSE_SIGNAL,75,1003.5417820160404,0.3208213025344883,3.117,-3.044,-30.547811844568272,False,3097.49192269943,0.9765800449149757
186,2026-03-24 14:00:00,SOLUSDT,TREND,SELL,89.9,90.3,REVERSE_SIGNAL,105,2064.994615132953,0.6666666666666666,1.5,-0.545,-11.254220652474595,False,3086.2377020469553,1.3363651374184478
187,2026-03-24 14:15:00,RENDERUSDT,TREND,SELL,1.713,1.773,SL,75,800.9960295995213,0.25953802232026996,3.853,-3.6,-28.835857065582772,False,3057.4018449813725,2.25821586543634
188,2026-03-24 14:30:00,DOGEUSDT,TREND,SELL,0.0935,0.0948,SL,71,1984.0375373013449,0.6489292667099286,1.541,-1.504,-29.839924561012225,False,3027.5619204203604,3.2121655301889893
189,2026-03-24 14:30:00,BNBUSDT,FADE,BUY,627.2633,636.63,REVERSE_SIGNAL,73,2018.3746136135737,0.6666666666666667,1.5,1.423,28.721470751721153,True,3056.2833911720813,2.293971607185388
190,2026-03-24 14:40:00,OPUSDT,TREND,SELL,0.1121,0.1099,TP,29,2037.5222607813878,0.6666666666666667,1.5,1.9,38.71292295484637,True,3094.9963141269277,1.0563619142097365
191,2026-03-24 14:45:00,FETUSDT,FADE,BUY,0.2229,0.2273,TP,3,2063.330876084619,0.6666666666666669,1.5,1.93,39.82228590843314,True,3134.8186000353608,0.0
192,2026-03-24 14:45:00,APTUSDT,TREND,SELL,1.0301,1.0662,SL,67,770.6043756232451,0.24582104228121932,4.068,-3.6,-27.741757522436828,False,3107.076842512924,0.8849557522123864
193,2026-03-24 15:45:00,ETHUSDT,TREND,SELL,2138.24,2143.64,REVERSE_SIGNAL,68,2071.384561675283,0.6666666666666667,1.5,-0.353,-7.311987502713748,False,3099.7648550102103,1.1182064896755115
194,2026-03-24 20:10:00,FETUSDT,TREND,BUY,0.2413,0.2461,TP,2,2066.50990334014,0.6666666666666666,1.5,1.9,39.26368816346266,True,3139.028543173673,0.0
195,2026-03-24 20:35:00,RENDERUSDT,TREND,BUY,1.769,1.8044,TP,108,1542.5201686357116,0.4914004914004914,2.035,1.9,29.307883204078518,True,3168.3364263777516,0.0
196,2026-03-24 20:35:00,APTUSDT,TREND,BUY,1.0846,1.1063,TP,33,2112.2242842518344,0.6666666666666666,1.5,1.9,40.132261400784856,True,3208.4686877785366,0.0
197,2026-03-24 21:25:00,ARBUSDT,FADE,SELL,0.0981,0.0977,REVERSE_SIGNAL,352,1627.837994814072,0.5073566717402334,1.971,0.304,4.9486275042347785,True,3213.4173152827716,0.0
198,2026-03-24 22:20:00,OPUSDT,TREND,BUY,0.1136,0.1125,REVERSE_SIGNAL,337,2142.2782101885145,0.6666666666666667,1.5,-1.068,-22.879531284813336,False,3190.5377839979583,0.7119999999999993
199,2026-03-25 00:25:00,ATOMUSDT,FADE,SELL,1.7937,1.781,REVERSE_SIGNAL,168,2127.0251893319723,0.6666666666666667,1.5,0.639,13.591690959831302,True,3204.1294749577896,0.28903311999999814
200,2026-03-25 03:50:00,APTUSDT,TREND,SELL,1.0609,1.0749,REVERSE_SIGNAL,177,1317.4874485846174,0.41118421052631576,2.432,-1.42,-18.708321769901566,False,3185.421153187888,0.8712270878026255
201,2026-03-25 10:45:00,NEARUSDT,FADE,SELL,1.305,1.2789,TP,48,2123.614102125259,0.6666666666666666,1.5,1.93,40.98575217101749,True,3226.4069053589055,0.0
202,2026-03-26 02:20:00,FILUSDT,TREND,SELL,0.91,0.8918,TP,86,2150.937936905937,0.6666666666666666,1.5,1.9,40.8678208012128,True,3267.2747261601185,0.0
203,2026-03-26 02:45:00,RENDERUSDT,TREND,SELL,1.82,1.7836,TP,35,2178.1831507734128,0.6666666666666669,1.5,1.9,41.385479864694844,True,3308.6602060248133,0.0
204,2026-03-26 05:45:00,FETUSDT,TREND,SELL,0.2466,0.2417,TP,10,2205.773470683209,0.6666666666666666,1.5,1.9,41.90969594298097,True,3350.569901967794,0.0
205,2026-03-26 17:30:00,OPUSDT,TREND,BUY,0.111,0.1075,SL,14,864.8863969973654,0.25813113061435206,3.8740000000000006,-3.219,-27.84069311934519,False,3322.7292088484487,0.8309241094476043
206,2026-03-26 19:15:00,OPUSDT,TREND,SELL,0.1071,0.1103,REVERSE_SIGNAL,153,1046.5288846766769,0.3149606299212599,3.175,-3.088,-32.316811958815784,False,3290.412396889633,1.7954409798413882
207,2026-03-27 01:10:00,RENDERUSDT,TREND,BUY,1.803,1.7484,SL,94,988.7056481038561,0.3004807692307693,3.328,-3.13,-30.9464867856507,False,3259.465910103982,2.7190595787990155
208,2026-03-27 02:10:00,ARBUSDT,FADE,SELL,0.0951,0.0932,TP,74,2172.977273402655,0.6666666666666669,1.5,1.93,41.93846137667124,True,3301.404371480653,1.4673781453795685
209,2026-03-27 09:05:00,RENDERUSDT,TREND,SELL,1.729,1.6944,TP,21,2200.936247653769,0.6666666666666667,1.5,1.9,41.81778870542161,True,3343.2221601860747,0.2192982685543746
210,2026-03-27 09:10:00,ARBUSDT,TREND,SELL,0.0926,0.0907,TP,20,2228.814773457383,0.6666666666666666,1.5,1.9,42.34748069569028,True,3385.569640881765,0.0
211,2026-03-27 10:10:00,OPUSDT,TREND,SELL,0.1075,0.1053,TP,8,2257.04642725451,0.6666666666666667,1.5,1.9,42.88388211783569,True,3428.4535229996004,0.0
212,2026-03-27 18:05:00,FETUSDT,TREND,BUY,0.2353,0.2288,REVERSE_SIGNAL,42,996.0643588029054,0.2905287623474724,3.4419999999999997,-2.862,-28.507361948939153,False,3399.9461610506614,0.8314933178384609
213,2026-03-27 21:35:00,FETUSDT,TREND,SELL,0.2288,0.2242,TP,79,2266.6307740337743,0.6666666666666666,1.5,1.9,43.06598470664171,True,3443.012145757303,0.0
214,2026-03-28 07:15:00,SEIUSDT,FADE,SELL,0.0551,0.0541,REVERSE_SIGNAL,165,2295.3414305048686,0.6666666666666666,1.5,1.745,40.05370796230996,True,3483.065853719613,0.0
215,2026-03-28 08:05:00,FETUSDT,TREND,BUY,0.2319,0.2365,TP,21,2322.0439024797424,0.6666666666666667,1.5,1.9,44.1188341471151,True,3527.1846878667284,0.0
216,2026-03-28 09:40:00,LINKUSDT,FADE,BUY,8.4945,8.6644,TP,40,2351.456458577819,0.6666666666666666,1.5,1.93,45.3831096505519,True,3572.5677975172803,0.0
217,2026-03-28 14:40:00,INJUSDT,FADE,SELL,2.9096,2.869,REVERSE_SIGNAL,82,2381.7118650115203,0.6666666666666667,1.5,1.325,31.557682211402643,True,3604.125479728683,0.0
218,2026-03-28 14:45:00,NEARUSDT,FADE,SELL,1.1844,1.17,REVERSE_SIGNAL,107,2402.750319819122,0.6666666666666667,1.5,1.145,27.511491161928948,True,3631.636970890612,0.0
219,2026-03-28 22:00:00,FETUSDT,TREND,SELL,0.2403,0.2355,TP,28,2421.0913139270747,0.6666666666666667,1.5,1.9,46.000734964614416,True,3677.637705855226,0.0
220,2026-03-28 22:00:00,SOLUSDT,FADE,BUY,81.72,79.677,SL,284,1018.7362066080959,0.2770083102493075,3.61,-2.57,-26.18152050982806,False,3651.456185345398,0.7119113573407255
221,2026-03-28 22:25:00,ETHUSDT,FADE,BUY,1990.504,1940.7414,SL,284,1346.9037939304308,0.3688675765400221,2.711,-2.57,-34.61542750401207,False,3616.8407578413858,1.6531521829092788
222,2026-03-28 22:40:00,OPUSDT,FADE,BUY,0.1023,0.1044,TP,50,2411.227171894257,0.6666666666666666,1.5,1.93,46.53668441755916,True,3663.377442258945,0.3877560743293779
223,2026-03-28 22:50:00,AVAXUSDT,FADE,BUY,8.741,8.5225,SL,283,1213.0388881652134,0.3311258278145695,3.02,-2.57,-31.175099425845982,False,3632.202342833099,1.2354496732994873
224,2026-03-28 23:05:00,TIAUSDT,FADE,BUY,0.2935,0.2937,REVERSE_SIGNAL,264,1974.0230124092932,0.5434782608695653,1.8399999999999999,-0.002,-0.03948046024818587,False,3632.1628623728507,1.236523201020434
225,2026-03-28 23:10:00,XRPUSDT,FADE,BUY,1.3331,1.2998,SL,283,1229.5744286976476,0.3385240352064997,2.954,-2.57,-31.60006281752954,False,3600.562799555321,2.0957721359337014
226,2026-03-28 23:20:00,BNBUSDT,FADE,BUY,610.6475,614.05,REVERSE_SIGNAL,319,1502.1121399897045,0.41718815185648733,2.397,0.487,7.315286121749861,True,3607.878085677071,1.896859499430568
227,2026-03-28 23:25:00,BTCUSDT,FADE,BUY,66304.55,66879.3,REVERSE_SIGNAL,54,2405.2520571180476,0.6666666666666667,1.5,0.797,19.16985889523084,True,3627.0479445723017,1.3756048129042089
228,2026-03-28 23:30:00,ATOMUSDT,FADE,BUY,1.6559,1.6145,SL,270,1136.2932157181397,0.3132832080200501,3.192,-2.57,-29.202735643956185,False,3597.8452089283455,2.1696671425747485
229,2026-03-29 13:40:00,FETUSDT,TREND,SELL,0.2362,0.2315,TP,43,2398.5634726188973,0.6666666666666667,1.5,1.9,45.57270597975905,True,3643.4179149081046,0.9304829263806935
230,2026-03-29 21:05:00,DOGEUSDT,FADE,SELL,0.0915,0.0896,TP,14,2428.9452766054033,0.6666666666666667,1.5,1.93,46.87864383848428,True,3690.2965587465887,0.0
231,2026-03-29 22:45:00,DOGEUSDT,TREND,SELL,0.0882,0.0917,SL,18,863.6313032404842,0.23402761525860052,4.273,-4.007,-34.605706320846195,False,3655.6908524257424,0.9377486543412169
232,2026-03-29 23:35:00,FILUSDT,TREND,SELL,0.794,0.8218,SL,38,936.3962224451185,0.2561475409836066,3.904,-3.6,-33.71026400802427,False,3621.980588417718,1.8512325294548746
233,2026-03-30 02:05:00,ARBUSDT,TREND,BUY,0.0905,0.0923,TP,68,2414.653725611812,0.6666666666666667,1.5,1.9,45.87842078662443,True,3667.8590092043423,0.6080148081613078
234,2026-03-30 02:05:00,LINKUSDT,TREND,BUY,8.553,8.7241,TP,36,2445.2393394695614,0.6666666666666666,1.5,1.9,46.459547449921665,True,3714.318556654264,0.0
235,2026-03-30 02:15:00,BNBUSDT,FADE,SELL,618.6233,613.79,REVERSE_SIGNAL,182,2476.212371102843,0.6666666666666667,1.5,0.711,17.605869958541213,True,3731.924426612805,0.0
236,2026-03-30 02:25:00,ATOMUSDT,FADE,SELL,1.668,1.665,REVERSE_SIGNAL,193,1945.7374487032353,0.5213764337851929,1.918,0.11,2.140311193573559,True,3734.0647378063786,0.0
237,2026-03-30 02:30:00,ADAUSDT,FADE,SELL,0.2472,0.2463,REVERSE_SIGNAL,179,1638.4663175982355,0.43878894251864853,2.279,0.281,4.604090352451043,True,3738.6688281588295,0.0
238,2026-03-30 02:35:00,RENDERUSDT,TREND,BUY,1.696,1.7299,TP,2,2492.44588543922,0.6666666666666667,1.5,1.9,47.35647182334518,True,3786.0252999821746,0.0
239,2026-03-30 02:45:00,APTUSDT,FADE,SELL,0.9473,0.9284,TP,122,2524.0168666547834,0.6666666666666667,1.5,1.93,48.713525526437316,True,3834.738825508612,0.0
240,2026-03-30 02:50:00,SEIUSDT,FADE,SELL,0.054,0.0529,TP,34,2556.492550339075,0.6666666666666667,1.5,1.93,49.34030622154414,True,3884.0791317301564,0.0
241,2026-03-30 03:20:00,FETUSDT,TREND,BUY,0.2375,0.2422,TP,11,2589.3860878201044,0.6666666666666667,1.5,1.9,49.19833566858198,True,3933.2774673987383,0.0
242,2026-03-30 03:40:00,FILUSDT,TREND,BUY,0.82,0.8364,TP,18,1573.310986959495,0.3999999999999999,2.5,1.9,29.892908752230404,True,3963.170376150969,0.0
243,2026-03-30 14:35:00,FETUSDT,TREND,SELL,0.2354,0.2307,TP,27,2642.113584100646,0.6666666666666667,1.5,1.9,50.20015809791228,True,4013.370534248881,0.0
244,2026-03-30 14:35:00,RENDERUSDT,TREND,SELL,1.707,1.6729,TP,102,2447.177155029806,0.6097560975609757,1.6399999999999997,1.9,46.49636594556631,True,4059.866900194447,0.0
245,2026-03-30 15:15:00,FILUSDT,TREND,SELL,0.827,0.8105,TP,47,2706.577933462965,0.6666666666666667,1.5,1.9,51.42498073579634,True,4111.291880930244,0.0
246,2026-03-30 15:20:00,SEIUSDT,TREND,SELL,0.0527,0.0516,TP,35,2740.8612539534956,0.6666666666666666,1.5,1.9,52.07636382511642,True,4163.36824475536,0.0
247,2026-03-30 19:10:00,OPUSDT,TREND,SELL,0.1058,0.108,SL,76,1631.413889010721,0.39184952978056425,2.552,-2.143,-34.961199641499746,False,4128.4070451138605,0.8397335423197471
248,2026-03-31 00:15:00,SEIUSDT,TREND,SELL,0.0513,0.0523,REVERSE_SIGNAL,25,1459.3167356358642,0.353481795687522,2.829,-2.148,-31.346123481458367,False,4097.060921632402,1.5926365198775359
249,2026-03-31 01:25:00,BTCUSDT,FADE,SELL,68262.7,66897.446,TP,87,2731.3739477549348,0.6666666666666667,1.5,1.93,52.71551719167024,True,4149.776438824072,0.3264617764332949
250,2026-03-31 01:30:00,AVAXUSDT,FADE,SELL,9.0637,8.8824,TP,61,2766.517625882715,0.6666666666666667,1.5,1.93,53.393790179536396,True,4203.170229003608,0.0
251,2026-03-31 02:10:00,OPUSDT,TREND,BUY,0.108,0.1102,TP,127,2802.113486002406,0.6666666666666667,1.5,1.9,53.240156234045706,True,4256.410385237654,0.0
252,2026-03-31 02:20:00,SEIUSDT,TREND,BUY,0.0523,0.0511,REVERSE_SIGNAL,61,1810.4680498671435,0.4253509145044662,2.351,-2.394,-43.34260511381942,False,4213.067780123834,1.0182900893236928
253,2026-03-31 02:25:00,FILUSDT,TREND,BUY,0.831,0.817,REVERSE_SIGNAL,103,2334.1095734758082,0.5540166204986149,1.805,-1.785,-41.663855886543175,False,4171.403924237291,1.9971396859472832
254,2026-03-31 09:00:00,AVAXUSDT,FADE,BUY,8.722,8.8964,TP,50,2780.9359494915275,0.6666666666666667,1.5,1.93,53.67206382518648,True,4225.075988062477,0.7361695499064749
255,2026-03-31 09:10:00,ETHUSDT,FADE,BUY,2013.3029,2053.569,TP,32,2816.717325374985,0.6666666666666667,1.5,1.93,54.362644379737205,True,4279.438632442215,0.0
256,2026-03-31 09:30:00,TIAUSDT,TREND,SELL,0.2911,0.298,SL,92,1597.401505204261,0.3732736095558044,2.679,-2.486,-39.711401419377935,False,4239.727231022837,0.9279581933557216
257,2026-03-31 09:50:00,RENDERUSDT,TREND,SELL,1.67,1.7176,SL,50,1416.0745594598654,0.334001336005344,2.994,-2.949,-41.76003875847143,False,4197.967192264366,1.9037880239762808
258,2026-03-31 11:25:00,ATOMUSDT,FADE,BUY,1.6669,1.7002,TP,54,2798.6447948429104,0.6666666666666666,1.5,1.93,54.01384454046816,True,4251.981036804834,0.6416167632181083
259,2026-03-31 13:50:00,ETHUSDT,FADE,SELL,2091.28,2049.4544,TP,8,2834.654024536556,0.6666666666666666,1.5,1.93,54.708822673555524,True,4306.68985947839,0.0
260,2026-03-31 14:55:00,APTUSDT,TREND,SELL,0.8848,0.9047,REVERSE_SIGNAL,180,1732.3772564273488,0.40225261464199513,2.486,-2.349,-40.69354175347843,False,4265.996317724911,0.9448913917940532
261,2026-03-31 16:50:00,RENDERUSDT,FADE,SELL,1.7363,1.7016,TP,10,2843.997545149941,0.6666666666666667,1.5,1.93,54.889152621393855,True,4320.885470346305,0.0
262,2026-03-31 17:10:00,INJUSDT,FADE,SELL,2.9096,2.884,REVERSE_SIGNAL,307,2353.4234587942833,0.5446623093681916,1.836,0.809,19.039195781645752,True,4339.92466612795,0.0
263,2026-03-31 20:35:00,TIAUSDT,FADE,SELL,0.2978,0.3052,SL,190,1342.7984734306776,0.3094059405940594,3.232,-2.57,-34.50992076716841,False,4305.414745360782,0.7951732673267299
264,2026-03-31 20:50:00,SEIUSDT,FADE,SELL,0.0507,0.0497,TP,20,2870.276496907188,0.6666666666666667,1.5,1.93,55.396336390308726,True,4360.811081751091,0.0
265,2026-04-01 05:55:00,APTUSDT,FADE,SELL,0.9149,0.8966,TP,64,2907.2073878340602,0.6666666666666666,1.5,1.93,56.109102585197355,True,4416.920184336288,0.0
266,2026-04-01 11:20:00,ATOMUSDT,FADE,BUY,1.692,1.6497,SL,170,1660.4963099008598,0.3759398496240601,2.66,-2.57,-42.674755164452094,False,4374.245429171836,0.9661654135338347
267,2026-04-01 14:05:00,SOLUSDT,TREND,SELL,82.72,83.8155,SL,16,2916.1636194478906,0.6666666666666666,1.5,-1.424,-41.52616994093796,False,4332.719259230898,1.9063266165413433
268,2026-04-01 18:40:00,SEIUSDT,TREND,SELL,0.0537,0.0526,TP,85,2674.5180612536406,0.6172839506172838,1.6200000000000003,1.9,50.81584316381917,True,4383.535102394718,0.7558452620439834
269,2026-04-01 22:10:00,RENDERUSDT,FADE,BUY,1.7595,1.7947,TP,29,2922.356734929812,0.6666666666666666,1.5,1.93,56.40148498414536,True,4439.936587378863,0.0
270,2026-04-01 22:40:00,OPUSDT,TREND,SELL,0.11,0.1078,TP,34,2959.957724919242,0.6666666666666667,1.5,1.9,56.2391967734656,True,4496.175784152329,0.0
271,2026-04-01 23:05:00,FETUSDT,TREND,SELL,0.2389,0.2427,SL,17,2755.0096716619664,0.6127450980392157,1.6319999999999997,-1.675,-46.14641200033794,False,4450.02937215199,1.0263480392156963
272,2026-04-02 01:30:00,ARBUSDT,TREND,SELL,0.0925,0.0906,TP,15,2966.686248101327,0.6666666666666666,1.5,1.9,56.367038713925204,True,4506.396410865916,0.0
273,2026-04-02 01:30:00,FILUSDT,FADE,BUY,0.809,0.8252,TP,215,3004.2642739106104,0.6666666666666666,1.5,1.93,57.98230048647478,True,4564.37871135239,0.0
274,2026-04-02 01:35:00,XRPUSDT,TREND,SELL,1.3256,1.2991,TP,120,3042.919140901594,0.6666666666666667,1.5,1.9,57.81546367713028,True,4622.194175029521,0.0
275,2026-04-02 01:40:00,ADAUSDT,TREND,SELL,0.2418,0.237,TP,36,3081.462783353014,0.6666666666666666,1.5,1.9,58.54779288370727,True,4680.741967913228,0.0
276,2026-04-02 01:50:00,ETHUSDT,TREND,SELL,2095.92,2054.0016,TP,22,3120.4946452754857,0.6666666666666667,1.5,1.9,59.28939826023423,True,4740.031366173463,0.0
277,2026-04-02 15:05:00,ATOMUSDT,FADE,SELL,1.651,1.6923,SL,148,1820.2885430773667,0.3840245775729647,2.604,-2.57,-46.78141555708832,False,4693.249950616374,0.9869431643625255
278,2026-04-02 15:20:00,RENDERUSDT,TREND,BUY,1.761,1.7962,TP,22,3128.8333004109163,0.6666666666666667,1.5,1.9,59.44783270780741,True,4752.697783324182,0.0
279,2026-04-02 19:35:00,XRPUSDT,FADE,SELL,1.3209,1.3132,REVERSE_SIGNAL,355,3168.465188882788,0.6666666666666667,1.5,0.515,16.317595722746358,True,4769.0153790469285,0.0
280,2026-04-03 02:45:00,SEIUSDT,TREND,BUY,0.0517,0.0528,TP,33,3179.343586031286,0.6666666666666667,1.5,1.9,60.407528134594436,True,4829.4229071815225,0.0
281,2026-04-03 04:00:00,DOGEUSDT,FADE,SELL,0.091,0.0913,REVERSE_SIGNAL,228,2840.8370042244246,0.588235294117647,1.7000000000000002,-0.353,-10.028154624912219,False,4819.39475255661,0.20764705882353585
282,2026-04-03 04:10:00,OPUSDT,TREND,BUY,0.108,0.1102,TP,52,3212.9298350377403,0.6666666666666667,1.5,1.9,61.04566686571707,True,4880.440419422327,0.0
283,2026-04-03 13:40:00,ETHUSDT,FADE,BUY,2045.553,2058.0,REVERSE_SIGNAL,325,3253.6269462815517,0.6666666666666667,1.5,0.538,17.50451297099475,True,4897.944932393322,0.0
284,2026-04-03 17:45:00,ARBUSDT,FADE,BUY,0.0922,0.0925,REVERSE_SIGNAL,247,3265.2966215955485,0.6666666666666667,1.5,0.292,9.534666135059002,True,4907.479598528381,0.0
285,2026-04-03 23:30:00,LINKUSDT,FADE,BUY,8.6189,8.709,REVERSE_SIGNAL,197,3271.653065685587,0.6666666666666666,1.5,0.976,31.93133392109133,True,4939.410932449472,0.0
286,2026-04-04 00:20:00,ADAUSDT,FADE,BUY,0.2451,0.2465,REVERSE_SIGNAL,195,3292.9406216329817,0.6666666666666667,1.5,0.501,16.497632514381237,True,4955.908564963854,0.0
287,2026-04-04 05:15:00,RENDERUSDT,FADE,BUY,1.9022,1.9402,TP,20,3303.9390433092362,0.6666666666666667,1.5,1.93,63.76602353586825,True,5019.674588499722,0.0
288,2026-04-04 15:10:00,APTUSDT,FADE,SELL,0.8521,0.8422,REVERSE_SIGNAL,174,3346.4497256664813,0.6666666666666667,1.5,1.096,36.677088993304636,True,5056.351677493027,0.0
289,2026-04-04 15:35:00,ARBUSDT,FADE,SELL,0.0931,0.0919,REVERSE_SIGNAL,129,3370.901118328685,0.6666666666666667,1.5,1.219,41.09128463242667,True,5097.442962125453,0.0
290,2026-04-04 19:05:00,OPUSDT,FADE,SELL,0.111,0.1089,REVERSE_SIGNAL,114,3398.2953080836355,0.6666666666666667,1.5,1.812,61.577110982475475,True,5159.0200731079285,0.0
291,2026-04-05 01:50:00,BTCUSDT,FADE,BUY,67018.1,67370.7,REVERSE_SIGNAL,164,3439.346715405286,0.6666666666666667,1.5,0.456,15.683421022248103,True,5174.703494130176,0.0
292,2026-04-05 05:05:00,SOLUSDT,FADE,BUY,79.3133,80.0,REVERSE_SIGNAL,152,3449.8023294201175,0.6666666666666666,1.5,0.796,27.460426542184134,True,5202.16392067236,0.0
293,2026-04-05 05:25:00,XRPUSDT,FADE,BUY,1.2979,1.2987,REVERSE_SIGNAL,124,3225.148121929548,0.6199628022318662,1.6129999999999998,-0.011,-0.35476629341225024,False,5201.809154378948,0.0068195908245547
294,2026-04-05 05:25:00,ADAUSDT,FADE,BUY,0.2428,0.2442,REVERSE_SIGNAL,177,3467.8727695859657,0.6666666666666667,1.5,0.523,18.136974584934602,True,5219.946128963882,0.0
295,2026-04-05 13:00:00,BNBUSDT,FADE,BUY,587.5114,593.2,REVERSE_SIGNAL,33,3479.9640859759215,0.6666666666666667,1.5,0.898,31.250077492063777,True,5251.196206455946,0.0
296,2026-04-05 16:30:00,FETUSDT,TREND,BUY,0.2306,0.2352,TP,84,2691.5408541547645,0.5125576627370579,1.951,1.9,51.139276228940524,True,5302.335482684886,0.0
297,2026-04-05 23:00:00,FILUSDT,TREND,BUY,0.838,0.8548,TP,47,3534.8903217899247,0.6666666666666667,1.5,1.9,67.16291611400857,True,5369.498398798894,0.0
298,2026-04-05 23:10:00,OPUSDT,TREND,BUY,0.1091,0.1113,TP,10,2147.7993595195576,0.39999999999999997,2.5,1.9,40.808187830871596,True,5410.306586629766,0.0
299,2026-04-05 23:20:00,APTUSDT,FADE,SELL,0.8521,0.8734,SL,113,1931.5625086146968,0.3570153516601214,2.801,-2.57,-49.6411564713977,False,5360.665430158368,0.9175294537665185
300,2026-04-05 23:25:00,RENDERUSDT,TREND,BUY,1.888,1.9258,TP,13,2144.266172063347,0.39999999999999997,2.5,1.9,40.74105726920359,True,5401.406487427571,0.16450267761514878
301,2026-04-05 23:40:00,TIAUSDT,TREND,BUY,0.286,0.2917,TP,13,2160.5625949710284,0.4,2.5,1.9,41.05068930444954,True,5442.45717673202,0.0
302,2026-04-06 00:25:00,NEARUSDT,TREND,BUY,1.259,1.2842,TP,105,3628.3047844880134,0.6666666666666666,1.5,1.9,68.93779090527225,True,5511.394967637292,0.0
303,2026-04-06 17:10:00,APTUSDT,FADE,BUY,0.8556,0.8342,SL,70,2036.731325808312,0.36954915003695493,2.706,-2.57,-52.34399507327361,False,5459.050972564019,0.9497413155949741
304,2026-04-06 17:50:00,RENDERUSDT,FADE,BUY,1.9115,1.8637,SL,46,1987.277383532588,0.3640334910811795,2.747,-2.57,-51.0730287567875,False,5407.977943807231,1.8764219301523875
305,2026-04-07 07:35:00,FETUSDT,TREND,BUY,0.233,0.2377,TP,17,3605.318629204821,0.6666666666666667,1.5,1.9,68.50105395489159,True,5476.478997762122,0.6335232746009919
306,2026-04-07 10:00:00,FILUSDT,TREND,BUY,0.872,0.8415,SL,60,1540.5004213114269,0.2812939521800282,3.5549999999999997,-3.6,-55.45801516721137,False,5421.0209825949105,1.6397660768835192
307,2026-04-07 13:50:00,FETUSDT,FADE,BUY,0.228,0.2326,TP,43,3614.013988396607,0.6666666666666667,1.5,1.93,69.7504699760545,True,5490.771452570965,0.3741977337394156
308,2026-04-07 16:10:00,ATOMUSDT,TREND,BUY,1.714,1.7483,TP,67,3660.5143017139767,0.6666666666666666,1.5,1.9,69.54977173256556,True,5560.3212243035305,0.0
309,2026-04-07 16:25:00,FILUSDT,FADE,BUY,0.8488,0.8658,TP,28,3706.8808162023543,0.6666666666666667,1.5,1.93,71.54279975270543,True,5631.864024056236,0.0
310,2026-04-07 19:50:00,OPUSDT,TREND,BUY,0.1113,0.1135,TP,16,3754.576016037491,0.6666666666666667,1.5,1.9,71.33694430471233,True,5703.2009683609485,0.0
311,2026-04-07 19:55:00,AVAXUSDT,TREND,BUY,8.791,8.9668,TP,21,3802.1339789072995,0.6666666666666667,1.5,1.9,72.24054559923869,True,5775.441513960187,0.0
312,2026-04-07 20:00:00,ADAUSDT,TREND,BUY,0.2472,0.2521,TP,21,3850.294342640125,0.6666666666666667,1.5,1.9,73.15559251016236,True,5848.597106470349,0.0
313,2026-04-07 20:00:00,NEARUSDT,TREND,BUY,1.268,1.2934,TP,14,3899.0647376468996,0.6666666666666667,1.5,1.9,74.08223001529109,True,5922.67933648564,0.0
314,2026-04-07 20:05:00,RENDERUSDT,TREND,BUY,1.938,1.9768,TP,13,3948.452890990427,0.6666666666666667,1.5,1.9,75.02060492881812,True,5997.699941414458,0.0
315,2026-04-07 20:25:00,FETUSDT,TREND,BUY,0.2366,0.2413,TP,8,3998.466627609639,0.6666666666666667,1.5,1.9,75.97086592458314,True,6073.670807339042,0.0
316,2026-04-07 20:30:00,FILUSDT,TREND,BUY,0.874,0.8915,TP,15,4049.113871559361,0.6666666666666666,1.5,1.9,76.93316355962786,True,6150.60397089867,0.0
317,2026-04-08 10:15:00,BNBUSDT,FADE,BUY,612.0433,603.6,REVERSE_SIGNAL,318,2525.9153884594125,0.4106776180698152,2.435,-1.45,-36.62577313266148,False,6113.978197766009,0.5954825462012303
318,2026-04-08 11:45:00,APTUSDT,FADE,BUY,0.8573,0.8359,SL,81,2314.147690297505,0.37850113550340647,2.642,-2.57,-59.473595640645875,False,6054.504602125363,1.5624379203733052
319,2026-04-08 14:30:00,LINKUSDT,TREND,SELL,9.003,8.8229,TP,117,4036.336401416909,0.6666666666666667,1.5,1.9,76.69039162692127,True,6131.194993752284,0.3155621340313688
320,2026-04-08 14:30:00,SOLUSDT,TREND,SELL,82.84,83.7,REVERSE_SIGNAL,305,3817.680568961571,0.62266500622665,1.606,-1.138,-43.445204874782675,False,6087.7497888775015,1.0219188606283303
321,2026-04-08 14:40:00,XRPUSDT,TREND,SELL,1.3535,1.3264,TP,128,4058.499859251668,0.6666666666666667,1.5,1.9,77.1114973257817,True,6164.861286203283,0.0
322,2026-04-08 14:40:00,SEIUSDT,FADE,BUY,0.0559,0.057,TP,28,2465.944514481313,0.39999999999999997,2.5,1.93,47.592729129489335,True,6212.4540153327725,0.0
323,2026-04-08 14:50:00,ETHUSDT,TREND,SELL,2195.15,2225.25,REVERSE_SIGNAL,302,3134.436940127534,0.5045408678102926,1.982,-1.471,-46.10756738927603,False,6166.346447943497,0.7421796165489332
324,2026-04-08 15:10:00,FETUSDT,TREND,SELL,0.2479,0.2429,TP,38,4110.897631962332,0.6666666666666667,1.5,1.9,78.1070550072843,True,6244.4535029507815,0.0
325,2026-04-08 15:30:00,RENDERUSDT,TREND,SELL,2.034,1.9933,TP,90,2886.941055455748,0.4623208506703653,2.163,1.9,54.85188005365921,True,6299.305383004441,0.0
326,2026-04-08 18:50:00,FILUSDT,TREND,SELL,0.892,0.8742,TP,79,4199.536922002961,0.6666666666666666,1.5,1.9,79.79120151805625,True,6379.096584522497,0.0
327,2026-04-08 19:10:00,NEARUSDT,TREND,SELL,1.34,1.361,REVERSE_SIGNAL,243,3165.8047565868474,0.49627791563275436,2.015,-1.667,-52.77396529230275,False,6326.3226192301945,0.8272952853598026
328,2026-04-08 20:55:00,ARBUSDT,TREND,BUY,0.1021,0.1041,TP,5,4217.548412820131,0.6666666666666669,1.5,1.9,80.13341984358247,True,6406.456039073777,0.0
329,2026-04-09 01:35:00,ARBUSDT,FADE,BUY,0.1007,0.1027,TP,47,4270.970692715851,0.6666666666666666,1.5,1.93,82.42973436941593,True,6488.885773443193,0.0
330,2026-04-09 05:55:00,RENDERUSDT,TREND,BUY,2.04,2.0808,TP,118,3577.114538833073,0.5512679162072768,1.814,1.9,67.96517623782839,True,6556.850949681021,0.0
331,2026-04-09 09:10:00,FETUSDT,TREND,BUY,0.2397,0.2445,TP,68,4371.233966454014,0.6666666666666666,1.5,1.9,83.05344536262626,True,6639.904395043647,0.0
332,2026-04-09 14:20:00,BTCUSDT,FADE,BUY,70598.625,72010.5975,TP,14,4426.602930029098,0.6666666666666667,1.5,1.93,85.43343654956159,True,6725.337831593209,0.0
333,2026-04-09 15:25:00,NEARUSDT,TREND,BUY,1.361,1.3882,TP,4,4483.558554395472,0.6666666666666666,1.5,1.9,85.18761253351397,True,6810.5254441267225,0.0
334,2026-04-09 15:30:00,SEIUSDT,FADE,SELL,0.0563,0.0577,SL,118,2653.106912398411,0.3895597974289053,2.567,-2.57,-68.18484764863916,False,6742.340596478083,1.001168679392289
335,2026-04-09 15:35:00,ADAUSDT,FADE,SELL,0.2565,0.2514,TP,98,3760.3684308299407,0.5577244841048522,1.7929999999999997,1.93,72.57511071501784,True,6814.915707193101,0.0
336,2026-04-09 15:40:00,ARBUSDT,TREND,BUY,0.1043,0.1064,TP,71,3740.3489062530743,0.5488474204171241,1.822,1.9,71.06662921880842,True,6885.982336411909,0.0
337,2026-04-09 15:50:00,FILUSDT,TREND,BUY,0.9,0.918,TP,77,4590.654890941273,0.6666666666666667,1.5,1.9,87.22244292788419,True,6973.204779339793,0.0
338,2026-04-09 15:50:00,LINKUSDT,TREND,BUY,8.941,9.1198,TP,77,4648.80318622653,0.6666666666666669,1.5,1.9,88.32726053830406,True,7061.532039878098,0.0
339,2026-04-09 16:15:00,OPUSDT,TREND,BUY,0.1147,0.1125,REVERSE_SIGNAL,391,2999.801206405309,0.42480883602378927,2.354,-2.018,-60.53598834525913,False,7000.9960515328385,0.8572642310960089
340,2026-04-10 00:45:00,FETUSDT,TREND,SELL,0.2412,0.2364,TP,41,3671.2092561787304,0.5243838489774515,1.907,1.9,69.75297586739588,True,7070.749027400234,0.0
341,2026-04-10 03:20:00,SOLUSDT,FADE,BUY,82.68,84.3336,TP,112,4713.83268493349,0.6666666666666667,1.5,1.93,90.97697081921635,True,7161.72599821945,0.0
342,2026-04-10 03:45:00,RENDERUSDT,FADE,BUY,2.0225,2.0629,TP,56,4774.483998812967,0.6666666666666667,1.5,1.93,92.14754117709025,True,7253.87353939654,0.0
343,2026-04-10 06:55:00,XRPUSDT,FADE,BUY,1.3395,1.3518,REVERSE_SIGNAL,92,4835.915692931027,0.6666666666666666,1.5,0.848,41.008565076055106,True,7294.882104472595,0.0
344,2026-04-10 07:25:00,AVAXUSDT,FADE,BUY,9.2497,9.4347,TP,77,4863.254736315063,0.6666666666666667,1.5,1.93,93.86081641088072,True,7388.742920883476,0.0
345,2026-04-10 14:40:00,ADAUSDT,FADE,SELL,0.255,0.253,REVERSE_SIGNAL,123,4925.828613922317,0.6666666666666667,1.5,0.727,35.810774023215245,True,7424.553694906691,0.0
346,2026-04-11 00:10:00,AVAXUSDT,FADE,BUY,9.3265,9.352,REVERSE_SIGNAL,179,4859.001109232128,0.6544502617801048,1.528,0.203,9.86377225174122,True,7434.417467158432,0.0
347,2026-04-11 00:50:00,BNBUSDT,FADE,BUY,603.925,608.52,REVERSE_SIGNAL,204,4956.278311438955,0.6666666666666666,1.5,0.691,34.24788313204318,True,7468.6653502904755,0.0
348,2026-04-11 01:00:00,ADAUSDT,FADE,BUY,0.2527,0.2464,SL,164,2948.5453416069786,0.39478878799842093,2.533,-2.57,-75.77761527929934,False,7392.887735011176,1.0146071851559426
349,2026-04-11 04:30:00,SOLUSDT,FADE,BUY,83.94,84.61,REVERSE_SIGNAL,125,4928.591823340785,0.6666666666666667,1.5,0.728,35.88014847392091,True,7428.767883485097,0.5341980786945704
350,2026-04-11 08:45:00,BTCUSDT,FADE,BUY,72587.13,73120.6,REVERSE_SIGNAL,102,4952.511922323398,0.6666666666666666,1.5,0.665,32.9342042834506,True,7461.702087768547,0.09323302351011725
351,2026-04-11 16:25:00,FETUSDT,FADE,SELL,0.2419,0.248,SL,37,2791.508450343639,0.37411148522259635,2.673,-2.57,-71.74176717383152,False,7389.960320594716,1.0538031362283289
352,2026-04-11 17:10:00,OPUSDT,TREND,BUY,0.1129,0.1152,TP,17,4926.640213729811,0.6666666666666667,1.5,1.9,93.6061640608664,True,7483.566484655583,0.0
353,2026-04-11 18:15:00,BNBUSDT,FADE,SELL,611.9933,606.66,REVERSE_SIGNAL,73,4989.0443231037225,0.6666666666666667,1.5,0.801,39.96224502806081,True,7523.528729683644,0.0
354,2026-04-11 18:55:00,ADAUSDT,FADE,SELL,0.2552,0.2501,TP,43,5015.685819789097,0.6666666666666667,1.5,1.93,96.80273632192956,True,7620.331466005574,0.0
355,2026-04-11 19:15:00,ARBUSDT,FADE,SELL,0.1177,0.1153,TP,45,5080.22097733705,0.6666666666666667,1.5,1.93,98.04826486260505,True,7718.379730868179,0.0
356,2026-04-12 00:00:00,RENDERUSDT,TREND,SELL,2.001,1.961,TP,20,5145.586487245453,0.6666666666666667,1.5,1.9,97.7661432576636,True,7816.145874125842,0.0
357,2026-04-12 01:35:00,BTCUSDT,FADE,BUY,71394.164,71623.0,REVERSE_SIGNAL,435,5210.763916083895,0.6666666666666667,1.5,0.251,13.079017429370577,True,7829.224891555213,0.0
358,2026-04-12 01:40:00,ETHUSDT,TREND,SELL,2226.28,2181.7544,TP,156,5219.4832610368085,0.6666666666666666,1.5,1.9,99.17018195969936,True,7928.395073514912,0.0
359,2026-04-12 01:45:00,ARBUSDT,TREND,SELL,0.1127,0.1104,TP,60,5285.596715676608,0.6666666666666667,1.5,1.9,100.42633759785555,True,8028.821411112767,0.0
360,2026-04-12 01:55:00,FETUSDT,FADE,BUY,0.2321,0.2367,TP,35,5352.547607408512,0.6666666666666667,1.5,1.93,103.30416882298427,True,8132.125579935751,0.0
361,2026-04-12 18:10:00,ARBUSDT,TREND,BUY,0.1128,0.1101,REVERSE_SIGNAL,262,3396.87785293891,0.4177109440267335,2.394,-2.494,-84.71813365229643,False,8047.407446283455,1.0417710944026715
362,2026-04-12 21:05:00,XRPUSDT,FADE,SELL,1.3361,1.3246,REVERSE_SIGNAL,81,5364.938297522303,0.6666666666666666,1.5,0.788,42.27571378447575,True,8089.683160067931,0.5219105318852693
363,2026-04-12 21:20:00,LINKUSDT,FADE,SELL,8.8185,8.725,REVERSE_SIGNAL,124,5393.122106711954,0.6666666666666667,1.5,0.99,53.39190885644834,True,8143.075068924379,0.0
364,2026-04-12 22:45:00,TIAUSDT,FADE,BUY,0.292,0.2978,TP,179,5428.716712616253,0.6666666666666667,1.5,1.93,104.77423255349368,True,8247.849301477872,0.0
365,2026-04-12 23:00:00,FILUSDT,FADE,BUY,0.8579,0.875,TP,191,5498.5662009852485,0.6666666666666667,1.5,1.93,106.12232767901529,True,8353.971629156888,0.0
366,2026-04-13 03:55:00,XRPUSDT,FADE,BUY,1.3206,1.3345,REVERSE_SIGNAL,24,5569.314419437926,0.6666666666666667,1.5,0.983,54.74636074307481,True,8408.717989899962,0.0
367,2026-04-13 07:50:00,LINKUSDT,FADE,BUY,8.7049,8.864,REVERSE_SIGNAL,74,5605.811993266641,0.6666666666666666,1.5,1.758,98.55017484162755,True,8507.26816474159,0.0
368,2026-04-13 13:25:00,ATOMUSDT,FADE,SELL,1.7451,1.748,REVERSE_SIGNAL,346,3547.6514448463677,0.41701417848206834,2.398,-0.234,-8.3015043809405,False,8498.96666036065,0.09758131776480951
369,2026-04-13 13:45:00,RENDERUSDT,FADE,SELL,1.9145,1.8762,TP,8,5665.977773573766,0.6666666666666666,1.5,1.93,109.35337102997367,True,8608.320031390624,0.0
370,2026-04-13 13:50:00,AVAXUSDT,TREND,BUY,9.241,9.4258,TP,100,5738.880020927082,0.6666666666666666,1.5,1.9,109.03872039761455,True,8717.358751788239,0.0
371,2026-04-13 14:10:00,OPUSDT,FADE,SELL,0.1096,0.1124,SL,60,3463.3924321764957,0.39729837107667865,2.517,-2.57,-89.00918550693594,False,8628.349566281302,1.0210568136670737
372,2026-04-13 14:40:00,ETHUSDT,TREND,BUY,2224.7,2269.194,TP,89,5752.233044187536,0.6666666666666667,1.5,1.9,109.29242783956317,True,8737.641994120866,0.0
373,2026-04-13 14:40:00,LINKUSDT,TREND,BUY,8.864,9.0413,TP,89,5825.094662747245,0.6666666666666667,1.5,1.9,110.67679859219766,True,8848.318792713064,0.0
374,2026-04-13 14:45:00,FETUSDT,FADE,SELL,0.2334,0.2393,SL,92,3253.0583796739206,0.36764705882352944,2.72,-2.57,-83.60360035761975,False,8764.715192355445,0.9448529411764637
375,2026-04-13 22:45:00,ARBUSDT,FADE,SELL,0.1136,0.1113,TP,137,5843.1434615702965,0.6666666666666666,1.5,1.93,112.7726688083067,True,8877.487861163752,0.0
376,2026-04-14 09:45:00,SEIUSDT,FADE,BUY,0.0553,0.0539,SL,233,3431.576289587844,0.38654812524159254,2.587,-2.57,-88.19151064240758,False,8789.296350521345,0.993428681870893
377,2026-04-14 10:50:00,LINKUSDT,FADE,BUY,9.1165,9.137,REVERSE_SIGNAL,282,4120.626512199411,0.4688232536333802,2.133,0.155,6.386971093909087,True,8795.683321615254,0.9214829783813969
378,2026-04-14 11:00:00,OPUSDT,FADE,BUY,0.1127,0.1149,TP,37,5863.788881076835,0.6666666666666666,1.5,1.93,113.17112540478291,True,8908.854447020036,0.0
379,2026-04-14 11:10:00,ARBUSDT,FADE,BUY,0.1102,0.1124,TP,70,5939.236298013358,0.6666666666666667,1.5,1.93,114.62726055165778,True,9023.481707571693,0.0
380,2026-04-14 15:20:00,ETHUSDT,TREND,SELL,2345.42,2342.33,REVERSE_SIGNAL,303,6015.6544717144625,0.6666666666666667,1.5,0.032,1.925009430948628,True,9025.406717002641,0.0
381,2026-04-14 16:05:00,APTUSDT,TREND,BUY,0.879,0.8547,SL,30,3251.227203531211,0.3602305475504323,2.776,-2.863,-93.08263483709858,False,8932.324082165542,1.0313400576368954
382,2026-04-14 18:55:00,DOGEUSDT,FADE,BUY,0.0927,0.0939,REVERSE_SIGNAL,234,5954.882721443695,0.6666666666666667,1.5,1.291,76.8775359338381,True,9009.20161809938,0.17954979106629268
383,2026-04-14 19:15:00,APTUSDT,FADE,BUY,0.8474,0.8643,TP,57,6006.134412066253,0.6666666666666667,1.5,1.93,115.91839415287868,True,9125.120012252259,0.0
384,2026-04-15 01:35:00,RENDERUSDT,TREND,BUY,1.874,1.9115,TP,216,5699.637734073865,0.6246096189881324,1.601,1.9,108.29311694740343,True,9233.413129199662,0.0
385,2026-04-15 02:10:00,ARBUSDT,TREND,BUY,0.1119,0.1141,TP,34,6155.608752799775,0.6666666666666667,1.5,1.9,116.95656630319573,True,9350.369695502857,0.0
386,2026-04-15 04:05:00,APTUSDT,FADE,SELL,0.8696,0.8529,REVERSE_SIGNAL,33,6233.579797001905,0.6666666666666666,1.5,1.845,115.00954725468515,True,9465.379242757543,0.0
387,2026-04-15 08:45:00,OPUSDT,TREND,BUY,0.1131,0.1154,TP,36,6310.252828505028,0.6666666666666666,1.5,1.9,119.89480374159554,True,9585.274046499138,0.0
388,2026-04-15 10:40:00,BNBUSDT,FADE,SELL,620.8033,620.86,REVERSE_SIGNAL,272,6390.182697666092,0.6666666666666666,1.5,-0.079,-5.048244331156213,False,9580.225802167983,0.052666666666661616
389,2026-04-15 12:50:00,AVAXUSDT,FADE,SELL,9.4563,9.375,REVERSE_SIGNAL,248,5602.471229338002,0.5847953216374269,1.71,0.79,44.25952271177022,True,9624.485324879754,0.0
390,2026-04-15 16:15:00,SEIUSDT,TREND,BUY,0.0547,0.0558,TP,19,6416.323549919836,0.6666666666666667,1.5,1.9,121.91014744847689,True,9746.39547232823,0.0
391,2026-04-16 10:25:00,BTCUSDT,FADE,BUY,74364.37,75337.7,REVERSE_SIGNAL,111,6497.596981552154,0.6666666666666667,1.5,1.239,80.5052266014312,True,9826.900698929661,0.0
392,2026-04-16 19:50:00,BTCUSDT,FADE,SELL,75386.1,77270.7525,SL,215,3870.3823154508314,0.39385584875935403,2.539,-2.57,-99.46882550708635,False,9727.431873422574,1.0122095313115451
393,2026-04-16 19:55:00,NEARUSDT,TREND,BUY,1.431,1.394,REVERSE_SIGNAL,110,3761.574583690091,0.3866976024748647,2.586,-2.686,-101.03589331791584,False,9626.395980104659,2.0403657772469566
394,2026-04-17 02:50:00,FETUSDT,TREND,SELL,0.2334,0.2287,TP,94,6417.597320069773,0.6666666666666667,1.5,1.9,121.93434908132568,True,9748.330329185985,0.7995437437587457
395,2026-04-17 04:50:00,FILUSDT,TREND,SELL,0.976,1.006,REVERSE_SIGNAL,38,2883.268361190768,0.29577048210588586,3.381,-3.174,-91.51493778419496,False,9656.81539140179,1.7308133331030553
396,2026-04-17 05:50:00,OPUSDT,FADE,BUY,0.1284,0.1309,TP,26,6437.8769276011935,0.6666666666666667,1.5,1.93,124.25102470270302,True,9781.066416104492,0.4664164646556572
397,2026-04-17 07:00:00,INJUSDT,FADE,BUY,3.3707,3.4381,TP,75,6520.710944069661,0.6666666666666667,1.5,1.93,125.84972122054445,True,9906.916137325035,0.0
398,2026-04-17 07:35:00,APTUSDT,TREND,BUY,0.9983,0.9912,REVERSE_SIGNAL,226,3307.8184097913304,0.333889816360601,2.995,-0.811,-26.82640730340769,False,9880.089730021627,0.27078464106844957
399,2026-04-17 12:20:00,RENDERUSDT,TREND,BUY,1.877,1.9145,TP,9,6586.726486681086,0.6666666666666667,1.5,1.9,125.14780324694063,True,10005.237533268568,0.0
400,2026-04-17 12:20:00,OPUSDT,TREND,BUY,0.1317,0.1343,TP,12,6670.158355512379,0.6666666666666667,1.5,1.9,126.7330087547352,True,10131.970542023302,0.0
401,2026-04-17 13:30:00,FETUSDT,TREND,BUY,0.2363,0.241,TP,37,6754.647028015535,0.6666666666666667,1.5,1.9,128.33829353229518,True,10260.308835555597,0.0
402,2026-04-17 13:40:00,INJUSDT,TREND,BUY,3.458,3.361,REVERSE_SIGNAL,82,3444.2124322106743,0.33568311513930854,2.979,-2.905,-100.05437115572009,False,10160.254464399877,0.9751594494796926
403,2026-04-17 14:30:00,NEARUSDT,TREND,BUY,1.43,1.392,REVERSE_SIGNAL,120,3725.7992168683086,0.3667033370003667,2.727,-2.757,-102.72028440905927,False,10057.534179990818,1.9763016768276334
404,2026-04-17 21:35:00,FETUSDT,TREND,SELL,0.2327,0.228,TP,47,6705.022786660546,0.6666666666666667,1.5,1.9,127.39543294655039,True,10184.929612937369,0.7346681647341154
405,2026-04-17 21:35:00,RENDERUSDT,TREND,SELL,1.886,1.8483,TP,38,6789.953075291579,0.6666666666666666,1.5,1.9,129.00910843053998,True,10313.93872136791,0.0
406,2026-04-18 02:20:00,ARBUSDT,TREND,SELL,0.1305,0.1322,SL,49,6875.959147578607,0.6666666666666667,1.5,-1.401,-96.33218765757628,False,10217.606533710334,0.9339999999999932
407,2026-04-18 03:55:00,OPUSDT,TREND,SELL,0.1318,0.1292,TP,84,4986.630811962096,0.48804294777940466,2.049,1.9,94.74598542727982,True,10312.352519137614,0.01537920937041413
408,2026-04-18 07:05:00,ARBUSDT,TREND,BUY,0.1338,0.1303,REVERSE_SIGNAL,28,3285.2349535322123,0.31857279388340237,3.1390000000000002,-2.716,-89.2269813379349,False,10223.125537799679,0.8804898499162923
409,2026-04-18 09:25:00,ARBUSDT,TREND,SELL,0.1303,0.1277,TP,21,6815.417025199786,0.6666666666666666,1.5,1.9,129.49292347879592,True,10352.618461278475,0.0
410,2026-04-18 09:55:00,TIAUSDT,TREND,SELL,0.415,0.4067,TP,11,4141.047384511389,0.39999999999999997,2.5,1.9,78.6799003057164,True,10431.298361584191,0.0
411,2026-04-19 08:00:00,TIAUSDT,FADE,SELL,0.4029,0.3948,TP,10,4172.519344633676,0.39999999999999997,2.5,1.93,80.52962335142995,True,10511.82798493562,0.0
412,2026-04-19 12:05:00,FETUSDT,TREND,BUY,0.2179,0.2128,REVERSE_SIGNAL,69,4242.061333710903,0.40355125100887806,2.478,-2.441,-103.54871715588314,False,10408.279267779737,0.985068603712674
413,2026-04-19 12:10:00,LINKUSDT,FADE,SELL,9.3356,9.1489,TP,55,6938.852845186491,0.6666666666666666,1.5,1.93,133.91985991209927,True,10542.199127691836,0.0
414,2026-04-19 13:15:00,OPUSDT,FADE,SELL,0.1264,0.1239,TP,28,7028.132751794557,0.6666666666666666,1.5,1.93,135.64296210963494,True,10677.84208980147,0.0
415,2026-04-19 13:20:00,ATOMUSDT,FADE,SELL,1.7947,1.7588,TP,91,7118.56139320098,0.6666666666666666,1.5,1.93,137.3882348887789,True,10815.230324690248,0.0
416,2026-04-19 13:40:00,ARBUSDT,FADE,SELL,0.1285,0.1259,TP,28,7210.1535497935,0.6666666666666667,1.5,1.93,139.15596351101453,True,10954.386288201264,0.0
417,2026-04-19 15:40:00,TIAUSDT,TREND,SELL,0.3887,0.3809,TP,22,7302.924192134175,0.6666666666666666,1.5,1.9,138.75555965054932,True,11093.141847851814,0.0
418,2026-04-19 17:05:00,INJUSDT,TREND,SELL,3.234,3.1693,TP,62,7395.427898567877,0.6666666666666667,1.5,1.9,140.51313007278966,True,11233.654977924603,0.0
419,2026-04-19 17:50:00,FETUSDT,FADE,BUY,0.2124,0.2071,SL,100,4461.340340716682,0.39714058776806993,2.518,-2.57,-114.6564467564187,False,11118.998531168185,1.0206513105639379
420,2026-04-19 18:00:00,ARBUSDT,TREND,SELL,0.1236,0.1211,TP,65,5496.291908634792,0.49431537320810676,2.023,1.9,104.42954626406105,True,11223.428077432245,0.09103805050498048
421,2026-04-19 18:25:00,LINKUSDT,FADE,BUY,9.1195,9.3019,TP,155,7482.285384954831,0.6666666666666667,1.5,1.93,144.40810792962822,True,11367.836185361874,0.0
422,2026-04-19 22:00:00,BNBUSDT,FADE,BUY,616.6525,624.61,REVERSE_SIGNAL,105,7578.557456907916,0.6666666666666667,1.5,1.22,92.45840097427657,True,11460.29458633615,0.0
423,2026-04-19 22:30:00,DOGEUSDT,FADE,BUY,0.0927,0.0945,TP,71,7640.196390890766,0.6666666666666667,1.5,1.93,147.45579034419177,True,11607.75037668034,0.0
424,2026-04-20 01:50:00,ARBUSDT,FADE,SELL,0.1263,0.1237,TP,43,7738.500251120227,0.6666666666666667,1.5,1.93,149.35305484662038,True,11757.10343152696,0.0
425,2026-04-20 02:40:00,TIAUSDT,TREND,BUY,0.3826,0.3903,TP,56,6616.265296301049,0.5627462014631402,1.7769999999999997,1.9,125.70904062971992,True,11882.81247215668,0.0
426,2026-04-20 06:55:00,BNBUSDT,FADE,SELL,629.0233,631.63,REVERSE_SIGNAL,358,6357.845089436427,0.5350454788657036,1.8689999999999998,-0.484,-30.771970232872302,False,11852.040501923808,0.2589620117710002
427,2026-04-20 08:20:00,APTUSDT,TREND,BUY,0.9289,0.9475,TP,117,7901.3603346158725,0.6666666666666667,1.5,1.9,150.12584635770156,True,12002.16634828151,0.0
428,2026-04-20 23:00:00,TIAUSDT,FADE,BUY,0.3743,0.3775,REVERSE_SIGNAL,289,5863.295724612364,0.48851978505129456,2.047,0.796,46.67183396791442,True,12048.838182249423,0.0
429,2026-04-21 02:05:00,ARBUSDT,FADE,BUY,0.1256,0.1281,TP,166,8032.558788166282,0.6666666666666667,1.5,1.93,155.02838461160923,True,12203.866566861032,0.0
430,2026-04-21 02:45:00,OPUSDT,FADE,BUY,0.1225,0.1249,TP,103,8135.911044574022,0.6666666666666667,1.5,1.93,157.0230831602786,True,12360.88965002131,0.0
431,2026-04-21 06:05:00,ATOMUSDT,FADE,BUY,1.7825,1.812,REVERSE_SIGNAL,55,8240.593100014208,0.6666666666666667,1.5,1.585,130.6134006352252,True,12491.503050656536,0.0
432,2026-04-21 09:25:00,INJUSDT,FADE,SELL,3.3077,3.257,REVERSE_SIGNAL,48,8327.668700437693,0.6666666666666669,1.5,1.464,121.91706977440782,True,12613.420120430945,0.0
433,2026-04-21 10:40:00,APTUSDT,FADE,SELL,0.9471,0.9281,TP,69,8408.946746953963,0.6666666666666666,1.5,1.93,162.29267221621146,True,12775.712792647157,0.0
434,2026-04-21 10:55:00,ATOMUSDT,FADE,SELL,1.816,1.7797,TP,20,8517.141861764772,0.6666666666666667,1.5,1.93,164.38083793206007,True,12940.093630579217,0.0
435,2026-04-21 15:35:00,FETUSDT,TREND,SELL,0.2099,0.2057,TP,38,8626.72908705281,0.6666666666666666,1.5,1.9,163.9078526540034,True,13104.00148323322,0.0
436,2026-04-21 16:10:00,BTCUSDT,FADE,BUY,75262.15,76264.8,REVERSE_SIGNAL,82,8736.000988822147,0.6666666666666666,1.5,1.262,110.24833247893548,True,13214.249815712155,0.0
437,2026-04-21 16:20:00,DOGEUSDT,FADE,BUY,0.0938,0.0951,REVERSE_SIGNAL,89,8809.499877141438,0.6666666666666667,1.5,1.397,123.06871328366589,True,13337.318528995822,0.0
438,2026-04-21 17:15:00,ADAUSDT,FADE,BUY,0.2442,0.249,TP,69,8891.545685997216,0.6666666666666669,1.5,1.93,171.60683173974627,True,13508.925360735568,0.0
439,2026-04-21 17:15:00,APTUSDT,TREND,SELL,0.9195,0.9384,REVERSE_SIGNAL,88,5886.241987248614,0.43572984749455346,2.295,-2.155,-126.84851482520764,False,13382.07684591036,0.9389978213507618
440,2026-04-21 18:15:00,FILUSDT,FADE,BUY,0.905,0.9231,TP,10,5352.830738364143,0.3999999999999999,2.5,1.93,103.30963325042795,True,13485.386479160788,0.17424688453158735
441,2026-04-22 02:15:00,FETUSDT,TREND,BUY,0.2122,0.2164,TP,37,8990.25765277386,0.6666666666666667,1.5,1.9,170.81489540270334,True,13656.201374563492,0.0
442,2026-04-22 02:25:00,OPUSDT,TREND,BUY,0.1246,0.1271,TP,34,9104.134249708995,0.6666666666666667,1.5,1.9,172.9785507444709,True,13829.179925307963,0.0
443,2026-04-22 02:50:00,ARBUSDT,TREND,BUY,0.1276,0.1302,TP,30,9219.453283538642,0.6666666666666666,1.5,1.9,175.1696123872342,True,14004.349537695196,0.0
444,2026-04-22 23:05:00,SEIUSDT,FADE,BUY,0.0607,0.0619,TP,9,9336.233025130132,0.6666666666666667,1.5,1.93,180.1892973850115,True,14184.538835080208,0.0
445,2026-04-23 00:25:00,ARBUSDT,TREND,SELL,0.1269,0.1244,TP,37,9456.359223386806,0.6666666666666667,1.5,1.9,179.67082524434932,True,14364.209660324557,0.0
446,2026-04-23 14:05:00,NEARUSDT,FADE,SELL,1.4098,1.3816,TP,28,9576.139773549705,0.6666666666666666,1.5,1.93,184.81949762950927,True,14549.029157954066,0.0
447,2026-04-23 14:55:00,FETUSDT,FADE,SELL,0.211,0.2068,TP,28,9699.352771969377,0.6666666666666666,1.5,1.93,187.19750849900896,True,14736.226666453074,0.0
448,2026-04-23 15:00:00,ARBUSDT,TREND,BUY,0.1269,0.125,REVERSE_SIGNAL,36,5194.2991422111645,0.35248501938667604,2.837,-1.597,-82.95295730111229,False,14653.273709151963,0.5629185759605154
449,2026-04-23 15:25:00,BNBUSDT,FADE,SELL,639.4329,634.65,REVERSE_SIGNAL,145,9768.849139434642,0.6666666666666666,1.5,0.678,66.23279716536688,True,14719.50650631733,0.11346296792385802
450,2026-04-23 15:35:00,TIAUSDT,TREND,BUY,0.3642,0.3537,SL,25,4964.420406852388,0.3372681281618887,2.965,-2.992,-148.53545857302345,False,14570.971047744306,1.1214242454954348
451,2026-04-23 17:50:00,APTUSDT,FADE,BUY,0.928,0.9466,TP,47,9713.980698496203,0.6666666666666666,1.5,1.93,187.4798274809767,True,14758.450875225282,0.0
452,2026-04-23 18:15:00,ADAUSDT,FADE,BUY,0.2455,0.2504,TP,63,9838.967250150188,0.6666666666666666,1.5,1.93,189.8920679278986,True,14948.34294315318,0.0
453,2026-04-23 22:10:00,ARBUSDT,TREND,BUY,0.1282,0.1308,TP,33,9965.561962102121,0.6666666666666667,1.5,1.9,189.3456772799403,True,15137.68862043312,0.0
454,2026-04-24 00:15:00,ADAUSDT,FADE,SELL,0.2511,0.2506,REVERSE_SIGNAL,471,10091.79241362208,0.6666666666666667,1.5,0.149,15.0367706962969,True,15152.725391129417,0.0
455,2026-04-24 05:20:00,SOLUSDT,FADE,BUY,85.154,86.15,REVERSE_SIGNAL,75,10101.816927419612,0.6666666666666666,1.5,1.1,111.11998620161575,True,15263.845377331034,0.0
456,2026-04-24 11:30:00,LINKUSDT,FADE,SELL,9.3887,9.343,REVERSE_SIGNAL,320,10175.89691822069,0.6666666666666666,1.5,0.416,42.33173117979806,True,15306.177108510832,0.0
457,2026-04-24 11:35:00,SOLUSDT,FADE,SELL,86.5845,85.78,REVERSE_SIGNAL,342,10204.118072340554,0.6666666666666666,1.5,0.859,87.65337424140536,True,15393.830482752237,0.0
458,2026-04-24 11:35:00,XRPUSDT,FADE,SELL,1.4405,1.432,REVERSE_SIGNAL,206,10262.55365516816,0.6666666666666667,1.5,0.517,53.057402397219384,True,15446.887885149456,0.0
459,2026-04-24 11:50:00,BNBUSDT,FADE,SELL,639.4329,634.73,REVERSE_SIGNAL,274,10297.925256766304,0.6666666666666667,1.5,0.665,68.48120295749592,True,15515.36908810695,0.0
460,2026-04-25 01:25:00,ARBUSDT,FADE,SELL,0.1325,0.1299,TP,111,10343.5793920713,0.6666666666666666,1.5,1.93,199.63108226697608,True,15715.000170373927,0.0
461,2026-04-25 05:15:00,XRPUSDT,FADE,BUY,1.4303,1.4262,REVERSE_SIGNAL,281,10476.666780249285,0.6666666666666666,1.5,-0.357,-37.40170040548995,False,15677.598469968438,0.23799999999999694
462,2026-04-25 06:50:00,TIAUSDT,FADE,BUY,0.3561,0.3472,SL,116,5856.405853555636,0.3735524841240194,2.677,-2.57,-150.50963043637984,False,15527.088839532058,1.1957450130743328
463,2026-04-25 12:00:00,AVAXUSDT,FADE,BUY,9.3664,9.413,REVERSE_SIGNAL,201,10351.39255968804,0.6666666666666667,1.5,0.428,44.30396015546481,True,15571.392799687523,0.9138235388449724
464,2026-04-25 12:10:00,DOGEUSDT,FADE,BUY,0.0978,0.0985,REVERSE_SIGNAL,213,10380.928533125016,0.6666666666666667,1.5,0.676,70.17507688392512,True,15641.567876571447,0.4672751702600363
465,2026-04-25 14:00:00,OPUSDT,TREND,SELL,0.1261,0.1236,TP,73,10427.7119177143,0.6666666666666667,1.5,1.9,198.12652643657168,True,15839.69440300802,0.0
466,2026-04-25 15:30:00,ADAUSDT,FADE,BUY,0.2496,0.2515,REVERSE_SIGNAL,178,10559.796268672013,0.6666666666666666,1.5,0.701,74.0241718433908,True,15913.71857485141,0.0
467,2026-04-25 16:00:00,ETHUSDT,FADE,BUY,2303.338,2316.94,REVERSE_SIGNAL,75,10609.145716567607,0.6666666666666667,1.5,0.521,55.27364918331724,True,15968.992224034726,0.0
468,2026-04-25 17:30:00,FETUSDT,FADE,BUY,0.2063,0.2084,REVERSE_SIGNAL,120,10645.994816023152,0.6666666666666667,1.5,0.97,103.26614971542458,True,16072.25837375015,0.0
469,2026-04-25 19:50:00,INJUSDT,TREND,SELL,3.504,3.574,REVERSE_SIGNAL,109,6258.667591024202,0.38940809968847356,2.568,-2.098,-131.30684605968776,False,15940.951527690462,0.8169781931464177
470,2026-04-25 21:40:00,ATOMUSDT,FADE,BUY,2.0138,1.9635,SL,380,5194.184270997218,0.3258390355164549,3.069,-2.57,-133.49053576462848,False,15807.460991925833,1.6475430873908472
471,2026-04-25 23:30:00,RENDERUSDT,FADE,SELL,1.8045,1.804,REVERSE_SIGNAL,160,6712.297661115003,0.42462845010615713,2.355,-0.042,-2.8191650176683014,False,15804.641826908164,1.6650836529548816
472,2026-04-26 03:45:00,FETUSDT,FADE,SELL,0.211,0.2087,REVERSE_SIGNAL,294,7486.80332871064,0.4737091425864518,2.111,1.041,77.93762265187776,True,15882.579449560042,1.1801634828114698
473,2026-04-26 07:00:00,NEARUSDT,FADE,SELL,1.4098,1.389,REVERSE_SIGNAL,81,10588.386299706695,0.6666666666666667,1.5,1.407,148.97859523687322,True,16031.558044796915,0.253233416280243
474,2026-04-26 13:05:00,SOLUSDT,FADE,BUY,85.955,86.8,REVERSE_SIGNAL,67,10687.705363197943,0.6666666666666666,1.5,0.913,97.57874996599723,True,16129.136794762911,0.0
475,2026-04-26 16:50:00,ARBUSDT,FADE,BUY,0.1293,0.1319,TP,119,10752.757863175275,0.6666666666666667,1.5,1.93,207.52822675928277,True,16336.665021522194,0.0
476,2026-04-26 19:35:00,INJUSDT,TREND,BUY,3.756,3.8311,TP,11,10891.110014348129,0.6666666666666666,1.5,1.9,206.93109027261445,True,16543.59611179481,0.0
477,2026-04-27 03:25:00,ARBUSDT,FADE,SELL,0.1325,0.1299,TP,21,11029.064074529873,0.6666666666666666,1.5,1.93,212.86093663842652,True,16756.457048433236,0.0
478,2026-04-27 05:20:00,BNBUSDT,FADE,BUY,625.8666,627.52,REVERSE_SIGNAL,209,11170.971365622157,0.6666666666666666,1.5,0.194,21.671684449306987,True,16778.128732882542,0.0
479,2026-04-27 05:25:00,TIAUSDT,FADE,BUY,0.3461,0.353,TP,99,11185.419155255027,0.6666666666666666,1.5,1.93,215.878589696422,True,16994.007322578964,0.0
480,2026-04-27 05:30:00,ARBUSDT,TREND,SELL,0.1276,0.125,TP,92,11329.338215052643,0.6666666666666667,1.5,1.9,215.2574260860002,True,17209.264748664966,0.0
481,2026-04-27 05:30:00,APTUSDT,FADE,BUY,0.9537,0.9646,REVERSE_SIGNAL,203,10715.60694188354,0.62266500622665,1.606,1.071,114.7641503475727,True,17324.028899012537,0.0
482,2026-04-27 05:35:00,FETUSDT,FADE,BUY,0.2063,0.2011,SL,326,6430.597215669094,0.37119524870081666,2.694,-2.57,-165.2663484426957,False,17158.76255056984,0.9539717891610989
483,2026-04-27 05:40:00,FILUSDT,TREND,SELL,0.93,0.9114,TP,115,11439.175033713227,0.6666666666666666,1.5,1.9,217.34432564055132,True,17376.106876210393,0.0
484,2026-04-27 05:40:00,OPUSDT,TREND,SELL,0.1242,0.1217,TP,24,11584.07125080693,0.6666666666666667,1.5,1.9,220.09735376533166,True,17596.204229975723,0.0
485,2026-04-27 05:40:00,RENDERUSDT,FADE,BUY,1.7946,1.7497,SL,113,6924.913116873563,0.39354584809130266,2.541,-2.57,-177.97026710365054,False,17418.233962872073,1.011412829594646
486,2026-04-27 05:40:00,DOGEUSDT,FADE,BUY,0.0978,0.0986,REVERSE_SIGNAL,199,11612.15597524805,0.6666666666666667,1.5,0.839,97.42598863233114,True,17515.659951504404,0.45773666535484786
487,2026-04-27 07:05:00,INJUSDT,TREND,SELL,3.679,3.6054,TP,54,11677.106634336269,0.6666666666666666,1.5,1.9,221.8650260523891,True,17737.524977556794,0.0
488,2026-04-27 23:35:00,ARBUSDT,FADE,SELL,0.1272,0.1246,TP,86,11825.016651704529,0.6666666666666666,1.5,1.93,228.2228213778974,True,17965.74779893469,0.0
489,2026-04-27 23:45:00,ADAUSDT,FADE,SELL,0.2481,0.2456,REVERSE_SIGNAL,146,11977.165199289795,0.6666666666666667,1.5,0.951,113.90284104524595,True,18079.650639979936,0.0
490,2026-04-28 00:00:00,OPUSDT,FADE,SELL,0.1227,0.1202,TP,133,12053.100426653291,0.6666666666666666,1.5,1.93,232.6248382344085,True,18312.275478214346,0.0
491,2026-04-28 00:15:00,INJUSDT,FADE,SELL,3.6304,3.5578,TP,79,12208.183652142898,0.6666666666666667,1.5,1.93,235.61794448635789,True,18547.893422700705,0.0
492,2026-04-28 00:50:00,ETHUSDT,FADE,SELL,2307.33,2278.55,REVERSE_SIGNAL,69,12365.26228180047,0.6666666666666666,1.5,1.177,145.53913705679153,True,18693.432559757497,0.0
493,2026-04-28 06:35:00,ETHUSDT,FADE,BUY,2271.52,2302.66,REVERSE_SIGNAL,159,12462.288373171665,0.6666666666666666,1.5,1.301,162.13437173496334,True,18855.56693149246,0.0
494,2026-04-28 07:10:00,RENDERUSDT,FADE,BUY,1.7543,1.766,REVERSE_SIGNAL,245,12570.377954328309,0.6666666666666667,1.5,0.595,74.79374882825343,True,18930.360680320715,0.0
495,2026-04-28 09:55:00,ARBUSDT,FADE,BUY,0.1237,0.1259,REVERSE_SIGNAL,196,12620.240453547143,0.6666666666666666,1.5,1.692,213.53446847401767,True,19143.895148794734,0.0
496,2026-04-28 11:45:00,OPUSDT,FADE,BUY,0.1201,0.1225,TP,175,12762.596765863158,0.6666666666666667,1.5,1.93,246.31811758115893,True,19390.213266375893,0.0
497,2026-04-28 12:05:00,FILUSDT,FADE,BUY,0.905,0.9231,TP,83,7756.085306550358,0.4,2.5,1.93,149.6924464164219,True,19539.905712792315,0.0
498,2026-04-28 12:45:00,DOGEUSDT,FADE,BUY,0.0981,0.0995,REVERSE_SIGNAL,85,13026.60380852821,0.6666666666666667,1.5,1.352,176.11968349130143,True,19716.025396283618,0.0
499,2026-04-28 15:35:00,TIAUSDT,TREND,BUY,0.3687,0.3761,TP,9,13144.016930855745,0.6666666666666666,1.5,1.9,249.73632168625915,True,19965.761717969875,0.0
500,2026-04-29 03:30:00,LINKUSDT,FADE,SELL,9.3705,9.268,REVERSE_SIGNAL,97,13310.507811979916,0.6666666666666666,1.5,1.024,136.29959999467437,True,20102.06131796455,0.0
501,2026-04-29 03:40:00,AVAXUSDT,FADE,SELL,9.314,9.221,REVERSE_SIGNAL,96,13401.374211976368,0.6666666666666667,1.5,0.928,124.3647526871407,True,20226.42607065169,0.0
502,2026-04-29 12:20:00,TIAUSDT,TREND,SELL,0.3638,0.3565,TP,34,13484.284047101128,0.6666666666666667,1.5,1.9,256.2013968949214,True,20482.627467546612,0.0
503,2026-04-29 12:50:00,OPUSDT,TREND,SELL,0.1221,0.1197,TP,28,13655.084978364408,0.6666666666666666,1.5,1.9,259.44661458892375,True,20742.074082135536,0.0
504,2026-04-29 13:35:00,FETUSDT,TREND,SELL,0.1981,0.1941,TP,54,13828.049388090358,0.6666666666666667,1.5,1.9,262.73293837371676,True,21004.80702050925,0.0
505,2026-04-29 14:05:00,ARBUSDT,TREND,SELL,0.1262,0.1237,TP,22,14003.204680339502,0.6666666666666667,1.5,1.9,266.06088892645056,True,21270.867909435703,0.0
506,2026-04-29 15:10:00,FILUSDT,TREND,SELL,0.916,0.8977,TP,13,14180.578606290468,0.6666666666666666,1.5,1.9,269.4309935195189,True,21540.298902955223,0.0
507,2026-04-29 15:20:00,DOGEUSDT,TREND,SELL,0.1051,0.103,TP,7,14360.199268636816,0.6666666666666667,1.5,1.9,272.8437861040995,True,21813.14268905932,0.0
508,2026-04-30 00:30:00,FETUSDT,TREND,BUY,0.1988,0.1967,REVERSE_SIGNAL,84,11117.809729388035,0.5096839959225281,1.9619999999999997,-1.156,-128.52188047172567,False,21684.620808587595,0.5891946992864441
509,2026-04-30 00:40:00,ARBUSDT,TREND,BUY,0.1278,0.1243,SL,52,7916.984596052427,0.3650967506389194,2.739,-2.828,-223.89232437636264,False,21460.72848421123,1.6156049124679681
510,2026-04-30 01:20:00,AVAXUSDT,FADE,SELL,9.1922,9.102,REVERSE_SIGNAL,51,14307.152322807488,0.6666666666666666,1.5,0.911,130.3381576607762,True,21591.066641872007,1.0180836863030278
511,2026-04-30 01:35:00,BTCUSDT,FADE,SELL,76264.7,75385.2,REVERSE_SIGNAL,37,14394.044427914672,0.6666666666666667,1.5,1.083,155.88750115431588,True,21746.954143026323,0.3034342505181312
512,2026-04-30 03:55:00,TIAUSDT,TREND,BUY,0.3549,0.362,TP,44,14497.969428684217,0.6666666666666667,1.5,1.9,275.4614191450001,True,22022.415562171325,0.0
513,2026-04-30 05:00:00,SEIUSDT,FADE,BUY,0.0573,0.0577,REVERSE_SIGNAL,263,14681.610374780885,0.6666666666666667,1.5,0.652,95.72409964357138,True,22118.139661814897,0.0
514,2026-04-30 05:05:00,ARBUSDT,FADE,BUY,0.1242,0.1267,TP,49,14745.426441209931,0.6666666666666666,1.5,1.93,284.58673031535164,True,22402.726392130247,0.0
515,2026-04-30 05:20:00,NEARUSDT,FADE,BUY,1.317,1.2841,SL,420,8939.635431815741,0.39904229848363926,2.506,-2.57,-229.74863059766452,False,22172.977761532584,1.0255387071029485
516,2026-04-30 08:15:00,BTCUSDT,FADE,SELL,76264.7,78171.3175,SL,331,8830.337619089041,0.39824771007566706,2.511,-2.57,-226.93967681058834,False,21946.038084721997,2.0385389680457764
517,2026-04-30 09:40:00,AVAXUSDT,FADE,SELL,9.1922,9.082,REVERSE_SIGNAL,92,14630.692056481332,0.6666666666666667,1.5,1.128,165.0342063971094,True,22111.072291119108,1.3018687810854728
518,2026-04-30 14:15:00,APTUSDT,FADE,BUY,0.9855,1.0052,TP,126,14740.714860746073,0.6666666666666667,1.5,1.93,284.4957968123992,True,22395.568087931508,0.03195282606876925
519,2026-04-30 18:10:00,INJUSDT,FADE,BUY,3.4326,3.476,REVERSE_SIGNAL,113,14930.378725287672,0.6666666666666666,1.5,1.194,178.26872197993478,True,22573.83680991144,0.0
520,2026-04-30 22:45:00,XRPUSDT,FADE,BUY,1.3641,1.3776,REVERSE_SIGNAL,57,15049.224539940962,0.6666666666666667,1.5,0.918,138.15188127665803,True,22711.9886911881,0.0
521,2026-04-30 22:55:00,OPUSDT,FADE,BUY,0.1194,0.1218,TP,34,15141.3257941254,0.6666666666666666,1.5,1.93,292.22758782662015,True,23004.21627901472,0.0
522,2026-05-01 03:20:00,OPUSDT,FADE,SELL,0.1229,0.1204,TP,69,15336.144186009813,0.6666666666666666,1.5,1.93,295.98758278998935,True,23300.203861804708,0.0
523,2026-05-01 03:35:00,TIAUSDT,TREND,BUY,0.3578,0.3509,REVERSE_SIGNAL,207,10291.609479595721,0.44169611307420503,2.264,-2.028,-208.71384024620122,False,23091.490021558508,0.895759717314485
524,2026-05-01 14:25:00,OPUSDT,FADE,SELL,0.1229,0.1204,TP,95,15394.326681039005,0.6666666666666666,1.5,1.93,297.11050494405276,True,23388.60052650256,0.0
525,2026-05-01 20:35:00,LINKUSDT,FADE,BUY,9.0959,9.145,REVERSE_SIGNAL,220,15592.400351001708,0.6666666666666667,1.5,0.47,73.28428164970802,True,23461.884808152266,0.0
526,2026-05-01 20:50:00,AVAXUSDT,FADE,BUY,9.0721,9.123,REVERSE_SIGNAL,215,15641.256538768177,0.6666666666666666,1.5,0.491,76.79856960535176,True,23538.683377757618,0.0
527,2026-05-01 21:40:00,FETUSDT,FADE,BUY,0.1975,0.2003,REVERSE_SIGNAL,181,15692.455585171747,0.6666666666666667,1.5,1.348,211.53430128811516,True,23750.217679045734,0.0
528,2026-05-01 23:10:00,ARBUSDT,FADE,BUY,0.1232,0.1234,REVERSE_SIGNAL,210,15833.478452697158,0.6666666666666667,1.5,0.119,18.841839358709617,True,23769.059518404443,0.0
529,2026-05-02 13:30:00,XRPUSDT,FADE,SELL,1.3932,1.3845,REVERSE_SIGNAL,123,15846.039678936297,0.6666666666666667,1.5,0.553,87.62859942451773,True,23856.688117828962,0.0
530,2026-05-02 14:15:00,BNBUSDT,FADE,SELL,617.738,616.52,REVERSE_SIGNAL,137,15904.45874521931,0.6666666666666667,1.5,0.127,20.198662606428524,True,23876.88678043539,0.0
531,2026-05-02 14:25:00,ADAUSDT,FADE,SELL,0.2502,0.2483,REVERSE_SIGNAL,118,15917.92452029026,0.6666666666666666,1.5,0.689,109.67449994479989,True,23986.56128038019,0.0
532,2026-05-02 15:10:00,BTCUSDT,FADE,SELL,78480.28,78200.0,REVERSE_SIGNAL,119,15991.040853586794,0.6666666666666667,1.5,0.287,45.8942872497941,True,24032.455567629982,0.0
533,2026-05-02 20:05:00,ATOMUSDT,FADE,SELL,1.8918,1.865,REVERSE_SIGNAL,40,16021.637045086656,0.6666666666666667,1.5,1.344,215.33080188596466,True,24247.786369515947,0.0
534,2026-05-03 00:20:00,ARBUSDT,TREND,SELL,0.1212,0.1188,TP,22,16165.190913010632,0.6666666666666667,1.5,1.9,307.13862734720203,True,24554.92499686315,0.0
535,2026-05-03 01:15:00,XRPUSDT,FADE,BUY,1.3816,1.3887,REVERSE_SIGNAL,103,16369.949997908767,0.6666666666666667,1.5,0.446,73.00997699067311,True,24627.934973853822,0.0
536,2026-05-03 01:20:00,LINKUSDT,FADE,BUY,9.0959,9.142,REVERSE_SIGNAL,104,16418.62331590255,0.6666666666666667,1.5,0.437,71.74938389049414,True,24699.684357744318,0.0
537,2026-05-03 01:45:00,ADAUSDT,FADE,BUY,0.248,0.2503,REVERSE_SIGNAL,123,16466.456238496212,0.6666666666666666,1.5,0.875,144.08149208684188,True,24843.76584983116,0.0
538,2026-05-03 01:50:00,DOGEUSDT,FADE,BUY,0.1074,0.1092,REVERSE_SIGNAL,121,16562.51056655411,0.6666666666666667,1.5,1.658,274.6064251934671,True,25118.372275024627,0.0
539,2026-05-03 01:55:00,BTCUSDT,FADE,BUY,78069.375,78372.5,REVERSE_SIGNAL,81,16745.581516683087,0.6666666666666667,1.5,0.318,53.25094922305222,True,25171.62322424768,0.0
540,2026-05-03 02:10:00,INJUSDT,FADE,BUY,3.7273,3.788,REVERSE_SIGNAL,147,16781.082149498452,0.6666666666666666,1.5,1.559,261.6170707106809,True,25433.24029495836,0.0
541,2026-05-03 10:40:00,XRPUSDT,FADE,SELL,1.3932,1.387,REVERSE_SIGNAL,151,16955.493529972242,0.6666666666666667,1.5,0.373,63.24399086679646,True,25496.484285825154,0.0
542,2026-05-03 23:55:00,ATOMUSDT,FADE,BUY,1.872,1.9094,TP,24,16997.656190550104,0.6666666666666667,1.5,1.93,328.05476447761697,True,25824.53905030277,0.0
543,2026-05-04 00:00:00,TIAUSDT,FADE,BUY,0.3447,0.3516,TP,22,17216.359366868513,0.6666666666666666,1.5,1.93,332.2757357805623,True,26156.814786083334,0.0
544,2026-05-04 00:15:00,APTUSDT,FADE,BUY,0.9747,0.9942,TP,19,17437.876524055555,0.6666666666666666,1.5,1.93,336.55101691427217,True,26493.365802997607,0.0
545,2026-05-04 01:55:00,ATOMUSDT,FADE,SELL,1.9203,1.895,REVERSE_SIGNAL,77,17662.24386866507,0.6666666666666666,1.5,1.249,220.60142591962676,True,26713.967228917234,0.0
546,2026-05-04 02:15:00,AVAXUSDT,TREND,BUY,9.227,9.034,REVERSE_SIGNAL,97,12384.77850204786,0.46360686138154844,2.157,-2.192,-271.4743447648891,False,26442.492884152343,1.0162262401483602
547,2026-05-04 02:25:00,TIAUSDT,TREND,BUY,0.3545,0.3427,REVERSE_SIGNAL,95,7322.761806743932,0.2769315978953198,3.611,-3.429,-251.0975023532494,False,26191.395381799095,1.9561746207147674
548,2026-05-04 02:25:00,ADAUSDT,FADE,SELL,0.2532,0.2481,TP,90,17460.93025453273,0.6666666666666666,1.5,1.93,336.99595391248164,True,26528.391335711578,0.694677400834626
549,2026-05-04 02:40:00,FETUSDT,FADE,SELL,0.211,0.2068,TP,63,17685.594223807722,0.6666666666666669,1.5,1.93,341.331968519489,True,26869.723304231065,0.0
550,2026-05-04 02:45:00,NEARUSDT,FADE,SELL,1.2942,1.273,REVERSE_SIGNAL,76,17913.148869487377,0.6666666666666666,1.5,1.569,281.05730576225693,True,27150.780609993322,0.0
551,2026-05-04 09:05:00,NEARUSDT,FADE,BUY,1.2598,1.279,REVERSE_SIGNAL,97,18100.520406662217,0.6666666666666667,1.5,1.454,263.18156671286863,True,27413.96217670619,0.0
552,2026-05-04 09:30:00,ATOMUSDT,FADE,BUY,1.872,1.906,REVERSE_SIGNAL,181,18275.974784470793,0.6666666666666666,1.5,1.746,319.09851973686006,True,27733.06069644305,0.0
553,2026-05-04 10:10:00,ARBUSDT,FADE,BUY,0.1138,0.1161,TP,55,18488.707130962033,0.6666666666666666,1.5,1.93,356.8320476275672,True,28089.892744070617,0.0
554,2026-05-04 10:15:00,DOGEUSDT,TREND,SELL,0.109,0.1115,REVERSE_SIGNAL,205,8506.932993358758,0.30284675953967294,3.302,-2.375,-202.0396585922705,False,27887.853085478346,0.7192610539067277
555,2026-05-04 10:15:00,OPUSDT,TREND,SELL,0.1207,0.1253,REVERSE_SIGNAL,95,6731.3186303351085,0.24137098720733777,4.143,-3.911,-263.2618716324061,False,27624.59121384594,1.6564731466370486
556,2026-05-04 10:25:00,FETUSDT,TREND,SELL,0.2021,0.2079,REVERSE_SIGNAL,188,9153.277406840934,0.3313452617627568,3.018,-2.97,-271.85233898317574,False,27352.738874862764,2.6242672975796846
557,2026-05-04 18:10:00,OPUSDT,FADE,SELL,0.1258,0.1233,TP,17,10941.095549945105,0.39999999999999997,2.5,1.93,211.1631441139405,True,27563.902018976703,1.8725266411170023
558,2026-05-04 21:20:00,TIAUSDT,TREND,BUY,0.3586,0.3658,TP,46,18375.934679317805,0.6666666666666667,1.5,1.9,349.1427589070383,True,27913.04477788374,0.6295786452378214
559,2026-05-05 01:20:00,NEARUSDT,FADE,BUY,1.2598,1.285,TP,132,18608.696518589164,0.6666666666666669,1.5,1.93,359.1478428087708,True,28272.192620692513,0.0
560,2026-05-05 03:20:00,DOGEUSDT,FADE,SELL,0.1118,0.1146,SL,210,7682.661038231662,0.27173913043478265,3.6799999999999997,-2.57,-197.4443886825537,False,28074.74823200996,0.6983695652173918
561,2026-05-05 07:15:00,FILUSDT,FADE,SELL,0.9584,0.9392,TP,103,18716.498821339974,0.6666666666666667,1.5,1.93,361.22842725186143,True,28435.97665926182,0.0
562,2026-05-05 12:35:00,NEARUSDT,FADE,SELL,1.2942,1.2683,TP,34,18957.317772841216,0.6666666666666667,1.5,1.93,365.8762330158354,True,28801.852892277657,0.0
563,2026-05-05 14:40:00,TIAUSDT,TREND,SELL,0.3587,0.3679,REVERSE_SIGNAL,82,8538.942452498562,0.29647198339756886,3.373,-2.665,-227.5628163590867,False,28574.29007591857,0.7900978357545262
564,2026-05-05 16:40:00,APTUSDT,FADE,BUY,0.9613,0.9805,TP,43,19049.526717279048,0.6666666666666667,1.5,1.93,367.6558656434856,True,28941.945941562055,0.0
565,2026-05-05 20:45:00,OPUSDT,FADE,SELL,0.1306,0.128,TP,20,19294.630627708037,0.6666666666666666,1.5,1.93,372.38637111476504,True,29314.33231267682,0.0
566,2026-05-05 20:55:00,APTUSDT,FADE,SELL,0.9983,1.0233,SL,62,9668.315406555681,0.3298153034300792,3.032,-2.57,-248.47570594848096,False,29065.85660672834,0.8476253298153001
567,2026-05-06 09:00:00,ETHUSDT,FADE,SELL,2412.605,2364.3529,TP,50,19377.237737818894,0.6666666666666667,1.5,1.93,373.9806883399046,True,29439.837295068242,0.0
568,2026-05-06 13:45:00,DOGEUSDT,TREND,SELL,0.1127,0.1104,TP,136,19626.55819671216,0.6666666666666666,1.5,1.9,372.9046057375311,True,29812.741900805773,0.0
569,2026-05-06 14:00:00,FETUSDT,TREND,SELL,0.217,0.226,SL,33,7108.426776539289,0.23843586075345735,4.194,-4.265,-303.17440201940065,False,29509.56749878637,1.0169289461134998
570,2026-05-06 14:00:00,RENDERUSDT,FADE,BUY,1.8973,1.9352,TP,15,19673.044999190915,0.6666666666666667,1.5,1.93,379.6897684843846,True,29889.257267270757,0.0
571,2026-05-06 16:15:00,ATOMUSDT,FADE,BUY,1.8913,1.926,REVERSE_SIGNAL,174,19926.17151151384,0.6666666666666667,1.5,1.763,351.29840374798897,True,30240.555671018745,0.0
572,2026-05-06 20:40:00,FETUSDT,FADE,SELL,0.2268,0.2223,TP,38,20160.37044734583,0.6666666666666667,1.5,1.93,389.0951496337745,True,30629.650820652518,0.0
573,2026-05-06 23:50:00,FILUSDT,TREND,BUY,1.103,1.0644,SL,14,8662.231566926615,0.28280542986425333,3.5360000000000005,-3.6,-311.8403364093582,False,30317.81048424316,1.0180995475113097
574,2026-05-07 01:00:00,BNBUSDT,FADE,BUY,643.4933,652.63,REVERSE_SIGNAL,78,20211.873656162108,0.6666666666666667,1.5,1.35,272.86029435818847,True,30590.67077860135,0.12726244343890628
575,2026-05-07 02:10:00,FETUSDT,TREND,SELL,0.2188,0.2265,SL,57,8065.033160717467,0.2636435539151068,3.7929999999999997,-3.6,-290.3411937858288,False,30300.32958481552,1.0751713683100381
576,2026-05-07 07:00:00,LINKUSDT,FADE,SELL,10.0838,9.8821,TP,89,20200.21972321035,0.6666666666666667,1.5,1.93,389.8642406579597,True,30690.19382547348,0.0
577,2026-05-07 07:05:00,FETUSDT,TREND,BUY,0.229,0.221,SL,89,8468.596530207915,0.27593818984547464,3.624,-3.6,-304.86947508748494,False,30385.324350385996,0.9933774834437109
578,2026-05-07 07:10:00,ARBUSDT,TREND,BUY,0.1282,0.1257,REVERSE_SIGNAL,146,11130.15543970183,0.3663003663003663,2.73,-2.05,-228.1681865138875,False,30157.156163872107,1.736833806370237
579,2026-05-07 07:20:00,SOLUSDT,FADE,SELL,90.095,88.2931,TP,84,20104.770775914738,0.6666666666666666,1.5,1.93,388.0220759751544,True,30545.17823984726,0.47251440134553657
580,2026-05-07 07:40:00,INJUSDT,FADE,SELL,3.9068,3.8287,TP,70,20363.452159898177,0.6666666666666667,1.5,1.93,393.0146266860348,True,30938.192866533296,0.0
581,2026-05-07 09:55:00,NEARUSDT,FADE,BUY,1.4666,1.4959,TP,34,20625.461911022197,0.6666666666666666,1.5,1.93,398.0714148827284,True,31336.264281416024,0.0
582,2026-05-07 10:20:00,BTCUSDT,FADE,BUY,80582.35,80117.1,REVERSE_SIGNAL,292,17477.001830126064,0.5577244841048523,1.7929999999999997,-0.647,-113.07620184091564,False,31223.18807957511,0.3608477412158375
583,2026-05-07 15:00:00,RENDERUSDT,TREND,SELL,1.945,1.978,REVERSE_SIGNAL,206,16415.97690829396,0.5257623554153523,1.902,-1.797,-294.99510504204244,False,30928.192974533067,1.302233422651353
584,2026-05-07 15:20:00,SEIUSDT,FADE,BUY,0.0598,0.061,TP,38,20618.79531635538,0.6666666666666667,1.5,1.93,397.9427496056588,True,31326.135724138727,0.03232215935613104
585,2026-05-07 15:20:00,TIAUSDT,TREND,SELL,0.3751,0.3899,REVERSE_SIGNAL,109,7581.349400808018,0.24201355275895453,4.132,-4.046,-306.74139675669244,False,31019.394327382033,1.0111924994898354
586,2026-05-07 15:55:00,INJUSDT,FADE,BUY,3.8171,3.8934,TP,149,20679.596218254694,0.6666666666666669,1.5,1.93,399.11620701231556,True,31418.51053439435,0.0
587,2026-05-07 16:15:00,APTUSDT,TREND,SELL,1.004,1.0317,REVERSE_SIGNAL,106,10047.492975501871,0.3197953309881676,3.127,-2.859,-287.2578241695985,False,31131.25271022475,0.9142948512951733
588,2026-05-08 00:25:00,TIAUSDT,TREND,BUY,0.3899,0.3977,TP,37,20575.844487921186,0.6609385327164574,1.513,1.9,390.9410452705025,True,31522.193755495253,0.0
589,2026-05-08 04:30:00,INJUSDT,FADE,SELL,3.9068,4.0045,SL,33,11178.082892019595,0.35460992907801425,2.82,-2.57,-287.27673032490355,False,31234.91702517035,0.9113475177304917
590,2026-05-08 07:25:00,NEARUSDT,TREND,BUY,1.499,1.529,TP,2,20823.278016780238,0.6666666666666667,1.5,1.9,395.6422823188245,True,31630.559307489177,0.0
591,2026-05-08 08:10:00,RENDERUSDT,TREND,BUY,1.978,2.0176,TP,111,21087.039538326117,0.6666666666666666,1.5,1.9,400.6537512281962,True,32031.213058717374,0.0
592,2026-05-08 10:20:00,ADAUSDT,FADE,SELL,0.2641,0.2707,SL,83,11534.466351716734,0.36010082823190487,2.777,-2.57,-296.43578523912004,False,31734.777273478256,0.9254591285559909
593,2026-05-08 11:20:00,XRPUSDT,FADE,SELL,1.3926,1.4274,SL,151,12638.302378924036,0.39824771007566706,2.511,-2.57,-324.8043711383477,False,31409.97290233991,1.9394837005974508
594,2026-05-08 11:50:00,ETHUSDT,FADE,SELL,2299.4434,2303.15,REVERSE_SIGNAL,321,20939.981934893276,0.6666666666666667,1.5,-0.231,-48.37135826960347,False,31361.601544070305,2.0904968956985313
595,2026-05-09 08:25:00,OPUSDT,TREND,SELL,0.165,0.1617,TP,194,17250.60590982965,0.5500550055005501,1.818,1.9,327.7615122867633,True,31689.36305635707,1.0672402625952666
596,2026-05-09 09:25:00,SEIUSDT,TREND,SELL,0.0664,0.0679,SL,74,13947.78303536843,0.44014084507042256,2.272,-2.224,-310.1986947065939,False,31379.164361650477,2.035666572700844
597,2026-05-09 09:30:00,AVAXUSDT,FADE,BUY,9.8583,9.956,REVERSE_SIGNAL,112,20919.442907766985,0.6666666666666666,1.5,0.921,192.66806918053396,True,31571.83243083101,1.4341655654572265
598,2026-05-09 09:55:00,FILUSDT,TREND,SELL,1.229,1.2044,TP,59,21047.888287220674,0.6666666666666666,1.5,1.9,399.9098774571928,True,31971.742308288205,0.18566499595301472
599,2026-05-09 13:20:00,ARBUSDT,TREND,SELL,0.1418,0.139,TP,32,21314.49487219214,0.6666666666666667,1.5,1.9,404.97540257165065,True,32376.717710859855,0.0
600,2026-05-09 13:35:00,TIAUSDT,TREND,SELL,0.4336,0.4414,REVERSE_SIGNAL,101,12878.567108536141,0.3977724741447892,2.514,-1.899,-244.5639893911013,False,32132.153721468752,0.7553699284009597
601,2026-05-09 14:50:00,FETUSDT,TREND,SELL,0.232,0.2344,REVERSE_SIGNAL,208,19616.69946365614,0.6105006105006106,1.638,-1.134,-222.4533719178606,False,31909.70034955089,1.4424481365889565
602,2026-05-09 17:10:00,ETHUSDT,FADE,SELL,2334.666,2331.03,REVERSE_SIGNAL,323,21273.13356636726,0.6666666666666667,1.5,0.086,18.294894867075843,True,31927.995244417965,1.385941806853938
603,2026-05-09 19:15:00,AVAXUSDT,FADE,SELL,9.9818,9.877,REVERSE_SIGNAL,73,21285.330162945313,0.6666666666666667,1.5,0.98,208.59623559686406,True,32136.59148001483,0.741663293325378
604,2026-05-09 22:00:00,TIAUSDT,TREND,BUY,0.4414,0.4331,REVERSE_SIGNAL,45,12667.162585737025,0.3941663381947182,2.537,-1.98,-250.80981919759307,False,31885.78166081724,1.5163243366017454
605,2026-05-09 22:55:00,XRPUSDT,FADE,SELL,1.423,1.4117,REVERSE_SIGNAL,30,21257.187773878162,0.6666666666666667,1.5,0.728,154.752326993833,True,32040.53398781107,1.0383502307153891
606,2026-05-10 00:55:00,BNBUSDT,FADE,BUY,646.9767,651.29,REVERSE_SIGNAL,100,21360.35599187405,0.6666666666666667,1.5,0.597,127.52132527148807,True,32168.05531308256,0.6444828646336326
607,2026-05-10 08:05:00,SOLUSDT,FADE,SELL,94.5867,96.9513,SL,374,9931.477404471305,0.30873726458783574,3.2390000000000003,-2.57,-255.23896929491252,False,31912.81634378765,1.432823954593157
608,2026-05-10 08:10:00,FETUSDT,FADE,SELL,0.2352,0.2411,SL,109,11681.118720273664,0.36603221083455345,2.732,-2.57,-300.20475111103315,False,31612.611592676618,2.3600481216381595
609,2026-05-10 08:50:00,ADAUSDT,FADE,SELL,0.2732,0.2801,SL,82,9339.028535502695,0.2954209748892172,3.385,-2.57,-240.01303336241924,False,31372.5985593142,3.101361788779634
610,2026-05-10 09:00:00,ARBUSDT,TREND,BUY,0.1423,0.1451,TP,113,20915.06570620947,0.6666666666666667,1.5,1.9,397.3862484179799,True,31769.98480773218,1.8739790381041728
611,2026-05-10 09:15:00,BNBUSDT,FADE,SELL,651.53,651.23,REVERSE_SIGNAL,142,17649.99155985121,0.5555555555555555,1.8000000000000003,-0.024,-4.23599797436429,False,31765.748809757817,1.8870625075657559
612,2026-05-10 11:05:00,TIAUSDT,TREND,BUY,0.4387,0.4475,TP,63,21177.165873171878,0.6666666666666666,1.5,1.9,402.36615159026564,True,32168.11496134808,0.6442986326615939
613,2026-05-10 15:45:00,SEIUSDT,TREND,BUY,0.0703,0.0717,TP,8,21445.409974232058,0.6666666666666667,1.5,1.9,407.4627895104091,True,32575.57775085849,0.0
614,2026-05-10 17:35:00,OPUSDT,FADE,SELL,0.1661,0.1628,TP,25,21717.05183390566,0.6666666666666667,1.5,1.93,419.1391003943792,True,32994.71685125287,0.0
615,2026-05-10 20:50:00,RENDERUSDT,TREND,SELL,1.982,1.9424,TP,80,14862.485068131924,0.4504504504504504,2.22,1.9,282.3872162945066,True,33277.10406754738,0.0
616,2026-05-10 21:05:00,NEARUSDT,TREND,SELL,1.553,1.5219,TP,74,14763.577669719332,0.44365572315882873,2.254,1.9,280.5079757246673,True,33557.61204327204,0.0
617,2026-05-10 21:10:00,DOGEUSDT,TREND,SELL,0.1079,0.1117,SL,21,8135.178677156859,0.24242424242424243,4.125,-3.6,-292.86643237764696,False,33264.745610894395,0.8727272727272717
618,2026-05-10 21:15:00,OPUSDT,TREND,SELL,0.161,0.1578,TP,174,17280.387330334754,0.5194805194805195,1.925,1.9,328.3273592763603,True,33593.07297017075,0.0
619,2026-05-10 21:35:00,ARBUSDT,TREND,SELL,0.1417,0.1389,TP,335,14002.948299362548,0.4168403501458941,2.399,1.9,266.0560176878884,True,33859.12898785864,0.0
620,2026-05-11 01:30:00,FETUSDT,TREND,SELL,0.2376,0.2328,TP,22,22572.752658572426,0.6666666666666666,1.5,1.9,428.8823005128761,True,34288.01128837152,0.0
621,2026-05-11 02:20:00,APTUSDT,TREND,SELL,1.1153,1.093,TP,280,13803.547217540869,0.40257648953301123,2.484,1.9,262.2673971332765,True,34550.278685504796,0.0
622,2026-05-11 02:30:00,TIAUSDT,TREND,SELL,0.4373,0.4286,TP,13,23033.519123669867,0.6666666666666667,1.5,1.9,437.63686334972743,True,34987.91554885452,0.0
623,2026-05-11 02:45:00,INJUSDT,FADE,BUY,4.1764,4.2599,TP,23,23325.277032569684,0.6666666666666667,1.5,1.93,450.17784672859483,True,35438.09339558311,0.0
624,2026-05-11 03:10:00,SEIUSDT,TREND,SELL,0.0728,0.0754,SL,27,8745.827590222883,0.24679170779861803,4.052,-3.6,-314.84979324802384,False,35123.24360233509,0.8884501480750256
625,2026-05-11 06:10:00,SEIUSDT,TREND,BUY,0.0769,0.0742,SL,26,9824.683525128696,0.2797202797202797,3.575,-3.6,-353.6886069046331,False,34769.55499543046,1.886496524206291
626,2026-05-11 08:15:00,INJUSDT,TREND,BUY,4.332,4.4186,TP,33,23179.70333028697,0.6666666666666666,1.5,1.9,440.41436327545244,True,35209.96935870591,0.643725480179579
627,2026-05-11 10:05:00,TIAUSDT,TREND,BUY,0.4487,0.4577,TP,2,23473.31290580394,0.6666666666666667,1.5,1.9,445.99294521027485,True,35655.96230391618,0.0
628,2026-05-11 10:30:00,NEARUSDT,FADE,SELL,1.5615,1.5303,TP,31,23770.64153594412,0.6666666666666666,1.5,1.93,458.77338164372145,True,36114.73568555991,0.0
629,2026-05-11 14:15:00,NEARUSDT,FADE,BUY,1.5239,1.5544,TP,69,24076.490457039938,0.6666666666666666,1.5,1.93,464.67626582087075,True,36579.411951380775,0.0
630,2026-05-11 15:00:00,ATOMUSDT,FADE,BUY,1.9894,2.0292,TP,76,24386.274634253852,0.6666666666666667,1.5,1.93,470.6551004410993,True,37050.067051821876,0.0
631,2026-05-11 20:45:00,NEARUSDT,TREND,BUY,1.557,1.514,REVERSE_SIGNAL,60,10683.41033789558,0.2883506343713956,3.4680000000000004,-2.862,-305.7592038705715,False,36744.307847951306,0.8252595155709295
632,2026-05-12 01:45:00,NEARUSDT,TREND,SELL,1.514,1.551,REVERSE_SIGNAL,55,15034.495846133923,0.4091653027823241,2.444,-2.544,-382.477574325647,False,36361.83027362566,1.8575857831338898
633,2026-05-12 01:55:00,TIAUSDT,TREND,SELL,0.4414,0.4545,SL,32,11303.024642096878,0.31084861672365555,3.2170000000000005,-3.063,-346.21164478742736,False,36015.61862883823,2.7920284774026554
634,2026-05-12 05:35:00,TIAUSDT,TREND,BUY,0.459,0.4429,SL,83,8840.358033588176,0.24545900834560627,4.074,-3.6,-318.2528892091744,False,35697.36573962906,3.6510090799587385
635,2026-05-12 06:30:00,BNBUSDT,FADE,BUY,658.465,661.92,REVERSE_SIGNAL,137,23798.243826419373,0.6666666666666667,1.5,0.455,108.28200941020816,True,35805.647749039264,3.358750474167952
636,2026-05-12 13:30:00,TIAUSDT,TREND,SELL,0.4393,0.4305,TP,11,23870.431832692844,0.6666666666666667,1.5,1.9,453.538204821164,True,36259.185953860426,2.1346279801740864
637,2026-05-12 13:55:00,ATOMUSDT,FADE,BUY,1.9894,2.0292,TP,30,24172.79063590695,0.6666666666666666,1.5,1.93,466.5348592730041,True,36725.72081313343,0.8754268601856692
638,2026-05-12 17:55:00,ATOMUSDT,TREND,BUY,2.073,2.1145,TP,6,24483.813875422285,0.6666666666666667,1.5,1.9,465.1924636330234,True,37190.91327676645,0.0
639,2026-05-12 19:25:00,TIAUSDT,TREND,BUY,0.4558,0.4649,TP,19,24793.94218451097,0.6666666666666667,1.5,1.9,471.0849015057084,True,37661.99817827216,0.0
640,2026-05-12 22:05:00,RENDERUSDT,FADE,SELL,1.9115,1.909,REVERSE_SIGNAL,169,16941.969490900658,0.449842555105713,2.223,0.061,10.3346013894494,True,37672.33277966161,0.0
641,2026-05-13 01:35:00,ARBUSDT,TREND,BUY,0.1392,0.142,TP,92,25114.888519774406,0.6666666666666667,1.5,1.9,477.1828818757137,True,38149.51566153732,0.0
642,2026-05-13 02:20:00,FETUSDT,FADE,SELL,0.2288,0.2242,TP,46,25433.010441024882,0.6666666666666667,1.5,1.93,490.8571015117802,True,38640.3727630491,0.0
643,2026-05-13 06:45:00,SEIUSDT,FADE,SELL,0.0708,0.0695,REVERSE_SIGNAL,53,25760.248508699402,0.6666666666666667,1.5,1.738,447.7131190811956,True,39088.08588213029,0.0
644,2026-05-13 11:50:00,ATOMUSDT,TREND,SELL,2.107,2.0649,TP,10,26058.723921420195,0.6666666666666667,1.5,1.9,495.1157545069837,True,39583.20163663728,0.0
645,2026-05-13 12:10:00,ARBUSDT,TREND,SELL,0.1385,0.1357,TP,5,26388.801091091518,0.6666666666666666,1.5,1.9,501.3872207307388,True,40084.58885736801,0.0
646,2026-05-13 12:20:00,FILUSDT,TREND,SELL,1.082,1.0604,TP,3,26723.059238245343,0.6666666666666667,1.5,1.9,507.7381255266615,True,40592.32698289467,0.0
647,2026-05-13 12:25:00,APTUSDT,TREND,SELL,1.0899,1.0681,TP,2,27061.551321929783,0.6666666666666667,1.5,1.9,514.1694751166658,True,41106.49645801134,0.0
648,2026-05-13 12:30:00,LINKUSDT,TREND,SELL,10.357,10.1499,TP,15,27404.33097200756,0.6666666666666667,1.5,1.9,520.6822884681436,True,41627.17874647948,0.0
649,2026-05-13 13:05:00,TIAUSDT,TREND,SELL,0.4776,0.468,TP,11,27751.45249765299,0.6666666666666667,1.5,1.9,527.2775974554067,True,42154.45634393489,0.0
650,2026-05-13 16:35:00,INJUSDT,TREND,SELL,5.371,5.2636,TP,12,28102.970895956598,0.6666666666666667,1.5,1.9,533.9564470231753,True,42688.41279095807,0.0
651,2026-05-13 18:15:00,DOGEUSDT,FADE,SELL,0.1146,0.1123,TP,13,28458.941860638715,0.6666666666666667,1.5,1.93,549.2575779103271,True,43237.6703688684,0.0
652,2026-05-14 03:35:00,NEARUSDT,TREND,SELL,1.549,1.599,REVERSE_SIGNAL,137,12176.195541782146,0.28161081385525205,3.551,-3.328,-405.2237876305098,False,42832.44658123789,0.9372007885102747
653,2026-05-14 03:40:00,RENDERUSDT,TREND,SELL,1.84,1.883,REVERSE_SIGNAL,111,17914.03035601752,0.4182350480970305,2.391,-2.437,-436.56491977614695,False,42395.881661461746,1.9468872865378752
654,2026-05-14 05:00:00,XRPUSDT,FADE,SELL,1.4357,1.4716,SL,109,16599.797048340544,0.3915426781519186,2.554,-2.57,-426.61478414235194,False,41969.266877319395,2.93356113020897
655,2026-05-14 14:30:00,TIAUSDT,TREND,BUY,0.4679,0.4773,TP,8,27979.511251546264,0.6666666666666667,1.5,1.9,531.610713779379,True,42500.877591098775,1.7040529045249466
656,2026-05-14 14:50:00,FETUSDT,TREND,BUY,0.2162,0.2116,REVERSE_SIGNAL,139,19144.5394554499,0.45045045045045046,2.22,-2.228,-426.5403390674238,False,42074.33725203135,2.69055457177143
657,2026-05-14 14:50:00,APTUSDT,TREND,BUY,1.0589,1.0437,REVERSE_SIGNAL,138,20911.698435403257,0.49701789264413526,2.012,-1.535,-320.99457098344,False,41753.34268104791,3.432950191713439
658,2026-05-14 15:00:00,ARBUSDT,TREND,BUY,0.1331,0.1358,TP,14,27835.56178736527,0.6666666666666666,1.5,1.9,528.8756739599402,True,42282.21835500785,2.2097675608084733
659,2026-05-14 15:00:00,NEARUSDT,TREND,BUY,1.599,1.631,TP,15,28188.145570005232,0.6666666666666666,1.5,1.9,535.5747658300994,True,42817.793120837945,0.9710912832453862
660,2026-05-14 15:10:00,ATOMUSDT,TREND,BUY,2.044,2.023,REVERSE_SIGNAL,143,26528.99202034569,0.6195786864931846,1.614,-1.127,-298.98174006929594,False,42518.811380768646,1.6625756706294237
661,2026-05-14 15:15:00,FILUSDT,TREND,BUY,1.059,1.041,REVERSE_SIGNAL,160,17319.271438194966,0.40733197556008144,2.455,-1.8,-311.74688588750945,False,42207.06449488114,2.3835832624537243
662,2026-05-14 15:35:00,OPUSDT,FADE,SELL,0.1479,0.1449,TP,52,28138.042996587425,0.6666666666666666,1.5,1.93,543.0642298341372,True,42750.12872471528,1.127585367097287
663,2026-05-15 01:45:00,ARBUSDT,TREND,SELL,0.131,0.1284,TP,45,28500.085816476854,0.6666666666666667,1.5,1.9,541.5016305130603,True,43291.63035522834,0.0
664,2026-05-15 02:20:00,APTUSDT,TREND,SELL,1.0437,1.0228,TP,38,28861.08690348556,0.6666666666666666,1.5,1.9,548.3606511662256,True,43839.99100639457,0.0
665,2026-05-15 02:25:00,TIAUSDT,TREND,SELL,0.4555,0.4464,TP,37,29226.66067092972,0.6666666666666667,1.5,1.9,555.3065527476647,True,44395.29755914224,0.0
666,2026-05-15 05:15:00,DOGEUSDT,TREND,SELL,0.1143,0.112,TP,101,29596.86503942816,0.6666666666666667,1.5,1.9,562.340435749135,True,44957.637994891375,0.0
667,2026-05-15 13:40:00,BNBUSDT,FADE,BUY,670.2466,653.4905,SL,232,16762.72855887076,0.37285607755406414,2.682,-2.57,-430.8021239629785,False,44526.83587092839,0.9582401193139517
668,2026-05-15 22:05:00,RENDERUSDT,TREND,BUY,1.868,1.9054,TP,39,29684.557247285597,0.6666666666666667,1.5,1.9,564.0065876984263,True,45090.84245862682,0.0
669,2026-05-16 11:45:00,ATOMUSDT,TREND,BUY,1.969,2.0084,TP,34,30060.56163908455,0.6666666666666667,1.5,1.9,571.1506711426065,True,45661.99312976943,0.0
670,2026-05-16 16:10:00,OPUSDT,FADE,SELL,0.1351,0.1328,REVERSE_SIGNAL,86,30441.32875317962,0.6666666666666667,1.5,1.608,489.4965663511283,True,46151.48969612055,0.0
671,2026-05-16 16:40:00,INJUSDT,TREND,BUY,4.701,4.795,TP,17,18460.59587844822,0.4,2.5,1.9,350.7513216905162,True,46502.241017811066,0.0
672,2026-05-17 00:45:00,AVAXUSDT,FADE,BUY,9.1937,9.331,REVERSE_SIGNAL,43,31001.494011874045,0.6666666666666667,1.5,1.424,441.46127472908637,True,46943.702292540154,0.0
673,2026-05-17 01:15:00,LINKUSDT,FADE,BUY,9.634,9.769,REVERSE_SIGNAL,33,31295.801528360105,0.6666666666666667,1.5,1.331,416.54711834247297,True,47360.24941088263,0.0
674,2026-05-17 01:50:00,INJUSDT,FADE,BUY,4.628,4.7206,TP,21,31573.49960725509,0.6666666666666667,1.5,1.93,609.3685424200231,True,47969.61795330265,0.0
675,2026-05-17 04:20:00,LINKUSDT,FADE,SELL,9.8,9.712,REVERSE_SIGNAL,133,31979.74530220177,0.6666666666666667,1.5,0.828,264.7922911022306,True,48234.410244404884,0.0
676,2026-05-17 04:35:00,INJUSDT,TREND,BUY,4.773,4.8685,TP,5,32156.273496269925,0.6666666666666667,1.5,1.9,610.9691964291286,True,48845.37944083401,0.0
677,2026-05-17 04:45:00,SOLUSDT,FADE,SELL,86.987,86.28,REVERSE_SIGNAL,110,32563.58629388934,0.6666666666666666,1.5,0.743,241.9474461635978,True,49087.32688699761,0.0
678,2026-05-17 04:55:00,FETUSDT,FADE,SELL,0.1975,0.1945,REVERSE_SIGNAL,107,32724.88459133174,0.6666666666666666,1.5,1.441,471.5655869610904,True,49558.8924739587,0.0
679,2026-05-17 13:10:00,OPUSDT,FADE,BUY,0.1308,0.1275,SL,114,8782.366201304041,0.177210703526493,5.643,-2.57,-225.70681137351383,False,49333.18566258519,0.45543150806308924
680,2026-05-17 13:40:00,APTUSDT,FADE,BUY,0.9393,0.951,REVERSE_SIGNAL,91,32888.79044172346,0.6666666666666667,1.5,1.18,388.0877272123368,True,49721.27338979753,0.0
681,2026-05-17 13:45:00,INJUSDT,TREND,SELL,4.735,4.6403,TP,111,33147.51559319835,0.6666666666666667,1.5,1.9,629.8027962707687,True,50351.0761860683,0.0
682,2026-05-17 14:05:00,FILUSDT,FADE,BUY,0.958,0.934,SL,114,8462.365745557696,0.1680672268907563,5.95,-2.57,-217.48279966083277,False,50133.59338640747,0.4319327731092365
683,2026-05-17 19:55:00,BNBUSDT,FADE,SELL,656.95,643.811,TP,28,33422.395590938315,0.6666666666666667,1.5,1.93,645.0522349051093,True,50778.64562131258,0.0
684,2026-05-17 23:10:00,BTCUSDT,FADE,BUY,76749.85,77412.0,REVERSE_SIGNAL,152,33852.430414208386,0.6666666666666666,1.5,0.793,268.4497731846725,True,51047.09539449725,0.0
685,2026-05-18 12:35:00,LINKUSDT,FADE,SELL,9.591,9.3992,TP,23,34031.396929664836,0.6666666666666667,1.5,1.93,656.8059607425313,True,51703.90135523978,0.0
686,2026-05-18 12:45:00,FETUSDT,FADE,SELL,0.1917,0.1879,TP,23,34469.26757015986,0.6666666666666667,1.5,1.93,665.2568641040851,True,52369.158219343866,0.0
687,2026-05-18 14:30:00,BTCUSDT,FADE,BUY,76131.1,77043.0,REVERSE_SIGNAL,68,34912.77214622925,0.6666666666666667,1.5,1.128,393.81606980946583,True,52762.97428915333,0.0
688,2026-05-18 15:00:00,ETHUSDT,TREND,SELL,2099.03,2124.26,REVERSE_SIGNAL,66,35175.316192768885,0.6666666666666666,1.5,-1.302,-457.9826168298509,False,52304.99167232348,0.8680000000000043
689,2026-05-18 15:05:00,LINKUSDT,FADE,BUY,9.3399,9.5267,TP,53,34869.99444821566,0.6666666666666667,1.5,1.93,672.9908928505621,True,52977.98256517404,0.0
690,2026-05-18 18:40:00,APTUSDT,FADE,BUY,0.9149,0.9332,TP,2,35318.65504344936,0.6666666666666667,1.5,1.93,681.6500423385726,True,53659.63260751261,0.0
691,2026-05-18 20:00:00,BNBUSDT,FADE,SELL,645.75,641.29,REVERSE_SIGNAL,148,35773.08840500841,0.6666666666666667,1.5,0.621,222.15087899510226,True,53881.78348650772,0.0
692,2026-05-18 20:20:00,OPUSDT,FADE,SELL,0.1295,0.1269,TP,169,35921.18899100515,0.6666666666666667,1.5,1.93,693.2789475263993,True,54575.06243403412,0.0
693,2026-05-18 21:05:00,ADAUSDT,FADE,SELL,0.2529,0.2487,REVERSE_SIGNAL,161,36383.374956022744,0.6666666666666666,1.5,1.607,584.6808355432855,True,55159.743269577404,0.0
694,2026-05-18 22:30:00,DOGEUSDT,FADE,SELL,0.1052,0.1038,REVERSE_SIGNAL,159,36773.162179718274,0.6666666666666667,1.5,1.204,442.74887264380806,True,55602.492142221214,0.0
695,2026-05-18 22:55:00,ATOMUSDT,FADE,SELL,2.083,2.0413,TP,141,37068.32809481415,0.6666666666666667,1.5,1.93,715.418732229913,True,56317.910874451125,0.0
696,2026-05-19 06:45:00,INJUSDT,TREND,SELL,5.006,4.9059,TP,59,37545.27391630075,0.6666666666666666,1.5,1.9,713.3602044097142,True,57031.27107886084,0.0
697,2026-05-19 10:25:00,SOLUSDT,FADE,BUY,84.39,84.75,REVERSE_SIGNAL,233,38020.847385907226,0.6666666666666666,1.5,0.357,135.73442516768878,True,57167.00550402853,0.0
698,2026-05-19 11:15:00,NEARUSDT,FADE,BUY,1.5852,1.6169,TP,13,38111.33700268569,0.6666666666666666,1.5,1.93,735.5488041518337,True,57902.55430818036,0.0
699,2026-05-19 14:30:00,BTCUSDT,FADE,BUY,76131.1,77263.3,REVERSE_SIGNAL,179,38601.702872120244,0.6666666666666667,1.5,1.417,546.9861296979439,True,58449.540437878306,0.0
700,2026-05-19 14:50:00,OPUSDT,TREND,SELL,0.1265,0.1278,REVERSE_SIGNAL,182,38966.36029191887,0.6666666666666666,1.5,-1.128,-439.5405440928448,False,58009.99989378546,0.7519999999999991
701,2026-05-19 17:00:00,RENDERUSDT,TREND,BUY,1.856,1.811,REVERSE_SIGNAL,72,21533.03633770804,0.3711952487008166,2.694,-2.525,-543.709167527128,False,57466.29072625833,1.6822197475872325
702,2026-05-19 17:10:00,NEARUSDT,FADE,SELL,1.6827,1.649,TP,9,38310.86048417222,0.6666666666666666,1.5,1.93,739.3996073445237,True,58205.690333602855,0.41719764167285595
703,2026-05-19 17:20:00,ATOMUSDT,FADE,SELL,2.083,2.0413,TP,60,38803.79355573524,0.6666666666666667,1.5,1.93,748.91321562569,True,58954.603549228545,0.0
704,2026-05-19 22:05:00,NEARUSDT,TREND,SELL,1.616,1.5837,TP,50,39303.06903281903,0.6666666666666667,1.5,1.9,746.7583116235616,True,59701.36186085211,0.0
705,2026-05-20 00:10:00,ATOMUSDT,FADE,BUY,2.0045,2.018,REVERSE_SIGNAL,299,39800.90790723474,0.6666666666666666,1.5,0.603,239.99947468062547,True,59941.36133553273,0.0
706,2026-05-20 05:25:00,APTUSDT,FADE,SELL,0.9438,0.9674,SL,264,23843.023602041663,0.3977724741447892,2.514,-2.57,-612.7657065724707,False,59328.59562896026,1.0222752585521082
707,2026-05-20 05:35:00,FILUSDT,FADE,SELL,0.958,0.9819,SL,235,23684.070111361383,0.3992015968063872,2.505,-2.57,-608.6806018619875,False,58719.91502709827,2.0377353487138734
708,2026-05-20 05:40:00,INJUSDT,FADE,SELL,5.092,4.9902,TP,10,39146.61001806552,0.6666666666666667,1.5,1.93,755.5295733486645,True,59475.444600446936,0.777287543533993
709,2026-05-20 05:40:00,SEIUSDT,FADE,SELL,0.0608,0.0623,SL,241,23780.665573949198,0.3998400639744103,2.501,-2.57,-611.1631052504944,False,58864.28149519644,1.7968891869291088
710,2026-05-20 06:00:00,OPUSDT,FADE,SELL,0.128,0.1254,TP,82,39242.85433013096,0.6666666666666667,1.5,1.93,757.3870885715274,True,59621.66858376797,0.5333424944675931
711,2026-05-20 15:40:00,OPUSDT,TREND,BUY,0.1292,0.1278,REVERSE_SIGNAL,227,39747.77905584532,0.6666666666666667,1.5,-1.184,-470.6137040212086,False,59151.05487974676,1.3184659777112566
712,2026-05-20 22:00:00,INJUSDT,TREND,SELL,4.797,4.9649,SL,73,15590.683943001255,0.2635740643120717,3.794,-3.6,-561.2646219480453,False,58589.79025779872,2.254822125524223
713,2026-05-21 04:30:00,INJUSDT,TREND,BUY,5.006,5.1061,TP,129,16953.06431070565,0.28935185185185186,3.456,1.9,322.10822190340735,True,58911.898479702126,1.7174499092004267
714,2026-05-21 06:20:00,ADAUSDT,FADE,BUY,0.2475,0.2525,TP,128,39274.59898646809,0.6666666666666667,1.5,1.93,757.9997604388341,True,59669.89824014096,0.4528810980321397
715,2026-05-21 07:05:00,ETHUSDT,FADE,BUY,2124.7068,2146.18,REVERSE_SIGNAL,126,39779.93216009397,0.6666666666666666,1.5,0.941,374.3291616264843,True,60044.22740176744,0.0
716,2026-05-21 09:30:00,TIAUSDT,TREND,SELL,0.4021,0.4117,SL,92,20292.067388228268,0.33795201081446435,2.959,-2.492,-505.6783193146485,False,59538.549082452795,0.8421764109496436
717,2026-05-21 09:40:00,ARBUSDT,TREND,SELL,0.1105,0.1126,SL,73,31336.078464448845,0.5263157894736843,1.9,-1.972,-617.9474673189312,False,58920.60161513386,1.8713302431475791
718,2026-05-21 10:35:00,FETUSDT,TREND,SELL,0.191,0.1948,REVERSE_SIGNAL,115,21638.120314041083,0.36724201248622845,2.723,-2.09,-452.23671456345863,False,58468.36490057041,2.6245029195773277
719,2026-05-21 10:35:00,OPUSDT,TREND,SELL,0.1278,0.131,SL,81,21346.610040368898,0.36509675063891933,2.739,-2.601,-555.225327149995,False,57913.13957342041,3.549196851326794
720,2026-05-21 10:55:00,APTUSDT,FADE,BUY,0.9464,0.9654,TP,75,38608.75971561361,0.6666666666666667,1.5,1.93,745.1490625113425,True,58658.288635931756,2.30819651748053
721,2026-05-21 11:05:00,SOLUSDT,FADE,BUY,85.4367,87.1454,TP,58,39105.52575728784,0.6666666666666667,1.5,1.93,754.7366471156553,True,59413.02528304741,1.0512286460054443
722,2026-05-21 15:55:00,ARBUSDT,TREND,BUY,0.1122,0.1144,TP,22,39608.683522031606,0.6666666666666666,1.5,1.9,752.5649869186005,True,60165.590269966015,0.0
723,2026-05-21 17:10:00,TIAUSDT,TREND,BUY,0.4134,0.4217,TP,3,40110.39351331068,0.6666666666666667,1.5,1.9,762.0974767529029,True,60927.68774671892,0.0
724,2026-05-21 17:25:00,SOLUSDT,FADE,SELL,87.9417,86.54,REVERSE_SIGNAL,156,40618.458497812615,0.6666666666666667,1.5,1.524,619.0253075066643,True,61546.71305422558,0.0
725,2026-05-21 17:35:00,BNBUSDT,FADE,SELL,659.5933,656.48,REVERSE_SIGNAL,206,41031.14203615039,0.6666666666666667,1.5,0.402,164.9451909853246,True,61711.65824521091,0.0
726,2026-05-21 17:35:00,LINKUSDT,FADE,SELL,9.8386,9.763,REVERSE_SIGNAL,274,31549.927528226435,0.5112474437627812,1.9560000000000002,0.698,220.2184941470205,True,61931.876739357926,0.0
727,2026-05-21 17:40:00,APTUSDT,TREND,BUY,0.9741,0.9936,TP,228,41287.91782623862,0.6666666666666667,1.5,1.9,784.4704386985337,True,62716.34717805646,0.0
728,2026-05-21 17:40:00,ETHUSDT,FADE,SELL,2150.8975,2127.48,REVERSE_SIGNAL,170,41810.89811870431,0.6666666666666667,1.5,1.019,426.0530518295969,True,63142.40022988606,0.0
729,2026-05-21 17:40:00,ADAUSDT,FADE,SELL,0.2529,0.2491,REVERSE_SIGNAL,250,42094.93348659071,0.6666666666666667,1.5,1.449,609.9555862206994,True,63752.355816106756,0.0
730,2026-05-21 17:50:00,FILUSDT,TREND,BUY,1.003,1.0231,TP,124,42501.570544071175,0.6666666666666667,1.5,1.9,807.5298403373523,True,64559.88565644411,0.0
731,2026-05-22 00:45:00,ARBUSDT,TREND,SELL,0.1117,0.115,REVERSE_SIGNAL,42,21208.898047452072,0.328515111695138,3.044,-3.054,-647.7197463691863,False,63912.165910074924,1.0032851511169487
732,2026-05-22 04:15:00,ARBUSDT,FADE,SELL,0.1151,0.1128,TP,52,42608.11060671662,0.6666666666666667,1.5,1.93,822.3365347096307,True,64734.50244478456,0.0
733,2026-05-22 05:20:00,INJUSDT,FADE,BUY,5.073,5.1745,TP,28,43156.33496318971,0.6666666666666667,1.5,1.93,832.9172647895613,True,65567.41970957413,0.0
734,2026-05-22 07:05:00,BTCUSDT,FADE,BUY,77211.87,75281.5732,SL,192,25374.388432497726,0.3869969040247678,2.584,-2.57,-652.1217827151914,False,64915.29792685893,0.9945820433436543
735,2026-05-22 09:00:00,INJUSDT,TREND,BUY,5.259,5.3642,TP,19,43276.865284572625,0.6666666666666667,1.5,1.9,822.2604404068799,True,65737.55836726581,0.0
736,2026-05-22 10:55:00,BNBUSDT,FADE,BUY,655.8417,661.41,REVERSE_SIGNAL,23,43825.03891151054,0.6666666666666667,1.5,0.779,341.3970531206671,True,66078.95542038648,0.0
737,2026-05-22 13:10:00,BNBUSDT,FADE,SELL,664.6425,655.32,REVERSE_SIGNAL,57,44052.63694692433,0.6666666666666667,1.5,1.333,587.2216505025013,True,66666.17707088898,0.0
738,2026-05-22 14:45:00,FETUSDT,TREND,SELL,0.2075,0.2033,TP,48,27662.31413729833,0.41493775933609955,2.41,1.9,525.5839686086682,True,67191.76103949765,0.0
739,2026-05-22 15:05:00,AVAXUSDT,FADE,BUY,9.3705,9.1362,SL,101,22449.636164215724,0.33411293017039767,2.993,-2.57,-576.955649420344,False,66614.80539007731,0.8586702305379196
740,2026-05-22 15:20:00,ARBUSDT,FADE,BUY,0.1116,0.1088,SL,41,24232.377369980833,0.3637686431429611,2.749,-2.57,-622.7720984085073,False,65992.0332916688,1.7855280606853028
741,2026-05-22 16:25:00,RENDERUSDT,TREND,SELL,1.976,1.9365,TP,26,43994.68886111254,0.6666666666666667,1.5,1.9,835.8990883611382,True,66827.93238002995,0.5414780827873131
742,2026-05-22 16:35:00,LINKUSDT,TREND,SELL,9.763,9.5677,TP,26,44551.95492001997,0.6666666666666667,1.5,1.9,846.4871434803794,True,67674.41952351033,0.0
743,2026-05-22 18:30:00,APTUSDT,TREND,SELL,0.9694,0.95,TP,3,45116.27968234022,0.6666666666666666,1.5,1.9,857.2093139644641,True,68531.6288374748,0.0
744,2026-05-22 18:30:00,OPUSDT,TREND,SELL,0.1319,0.1293,TP,3,45687.75255831653,0.6666666666666667,1.5,1.9,868.0672986080141,True,69399.69613608281,0.0
745,2026-05-22 18:35:00,SEIUSDT,TREND,SELL,0.063,0.0617,TP,6,46266.46409072188,0.6666666666666667,1.5,1.9,879.0628177237156,True,70278.75895380652,0.0
746,2026-05-22 18:45:00,DOGEUSDT,TREND,SELL,0.1039,0.1019,TP,60,46852.50596920435,0.6666666666666667,1.5,1.9,890.1976134148827,True,71168.95656722141,0.0
747,2026-05-22 18:55:00,ATOMUSDT,TREND,SELL,2.094,2.128,REVERSE_SIGNAL,100,37261.23380482797,0.5235602094240839,1.91,-1.724,-642.3836707952341,False,70526.57289642618,0.9026178010471129
748,2026-05-22 18:55:00,FILUSDT,TREND,SELL,0.99,0.9702,TP,7,47017.715264284125,0.6666666666666667,1.5,1.9,893.3365900213984,True,71419.90948644758,0.0
749,2026-05-22 18:55:00,TIAUSDT,TREND,SELL,0.4279,0.4193,TP,7,47613.27299096505,0.6666666666666666,1.5,1.9,904.652186828336,True,72324.56167327591,0.0
750,2026-05-22 19:10:00,NEARUSDT,TREND,SELL,2.125,2.0825,TP,13,48216.37444885061,0.6666666666666667,1.5,1.9,916.1111145281616,True,73240.67278780407,0.0
751,2026-05-23 00:05:00,INJUSDT,TREND,SELL,5.171,5.352,SL,39,20807.009314717063,0.28409090909090906,3.52,-3.6,-749.0523353298144,False,72491.62045247425,1.0227272727272796
752,2026-05-23 06:10:00,ATOMUSDT,TREND,SELL,2.076,2.0345,TP,20,48327.74696831617,0.6666666666666667,1.5,1.9,918.2271923980072,True,73409.84764487225,0.0
753,2026-05-23 13:20:00,INJUSDT,TREND,BUY,5.087,5.1887,TP,24,36613.39034656971,0.4987531172069826,2.005,1.9,695.6544165848244,True,74105.50206145707,0.0
754,2026-05-23 13:25:00,TIAUSDT,TREND,BUY,0.4118,0.42,TP,30,49403.66804097138,0.6666666666666667,1.5,1.9,938.6696927784562,True,75044.17175423552,0.0
755,2026-05-23 13:45:00,FETUSDT,TREND,BUY,0.2001,0.2041,TP,14,50029.447836157015,0.6666666666666667,1.5,1.9,950.5595088869833,True,75994.7312631225,0.0
756,2026-05-23 13:55:00,BTCUSDT,FADE,SELL,75652.25,77543.5562,SL,235,29512.516995387377,0.38834951456310673,2.575,-2.57,-758.4716867814556,False,75236.25957634105,0.9980582524271858
757,2026-05-23 14:45:00,NEARUSDT,TREND,BUY,2.159,2.2022,TP,5,50157.50638422737,0.6666666666666666,1.5,1.9,952.9926213003199,True,76189.25219764137,0.0
758,2026-05-23 15:00:00,ARBUSDT,TREND,BUY,0.1072,0.1093,TP,38,50792.83479842758,0.6666666666666667,1.5,1.9,965.063861170124,True,77154.3160588115,0.0
759,2026-05-23 15:05:00,FILUSDT,TREND,BUY,0.955,0.9741,TP,37,51436.210705874335,0.6666666666666667,1.5,1.9,977.2880034116123,True,78131.60406222311,0.0
760,2026-05-23 15:10:00,OPUSDT,TREND,BUY,0.1258,0.1283,TP,36,52087.73604148207,0.6666666666666666,1.5,1.9,989.6669847881593,True,79121.27104701127,0.0
761,2026-05-24 02:40:00,INJUSDT,TREND,SELL,5.217,5.1127,TP,28,52747.51403134085,0.6666666666666667,1.5,1.9,1002.2027665954761,True,80123.47381360675,0.0
762,2026-05-24 09:10:00,ARBUSDT,TREND,SELL,0.1076,0.1054,TP,60,53415.64920907116,0.6666666666666666,1.5,1.9,1014.897334972352,True,81138.3711485791,0.0
763,2026-05-24 13:50:00,FETUSDT,FADE,BUY,0.2063,0.2104,TP,10,54092.247432386066,0.6666666666666666,1.5,1.93,1043.9803754450509,True,82182.35152402415,0.0
764,2026-05-24 14:20:00,RENDERUSDT,TREND,SELL,1.924,1.9913,SL,39,23254.768399554094,0.28296547821165824,3.534,-3.6,-837.1716623839475,False,81345.17986164021,1.0186757215619675
765,2026-05-24 18:20:00,INJUSDT,FADE,SELL,5.2713,5.1658,TP,15,54230.11990776014,0.6666666666666667,1.5,1.93,1046.6413142197705,True,82391.82117585998,0.0
766,2026-05-24 23:05:00,RENDERUSDT,FADE,SELL,2.025,1.9845,TP,18,54927.88078390666,0.6666666666666667,1.5,1.93,1060.1080991293984,True,83451.92927498938,0.0
767,2026-05-24 23:10:00,INJUSDT,TREND,SELL,5.123,5.2168,SL,71,44531.44571771045,0.5336179295624333,1.8739999999999999,-1.931,-859.9022168089888,False,82592.02705818039,1.0304162219850563
768,2026-05-25 00:45:00,TIAUSDT,TREND,BUY,0.4189,0.4273,TP,48,55061.35137212026,0.6666666666666666,1.5,1.9,1046.165676070285,True,83638.19273425068,0.0
769,2026-05-25 04:40:00,NEARUSDT,TREND,SELL,2.368,2.4196,SL,61,31947.361625000263,0.38197097020626436,2.618,-2.28,-728.3998450500059,False,82909.79288920067,0.8708938120702846
770,2026-05-25 04:40:00,SEIUSDT,FADE,SELL,0.0622,0.0618,REVERSE_SIGNAL,213,55273.19525946712,0.6666666666666666,1.5,0.514,284.104223633661,True,83193.89711283434,0.5312114081996403
771,2026-05-25 05:10:00,SOLUSDT,FADE,SELL,85.99,85.43,REVERSE_SIGNAL,188,55462.59807522289,0.6666666666666666,1.5,0.581,322.23769481704494,True,83516.13480765138,0.14593563372073695
772,2026-05-25 05:45:00,INJUSDT,FADE,SELL,5.2713,5.1658,TP,6,55677.423205100924,0.6666666666666667,1.5,1.93,1074.5742678584477,True,84590.70907550983,0.0
773,2026-05-25 11:05:00,NEARUSDT,TREND,BUY,2.464,2.5133,TP,14,50835.762665570815,0.6009615384615385,1.664,1.9,965.8794906458455,True,85556.58856615568,0.0
774,2026-05-26 00:25:00,APTUSDT,FADE,BUY,0.9575,0.9767,TP,59,57037.72571077046,0.6666666666666667,1.5,1.93,1100.8281062178696,True,86657.41667237355,0.0
775,2026-05-26 01:00:00,ARBUSDT,FADE,BUY,0.107,0.1091,TP,50,57771.6111149157,0.6666666666666666,1.5,1.93,1114.9920945178728,True,87772.40876689143,0.0
776,2026-05-26 01:00:00,FILUSDT,FADE,BUY,0.9677,0.9871,TP,46,58514.93917792762,0.6666666666666666,1.5,1.93,1129.338326134003,True,88901.74709302543,0.0
777,2026-05-26 01:00:00,OPUSDT,FADE,BUY,0.1276,0.1302,TP,49,59267.831395350295,0.6666666666666667,1.5,1.93,1143.8691459302606,True,90045.6162389557,0.0
778,2026-05-26 07:35:00,INJUSDT,TREND,SELL,5.484,5.6759,SL,39,24323.50519690862,0.27012425715829286,3.702,-3.6,-875.6461870887105,False,89169.97005186699,0.9724473257698586
779,2026-05-26 08:10:00,ARBUSDT,TREND,BUY,0.1097,0.1119,TP,25,59446.64670124466,0.6666666666666667,1.5,1.9,1129.4862873236484,True,90299.45633919063,0.0
780,2026-05-26 08:40:00,OPUSDT,TREND,BUY,0.1311,0.1337,TP,23,60199.63755946042,0.6666666666666666,1.5,1.9,1143.793113629748,True,91443.24945282037,0.0
781,2026-05-26 08:50:00,FILUSDT,TREND,BUY,0.995,1.0149,TP,24,60962.16630188025,0.6666666666666667,1.5,1.9,1158.2811597357247,True,92601.53061255609,0.0
782,2026-05-26 11:30:00,INJUSDT,TREND,BUY,5.802,5.918,TP,24,61734.35374170406,0.6666666666666666,1.5,1.9,1172.952721092377,True,93774.48333364847,0.0
783,2026-05-26 15:55:00,ETHUSDT,FADE,BUY,2056.97,2087.37,REVERSE_SIGNAL,179,62516.32222243232,0.6666666666666667,1.5,1.408,880.229816891847,True,94654.71315054032,0.0
784,2026-05-26 16:00:00,NEARUSDT,TREND,SELL,2.745,2.6901,TP,16,63103.14210036022,0.6666666666666667,1.5,1.9,1198.9596999068442,True,95853.67285044717,0.0
785,2026-05-26 16:30:00,AVAXUSDT,FADE,BUY,9.1335,9.265,REVERSE_SIGNAL,265,63902.448566964784,0.6666666666666667,1.5,1.37,875.4635453674175,True,96729.13639581458,0.0
786,2026-05-26 17:20:00,ADAUSDT,FADE,BUY,0.2389,0.2329,SL,407,37462.87234539682,0.3872966692486445,2.582,-2.57,-962.7958192766981,False,95766.34057653788,0.9953524399690143
787,2026-05-26 17:30:00,LINKUSDT,FADE,BUY,9.3475,9.1138,SL,340,36165.53647150222,0.3776435045317221,2.648,-2.57,-929.454287317607,False,94836.88628922027,1.9562359151551194
788,2026-05-26 18:30:00,DOGEUSDT,FADE,BUY,0.1005,0.1022,REVERSE_SIGNAL,142,63224.59085948019,0.6666666666666667,1.5,1.629,1029.9285851009322,True,95866.81487432121,0.8914806371937025
789,2026-05-27 02:15:00,TIAUSDT,TREND,SELL,0.4587,0.4495,TP,27,63911.209916214146,0.6666666666666667,1.5,1.9,1214.3129884080688,True,97081.12786272928,0.0
790,2026-05-27 02:25:00,FETUSDT,TREND,SELL,0.2432,0.2383,TP,92,38708.58367732427,0.3987240829346092,2.508,1.9,735.4630898691611,True,97816.59095259843,0.0
791,2026-05-27 07:10:00,INJUSDT,TREND,BUY,5.821,5.9374,TP,12,65211.06063506563,0.6666666666666667,1.5,1.9,1239.010152066247,True,99055.60110466467,0.0
792,2026-05-27 08:30:00,APTUSDT,FADE,SELL,0.9833,0.9636,TP,18,66037.06740310979,0.6666666666666667,1.5,1.93,1274.5154008800187,True,100330.11650554469,0.0
793,2026-05-27 10:00:00,TIAUSDT,TREND,SELL,0.4516,0.4664,REVERSE_SIGNAL,73,24760.64079603769,0.24679170779861803,4.052,-3.377,-836.1668396821926,False,99493.9496658625,0.8334155972359317
794,2026-05-27 12:00:00,RENDERUSDT,TREND,BUY,2.259,2.1799,SL,62,24166.61395818861,0.24289531212047608,4.117,-3.6,-869.99810249479,False,98623.95156336771,1.7005511421714465
795,2026-05-27 13:45:00,INJUSDT,FADE,BUY,5.552,5.663,TP,8,65749.30104224515,0.6666666666666667,1.5,1.93,1268.9615101153313,True,99892.91307348304,0.43576490020071834
796,2026-05-27 13:55:00,ATOMUSDT,FADE,BUY,2.168,2.1138,SL,88,37996.54358063258,0.3803727653100038,2.629,-2.57,-976.5111700222571,False,98916.40190346078,1.4090630523744936
797,2026-05-27 15:35:00,NEARUSDT,TREND,BUY,2.616,2.5244,SL,12,27824.585626852542,0.2812939521800282,3.5549999999999997,-3.6,-1001.6850825666917,False,97914.71682089409,2.4074522872871573
798,2026-05-27 15:40:00,APTUSDT,TREND,BUY,0.9954,0.9457,SL,73,19339.26858006994,0.19751135690302196,5.063,-5.095,-985.3357341545634,False,96929.38108673952,3.3895459681014413
799,2026-05-27 15:50:00,OPUSDT,FADE,SELL,0.1292,0.1266,TP,25,64619.58739115969,0.6666666666666667,1.5,1.93,1247.1580366493818,True,98176.53912338891,2.1464914595576743
800,2026-05-27 15:55:00,ARBUSDT,FADE,SELL,0.1103,0.1081,TP,24,65451.026082259275,0.6666666666666667,1.5,1.93,1263.2048033876038,True,99439.74392677651,0.8874429830039818
801,2026-05-27 16:05:00,TIAUSDT,TREND,BUY,0.4664,0.4501,SL,22,26810.391999670133,0.26961445133459155,3.7089999999999996,-3.6,-965.1741119881249,False,98474.5698147884,1.849441379502185
802,2026-05-27 21:50:00,OPUSDT,TREND,SELL,0.1228,0.1203,TP,65,60450.932974087424,0.6138735420503377,1.629,1.9,1148.567726507661,True,99623.13754129606,0.7046527890850777
803,2026-05-27 21:50:00,TIAUSDT,TREND,SELL,0.4375,0.4287,TP,65,66415.42502753071,0.6666666666666667,1.5,1.9,1261.8930755230836,True,100885.03061681915,0.0
804,2026-05-27 22:10:00,ARBUSDT,TREND,SELL,0.1067,0.1046,TP,61,67256.68707787943,0.6666666666666666,1.5,1.9,1277.8770544797092,True,102162.90767129886,0.0
805,2026-05-27 23:35:00,NEARUSDT,TREND,SELL,2.488,2.4382,TP,19,68108.60511419925,0.6666666666666667,1.5,1.9,1294.0634971697857,True,103456.97116846865,0.0
806,2026-05-28 00:30:00,FILUSDT,TREND,SELL,1.035,1.0143,TP,32,44612.751689723445,0.43122035360069005,2.319,1.9,847.6422821047454,True,104304.6134505734,0.0
807,2026-05-28 07:25:00,INJUSDT,TREND,BUY,5.579,5.3837,SL,13,28114.451064844583,0.2695417789757413,3.71,-3.6,-1012.1202383344051,False,103292.49321223899,0.9703504043126696
808,2026-05-28 13:00:00,APTUSDT,TREND,BUY,0.937,0.9131,SL,12,37519.97574000689,0.3632401017072284,2.753,-2.648,-993.5289575953825,False,102298.96425464361,1.9228767832788127
809,2026-05-28 14:20:00,INJUSDT,TREND,SELL,5.312,5.4912,SL,41,27581.27911961273,0.26961445133459155,3.7089999999999996,-3.474,-958.1736366153463,False,101340.79061802826,2.841506942499332
810,2026-05-28 15:45:00,XRPUSDT,TREND,BUY,1.3092,1.3354,TP,30,67560.52707868551,0.6666666666666667,1.5,1.9,1283.6500144950246,True,102624.44063252328,1.6108326971043216
811,2026-05-28 16:40:00,ADAUSDT,TREND,BUY,0.2343,0.2326,REVERSE_SIGNAL,237,68416.29375501552,0.6666666666666666,1.5,-0.826,-565.1185864164282,False,102059.32204610686,2.1526290450522683
812,2026-05-28 17:00:00,AVAXUSDT,FADE,SELL,9.0602,8.879,TP,104,68039.5480307379,0.6666666666666666,1.5,1.93,1313.1632769932414,True,103372.4853231001,0.8936595387652682
813,2026-05-28 17:05:00,SOLUSDT,FADE,SELL,82.6417,81.33,REVERSE_SIGNAL,223,68914.99021540007,0.6666666666666667,1.5,1.517,1045.4404015676191,True,104417.92572466773,0.0
814,2026-05-28 17:15:00,ETHUSDT,FADE,SELL,2025.5575,1997.76,REVERSE_SIGNAL,228,69611.95048311182,0.6666666666666667,1.5,1.302,906.347595290116,True,105324.27331995785,0.0
815,2026-05-28 17:55:00,FETUSDT,TREND,BUY,0.2318,0.2364,TP,81,40016.82117019675,0.3799392097264438,2.632,1.9,760.3196022337382,True,106084.59292219159,0.0
816,2026-05-28 17:55:00,ARBUSDT,TREND,BUY,0.1049,0.1035,REVERSE_SIGNAL,125,55629.047153744934,0.5243838489774515,1.907,-1.435,-798.2768266562398,False,105286.31609553535,0.7524908232826377
817,2026-05-28 18:05:00,OPUSDT,TREND,BUY,0.1204,0.1162,SL,106,29483.706551536085,0.2800336040324839,3.5709999999999997,-3.6,-1061.4134358552992,False,104224.90265968005,1.7530257799787519
818,2026-05-28 19:20:00,NEARUSDT,TREND,BUY,2.42,2.4684,TP,22,38803.016626835466,0.37230081906180196,2.686,1.9,737.2573159098738,True,104962.15997558992,1.0580546295020614
819,2026-05-28 23:15:00,SEIUSDT,TREND,SELL,0.0682,0.0668,TP,30,69974.77331705995,0.6666666666666667,1.5,1.9,1329.520693024139,True,106291.68066861406,0.0
820,2026-05-29 00:50:00,RENDERUSDT,TREND,BUY,2.05,1.983,SL,39,32524.99408464323,0.3059975520195839,3.2680000000000002,-3.367,-1095.1165508299375,False,105196.56411778413,1.0302937576499327
821,2026-05-29 01:15:00,TIAUSDT,TREND,BUY,0.4231,0.4083,SL,35,29674.63021658226,0.2820874471086036,3.5450000000000004,-3.6,-1068.2866877969616,False,104128.27742998717,2.0353457815496823
822,2026-05-29 04:15:00,APTUSDT,TREND,SELL,0.9185,0.9001,TP,111,41953.37527396743,0.40290088638195004,2.482,1.9,797.1141302053811,True,104925.39156019255,1.285414907194094
823,2026-05-29 04:15:00,OPUSDT,TREND,SELL,0.1169,0.1146,TP,122,45422.247428654795,0.432900432900433,2.31,1.9,863.022701144441,True,105788.41426133699,0.4734767614091141
824,2026-05-29 04:20:00,ARBUSDT,TREND,SELL,0.1035,0.1053,SL,23,60832.900667818845,0.5750431282346175,1.7390000000000003,-1.798,-1093.7755540073829,False,104694.6387073296,1.5025088993216311
825,2026-05-29 04:35:00,LINKUSDT,FADE,BUY,8.9467,9.1257,TP,132,57906.326718655764,0.5530973451327434,1.8079999999999998,1.93,1117.592105670056,True,105812.23081299967,0.45106997330221715
826,2026-05-29 09:20:00,SEIUSDT,TREND,BUY,0.0683,0.0659,SL,30,30103.05286287331,0.2844950213371266,3.515,-3.6,-1083.7099030634392,False,104728.52090993623,1.470632272295426
827,2026-05-29 11:05:00,FILUSDT,TREND,SELL,0.95,0.931,TP,20,69819.01393995748,0.6666666666666666,1.5,1.9,1326.561264859192,True,106055.08217479542,0.222593614411168
828,2026-05-29 12:05:00,TIAUSDT,TREND,SELL,0.4061,0.4203,SL,37,29296.984026186576,0.2762430939226519,3.62,-3.6,-1054.6914249427168,False,105000.3907498527,1.2148551143783537
829,2026-05-29 12:15:00,SEIUSDT,TREND,SELL,0.0659,0.0646,TP,9,70000.26049990181,0.6666666666666667,1.5,1.9,1330.0049494981342,True,106330.39569935083,0.0
830,2026-05-29 13:00:00,RENDERUSDT,TREND,SELL,1.981,1.9414,TP,20,70886.9304662339,0.6666666666666667,1.5,1.9,1346.851678858444,True,107677.24737820927,0.0
831,2026-05-29 13:05:00,FETUSDT,TREND,SELL,0.2315,0.2396,SL,24,25698.627059238486,0.23866348448687347,4.19,-3.6,-925.1505741325856,False,106752.09680407669,0.859188544152741
832,2026-05-29 15:45:00,TIAUSDT,TREND,BUY,0.4227,0.4312,TP,22,57117.226754455165,0.5350454788657036,1.8689999999999998,1.9,1085.2273083346481,True,107837.32411241134,0.0
833,2026-05-29 15:45:00,ETHUSDT,FADE,SELL,2041.775,2000.9395,TP,144,71891.54940827424,0.6666666666666667,1.5,1.93,1387.5069035796926,True,109224.83101599103,0.0
834,2026-05-29 15:50:00,APTUSDT,TREND,BUY,0.9358,0.9545,TP,116,65092.27116566808,0.5959475566150179,1.678,1.9,1236.7531521476935,True,110461.58416813872,0.0
835,2026-05-29 15:50:00,LINKUSDT,FADE,SELL,9.0661,9.2928,SL,135,41063.78593611105,0.3717472118959108,2.69,-2.57,-1055.339298558054,False,109406.24486958067,0.9553903345724941
836,2026-05-29 15:50:00,OPUSDT,FADE,SELL,0.1211,0.1187,TP,26,72937.49657972045,0.6666666666666667,1.5,1.93,1407.6936839886046,True,110813.93855356927,0.0
837,2026-05-29 16:15:00,SOLUSDT,FADE,SELL,83.1018,82.34,REVERSE_SIGNAL,204,73875.95903571286,0.6666666666666669,1.5,0.847,625.729373032488,True,111439.66792660176,0.0
838,2026-05-29 16:30:00,FETUSDT,TREND,BUY,0.2488,0.2538,TP,12,57770.693585589295,0.5184033177812337,1.9290000000000003,1.9,1097.6431781261965,True,112537.31110472795,0.0
839,2026-05-29 16:30:00,XRPUSDT,TREND,BUY,1.3269,1.3534,TP,103,75024.87406981863,0.6666666666666666,1.5,1.9,1425.472607326554,True,113962.7837120545,0.0
840,2026-05-29 16:40:00,NEARUSDT,TREND,BUY,2.61,2.5186,SL,31,31638.751724612583,0.27762354247640203,3.6019999999999994,-3.6,-1138.9950620860532,False,112823.78864996845,0.9994447529150423
841,2026-05-29 16:50:00,SEIUSDT,TREND,BUY,0.0668,0.0682,TP,92,34908.35044862885,0.3094059405940594,3.232,1.9,663.2586585239482,True,113487.0473084924,0.41744891451943195
842,2026-05-29 17:35:00,ARBUSDT,TREND,BUY,0.1055,0.1034,REVERSE_SIGNAL,348,36281.025354377365,0.319693094629156,3.128,-2.091,-758.6362401600308,False,112728.41106833237,1.083136620145202
843,2026-05-29 18:05:00,RENDERUSDT,TREND,BUY,2.06,1.9879,SL,39,28316.60664866425,0.25119316754584275,3.981,-3.6,-1019.397839351913,False,111709.01322898046,1.97763726864426
844,2026-05-29 22:00:00,NEARUSDT,TREND,SELL,2.387,2.3393,TP,73,74472.67548598698,0.6666666666666667,1.5,1.9,1414.9808342337526,True,113123.99406321421,0.7360206740470904
845,2026-05-30 00:30:00,FETUSDT,TREND,SELL,0.2417,0.2369,TP,42,56960.72208621058,0.5035246727089627,1.986,1.9,1082.253719638001,True,114206.24778285221,0.0
846,2026-05-30 01:15:00,ADAUSDT,FADE,SELL,0.2379,0.2346,REVERSE_SIGNAL,81,76137.49852190148,0.6666666666666667,1.5,1.324,1008.0604804299755,True,115214.30826328219,0.0
847,2026-05-30 07:10:00,FETUSDT,TREND,BUY,0.2445,0.2494,TP,9,76809.53884218814,0.6666666666666667,1.5,1.9,1459.3812380015745,True,116673.68950128376,0.0
848,2026-05-30 08:40:00,ADAUSDT,FADE,BUY,0.2341,0.2371,REVERSE_SIGNAL,109,77782.45966752252,0.6666666666666667,1.5,1.201,934.1673406069455,True,117607.85684189071,0.0
849,2026-05-30 10:05:00,SOLUSDT,FADE,BUY,82.326,82.83,REVERSE_SIGNAL,72,78405.23789459381,0.6666666666666667,1.5,0.542,424.9563893886985,True,118032.8132312794,0.0
850,2026-05-30 11:55:00,RENDERUSDT,TREND,BUY,2.033,2.0737,TP,26,78688.54215418627,0.6666666666666667,1.5,1.9,1495.082300929539,True,119527.89553220895,0.0
851,2026-05-30 13:40:00,ETHUSDT,FADE,SELL,2025.58,2019.08,REVERSE_SIGNAL,243,79685.26368813931,0.6666666666666667,1.5,0.251,200.01001185722967,True,119727.90554406618,0.0
852,2026-05-30 13:55:00,SEIUSDT,TREND,BUY,0.0673,0.0662,REVERSE_SIGNAL,106,53023.873137318944,0.4428697962798937,2.258,-1.808,-958.6716263227264,False,118769.23391774345,0.8007085916740492
853,2026-05-30 16:20:00,NEARUSDT,TREND,SELL,2.342,2.2952,TP,14,79179.48927849563,0.6666666666666666,1.5,1.9,1504.410296291417,True,120273.64421403487,0.0
854,2026-05-30 22:55:00,FILUSDT,TREND,SELL,0.968,0.9486,TP,183,68492.9636754185,0.5694760820045559,1.756,1.9,1301.3663098329516,True,121575.01052386782,0.0
855,2026-05-31 04:10:00,AVAXUSDT,FADE,SELL,9.0602,8.879,TP,105,81050.00701591189,0.6666666666666667,1.5,1.93,1564.2651354070993,True,123139.27565927492,0.0
856,2026-05-31 05:05:00,SEIUSDT,FADE,SELL,0.0682,0.0668,TP,17,82092.85043951662,0.6666666666666667,1.5,1.93,1584.3920134826706,True,124723.6676727576,0.0
857,2026-05-31 05:40:00,NEARUSDT,FADE,SELL,2.3432,2.2964,TP,4,83149.11178183841,0.6666666666666667,1.5,1.93,1604.7778573894811,True,126328.44553014707,0.0
858,2026-05-31 06:35:00,FETUSDT,TREND,SELL,0.2671,0.2618,TP,124,51901.579921999626,0.4108463434675432,2.434,1.9,986.1300185179929,True,127314.57554866506,0.0
859,2026-05-31 08:45:00,BTCUSDT,FADE,BUY,73754.17,74040.2,REVERSE_SIGNAL,153,84876.38369911004,0.6666666666666666,1.5,0.318,269.90690016316995,True,127584.48244882823,0.0
860,2026-05-31 10:10:00,ETHUSDT,FADE,BUY,2017.536,2016.72,REVERSE_SIGNAL,175,85056.32163255215,0.6666666666666666,1.5,-0.11,-93.56195379580737,False,127490.92049503242,0.07333333333333686
861,2026-05-31 14:20:00,RENDERUSDT,TREND,SELL,2.024,2.085,REVERSE_SIGNAL,86,36868.39806102731,0.2891844997108155,3.458,-3.114,-1148.0819156203902,False,126342.83857941203,0.9731934837092799
862,2026-05-31 15:10:00,SEIUSDT,FADE,BUY,0.0656,0.0669,TP,56,84228.55905294135,0.6666666666666666,1.5,1.93,1625.6111897217677,True,127968.44976913379,0.0
863,2026-05-31 18:25:00,NEARUSDT,FADE,BUY,2.223,2.2675,TP,30,85312.2998460892,0.6666666666666667,1.5,1.93,1646.5273870295214,True,129614.97715616331,0.0
864,2026-05-31 21:30:00,RENDERUSDT,TREND,BUY,2.085,2.1267,TP,33,86409.98477077554,0.6666666666666666,1.5,1.9,1641.7897106447351,True,131256.76686680806,0.0
865,2026-05-31 21:45:00,APTUSDT,FADE,SELL,0.9513,0.9323,TP,37,87504.5112445387,0.6666666666666666,1.5,1.93,1688.8370670195968,True,132945.60393382766,0.0
866,2026-05-31 21:55:00,NEARUSDT,TREND,BUY,2.32,2.3664,TP,57,48949.0441582576,0.3681885125184094,2.716,1.9,930.0318390068944,True,133875.63577283456,0.0
867,2026-05-31 22:15:00,TIAUSDT,FADE,SELL,0.4019,0.3938,TP,36,89250.42384855638,0.6666666666666667,1.5,1.93,1722.533180277138,True,135598.1689531117,0.0
868,2026-06-01 00:25:00,FILUSDT,TREND,BUY,0.95,0.92,REVERSE_SIGNAL,88,39032.28812697515,0.28785261945883706,3.474,-3.258,-1271.6719471768504,False,134326.49700593483,0.9378238341968976
869,2026-06-01 01:40:00,FETUSDT,TREND,SELL,0.2658,0.2751,SL,7,37988.262727922745,0.2828054298642534,3.5360000000000005,-3.6,-1367.577458205219,False,132958.9195477296,1.9463754014958028
870,2026-06-01 02:50:00,FETUSDT,TREND,BUY,0.2849,0.2675,REVERSE_SIGNAL,125,18569.681501079554,0.13966480446927376,7.16,-6.207,-1152.620130772008,False,131806.2994169576,2.7964017253546207
871,2026-06-01 06:10:00,TIAUSDT,TREND,SELL,0.3877,0.3799,TP,72,87870.86627797174,0.6666666666666667,1.5,1.9,1669.546459281463,True,133475.84587623907,1.5651561472091087
872,2026-06-01 06:25:00,AVAXUSDT,FADE,BUY,8.7822,8.891,REVERSE_SIGNAL,138,88983.89725082605,0.6666666666666667,1.5,1.169,1040.2217588621565,True,134516.0676351012,0.798020597449702
873,2026-06-01 06:40:00,OPUSDT,TREND,SELL,0.1158,0.1199,SL,124,32452.60980340199,0.2412545235223161,4.145,-3.6,-1168.2939529224718,False,133347.77368217873,1.6596059432860937
874,2026-06-01 08:00:00,DOGEUSDT,FADE,BUY,0.0992,0.1006,REVERSE_SIGNAL,143,88898.51578811916,0.6666666666666667,1.5,1.309,1163.6815716664796,True,134511.4552538452,0.80142210448451
875,2026-06-01 08:15:00,RENDERUSDT,TREND,SELL,2.039,1.9982,TP,47,89674.30350256347,0.6666666666666667,1.5,1.9,1703.811766548706,True,136215.2670203939,0.0
876,2026-06-01 09:40:00,BNBUSDT,TREND,BUY,718.31,684.1822,SL,50,25465.55749119347,0.18695083193120207,5.349,-4.851,-1235.334193897795,False,134979.9328264961,0.9068984856982522
877,2026-06-01 13:15:00,FETUSDT,TREND,SELL,0.2675,0.2621,TP,24,89986.62188433074,0.6666666666666667,1.5,1.9,1709.7458158022841,True,136689.6786422984,0.0
878,2026-06-01 14:15:00,BNBUSDT,TREND,SELL,682.81,698.94,REVERSE_SIGNAL,71,56250.89656061662,0.4115226337448559,2.43,-2.462,-1384.8970733223812,False,135304.781568976,1.0131687242798368
879,2026-06-01 17:15:00,OPUSDT,TREND,BUY,0.1202,0.1226,TP,5,90203.18771265067,0.6666666666666667,1.5,1.9,1713.8605665403627,True,137018.64213551636,0.0
880,2026-06-01 17:45:00,FILUSDT,TREND,BUY,0.943,0.9619,TP,21,91345.76142367758,0.6666666666666667,1.5,1.9,1735.569467049874,True,138754.21160256624,0.0
881,2026-06-01 17:45:00,SEIUSDT,TREND,BUY,0.0694,0.0708,TP,20,92502.80773504416,0.6666666666666666,1.5,1.9,1757.553346965839,True,140511.76494953208,0.0
882,2026-06-01 18:15:00,APTUSDT,TREND,BUY,0.9425,0.9095,SL,94,36783.184541762326,0.2617801047120419,3.82,-3.6,-1324.194643503444,False,139187.57030602865,0.9424083769633435
883,2026-06-01 18:25:00,RENDERUSDT,TREND,BUY,2.104,2.1461,TP,13,92791.71353735244,0.6666666666666667,1.5,1.9,1763.0425572096963,True,140950.61286323835,0.0
884,2026-06-01 18:35:00,ARBUSDT,TREND,BUY,0.1033,0.0997,SL,89,38312.207899765795,0.27181299266104925,3.679,-3.6,-1379.2394843915688,False,139571.37337884677,0.9785267735797871
885,2026-06-02 01:10:00,INJUSDT,TREND,SELL,6.919,7.1086,SL,20,47570.33857493073,0.34083162917518744,2.934,-2.841,-1351.4733189137821,False,138219.900059933,1.9373543313039137
886,2026-06-02 03:10:00,ARBUSDT,TREND,SELL,0.1005,0.0985,TP,43,92146.60003995534,0.6666666666666669,1.5,1.9,1750.7854007591516,True,139970.68546069213,0.6952274861671062
887,2026-06-02 05:25:00,BNBUSDT,FADE,BUY,681.135,664.1066,SL,113,52679.97194606403,0.3763643206624012,2.657,-2.57,-1353.8752790138456,False,138616.81018167827,1.655759158581679
888,2026-06-02 06:30:00,FILUSDT,TREND,SELL,0.929,0.9104,TP,94,80497.56688831492,0.580720092915215,1.722,1.9,1529.4537708779835,True,140146.26395255627,0.5706601016786796
889,2026-06-02 06:45:00,SEIUSDT,TREND,SELL,0.0686,0.0672,TP,30,93430.84263503752,0.6666666666666667,1.5,1.9,1775.186010065713,True,141921.449962622,0.0
890,2026-06-02 06:50:00,TIAUSDT,TREND,SELL,0.3869,0.3975,REVERSE_SIGNAL,79,42238.52677458988,0.2976190476190476,3.36,-2.84,-1199.5741603983527,False,140721.87580222363,0.8452380952381022
891,2026-06-02 14:35:00,ATOMUSDT,TREND,SELL,1.844,1.8071,TP,11,93814.58386814909,0.6666666666666666,1.5,1.9,1782.4770934948326,True,142504.35289571848,0.0
892,2026-06-02 14:50:00,OPUSDT,TREND,SELL,0.1193,0.1169,TP,7,95002.901930479,0.6666666666666667,1.5,1.9,1805.055136679101,True,144309.40803239756,0.0
893,2026-06-02 15:10:00,RENDERUSDT,TREND,SELL,2.083,2.0413,TP,3,96206.27202159839,0.6666666666666667,1.5,1.9,1827.9191684103694,True,146137.32720080792,0.0
894,2026-06-02 15:35:00,NEARUSDT,TREND,SELL,2.496,2.7391,SL,66,14304.75011754189,0.09788566953797966,10.216,-9.84,-1407.587411566122,False,144729.7397892418,0.9631949882537141
895,2026-06-02 15:45:00,INJUSDT,TREND,SELL,6.811,6.6748,TP,32,45213.91433590809,0.31240237425804435,3.2010000000000005,1.9,859.0643723822537,True,145588.80416162405,0.3753476607863114
896,2026-06-02 21:35:00,NEARUSDT,FADE,SELL,2.768,2.7126,TP,2,58235.52166464962,0.39999999999999997,2.5,1.93,1123.9455681277375,True,146712.74972975178,0.0
897,2026-06-03 02:50:00,RENDERUSDT,TREND,BUY,2.168,2.0921,SL,11,39270.00795764234,0.26766595289079226,3.7360000000000007,-3.6,-1413.7202864751243,False,145299.02944327667,0.9635974304068466
898,2026-06-03 05:05:00,FETUSDT,TREND,BUY,0.2652,0.2705,TP,72,50051.33635662303,0.34447123665173957,2.903,1.9,950.9753907758376,True,146250.0048340525,0.31540878113979537
899,2026-06-03 05:10:00,ATOMUSDT,TREND,BUY,1.863,1.9003,TP,71,97500.00322270166,0.6666666666666666,1.5,1.9,1852.5000612313315,True,148102.50489528384,0.0
900,2026-06-03 05:15:00,OPUSDT,TREND,BUY,0.1231,0.1256,TP,27,98735.00326352257,0.6666666666666667,1.5,1.9,1875.9650620069287,True,149978.46995729077,0.0
901,2026-06-03 05:50:00,ARBUSDT,TREND,BUY,0.0938,0.0957,TP,8,99985.64663819385,0.6666666666666667,1.5,1.9,1899.7272861256831,True,151878.19724341645,0.0
902,2026-06-03 06:10:00,XRPUSDT,FADE,SELL,1.2457,1.2208,TP,104,101252.13149561097,0.6666666666666667,1.5,1.93,1954.1661378652916,True,153832.36338128173,0.0
903,2026-06-03 06:40:00,INJUSDT,TREND,BUY,6.812,6.9482,TP,10,102554.90892085449,0.6666666666666667,1.5,1.9,1948.5432694962353,True,155780.90665077796,0.0
904,2026-06-03 07:10:00,APTUSDT,FADE,SELL,0.8557,0.8386,TP,103,87125.78671743735,0.5592841163310963,1.788,1.93,1681.5276836465407,True,157462.4343344245,0.0
905,2026-06-03 10:50:00,SEIUSDT,FADE,SELL,0.0645,0.0632,TP,38,104974.95622294968,0.6666666666666667,1.5,1.93,2026.0166551029286,True,159488.45098952742,0.0
906,2026-06-03 15:35:00,SOLUSDT,TREND,SELL,73.41,71.9418,TP,10,106325.63399301829,0.6666666666666667,1.5,1.9,2020.1870458673475,True,161508.63803539478,0.0
907,2026-06-03 15:45:00,ADAUSDT,TREND,SELL,0.2122,0.208,TP,7,107672.42535692986,0.6666666666666667,1.5,1.9,2045.7760817816672,True,163554.41411717643,0.0
908,2026-06-03 16:10:00,LINKUSDT,TREND,SELL,8.333,8.1663,TP,55,109036.27607811762,0.6666666666666666,1.5,1.9,2071.6892454842346,True,165626.10336266068,0.0
909,2026-06-03 16:20:00,APTUSDT,TREND,SELL,0.8251,0.8086,TP,54,84373.9701287115,0.5094243504839532,1.963,1.9,1603.1054324455185,True,167229.2087951062,0.0
910,2026-06-03 16:20:00,DOGEUSDT,TREND,SELL,0.0917,0.0898,TP,97,98893.67758433246,0.5913660555884092,1.691,1.9,1878.9798741023167,True,169108.18866920852,0.0
911,2026-06-03 16:20:00,XRPUSDT,TREND,SELL,1.2102,1.186,TP,55,112738.79244613904,0.6666666666666667,1.5,1.9,2142.0370564766417,True,171250.22572568516,0.0
912,2026-06-03 16:25:00,SEIUSDT,TREND,SELL,0.0617,0.0604,TP,46,114166.81715045677,0.6666666666666666,1.5,1.9,2169.1695258586788,True,173419.39525154384,0.0
913,2026-06-03 16:25:00,OPUSDT,TREND,SELL,0.1227,0.1202,TP,54,73389.50285719165,0.42319085907744397,2.363,1.9,1394.4005542866412,True,174813.79580583048,0.0
914,2026-06-03 16:50:00,ATOMUSDT,TREND,SELL,1.862,1.8248,TP,102,112276.04097998104,0.6422607578676943,1.557,1.9,2133.24477861964,True,176947.04058445012,0.0
915,2026-06-03 17:00:00,RENDERUSDT,TREND,SELL,2.13,2.0874,TP,47,87640.93144351171,0.49529470034670636,2.019,1.9,1665.1776974267225,True,178612.21828187685,0.0
916,2026-06-03 18:15:00,ARBUSDT,TREND,SELL,0.0939,0.092,TP,32,119074.81218791791,0.6666666666666667,1.5,1.9,2262.4214315704403,True,180874.63971344728,0.0
917,2026-06-03 23:45:00,FETUSDT,TREND,SELL,0.2566,0.2515,TP,8,120583.0931422982,0.6666666666666667,1.5,1.9,2291.078769703666,True,183165.71848315094,0.0
918,2026-06-04 01:15:00,FILUSDT,TREND,SELL,0.903,0.8849,TP,7,122110.4789887673,0.6666666666666667,1.5,1.9,2320.0991007865787,True,185485.81758393752,0.0
919,2026-06-04 14:35:00,OPUSDT,TREND,BUY,0.1114,0.1136,TP,6,123657.21172262503,0.6666666666666667,1.5,1.9,2349.4870227298757,True,187835.3046066674,0.0
920,2026-06-04 15:15:00,ATOMUSDT,TREND,BUY,1.821,1.788,REVERSE_SIGNAL,121,69801.30234361479,0.3716090672612412,2.691,-1.912,-1334.6009008099147,False,186500.70370585748,0.7105165366034963
921,2026-06-04 15:35:00,ARBUSDT,TREND,BUY,0.0912,0.088,SL,72,50027.01279663559,0.26824034334763946,3.728,-3.6,-1800.9724606788814,False,184699.73124517858,1.6693205614646287
922,2026-06-04 15:45:00,TIAUSDT,TREND,BUY,0.3485,0.3363,SL,66,52756.27856189048,0.28563267637817763,3.501,-3.6,-1899.2260282280577,False,182800.50521695052,2.6804329464367176
923,2026-06-04 16:25:00,RENDERUSDT,TREND,BUY,1.986,1.9165,SL,58,41725.74873703504,0.22825838849577723,4.381,-3.6,-1502.1269545332618,False,181298.37826241725,3.4801372180478367
924,2026-06-04 19:10:00,BNBUSDT,FADE,SELL,609.8187,597.6223,TP,69,120865.58550827818,0.6666666666666667,1.5,1.93,2332.7058003097686,True,183631.08406272702,2.238248316920047
925,2026-06-04 21:45:00,RENDERUSDT,TREND,SELL,1.871,1.8336,TP,39,122420.72270848468,0.6666666666666666,1.5,1.9,2325.993731461209,True,185957.07779418823,0.9999327956010374
926,2026-06-04 21:50:00,TIAUSDT,TREND,SELL,0.333,0.3263,TP,61,75530.90080998708,0.40617384240454907,2.462,1.9,1435.0871153897547,True,187392.164909578,0.23591927940136725
927,2026-06-04 21:55:00,APTUSDT,TREND,SELL,0.7395,0.7247,TP,57,81510.2935665846,0.4349717268377556,2.299,1.9,1548.6955777651074,True,188940.8604873431,0.0
928,2026-06-04 22:00:00,OPUSDT,TREND,SELL,0.11,0.1078,TP,60,74240.02376712892,0.39292730844793716,2.545,1.9,1410.5604515754494,True,190351.42093891854,0.0
929,2026-06-04 22:10:00,ARBUSDT,TREND,SELL,0.0878,0.086,TP,57,83560.76424008716,0.43898156277436345,2.278,1.9,1587.654520561656,True,191939.0754594802,0.0
930,2026-06-04 22:20:00,FILUSDT,TREND,SELL,0.855,0.8379,TP,52,82060.31443329637,0.4275331338178709,2.339,1.9,1559.145974232631,True,193498.22143371284,0.0
931,2026-06-05 01:20:00,ATOMUSDT,TREND,SELL,1.788,1.8147,SL,43,128144.51750577008,0.662251655629139,1.51,-1.594,-2042.623609041975,False,191455.59782467087,1.055629139072845
932,2026-06-05 02:55:00,BNBUSDT,TREND,SELL,596.25,584.325,TP,36,127637.06521644726,0.6666666666666667,1.5,1.9,2425.104239112498,True,193880.70206378336,0.0
933,2026-06-05 21:15:00,RENDERUSDT,TREND,BUY,1.699,1.625,REVERSE_SIGNAL,73,41694.77463737276,0.21505376344086016,4.65,-4.456,-1857.9191578413302,False,192022.78290594203,0.9582795698924731
934,2026-06-05 21:20:00,BTCUSDT,TREND,BUY,61552.0,59481.6,REVERSE_SIGNAL,86,56262.16903191973,0.2929973630237328,3.4130000000000003,-3.464,-1948.9215352656993,False,190073.86137067634,1.9634964452803747
935,2026-06-05 21:40:00,SEIUSDT,TREND,BUY,0.0484,0.0457,REVERSE_SIGNAL,80,31923.725456949338,0.16795431642593217,5.954,-5.579,-1781.0246432432036,False,188292.83672743314,2.8821152785551156
936,2026-06-06 03:20:00,RENDERUSDT,TREND,SELL,1.625,1.5925,TP,10,125528.55781828875,0.6666666666666666,1.5,1.9,2385.0425985474863,True,190677.8793259806,1.651955405416821
937,2026-06-06 04:05:00,FETUSDT,TREND,SELL,0.1891,0.1853,TP,6,127118.58621732042,0.6666666666666667,1.5,1.9,2415.253138129088,True,193093.1324641097,0.40621350721877375
938,2026-06-06 04:05:00,LINKUSDT,TREND,SELL,7.172,7.0286,TP,5,128728.75497607312,0.6666666666666666,1.5,1.9,2445.846344545389,True,195538.97880865508,0.0
939,2026-06-06 04:05:00,OPUSDT,TREND,SELL,0.0934,0.0915,TP,5,130359.31920577007,0.6666666666666667,1.5,1.9,2476.827064909631,True,198015.8058735647,0.0
940,2026-06-06 04:05:00,TIAUSDT,TREND,SELL,0.2899,0.2841,TP,5,132010.53724904315,0.6666666666666667,1.5,1.9,2508.20020773182,True,200524.00608129654,0.0
941,2026-06-06 04:20:00,SEIUSDT,TREND,SELL,0.0457,0.0448,TP,3,133682.67072086435,0.6666666666666666,1.5,1.9,2539.9707436964227,True,203063.97682499295,0.0
942,2026-06-06 04:40:00,INJUSDT,TREND,SELL,4.869,5.0394,SL,8,47081.84020982912,0.23185717597959662,4.313,-3.6,-1694.9462475538485,False,201369.0305774391,0.8346858335265538
943,2026-06-06 08:30:00,INJUSDT,TREND,BUY,5.285,5.3907,TP,11,134246.0203849594,0.6666666666666667,1.5,1.9,2550.6743873142286,True,203919.70496475333,0.0
944,2026-06-06 08:45:00,LINKUSDT,FADE,SELL,7.4425,7.2936,TP,15,135946.46997650224,0.6666666666666667,1.5,1.93,2623.766870546493,True,206543.47183529983,0.0
945,2026-06-06 08:50:00,SEIUSDT,FADE,SELL,0.0485,0.0476,TP,6,137695.6478901999,0.6666666666666667,1.5,1.93,2657.5260042808577,True,209200.9978395807,0.0
946,2026-06-06 09:00:00,AVAXUSDT,TREND,BUY,6.717,6.578,REVERSE_SIGNAL,137,91234.62618385551,0.436109899694723,2.293,-2.169,-1978.879041927826,False,207222.11879765286,0.9459223724378598
947,2026-06-06 09:10:00,FILUSDT,TREND,BUY,0.732,0.7466,TP,193,60679.976221860285,0.29282576866764276,3.415,1.9,1152.9195482153455,True,208375.0383458682,0.39481623043971065
948,2026-06-06 09:10:00,APTUSDT,TREND,BUY,0.6639,0.6407,SL,16,58614.63807197418,0.2812939521800281,3.5549999999999997,-3.6,-2110.126970591071,False,206264.91137527712,1.4034763192453898
949,2026-06-06 09:25:00,OPUSDT,TREND,BUY,0.0983,0.0949,SL,7,54799.39197005238,0.2656748140276302,3.764,-3.6,-1972.7781109218859,False,204292.13326435525,2.3464823905809777
950,2026-06-06 09:40:00,ADAUSDT,TREND,BUY,0.1582,0.1614,TP,54,67334.25618469191,0.32959789057350036,3.034,1.9,1279.3508675091464,True,205571.4841318644,1.7349409157691922
951,2026-06-06 14:15:00,ATOMUSDT,TREND,BUY,1.65,1.683,TP,177,72180.99864180632,0.351123595505618,2.848,1.9,1371.43897419432,True,206942.9231060587,1.079380479462879
952,2026-06-06 19:45:00,INJUSDT,FADE,BUY,5.0193,5.1196,TP,19,137961.94873737247,0.6666666666666666,1.5,1.93,2662.6656106312885,True,209605.58871669,0.0
953,2026-06-06 20:25:00,AVAXUSDT,FADE,BUY,6.5745,6.706,TP,55,139737.05914446,0.6666666666666667,1.5,1.93,2696.925241488078,True,212302.51395817808,0.0
954,2026-06-06 20:50:00,SEIUSDT,FADE,BUY,0.0463,0.0472,TP,36,141535.00930545205,0.6666666666666666,1.5,1.93,2731.6256795952245,True,215034.1396377733,0.0
955,2026-06-06 21:45:00,FETUSDT,TREND,BUY,0.198,0.202,TP,39,141936.72583351374,0.6600660066006602,1.515,1.9,2696.797790836761,True,217730.93742861005,0.0
956,2026-06-07 01:15:00,APTUSDT,TREND,BUY,0.6733,0.6868,TP,96,145153.95828574005,0.6666666666666667,1.5,1.9,2757.9252074290607,True,220488.86263603912,0.0
957,2026-06-07 01:20:00,INJUSDT,TREND,BUY,5.283,5.3887,TP,46,146992.57509069276,0.6666666666666667,1.5,1.9,2792.8589267231623,True,223281.72156276228,0.0
958,2026-06-07 01:25:00,SOLUSDT,TREND,BUY,63.72,64.9944,TP,86,148854.48104184153,0.6666666666666667,1.5,1.9,2828.235139794989,True,226109.95670255728,0.0
959,2026-06-07 01:25:00,XRPUSDT,FADE,SELL,1.1222,1.1503,SL,75,72704.16614230139,0.3215434083601287,3.11,-2.57,-1868.4970698571453,False,224241.45963270013,0.8263665594855288
960,2026-06-07 01:30:00,SEIUSDT,TREND,BUY,0.048,0.049,TP,44,149494.3064218001,0.6666666666666667,1.5,1.9,2840.391822014202,True,227081.85145471434,0.0
961,2026-06-07 01:30:00,AVAXUSDT,FADE,SELL,6.8323,6.6957,TP,34,151387.90096980956,0.6666666666666666,1.5,1.93,2921.786488717324,True,230003.63794343168,0.0
962,2026-06-07 01:55:00,NEARUSDT,TREND,BUY,1.944,1.876,SL,13,55196.45738983242,0.23998080153587717,4.167,-3.6,-1987.0724660339674,False,228016.5654773977,0.8639308855291619
963,2026-06-07 11:00:00,INJUSDT,TREND,SELL,5.189,5.0852,TP,16,152011.04365159848,0.6666666666666667,1.5,1.9,2888.209829380371,True,230904.77530677806,0.0
964,2026-06-07 12:35:00,RENDERUSDT,FADE,BUY,1.622,1.6544,TP,20,153936.5168711854,0.6666666666666667,1.5,1.93,2970.9747756138777,True,233875.75008239193,0.0
965,2026-06-07 13:35:00,OPUSDT,TREND,SELL,0.0946,0.0927,TP,66,100548.4738101427,0.4299226139294927,2.326,1.9,1910.4210023927114,True,235786.17108478464,0.0
966,2026-06-07 15:05:00,INJUSDT,TREND,BUY,5.346,5.4529,TP,85,72438.14779870497,0.3072196620583718,3.2549999999999994,1.9,1376.3248081753945,True,237162.49589296003,0.0
967,2026-06-07 16:25:00,ARBUSDT,TREND,SELL,0.0816,0.08,TP,34,158108.3305953067,0.6666666666666667,1.5,1.9,3004.058281310827,True,240166.55417427086,0.0
968,2026-06-07 19:05:00,SEIUSDT,TREND,SELL,0.0482,0.0499,SL,37,53596.64230624211,0.22316447221602323,4.481,-3.6,-1929.479123024716,False,238237.07505124615,0.8033920999776798
969,2026-06-07 19:25:00,TIAUSDT,FADE,BUY,0.3031,0.3092,TP,9,158824.7167008308,0.6666666666666667,1.5,1.93,3065.3170323260338,True,241302.3920835722,0.0
970,2026-06-07 19:30:00,RENDERUSDT,TREND,SELL,1.608,1.6643,SL,32,44603.02995999486,0.18484288354898337,5.41,-3.6,-1605.7090785598152,False,239696.68300501237,0.6654343807763449
971,2026-06-07 19:30:00,DOGEUSDT,FADE,BUY,0.083,0.0846,TP,30,159797.78867000827,0.6666666666666667,1.5,1.93,3084.0973213311595,True,242780.78032634352,0.0
972,2026-06-07 19:50:00,FILUSDT,FADE,BUY,0.7405,0.7553,TP,11,161853.8535508957,0.6666666666666667,1.5,1.93,3123.7793735322866,True,245904.5596998758,0.0
973,2026-06-07 20:00:00,FETUSDT,FADE,BUY,0.204,0.208,TP,25,163936.37313325054,0.6666666666666667,1.5,1.93,3163.972001471735,True,249068.53170134753,0.0
974,2026-06-07 22:30:00,DOGEUSDT,TREND,BUY,0.0858,0.0875,TP,213,147290.67516342254,0.5913660555884092,1.691,1.9,2798.522828105028,True,251867.05452945255,0.0
975,2026-06-07 22:30:00,TIAUSDT,TREND,BUY,0.3202,0.3266,TP,213,93770.31069599873,0.372300819061802,2.686,1.9,1781.635903223976,True,253648.69043267652,0.0
976,2026-06-07 22:35:00,FILUSDT,TREND,BUY,0.773,0.7885,TP,212,103193.12059913609,0.4068348250610252,2.458,1.9,1960.6692913835857,True,255609.3597240601,0.0
977,2026-06-07 22:35:00,ADAUSDT,TREND,BUY,0.1649,0.1682,TP,161,82641.24142387976,0.3233107015842224,3.093,1.9,1570.1835870537154,True,257179.5433111138,0.0
978,2026-06-07 22:35:00,BTCUSDT,TREND,BUY,63002.5,62851.5,REVERSE_SIGNAL,309,171453.02887407588,0.6666666666666667,1.5,-0.34,-582.9402981718581,False,256596.60301294195,0.22666666666666724
979,2026-06-07 22:40:00,ARBUSDT,TREND,BUY,0.0831,0.0817,REVERSE_SIGNAL,306,92701.08490351951,0.3612716763005781,2.768,-1.785,-1654.714365527823,False,254941.88864741413,0.8700749036608856
980,2026-06-07 22:40:00,AVAXUSDT,TREND,BUY,6.8,6.562,SL,78,72529.69805047344,0.2844950213371266,3.515,-3.6,-2611.069129817044,False,252330.8195175971,1.8853458292563925
981,2026-06-07 22:40:00,SOLUSDT,TREND,BUY,66.27,67.5954,TP,198,123873.74546764708,0.4909180166912126,2.037,1.9,2353.6011638852947,True,254684.42068148238,0.9701870520133249
982,2026-06-07 22:40:00,XRPUSDT,TREND,BUY,1.1581,1.1813,TP,198,109259.72573208167,0.429000429000429,2.331,1.9,2075.9347889095516,True,256760.35547039192,0.1629942394814787
983,2026-06-07 22:45:00,RENDERUSDT,TREND,BUY,1.678,1.623,REVERSE_SIGNAL,307,75584.44376520222,0.2943773918163085,3.3970000000000002,-3.378,-2553.242510388531,False,254207.1129600034,1.1557802431877782
984,2026-06-07 22:45:00,APTUSDT,TREND,BUY,0.6749,0.6884,TP,210,80547.24745247255,0.3168567807351077,3.1560000000000006,1.9,1530.3977015969785,True,255737.5106616004,0.5607104791258508
985,2026-06-07 23:10:00,FETUSDT,TREND,BUY,0.2122,0.2048,SL,64,72364.8870010188,0.28296547821165824,3.534,-3.6,-2605.135932036677,False,253132.37472956371,1.5736743791687113
986,2026-06-08 05:40:00,BNBUSDT,FADE,BUY,592.505,604.3551,TP,71,168754.91648637582,0.6666666666666667,1.5,1.93,3256.969888187053,True,256389.34461775076,0.30725565618068595
987,2026-06-08 12:55:00,ETHUSDT,TREND,BUY,1694.5,1662.0,REVERSE_SIGNAL,144,119195.41823233415,0.46490004649000466,2.151,-2.018,-2405.3635399285026,False,253983.98107782225,1.2425413748502727
988,2026-06-08 23:30:00,TIAUSDT,TREND,SELL,0.3168,0.3105,TP,13,169322.65405188152,0.6666666666666667,1.5,1.9,3217.1304269857487,True,257201.11150480798,0.0
989,2026-06-08 23:50:00,OPUSDT,TREND,SELL,0.0956,0.0937,TP,9,171467.407669872,0.6666666666666666,1.5,1.9,3257.8807457275675,True,260458.99225053555,0.0
990,2026-06-09 00:10:00,SEIUSDT,TREND,SELL,0.049,0.048,TP,5,173639.3281670237,0.6666666666666666,1.5,1.9,3299.14723517345,True,263758.139485709,0.0
991,2026-06-09 00:10:00,APTUSDT,TREND,SELL,0.6698,0.6564,TP,5,175838.75965713937,0.6666666666666667,1.5,1.9,3340.9364334856477,True,267099.07591919467,0.0
992,2026-06-09 00:10:00,ARBUSDT,TREND,SELL,0.0817,0.0801,TP,8,178066.05061279648,0.6666666666666667,1.5,1.9,3383.254961643133,True,270482.3308808378,0.0
993,2026-06-09 00:20:00,RENDERUSDT,TREND,SELL,1.623,1.5905,TP,5,180321.55392055854,0.6666666666666666,1.5,1.9,3426.1095244906123,True,273908.4404053284,0.0
994,2026-06-09 00:25:00,FETUSDT,TREND,SELL,0.2079,0.2037,TP,157,132450.88994454953,0.4835589941972921,2.068,1.9,2516.566908946441,True,276425.00731427484,0.0
995,2026-06-09 00:30:00,INJUSDT,TREND,SELL,5.535,5.7287,SL,100,73205.77524212789,0.26483050847457634,3.7759999999999994,-3.6,-2635.407908716604,False,273789.59940555826,0.953389830508469
996,2026-06-09 00:30:00,AVAXUSDT,TREND,SELL,6.63,6.752,REVERSE_SIGNAL,77,114174.14487304348,0.4170141784820684,2.398,-1.94,-2214.9784105370436,False,271574.6209950212,1.7546843414710016
997,2026-06-09 00:30:00,DOGEUSDT,FADE,BUY,0.0847,0.0864,TP,52,181049.74733001413,0.6666666666666666,1.5,1.93,3494.2601234692725,True,275068.8811184905,0.4905946133312576
998,2026-06-09 00:30:00,LINKUSDT,FADE,BUY,7.8197,7.9761,TP,49,183379.25407899366,0.6666666666666667,1.5,1.93,3539.219603724577,True,278608.1007222151,0.0
999,2026-06-09 00:30:00,NEARUSDT,TREND,SELL,2.071,2.1435,SL,60,71237.04953265535,0.25568908207619534,3.911,-3.6,-2564.533783175593,False,276043.5669390395,0.920480695474297
1000,2026-06-09 00:35:00,FILUSDT,TREND,SELL,0.756,0.7409,TP,192,80268.55683019468,0.29078220412910727,3.4390000000000005,1.9,1525.1025797736988,True,277568.6695188132,0.37308003633327247
1001,2026-06-09 00:45:00,XRPUSDT,TREND,SELL,1.153,1.1752,REVERSE_SIGNAL,66,139762.67347372268,0.5035246727089628,1.986,-2.025,-2830.194137842884,False,274738.47538097034,1.388913434754337
1002,2026-06-09 00:55:00,ETHUSDT,FADE,BUY,1659.91,1693.1082,TP,45,183158.98358731356,0.6666666666666666,1.5,1.93,3534.968383235151,True,278273.4437642055,0.12011745428150712
1003,2026-06-09 05:30:00,APTUSDT,TREND,BUY,0.6697,0.6463,SL,127,71961.06639881186,0.2585983966899405,3.8670000000000004,-3.6,-2590.5983903572273,False,275682.8453738483,1.04995344384599
1004,2026-06-09 05:35:00,SOLUSDT,TREND,BUY,67.19,65.81,REVERSE_SIGNAL,92,129550.20929222195,0.46992481203007525,2.128,-2.154,-2790.511508154461,False,272892.3338656938,2.051543670734876
1005,2026-06-09 05:40:00,TIAUSDT,TREND,BUY,0.3197,0.3261,TP,89,181928.22257712923,0.6666666666666667,1.5,1.9,3456.6362289654553,True,276348.9700946593,0.8108632238975091
1006,2026-06-09 05:55:00,NEARUSDT,TREND,BUY,2.179,2.0389,SL,122,40964.86363691955,0.14823599169878446,6.746,-6.528,-2674.186298218108,False,273674.7837964412,1.7707011795369882
1007,2026-06-09 06:55:00,AVAXUSDT,FADE,SELL,6.7816,6.646,TP,86,182449.85586429416,0.6666666666666667,1.5,1.93,3521.282218180877,True,277196.0660146221,0.5068175347136936
1008,2026-06-09 07:10:00,RENDERUSDT,FADE,SELL,1.6565,1.6234,TP,34,184797.3773430814,0.6666666666666666,1.5,1.93,3566.589382721471,True,280762.65539734357,0.0
1009,2026-06-09 07:40:00,OPUSDT,TREND,BUY,0.0964,0.093,SL,82,79603.81496947649,0.28352707683583783,3.527,-3.6,-2865.737338901154,False,277896.9180584424,1.0206974766090142
1010,2026-06-09 09:00:00,INJUSDT,TREND,BUY,5.72,5.8344,TP,61,182706.71798714163,0.6574621959237343,1.521,1.9,3471.4276417556907,True,281368.3457001981,0.0
1011,2026-06-09 14:15:00,DOGEUSDT,TREND,SELL,0.0849,0.0832,TP,28,187578.8971334654,0.6666666666666666,1.5,1.9,3563.9990455358425,True,284932.34474573395,0.0
1012,2026-06-09 14:20:00,AVAXUSDT,TREND,SELL,6.594,6.4621,TP,27,189954.89649715598,0.6666666666666667,1.5,1.9,3609.1430334459633,True,288541.48777917994,0.0
1013,2026-06-09 15:30:00,ATOMUSDT,TREND,BUY,1.781,1.7187,SL,13,74481.54046958697,0.25813113061435206,3.8740000000000006,-3.6,-2681.335456905131,False,285860.1523222748,0.9292720702116671
1014,2026-06-09 15:30:00,RENDERUSDT,TREND,SELL,1.598,1.566,TP,13,114344.06092890992,0.4,2.5,1.9,2172.5371576492885,True,288032.6894799241,0.17633453794527498
1015,2026-06-09 16:05:00,NEARUSDT,TREND,SELL,2.071,2.1933,SL,41,40855.70063545023,0.14184397163120568,7.049999999999999,-6.005,-2453.3848231587863,False,285579.3046567653,1.0266056175192322
1016,2026-06-09 16:10:00,OPUSDT,FADE,BUY,0.0922,0.0941,TP,13,190386.2031045102,0.6666666666666666,1.5,1.93,3674.4537199170463,True,289253.75837668235,0.0
1017,2026-06-09 16:15:00,APTUSDT,FADE,BUY,0.64,0.6528,TP,1,192835.83891778823,0.6666666666666666,1.5,1.93,3721.7316911133125,True,292975.4900677957,0.0
1018,2026-06-09 16:25:00,INJUSDT,FADE,BUY,5.4165,5.5248,TP,7,195316.99337853046,0.6666666666666667,1.5,1.93,3769.617972205637,True,296745.1080400013,0.0
1019,2026-06-09 22:40:00,TIAUSDT,FADE,SELL,0.3283,0.3217,TP,17,197830.07202666753,0.6666666666666666,1.5,1.93,3818.120390114683,True,300563.22843011597,0.0
1020,2026-06-10 00:55:00,SEIUSDT,FADE,SELL,0.0487,0.0477,TP,16,200375.48562007732,0.6666666666666667,1.5,1.93,3867.246872467492,True,304430.4753025835,0.0
1021,2026-06-10 03:55:00,SEIUSDT,TREND,SELL,0.0474,0.0464,TP,90,202953.65020172234,0.6666666666666667,1.5,1.9,3856.1193538327243,True,308286.5946564162,0.0
1022,2026-06-10 05:10:00,NEARUSDT,TREND,SELL,2.086,2.0443,TP,7,205524.39643761082,0.6666666666666667,1.5,1.9,3904.9635323146053,True,312191.5581887308,0.0
1023,2026-06-10 09:35:00,OPUSDT,TREND,SELL,0.0946,0.0927,TP,22,208127.70545915386,0.6666666666666666,1.5,1.9,3954.426403723923,True,316145.98459245474,0.0
1024,2026-06-10 13:45:00,RENDERUSDT,TREND,BUY,1.603,1.5227,SL,73,60333.203166499,0.19083969465648856,5.24,-5.109,-3082.4233497764335,False,313063.5612426783,0.9749999999999962
1025,2026-06-10 14:00:00,ADAUSDT,TREND,BUY,0.1647,0.1589,SL,86,83173.10341197618,0.26567481402763016,3.764,-3.6,-2994.2317228311426,False,310069.3295198472,1.9221041445270957
1026,2026-06-10 15:55:00,AVAXUSDT,TREND,BUY,6.574,6.374,REVERSE_SIGNAL,68,91411.9485612757,0.294811320754717,3.392,-3.142,-2872.163423795282,False,307197.1660960519,2.8305969180468264
1027,2026-06-10 16:05:00,INJUSDT,TREND,BUY,5.326,5.1396,SL,10,85665.69048969659,0.27886224205242616,3.5859999999999994,-3.6,-3083.9648576290774,False,304113.20123842283,3.8060845117306896
1028,2026-06-10 19:50:00,TIAUSDT,TREND,SELL,0.3079,0.3017,TP,16,202742.13415894855,0.6666666666666666,1.5,1.9,3852.1005490200223,True,307965.3017874429,2.58762824887927
1029,2026-06-10 20:05:00,RENDERUSDT,TREND,SELL,1.513,1.4827,TP,21,205310.20119162858,0.6666666666666666,1.5,1.9,3900.893822640943,True,311866.1956100838,1.3537382066984094
1030,2026-06-10 20:15:00,SEIUSDT,TREND,SELL,0.0465,0.0456,TP,24,207910.79707338923,0.6666666666666667,1.5,1.9,3950.305144394395,True,315816.5007544782,0.10421889064992143
1031,2026-06-10 20:35:00,NEARUSDT,TREND,SELL,2.001,1.961,TP,7,210544.33383631884,0.6666666666666667,1.5,1.9,4000.342342890058,True,319816.84309736826,0.0
1032,2026-06-10 20:50:00,ATOMUSDT,TREND,SELL,1.746,1.802,REVERSE_SIGNAL,51,99724.61587071039,0.3118178983473651,3.2070000000000003,-3.307,-3297.8930468443928,False,316518.95005052385,1.0311817898347393
1033,2026-06-10 20:55:00,ARBUSDT,TREND,SELL,0.0771,0.0755,TP,12,211012.63336701592,0.6666666666666667,1.5,1.9,4009.2400339733026,True,320528.19008449715,0.0
1034,2026-06-10 21:00:00,INJUSDT,TREND,SELL,4.995,4.8951,TP,10,128211.27603379886,0.39999999999999997,2.5,1.9,2436.0142446421783,True,322964.2043291393,0.0
1035,2026-06-10 21:00:00,LINKUSDT,FADE,BUY,7.5273,7.6779,TP,53,215309.46955275955,0.6666666666666666,1.5,1.93,4155.472762368258,True,327119.6770915076,0.0
1036,2026-06-10 21:15:00,SOLUSDT,TREND,SELL,62.92,64.79,REVERSE_SIGNAL,54,93972.90350230037,0.2872737719046251,3.481,-3.072,-2886.8475955906674,False,324232.8294959169,0.8825050272910153
1037,2026-06-10 21:35:00,AVAXUSDT,TREND,SELL,6.374,6.5971,SL,76,79177.73614063904,0.2442002442002442,4.095,-3.6,-2850.398501063006,False,321382.4309948539,1.7538676204576855
1038,2026-06-11 01:05:00,ATOMUSDT,TREND,BUY,1.802,1.838,TP,34,214254.95399656927,0.6666666666666666,1.5,1.9,4070.844125934816,True,325453.2751207887,0.5094166103168156
1039,2026-06-11 03:35:00,TIAUSDT,TREND,BUY,0.3167,0.323,TP,4,216968.85008052585,0.6666666666666667,1.5,1.9,4122.408151529991,True,329575.6832723187,0.0
1040,2026-06-11 03:55:00,RENDERUSDT,TREND,BUY,1.563,1.5943,TP,166,177668.83195273243,0.5390835579514824,1.855,1.9,3375.7078071019164,True,332951.3910794206,0.0
1041,2026-06-11 03:55:00,ARBUSDT,TREND,BUY,0.0805,0.0821,TP,163,221967.59405294707,0.6666666666666667,1.5,1.9,4217.384287005994,True,337168.77536642656,0.0
1042,2026-06-11 03:55:00,AVAXUSDT,FADE,SELL,6.6255,6.493,TP,91,224779.18357761772,0.6666666666666667,1.5,1.93,4338.238243048021,True,341507.0136094746,0.0
1043,2026-06-11 04:10:00,INJUSDT,TREND,BUY,5.208,5.3122,TP,11,227671.3424063164,0.6666666666666667,1.5,1.9,4325.755505720012,True,345832.7691151946,0.0
1044,2026-06-11 04:15:00,APTUSDT,TREND,BUY,0.6376,0.624,SL,97,147981.5015469382,0.42789901583226353,2.337,-2.239,-3313.3058196359466,False,342519.4632955587,0.9580658964484303
1045,2026-06-11 04:55:00,NEARUSDT,TREND,BUY,2.055,2.0961,TP,195,71822.07240418509,0.20968756552736423,4.769,1.9,1364.6193756795167,True,343884.0826712382,0.563476517549816
1046,2026-06-11 05:25:00,FETUSDT,TREND,BUY,0.1893,0.1846,REVERSE_SIGNAL,125,122815.74381115653,0.3571428571428572,2.8,-2.583,-3172.3306626421736,False,340711.752008596,1.4807784466754264
1047,2026-06-11 15:50:00,FETUSDT,FADE,BUY,0.1832,0.1869,TP,7,227141.1680057307,0.6666666666666667,1.5,1.93,4383.8245425106015,True,345095.57655110664,0.21316446268931333
1048,2026-06-11 17:20:00,APTUSDT,TREND,SELL,0.6216,0.6434,SL,5,78005.32923849608,0.22603978300180833,4.424,-3.6,-2808.191852585859,False,342287.38469852076,1.0251730701357893
1049,2026-06-11 17:20:00,XRPUSDT,FADE,BUY,1.1051,1.1272,TP,2,228191.58979901386,0.6666666666666667,1.5,1.93,4404.097683120967,True,346691.48238164175,0.0
1050,2026-06-11 18:00:00,ETHUSDT,FADE,SELL,1684.144,1653.26,REVERSE_SIGNAL,149,231127.6549210945,0.6666666666666667,1.5,1.764,4077.091832808107,True,350768.57421444985,0.0
1051,2026-06-11 18:00:00,XRPUSDT,FADE,SELL,1.1489,1.1289,REVERSE_SIGNAL,136,233845.71614296656,0.6666666666666666,1.5,1.667,3898.2080881032525,True,354666.7823025531,0.0
1052,2026-06-11 18:45:00,FETUSDT,TREND,BUY,0.1927,0.1882,REVERSE_SIGNAL,142,115828.47233917477,0.32658393207054215,3.062,-2.435,-2820.423301458906,False,351846.35900109424,0.7952318745917637
1053,2026-06-11 19:15:00,INJUSDT,TREND,BUY,5.328,5.4346,TP,23,234564.23933406285,0.6666666666666667,1.5,1.9,4456.720547347194,True,356303.07954844146,0.0
1054,2026-06-12 06:25:00,BNBUSDT,FADE,BUY,597.0325,605.08,REVERSE_SIGNAL,28,237535.38636562767,0.6666666666666667,1.5,1.278,3035.7022377527214,True,359338.7817861942,0.0
1055,2026-06-12 06:35:00,APTUSDT,TREND,SELL,0.6361,0.6562,SL,35,110975.53483205504,0.30883261272390367,3.238,-3.257,-3614.473169480033,False,355724.30861671414,1.0058678196417572
1056,2026-06-12 06:35:00,BTCUSDT,FADE,BUY,62910.3,63873.6,REVERSE_SIGNAL,35,237149.53907780943,0.6666666666666666,1.5,1.461,3464.754765926796,True,359189.06338264095,0.041664972205066104
1057,2026-06-12 06:45:00,ARBUSDT,TREND,SELL,0.0821,0.084,REVERSE_SIGNAL,29,152069.88288850166,0.4233700254022015,2.362,-2.426,-3689.2153588750502,False,355499.8480237659,1.0683327147005384
1058,2026-06-12 06:50:00,RENDERUSDT,FADE,BUY,1.612,1.6442,TP,18,236999.8986825106,0.6666666666666666,1.5,1.93,4574.098044572454,True,360073.94606833835,0.0
1059,2026-06-12 09:10:00,ARBUSDT,TREND,BUY,0.084,0.0857,TP,267,140763.8569461839,0.3909304143862393,2.558,1.9,2674.513281977494,True,362748.45935031585,0.0
1060,2026-06-12 09:15:00,ETHUSDT,FADE,SELL,1684.144,1661.59,REVERSE_SIGNAL,156,241832.3062335439,0.6666666666666666,1.5,1.269,3068.851966103672,True,365817.3113164195,0.0
1061,2026-06-12 09:40:00,APTUSDT,TREND,BUY,0.661,0.6397,REVERSE_SIGNAL,157,107942.55276377089,0.29507229271171437,3.389,-3.322,-3585.8516028124686,False,362231.45971360704,0.9802301563883162
1062,2026-06-12 09:40:00,LINKUSDT,FADE,SELL,7.9318,7.911,REVERSE_SIGNAL,518,229550.98841166476,0.6337135614702154,1.5780000000000003,0.193,443.033407634513,True,362674.49312124157,0.8591223263514476
1063,2026-06-12 09:45:00,TIAUSDT,TREND,BUY,0.3287,0.3353,TP,38,241782.99541416107,0.6666666666666667,1.5,1.9,4593.87691286906,True,367268.3700341106,0.0
1064,2026-06-12 11:30:00,INJUSDT,TREND,SELL,5.364,5.2567,TP,26,244845.5800227404,0.6666666666666666,1.5,1.9,4652.0660204320675,True,371920.43605454266,0.0
1065,2026-06-12 13:55:00,XRPUSDT,FADE,BUY,1.129,1.1516,TP,13,247946.95736969513,0.6666666666666667,1.5,1.93,4785.376277235116,True,376705.81233177776,0.0
1066,2026-06-12 17:10:00,NEARUSDT,TREND,SELL,2.058,2.0168,TP,31,251137.2082211852,0.6666666666666667,1.5,1.9,4771.606956202519,True,381477.4192879803,0.0
1067,2026-06-12 22:10:00,BNBUSDT,FADE,BUY,603.025,605.67,REVERSE_SIGNAL,147,254318.27952532022,0.6666666666666667,1.5,0.369,938.4344514484317,True,382415.85373942874,0.0
1068,2026-06-12 22:25:00,SOLUSDT,FADE,BUY,66.43,67.34,REVERSE_SIGNAL,127,152966.34149577148,0.39999999999999997,2.5,1.3,1988.5624394450294,True,384404.4161788738,0.0
1069,2026-06-12 23:25:00,TIAUSDT,FADE,BUY,0.3207,0.3272,TP,27,256269.6107859159,0.6666666666666667,1.5,1.93,4946.003488168176,True,389350.419667042,0.0
1070,2026-06-13 03:55:00,APTUSDT,FADE,SELL,0.6567,0.6731,SL,36,132477.17579688397,0.3402517863218782,2.939,-2.57,-3404.6634179799175,False,385945.7562490621,0.8744470908472224
1071,2026-06-13 06:40:00,TIAUSDT,TREND,BUY,0.3304,0.337,TP,9,257297.17083270807,0.6666666666666667,1.5,1.9,4888.646245821453,True,390834.4024948835,0.0
1072,2026-06-13 07:35:00,FETUSDT,TREND,BUY,0.19,0.1938,TP,30,260556.26832992237,0.6666666666666667,1.5,1.9,4950.569098268525,True,395784.97159315203,0.0
1073,2026-06-13 07:45:00,INJUSDT,TREND,BUY,5.295,5.144,REVERSE_SIGNAL,254,132635.71434086864,0.3351206434316354,2.984,-2.952,-3915.4062873424423,False,391869.5653058096,0.9892761394101837
1074,2026-06-13 12:10:00,NEARUSDT,TREND,BUY,2.045,2.0859,TP,36,261246.37687053974,0.6666666666666666,1.5,1.9,4963.6811605402545,True,396833.24646634987,0.0
1075,2026-06-14 01:00:00,OPUSDT,TREND,SELL,0.1056,0.1089,REVERSE_SIGNAL,248,123240.13865414592,0.3105590062111801,3.2199999999999998,-3.225,-3974.494471596206,False,392858.75199475366,1.0015527950310557
1076,2026-06-14 01:15:00,SEIUSDT,TREND,SELL,0.0536,0.0525,TP,159,261905.83466316914,0.6666666666666667,1.5,1.9,4976.210858600213,True,397834.9628533539,0.0
1077,2026-06-14 04:55:00,INJUSDT,FADE,BUY,5.116,4.9881,SL,114,149674.5533684552,0.37622272385252076,2.658,-2.57,-3846.6360215692985,False,393988.32683178457,0.9668924003009819
1078,2026-06-14 07:00:00,BTCUSDT,FADE,BUY,64238.3,64762.2,REVERSE_SIGNAL,172,262658.88455452304,0.6666666666666666,1.5,0.746,1959.4352787767418,True,395947.7621105613,0.4743677451718121
1079,2026-06-14 07:30:00,XRPUSDT,FADE,BUY,1.1433,1.1583,REVERSE_SIGNAL,166,259637.87679381072,0.6557377049180328,1.525,1.239,3216.913293475315,True,399164.67540403665,0.0
1080,2026-06-14 12:45:00,NEARUSDT,TREND,SELL,2.09,2.1342,SL,102,122668.92298833333,0.3073140749846343,3.254,-2.215,-2717.1166441915834,False,396447.5587598451,0.6807006760909581
1081,2026-06-14 12:55:00,FETUSDT,TREND,SELL,0.2046,0.2005,TP,16,264298.37250656344,0.6666666666666667,1.5,1.9,5021.669077624705,True,401469.2278374698,0.0
1082,2026-06-14 13:35:00,RENDERUSDT,TREND,SELL,1.731,1.788,REVERSE_SIGNAL,96,117802.00347343597,0.2934272300469484,3.408,-3.393,-3997.0219778536816,False,397472.2058596161,0.9955985915492926
1083,2026-06-14 21:20:00,APTUSDT,TREND,BUY,0.6678,0.6812,TP,5,264981.47057307744,0.6666666666666667,1.5,1.9,5034.647940888472,True,402506.8538005046,0.0
1084,2026-06-14 21:20:00,ARBUSDT,TREND,BUY,0.0839,0.0855,TP,5,268337.9025336697,0.6666666666666666,1.5,1.9,5098.420148139725,True,407605.2739486443,0.0
1085,2026-06-14 21:25:00,FETUSDT,TREND,BUY,0.209,0.2132,TP,33,271736.8492990962,0.6666666666666667,1.5,1.9,5163.000136682828,True,412768.2740853271,0.0
1086,2026-06-14 21:25:00,FILUSDT,TREND,BUY,0.779,0.7946,TP,5,275178.8493902181,0.6666666666666667,1.5,1.9,5228.398138414143,True,417996.67222374125,0.0
1087,2026-06-14 21:25:00,ADAUSDT,TREND,BUY,0.1711,0.1745,TP,5,278664.4481491609,0.6666666666666669,1.5,1.9,5294.624514834057,True,423291.2967385753,0.0
1088,2026-06-14 21:25:00,AVAXUSDT,TREND,BUY,6.614,6.7463,TP,5,282194.1978257169,0.6666666666666667,1.5,1.9,5361.689758688622,True,428652.98649726395,0.0
1089,2026-06-14 21:25:00,NEARUSDT,TREND,BUY,2.169,2.2124,TP,11,285768.6576648426,0.6666666666666666,1.5,1.9,5429.604495632009,True,434082.59099289594,0.0
1090,2026-06-14 21:25:00,DOGEUSDT,FADE,SELL,0.0889,0.0882,REVERSE_SIGNAL,296,196239.86934579385,0.4520795660036167,2.212,0.777,1524.7837848168183,True,435607.37477771274,0.0
1091,2026-06-15 07:55:00,ATOMUSDT,FADE,BUY,1.9545,1.9936,TP,22,290404.91651847516,0.6666666666666666,1.5,1.93,5604.81488880657,True,441212.1896665193,0.0
1092,2026-06-15 11:35:00,ATOMUSDT,FADE,SELL,2.0192,1.9788,TP,32,294141.4597776795,0.6666666666666666,1.5,1.93,5676.930173709215,True,446889.1198402285,0.0
1093,2026-06-15 19:20:00,SEIUSDT,TREND,SELL,0.0543,0.0532,TP,85,297926.0798934857,0.6666666666666667,1.5,1.9,5660.595517976229,True,452549.71535820473,0.0
1094,2026-06-15 19:30:00,RENDERUSDT,TREND,SELL,1.791,1.7552,TP,80,301699.8102388032,0.6666666666666667,1.5,1.9,5732.296394537261,True,458282.011752742,0.0
1095,2026-06-15 21:00:00,ADAUSDT,TREND,SELL,0.1799,0.1763,TP,62,305521.34116849466,0.6666666666666666,1.5,1.9,5804.905482201399,True,464086.91723494336,0.0
1096,2026-06-15 22:50:00,FETUSDT,TREND,SELL,0.2107,0.2065,TP,43,222263.84925045184,0.47892720306513414,2.088,1.9,4223.013135758585,True,468309.93037070194,0.0
1097,2026-06-16 06:45:00,RENDERUSDT,TREND,BUY,1.793,1.754,REVERSE_SIGNAL,85,195291.8808885329,0.41701417848206834,2.398,-2.275,-4442.8902902141235,False,463867.04008048784,0.9487072560467
1098,2026-06-16 08:15:00,NEARUSDT,TREND,BUY,2.457,2.5061,TP,14,309244.6933869919,0.6666666666666667,1.5,1.9,5875.649174352846,True,469742.6892548407,0.0
1099,2026-06-16 08:55:00,FILUSDT,TREND,BUY,0.811,0.7826,SL,64,119042.74943102908,0.25342118601115055,3.946,-3.6,-4285.538979517048,False,465457.15027532366,0.9123162696401454
1100,2026-06-16 08:55:00,ADAUSDT,TREND,BUY,0.1809,0.1746,SL,65,127592.42057985847,0.2741228070175439,3.6479999999999997,-3.6,-4593.327140874906,False,460863.8231344487,1.890155253821333
1101,2026-06-16 09:05:00,SEIUSDT,FADE,SELL,0.0546,0.0536,TP,34,307242.5487562992,0.6666666666666667,1.5,1.93,5929.781190996574,True,466793.6043254453,0.6278085847538325
1102,2026-06-16 13:50:00,RENDERUSDT,TREND,SELL,1.754,1.7189,TP,8,311195.73621696356,0.6666666666666667,1.5,1.9,5912.718988122308,True,472706.3233135676,0.0
1103,2026-06-16 13:50:00,NEARUSDT,TREND,SELL,2.383,2.3353,TP,7,315137.5488757118,0.6666666666666667,1.5,1.9,5987.613428638524,True,478693.93674220616,0.0
1104,2026-06-16 14:20:00,APTUSDT,TREND,SELL,0.6645,0.6878,SL,145,123279.4068354896,0.2575328354365181,3.8830000000000005,-3.6,-4438.058646077626,False,474255.8780961285,0.9271182075714682
1105,2026-06-16 14:20:00,AVAXUSDT,FADE,BUY,6.758,6.8932,TP,44,316170.58539741905,0.6666666666666667,1.5,1.93,6102.092298170187,True,480357.9703942987,0.0
1106,2026-06-16 14:25:00,BTCUSDT,FADE,BUY,65413.8,65761.0,REVERSE_SIGNAL,308,320238.64692953246,0.6666666666666666,1.5,0.461,1476.3001623451448,True,481834.2705566439,0.0
1107,2026-06-16 14:25:00,XRPUSDT,TREND,SELL,1.2116,1.1874,TP,252,312271.0761870667,0.6480881399870382,1.543,1.9,5933.150447554267,True,487767.42100419814,0.0
1108,2026-06-16 14:30:00,SOLUSDT,TREND,SELL,72.64,73.78,REVERSE_SIGNAL,307,196839.15294761828,0.40355125100887806,2.478,-1.669,-3285.245462695749,False,484482.17554150237,0.6735270379338233
1109,2026-06-16 15:55:00,INJUSDT,FADE,BUY,5.5432,5.6541,TP,9,322988.1170276683,0.6666666666666667,1.5,1.93,6233.670658633997,True,490715.84620013635,0.0
1110,2026-06-16 20:25:00,SEIUSDT,TREND,BUY,0.0541,0.0552,TP,2,327143.89746675757,0.6666666666666666,1.5,1.9,6215.734051868393,True,496931.58025200473,0.0
1111,2026-06-17 08:45:00,SEIUSDT,TREND,SELL,0.054,0.0557,REVERSE_SIGNAL,79,155048.8549928252,0.31201248049922,3.205,-3.305,-5124.364657512873,False,491807.21559449186,1.0312012480499206
1112,2026-06-17 08:50:00,RENDERUSDT,TREND,SELL,1.702,1.757,REVERSE_SIGNAL,91,141853.82624588747,0.2884338044418806,3.467,-3.331,-4725.150952250511,False,487082.06464224134,1.9820667474521314
1113,2026-06-17 10:50:00,ARBUSDT,FADE,BUY,0.0853,0.087,TP,36,324721.3764281609,0.6666666666666666,1.5,1.93,6267.122565063504,True,493349.1872073049,0.7209026729360102
1114,2026-06-17 11:30:00,TIAUSDT,TREND,SELL,0.3976,0.3896,TP,39,328899.45813820325,0.6666666666666666,1.5,1.9,6249.0897046258615,True,499598.27691193076,0.0
1115,2026-06-17 13:05:00,BNBUSDT,FADE,SELL,611.345,599.1181,TP,75,333065.5179412872,0.6666666666666667,1.5,1.93,6428.164496266842,True,506026.4414081976,0.0
1116,2026-06-17 15:20:00,SEIUSDT,TREND,BUY,0.0557,0.0568,TP,8,337350.96093879844,0.6666666666666667,1.5,1.9,6409.66825783717,True,512436.1096660348,0.0
1117,2026-06-17 15:45:00,APTUSDT,FADE,SELL,0.6941,0.6802,TP,9,341624.0731106899,0.6666666666666666,1.5,1.93,6593.344611036314,True,519029.4542770711,0.0
1118,2026-06-17 16:05:00,BTCUSDT,FADE,SELL,66194.2,64870.316,TP,21,346019.6361847141,0.6666666666666667,1.5,1.93,6678.178978364981,True,525707.6332554361,0.0
1119,2026-06-17 16:05:00,NEARUSDT,FADE,SELL,2.386,2.3383,TP,6,350471.7555036241,0.6666666666666667,1.5,1.93,6764.104881219944,True,532471.738136656,0.0
1120,2026-06-17 16:05:00,SOLUSDT,FADE,SELL,74.418,72.9296,TP,20,354981.1587577707,0.6666666666666667,1.5,1.93,6851.136364024974,True,539322.874500681,0.0
1121,2026-06-17 16:30:00,ATOMUSDT,TREND,BUY,1.999,1.95,REVERSE_SIGNAL,22,156234.89991329113,0.28968713789107764,3.4520000000000004,-2.551,-3985.552296788057,False,535337.3222038929,0.7389918887601439
1122,2026-06-17 16:30:00,FETUSDT,TREND,BUY,0.2104,0.203,SL,34,127979.27855699087,0.23906287353573988,4.183,-3.6,-4607.254028051672,False,530730.0681758412,1.5932582746087214
1123,2026-06-17 18:20:00,ATOMUSDT,TREND,SELL,1.95,1.911,TP,37,353820.04545056086,0.6666666666666667,1.5,1.9,6722.580863560656,True,537452.6490394019,0.3467728794204298
1124,2026-06-17 19:50:00,XRPUSDT,TREND,SELL,1.1787,1.1551,TP,215,358301.76602626796,0.6666666666666667,1.5,1.9,6807.733554499091,True,544260.382593901,0.0
1125,2026-06-17 19:55:00,BNBUSDT,TREND,SELL,599.03,587.0494,TP,232,362840.2550626007,0.6666666666666667,1.5,1.9,6893.964846189413,True,551154.3474400904,0.0
1126,2026-06-17 19:55:00,LINKUSDT,TREND,SELL,8.032,8.084,REVERSE_SIGNAL,202,367436.2316267269,0.6666666666666666,1.5,-0.747,-2744.74865025165,False,548409.5987898387,0.4980000000000009
1127,2026-06-17 20:00:00,AVAXUSDT,TREND,SELL,6.741,6.6062,TP,108,365606.39919322584,0.6666666666666667,1.5,1.9,6946.521584671291,True,555356.1203745101,0.0
1128,2026-06-17 20:00:00,NEARUSDT,TREND,SELL,2.244,2.1991,TP,38,370237.41358300677,0.6666666666666667,1.5,1.9,7034.510858077128,True,562390.6312325872,0.0
1129,2026-06-17 20:05:00,SOLUSDT,TREND,SELL,71.91,70.4718,TP,230,374927.0874883915,0.6666666666666667,1.5,1.9,7123.614662279439,True,569514.2458948666,0.0
1130,2026-06-17 20:20:00,OPUSDT,TREND,SELL,0.1063,0.1042,TP,104,178084.5046575568,0.31269543464665417,3.198,1.9,3383.605588493579,True,572897.8514833603,0.0
1131,2026-06-17 21:25:00,SEIUSDT,TREND,SELL,0.0548,0.0537,TP,79,381931.9009889069,0.6666666666666667,1.5,1.9,7256.706118789231,True,580154.5576021496,0.0
1132,2026-06-18 01:10:00,RENDERUSDT,TREND,BUY,1.731,1.6704,SL,35,164629.5566407916,0.28376844494892167,3.524,-3.6,-5926.664039068498,False,574227.893563081,1.0215664018161197
1133,2026-06-18 04:15:00,ARBUSDT,FADE,BUY,0.0837,0.0854,TP,38,382818.5957087207,0.6666666666666666,1.5,1.93,7388.398897178308,True,581616.2924602594,0.0
1134,2026-06-18 08:30:00,OPUSDT,TREND,BUY,0.1073,0.1094,TP,15,387744.19497350627,0.6666666666666666,1.5,1.9,7367.139704496619,True,588983.432164756,0.0
1135,2026-06-18 15:40:00,ETHUSDT,TREND,SELL,1697.72,1712.17,REVERSE_SIGNAL,105,392655.6214431707,0.6666666666666667,1.5,-0.951,-3734.154959924553,False,585249.2772048315,0.6339999999999942
1136,2026-06-18 15:50:00,LINKUSDT,FADE,BUY,7.7713,7.9267,TP,46,390166.18480322097,0.6666666666666666,1.5,1.93,7530.207366702164,True,592779.4845715336,0.0
1137,2026-06-18 18:05:00,NEARUSDT,TREND,SELL,2.173,2.2491,SL,77,165119.6335853854,0.27855153203342614,3.5900000000000003,-3.6,-5944.306809073875,False,586835.1777624597,1.002785515320338
1138,2026-06-18 20:25:00,INJUSDT,TREND,BUY,5.335,5.1483,SL,82,136727.67422238112,0.23299161230195714,4.292,-3.6,-4922.196272005721,False,581912.981490454,1.833144257503105
1139,2026-06-19 00:10:00,RENDERUSDT,TREND,BUY,1.72,1.7544,TP,22,387941.9876603027,0.6666666666666667,1.5,1.9,7370.897765545751,True,589283.8792559998,0.5896974180981434
1140,2026-06-19 00:25:00,ETHUSDT,FADE,SELL,1716.21,1681.8858,TP,28,392855.9195039999,0.6666666666666666,1.5,1.93,7582.119246427196,True,596865.998502427,0.0
1141,2026-06-19 01:40:00,OPUSDT,TREND,SELL,0.1054,0.1033,TP,19,397910.6656682847,0.6666666666666667,1.5,1.9,7560.302647697409,True,604426.3011501244,0.0
1142,2026-06-19 03:35:00,INJUSDT,FADE,BUY,5.046,5.1469,TP,111,402950.8674334163,0.6666666666666667,1.5,1.93,7776.951741464934,True,612203.2528915893,0.0
1143,2026-06-19 04:30:00,APTUSDT,FADE,BUY,0.622,0.6344,TP,110,408135.50192772626,0.6666666666666667,1.5,1.93,7877.015187205116,True,620080.2680787945,0.0
1144,2026-06-19 04:50:00,TIAUSDT,TREND,SELL,0.3771,0.3903,SL,107,142579.9650675545,0.22993791676247416,4.349,-3.6,-5132.878742431963,False,614947.3893363625,0.8277765003449113
1145,2026-06-19 07:10:00,FETUSDT,TREND,SELL,0.1929,0.1956,SL,78,329553.79921562836,0.5359056806002144,1.8659999999999999,-1.496,-4930.1248362658,False,610017.2645000967,1.6228549909959522
1146,2026-06-19 07:25:00,SEIUSDT,TREND,SELL,0.054,0.0549,SL,77,343091.8248032039,0.5624296962879639,1.778,-1.79,-6141.34366397735,False,603875.9208361193,2.6132660684206823
1147,2026-06-19 13:30:00,OPUSDT,TREND,BUY,0.1041,0.1018,REVERSE_SIGNAL,273,161205.53145651877,0.2669514148424987,3.746,-2.309,-3722.235721331019,False,600153.6851147884,3.2135489532258448
1148,2026-06-19 13:50:00,TIAUSDT,TREND,BUY,0.3926,0.3791,REVERSE_SIGNAL,56,158143.26353485862,0.26350461133069836,3.795,-3.539,-5596.690096498647,False,594556.9950182897,4.1161240527107905
1149,2026-06-19 14:10:00,FETUSDT,TREND,BUY,0.1962,0.1913,REVERSE_SIGNAL,65,216045.4197014134,0.3633720930232558,2.752,-2.597,-5610.699549645706,False,588946.295468644,5.020958448913944
1150,2026-06-19 14:20:00,FILUSDT,TREND,BUY,0.789,0.8048,TP,18,392630.86364576267,0.6666666666666666,1.5,1.9,7459.986409269491,True,596406.2818779135,3.8178905892668515
1151,2026-06-19 14:25:00,AVAXUSDT,TREND,BUY,6.167,5.9512,SL,49,149512.73047829367,0.250689395838556,3.9890000000000003,-3.6,-5382.458297218573,False,591023.823580695,4.685916645618412
1152,2026-06-19 14:30:00,NEARUSDT,TREND,BUY,2.164,2.139,REVERSE_SIGNAL,243,277998.0355506562,0.47036688617121364,2.126,-1.255,-3488.875346160735,False,587534.9482345342,5.248565632493993
1153,2026-06-19 18:40:00,AVAXUSDT,TREND,SELL,5.786,5.9885,SL,120,163431.13998178978,0.27816411682892905,3.595,-3.6,-5883.521039344432,False,581651.4271951898,6.197397798622018
1154,2026-06-19 19:45:00,SEIUSDT,FADE,BUY,0.0532,0.0542,TP,51,387767.61813012656,0.6666666666666667,1.5,1.93,7483.915029911442,True,589135.3422251012,4.990470983630955
1155,2026-06-19 19:55:00,ARBUSDT,TREND,SELL,0.083,0.0842,REVERSE_SIGNAL,129,274655.1712005134,0.4662004662004662,2.145,-1.522,-4180.251705671813,False,584955.0905194294,5.66461785152332
1156,2026-06-19 23:00:00,LINKUSDT,FADE,SELL,7.9427,7.879,REVERSE_SIGNAL,165,389970.06034628634,0.6666666666666667,1.5,0.732,2854.580841734816,True,587809.6713611642,5.204261186638761
1157,2026-06-20 06:15:00,SEIUSDT,FADE,SELL,0.0555,0.0544,TP,78,391873.11424077617,0.6666666666666667,1.5,1.93,7563.151104846979,True,595372.8224660112,3.984556013906848
1158,2026-06-20 06:40:00,ARBUSDT,FADE,SELL,0.0846,0.0829,TP,71,396915.2149773408,0.6666666666666666,1.5,1.93,7660.463649062676,True,603033.2861150738,2.7491573012857833
1159,2026-06-20 12:15:00,OPUSDT,TREND,SELL,0.1018,0.0998,TP,21,402022.1907433826,0.6666666666666667,1.5,1.9,7638.421624124269,True,610671.7077391981,1.5173132937687346
1160,2026-06-20 13:25:00,RENDERUSDT,FADE,BUY,1.705,1.7391,TP,9,407114.4718261321,0.6666666666666667,1.5,1.93,7857.309306244349,True,618529.0170454425,0.25016939148188955
1161,2026-06-20 13:30:00,INJUSDT,FADE,BUY,4.894,4.9919,TP,9,412352.678030295,0.6666666666666667,1.5,1.93,7958.406685984693,True,626487.4237314272,0.0
1162,2026-06-20 13:35:00,LINKUSDT,FADE,BUY,7.8356,7.9923,TP,15,417658.28248761815,0.6666666666666667,1.5,1.93,8060.80485201103,True,634548.2285834382,0.0
1163,2026-06-20 13:55:00,XRPUSDT,FADE,BUY,1.1389,1.1525,REVERSE_SIGNAL,101,423032.15238895884,0.6666666666666667,1.5,1.124,4754.881392851898,True,639303.1099762901,0.0
1164,2026-06-20 13:55:00,DOGEUSDT,FADE,BUY,0.0828,0.0839,REVERSE_SIGNAL,106,426202.0733175268,0.6666666666666667,1.5,1.179,5024.922444413641,True,644328.0324207038,0.0
1165,2026-06-20 22:35:00,LINKUSDT,FADE,SELL,8.0086,7.885,REVERSE_SIGNAL,260,429552.0216138025,0.6666666666666666,1.5,1.474,6331.5967985874495,True,650659.6292192913,0.0
1166,2026-06-20 23:05:00,SEIUSDT,TREND,BUY,0.0545,0.0556,TP,23,433773.0861461942,0.6666666666666667,1.5,1.9,8241.68863677769,True,658901.317856069,0.0
1167,2026-06-21 11:00:00,BTCUSDT,FADE,SELL,64365.965,63815.0,REVERSE_SIGNAL,118,439267.5452373793,0.6666666666666667,1.5,0.786,3452.642905565802,True,662353.9607616347,0.0
1168,2026-06-21 11:45:00,INJUSDT,FADE,BUY,4.9612,4.8372,SL,108,153393.69170023967,0.23158869847151464,4.318,-2.57,-3942.217876696159,False,658411.7428849386,0.5951829550717903
1169,2026-06-21 12:30:00,OPUSDT,TREND,SELL,0.1023,0.1039,SL,14,420979.3752461244,0.639386189258312,1.564,-1.621,-6824.075672739676,False,651587.667212199,1.6254592238047059
1170,2026-06-21 13:00:00,NEARUSDT,TREND,SELL,2.177,2.1335,TP,94,429807.1683457777,0.6596306068601584,1.516,1.9,8166.336198569777,True,659754.0034107687,0.3925329212006805
1171,2026-06-21 18:50:00,BNBUSDT,FADE,SELL,592.2057,586.36,REVERSE_SIGNAL,28,439836.00227384584,0.6666666666666667,1.5,0.917,4033.296140851167,True,663787.2995516199,0.0
1172,2026-06-21 20:50:00,LINKUSDT,FADE,BUY,7.8356,7.9923,TP,53,442524.8663677466,0.6666666666666666,1.5,1.93,8540.72992089751,True,672328.0294725174,0.0
1173,2026-06-21 21:15:00,FETUSDT,TREND,SELL,0.1822,0.1786,TP,15,448218.6863150117,0.6666666666666667,1.5,1.9,8516.155039985222,True,680844.1845125026,0.0
1174,2026-06-21 21:15:00,SOLUSDT,TREND,SELL,72.65,73.97,REVERSE_SIGNAL,99,213230.24882947156,0.3131850923896023,3.193,-1.917,-4087.6238700609697,False,676756.5606424416,0.6003758221108738
1175,2026-06-21 23:50:00,APTUSDT,TREND,SELL,0.6472,0.6699,SL,14,189620.77910967826,0.28019052956010093,3.569,-3.6,-6826.348047948418,False,669930.2125944932,1.603005822224077
1176,2026-06-22 01:05:00,APTUSDT,FADE,SELL,0.6744,0.661,TP,20,446620.14172966214,0.6666666666666667,1.5,1.93,8619.768735382479,True,678549.9813298756,0.33696449713669424
1177,2026-06-22 01:40:00,ARBUSDT,TREND,BUY,0.0845,0.0862,TP,118,341494.7062555992,0.5032712632108707,1.9870000000000003,1.9,6488.399418856385,True,685038.380748732,0.0
1178,2026-06-22 01:55:00,ETHUSDT,TREND,BUY,1742.91,1777.7682,TP,140,456692.25383248803,0.6666666666666667,1.5,1.9,8677.152822817272,True,693715.5335715493,0.0
1179,2026-06-22 12:15:00,FETUSDT,TREND,BUY,0.1869,0.1824,REVERSE_SIGNAL,55,231547.24084497642,0.33377837116154874,2.996,-2.508,-5807.204800392009,False,687908.3287711573,0.837116154873168
1180,2026-06-22 12:15:00,RENDERUSDT,FADE,SELL,1.7056,1.6715,TP,63,458605.55251410493,0.6666666666666667,1.5,1.93,8851.087163522225,True,696759.4159346796,0.0
1181,2026-06-22 16:40:00,SEIUSDT,TREND,SELL,0.0549,0.0539,TP,69,464506.27728978643,0.6666666666666667,1.5,1.9,8825.619268505941,True,705585.0352031855,0.0
1182,2026-06-22 16:50:00,FETUSDT,TREND,SELL,0.1824,0.1788,TP,69,470390.0234687904,0.6666666666666667,1.5,1.9,8937.410445907017,True,714522.4456490926,0.0
1183,2026-06-22 16:55:00,NEARUSDT,TREND,SELL,2.127,2.0845,TP,66,476348.2970993951,0.6666666666666667,1.5,1.9,9050.617644888505,True,723573.063293981,0.0
1184,2026-06-22 19:25:00,APTUSDT,TREND,SELL,0.6615,0.6483,TP,128,482382.0421959874,0.6666666666666667,1.5,1.9,9165.258801723761,True,732738.3220957047,0.0
1185,2026-06-22 21:10:00,AVAXUSDT,FADE,BUY,6.1823,6.306,TP,54,488492.21473046986,0.6666666666666667,1.5,1.93,9427.899744298067,True,742166.2218400028,0.0
1186,2026-06-22 21:25:00,OPUSDT,FADE,BUY,0.1002,0.0977,SL,96,239872.72845507524,0.32320620555914675,3.094,-2.57,-6164.729121295433,False,736001.4927187074,0.8306399482870007
1187,2026-06-22 21:50:00,TIAUSDT,FADE,BUY,0.3815,0.3891,TP,31,490667.66181247163,0.6666666666666667,1.5,1.93,9469.885872980702,True,745471.3785916881,0.0
1188,2026-06-23 02:05:00,TIAUSDT,TREND,BUY,0.3981,0.38,SL,51,152199.13813631854,0.2041649652919559,4.898,-4.639,-7060.518018143817,False,738410.8605735443,0.9471212739893857
1189,2026-06-23 06:05:00,FETUSDT,TREND,SELL,0.1788,0.1752,TP,3,492273.90704902954,0.6666666666666667,1.5,1.9,9353.204233931561,True,747764.0648074759,0.0
1190,2026-06-23 06:35:00,TIAUSDT,TREND,SELL,0.3829,0.3752,TP,20,498509.3765383173,0.6666666666666667,1.5,1.9,9471.678154228028,True,757235.7429617039,0.0
1191,2026-06-23 14:10:00,FILUSDT,TREND,BUY,0.779,0.7946,TP,73,327665.8342543072,0.43271311120726963,2.311,1.9,6225.650850831837,True,763461.3938125358,0.0
1192,2026-06-23 14:30:00,TIAUSDT,TREND,BUY,0.3883,0.3762,REVERSE_SIGNAL,114,237173.46809957622,0.3106554830692762,3.2189999999999994,-3.216,-7627.498734082372,False,755833.8950784535,0.9990680335507867
1193,2026-06-23 14:35:00,APTUSDT,TREND,BUY,0.6407,0.6535,TP,131,413928.74867385183,0.547645125958379,1.8260000000000003,1.9,7864.646224803185,True,763698.5413032566,0.0
1194,2026-06-24 00:40:00,ETHUSDT,FADE,SELL,1676.155,1642.6319,TP,143,509132.3608688378,0.6666666666666667,1.5,1.93,9826.25456476857,True,773524.7958680252,0.0
1195,2026-06-24 00:55:00,ADAUSDT,FADE,SELL,0.1536,0.1505,TP,35,515683.19724535017,0.6666666666666667,1.5,1.93,9952.685706835256,True,783477.4815748604,0.0
1196,2026-06-24 01:55:00,DOGEUSDT,FADE,SELL,0.0796,0.0782,REVERSE_SIGNAL,111,522318.32104990695,0.6666666666666667,1.5,1.729,9030.88377095289,True,792508.3653458133,0.0
1197,2026-06-24 03:25:00,ARBUSDT,FADE,BUY,0.0776,0.0756,SL,137,316876.5955001253,0.3998400639744103,2.501,-2.57,-8143.72850435322,False,784364.6368414601,1.0275889644142322
1198,2026-06-24 10:55:00,FETUSDT,FADE,BUY,0.172,0.1754,TP,10,522909.75789430673,0.6666666666666666,1.5,1.93,10092.158327360119,True,794456.7951688203,0.0
1199,2026-06-24 11:55:00,SEIUSDT,FADE,SELL,0.0538,0.0528,TP,14,529637.8634458802,0.6666666666666667,1.5,1.93,10222.010764505487,True,804678.8059333258,0.0
1200,2026-06-24 13:20:00,AVAXUSDT,TREND,SELL,6.332,6.2054,TP,29,536452.5372888839,0.6666666666666667,1.5,1.9,10192.598208488795,True,814871.4041418146,0.0
1201,2026-06-24 13:40:00,ETHUSDT,TREND,SELL,1647.29,1614.3442,TP,37,543247.6027612097,0.6666666666666666,1.5,1.9,10321.704452462984,True,825193.1085942775,0.0
1202,2026-06-24 14:15:00,SEIUSDT,TREND,SELL,0.0522,0.0512,TP,42,287123.5590098391,0.34794711203897005,2.874,1.9,5455.347621186942,True,830648.4562154645,0.0
1203,2026-06-24 14:50:00,OPUSDT,TREND,SELL,0.1001,0.0981,TP,11,553765.6374769764,0.6666666666666667,1.5,1.9,10521.547112062552,True,841170.0033275271,0.0
1204,2026-06-24 20:40:00,RENDERUSDT,TREND,BUY,1.572,1.549,REVERSE_SIGNAL,150,529037.7379418409,0.6289308176100629,1.59,-1.563,-8268.859844030972,False,832901.1434834962,0.983018867924523
1205,2026-06-24 20:40:00,SEIUSDT,TREND,BUY,0.0545,0.0556,TP,42,555267.4289889975,0.6666666666666667,1.5,1.9,10550.081150790951,True,843451.2246342871,0.0
1206,2026-06-24 20:40:00,AVAXUSDT,TREND,BUY,6.33,6.4566,TP,17,562300.816422858,0.6666666666666666,1.5,1.9,10683.715512034303,True,854134.9401463213,0.0
1207,2026-06-24 20:45:00,APTUSDT,TREND,BUY,0.6296,0.6259,REVERSE_SIGNAL,176,522087.37172758026,0.6112469437652812,1.636,-0.688,-3591.9611174857523,False,850542.9790288355,0.42053789731051566
1208,2026-06-24 20:45:00,OPUSDT,TREND,BUY,0.1026,0.1047,TP,27,567028.6526858904,0.6666666666666667,1.5,1.9,10773.544401031919,True,861316.5234298675,0.0
1209,2026-06-24 20:50:00,ETHUSDT,TREND,BUY,1614.0,1646.28,TP,99,574211.0156199116,0.6666666666666666,1.5,1.9,10910.00929677832,True,872226.5327266458,0.0
1210,2026-06-24 20:55:00,DOGEUSDT,TREND,BUY,0.0756,0.0771,TP,97,581484.3551510972,0.6666666666666666,1.5,1.9,11048.202747870846,True,883274.7354745166,0.0
1211,2026-06-24 20:55:00,LINKUSDT,TREND,BUY,7.393,7.5409,TP,112,588849.8236496778,0.6666666666666667,1.5,1.9,11188.146649343878,True,894462.8821238605,0.0
1212,2026-06-24 21:15:00,ADAUSDT,TREND,BUY,0.1457,0.1486,TP,9,596308.5880825737,0.6666666666666667,1.5,1.9,11329.863173568901,True,905792.7452974294,0.0
1213,2026-06-24 21:35:00,FETUSDT,TREND,BUY,0.172,0.1754,TP,29,603861.8301982863,0.6666666666666667,1.5,1.9,11473.37477376744,True,917266.1200711968,0.0
1214,2026-06-24 21:40:00,TIAUSDT,TREND,BUY,0.3629,0.3702,TP,20,611510.7467141312,0.6666666666666666,1.5,1.9,11618.704187568492,True,928884.8242587653,0.0
1215,2026-06-24 21:50:00,FILUSDT,TREND,BUY,0.742,0.7568,TP,2,371553.9297035061,0.39999999999999997,2.5,1.9,7059.524664366616,True,935944.3489231319,0.0
1216,2026-06-25 09:50:00,INJUSDT,TREND,BUY,4.26,4.1109,SL,48,222737.82696885578,0.23798191337458355,4.202,-3.6,-8018.561770878809,False,927925.7871522531,0.8567348881485051
1217,2026-06-25 11:15:00,OPUSDT,TREND,SELL,0.1054,0.1033,TP,30,465826.198369605,0.5020080321285141,1.992,1.9,8850.697769022494,True,936776.4849212756,0.0
1218,2026-06-25 12:25:00,TIAUSDT,TREND,SELL,0.3646,0.3573,TP,15,421591.5773723113,0.4500450045004501,2.222,1.9,8010.239970073915,True,944786.7248913496,0.0
1219,2026-06-25 13:45:00,FILUSDT,TREND,SELL,0.718,0.7036,TP,1,629857.816594233,0.6666666666666666,1.5,1.9,11967.298515290428,True,956754.0234066399,0.0
1220,2026-06-25 17:30:00,INJUSDT,TREND,SELL,4.138,4.2828,SL,55,257053.74084004294,0.2686727565824825,3.7220000000000004,-3.6,-9253.934670241548,False,947500.0887363984,0.9672219236969374
1221,2026-06-25 19:00:00,SEIUSDT,TREND,SELL,0.0563,0.0552,TP,85,440902.7867549551,0.46533271288971617,2.149,1.9,8377.152948344146,True,955877.2416847425,0.09164128923916458
1222,2026-06-25 22:10:00,OPUSDT,TREND,BUY,0.1053,0.1016,SL,48,234054.17279254226,0.2448579823702253,4.084,-3.6,-8425.950220531522,False,947451.291464211,0.9723222181293221
1223,2026-06-25 22:30:00,DOGEUSDT,FADE,SELL,0.0753,0.0738,TP,32,631634.194309474,0.6666666666666666,1.5,1.93,12190.539950172846,True,959641.8314143838,0.0
1224,2026-06-26 00:20:00,INJUSDT,TREND,BUY,4.316,4.4023,TP,36,302344.622373782,0.31505986137366104,3.174,1.9,5744.547825101858,True,965386.3792394857,0.0
1225,2026-06-26 03:35:00,ATOMUSDT,TREND,BUY,1.631,1.598,REVERSE_SIGNAL,87,437420.1990210629,0.45310376076121434,2.207,-2.123,-9286.430825217165,False,956099.9484142686,0.9619392840960577
1226,2026-06-26 07:00:00,AVAXUSDT,TREND,BUY,6.27,6.106,REVERSE_SIGNAL,69,292385.3053254644,0.30581039755351686,3.27,-2.716,-7941.184892639614,False,948158.7635216289,1.7845306385437514
1227,2026-06-26 07:10:00,ADAUSDT,TREND,BUY,0.1468,0.1417,SL,73,239979.43900825837,0.2531004808909137,3.9510000000000005,-3.6,-8639.259804297302,False,939519.5037173316,2.6794324094909663
1228,2026-06-26 07:10:00,APTUSDT,FADE,SELL,0.6054,0.5933,TP,28,626346.3358115545,0.6666666666666667,1.5,1.93,12088.484281162999,True,951607.9879984945,1.4272411064930872
1229,2026-06-26 07:10:00,XRPUSDT,FADE,SELL,1.0502,1.0292,TP,29,634405.3253323297,0.6666666666666667,1.5,1.93,12244.022778913963,True,963852.0107774085,0.15893827539663175
1230,2026-06-26 07:15:00,BNBUSDT,FADE,SELL,568.3563,556.9891,TP,64,642568.0071849391,0.6666666666666667,1.5,1.93,12401.562538669323,True,976253.5733160778,0.0
1231,2026-06-26 07:15:00,NEARUSDT,FADE,SELL,1.8563,1.8192,TP,16,650835.715544052,0.6666666666666667,1.5,1.93,12561.129310000202,True,988814.702626078,0.0
1232,2026-06-26 07:15:00,OPUSDT,TREND,BUY,0.1074,0.1036,SL,48,272325.7236645767,0.27540622418066646,3.6309999999999993,-3.6,-9803.726051924763,False,979010.9765741533,0.9914624070503981
1233,2026-06-26 07:15:00,TIAUSDT,TREND,BUY,0.3612,0.3684,TP,98,307478.32178836473,0.314070351758794,3.184,1.9,5842.08811397893,True,984853.0646881323,0.40064512870050634
1234,2026-06-26 07:25:00,ARBUSDT,TREND,BUY,0.0741,0.0721,REVERSE_SIGNAL,36,321532.17913422536,0.32647730982696704,3.063,-2.799,-8999.685693966969,False,975853.3789941653,1.3107939836948448
1235,2026-06-26 07:30:00,FILUSDT,TREND,BUY,0.741,0.7151,SL,62,225996.61394028843,0.23158869847151461,4.318,-3.6,-8135.878101850384,False,967717.500892315,2.133584955576964
1236,2026-06-26 07:35:00,FETUSDT,TREND,BUY,0.1693,0.1727,TP,96,282462.7848488952,0.2918855808523059,3.4259999999999997,1.9,5366.792912129009,True,973084.2938044439,1.5908348429546575
1237,2026-06-26 07:40:00,RENDERUSDT,TREND,BUY,1.523,1.4878,SL,38,411626.1818123706,0.42301184433164135,2.364,-2.414,-9936.656028950627,False,963147.6377754933,2.5957406157512164
1238,2026-06-26 10:55:00,APTUSDT,TREND,SELL,0.5864,0.5747,TP,28,642098.4251836623,0.6666666666666667,1.5,1.9,12199.870078489585,True,975347.5078539829,1.3619533302174036
1239,2026-06-26 11:40:00,NEARUSDT,FADE,BUY,1.7612,1.7964,TP,9,650231.6719026553,0.6666666666666667,1.5,1.93,12549.471267721245,True,987896.9791217041,0.09281046306619885
1240,2026-06-26 11:50:00,OPUSDT,TREND,SELL,0.1026,0.1062,SL,28,273959.22881910816,0.2773155851358846,3.6060000000000003,-3.6,-9862.532237487894,False,978034.4468842163,1.090220009191989
1241,2026-06-26 12:35:00,BNBUSDT,FADE,BUY,553.29,564.3558,TP,9,652022.9645894775,0.6666666666666666,1.5,1.93,12584.043216576914,True,990618.4901007932,0.0
1242,2026-06-26 12:45:00,FILUSDT,TREND,SELL,0.715,0.74,SL,39,252966.9280134814,0.2553626149131767,3.916,-3.6,-9106.809408485331,False,981511.6806923079,0.9193054136874337
1243,2026-06-26 12:45:00,AVAXUSDT,TREND,SELL,6.106,6.3197,SL,34,255004.333773008,0.2598077422707196,3.849,-3.6,-9180.156015828288,False,972331.5246764796,1.846014949958475
1244,2026-06-26 15:55:00,AVAXUSDT,TREND,BUY,6.37,6.4974,TP,17,648221.0164509864,0.6666666666666666,1.5,1.9,12316.19931256874,True,984647.7239890484,0.6027311393246141
1245,2026-06-26 16:25:00,APTUSDT,FADE,SELL,0.6054,0.5952,REVERSE_SIGNAL,229,656431.815992699,0.6666666666666667,1.5,1.609,10561.987919322528,True,995209.711908371,0.0
1246,2026-06-26 16:30:00,ARBUSDT,TREND,BUY,0.0741,0.0756,TP,141,663473.1412722473,0.6666666666666666,1.5,1.9,12605.989684172699,True,1007815.7015925436,0.0
1247,2026-06-26 16:35:00,XRPUSDT,TREND,BUY,1.0476,1.0686,TP,269,671877.1343950292,0.6666666666666667,1.5,1.9,12765.665553505554,True,1020581.3671460492,0.0
1248,2026-06-26 17:05:00,ETHUSDT,FADE,SELL,1586.2786,1578.64,REVERSE_SIGNAL,320,670112.5194655609,0.6565988181221274,1.523,0.412,2760.8635801981104,True,1023342.2307262473,0.0
1249,2026-06-26 17:15:00,FILUSDT,TREND,BUY,0.751,0.73,REVERSE_SIGNAL,316,334098.01851983264,0.32647730982696704,3.063,-2.896,-9675.478616334352,False,1013666.7521099129,0.9454782892588994
1250,2026-06-26 20:00:00,BNBUSDT,FADE,SELL,568.3563,563.17,REVERSE_SIGNAL,165,675777.834739942,0.6666666666666667,1.5,0.843,5696.807146857711,True,1019363.5592567706,0.3887918772445329
1251,2026-06-26 23:00:00,SEIUSDT,FADE,SELL,0.0538,0.0527,TP,11,679575.7061711805,0.6666666666666667,1.5,1.93,13115.811129103782,True,1032479.3703858744,0.0
1252,2026-06-27 05:25:00,OPUSDT,FADE,BUY,0.1045,0.1019,SL,132,375174.1898204486,0.36337209302325585,2.752,-2.57,-9641.976678385527,False,1022837.3937074889,0.9338662790697663
1253,2026-06-27 09:05:00,TIAUSDT,TREND,BUY,0.384,0.3724,REVERSE_SIGNAL,37,309294.6458141787,0.3023888720895071,3.3070000000000004,-3.121,-9653.085895860517,False,1013184.3078116283,1.8688085329041326
1254,2026-06-27 11:00:00,ADAUSDT,FADE,BUY,0.1466,0.1488,REVERSE_SIGNAL,41,675456.2052077523,0.6666666666666667,1.5,1.419,9584.723551898005,True,1022769.0313635264,0.940487461625403
1255,2026-06-27 12:10:00,INJUSDT,TREND,SELL,4.846,4.7491,TP,87,364493.5963519338,0.35637918745545255,2.806,1.9,6925.378330686742,True,1029694.4096942131,0.269735238450382
1256,2026-06-27 12:10:00,TIAUSDT,FADE,BUY,0.37,0.3773,TP,19,686462.939796142,0.6666666666666666,1.5,1.93,13248.73473806554,True,1042943.1444322786,0.0
1257,2026-06-27 13:45:00,NEARUSDT,TREND,BUY,1.836,1.8727,TP,11,695295.4296215192,0.6666666666666667,1.5,1.9,13210.613162808864,True,1056153.7575950874,0.0
1258,2026-06-27 14:20:00,DOGEUSDT,FADE,SELL,0.0762,0.0751,REVERSE_SIGNAL,50,704102.5050633916,0.6666666666666667,1.5,1.324,9322.317167039306,True,1065476.0747621267,0.0
1259,2026-06-27 17:25:00,FETUSDT,TREND,SELL,0.1754,0.1719,TP,26,710317.3831747512,0.6666666666666667,1.5,1.9,13496.030280320272,True,1078972.1050424469,0.0
1260,2026-06-27 18:00:00,XRPUSDT,FADE,BUY,1.0525,1.0633,REVERSE_SIGNAL,489,534939.0704226311,0.495785820525533,2.017,0.953,5097.969341127675,True,1084070.0743835745,0.0
1261,2026-06-27 18:30:00,ARBUSDT,FADE,BUY,0.0736,0.0742,REVERSE_SIGNAL,191,722713.382922383,0.6666666666666666,1.5,0.735,5311.943364479515,True,1089382.0177480541,0.0
1262,2026-06-28 08:40:00,SOLUSDT,FADE,SELL,72.1125,70.6702,TP,133,726254.6784987028,0.6666666666666667,1.5,1.93,14016.715295024962,True,1103398.733043079,0.0
1263,2026-06-28 08:55:00,RENDERUSDT,FADE,SELL,1.5753,1.5438,TP,47,735599.1553620527,0.6666666666666667,1.5,1.93,14197.063698487616,True,1117595.7967415666,0.0
1264,2026-06-28 09:20:00,BTCUSDT,FADE,SELL,60352.86,59741.3,REVERSE_SIGNAL,83,745063.8644943777,0.6666666666666666,1.5,0.943,7025.952242181981,True,1124621.7489837485,0.0
1265,2026-06-28 11:20:00,ARBUSDT,FADE,SELL,0.0744,0.0729,TP,71,749747.8326558324,0.6666666666666667,1.5,1.93,14470.133170257564,True,1139091.882154006,0.0
1266,2026-06-28 17:25:00,TIAUSDT,TREND,SELL,0.3683,0.3799,SL,81,343824.896514943,0.3018412315122246,3.313,-3.241,-11143.364896049303,False,1127948.5172579568,0.9782674313311159
1267,2026-06-28 18:05:00,ARBUSDT,FADE,BUY,0.0729,0.0744,TP,81,751965.6781719712,0.6666666666666667,1.5,1.93,14512.937588719044,True,1142461.4548466757,0.0
1268,2026-06-28 20:00:00,FETUSDT,TREND,BUY,0.1771,0.1806,TP,80,578168.7524527712,0.5060728744939271,1.976,1.9,10985.206296602651,True,1153446.6611432785,0.0
1269,2026-06-29 01:15:00,SEIUSDT,TREND,SELL,0.0491,0.0501,REVERSE_SIGNAL,62,519102.90780525585,0.45004500450045004,2.222,-2.22,-11524.08455327668,False,1141922.5765900018,0.999099909990997
1270,2026-06-29 01:50:00,TIAUSDT,TREND,BUY,0.3759,0.3834,TP,16,681338.0528579963,0.5966587112171837,1.6760000000000002,1.9,12945.423004301929,True,1154867.9995943038,0.0
1271,2026-06-29 03:00:00,ARBUSDT,FADE,SELL,0.076,0.0745,TP,17,769911.9997295359,0.6666666666666667,1.5,1.93,14859.301594780041,True,1169727.3011890838,0.0
1272,2026-06-29 06:30:00,RENDERUSDT,FADE,SELL,1.5753,1.5438,TP,55,779818.2007927226,0.6666666666666667,1.5,1.93,15050.491275299544,True,1184777.7924643834,0.0
1273,2026-06-29 06:45:00,INJUSDT,TREND,BUY,4.657,4.7501,TP,17,473911.11698575335,0.39999999999999997,2.5,1.9,9004.311222729313,True,1193782.1036871127,0.0
1274,2026-06-29 14:40:00,OPUSDT,TREND,SELL,0.0998,0.1031,SL,29,360986.42385458504,0.3023888720895071,3.3070000000000004,-3.361,-12132.753705752604,False,1181649.3499813601,1.0163289990928288
1275,2026-06-29 14:45:00,BTCUSDT,TREND,SELL,59342.8,60229.8,REVERSE_SIGNAL,45,529650.0896375438,0.44822949350067237,2.231,-1.595,-8447.918929718822,False,1173201.4310516412,1.7239890405381375
1276,2026-06-29 15:00:00,SEIUSDT,FADE,BUY,0.0491,0.05,TP,27,782134.2873677609,0.6666666666666667,1.5,1.93,15095.191746197783,True,1188296.622797839,0.45950436619305407
1277,2026-06-29 17:20:00,FILUSDT,FADE,SELL,0.746,0.7311,TP,43,792197.7485318928,0.6666666666666667,1.5,1.93,15289.416546665529,True,1203586.0393445047,0.0
1278,2026-06-29 17:40:00,OPUSDT,TREND,BUY,0.1042,0.1006,SL,63,338942.84408462537,0.28161081385525205,3.551,-3.6,-12201.942387046514,False,1191384.0969574582,1.0137989298789083
1279,2026-06-29 17:45:00,DOGEUSDT,FADE,SELL,0.0741,0.0726,TP,81,794256.0646383055,0.6666666666666666,1.5,1.93,15329.142047519294,True,1206713.2390049775,0.0
1280,2026-06-30 00:10:00,APTUSDT,FADE,BUY,0.5705,0.5562,SL,143,465373.4049382868,0.38565368299267266,2.593,-2.57,-11960.09650691397,False,1194753.1424980636,0.991129965291162
1281,2026-06-30 00:30:00,ADAUSDT,FADE,BUY,0.1436,0.1458,REVERSE_SIGNAL,194,796502.0949987092,0.6666666666666667,1.5,1.476,11756.370922180948,True,1206509.5134202447,0.01688268414961791
1282,2026-06-30 04:00:00,SOLUSDT,FADE,BUY,73.82,71.9745,SL,107,452045.52769585786,0.37467216185837393,2.669,-2.57,-11617.570061783546,False,1194891.9433584611,0.9796275755011926
1283,2026-06-30 04:05:00,AVAXUSDT,FADE,BUY,6.584,6.4194,SL,84,449545.5016397521,0.3762227238525207,2.658,-2.57,-11553.319392141628,False,1183338.6239663195,1.937048031223399
1284,2026-06-30 06:25:00,SEIUSDT,FADE,SELL,0.0502,0.0492,TP,8,788892.4159775464,0.6666666666666667,1.5,1.93,15225.623628366642,True,1198564.2475946862,0.675304715891799
1285,2026-06-30 08:55:00,INJUSDT,TREND,SELL,4.656,4.5629,TP,29,799042.8317297909,0.6666666666666667,1.5,1.9,15181.813802866027,True,1213746.0613975523,0.0
1286,2026-06-30 17:15:00,ARBUSDT,TREND,BUY,0.0755,0.077,TP,93,809164.0409317015,0.6666666666666667,1.5,1.9,15374.11677770233,True,1229120.1781752545,0.0
1287,2026-06-30 17:35:00,FETUSDT,FADE,SELL,0.174,0.1705,TP,47,819413.4521168363,0.6666666666666666,1.5,1.93,15814.679625854938,True,1244934.8578011093,0.0
1288,2026-06-30 18:15:00,ADAUSDT,TREND,BUY,0.1458,0.1487,TP,112,453858.8617576046,0.36456434560699963,2.743,1.9,8623.318373394486,True,1253558.1761745038,0.0
1289,2026-07-01 02:10:00,SOLUSDT,TREND,BUY,74.12,75.6024,TP,20,835705.4507830025,0.6666666666666667,1.5,1.9,15878.403564877048,True,1269436.5797393809,0.0
1290,2026-07-01 02:55:00,BNBUSDT,FADE,SELL,552.635,545.18,REVERSE_SIGNAL,57,846291.0531595873,0.6666666666666667,1.5,1.279,10824.06256991112,True,1280260.642309292,0.0
1291,2026-07-01 02:55:00,ETHUSDT,FADE,SELL,1598.6233,1575.12,REVERSE_SIGNAL,59,853507.0948728614,0.6666666666666667,1.5,1.4,11949.099328220058,True,1292209.741637512,0.0
1292,2026-07-01 03:00:00,XRPUSDT,FADE,SELL,1.0508,1.0365,REVERSE_SIGNAL,102,861473.1610916748,0.6666666666666667,1.5,1.286,11078.544851638939,True,1303288.286489151,0.0
1293,2026-07-01 03:05:00,INJUSDT,TREND,BUY,4.658,4.7512,TP,134,798583.5088781563,0.6127450980392157,1.6319999999999997,1.9,15173.08666868497,True,1318461.373157836,0.0
1294,2026-07-01 03:15:00,LINKUSDT,FADE,SELL,7.3195,7.1731,TP,44,878974.2487718906,0.6666666666666666,1.5,1.93,16964.203001297486,True,1335425.5761591336,0.0
1295,2026-07-01 03:25:00,FILUSDT,FADE,SELL,0.736,0.7213,TP,30,890283.7174394224,0.6666666666666666,1.5,1.93,17182.47574658085,True,1352608.0519057144,0.0
1296,2026-07-01 03:50:00,NEARUSDT,TREND,BUY,1.838,1.7737,SL,55,355201.6943029713,0.2626050420168068,3.8079999999999994,-3.6,-12787.260994906968,False,1339820.7909108074,0.9453781512605071
1297,2026-07-01 04:05:00,TIAUSDT,TREND,BUY,0.3675,0.3749,TP,54,807120.9583800045,0.6024096385542169,1.66,1.9,15335.298209220085,True,1355156.0891200276,0.0
1298,2026-07-01 04:25:00,BTCUSDT,FADE,SELL,59259.535,58631.6,REVERSE_SIGNAL,78,903437.3927466852,0.6666666666666667,1.5,0.99,8944.030188192182,True,1364100.1193082198,0.0
1299,2026-07-01 06:45:00,OPUSDT,TREND,SELL,0.0943,0.0961,REVERSE_SIGNAL,88,643140.0845394719,0.4714757190004715,2.121,-2.009,-12920.684298397991,False,1351179.4350098218,0.9471947194719461
1300,2026-07-01 08:30:00,NEARUSDT,TREND,SELL,1.778,1.8402,SL,76,381365.914482027,0.28224668360146765,3.543,-3.6,-13729.172921352974,False,1337450.2620884688,1.953658447978585
1301,2026-07-01 10:55:00,BTCUSDT,FADE,BUY,58372.4,59463.0,REVERSE_SIGNAL,22,891633.5080589793,0.6666666666666667,1.5,1.798,16031.570474900447,True,1353481.8325633693,0.7784096339083483
1302,2026-07-01 13:45:00,SEIUSDT,TREND,BUY,0.0479,0.0488,TP,64,876040.0210766145,0.6472491909385114,1.545,1.9,16644.760400455674,True,1370126.592963825,0.0
1303,2026-07-01 14:05:00,OPUSDT,FADE,SELL,0.0972,0.0953,TP,6,913417.7286425501,0.6666666666666667,1.5,1.93,17628.962162801214,True,1387755.5551266263,0.0
1304,2026-07-01 14:35:00,ATOMUSDT,TREND,BUY,1.542,1.5728,TP,161,925170.3700844176,0.6666666666666667,1.5,1.9,17578.237031603934,True,1405333.7921582302,0.0
1305,2026-07-01 14:55:00,NEARUSDT,FADE,SELL,1.852,1.815,TP,25,936889.1947721535,0.6666666666666667,1.5,1.93,18081.96145910256,True,1423415.7536173328,0.0
1306,2026-07-01 19:20:00,TIAUSDT,TREND,SELL,0.3632,0.3559,TP,56,948943.8357448886,0.6666666666666667,1.5,1.9,18029.932879152882,True,1441445.6864964857,0.0
1307,2026-07-01 23:05:00,INJUSDT,TREND,SELL,4.579,4.4874,TP,8,960963.7909976572,0.6666666666666667,1.5,1.9,18258.312028955486,True,1459703.9985254412,0.0
1308,2026-07-01 23:55:00,RENDERUSDT,FADE,BUY,1.4958,1.5257,TP,20,973135.9990169608,0.6666666666666667,1.5,1.93,18781.524781027343,True,1478485.5233064685,0.0
1309,2026-07-02 00:10:00,OPUSDT,FADE,BUY,0.0943,0.0962,TP,16,985657.0155376457,0.6666666666666666,1.5,1.93,19023.18039987656,True,1497508.703706345,0.0
1310,2026-07-02 00:15:00,AVAXUSDT,FADE,BUY,6.611,6.7432,TP,108,998339.1358042301,0.6666666666666667,1.5,1.93,19267.945321021638,True,1516776.6490273667,0.0
1311,2026-07-02 00:25:00,BTCUSDT,FADE,BUY,59720.7,60781.3,REVERSE_SIGNAL,39,1011184.4326849112,0.6666666666666667,1.5,1.706,17250.806421604582,True,1534027.4554489711,0.0
1312,2026-07-02 00:30:00,ADAUSDT,TREND,SELL,0.153,0.1565,REVERSE_SIGNAL,100,634419.9567613611,0.41356492969396197,2.418,-2.388,-15149.948567461302,False,1518877.50688151,0.9875930521091758
1313,2026-07-02 02:10:00,OPUSDT,FADE,SELL,0.0972,0.0997,SL,107,601059.559509897,0.39572615749901063,2.527,-2.57,-15447.230679404352,False,1503430.2762021055,1.9945652953069641
1314,2026-07-02 03:35:00,LINKUSDT,FADE,SELL,7.5254,7.7135,SL,105,522387.17032734724,0.34746351633078526,2.878,-2.57,-13425.350277412823,False,1490004.9259246925,2.8697354384308795
1315,2026-07-02 04:45:00,TIAUSDT,TREND,BUY,0.3658,0.3731,TP,88,757116.324148726,0.508130081300813,1.968,1.9,14385.210158825792,True,1504390.1360835184,1.9319940630905232
1316,2026-07-02 11:10:00,SEIUSDT,FADE,SELL,0.0486,0.0476,TP,50,996945.0868678055,0.6626905235255136,1.509,1.93,19241.040176548642,True,1523631.176260067,0.6777114159186599
1317,2026-07-02 12:55:00,ATOMUSDT,FADE,SELL,1.5722,1.5408,TP,28,1015754.1175067114,0.6666666666666667,1.5,1.93,19604.054467879527,True,1543235.2307279464,0.0
1318,2026-07-02 13:30:00,INJUSDT,TREND,BUY,4.648,4.741,TP,130,1028823.4871519642,0.6666666666666666,1.5,1.9,19547.64625588732,True,1562782.8769838337,0.0
1319,2026-07-03 00:10:00,ARBUSDT,FADE,BUY,0.0767,0.0782,TP,34,1041855.2513225558,0.6666666666666666,1.5,1.93,20107.806350525327,True,1582890.683334359,0.0
1320,2026-07-04 02:05:00,FETUSDT,FADE,BUY,0.1851,0.1862,REVERSE_SIGNAL,193,1055260.4555562395,0.6666666666666667,1.5,0.506,5339.617905114572,True,1588230.3012394735,0.0
1321,2026-07-04 03:00:00,NEARUSDT,TREND,SELL,2.004,1.9639,TP,78,1058820.2008263157,0.6666666666666666,1.5,1.9,20117.583815699996,True,1608347.8850551734,0.0
1322,2026-07-04 04:30:00,RENDERUSDT,FADE,BUY,1.589,1.608,REVERSE_SIGNAL,130,1072231.9233701157,0.6666666666666667,1.5,1.126,12073.331457147502,True,1620421.216512321,0.0
1323,2026-07-04 07:55:00,ADAUSDT,FADE,BUY,0.1756,0.1791,TP,54,1080280.811008214,0.6666666666666666,1.5,1.93,20849.419652458528,True,1641270.6361647795,0.0
1324,2026-07-04 08:00:00,INJUSDT,FADE,BUY,4.7585,4.8537,TP,66,1094180.424109853,0.6666666666666667,1.5,1.93,21117.68218532016,True,1662388.3183500997,0.0
1325,2026-07-04 08:10:00,TIAUSDT,TREND,SELL,0.389,0.3993,REVERSE_SIGNAL,91,534358.1865477659,0.3214400514304082,3.111,-2.748,-14684.162966332606,False,1647704.155383767,0.8833172613307633
1326,2026-07-04 15:00:00,NEARUSDT,TREND,BUY,2.025,1.973,REVERSE_SIGNAL,134,529638.1084486555,0.3214400514304082,3.111,-2.668,-14130.744733410129,False,1633573.410650357,1.7333439715421766
1327,2026-07-04 15:00:00,SEIUSDT,FADE,SELL,0.0502,0.0492,TP,133,1089048.9404335713,0.6666666666666667,1.5,1.93,21018.644550367924,True,1654592.0552007249,0.4689796639760173
1328,2026-07-04 15:10:00,APTUSDT,FADE,SELL,0.6381,0.6287,REVERSE_SIGNAL,101,1103061.3701338167,0.6666666666666667,1.5,1.403,15475.95102297745,True,1670068.0062237023,0.0
1329,2026-07-04 15:45:00,TIAUSDT,TREND,BUY,0.3993,0.4073,TP,11,1113378.6708158017,0.6666666666666667,1.5,1.9,21154.194745500234,True,1691222.2009692027,0.0
1330,2026-07-04 17:50:00,INJUSDT,FADE,SELL,4.8758,4.7782,TP,78,1127481.4673128019,0.6666666666666667,1.5,1.93,21760.392319137074,True,1712982.5932883397,0.0
1331,2026-07-04 18:20:00,FETUSDT,FADE,SELL,0.1887,0.1849,TP,7,1141988.3955255598,0.6666666666666666,1.5,1.93,22040.3760336433,True,1735022.969321983,0.0
1332,2026-07-05 00:50:00,ETHUSDT,FADE,BUY,1757.596,1773.88,REVERSE_SIGNAL,165,1156681.9795479886,0.6666666666666666,1.5,0.856,9901.197744930783,True,1744924.1670669138,0.0
1333,2026-07-05 01:20:00,FILUSDT,FADE,BUY,0.782,0.7976,TP,231,1163282.7780446091,0.6666666666666666,1.5,1.93,22451.357616260953,True,1767375.5246831747,0.0
1334,2026-07-05 01:25:00,BNBUSDT,FADE,BUY,568.9,576.1,REVERSE_SIGNAL,67,1178250.3497887834,0.6666666666666669,1.5,1.196,14091.874183473848,True,1781467.3988666486,0.0
1335,2026-07-05 02:10:00,SEIUSDT,FADE,BUY,0.0491,0.0492,REVERSE_SIGNAL,194,734020.3538799542,0.41203131437989293,2.427,-0.014,-102.7628495431936,False,1781364.6360171053,0.005768438401321311
1336,2026-07-05 04:25:00,RENDERUSDT,FADE,BUY,1.589,1.607,REVERSE_SIGNAL,197,1179711.6794815266,0.662251655629139,1.51,1.063,12540.335152888627,True,1793904.971169994,0.0
1337,2026-07-05 06:00:00,ADAUSDT,TREND,SELL,0.189,0.1927,SL,18,652091.9560777877,0.3635041802980734,2.751,-2.052,-13380.926938716204,False,1780524.044231278,0.7459105779716403
1338,2026-07-05 08:10:00,BNBUSDT,FADE,SELL,579.01,593.4852,SL,166,695517.204777843,0.390625,2.56,-2.57,-17874.792162790563,False,1762649.2520684872,1.7423285850599775
1339,2026-07-05 13:45:00,NEARUSDT,FADE,SELL,1.991,2.0408,SL,90,508554.3139262801,0.2885170225043277,3.466,-2.57,-13069.845867905398,False,1749579.406200582,2.470898162487542
1340,2026-07-05 18:50:00,TIAUSDT,TREND,BUY,0.3957,0.4036,TP,16,1166386.270800388,0.6666666666666666,1.5,1.9,22161.33914520737,True,1771740.7453457892,1.2355295392123875
1341,2026-07-05 21:20:00,FILUSDT,FADE,SELL,0.8059,0.7898,TP,60,1181160.496897193,0.6666666666666667,1.5,1.93,22796.39759011582,True,1794537.1429359051,0.0
1342,2026-07-05 21:50:00,RENDERUSDT,FADE,SELL,1.6133,1.59,REVERSE_SIGNAL,99,1196358.0952906036,0.6666666666666667,1.5,1.373,16425.996648339988,True,1810963.1395842452,0.0
1343,2026-07-05 22:15:00,FETUSDT,TREND,BUY,0.1791,0.1744,SL,61,499025.3898000124,0.27555800496004407,3.6290000000000004,-2.703,-13488.656286294334,False,1797474.4832979508,0.7448332874069994
1344,2026-07-05 22:20:00,ADAUSDT,TREND,BUY,0.1913,0.1871,SL,73,747390.6375459256,0.4158004158004158,2.405,-2.286,-17085.34997429986,False,1780389.133323651,1.6882732504214966
1345,2026-07-06 03:20:00,FETUSDT,TREND,SELL,0.1734,0.1699,TP,63,1186926.0888824342,0.6666666666666667,1.5,1.9,22551.59568876625,True,1802940.7290124174,0.44299137826016405
1346,2026-07-06 05:35:00,TIAUSDT,TREND,SELL,0.3856,0.3779,TP,36,1201960.4860082783,0.6666666666666667,1.5,1.9,22837.249234157287,True,1825777.9782465748,0.0
1347,2026-07-06 08:30:00,ETHUSDT,FADE,BUY,1757.596,1792.7479,TP,80,1095247.7374004647,0.5998800239952009,1.667,1.93,21138.281331828966,True,1846916.2595784038,0.0
1348,2026-07-06 12:20:00,ATOMUSDT,TREND,SELL,1.558,1.5924,SL,52,799184.8808214642,0.4327131112072696,2.311,-2.307,-18437.19520055118,False,1828479.0643778527,0.9982691475551648
1349,2026-07-06 16:05:00,FILUSDT,FADE,SELL,0.8059,0.7898,TP,106,1218986.0429185685,0.6666666666666666,1.5,1.93,23526.43062832837,True,1852005.495006181,0.0
1350,2026-07-06 16:05:00,BTCUSDT,FADE,SELL,63956.2,63300.1,REVERSE_SIGNAL,118,1234670.3300041207,0.6666666666666666,1.5,0.956,11803.448354839393,True,1863808.9433610204,0.0
1351,2026-07-06 16:10:00,ARBUSDT,TREND,BUY,0.0802,0.0818,TP,60,1242539.2955740136,0.6666666666666666,1.5,1.9,23608.246615906257,True,1887417.1899769267,0.0
1352,2026-07-06 17:10:00,INJUSDT,FADE,SELL,4.961,4.8618,TP,14,1258278.1266512845,0.6666666666666667,1.5,1.93,24284.767844369788,True,1911701.9578212965,0.0
1353,2026-07-06 17:55:00,FETUSDT,TREND,BUY,0.1725,0.1759,TP,38,1274467.9718808646,0.6666666666666667,1.5,1.9,24214.891465736426,True,1935916.8492870328,0.0
1354,2026-07-06 19:30:00,OPUSDT,FADE,SELL,0.1095,0.1073,TP,32,1290611.232858022,0.6666666666666667,1.5,1.93,24908.79679415982,True,1960825.6460811927,0.0
1355,2026-07-07 01:55:00,FETUSDT,TREND,SELL,0.1703,0.1669,TP,25,1307217.097387462,0.6666666666666667,1.5,1.9,24837.124850361775,True,1985662.7709315545,0.0
1356,2026-07-07 02:05:00,TIAUSDT,TREND,SELL,0.3796,0.3866,REVERSE_SIGNAL,91,954186.8192847451,0.4805382027871216,2.081,-1.944,-18549.391766895445,False,1967113.379164659,0.9341662662181692
1357,2026-07-07 03:10:00,FILUSDT,TREND,SELL,0.782,0.795,REVERSE_SIGNAL,153,1025606.5584800099,0.5213764337851929,1.918,-1.762,-18071.187560417773,False,1949042.1916042413,1.8442496814367448
1358,2026-07-07 03:25:00,NEARUSDT,TREND,SELL,2.017,1.9767,TP,134,1299361.4610694943,0.6666666666666667,1.5,1.9,24687.86776032039,True,1973730.0593645617,0.6009435107349415
1359,2026-07-07 16:15:00,INJUSDT,TREND,BUY,4.867,4.66,SL,69,393722.33380501927,0.1994813484939158,5.013,-4.353,-17138.73319053249,False,1956591.3261740291,1.4640675739660847
1360,2026-07-07 16:20:00,SOLUSDT,TREND,BUY,82.32,80.85,REVERSE_SIGNAL,59,1006477.0196368463,0.51440329218107,1.944,-1.886,-18982.156590350918,False,1937609.1695836782,2.4200283175643347
1361,2026-07-07 16:40:00,ARBUSDT,TREND,BUY,0.0795,0.0776,REVERSE_SIGNAL,30,744375.4012999147,0.3841721091048789,2.603,-2.489,-18527.503738354877,False,1919081.6658453234,3.353092280367187
1362,2026-07-07 20:45:00,FILUSDT,FADE,BUY,0.7738,0.7545,SL,55,713944.0721150757,0.37202380952380953,2.688,-2.57,-18348.362653357442,False,1900733.303191966,4.277134515633022
1363,2026-07-07 20:50:00,NEARUSDT,TREND,SELL,1.998,1.958,TP,57,1267155.5354613108,0.6666666666666667,1.5,1.9,24075.955173764905,True,1924809.2583657308,3.0646448861643765
1364,2026-07-07 21:15:00,SOLUSDT,FADE,BUY,80.4575,78.4461,SL,55,711311.6254123173,0.36954915003695493,2.706,-2.57,-18280.708773096554,False,1906528.5495926342,3.9852800030991786
1365,2026-07-07 21:40:00,TIAUSDT,TREND,SELL,0.38,0.3724,TP,4,1271019.0330617563,0.6666666666666667,1.5,1.9,24149.36162817337,True,1930677.9112208076,2.769093549805101
1366,2026-07-07 22:10:00,INJUSDT,TREND,SELL,4.698,4.604,TP,137,1225827.2452195606,0.634920634920635,1.575,1.9,23290.71765917165,True,1953968.6288799793,1.5961492815170342
1367,2026-07-08 06:35:00,ARBUSDT,FADE,SELL,0.078,0.0764,TP,19,1302645.7525866528,0.6666666666666666,1.5,1.93,25141.063024922394,True,1979109.6919049018,0.3300197356058813
1368,2026-07-08 06:55:00,TIAUSDT,TREND,BUY,0.3896,0.3821,SL,19,1028108.9308596893,0.5194805194805195,1.925,-2.018,-20747.238224748526,False,1958362.4536801532,1.3748717884554775
1369,2026-07-08 08:05:00,APTUSDT,FADE,SELL,0.6336,0.6209,TP,2,1305574.9691201022,0.6666666666666667,1.5,1.93,25197.59690401797,True,1983560.0505841712,0.10589513880027179
1370,2026-07-08 12:40:00,APTUSDT,TREND,SELL,0.6113,0.5991,TP,1,1322373.3670561144,0.6666666666666667,1.5,1.9,25125.09397406617,True,2008685.1445582374,0.0
1371,2026-07-09 01:05:00,OPUSDT,TREND,BUY,0.1005,0.1025,TP,40,1339123.4297054918,0.6666666666666667,1.5,1.9,25443.34516440434,True,2034128.4897226417,0.0
1372,2026-07-09 05:25:00,ADAUSDT,FADE,SELL,0.1693,0.1659,TP,121,1356085.6598150947,0.6666666666666667,1.5,1.93,26172.453234431323,True,2060300.942957073,0.0
1373,2026-07-09 06:30:00,ETHUSDT,FADE,SELL,1760.1475,1736.55,REVERSE_SIGNAL,112,1373533.9619713821,0.6666666666666667,1.5,1.271,17457.616656656264,True,2077758.5596137294,0.0
1374,2026-07-09 15:00:00,ATOMUSDT,FADE,BUY,1.5466,1.568,REVERSE_SIGNAL,118,1385172.3730758196,0.6666666666666666,1.5,1.316,18228.868429677786,True,2095987.4280434072,0.0
1375,2026-07-09 16:15:00,ETHUSDT,FADE,BUY,1731.8475,1766.4845,TP,113,1397324.9520289383,0.6666666666666667,1.5,1.93,26968.371574158507,True,2122955.7996175657,0.0
1376,2026-07-10 02:15:00,OPUSDT,FADE,SELL,0.1062,0.1041,TP,138,1012860.5914205943,0.47709923664122134,2.096,1.93,19548.209414417466,True,2142504.009031983,0.0
1377,2026-07-10 02:35:00,ADAUSDT,FADE,SELL,0.1693,0.1659,TP,130,1428336.0060213222,0.6666666666666667,1.5,1.93,27566.884916211515,True,2170070.8939481946,0.0
1378,2026-07-10 13:15:00,TIAUSDT,TREND,SELL,0.4081,0.3999,TP,15,1446713.9292987965,0.6666666666666667,1.5,1.9,27487.564656677132,True,2197558.4586048718,0.0
1379,2026-07-10 14:20:00,SOLUSDT,FADE,BUY,77.3383,78.13,REVERSE_SIGNAL,278,1465038.9724032478,0.6666666666666666,1.5,0.954,13976.471796726984,True,2211534.9304015986,0.0
1380,2026-07-10 14:45:00,RENDERUSDT,FADE,BUY,1.5461,1.572,REVERSE_SIGNAL,98,1474356.6202677323,0.6666666666666666,1.5,1.602,23619.19305668907,True,2235154.1234582877,0.0
1381,2026-07-10 14:50:00,SEIUSDT,FADE,BUY,0.0494,0.0504,TP,24,1490102.748972192,0.6666666666666667,1.5,1.93,28758.983055163302,True,2263913.106513451,0.0
1382,2026-07-10 15:55:00,ARBUSDT,FADE,BUY,0.0905,0.0923,TP,57,1509275.4043423007,0.6666666666666667,1.5,1.93,29129.0153038064,True,2293042.1218172573,0.0
1383,2026-07-10 19:45:00,BTCUSDT,FADE,BUY,63755.31,64223.2,REVERSE_SIGNAL,144,1528694.7478781717,0.6666666666666667,1.5,0.664,10150.53312591106,True,2303192.654943168,0.0
1384,2026-07-10 19:55:00,FILUSDT,FADE,BUY,0.788,0.7928,REVERSE_SIGNAL,212,1535461.7699621122,0.6666666666666667,1.5,0.542,8322.202793194649,True,2311514.8577363626,0.0
1385,2026-07-10 21:35:00,ARBUSDT,TREND,BUY,0.0934,0.0902,SL,77,637131.9894532422,0.2756339581036384,3.628,-3.6,-22936.75162031672,False,2288578.1061160457,0.9922822491731049
1386,2026-07-10 22:55:00,RENDERUSDT,FADE,SELL,1.584,1.561,REVERSE_SIGNAL,274,1525718.7374106972,0.6666666666666666,1.5,1.382,21085.43295101583,True,2309663.5390670616,0.08009114296215102
1387,2026-07-11 04:10:00,ARBUSDT,TREND,SELL,0.0904,0.0925,REVERSE_SIGNAL,82,862780.552509175,0.3735524841240194,2.677,-2.468,-21293.42403592644,False,2288370.1150311353,1.001280291483512
1388,2026-07-11 07:45:00,NEARUSDT,FADE,BUY,1.8764,1.914,TP,76,1525580.0766874235,0.6666666666666666,1.5,1.93,29443.695480067272,True,2317813.8105112026,0.0
1389,2026-07-11 08:15:00,BTCUSDT,FADE,SELL,64256.7,63886.0,REVERSE_SIGNAL,177,1545209.2070074684,0.6666666666666667,1.5,0.507,7834.210679527865,True,2325648.0211907304,0.0
1390,2026-07-11 14:35:00,FETUSDT,FADE,SELL,0.1635,0.161,REVERSE_SIGNAL,94,1550432.0141271537,0.6666666666666667,1.5,1.484,23008.411089646957,True,2348656.4322803775,0.0
1391,2026-07-11 22:30:00,FILUSDT,FADE,BUY,0.7711,0.7865,TP,57,1565770.9548535852,0.6666666666666667,1.5,1.93,30219.37942867419,True,2378875.8117090515,0.0
1392,2026-07-11 22:45:00,OPUSDT,TREND,SELL,0.104,0.1019,TP,7,1585917.2078060342,0.6666666666666666,1.5,1.9,30132.42694831465,True,2409008.238657366,0.0
1393,2026-07-11 23:05:00,XRPUSDT,FADE,BUY,1.0945,1.0999,REVERSE_SIGNAL,157,1606005.4924382442,0.6666666666666667,1.5,0.422,6777.34317808939,True,2415785.5818354553,0.0
1394,2026-07-11 23:10:00,ETHUSDT,FADE,BUY,1782.6825,1808.34,REVERSE_SIGNAL,159,1610523.721223637,0.6666666666666667,1.5,1.369,22048.06974355159,True,2437833.651579007,0.0
1395,2026-07-11 23:20:00,BTCUSDT,FADE,BUY,63755.31,64143.9,REVERSE_SIGNAL,180,1625222.4343860047,0.6666666666666666,1.5,0.54,8776.201145684427,True,2446609.8527246914,0.0
1396,2026-07-11 23:25:00,INJUSDT,TREND,SELL,4.957,4.8579,TP,16,1631073.2351497945,0.6666666666666667,1.5,1.9,30990.391467846093,True,2477600.2441925374,0.0
1397,2026-07-12 00:05:00,TIAUSDT,FADE,BUY,0.3956,0.4035,TP,22,1651733.4961283584,0.6666666666666667,1.5,1.93,31878.456475277315,True,2509478.700667815,0.0
1398,2026-07-12 07:25:00,TIAUSDT,TREND,BUY,0.4115,0.4018,SL,82,897845.6889688068,0.35778175313059035,2.795,-2.458,-22069.047034853273,False,2487409.6536329617,0.8794275491949858
1399,2026-07-12 09:05:00,ARBUSDT,TREND,SELL,0.096,0.0941,TP,25,1658273.1024219745,0.6666666666666667,1.5,1.9,31507.188946017515,True,2518916.842578979,0.0
1400,2026-07-12 11:25:00,BNBUSDT,FADE,SELL,583.3975,576.82,REVERSE_SIGNAL,116,1679277.895052653,0.6666666666666667,1.5,1.057,17749.96735070654,True,2536666.8099296857,0.0
1401,2026-07-12 13:05:00,XRPUSDT,FADE,SELL,1.1007,1.0882,REVERSE_SIGNAL,89,1691111.2066197905,0.6666666666666667,1.5,1.066,18027.245462566967,True,2554694.0553922527,0.0
1402,2026-07-12 15:20:00,NEARUSDT,FADE,SELL,1.9065,1.8683,TP,143,1544555.0516277223,0.6045949214026602,1.654,1.93,29809.912496415036,True,2584503.9678886677,0.0
1403,2026-07-12 15:25:00,ATOMUSDT,FADE,SELL,1.5881,1.564,REVERSE_SIGNAL,78,1723002.645259112,0.6666666666666667,1.5,1.45,24983.538356257122,True,2609487.506244925,0.0
1404,2026-07-12 22:05:00,XRPUSDT,FADE,BUY,1.0852,1.058,SL,240,994848.4583472835,0.38124285169653066,2.623,-2.57,-25567.605379525183,False,2583919.9008653997,0.9797941288600808
1405,2026-07-12 22:35:00,ATOMUSDT,FADE,BUY,1.559,1.52,SL,342,1006983.593478332,0.3897116134060795,2.566,-2.57,-25879.47835239313,False,2558040.4225130067,1.9715397605390694
1406,2026-07-13 02:20:00,INJUSDT,FADE,BUY,4.7013,4.734,REVERSE_SIGNAL,286,1331619.1684086446,0.5205622071837583,1.921,0.625,8322.619802554029,True,2566363.042315561,1.6526028128573214
1407,2026-07-13 07:20:00,TIAUSDT,TREND,BUY,0.4054,0.4135,TP,38,1710908.6948770408,0.6666666666666667,1.5,1.9,32507.265202663773,True,2598870.3075182247,0.40686911515351126
1408,2026-07-13 08:15:00,NEARUSDT,TREND,BUY,1.92,1.9584,TP,80,1559010.3824344478,0.5998800239952009,1.667,1.9,29621.197266254505,True,2628491.5047844793,0.0
1409,2026-07-13 17:00:00,ARBUSDT,FADE,BUY,0.0898,0.0916,TP,231,1374015.4233060528,0.5227391531625718,1.913,1.93,26518.497669806817,True,2655010.002454286,0.0
1410,2026-07-13 20:45:00,FETUSDT,FADE,BUY,0.1562,0.1593,TP,41,1770006.6683028573,0.6666666666666666,1.5,1.93,34161.12869824514,True,2689171.131152531,0.0
1411,2026-07-13 20:50:00,TIAUSDT,TREND,SELL,0.3981,0.4055,SL,92,1092270.9712236112,0.40617384240454907,2.462,-1.961,-21419.433745695016,False,2667751.6974068363,0.7965069049553133
1412,2026-07-14 00:30:00,ETHUSDT,FADE,SELL,1791.2825,1836.0646,SL,138,750000.4772018095,0.281135788585887,3.557,-2.57,-19275.0122640865,False,2648476.68514275,1.5132709680822838
1413,2026-07-14 00:50:00,NEARUSDT,FADE,SELL,1.9603,2.0093,SL,56,1022972.840920336,0.3862495171881035,2.589,-2.57,-26290.40201165263,False,2622186.2831310974,2.4909105726092324
1414,2026-07-14 03:15:00,INJUSDT,TREND,BUY,4.734,4.8287,TP,13,1748124.1887540652,0.6666666666666667,1.5,1.9,33214.359586327235,True,2655400.642717425,1.255795439862279
1415,2026-07-14 04:00:00,OPUSDT,FADE,SELL,0.1002,0.1027,SL,301,1000527.747821185,0.3767897513187642,2.654,-2.57,-25713.56311900445,False,2629687.0795984203,2.211984609868135
1416,2026-07-14 05:00:00,XRPUSDT,FADE,SELL,1.0711,1.0979,SL,100,844201.3096624142,0.32102728731942215,3.115,-2.57,-21695.973658324045,False,2607991.105940096,3.0187749776133708
1417,2026-07-14 05:25:00,SOLUSDT,FADE,SELL,75.4267,77.3123,SL,95,861576.1829997014,0.3303600925008259,3.027,-2.57,-22142.507903092323,False,2585848.5980370035,3.8421702478728226
1418,2026-07-14 07:10:00,AVAXUSDT,FADE,SELL,6.506,6.6686,SL,91,1025723.362965888,0.39666798889329635,2.521,-2.57,-26361.090428223317,False,2559487.50760878,4.822438484536716
1419,2026-07-14 12:00:00,TIAUSDT,TREND,SELL,0.399,0.4067,REVERSE_SIGNAL,127,1001364.4395965494,0.39123630672926446,2.556,-2.03,-20327.69812380995,False,2539159.8094849703,5.578347912848099
1420,2026-07-14 12:55:00,ATOMUSDT,FADE,SELL,1.5595,1.557,REVERSE_SIGNAL,362,1182104.1943598557,0.46554934823091243,2.148,0.09,1063.89377492387,True,2540223.703259894,5.538785768118846
1421,2026-07-14 13:00:00,ARBUSDT,TREND,BUY,0.0914,0.0932,TP,139,1693482.4688399297,0.6666666666666667,1.5,1.9,32176.166907958665,True,2572399.870167853,4.342277054515017
1422,2026-07-14 22:35:00,TIAUSDT,TREND,BUY,0.4067,0.4148,TP,39,1714933.2467785687,0.6666666666666667,1.5,1.9,32583.731688792806,True,2604983.6018566457,3.1306125638722064
1423,2026-07-15 04:45:00,ARBUSDT,FADE,BUY,0.089,0.0908,TP,93,1467596.3954121948,0.5633802816901409,1.775,1.93,28324.610431455356,True,2633308.212288101,2.0773285202005
1424,2026-07-15 05:05:00,INJUSDT,FADE,BUY,4.94,5.02,REVERSE_SIGNAL,75,1755538.8081920675,0.6666666666666667,1.5,1.549,27193.296138895123,True,2660501.5084269964,1.066113732719101
1425,2026-07-15 06:35:00,DOGEUSDT,FADE,SELL,0.0747,0.0736,REVERSE_SIGNAL,56,1773667.6722846644,0.6666666666666667,1.5,1.421,25203.81762316508,True,2685705.3260501614,0.1288800501470639
1426,2026-07-15 10:35:00,TIAUSDT,TREND,BUY,0.415,0.4233,TP,29,1790470.2173667746,0.6666666666666667,1.5,1.9,34018.934129968715,True,2719724.26018013,0.0
1427,2026-07-15 10:55:00,NEARUSDT,TREND,BUY,2.051,2.092,TP,19,1813149.5067867537,0.6666666666666667,1.5,1.9,34449.84062894832,True,2754174.1008090787,0.0
1428,2026-07-15 12:45:00,APTUSDT,FADE,SELL,0.6275,0.6191,REVERSE_SIGNAL,180,1836116.0672060526,0.6666666666666667,1.5,1.262,23171.784768140384,True,2777345.885577219,0.0
1429,2026-07-15 12:55:00,ARBUSDT,FADE,SELL,0.0907,0.0889,TP,18,1851563.923718146,0.6666666666666666,1.5,1.93,35735.18372776022,True,2813081.0693049794,0.0
1430,2026-07-15 13:10:00,FETUSDT,FADE,SELL,0.1635,0.1603,TP,41,1875387.3795366532,0.6666666666666667,1.5,1.93,36194.9764250574,True,2849276.0457300367,0.0
1431,2026-07-15 19:25:00,ATOMUSDT,FADE,BUY,1.5512,1.5124,SL,258,1048298.7659050907,0.36791758646063283,2.718,-2.57,-26941.27828376083,False,2822334.767446276,0.9455481972038281
1432,2026-07-16 00:10:00,NEARUSDT,FADE,SELL,2.0803,2.0387,TP,96,1881556.5116308506,0.6666666666666667,1.5,1.93,36314.040674475415,True,2858648.8081207513,0.0
1433,2026-07-16 00:40:00,FETUSDT,FADE,BUY,0.159,0.1603,REVERSE_SIGNAL,161,1905765.872080501,0.6666666666666667,1.5,0.736,14026.436818512488,True,2872675.244939264,0.0
1434,2026-07-16 00:50:00,OPUSDT,TREND,SELL,0.1011,0.0991,TP,197,1528831.955795244,0.5321979776476848,1.879,1.9,29047.807160109638,True,2901723.0520993737,0.0
1435,2026-07-16 07:50:00,XRPUSDT,FADE,BUY,1.1,1.0725,SL,347,1116047.3277305283,0.38461538461538464,2.6,-2.57,-28682.416322674573,False,2873040.635776699,0.9884615384615393
1436,2026-07-16 08:10:00,BNBUSDT,FADE,BUY,576.128,561.7248,SL,346,1026819.3837657967,0.35739814152966404,2.798,-2.57,-26389.25816278097,False,2846651.377613918,1.8978956122505146
1437,2026-07-16 14:10:00,NEARUSDT,FADE,SELL,2.0803,2.0387,TP,32,1897767.5850759456,0.6666666666666667,1.5,1.93,36626.91439196574,True,2883278.2920058835,0.6356485357948096
1438,2026-07-16 14:15:00,ARBUSDT,FADE,SELL,0.089,0.0876,REVERSE_SIGNAL,128,1263487.419809765,0.43821209465381245,2.282,1.493,18863.867177759792,True,2902142.1591836433,0.0
1439,2026-07-16 19:45:00,NEARUSDT,TREND,SELL,2.02,1.9796,TP,40,1934761.4394557625,0.6666666666666667,1.5,1.9,36760.467349659484,True,2938902.626533303,0.0
1440,2026-07-16 22:55:00,ADAUSDT,FADE,BUY,0.1607,0.161,REVERSE_SIGNAL,137,1507902.835573783,0.513083632632119,1.949,0.096,1447.5867221508315,True,2940350.213255454,0.0
1441,2026-07-16 23:30:00,TIAUSDT,FADE,BUY,0.3923,0.4002,TP,12,1960233.475503636,0.6666666666666667,1.5,1.93,37832.50607722017,True,2978182.719332674,0.0
1442,2026-07-17 02:05:00,ARBUSDT,TREND,SELL,0.0876,0.0902,SL,13,875163.8904885908,0.2938583602703497,3.4029999999999996,-3.098,-27112.57732733654,False,2951070.1420053374,0.9103732001175471
1443,2026-07-17 13:20:00,ARBUSDT,TREND,SELL,0.0876,0.0899,REVERSE_SIGNAL,49,975560.3775224256,0.3305785123966942,3.025,-2.714,-26476.70864595863,False,2924593.433359379,1.79939550469566
1444,2026-07-17 13:25:00,ADAUSDT,FADE,BUY,0.158,0.1612,TP,7,1949728.9555729192,0.6666666666666666,1.5,1.93,37629.768842557336,True,2962223.2022019364,0.5358810601894075
1445,2026-07-17 13:30:00,FETUSDT,FADE,BUY,0.1562,0.1593,TP,7,1974815.4681346244,0.6666666666666667,1.5,1.93,38113.93853499825,True,3000337.1407369347,0.0
1446,2026-07-17 14:55:00,ADAUSDT,TREND,BUY,0.1628,0.1661,TP,21,2000224.76049129,0.6666666666666667,1.5,1.9,38004.27044933451,True,3038341.411186269,0.0
1447,2026-07-17 16:05:00,SEIUSDT,FADE,SELL,0.0479,0.047,TP,25,2025560.940790846,0.6666666666666666,1.5,1.93,39093.32615726332,True,3077434.7373435325,0.0
1448,2026-07-17 17:00:00,TIAUSDT,TREND,BUY,0.3881,0.3767,REVERSE_SIGNAL,62,911832.514768454,0.2962962962962963,3.375,-3.037,-27692.353473517946,False,3049742.3838700145,0.899851851851855
1449,2026-07-17 17:00:00,BTCUSDT,FADE,SELL,64169.8,64491.0,REVERSE_SIGNAL,482,2033161.5892466765,0.6666666666666667,1.5,-0.571,-11609.352674598522,False,3038133.031195416,1.277093082469133
1450,2026-07-17 17:25:00,ARBUSDT,TREND,BUY,0.0899,0.0917,TP,93,2025422.0207969444,0.6666666666666667,1.5,1.9,38483.018395141946,True,3076616.0495905583,0.026602928180401244
1451,2026-07-18 06:20:00,FETUSDT,FADE,BUY,0.1586,0.1582,REVERSE_SIGNAL,203,2005616.7207239624,0.651890482398957,1.534,-0.343,-6879.265352083192,False,3069736.784238475,0.2501418799120506
1452,2026-07-18 07:55:00,DOGEUSDT,FADE,BUY,0.0722,0.0724,REVERSE_SIGNAL,185,2046491.1894923167,0.6666666666666667,1.5,0.324,6630.631453955107,True,3076367.41569243,0.03468218637266148
1453,2026-07-18 08:10:00,OPUSDT,FADE,BUY,0.0952,0.0954,REVERSE_SIGNAL,478,1262876.607427106,0.4105090311986864,2.436,0.119,1502.823162838256,True,3077870.2388552683,0.0
1454,2026-07-18 11:35:00,ADAUSDT,FADE,BUY,0.1648,0.1662,REVERSE_SIGNAL,92,2051913.492570179,0.6666666666666667,1.5,0.78,16004.925242047397,True,3093875.1640973156,0.0
1455,2026-07-18 18:05:00,SEIUSDT,FADE,SELL,0.0468,0.0465,REVERSE_SIGNAL,126,2062583.442731544,0.6666666666666667,1.5,0.724,14933.104125376378,True,3108808.268222692,0.0
1456,2026-07-18 18:05:00,NEARUSDT,FADE,SELL,1.9396,1.903,REVERSE_SIGNAL,269,2072538.8454817948,0.6666666666666667,1.5,1.819,37699.48159931384,True,3146507.7498220056,0.0
1457,2026-07-19 04:45:00,SEIUSDT,FADE,BUY,0.0464,0.0462,REVERSE_SIGNAL,342,1319290.4611413025,0.419287211740042,2.385,-0.406,-5356.319272233688,False,3141151.430549772,0.1702306079664555
1458,2026-07-19 11:45:00,TIAUSDT,FADE,BUY,0.3537,0.3608,TP,94,2094100.9536998481,0.6666666666666667,1.5,1.93,40416.14840640706,True,3181567.578956179,0.0
1459,2026-07-20 00:05:00,BTCUSDT,FADE,SELL,64964.457,64150.0,REVERSE_SIGNAL,68,2121045.0526374527,0.6666666666666667,1.5,1.184,25113.17342322744,True,3206680.7523794062,0.0
1460,2026-07-20 01:05:00,ADAUSDT,TREND,BUY,0.1671,0.1625,REVERSE_SIGNAL,54,1071751.5883621012,0.33422459893048134,2.992,-2.853,-30577.07281597075,False,3176103.6795634357,0.9535427807486561
1461,2026-07-20 05:35:00,ADAUSDT,TREND,SELL,0.1625,0.1641,REVERSE_SIGNAL,80,1433906.8530760433,0.45146726862302483,2.215,-1.085,-15557.88935587507,False,3160545.7902075606,1.438713914305712
1462,2026-07-20 05:45:00,BTCUSDT,FADE,BUY,63893.562,64925.7,REVERSE_SIGNAL,63,2107030.5268050404,0.6666666666666666,1.5,1.545,32553.621639137873,True,3193099.4118466987,0.42353266762305397
1463,2026-07-20 05:50:00,OPUSDT,FADE,BUY,0.0927,0.0945,TP,189,2128732.9412311325,0.6666666666666666,1.5,1.93,41084.54576576085,True,3234183.9576124595,0.0
1464,2026-07-20 05:55:00,XRPUSDT,FADE,BUY,1.0865,1.1033,REVERSE_SIGNAL,69,2156122.6384083065,0.6666666666666667,1.5,1.472,31738.125237370274,True,3265922.08284983,0.0
1465,2026-07-20 06:05:00,DOGEUSDT,FADE,BUY,0.0713,0.0727,TP,61,2177281.388566553,0.6666666666666666,1.5,1.93,42021.53079933447,True,3307943.6136491643,0.0
1466,2026-07-20 11:45:00,BTCUSDT,FADE,SELL,64964.457,66588.5684,SL,297,1299781.3806087088,0.3929273084479371,2.545,-2.57,-33404.38148164381,False,3274539.2321675206,1.0098231827111968
1467,2026-07-20 15:35:00,APTUSDT,FADE,SELL,0.6032,0.6183,SL,160,1242237.9484702277,0.3793626707132018,2.636,-2.57,-31925.515275684847,False,3242613.716891836,1.9749398535019047
1468,2026-07-20 21:50:00,TIAUSDT,FADE,BUY,0.3556,0.3627,TP,91,2161742.477927891,0.6666666666666669,1.5,1.93,41721.62982400829,True,3284335.3467158442,0.7136840796169613
1469,2026-07-22 03:05:00,INJUSDT,FADE,SELL,5.3871,5.2794,TP,37,2189556.897810563,0.6666666666666667,1.5,1.93,42258.44812774386,True,3326593.794843588,0.0
1470,2026-07-22 05:50:00,SOLUSDT,FADE,BUY,77.261,78.8062,TP,113,2217729.196562392,0.6666666666666667,1.5,1.93,42802.17349365416,True,3369395.968337242,0.0
1471,2026-07-22 06:05:00,ETHUSDT,FADE,BUY,1909.812,1941.12,REVERSE_SIGNAL,77,2246263.9788914947,0.6666666666666666,1.5,1.569,35243.88182880755,True,3404639.85016605,0.0
1472,2026-07-22 06:15:00,LINKUSDT,FADE,BUY,8.5793,8.7509,TP,79,2269759.9001107,0.6666666666666667,1.5,1.93,43806.36607213651,True,3448446.216238186,0.0
1473,2026-07-22 06:20:00,INJUSDT,TREND,SELL,5.212,5.1078,TP,237,2298964.144158791,0.6666666666666666,1.5,1.9,43680.31873901703,True,3492126.5349772032,0.0
1474,2026-07-22 07:00:00,OPUSDT,TREND,SELL,0.0958,0.0982,REVERSE_SIGNAL,104,1394062.4890128556,0.3992015968063872,2.505,-2.605,-36315.32783878489,False,3455811.207138418,1.0399201596806424
1475,2026-07-22 12:35:00,ARBUSDT,FADE,BUY,0.0883,0.0901,TP,9,2303874.138092279,0.6666666666666667,1.5,1.93,44464.77086518098,True,3500275.978003599,0.0
1476,2026-07-22 13:50:00,BNBUSDT,FADE,SELL,574.0825,570.01,REVERSE_SIGNAL,178,2333517.3186690663,0.6666666666666667,1.5,0.639,14911.175666295334,True,3515187.1536698947,0.0
1477,2026-07-22 15:25:00,SOLUSDT,FADE,SELL,78.7057,77.55,REVERSE_SIGNAL,154,2343458.1024465966,0.6666666666666667,1.5,1.398,32761.54427220342,True,3547948.697942098,0.0
1478,2026-07-22 15:25:00,ARBUSDT,FADE,SELL,0.0916,0.0898,TP,25,2365299.1319613988,0.6666666666666666,1.5,1.93,45650.27324685499,True,3593598.971188953,0.0
1479,2026-07-22 15:40:00,OPUSDT,FADE,SELL,0.0984,0.0964,TP,86,2395732.647459302,0.6666666666666666,1.5,1.93,46237.640095964525,True,3639836.6112849177,0.0
1480,2026-07-22 15:40:00,DOGEUSDT,FADE,SELL,0.0735,0.0725,REVERSE_SIGNAL,147,2426557.740856612,0.6666666666666667,1.5,1.266,30720.220999244706,True,3670556.8322841623,0.0
1481,2026-07-22 22:40:00,RENDERUSDT,FADE,BUY,1.5045,1.4669,SL,301,1299312.1530209424,0.35398230088495575,2.825,-2.57,-33392.322332638214,False,3637164.509951524,0.9097345132743389
1482,2026-07-22 23:25:00,ADAUSDT,FADE,BUY,0.1734,0.169,SL,186,1269516.4083600433,0.34904013961605584,2.865,-2.57,-32626.571694853108,False,3604537.9382566707,1.7986070518463668
1483,2026-07-23 04:50:00,BNBUSDT,FADE,BUY,569.3134,568.9,REVERSE_SIGNAL,281,2403025.292171114,0.6666666666666667,1.5,-0.143,-3436.326167804693,False,3601101.612088866,1.8922257131236058
1484,2026-07-23 09:15:00,INJUSDT,FADE,SELL,5.1927,5.0888,TP,88,2400734.4080592445,0.6666666666666667,1.5,1.93,46334.174075543415,True,3647435.7861644095,0.6299056839657959
1485,2026-07-23 09:50:00,LINKUSDT,FADE,SELL,8.6546,8.514,REVERSE_SIGNAL,32,2431623.8574429397,0.6666666666666666,1.5,1.555,37811.75098323771,True,3685247.5371476472,0.0
1486,2026-07-23 11:25:00,NEARUSDT,FADE,SELL,1.8895,1.873,REVERSE_SIGNAL,301,2456831.691431765,0.6666666666666667,1.5,0.801,19679.221848368437,True,3704926.758996016,0.0
1487,2026-07-23 15:35:00,SEIUSDT,FADE,BUY,0.0457,0.0459,REVERSE_SIGNAL,167,2469951.172664011,0.6666666666666667,1.5,0.44,10867.785159721649,True,3715794.5441557374,0.0
1488,2026-07-24 03:40:00,OPUSDT,FADE,SELL,0.0941,0.0927,REVERSE_SIGNAL,97,2477196.3627704917,0.6666666666666667,1.5,1.433,35498.22387850115,True,3751292.7680342384,0.0
1489,2026-07-24 05:25:00,RENDERUSDT,FADE,SELL,1.4915,1.4617,TP,85,2500861.845356159,0.6666666666666666,1.5,1.93,48266.63361537386,True,3799559.401649612,0.0
1490,2026-07-24 11:45:00,OPUSDT,FADE,BUY,0.0914,0.0925,REVERSE_SIGNAL,294,2533039.6010997416,0.6666666666666667,1.5,1.18,29889.86729297695,True,3829449.268942589,0.0
1491,2026-07-24 13:00:00,FETUSDT,FADE,BUY,0.1508,0.1521,REVERSE_SIGNAL,141,2552966.1792950593,0.6666666666666666,1.5,0.816,20832.20402304768,True,3850281.4729656368,0.0
1492,2026-07-24 13:15:00,INJUSDT,TREND,SELL,5.226,5.1215,TP,13,2566854.3153104247,0.6666666666666667,1.5,1.9,48770.231990898064,True,3899051.704956535,0.0
1493,2026-07-24 13:15:00,DOGEUSDT,FADE,BUY,0.0685,0.0695,REVERSE_SIGNAL,120,2599367.803304357,0.6666666666666667,1.5,1.427,37092.978553153174,True,3936144.683509688,0.0
1494,2026-07-24 13:15:00,ETHUSDT,FADE,BUY,1854.1359,1863.49,REVERSE_SIGNAL,286,2624096.4556731256,0.6666666666666667,1.5,0.434,11388.578617621366,True,3947533.262127309,0.0
1495,2026-07-24 23:45:00,DOGEUSDT,FADE,SELL,0.0697,0.0714,SL,185,1534214.248786362,0.388651379712398,2.573,-2.57,-39429.3061938095,False,3908103.9559334996,0.9988340458608626
1496,2026-07-25 08:35:00,INJUSDT,TREND,SELL,5.2,5.096,TP,70,2605402.6372889997,0.6666666666666666,1.5,1.9,49502.65010849099,True,3957606.6060419907,0.0
1497,2026-07-25 12:55:00,LINKUSDT,FADE,SELL,8.3858,8.5955,SL,316,1564271.3857873483,0.3952569169960475,2.53,-2.57,-40201.774614734844,False,3917404.8314272556,1.015810276679847
1498,2026-07-25 13:05:00,SEIUSDT,FADE,SELL,0.0441,0.0445,REVERSE_SIGNAL,293,1748841.4426014533,0.4464285714285714,2.24,-0.949,-16596.50529028779,False,3900808.3261369676,1.4351674018915972
1499,2026-07-25 13:30:00,OPUSDT,FADE,SELL,0.093,0.0953,SL,389,1487722.4737364484,0.38138825324180015,2.622,-2.57,-38234.46757502672,False,3862573.858561941,2.4012681638181355
1500,2026-07-25 13:35:00,ETHUSDT,FADE,SELL,1866.1367,1912.7901,SL,312,1404572.312204342,0.36363636363636365,2.75,-2.57,-36097.50842365159,False,3826476.3501382894,3.3133726758871793
1501,2026-07-25 18:00:00,TIAUSDT,FADE,SELL,0.3416,0.3501,SL,339,1257055.3055644839,0.3285151116951379,3.044,-2.57,-32306.32135300723,False,3794170.0287852823,4.129682242979719
1502,2026-07-26 07:50:00,NEARUSDT,FADE,SELL,1.8077,1.8529,SL,211,1515848.9927228454,0.3995205753096284,2.503,-2.57,-38957.31911297712,False,3755212.7096723053,5.1140478707685375
1503,2026-07-26 12:55:00,FETUSDT,FADE,BUY,0.156,0.1579,REVERSE_SIGNAL,103,2503475.139781537,0.6666666666666667,1.5,1.126,28189.130073940105,True,3783401.839746245,4.401770656785112
1504,2026-07-26 23:00:00,DOGEUSDT,FADE,SELL,0.0735,0.0723,REVERSE_SIGNAL,121,2522267.8931641635,0.6666666666666666,1.5,1.457,36749.44320340187,True,3820151.282949647,3.4731931890980206
1505,2026-07-26 23:05:00,RENDERUSDT,FADE,SELL,1.4915,1.4617,TP,175,2546767.5219664313,0.6666666666666666,1.5,1.93,49152.613173952115,True,3869303.8961235993,2.23121494146441
1506,2026-07-27 02:05:00,FILUSDT,FADE,SELL,0.7513,0.7403,REVERSE_SIGNAL,71,2579535.930749066,0.6666666666666666,1.5,1.399,36087.707671179436,True,3905391.6037947787,1.3193580728184682
1507,2026-07-27 02:10:00,ARBUSDT,FADE,BUY,0.0819,0.0799,SL,148,1466538.3416428012,0.37551633496057085,2.663,-2.57,-37690.03538021999,False,3867701.5684145587,2.2717022326113967
1508,2026-07-27 14:30:00,LINKUSDT,FADE,BUY,8.552,8.3382,SL,116,1538465.2221219407,0.3977724741447892,2.514,-2.57,-39538.55620853387,False,3828163.012206025,3.2707544412915386
1509,2026-07-27 14:30:00,OPUSDT,FADE,BUY,0.0914,0.0891,SL,95,1315519.9354659878,0.34364261168384874,2.91,-2.57,-33808.862341475884,False,3794354.1498645493,4.125029908940608
1510,2026-07-27 14:30:00,TIAUSDT,FADE,BUY,0.3356,0.3272,SL,98,1361936.162909027,0.3589375448671931,2.786,-2.57,-35001.75938676199,False,3759352.3904777872,5.00944725687321
1511,2026-07-27 14:35:00,XRPUSDT,FADE,BUY,1.0865,1.0594,SL,123,1456548.7758534628,0.38744672607516467,2.581,-2.57,-37433.30353943399,False,3721919.0869383533,5.955304368650954
1512,2026-07-27 14:50:00,SEIUSDT,FADE,BUY,0.0441,0.043,SL,87,1363340.3248858438,0.36630036630036633,2.73,-2.57,-35037.84634956618,False,3686881.240588787,6.840633554631055
1513,2026-07-27 14:55:00,SOLUSDT,FADE,BUY,75.21,73.3297,SL,116,1150711.9976868874,0.31210986267166047,3.2039999999999997,-2.57,-29573.298340553003,False,3657307.942248234,7.587885651274619
1514,2026-07-28 07:55:00,TIAUSDT,FADE,SELL,0.3318,0.3252,TP,67,2438205.294832156,0.6666666666666666,1.5,1.93,47057.3621902606,True,3704365.3044384946,6.398849779987686
1515,2026-07-28 13:40:00,TIAUSDT,TREND,SELL,0.325,0.3307,SL,20,1267316.2177346887,0.3421142661648991,2.923,-1.852,-23470.696352446437,False,3680894.608086048,6.991902568928716
1516,2026-07-28 15:25:00,ETHUSDT,TREND,BUY,1911.22,1891.96,REVERSE_SIGNAL,150,2453929.7387240324,0.6666666666666667,1.5,-1.108,-27189.541505062283,False,3653705.0665809857,7.678922381952901
1517,2026-07-28 15:45:00,RENDERUSDT,TREND,BUY,1.43,1.398,REVERSE_SIGNAL,143,1583061.1207023337,0.4332755632582323,2.308,-2.338,-37011.96900202057,False,3616693.097578965,8.614133298205042
1518,2026-07-28 15:45:00,SOLUSDT,FADE,SELL,74.436,73.34,REVERSE_SIGNAL,78,2411128.7317193104,0.6666666666666667,1.5,1.402,33804.02481870473,True,3650497.12239767,7.759980064098928
1519,2026-07-28 17:20:00,OPUSDT,TREND,BUY,0.0893,0.0871,REVERSE_SIGNAL,128,1417118.4481357415,0.38819875776397517,2.576,-2.564,-36334.917010200414,False,3614162.20538747,8.678083368119303
1520,2026-07-28 20:25:00,ATOMUSDT,FADE,SELL,1.309,1.287,REVERSE_SIGNAL,60,2409441.470258313,0.6666666666666666,1.5,1.611,38816.10208586142,True,3652978.307473331,7.697285983492906
1521,2026-07-28 23:15:00,SOLUSDT,FADE,BUY,73.32,74.05,REVERSE_SIGNAL,122,2435318.8716488876,0.6666666666666667,1.5,0.926,22551.052751468702,True,3675529.3602247997,7.127470562297675
1522,2026-07-29 00:30:00,BNBUSDT,FADE,SELL,573.47,567.75,REVERSE_SIGNAL,41,2450352.9068165333,0.6666666666666667,1.5,0.927,22714.771446189265,True,3698244.131670989,6.553518330372671
1523,2026-07-29 03:20:00,SEIUSDT,FADE,BUY,0.042,0.0425,REVERSE_SIGNAL,182,2465496.0877806596,0.6666666666666667,1.5,1.144,28205.27524421074,True,3726449.4069152,5.840833163505644
1524,2026-07-29 03:40:00,RENDERUSDT,FADE,BUY,1.3854,1.4131,TP,180,2484299.6046101335,0.6666666666666667,1.5,1.93,47946.98236897557,True,3774396.3892841754,4.629318550209421
1525,2026-07-29 03:45:00,ARBUSDT,FADE,BUY,0.0769,0.0784,TP,42,2516264.2595227836,0.6666666666666666,1.5,1.93,48563.90020878972,True,3822960.289492965,3.4022157822221115
1526,2026-07-29 03:55:00,BNBUSDT,FADE,BUY,567.4875,573.12,REVERSE_SIGNAL,69,2548640.1929953103,0.6666666666666667,1.5,0.923,23523.948981346715,True,3846484.238474312,2.807817416668722
1527,2026-07-29 03:55:00,ETHUSDT,FADE,BUY,1886.85,1924.587,TP,48,2564322.8256495413,0.6666666666666667,1.5,1.93,49491.43053503614,True,3895975.669009348,1.5572780007631932
1528,2026-07-29 04:00:00,LINKUSDT,FADE,BUY,8.3133,8.464,REVERSE_SIGNAL,73,2597317.112672899,0.6666666666666667,1.5,1.742,45245.2641027619,True,3941220.93311211,0.4140298559453845
1529,2026-07-29 09:40:00,BNBUSDT,FADE,SELL,573.47,569.78,REVERSE_SIGNAL,38,2627480.62207474,0.6666666666666666,1.5,0.573,15055.463964488259,True,3956276.3970765984,0.03361144999509342
1530,2026-07-29 11:50:00,FETUSDT,TREND,BUY,0.1374,0.1401,TP,248,1553308.3616319583,0.392618767177071,2.547,1.9,29512.858871007207,True,3985789.2559476057,0.0
1531,2026-07-29 18:50:00,NEARUSDT,TREND,BUY,1.636,1.5787,SL,16,1068862.7664112644,0.26816840976133005,3.7290000000000005,-3.6,-38479.059590805526,False,3947310.1963568004,0.9654062751407834
1532,2026-07-29 19:00:00,SEIUSDT,TREND,BUY,0.0425,0.0414,REVERSE_SIGNAL,18,1242855.8552760705,0.3148614609571788,3.176,-2.735,-33992.107641800525,False,3913318.088715,1.8182388124124715
1533,2026-07-29 20:30:00,SEIUSDT,TREND,SELL,0.0414,0.0422,REVERSE_SIGNAL,170,1779589.8538949525,0.45475216007276037,2.199,-1.936,-34452.859571406276,False,3878865.229143594,2.682631216501461
1534,2026-07-30 01:40:00,BNBUSDT,FADE,SELL,577.4434,591.8794,SL,169,1415127.7742223982,0.3648303538854432,2.741,-2.57,-36368.78379751563,False,3842496.4453460784,3.5950924998782967
1535,2026-07-30 09:05:00,OPUSDT,FADE,BUY,0.0872,0.0889,TP,83,2561664.2968973857,0.6666666666666667,1.5,1.93,49440.12093011954,True,3891936.566276198,2.3546826900434006
1536,2026-07-30 23:25:00,APTUSDT,FADE,BUY,0.5683,0.5541,SL,172,1340660.2019552868,0.34447123665173957,2.903,-2.57,-34454.96719025086,False,3857481.599085947,3.2191279724636126
1537,2026-07-31 02:35:00,ETHUSDT,FADE,BUY,1898.365,1850.9059,SL,132,1484217.6218106758,0.3847633705271258,2.599,-2.57,-38144.39288053437,False,3819337.2062054127,4.176137749727053
1538,2026-07-31 02:40:00,NEARUSDT,TREND,SELL,1.64,1.67,REVERSE_SIGNAL,130,1957630.551617331,0.5125576627370579,1.951,-1.929,-37762.69334069832,False,3781574.5128647145,5.123571016158504
1539,2026-07-31 02:45:00,OPUSDT,FADE,BUY,0.0872,0.085,SL,105,1374118.6456630505,0.36337209302325585,2.752,-2.57,-35314.849193540394,False,3746259.663671174,6.009589993224175
1540,2026-07-31 04:15:00,SOLUSDT,FADE,BUY,73.74,71.8965,SL,447,1321898.2581761377,0.35285815102328866,2.834,-2.57,-33972.785235126736,False,3712286.8784360476,6.8619377480492005
1541,2026-07-31 11:10:00,INJUSDT,TREND,SELL,4.843,4.87,REVERSE_SIGNAL,168,2474857.918957365,0.6666666666666667,1.5,-0.658,-16284.565106739463,False,3696002.3133293083,7.270503381127753
1542,2026-07-31 13:30:00,NEARUSDT,FADE,SELL,1.6791,1.6455,TP,18,2464001.542219539,0.6666666666666667,1.5,1.93,47555.2297648371,True,3743557.5430941456,6.077383857964926
1543,2026-07-31 14:45:00,BNBUSDT,FADE,BUY,585.72,590.8,REVERSE_SIGNAL,139,2495705.0287294304,0.6666666666666666,1.5,0.797,19890.76907897356,True,3763448.3121731193,5.578341690863577
1544,2026-07-31 16:55:00,ARBUSDT,FADE,SELL,0.0776,0.0774,REVERSE_SIGNAL,299,2224260.2317808033,0.5910165484633569,1.6920000000000002,0.222,4937.857714553384,True,3768386.1698876726,5.45445511790478
1545,2026-08-01 01:10:00,INJUSDT,FADE,SELL,4.904,5.0266,SL,478,1113260.3160672593,0.29542097488921715,3.385,-2.57,-28610.79012292856,False,3739775.379764744,6.172275059845651
1546,2026-08-01 01:20:00,TIAUSDT,FADE,SELL,0.3239,0.332,SL,87,1421427.3583294353,0.38008361839604715,2.631,-2.57,-36530.683109066485,False,3703244.6966556776,7.08879825671451
1547,2026-08-01 02:40:00,RENDERUSDT,FADE,SELL,1.3892,1.376,REVERSE_SIGNAL,73,2468829.7977704518,0.6666666666666666,1.5,0.88,21725.702220379975,True,3724970.3988760575,6.543719206487237
1548,2026-08-01 14:55:00,ETHUSDT,FADE,SELL,1874.326,1861.18,REVERSE_SIGNAL,36,2483313.5992507054,0.6666666666666667,1.5,0.631,15669.70881127195,True,3740640.1076873294,6.1505797852825275
1549,2026-08-01 18:30:00,TIAUSDT,FADE,BUY,0.3185,0.3249,TP,76,2493760.071791553,0.6666666666666666,1.5,1.93,48129.569385576964,True,3788769.6770729064,4.943050578519829
1550,2026-08-01 18:40:00,ARBUSDT,FADE,BUY,0.0772,0.0787,TP,6,2525846.451381938,0.6666666666666667,1.5,1.93,48748.8365116714,True,3837518.513584578,3.7199844959634474
1551,2026-08-01 22:25:00,ARBUSDT,TREND,BUY,0.0794,0.081,TP,69,2558345.675723052,0.6666666666666667,1.5,1.9,48608.56783873799,True,3886127.081423316,2.500437632912312
1552,2026-08-02 01:10:00,APTUSDT,FADE,SELL,0.5637,0.5623,REVERSE_SIGNAL,227,2590751.3876155443,0.6666666666666667,1.5,0.187,4844.705094841068,True,3890971.786518157,2.378888178494681
1553,2026-08-02 01:25:00,SEIUSDT,FADE,SELL,0.0416,0.0413,REVERSE_SIGNAL,119,2593981.191012105,0.6666666666666667,1.5,0.574,14889.45203640948,True,3905861.2385545666,2.0053247239243834
1554,2026-08-02 01:55:00,ETHUSDT,FADE,SELL,1874.326,1855.37,REVERSE_SIGNAL,116,2603907.4923697114,0.6666666666666667,1.5,0.941,24502.769503198982,True,3930364.0080577657,1.3905714610258015
1555,2026-08-02 02:50:00,OPUSDT,TREND,BUY,0.0843,0.086,TP,120,2620242.6720385104,0.6666666666666666,1.5,1.9,49784.6107687317,True,3980148.6188264973,0.1415186995321287
1556,2026-08-02 18:20:00,ETHUSDT,FADE,SELL,1885.91,1868.87,REVERSE_SIGNAL,93,2653432.4125509984,0.6666666666666667,1.5,0.834,22129.62632067533,True,4002278.245147173,0.0
1557,2026-08-02 18:35:00,TIAUSDT,FADE,SELL,0.3312,0.3258,REVERSE_SIGNAL,79,2668185.496764782,0.6666666666666666,1.5,1.553,41436.92076475706,True,4043715.1659119297,0.0
1558,2026-08-02 19:05:00,ARBUSDT,FADE,SELL,0.0814,0.0806,REVERSE_SIGNAL,79,2695810.1106079533,0.6666666666666667,1.5,0.928,25017.117826441805,True,4068732.2837383715,0.0
1559,2026-08-02 22:05:00,NEARUSDT,FADE,SELL,1.7237,1.7668,SL,323,1585014.5242455672,0.3895597974289053,2.567,-2.57,-40734.87327311107,False,4027997.4104652605,1.0011686793922834
1560,2026-08-03 01:40:00,FILUSDT,FADE,BUY,0.7129,0.7183,REVERSE_SIGNAL,142,2685331.60697684,0.6666666666666666,1.5,0.682,18313.96155958205,True,4046311.3720248425,0.5510539929879208
1561,2026-08-03 01:40:00,ADAUSDT,TREND,SELL,0.1858,0.1821,TP,80,2697540.9146832284,0.6666666666666666,1.5,1.9,51253.27737898134,True,4097564.649403824,0.0
1562,2026-08-03 10:35:00,ADAUSDT,TREND,BUY,0.1882,0.192,TP,39,2731709.7662692163,0.6666666666666667,1.5,1.9,51902.485559115106,True,4149467.134962939,0.0
1563,2026-08-03 11:00:00,BNBUSDT,FADE,SELL,587.515,589.42,REVERSE_SIGNAL,272,2766311.4233086263,0.6666666666666667,1.5,-0.394,-10899.267007835988,False,4138567.867955103,0.2626666666666704
1564,2026-08-03 13:30:00,SEIUSDT,FADE,SELL,0.0416,0.0414,REVERSE_SIGNAL,213,2759045.245303402,0.6666666666666667,1.5,0.406,11201.723695931814,True,4149769.591651035,0.0
1565,2026-08-03 23:05:00,LINKUSDT,FADE,BUY,8.1371,8.235,REVERSE_SIGNAL,175,2766513.0611006906,0.6666666666666669,1.5,1.133,31344.592982270824,True,4181114.1846333058,0.0
1566,2026-08-04 02:25:00,INJUSDT,FADE,SELL,5.0337,4.972,REVERSE_SIGNAL,71,2787409.4564222037,0.6666666666666666,1.5,1.156,32222.453316240673,True,4213336.637949547,0.0
1567,2026-08-04 09:00:00,SOLUSDT,FADE,BUY,73.2155,73.92,REVERSE_SIGNAL,34,2808891.091966365,0.6666666666666667,1.5,0.892,25055.30854033998,True,4238391.946489886,0.0
1568,2026-08-04 11:55:00,ETHUSDT,FADE,SELL,1873.65,1920.4913,SL,357,1677242.5589591952,0.3957261574990107,2.527,-2.57,-43105.13376525131,False,4195286.812724635,1.017016224772459
1569,2026-08-04 12:55:00,APTUSDT,FADE,BUY,0.5722,0.58,REVERSE_SIGNAL,75,2796857.8751497567,0.6666666666666666,1.5,1.286,35967.59227442587,True,4231254.404999061,0.1684021105395156
1570,2026-08-04 21:30:00,FILUSDT,FADE,SELL,0.7216,0.7122,REVERSE_SIGNAL,66,2820836.2699993737,0.6666666666666666,1.5,1.233,34780.91120909228,True,4266035.316208153,0.0
1571,2026-08-05 03:45:00,FILUSDT,FADE,BUY,0.7121,0.72,REVERSE_SIGNAL,136,2844023.544138769,0.6666666666666667,1.5,1.039,29549.40462360181,True,4295584.720831755,0.0
1572,2026-08-05 06:10:00,RENDERUSDT,FADE,SELL,1.3549,1.341,REVERSE_SIGNAL,147,2863723.14722117,0.6666666666666667,1.5,0.956,27377.19328743438,True,4322961.914119189,0.0
1573,2026-08-05 08:35:00,ADAUSDT,TREND,BUY,0.194,0.1979,TP,15,2881974.6094127926,0.6666666666666667,1.5,1.9,54757.51757884306,True,4377719.431698032,0.0
1574,2026-08-05 15:05:00,FILUSDT,FADE,SELL,0.7216,0.7104,REVERSE_SIGNAL,128,2918479.6211320213,0.6666666666666667,1.5,1.482,43251.867985176556,True,4420971.299683209,0.0
1575,2026-08-05 15:35:00,BNBUSDT,FADE,SELL,602.77,596.84,REVERSE_SIGNAL,60,2947314.199788806,0.6666666666666667,1.5,0.914,26938.451786069687,True,4447909.751469279,0.0
1576,2026-08-05 18:05:00,OPUSDT,FADE,SELL,0.0892,0.0874,TP,98,2965273.167646186,0.6666666666666667,1.5,1.93,57229.77213557138,True,4505139.52360485,0.0
1577,2026-08-05 21:20:00,BNBUSDT,FADE,BUY,592.4375,594.66,REVERSE_SIGNAL,343,3003426.3490699003,0.6666666666666667,1.5,0.305,9160.450364663195,True,4514299.973969514,0.0
1578,2026-08-05 22:10:00,INJUSDT,FADE,BUY,4.8391,4.7181,SL,59,1495296.4471578381,0.33123550844650546,3.019,-2.57,-38429.118691956435,False,4475870.855277557,0.851275256707523
1579,2026-08-06 05:40:00,SEIUSDT,FADE,SELL,0.0416,0.0409,REVERSE_SIGNAL,46,2983913.9035183713,0.6666666666666666,1.5,1.464,43684.49954750895,True,4519555.3548250655,0.0
1580,2026-08-06 09:45:00,TIAUSDT,FADE,BUY,0.3269,0.3334,TP,138,3013036.9032167103,0.6666666666666666,1.5,1.93,58151.6122320825,True,4577706.967057148,0.0
1581,2026-08-06 09:50:00,SOLUSDT,FADE,BUY,73.2155,73.3,REVERSE_SIGNAL,278,3051804.6447047656,0.6666666666666667,1.5,0.045,1373.3120901171444,True,4579080.2791472655,0.0
1582,2026-08-06 10:20:00,APTUSDT,FADE,BUY,0.5878,0.5907,REVERSE_SIGNAL,141,3052720.186098177,0.6666666666666666,1.5,0.423,12913.00638719529,True,4591993.285534461,0.0
1583,2026-08-06 14:30:00,SEIUSDT,FADE,SELL,0.0419,0.0412,REVERSE_SIGNAL,84,3061328.857022974,0.6666666666666667,1.5,1.593,48766.96869237598,True,4640760.254226837,0.0
1584,2026-08-06 16:10:00,FILUSDT,TREND,BUY,0.7033,0.7174,TP,4,3093840.1694845585,0.6666666666666667,1.5,1.9,58782.96322020661,True,4699543.217447044,0.0
1585,2026-08-06 17:15:00,OPUSDT,FADE,SELL,0.0882,0.0865,REVERSE_SIGNAL,54,3133028.811631363,0.6666666666666666,1.5,1.802,56457.17918559716,True,4756000.396632642,0.0
1586,2026-08-06 21:25:00,TIAUSDT,TREND,BUY,0.3342,0.3409,TP,5,1902400.1586530567,0.4,2.5,1.9,36145.60301440808,True,4792145.999647049,0.0
1587,2026-08-06 21:45:00,OPUSDT,FADE,BUY,0.0862,0.0875,REVERSE_SIGNAL,38,3194763.9997646995,0.6666666666666666,1.5,1.482,47346.40247651285,True,4839492.402123562,0.0
1588,2026-08-06 22:40:00,APTUSDT,FADE,SELL,0.5936,0.5859,REVERSE_SIGNAL,60,3226328.268082375,0.6666666666666667,1.5,1.227,39587.04784937075,True,4879079.449972933,0.0
1589,2026-08-06 23:25:00,ATOMUSDT,FADE,BUY,1.3498,1.36,REVERSE_SIGNAL,193,3252719.633315289,0.6666666666666667,1.5,0.689,22411.238273542338,True,4901490.6882464755,0.0
1590,2026-08-07 01:45:00,ADAUSDT,TREND,SELL,0.2001,0.2031,SL,54,2581090.4098191024,0.526592943654555,1.899,-1.601,-41323.25746120383,False,4860167.430785271,0.84307530279095
1591,2026-08-07 01:45:00,OPUSDT,FADE,SELL,0.0882,0.0864,TP,141,2954509.076465211,0.6079027355623101,1.645,1.93,57022.025175778566,True,4917189.45596105,0.0
1592,2026-08-07 02:30:00,DOGEUSDT,FADE,SELL,0.0693,0.0711,SL,427,1785471.8431231119,0.3631082062454612,2.754,-2.57,-45886.62636826397,False,4871302.829592786,0.9331880900508304
1593,2026-08-07 11:55:00,AVAXUSDT,FADE,SELL,6.4953,6.3653,TP,58,3247535.219728524,0.6666666666666666,1.5,1.93,62677.429740760505,True,4933980.259333546,0.0
1594,2026-08-07 12:15:00,FETUSDT,TREND,BUY,0.1349,0.1376,TP,139,3289320.172889031,0.6666666666666667,1.5,1.9,62497.08328489159,True,4996477.3426184375,0.0
1595,2026-08-08 00:40:00,INJUSDT,FADE,SELL,4.5309,4.475,REVERSE_SIGNAL,68,3330984.8950789585,0.6666666666666667,1.5,1.164,38772.664178719075,True,5035250.006797156,0.0
1596,2026-08-08 06:25:00,INJUSDT,FADE,BUY,4.4627,4.3511,SL,53,1862148.6711527945,0.3698224852071006,2.704,-2.57,-47857.220848626814,False,4987392.78594853,0.9504437869822413
1597,2026-08-08 22:45:00,DOGEUSDT,FADE,BUY,0.0702,0.0703,REVERSE_SIGNAL,177,3324928.523965687,0.6666666666666667,1.5,0.015,498.73927859485303,True,4987891.525227125,0.9405388313609373
1598,2026-08-09 07:05:00,LINKUSDT,FADE,SELL,8.3456,8.282,REVERSE_SIGNAL,69,3325261.0168180834,0.6666666666666667,1.5,0.692,23010.806236381133,True,5010902.3314635055,0.4835445171696243
1599,2026-08-09 13:55:00,DOGEUSDT,FADE,SELL,0.0703,0.0698,REVERSE_SIGNAL,110,3340601.554309004,0.6666666666666667,1.5,0.764,25522.19587492079,True,5036424.527338427,0.0
1600,2026-08-09 15:10:00,ATOMUSDT,FADE,SELL,1.387,1.37,REVERSE_SIGNAL,103,3357616.351558951,0.6666666666666667,1.5,1.156,38814.04502402147,True,5075238.572362448,0.0
1601,2026-08-09 15:15:00,TIAUSDT,FADE,SELL,0.3303,0.3237,TP,83,3383492.3815749655,0.6666666666666667,1.5,1.93,65301.402964396824,True,5140539.9753268445,0.0
1602,2026-08-09 15:20:00,AVAXUSDT,FADE,SELL,6.5676,6.474,REVERSE_SIGNAL,86,3427026.6502178963,0.6666666666666666,1.5,1.355,46436.211110452496,True,5186976.186437297,0.0
1603,2026-08-09 15:50:00,FETUSDT,FADE,SELL,0.1382,0.1359,REVERSE_SIGNAL,92,3457984.1242915313,0.6666666666666667,1.5,1.59,54981.947576235354,True,5241958.134013532,0.0
1604,2026-08-09 16:05:00,LINKUSDT,FADE,SELL,8.3456,8.239,REVERSE_SIGNAL,84,3494638.7560090213,0.6666666666666667,1.5,1.207,42180.289785028894,True,5284138.42379856,0.0
1605,2026-08-09 16:10:00,SEIUSDT,FADE,SELL,0.0419,0.0413,REVERSE_SIGNAL,78,3522758.94919904,0.6666666666666666,1.5,1.282,45161.76972873169,True,5329300.1935272915,0.0
1606,2026-08-09 22:00:00,RENDERUSDT,FADE,SELL,1.3333,1.311,REVERSE_SIGNAL,16,3552866.795684861,0.6666666666666666,1.5,1.601,56881.397398914625,True,5386181.590926206,0.0
1607,2026-08-09 22:00:00,FILUSDT,FADE,SELL,0.7153,0.701,TP,9,3590787.727284137,0.6666666666666666,1.5,1.93,69302.20313658383,True,5455483.7940627895,0.0
1608,2026-08-09 23:10:00,DOGEUSDT,FADE,BUY,0.0696,0.0702,REVERSE_SIGNAL,330,3636989.19604186,0.6666666666666667,1.5,0.818,29750.571623622414,True,5485234.365686412,0.0
1609,2026-08-09 23:10:00,LINKUSDT,FADE,BUY,8.192,8.301,REVERSE_SIGNAL,142,3656822.9104576083,0.6666666666666667,1.5,1.261,46112.53690087044,True,5531346.9025872825,0.0
1610,2026-08-09 23:10:00,BNBUSDT,FADE,BUY,602.34,603.9,REVERSE_SIGNAL,388,3687564.601724855,0.6666666666666667,1.5,0.189,6969.497097259976,True,5538316.399684543,0.0
1611,2026-08-09 23:20:00,NEARUSDT,FADE,BUY,1.5988,1.6308,TP,67,3692210.9331230284,0.6666666666666666,1.5,1.93,71259.67100927443,True,5609576.070693817,0.0
1612,2026-08-09 23:25:00,BTCUSDT,FADE,BUY,64856.164,65300.0,REVERSE_SIGNAL,98,3739717.380462545,0.6666666666666667,1.5,0.614,22961.864716040025,True,5632537.935409857,0.0
1613,2026-08-10 05:45:00,INJUSDT,FADE,SELL,4.4572,4.404,REVERSE_SIGNAL,184,3356697.220148902,0.595947556615018,1.678,1.124,37729.27675447366,True,5670267.21216433,0.0
1614,2026-08-10 06:00:00,OPUSDT,FADE,SELL,0.0918,0.09,TP,99,3780178.1414428875,0.6666666666666667,1.5,1.93,72957.43812984772,True,5743224.650294178,0.0
1615,2026-08-10 07:30:00,SEIUSDT,FADE,SELL,0.0419,0.0415,REVERSE_SIGNAL,168,3828816.433529452,0.6666666666666666,1.5,0.948,36297.1797898592,True,5779521.830084037,0.0
1616,2026-08-10 11:15:00,LINKUSDT,FADE,SELL,8.3456,8.5542,SL,253,2198372.700678599,0.3803727653100038,2.629,-2.57,-56498.17840743999,False,5723023.651676597,0.9775580068467092
1617,2026-08-10 15:20:00,FETUSDT,TREND,SELL,0.1358,0.1331,TP,192,3815349.1011177315,0.6666666666666667,1.5,1.9,72491.6329212369,True,5795515.284597834,0.0
1618,2026-08-10 15:55:00,NEARUSDT,FADE,BUY,1.5988,1.5589,SL,261,2269191.5758018144,0.39154267815191857,2.554,-2.57,-58318.22349810662,False,5737197.061099727,1.006264682850436
1619,2026-08-11 04:00:00,ATOMUSDT,FADE,BUY,1.393,1.407,REVERSE_SIGNAL,67,3824798.0407331516,0.6666666666666667,1.5,0.935,35761.86168085497,True,5772958.922780582,0.389203732706869
1620,2026-08-11 05:45:00,ARBUSDT,FADE,BUY,0.0792,0.0772,SL,100,2209322.205426935,0.38270187523918864,2.613,-2.57,-56779.58067947222,False,5716179.342101109,1.3689195628138138
1621,2026-08-11 15:35:00,ETHUSDT,FADE,BUY,1853.49,1881.87,REVERSE_SIGNAL,73,3810786.228067406,0.6666666666666666,1.5,1.461,55675.58679206481,True,5771854.928893174,0.40825283935562
1622,2026-08-11 20:00:00,FILUSDT,FADE,SELL,0.7153,0.701,TP,125,3847903.2859287825,0.6666666666666666,1.5,1.93,74264.53341842549,True,5846119.462311599,0.0
1623,2026-08-12 00:40:00,APTUSDT,FADE,BUY,0.5722,0.5579,SL,246,2139085.057560044,0.36589828027808274,2.733,-2.57,-54974.485979293124,False,5791144.976332306,0.9403585803146786
1624,2026-08-12 01:45:00,FETUSDT,FADE,SELL,0.1358,0.1341,REVERSE_SIGNAL,177,3860763.317554871,0.6666666666666667,1.5,1.189,45904.47584572742,True,5837049.452178033,0.15514582266131088
1625,2026-08-12 11:55:00,SEIUSDT,FADE,SELL,0.0403,0.0395,TP,120,3891366.3014520225,0.6666666666666667,1.5,1.93,75103.36961802402,True,5912152.821796057,0.0
1626,2026-08-12 12:55:00,INJUSDT,TREND,SELL,4.548,4.617,REVERSE_SIGNAL,68,3841554.7899909406,0.6497725795971411,1.539,-1.617,-62117.94095415351,False,5850034.880841903,1.0506822612085758
1627,2026-08-12 14:35:00,NEARUSDT,FADE,BUY,1.6113,1.6436,TP,34,3900023.2538946024,0.6666666666666667,1.5,1.93,75270.44880016582,True,5925305.3296420695,0.0
1628,2026-08-12 14:35:00,BTCUSDT,FADE,BUY,63334.38,63904.7,REVERSE_SIGNAL,172,3950203.553094713,0.6666666666666666,1.5,0.83,32786.68949068612,True,5958092.019132756,0.0
1629,2026-08-12 16:35:00,FETUSDT,FADE,BUY,0.1337,0.1353,REVERSE_SIGNAL,136,3972061.3460885044,0.6666666666666667,1.5,1.162,46155.35284154842,True,6004247.371974304,0.0
1630,2026-08-12 22:05:00,SEIUSDT,FADE,BUY,0.0398,0.0404,REVERSE_SIGNAL,56,4002831.581316203,0.6666666666666666,1.5,1.415,56640.066875624274,True,6060887.438849929,0.0
1631,2026-08-13 03:30:00,NEARUSDT,FADE,SELL,1.6621,1.64,REVERSE_SIGNAL,141,4040591.625899953,0.6666666666666667,1.5,1.257,50790.23673756241,True,6111677.675587491,0.0
1632,2026-08-13 03:55:00,ADAUSDT,FADE,SELL,0.1841,0.182,REVERSE_SIGNAL,146,4074451.7837249944,0.6666666666666667,1.5,1.084,44167.057335578946,True,6155844.73292307,0.0
1633,2026-08-13 04:00:00,ARBUSDT,TREND,BUY,0.0758,0.0749,REVERSE_SIGNAL,57,4095705.078458464,0.6653359946773122,1.503,-1.379,-56479.77303194222,False,6099364.959891127,0.9174983366600189
1634,2026-08-13 04:00:00,FETUSDT,FADE,SELL,0.1358,0.1345,REVERSE_SIGNAL,135,4066243.306594085,0.6666666666666666,1.5,0.895,36392.87759401706,True,6135757.837485145,0.3263060767354177
1635,2026-08-13 10:05:00,ETHUSDT,FADE,BUY,1878.0829,1886.31,REVERSE_SIGNAL,361,4090505.224990097,0.6666666666666667,1.5,0.368,15053.059227963557,True,6150810.896713109,0.08177328097700286
1636,2026-08-13 10:40:00,BNBUSDT,FADE,BUY,609.3867,612.66,REVERSE_SIGNAL,185,4100540.5978087396,0.6666666666666667,1.5,0.467,19149.524591766818,True,6169960.421304876,0.0
1637,2026-08-13 11:25:00,BTCUSDT,FADE,BUY,63334.38,63801.1,REVERSE_SIGNAL,44,4113306.9475365845,0.6666666666666667,1.5,0.667,27435.75734006902,True,6197396.178644945,0.0
1638,2026-08-13 13:45:00,SOLUSDT,FADE,SELL,76.4014,75.33,REVERSE_SIGNAL,31,4131597.4524299633,0.6666666666666666,1.5,1.332,55032.87806636711,True,6252429.056711312,0.0
1639,2026-08-13 16:30:00,FETUSDT,FADE,BUY,0.1337,0.1363,TP,103,4168286.037807542,0.6666666666666667,1.5,1.93,80447.92052968555,True,6332876.977240998,0.0
1640,2026-08-13 16:40:00,SOLUSDT,FADE,BUY,75.2914,76.34,REVERSE_SIGNAL,72,4221917.984827332,0.6666666666666666,1.5,1.323,55855.9749392656,True,6388732.952180264,0.0
1641,2026-08-13 17:15:00,OPUSDT,FADE,BUY,0.086,0.0877,TP,64,4259155.301453509,0.6666666666666667,1.5,1.93,82201.69731805273,True,6470934.649498316,0.0
1642,2026-08-14 15:50:00,FETUSDT,TREND,SELL,0.135,0.1323,TP,193,4313956.432998878,0.6666666666666667,1.5,1.9,81965.17222697868,True,6552899.821725295,0.0
1643,2026-08-15 02:30:00,SOLUSDT,FADE,SELL,75.5746,75.12,REVERSE_SIGNAL,73,4368599.881150196,0.6666666666666666,1.5,0.531,23197.265368907545,True,6576097.087094203,0.0
1644,2026-08-15 08:05:00,ETHUSDT,FADE,BUY,1877.2667,1882.89,REVERSE_SIGNAL,60,4384064.724729468,0.6666666666666666,1.5,0.23,10083.348866877777,True,6586180.435961081,0.0
1645,2026-08-15 09:00:00,AVAXUSDT,FADE,BUY,6.577,6.4126,SL,147,2267968.4696835675,0.3443526170798898,2.904,-2.57,-58286.78967086768,False,6527893.646290213,0.8849862258953192
1646,2026-08-15 12:40:00,RENDERUSDT,FADE,BUY,1.2612,1.267,REVERSE_SIGNAL,264,4351929.097526809,0.6666666666666667,1.5,0.386,16798.446316453483,True,6544692.0926066665,0.6299302571166209
1647,2026-08-15 13:45:00,ETHUSDT,FADE,SELL,1883.6289,1881.07,REVERSE_SIGNAL,127,4363128.061737778,0.6666666666666666,1.5,0.066,2879.6645207469332,True,6547571.7571274135,0.5862074264297508
1648,2026-08-15 13:50:00,OPUSDT,FADE,BUY,0.0858,0.0837,SL,348,2442212.5166458087,0.37299515106303616,2.681,-2.57,-62764.86167779728,False,6484806.895449616,1.5391855947030684
1649,2026-08-15 18:15:00,FILUSDT,FADE,BUY,0.6851,0.6817,REVERSE_SIGNAL,187,3143386.764638689,0.4847309743092583,2.063,-0.571,-17948.73842608691,False,6466858.1570235295,1.8117068018064286
1650,2026-08-15 23:15:00,NEARUSDT,FADE,BUY,1.6109,1.625,REVERSE_SIGNAL,136,4311238.77134902,0.6666666666666667,1.5,0.808,34834.80927250008,True,6501692.966296029,1.282799195778831
1651,2026-08-16 01:05:00,ATOMUSDT,FADE,SELL,1.49,1.478,REVERSE_SIGNAL,154,4334461.977530687,0.6666666666666669,1.5,0.735,31858.29553485055,True,6533551.261830879,0.7990849118381539
1652,2026-08-16 01:20:00,ETHUSDT,FADE,BUY,1877.2667,1882.9,REVERSE_SIGNAL,165,4355700.841220587,0.6666666666666667,1.5,0.23,10018.11193480735,True,6543569.3737656865,0.6469768420363087
1653,2026-08-16 04:30:00,XRPUSDT,FADE,BUY,0.9986,1.0028,REVERSE_SIGNAL,276,4362379.582510458,0.6666666666666667,1.5,0.346,15093.833355486184,True,6558663.207121173,0.4178025352852692
1654,2026-08-16 07:45:00,ARBUSDT,FADE,SELL,0.0736,0.0738,REVERSE_SIGNAL,160,3401796.2692537205,0.5186721991701245,1.928,-0.233,-7926.185307361169,False,6550737.021813812,0.5381482407275855
1655,2026-08-16 15:50:00,SOLUSDT,FADE,SELL,75.5746,75.14,REVERSE_SIGNAL,32,4367158.0145425415,0.6666666666666667,1.5,0.505,22054.147973439834,True,6572791.169787251,0.20329333980470443
1656,2026-08-16 19:50:00,LINKUSDT,FADE,SELL,9.4833,9.392,REVERSE_SIGNAL,148,4381860.779858168,0.6666666666666667,1.5,0.893,39130.01676413344,True,6611921.186551385,0.0
1657,2026-08-16 21:05:00,INJUSDT,FADE,BUY,4.0435,4.1244,TP,62,4407947.457700923,0.6666666666666666,1.5,1.93,85073.38593362781,True,6696994.572485012,0.0
1658,2026-08-16 21:15:00,ARBUSDT,FADE,BUY,0.0729,0.0744,TP,41,4464663.048323342,0.6666666666666667,1.5,1.93,86167.99683264048,True,6783162.569317653,0.0
1659,2026-08-16 21:25:00,BTCUSDT,FADE,BUY,62880.836,63362.6,REVERSE_SIGNAL,66,4522108.379545102,0.6666666666666666,1.5,0.696,31473.874321633906,True,6814636.443639287,0.0
1660,2026-08-17 01:35:00,ETHUSDT,FADE,SELL,1896.5616,1896.72,REVERSE_SIGNAL,285,4543090.962426192,0.6666666666666669,1.5,-0.078,-3543.61095069243,False,6811092.832688594,0.05200000000000187
1661,2026-08-17 02:25:00,RENDERUSDT,FADE,SELL,1.2709,1.256,REVERSE_SIGNAL,288,4540728.55512573,0.6666666666666667,1.5,1.104,50129.643248588065,True,6861222.475937182,0.0
1662,2026-08-17 03:50:00,OPUSDT,FADE,SELL,0.0848,0.0838,REVERSE_SIGNAL,98,4574148.317291454,0.6666666666666666,1.5,1.08,49400.80182674771,True,6910623.27776393,0.0
1663,2026-08-17 04:10:00,XRPUSDT,FADE,SELL,1.0029,0.9964,REVERSE_SIGNAL,58,4607082.185175954,0.6666666666666669,1.5,0.58,26721.076674020533,True,6937344.354437951,0.0
1664,2026-08-17 11:20:00,LINKUSDT,FADE,SELL,9.5506,9.397,REVERSE_SIGNAL,176,4624896.236291967,0.6666666666666666,1.5,1.538,71130.90411417045,True,7008475.258552121,0.0
1665,2026-08-17 20:20:00,TIAUSDT,FADE,SELL,0.3046,0.299,REVERSE_SIGNAL,72,4672316.839034748,0.6666666666666669,1.5,1.779,83120.51656642817,True,7091595.775118549,0.0
1666,2026-08-18 00:50:00,AVAXUSDT,FADE,SELL,6.4103,6.2821,TP,22,4727730.5167457005,0.6666666666666669,1.5,1.93,91245.198973192,True,7182840.974091741,0.0
1667,2026-08-18 01:30:00,BNBUSDT,FADE,BUY,603.7867,603.66,REVERSE_SIGNAL,168,4788560.6493944945,0.6666666666666667,1.5,-0.091,-4357.59019094899,False,7178483.383900792,0.060666666666665675
1668,2026-08-18 02:10:00,XRPUSDT,FADE,BUY,0.9908,0.9993,REVERSE_SIGNAL,108,4785655.589267195,0.6666666666666667,1.5,0.785,37567.396375747485,True,7216050.78027654,0.0
1669,2026-08-18 02:15:00,FETUSDT,FADE,BUY,0.1202,0.1226,TP,41,4810700.5201843595,0.6666666666666666,1.5,1.93,92846.52003955813,True,7308897.300316098,0.0
1670,2026-08-18 02:45:00,RENDERUSDT,FADE,BUY,1.2479,1.267,REVERSE_SIGNAL,116,4872598.200210732,0.6666666666666667,1.5,1.463,71286.11166908302,True,7380183.411985181,0.0
1671,2026-08-18 08:20:00,NEARUSDT,FADE,BUY,1.6105,1.6427,TP,68,4920122.274656788,0.6666666666666667,1.5,1.93,94958.359900876,True,7475141.771886057,0.0
1672,2026-08-18 08:40:00,ARBUSDT,FADE,SELL,0.0755,0.0773,SL,288,2603671.811872538,0.34831069313827934,2.871,-2.57,-66914.36556512423,False,7408227.406320933,0.8951584813653743
1673,2026-08-18 12:00:00,INJUSDT,FADE,SELL,4.0753,4.1772,SL,219,2912039.0748116877,0.39308176100628933,2.544,-2.57,-74839.40422266036,False,7333388.002098273,1.8963355360151073
1674,2026-08-18 14:00:00,ADAUSDT,FADE,SELL,0.1752,0.1729,REVERSE_SIGNAL,89,4888925.334732182,0.6666666666666667,1.5,1.243,60769.341910721036,True,7394157.344008993,1.0833831698235554
1675,2026-08-18 16:05:00,BNBUSDT,FADE,SELL,603.8867,602.34,REVERSE_SIGNAL,134,4929438.2293393295,0.6666666666666667,1.5,0.186,9168.755106571152,True,7403326.0991155645,0.9607265649541371
1676,2026-08-18 22:40:00,RENDERUSDT,FADE,BUY,1.2597,1.268,REVERSE_SIGNAL,113,4935550.73274371,0.6666666666666667,1.5,0.592,29218.460337842764,True,7432544.559453407,0.5698515657971553
1677,2026-08-19 00:30:00,TIAUSDT,FADE,BUY,0.2979,0.3018,REVERSE_SIGNAL,94,4955029.706302272,0.6666666666666667,1.5,1.232,61045.96598164399,True,7493590.525435051,0.0
1678,2026-08-19 03:40:00,BNBUSDT,FADE,BUY,602.1834,605.57,REVERSE_SIGNAL,97,4995727.016956701,0.6666666666666667,1.5,0.492,24578.97692342697,True,7518169.502358478,0.0
1679,2026-08-19 03:55:00,ADAUSDT,FADE,SELL,0.1752,0.1796,SL,138,1646554.8625401836,0.21901007446342532,4.566,-2.57,-42316.45996728272,False,7475853.042391195,0.5628558913710016
1680,2026-08-19 07:15:00,XRPUSDT,FADE,SELL,1.0094,1.0346,SL,78,2847944.0161490273,0.38095238095238104,2.625,-2.57,-73192.16121502999,False,7402660.881176165,1.5363928832154792
1681,2026-08-19 08:45:00,ATOMUSDT,FADE,BUY,1.4043,1.4324,TP,77,4935107.254117444,0.6666666666666667,1.5,1.93,95247.57000446666,True,7497908.451180632,0.26949447164618157
1682,2026-08-19 11:55:00,DOGEUSDT,FADE,SELL,0.0706,0.0724,SL,33,1298563.98531012,0.17319016279875304,5.774,-2.57,-33373.09442247008,False,7464535.356758162,0.7133936735995372
1683,2026-08-19 15:40:00,ATOMUSDT,TREND,BUY,1.434,1.4627,TP,44,4976356.904505442,0.6666666666666667,1.5,1.9,94550.7811856034,True,7559086.137943766,0.0
1684,2026-08-20 03:30:00,ADAUSDT,TREND,SELL,0.1826,0.189,SL,62,1917090.0679542902,0.253613999492772,3.943,-3.6,-69015.24244635446,False,7490070.8954974115,0.9130103981739811
1685,2026-08-20 08:15:00,TIAUSDT,TREND,BUY,0.331,0.3376,TP,81,4993380.596998275,0.6666666666666667,1.5,1.9,94874.23134296722,True,7584945.126840379,0.0
1686,2026-08-20 08:35:00,FILUSDT,TREND,BUY,0.6829,0.6966,TP,63,5056630.084560253,0.6666666666666666,1.5,1.9,96075.9716066448,True,7681021.098447024,0.0
1687,2026-08-20 08:40:00,ADAUSDT,TREND,BUY,0.1897,0.1935,TP,35,5120680.732298016,0.6666666666666666,1.5,1.9,97292.93391366229,True,7778314.032360686,0.0
1688,2026-08-20 14:45:00,NEARUSDT,TREND,SELL,1.704,1.7636,SL,28,2103952.9435652383,0.27048958615093316,3.697,-3.6,-75742.30596834859,False,7702571.726392337,0.9737625101433632
1689,2026-08-20 18:40:00,INJUSDT,TREND,SELL,4.692,4.7882,SL,132,3650507.9272001605,0.4739336492890996,2.11,-2.15,-78485.92043480344,False,7624085.805957533,1.9827976314855076
1690,2026-08-20 20:40:00,XRPUSDT,TREND,SELL,1.2429,1.2864,SL,57,1998973.7299311832,0.2621919244887257,3.814,-3.6,-71963.0542775226,False,7552122.751680011,2.9079731126775674
1691,2026-08-20 22:50:00,NEARUSDT,TREND,BUY,1.775,1.8105,TP,58,5034748.501120008,0.6666666666666667,1.5,1.9,95660.22152128014,True,7647782.973201291,1.6781407721048216
1692,2026-08-21 01:55:00,XRPUSDT,TREND,BUY,1.2958,1.3217,TP,66,5098521.982134194,0.6666666666666667,1.5,1.9,96871.91766054969,True,7744654.89086184,0.4327305552181543
1693,2026-08-21 06:20:00,INJUSDT,TREND,BUY,4.811,4.9072,TP,19,5163103.26057456,0.6666666666666666,1.5,1.9,98098.96195091664,True,7842753.852812757,0.0
1694,2026-08-21 21:55:00,APTUSDT,TREND,BUY,0.6454,0.6583,TP,37,5228502.568541838,0.6666666666666666,1.5,1.9,99341.54880229491,True,7942095.401615052,0.0
1695,2026-08-22 05:25:00,FILUSDT,TREND,SELL,0.7919,0.7761,TP,1,5294730.267743368,0.6666666666666666,1.5,1.9,100599.87508712399,True,8042695.276702176,0.0
1696,2026-08-22 05:25:00,ETHUSDT,TREND,SELL,2437.86,2389.1028,TP,59,5361796.8511347845,0.6666666666666667,1.5,1.9,101874.14017156091,True,8144569.416873736,0.0
1697,2026-08-22 05:25:00,NEARUSDT,TREND,SELL,1.924,1.8855,TP,57,1865453.370791053,0.22904260192395787,4.366,1.9,35443.61404503001,True,8180013.030918767,0.0
1698,2026-08-22 05:25:00,TIAUSDT,TREND,SELL,0.3846,0.3769,TP,57,2537224.885520709,0.31017369727047145,3.2240000000000006,1.9,48207.27282489347,True,8228220.30374366,0.0
1699,2026-08-22 05:30:00,FETUSDT,TREND,SELL,0.1673,0.164,TP,2,5485480.202495773,0.6666666666666666,1.5,1.9,104224.12384741969,True,8332444.42759108,0.0
1700,2026-08-22 05:40:00,INJUSDT,TREND,SELL,4.905,4.8069,TP,52,4301726.601750687,0.5162622612287042,1.9370000000000003,1.9,81732.80543326304,True,8414177.233024342,0.0
1701,2026-08-22 05:40:00,RENDERUSDT,TREND,SELL,1.503,1.4729,TP,40,3952173.4302603765,0.4697040864255519,2.129,1.9,75091.29517494715,True,8489268.528199289,0.0
1702,2026-08-22 05:40:00,SEIUSDT,TREND,SELL,0.0472,0.0462,TP,52,3513770.0861752024,0.4139072847682119,2.416,1.9,66761.63163732884,True,8556030.159836618,0.0
1703,2026-08-22 05:50:00,AVAXUSDT,TREND,SELL,7.697,7.5431,TP,31,5704020.106557746,0.6666666666666667,1.5,1.9,108376.38202459717,True,8664406.541861216,0.0
1704,2026-08-22 06:05:00,LINKUSDT,TREND,SELL,11.819,11.5826,TP,29,5776271.027907477,0.6666666666666666,1.5,1.9,109749.14953024205,True,8774155.691391457,0.0
1705,2026-08-22 06:10:00,APTUSDT,TREND,SELL,0.6442,0.6313,TP,48,3646781.2516173967,0.4156275976724854,2.406,1.9,69288.84378073053,True,8843444.535172187,0.0
1706,2026-08-22 08:05:00,ATOMUSDT,TREND,SELL,1.597,1.5651,TP,23,5895629.6901147915,0.6666666666666667,1.5,1.9,112016.96411218104,True,8955461.499284368,0.0
1707,2026-08-22 08:25:00,ADAUSDT,TREND,SELL,0.2283,0.2237,TP,7,5970307.666189578,0.6666666666666666,1.5,1.9,113435.84565760198,True,9068897.34494197,0.0
1708,2026-08-22 09:00:00,DOGEUSDT,TREND,SELL,0.0906,0.0887,TP,15,4277781.766482062,0.47169811320754723,2.12,1.9,81277.85356315917,True,9150175.19850513,0.0
1709,2026-08-22 18:15:00,DOGEUSDT,TREND,BUY,0.0931,0.095,TP,23,6100116.79900342,0.6666666666666667,1.5,1.9,115902.21918106498,True,9266077.417686194,0.0
1710,2026-08-22 20:00:00,NEARUSDT,TREND,BUY,1.955,1.8866,SL,20,2625694.932753243,0.2833663927458204,3.5290000000000004,-3.6,-94525.01757911676,False,9171552.400107078,1.0201190138849445
1711,2026-08-22 20:35:00,ADAUSDT,TREND,BUY,0.2321,0.224,SL,15,2447052.4013092523,0.26680896478121663,3.7479999999999998,-3.6,-88093.88644713309,False,9083458.513659945,1.9708329187675906
1712,2026-08-23 00:45:00,SOLUSDT,TREND,BUY,96.61,93.2287,SL,40,2550816.76878965,0.28081999438360006,3.5610000000000004,-3.6,-91829.4036764274,False,8991629.109983517,2.9618607241381008
1713,2026-08-23 02:05:00,NEARUSDT,TREND,SELL,1.884,1.8463,TP,12,5994419.4066556785,0.6666666666666667,1.5,1.9,113893.96872645788,True,9105523.078709975,1.7327109599771815
1714,2026-08-23 02:20:00,SEIUSDT,TREND,SELL,0.0463,0.0453,TP,20,6070348.719139983,0.6666666666666666,1.5,1.9,115336.62566365967,True,9220859.704373635,0.48799196547021745
1715,2026-08-23 02:25:00,ADAUSDT,TREND,SELL,0.2225,0.218,TP,15,6147239.8029157575,0.6666666666666667,1.5,1.9,116797.5562553994,True,9337657.260629036,0.0
1716,2026-08-23 04:40:00,DOGEUSDT,TREND,SELL,0.0904,0.0923,REVERSE_SIGNAL,94,3186913.740829022,0.341296928327645,2.93,-2.123,-67658.17871780015,False,9269999.081911236,0.7245733788395834
1717,2026-08-23 05:00:00,INJUSDT,TREND,SELL,4.788,4.9556,SL,59,2626062.062864373,0.28328611898017,3.53,-3.6,-94538.23426311744,False,9175460.847648118,1.737013990273524
1718,2026-08-23 06:00:00,SOLUSDT,TREND,SELL,92.38,94.76,REVERSE_SIGNAL,80,3431361.5735408072,0.3739715781600599,2.674,-2.676,-91823.23570795202,False,9083637.611940166,2.7203788016498414
1719,2026-08-23 09:55:00,OPUSDT,TREND,BUY,0.1092,0.1114,TP,33,6055758.40796011,0.6666666666666666,1.5,1.9,115059.4097512421,True,9198697.021691408,1.4881702664707401
1720,2026-08-23 10:00:00,ARBUSDT,TREND,BUY,0.0987,0.1007,TP,17,6132464.681127606,0.6666666666666667,1.5,1.9,116516.82894142451,True,9315213.850632833,0.2403537565126941
1721,2026-08-23 10:00:00,NEARUSDT,TREND,BUY,1.908,1.9462,TP,7,6210142.5670885565,0.6666666666666667,1.5,1.9,117992.70877468257,True,9433206.559407515,0.0
1722,2026-08-23 10:20:00,INJUSDT,TREND,BUY,4.985,5.0847,TP,16,6288804.372938344,0.6666666666666667,1.5,1.9,119487.28308582855,True,9552693.842493344,0.0
1723,2026-08-23 10:30:00,FETUSDT,TREND,BUY,0.1628,0.1661,TP,11,6368462.56166223,0.6666666666666667,1.5,1.9,121000.78867158236,True,9673694.631164927,0.0
1724,2026-08-23 10:40:00,TIAUSDT,TREND,BUY,0.3742,0.3817,TP,31,6449129.754109952,0.6666666666666667,1.5,1.9,122533.46532808908,True,9796228.096493017,0.0
1725,2026-08-23 11:20:00,APTUSDT,TREND,BUY,0.6316,0.6442,TP,27,6530818.730995346,0.6666666666666667,1.5,1.9,124085.55588891156,True,9920313.652381929,0.0
1726,2026-08-23 11:25:00,FILUSDT,TREND,BUY,0.7646,0.7799,TP,28,6613542.434921287,0.6666666666666667,1.5,1.9,125657.30626350445,True,10045970.958645433,0.0
1727,2026-08-23 11:45:00,BTCUSDT,FADE,SELL,77621.8,76889.9,REVERSE_SIGNAL,189,6697313.97243029,0.6666666666666667,1.5,0.873,58467.55097931643,True,10104438.50962475,0.0
1728,2026-08-23 12:10:00,ADAUSDT,TREND,BUY,0.2244,0.2289,TP,19,6736292.339749834,0.6666666666666667,1.5,1.9,127989.55445524683,True,10232428.064079996,0.0
1729,2026-08-23 13:45:00,XRPUSDT,TREND,BUY,1.5165,1.5468,TP,5,6821618.709386664,0.6666666666666667,1.5,1.9,129610.75547834662,True,10362038.819558343,0.0
1730,2026-08-24 00:50:00,APTUSDT,TREND,SELL,0.6293,0.6167,TP,9,6908025.879705562,0.6666666666666667,1.5,1.9,131252.49171440568,True,10493291.311272748,0.0
1731,2026-08-24 01:05:00,ATOMUSDT,TREND,SELL,1.578,1.5464,TP,151,6995527.540848498,0.6666666666666666,1.5,1.9,132915.02327612147,True,10626206.33454887,0.0
1732,2026-08-24 01:40:00,ARBUSDT,TREND,SELL,0.0992,0.0972,TP,145,5854659.137492491,0.5509641873278237,1.815,1.9,111238.52361235733,True,10737444.858161228,0.0
1733,2026-08-24 01:50:00,SEIUSDT,TREND,SELL,0.0468,0.0479,REVERSE_SIGNAL,132,4366590.019585696,0.40666937779585194,2.459,-2.537,-110780.3887968891,False,10626664.46936434,1.0317202114680688
1734,2026-08-24 01:55:00,ADAUSDT,TREND,SELL,0.2183,0.2259,SL,131,2864330.0456507653,0.2695417789757412,3.71,-3.6,-103115.88164342756,False,10523548.587720912,1.992059314537381
1735,2026-08-24 01:55:00,OPUSDT,TREND,SELL,0.1088,0.1066,TP,185,5020776.997958451,0.4770992366412214,2.096,1.9,95394.76296121055,True,10618943.350682123,1.1036285545069457
1736,2026-08-24 02:05:00,DOGEUSDT,TREND,SELL,0.0911,0.0892,TP,183,4149645.701712435,0.3907776475185619,2.559,1.9,78843.26833253626,True,10697786.619014658,0.3693452182567125
1737,2026-08-24 02:05:00,TIAUSDT,TREND,SELL,0.3707,0.3633,TP,139,4005161.594539371,0.3743916136278548,2.671,1.9,76098.07029624804,True,10773884.689310906,0.0
1738,2026-08-24 02:10:00,FILUSDT,TREND,SELL,0.7574,0.7423,TP,75,7097420.743946578,0.6587615283267457,1.518,1.9,134850.994134985,True,10908735.683445891,0.0
1739,2026-08-24 03:15:00,FETUSDT,TREND,SELL,0.1625,0.1682,SL,102,3109673.798017643,0.28506271379703535,3.508,-3.6,-111948.25672863516,False,10796787.426717257,1.0262257696693189
1740,2026-08-24 03:45:00,LINKUSDT,TREND,SELL,11.364,11.724,REVERSE_SIGNAL,94,3351998.580166798,0.3104625892579944,3.221,-3.268,-109543.31359985097,False,10687244.113117406,2.0304055094542326
1741,2026-08-24 12:30:00,FETUSDT,TREND,BUY,0.1689,0.1723,TP,3,7124829.408744939,0.6666666666666667,1.5,1.9,135371.75876615383,True,10822615.87188356,0.7894573125739861
1742,2026-08-24 12:35:00,SOLUSDT,TREND,BUY,95.99,97.9098,TP,119,5936706.457423786,0.5485463521667582,1.823,1.9,112797.42269105192,True,10935413.294574613,0.0
1743,2026-08-24 13:00:00,ADAUSDT,TREND,BUY,0.2256,0.2177,SL,54,2937258.4728913815,0.26860059092130006,3.723,-3.6,-105741.30502408974,False,10829671.989550523,0.9669621273166762
1744,2026-08-24 13:05:00,XRPUSDT,TREND,BUY,1.5174,1.4643,SL,52,3031823.065383685,0.2799552071668533,3.572,-3.6,-109145.63035381267,False,10720526.359196711,1.9650554541410272
1745,2026-08-24 14:50:00,RENDERUSDT,TREND,BUY,1.505,1.5351,TP,6,7147017.572797808,0.6666666666666667,1.5,1.9,135793.33388315834,True,10856319.69307987,0.7232794898934755
1746,2026-08-24 15:25:00,FILUSDT,TREND,BUY,0.7705,0.765,REVERSE_SIGNAL,139,3386250.6840548567,0.3119151590767311,3.206,-0.814,-27564.080568206533,False,10828755.612511663,0.9753420304275657
1747,2026-08-24 18:15:00,NEARUSDT,FADE,BUY,1.9351,1.9738,TP,67,7219170.40834111,0.6666666666666667,1.5,1.93,139329.9888809834,True,10968085.601392645,0.0
1748,2026-08-25 01:35:00,DOGEUSDT,TREND,BUY,0.0914,0.092,REVERSE_SIGNAL,16,7312057.067595097,0.6666666666666667,1.5,0.557,40728.15786650469,True,11008813.75925915,0.0
1749,2026-08-25 01:45:00,TIAUSDT,TREND,BUY,0.3765,0.3808,REVERSE_SIGNAL,14,7339209.172839433,0.6666666666666666,1.5,1.042,76474.5595809869,True,11085288.318840137,0.0
1750,2026-08-25 01:50:00,ARBUSDT,TREND,BUY,0.0982,0.0986,REVERSE_SIGNAL,13,7390192.212560091,0.6666666666666666,1.5,0.287,21209.851650047458,True,11106498.170490185,0.0
1751,2026-08-25 02:40:00,SEIUSDT,FADE,SELL,0.048,0.0478,REVERSE_SIGNAL,4,7404332.113660123,0.6666666666666666,1.5,0.284,21028.30320279475,True,11127526.47369298,0.0
