symbol,direction,signal_index,signal_datetime,entry_price,max_roe_pct,max_stoploss_pct,net_pnl_pct,duration_bars,label,total_active_bsl,total_active_ssl,danger_zone_type,n_danger_zones,n_safe_zones,nearest_danger_dist_pct,nearest_safe_dist_pct,has_danger_liq,danger_liq_close,safe_liq_present,liq_ratio,liq_ratio_risky,all_danger_dists
ADAUSDT,SELL,19,2025-10-16 18:15:00,0.6477,8.646,1.22,1.992,194,win,0,0,SSL,0,0,,,False,False,False,,False,[]
ADAUSDT,BUY,213,2025-10-18 18:45:00,0.6348,6.411,2.001,1.008,231,win,1,1,BSL,1,1,0.78,1.785,True,True,True,0.437,True,[0.78]
ADAUSDT,SELL,444,2025-10-21 04:30:00,0.6412,0.733,6.862,-6.472,44,lose,0,2,SSL,2,0,0.546,,True,True,False,,False,"[0.546, 2.766]"
ADAUSDT,BUY,488,2025-10-21 15:30:00,0.6827,0.161,6.65,-6.064,40,lose,0,1,BSL,0,1,,8.676,False,False,True,,False,[]
ADAUSDT,SELL,528,2025-10-22 01:30:00,0.6413,5.738,0.702,-0.078,152,win,1,1,SSL,1,1,2.781,6.448,True,False,True,0.431,True,[2.781]
ADAUSDT,BUY,680,2025-10-23 15:30:00,0.6418,8.024,0.888,3.553,436,win,1,1,BSL,1,1,6.365,1.41,True,False,True,4.514,False,[6.365]
ADAUSDT,SELL,1116,2025-10-28 04:30:00,0.6646,26.362,1.595,17.635,825,win,0,1,SSL,1,0,4.792,,True,False,False,,False,[4.792]
ADAUSDT,BUY,1941,2025-11-05 18:45:00,0.5474,0.183,5.663,-4.147,90,lose,2,1,BSL,2,1,0.664,10.407,True,True,True,0.064,True,"[0.664, 11.326]"
ADAUSDT,SELL,2031,2025-11-06 17:15:00,0.5247,1.048,8.672,-8.005,94,lose,2,2,SSL,2,2,1.563,5.019,True,False,True,0.311,True,"[1.563, 6.531]"
ADAUSDT,BUY,2125,2025-11-07 16:45:00,0.5667,4.606,2.329,-1.094,108,win,1,2,BSL,1,2,7.535,8.858,True,False,True,0.851,True,[7.535]
ADAUSDT,SELL,2233,2025-11-08 19:45:00,0.5605,2.302,3.301,-2.979,84,win,1,2,SSL,2,1,7.85,8.724,True,False,True,0.9,True,"[7.85, 12.501]"
ADAUSDT,BUY,2317,2025-11-09 16:45:00,0.5772,5.128,1.906,-1.213,197,win,1,3,BSL,1,3,5.579,4.721,True,False,True,1.182,False,[5.579]
ADAUSDT,SELL,2514,2025-11-11 18:00:00,0.5702,3.139,1.806,-1.684,80,win,0,3,SSL,3,0,3.551,,True,False,False,,False,"[3.551, 9.418, 13.989]"
ADAUSDT,BUY,2594,2025-11-12 14:00:00,0.5798,0.052,6.106,-6.037,12,lose,0,2,BSL,0,2,,10.918,False,False,True,,False,[]
ADAUSDT,SELL,2606,2025-11-12 17:00:00,0.5448,1.083,4.901,-3.377,77,lose,0,2,SSL,2,0,5.195,,True,False,False,,False,"[5.195, 9.979]"
ADAUSDT,BUY,2683,2025-11-13 12:15:00,0.5632,0.959,6.214,-6.072,22,lose,0,2,BSL,0,2,,8.292,False,False,True,,False,[]
ADAUSDT,SELL,2705,2025-11-13 17:45:00,0.529,26.749,1.002,21.72,943,win,0,2,SSL,2,0,2.363,,True,False,False,,False,"[2.363, 7.29]"
ADAUSDT,BUY,3648,2025-11-23 13:30:00,0.4141,4.781,2.994,-0.652,192,win,3,1,BSL,3,1,0.996,1.928,True,True,True,0.517,True,"[0.996, 7.716, 16.626]"
ADAUSDT,SELL,3840,2025-11-25 13:30:00,0.4114,1.702,5.907,-5.688,117,lose,3,1,SSL,1,3,1.284,6.004,True,True,True,0.214,True,[1.284]
ADAUSDT,BUY,3957,2025-11-26 18:45:00,0.4348,0.943,3.082,-2.438,130,lose,3,1,BSL,3,1,0.299,6.597,True,True,True,0.045,True,"[0.299, 2.587, 11.074]"
ADAUSDT,SELL,4087,2025-11-28 03:15:00,0.4242,12.659,2.994,7.237,418,win,3,1,SSL,1,3,4.263,2.805,True,False,True,1.52,False,[4.263]
ADAUSDT,BUY,4505,2025-12-02 11:45:00,0.3935,15.807,0.229,9.454,279,win,3,1,BSL,3,1,10.826,5.159,True,False,True,2.099,False,"[10.826, 13.355, 22.732]"
ADAUSDT,SELL,4784,2025-12-05 09:30:00,0.4307,5.921,0.975,-0.72,227,win,2,1,SSL,1,2,13.35,2.612,True,False,True,5.111,False,[13.35]
ADAUSDT,BUY,5011,2025-12-07 18:15:00,0.4338,11.503,5.348,3.02,313,win,2,2,BSL,2,2,1.879,5.988,True,False,True,0.314,True,"[1.879, 11.33]"
ADAUSDT,SELL,5324,2025-12-11 00:30:00,0.4469,22.511,0.157,18.17,805,win,0,2,SSL,2,0,8.744,,True,False,False,,False,"[8.744, 16.491]"
ADAUSDT,BUY,6129,2025-12-19 09:45:00,0.3657,4.156,0.273,0.574,163,win,4,1,BSL,4,1,3.678,4.922,True,False,True,0.747,True,"[3.678, 9.47, 11.266, 17.555]"
ADAUSDT,SELL,6292,2025-12-21 02:30:00,0.3678,2.855,2.447,-1.713,138,win,4,1,SSL,1,4,5.465,3.086,True,False,True,1.771,False,[5.465]
ADAUSDT,BUY,6430,2025-12-22 13:00:00,0.3741,2.165,3.234,-2.753,84,win,4,2,BSL,4,2,1.35,5.266,True,True,True,0.256,True,"[1.35, 7.012, 8.768, 14.916]"
ADAUSDT,SELL,6514,2025-12-23 10:00:00,0.3638,6.844,1.374,1.979,302,win,4,2,SSL,2,4,2.584,4.219,True,False,True,0.612,True,"[2.584, 4.426]"
ADAUSDT,BUY,6816,2025-12-26 13:30:00,0.3566,0.337,3.561,-3.477,13,lose,5,1,BSL,5,1,0.692,4.262,True,True,True,0.162,True,"[0.692, 6.324, 12.264, 14.105, 20.555]"
ADAUSDT,SELL,6829,2025-12-26 16:45:00,0.3442,0.029,4.271,-3.719,77,lose,4,1,SSL,1,4,0.813,10.154,True,True,True,0.08,True,[0.813]
ADAUSDT,BUY,6906,2025-12-27 12:00:00,0.357,5.686,0.476,1.793,130,win,4,0,BSL,4,0,6.204,,True,False,False,,False,"[6.204, 12.138, 13.978, 20.42]"
ADAUSDT,SELL,7036,2025-12-28 20:30:00,0.3634,0.413,4.568,-3.632,23,lose,4,0,SSL,0,4,,4.334,False,False,True,,False,[]
ADAUSDT,BUY,7059,2025-12-29 02:15:00,0.3766,2.124,3.956,-3.372,46,win,4,0,BSL,4,0,0.677,,True,True,False,,False,"[0.677, 6.302, 8.046, 14.153]"
ADAUSDT,SELL,7105,2025-12-29 13:45:00,0.3639,9.975,1.539,4.891,295,win,3,0,SSL,0,3,,10.012,False,False,True,,False,[]
ADAUSDT,BUY,7400,2026-01-01 15:30:00,0.3461,26.351,0.202,18.925,531,win,3,1,BSL,3,1,15.67,4.637,True,False,True,3.379,False,"[15.67, 17.567, 24.213]"
ADAUSDT,SELL,7931,2026-01-07 04:15:00,0.4116,6.827,2.745,2.381,474,win,1,3,SSL,3,1,2.709,3.013,True,False,True,0.899,True,"[2.709, 6.754, 19.813]"
ADAUSDT,BUY,8405,2026-01-12 02:45:00,0.4018,0.423,5.077,-4.878,44,lose,2,2,BSL,2,2,0.209,4.48,True,True,True,0.047,True,"[0.209, 5.525]"
ADAUSDT,SELL,8449,2026-01-12 13:45:00,0.3822,0.262,6.306,-6.253,104,lose,2,1,SSL,1,2,13.645,5.348,True,False,True,2.551,False,[13.645]
ADAUSDT,BUY,8553,2026-01-13 15:45:00,0.4061,5.171,1.798,-1.527,143,win,1,2,BSL,1,2,4.408,5.491,True,False,True,0.803,True,[4.408]
ADAUSDT,SELL,8696,2026-01-15 03:30:00,0.3999,5.426,2.701,1.375,193,win,0,2,SSL,2,0,4.026,,True,False,False,,False,"[4.026, 17.467]"
ADAUSDT,BUY,8889,2026-01-17 03:45:00,0.3944,2.485,1.344,-0.659,152,win,0,2,BSL,0,2,,0.811,False,False,True,,False,[]
ADAUSDT,SELL,9041,2026-01-18 17:45:00,0.3918,12.94,1.302,5.972,307,win,0,1,SSL,1,0,15.761,,True,False,False,,False,[15.761]
ADAUSDT,BUY,9348,2026-01-21 22:30:00,0.3684,0.299,4.235,-3.8,160,lose,1,1,BSL,1,1,1.126,10.41,True,True,True,0.108,True,[1.126]
ADAUSDT,SELL,9508,2026-01-23 14:30:00,0.3544,6.179,4.628,0.649,294,win,1,1,SSL,1,1,6.871,5.121,True,False,True,1.342,False,[6.871]
ADAUSDT,BUY,9802,2026-01-26 16:00:00,0.3521,3.635,1.619,-0.568,244,win,1,1,BSL,1,1,2.682,1.448,True,False,True,1.852,False,[2.682]
ADAUSDT,SELL,10046,2026-01-29 05:00:00,0.3501,23.222,0.628,14.196,448,win,0,0,SSL,0,0,,,False,False,False,,False,[]
ADAUSDT,BUY,10494,2026-02-02 21:00:00,0.3004,1.498,6.258,-4.727,170,lose,1,0,BSL,1,0,0.322,,True,True,False,,False,[0.322]
ADAUSDT,SELL,10664,2026-02-04 15:30:00,0.2862,22.991,2.516,3.249,194,win,1,0,SSL,0,1,,5.678,False,False,True,,False,[]
ADAUSDT,BUY,10858,2026-02-06 16:00:00,0.2769,2.6,4.875,-4.767,264,win,1,1,BSL,1,1,9.227,19.538,True,False,True,0.472,True,[9.227]
ADAUSDT,SELL,11122,2026-02-09 10:00:00,0.2637,5.119,3.716,-0.645,289,win,2,1,SSL,1,2,15.51,4.551,True,False,True,3.408,False,[15.51]
ADAUSDT,BUY,11411,2026-02-12 10:15:00,0.2654,13.677,3.052,7.159,309,win,3,2,BSL,3,2,0.367,5.539,True,True,True,0.066,True,"[0.367, 3.881, 13.96]"
ADAUSDT,SELL,11720,2026-02-15 15:30:00,0.2844,6.153,1.793,-1.547,481,win,0,4,SSL,4,0,2.974,,True,False,False,,False,"[2.974, 9.165, 11.85, 21.66]"
ADAUSDT,BUY,12201,2026-02-20 15:45:00,0.2888,1.697,4.709,-4.571,149,lose,0,3,BSL,0,3,,10.549,False,False,True,,False,[]
ADAUSDT,SELL,12350,2026-02-22 05:00:00,0.2756,6.785,0.617,0.726,127,win,0,3,SSL,3,0,6.265,,True,False,False,,False,"[6.265, 9.035, 19.158]"
ADAUSDT,BUY,12477,2026-02-23 12:45:00,0.2736,0.183,4.934,-4.678,29,lose,0,3,BSL,0,3,,5.58,False,False,True,,False,[]
ADAUSDT,SELL,12506,2026-02-23 20:00:00,0.2608,2.837,3.834,-3.758,121,win,0,3,SSL,3,0,0.946,,True,True,False,,False,"[0.946, 3.873, 14.571]"
ADAUSDT,BUY,12627,2026-02-25 02:15:00,0.2706,15.817,3.215,4.693,159,win,0,3,BSL,0,3,,4.533,False,False,True,,False,[]
ADAUSDT,SELL,12786,2026-02-26 18:00:00,0.2833,8.542,4.553,1.836,207,win,0,3,SSL,3,0,8.813,,True,False,False,,False,"[8.813, 11.507, 21.355]"
ADAUSDT,BUY,12993,2026-02-28 21:45:00,0.2781,5.07,2.697,-2.589,89,win,1,3,BSL,1,3,5.645,7.108,True,False,True,0.794,True,[5.645]
ADAUSDT,SELL,13082,2026-03-01 20:00:00,0.2709,0.997,6.423,-6.312,80,lose,1,3,SSL,3,1,4.639,8.453,True,False,True,0.549,True,"[4.639, 7.457, 17.756]"
ADAUSDT,BUY,13162,2026-03-02 16:00:00,0.288,0.174,6.875,-6.597,59,lose,1,3,BSL,1,3,2.014,10.301,True,False,True,0.196,True,[2.014]
ADAUSDT,SELL,13221,2026-03-03 06:45:00,0.269,4.015,1.933,-1.413,126,win,2,3,SSL,3,2,3.965,6.599,True,False,True,0.601,True,"[3.965, 6.803, 17.175]"
ADAUSDT,BUY,13347,2026-03-04 14:15:00,0.2728,4.472,2.896,-1.393,126,win,2,3,BSL,2,3,5.114,5.303,True,False,True,0.964,True,"[5.114, 7.698]"
ADAUSDT,SELL,13473,2026-03-05 21:45:00,0.269,8.699,1.041,3.643,376,win,3,4,SSL,4,3,0.644,0.558,True,True,True,1.156,False,"[0.644, 3.965, 6.803, 17.175]"
ADAUSDT,BUY,13849,2026-03-09 19:45:00,0.2592,5.826,1.813,-0.077,237,win,4,2,BSL,4,2,0.61,3.279,True,True,True,0.186,True,"[0.61, 4.36, 7.202, 13.349]"
ADAUSDT,SELL,14086,2026-03-12 07:00:00,0.259,0.347,5.367,-4.208,70,lose,2,2,SSL,2,2,3.205,7.284,True,False,True,0.44,True,"[3.205, 13.977]"
ADAUSDT,BUY,14156,2026-03-13 00:30:00,0.2699,4.261,2.445,-1.741,91,win,2,3,BSL,2,3,2.952,3.727,True,False,True,0.792,True,"[2.952, 8.855]"
ADAUSDT,SELL,14247,2026-03-13 23:15:00,0.2652,2.715,0.528,-0.038,119,win,1,3,SSL,3,1,2.021,10.784,True,False,True,0.187,True,"[2.021, 5.468, 15.988]"
ADAUSDT,BUY,14366,2026-03-15 05:00:00,0.2653,11.383,1.319,4.109,318,win,1,3,BSL,1,3,10.743,2.058,True,False,True,5.22,False,[10.743]
ADAUSDT,SELL,14684,2026-03-18 12:30:00,0.2762,10.391,0.434,5.865,482,win,0,3,SSL,3,0,5.923,,True,False,False,,False,"[5.923, 9.232, 19.334]"
ADAUSDT,BUY,15166,2026-03-23 13:00:00,0.26,6.462,0.846,0.846,259,win,2,2,BSL,2,2,2.798,3.577,True,False,True,0.782,True,"[2.798, 5.865]"
ADAUSDT,SELL,15425,2026-03-26 05:45:00,0.2622,11.365,0.114,4.31,395,win,1,2,SSL,2,1,4.386,4.977,True,False,True,0.881,True,"[4.386, 15.027]"
ADAUSDT,BUY,15820,2026-03-30 08:30:00,0.2509,0.757,4.583,-4.145,102,lose,2,2,BSL,2,2,1.868,6.669,True,False,True,0.28,True,"[1.868, 9.705]"
ADAUSDT,SELL,15922,2026-03-31 10:00:00,0.2405,2.62,5.904,-5.073,82,win,3,2,SSL,2,3,2.633,3.597,True,False,True,0.732,True,"[2.633, 7.36]"
ADAUSDT,BUY,16004,2026-04-01 06:30:00,0.2527,0.237,6.015,-5.461,85,lose,2,2,BSL,2,2,1.142,7.334,True,True,True,0.156,True,"[1.142, 8.924]"
ADAUSDT,SELL,16089,2026-04-02 03:45:00,0.2389,1.8,2.637,-2.093,114,lose,3,2,SSL,2,3,1.981,4.29,True,False,True,0.462,True,"[1.981, 6.739]"
ADAUSDT,BUY,16203,2026-04-03 08:15:00,0.2439,3.034,0.943,-0.656,188,win,3,2,BSL,3,2,2.153,3.991,True,False,True,0.539,True,"[2.153, 4.791, 12.854]"
ADAUSDT,SELL,16391,2026-04-05 07:15:00,0.2423,1.156,5.943,-5.118,67,lose,3,2,SSL,2,3,3.357,2.827,True,False,True,1.187,False,"[3.357, 8.048]"
ADAUSDT,BUY,16458,2026-04-06 00:00:00,0.2547,2.081,4.005,-3.808,93,win,2,3,BSL,2,3,0.348,4.442,True,True,True,0.078,True,"[0.348, 8.068]"
ADAUSDT,SELL,16551,2026-04-06 23:15:00,0.245,2.163,4.245,-4.041,92,win,1,3,SSL,3,1,0.659,12.347,True,True,True,0.053,True,"[0.659, 4.422, 9.061]"
ADAUSDT,BUY,16643,2026-04-07 22:15:00,0.2549,4.472,1.452,-1.255,89,win,1,3,BSL,1,3,7.984,4.517,True,False,True,1.767,False,[7.984]
ADAUSDT,SELL,16732,2026-04-08 20:30:00,0.2517,1.748,2.463,-2.026,100,lose,2,3,SSL,3,2,3.303,4.966,True,False,True,0.665,True,"[3.303, 6.966, 11.482]"
ADAUSDT,BUY,16832,2026-04-09 21:30:00,0.2568,1.674,2.96,-2.531,139,lose,2,4,BSL,2,4,2.882,2.979,True,False,True,0.967,True,"[2.882, 7.185]"
ADAUSDT,SELL,16971,2026-04-11 08:15:00,0.2503,6.073,2.237,1.199,250,win,3,3,SSL,3,3,2.762,2.817,True,False,True,0.981,True,"[2.762, 6.446, 10.987]"
ADAUSDT,BUY,17221,2026-04-13 22:45:00,0.2473,0.89,3.761,-2.911,134,lose,2,2,BSL,2,2,6.834,5.311,True,False,True,1.287,False,"[6.834, 11.302]"
ADAUSDT,SELL,17355,2026-04-15 08:15:00,0.2401,0.625,3.124,-2.666,44,lose,3,2,SSL,2,3,2.471,4.196,True,False,True,0.589,True,"[2.471, 7.205]"
ADAUSDT,BUY,17399,2026-04-15 19:15:00,0.2465,8.682,1.217,2.515,253,win,3,3,BSL,3,3,1.491,1.353,True,True,True,1.102,False,"[1.491, 7.181, 11.663]"
ADAUSDT,SELL,17652,2026-04-18 10:30:00,0.2527,4.749,0.198,1.345,266,win,1,4,SSL,4,1,1.247,8.924,True,True,True,0.14,True,"[1.247, 3.773, 7.334, 11.832]"
ADAUSDT,BUY,17918,2026-04-21 05:00:00,0.2493,3.289,2.206,-0.923,177,win,2,4,BSL,2,4,0.634,0.435,True,True,True,1.458,False,"[0.634, 10.409]"
ADAUSDT,SELL,18095,2026-04-23 01:15:00,0.247,1.053,1.984,-1.377,150,lose,2,3,SSL,3,2,1.552,3.215,True,False,True,0.483,True,"[1.552, 5.196, 9.798]"
ADAUSDT,BUY,18245,2026-04-24 14:45:00,0.2504,1.358,0.998,-0.719,112,lose,2,4,BSL,2,4,1.813,0.872,True,False,True,2.079,False,"[1.813, 9.924]"
ADAUSDT,SELL,18357,2026-04-25 18:45:00,0.2486,0.121,2.253,-2.212,66,lose,2,4,SSL,4,2,0.154,2.55,True,True,True,0.06,True,"[0.154, 2.186, 5.806, 10.378]"
ADAUSDT,BUY,18423,2026-04-26 11:15:00,0.2541,0.787,3.188,-2.715,80,lose,2,4,BSL,2,4,0.331,2.315,True,True,True,0.143,True,"[0.331, 8.323]"
ADAUSDT,SELL,18503,2026-04-27 07:15:00,0.2472,1.78,1.335,-0.971,193,lose,2,3,SSL,3,2,1.632,3.131,True,False,True,0.521,True,"[1.632, 5.272, 9.871]"
ADAUSDT,BUY,18696,2026-04-29 07:30:00,0.2496,1.763,2.644,-2.324,33,lose,2,3,BSL,2,3,2.139,2.578,True,False,True,0.83,True,"[2.139, 10.276]"
ADAUSDT,SELL,18729,2026-04-29 15:45:00,0.2438,2.338,2.666,-2.297,145,win,3,3,SSL,3,3,0.26,2.21,True,True,True,0.118,True,"[0.26, 3.951, 8.614]"
ADAUSDT,BUY,18874,2026-05-01 04:00:00,0.2494,9.743,1.083,4.651,650,win,2,3,BSL,2,3,2.221,2.5,True,False,True,0.889,True,"[2.221, 10.365]"
ADAUSDT,SELL,19524,2026-05-07 22:30:00,0.261,0.421,3.985,-3.793,75,lose,1,5,SSL,5,1,1.341,5.46,True,True,True,0.246,True,"[1.341, 4.928, 6.833, 10.281, 14.636]"
ADAUSDT,BUY,19599,2026-05-08 17:15:00,0.2709,2.879,0.849,-0.48,146,win,1,6,BSL,1,6,1.606,2.412,True,False,True,0.666,True,[1.606]
ADAUSDT,SELL,19745,2026-05-10 05:45:00,0.2696,0.519,2.856,-2.782,39,lose,0,6,SSL,6,0,1.941,,True,False,False,,False,"[1.941, 4.488, 7.961, 9.805, 13.143, 17.359]"
ADAUSDT,BUY,19784,2026-05-10 15:30:00,0.2771,4.15,1.155,-0.938,166,win,0,7,BSL,0,7,,2.003,False,False,True,,False,[]
ADAUSDT,SELL,19950,2026-05-12 09:00:00,0.2745,4.918,1.166,1.093,221,win,0,6,SSL,6,0,3.692,,True,False,False,,False,"[3.692, 6.193, 9.603, 11.415, 14.693, 18.834]"
ADAUSDT,BUY,20171,2026-05-14 16:15:00,0.2715,3.241,4.088,-3.978,85,win,1,5,BSL,1,5,2.762,5.157,True,False,True,0.536,True,[2.762]
ADAUSDT,SELL,20256,2026-05-15 13:30:00,0.2607,6.022,0.69,3.567,636,win,0,5,SSL,5,0,1.227,,True,True,False,,False,"[1.227, 4.818, 6.726, 10.178, 14.538]"
ADAUSDT,BUY,20892,2026-05-22 04:30:00,0.2514,1.233,3.699,-3.302,60,lose,2,4,BSL,2,4,0.688,1.297,True,True,True,0.53,True,"[0.688, 3.315]"
ADAUSDT,SELL,20952,2026-05-22 19:30:00,0.2431,3.044,2.509,-2.304,100,win,1,2,SSL,2,1,3.675,6.842,True,False,True,0.537,True,"[3.675, 8.35]"
ADAUSDT,BUY,21052,2026-05-23 20:30:00,0.2487,0.844,3.177,-2.774,97,lose,1,3,BSL,1,3,4.436,2.225,True,False,True,1.994,False,[4.436]
ADAUSDT,SELL,21149,2026-05-24 20:45:00,0.2418,1.447,2.233,-1.696,78,lose,2,2,SSL,2,2,3.157,2.605,True,False,True,1.212,False,"[3.157, 7.858]"
ADAUSDT,BUY,21227,2026-05-25 16:15:00,0.2459,0.732,2.521,-2.115,38,lose,2,3,BSL,2,3,0.895,1.112,True,True,True,0.805,True,"[0.895, 5.626]"
ADAUSDT,SELL,21265,2026-05-26 01:45:00,0.2407,5.359,2.742,0.956,388,win,2,2,SSL,2,2,2.714,3.074,True,False,True,0.883,True,"[2.714, 7.437]"
ADAUSDT,BUY,21653,2026-05-30 02:45:00,0.2384,0.419,2.643,-2.391,151,lose,2,2,BSL,2,2,0.384,1.776,True,True,True,0.216,True,"[0.384, 8.949]"
ADAUSDT,SELL,21804,2026-05-31 16:30:00,0.2327,36.184,2.063,28.749,643,win,2,1,SSL,1,2,4.254,2.842,True,False,True,1.497,False,[4.254]
ADAUSDT,BUY,22447,2026-06-07 09:15:00,0.1658,5.187,4.765,-2.232,266,win,1,2,BSL,1,2,56.655,4.384,True,False,True,12.922,False,[56.655]
ADAUSDT,SELL,22713,2026-06-10 03:45:00,0.1621,2.468,5.182,-5.182,152,win,2,2,SSL,2,2,2.202,6.863,True,False,True,0.321,True,"[2.202, 8.174]"
ADAUSDT,BUY,22865,2026-06-11 17:45:00,0.1705,3.05,2.111,-1.994,270,win,2,3,BSL,2,3,1.598,2.698,True,False,True,0.592,True,"[1.598, 52.336]"
ADAUSDT,SELL,23135,2026-06-14 13:15:00,0.1671,1.137,5.326,-4.967,36,lose,1,3,SSL,3,1,0.718,55.436,True,True,True,0.013,True,"[0.718, 5.128, 10.922]"
ADAUSDT,BUY,23171,2026-06-14 22:15:00,0.1754,8.267,0.912,0.114,112,win,1,3,BSL,1,3,48.081,5.416,True,False,True,8.877,False,[48.081]
ADAUSDT,SELL,23283,2026-06-16 02:15:00,0.1756,20.615,3.303,14.522,879,win,1,4,SSL,4,1,1.538,47.912,True,False,True,0.032,True,"[1.538, 5.524, 9.721, 15.233]"
ADAUSDT,BUY,24162,2026-06-25 06:00:00,0.1501,0.2,7.995,-4.93,34,lose,4,1,BSL,4,1,0.133,5.983,True,True,True,0.022,True,"[0.133, 7.106, 21.419, 73.04]"
ADAUSDT,SELL,24196,2026-06-25 14:30:00,0.1427,3.083,5.046,-4.135,107,win,4,1,SSL,1,4,1.107,5.326,True,True,True,0.208,True,[1.107]
ADAUSDT,BUY,24303,2026-06-26 17:15:00,0.1486,0.673,2.894,-2.624,115,lose,4,1,BSL,4,1,1.144,5.034,True,True,True,0.227,True,"[1.144, 8.188, 22.645, 74.787]"
ADAUSDT,SELL,24418,2026-06-27 22:00:00,0.1447,2.557,2.833,-1.313,194,win,4,1,SSL,1,4,2.474,3.87,True,False,True,0.639,True,[2.474]
ADAUSDT,BUY,24612,2026-06-29 22:30:00,0.1466,0.0,3.138,-3.07,57,lose,3,1,BSL,3,1,9.663,3.738,True,False,True,2.585,False,"[9.663, 24.318, 77.171]"
ADAUSDT,SELL,24669,2026-06-30 12:45:00,0.1421,0.211,7.671,-7.108,62,lose,4,1,SSL,1,4,0.69,2.885,True,True,True,0.239,True,[0.69]
ADAUSDT,BUY,24731,2026-07-01 04:15:00,0.1522,31.34,2.365,20.894,489,win,3,0,BSL,3,0,5.629,,True,False,False,,False,"[5.629, 19.744, 70.653]"
ADAUSDT,SELL,25220,2026-07-06 06:30:00,0.184,10.489,1.685,6.467,516,win,3,2,SSL,2,3,4.103,3.587,True,False,True,1.144,False,"[4.103, 15.924]"
ADAUSDT,BUY,25736,2026-07-11 15:30:00,0.1721,0.581,5.404,-5.171,36,lose,3,2,BSL,3,2,10.75,4.118,True,False,True,2.61,False,"[10.75, 15.026, 50.92]"
ADAUSDT,SELL,25772,2026-07-12 00:30:00,0.1632,4.841,1.961,-0.306,245,win,4,1,SSL,1,4,5.208,3.226,True,False,True,1.615,False,[5.208]
ADAUSDT,BUY,26017,2026-07-14 13:45:00,0.1637,3.421,1.71,-1.1,177,win,4,1,BSL,4,1,2.911,5.498,True,False,True,0.529,True,"[2.911, 16.432, 20.929, 58.664]"
ADAUSDT,SELL,26194,2026-07-16 10:00:00,0.1619,2.656,3.15,-2.409,125,win,4,1,SSL,1,4,4.447,4.055,True,False,True,1.097,False,[4.447]
ADAUSDT,BUY,26319,2026-07-17 17:15:00,0.1658,2.051,2.654,-2.533,244,win,4,2,BSL,4,2,1.607,1.723,True,False,True,0.933,True,"[1.607, 14.958, 19.397, 56.655]"
ADAUSDT,SELL,26563,2026-07-20 06:15:00,0.1616,0.681,5.569,-4.146,49,lose,3,1,SSL,1,3,4.27,17.946,True,False,True,0.238,True,[4.27]
ADAUSDT,BUY,26612,2026-07-20 18:30:00,0.1683,7.427,0.713,0.891,275,win,3,2,BSL,3,2,13.25,3.183,True,False,True,4.163,False,"[13.25, 17.623, 54.328]"
ADAUSDT,SELL,26887,2026-07-23 15:15:00,0.1698,5.006,0.471,2.532,202,win,4,2,SSL,2,4,4.038,3.938,True,False,True,1.025,False,"[4.038, 8.893]"
ADAUSDT,BUY,27089,2026-07-25 17:45:00,0.1655,1.027,4.713,-3.988,181,lose,5,2,BSL,5,2,0.748,1.545,True,True,True,0.484,True,"[0.748, 6.639, 15.166, 19.613, 56.939]"
ADAUSDT,SELL,27270,2026-07-27 15:00:00,0.1589,3.587,2.832,-2.077,126,win,5,1,SSL,1,5,2.643,4.932,True,False,True,0.536,True,[2.643]
ADAUSDT,BUY,27396,2026-07-28 22:30:00,0.1622,22.996,1.171,15.66,792,win,5,0,BSL,5,0,2.797,,True,False,False,,False,"[2.797, 8.809, 17.509, 22.047, 60.132]"
ADAUSDT,SELL,28188,2026-08-06 04:30:00,0.1876,0.32,8.369,-6.716,41,lose,1,2,SSL,2,1,3.151,38.451,True,False,True,0.082,True,"[3.151, 9.633]"
ADAUSDT,BUY,28229,2026-08-06 14:45:00,0.2002,5.744,2.348,-1.798,269,win,1,2,BSL,1,2,29.737,9.246,True,False,True,3.216,False,[29.737]
ADAUSDT,SELL,28498,2026-08-09 10:00:00,0.1966,12.97,1.424,7.681,982,win,2,2,SSL,2,2,7.584,2.362,True,False,True,3.212,False,"[7.584, 13.77]"
ADAUSDT,BUY,29480,2026-08-19 15:30:00,0.1815,42.59,2.094,19.284,344,win,2,0,BSL,2,0,4.146,,True,False,False,,False,"[4.146, 43.104]"
ADAUSDT,SELL,29824,2026-08-23 05:30:00,0.2165,1.293,6.513,-3.418,175,lose,1,1,SSL,1,1,0.385,7.367,True,True,True,0.052,True,[0.385]
AVAXUSDT,SELL,12,2025-10-16 16:30:00,21.035,9.627,2.239,4.093,244,win,0,0,SSL,0,0,,,False,False,False,,False,[]
AVAXUSDT,BUY,256,2025-10-19 05:30:00,20.174,5.086,2.166,0.461,170,win,1,2,BSL,1,2,5.217,1.62,True,False,True,3.221,False,[5.217]
AVAXUSDT,SELL,426,2025-10-21 00:00:00,20.267,3.997,2.842,-2.472,61,win,0,1,SSL,1,0,6.111,,True,False,False,,False,[6.111]
AVAXUSDT,BUY,487,2025-10-21 15:15:00,20.768,0.347,6.736,-6.26,37,lose,0,1,BSL,0,1,,8.376,False,False,True,,False,[]
AVAXUSDT,SELL,524,2025-10-22 00:30:00,19.468,5.553,1.264,-0.349,128,win,0,1,SSL,1,0,2.258,,True,False,False,,False,[2.258]
AVAXUSDT,BUY,652,2025-10-23 08:30:00,19.536,1.044,2.846,-2.472,60,lose,1,0,BSL,1,0,0.768,,True,True,False,,False,[0.768]
AVAXUSDT,SELL,712,2025-10-23 23:30:00,19.053,0.226,3.133,-2.63,31,lose,0,0,SSL,0,0,,,False,False,False,,False,[]
AVAXUSDT,BUY,743,2025-10-24 07:15:00,19.554,7.819,2.24,3.196,402,win,0,1,BSL,0,1,,2.479,False,False,True,,False,[]
AVAXUSDT,SELL,1145,2025-10-28 11:45:00,20.179,13.197,1.472,7.939,378,win,0,1,SSL,1,0,5.499,,True,False,False,,False,[5.499]
AVAXUSDT,BUY,1523,2025-11-01 10:15:00,18.577,2.277,2.132,-1.69,118,win,1,0,BSL,1,0,0.396,,True,True,False,,False,[0.396]
AVAXUSDT,SELL,1641,2025-11-02 15:45:00,18.263,18.009,3.526,7.381,300,win,1,0,SSL,0,1,,3.781,False,False,True,,False,[]
AVAXUSDT,BUY,1941,2025-11-05 18:45:00,16.915,0.053,5.439,-5.208,81,lose,1,1,BSL,1,1,0.29,11.585,True,True,True,0.025,True,[0.29]
AVAXUSDT,SELL,2022,2025-11-06 15:00:00,16.034,2.782,5.582,-5.463,67,win,1,1,SSL,1,1,6.727,5.8,True,False,True,1.16,False,[6.727]
AVAXUSDT,BUY,2089,2025-11-07 07:45:00,16.91,8.829,4.926,-0.03,172,win,1,2,BSL,1,2,0.319,7.357,True,True,True,0.043,True,[0.319]
AVAXUSDT,SELL,2261,2025-11-09 02:45:00,16.905,0.68,5.732,-5.099,47,lose,1,2,SSL,2,1,7.329,8.639,True,False,True,0.848,True,"[7.329, 11.533]"
AVAXUSDT,BUY,2308,2025-11-09 14:30:00,17.767,4.683,2.899,-2.431,210,win,1,3,BSL,1,3,3.369,5.189,True,False,True,0.649,True,[3.369]
AVAXUSDT,SELL,2518,2025-11-11 19:00:00,17.335,4.13,2.452,-1.309,145,win,1,3,SSL,3,1,2.827,2.798,True,False,True,1.01,False,"[2.827, 9.628, 13.728]"
AVAXUSDT,BUY,2663,2025-11-13 07:15:00,17.562,0.216,7.562,-7.334,43,lose,0,2,BSL,0,2,,10.796,False,False,True,,False,[]
AVAXUSDT,SELL,2706,2025-11-13 18:00:00,16.274,24.727,0.363,17.039,1004,win,0,2,SSL,2,0,3.736,,True,False,False,,False,"[3.736, 8.103]"
AVAXUSDT,BUY,3710,2025-11-24 05:00:00,13.501,13.006,1.874,9.807,469,win,2,1,BSL,2,1,3.777,2.536,True,False,True,1.489,False,"[3.777, 10.818]"
AVAXUSDT,SELL,4179,2025-11-29 02:15:00,14.825,15.386,0.513,9.342,340,win,1,1,SSL,1,1,6.024,2.202,True,False,True,2.735,False,[6.024]
AVAXUSDT,BUY,4519,2025-12-02 15:15:00,13.44,12.173,0.0,7.039,212,win,2,2,BSL,2,2,6.551,4.405,True,False,True,1.487,False,"[6.551, 12.734]"
AVAXUSDT,SELL,4731,2025-12-04 20:15:00,14.386,10.329,0.918,4.31,282,win,1,2,SSL,2,1,10.691,2.986,True,False,True,3.58,False,"[10.691, 12.262]"
AVAXUSDT,BUY,5013,2025-12-07 18:45:00,13.766,7.664,3.69,1.569,310,win,2,2,BSL,2,2,0.438,6.669,True,True,True,0.066,True,"[0.438, 7.624]"
AVAXUSDT,SELL,5323,2025-12-11 00:15:00,13.982,7.953,0.007,2.546,134,win,2,2,SSL,2,2,8.11,4.352,True,False,True,1.864,False,"[8.11, 9.727]"
AVAXUSDT,BUY,5457,2025-12-12 09:45:00,13.626,0.352,6.113,-4.822,26,lose,3,2,BSL,3,2,1.435,5.71,True,True,True,0.251,True,"[1.435, 7.078, 8.73]"
AVAXUSDT,SELL,5483,2025-12-12 16:15:00,12.969,1.373,3.778,-3.316,67,lose,3,2,SSL,2,3,0.933,6.573,True,True,True,0.142,True,"[0.933, 2.676]"
AVAXUSDT,BUY,5550,2025-12-13 09:00:00,13.399,0.455,2.358,-2.112,100,lose,3,1,BSL,3,1,3.153,5.799,True,False,True,0.544,True,"[3.153, 8.892, 10.572]"
AVAXUSDT,SELL,5650,2025-12-14 10:00:00,13.116,14.143,1.815,9.02,478,win,4,1,SSL,1,4,3.766,2.219,True,False,True,1.698,False,[3.766]
AVAXUSDT,BUY,6128,2025-12-19 09:30:00,11.933,4.408,0.142,1.542,185,win,5,1,BSL,5,1,3.662,5.791,True,False,True,0.632,True,"[3.662, 5.502, 15.826, 22.27, 24.156]"
AVAXUSDT,SELL,6313,2025-12-21 07:45:00,12.117,1.428,2.682,-2.03,115,lose,5,1,SSL,1,5,7.221,2.088,True,False,True,3.458,False,[7.221]
AVAXUSDT,BUY,6428,2025-12-22 12:30:00,12.363,1.456,4.554,-3.486,105,lose,5,2,BSL,5,2,0.057,3.271,True,True,True,0.017,True,"[0.057, 1.832, 11.797, 18.017, 19.838]"
AVAXUSDT,SELL,6533,2025-12-23 14:45:00,11.932,0.511,3.771,-2.363,166,lose,5,1,SSL,1,5,5.783,3.514,True,False,True,1.645,False,[5.783]
AVAXUSDT,BUY,6699,2025-12-25 08:15:00,12.214,2.751,1.621,-1.416,64,win,4,2,BSL,4,2,3.074,2.09,True,False,True,1.471,False,"[3.074, 13.161, 19.457, 21.3]"
AVAXUSDT,SELL,6763,2025-12-26 00:15:00,12.041,0.208,4.75,-4.119,16,lose,4,2,SSL,2,4,0.684,4.555,True,True,True,0.15,True,"[0.684, 6.636]"
AVAXUSDT,BUY,6779,2025-12-26 04:15:00,12.537,0.295,3.254,-2.257,48,lose,3,2,BSL,3,2,10.246,4.613,True,False,True,2.221,False,"[10.246, 16.38, 18.175]"
AVAXUSDT,SELL,6827,2025-12-26 16:15:00,12.254,0.816,1.959,-1.861,83,lose,3,3,SSL,3,3,0.612,12.792,True,True,True,0.048,True,"[0.612, 2.41, 8.259]"
AVAXUSDT,BUY,6910,2025-12-27 13:00:00,12.482,3.349,0.401,0.561,126,win,3,4,BSL,3,4,10.731,0.427,True,False,True,25.116,False,"[10.731, 16.892, 18.695]"
AVAXUSDT,SELL,7036,2025-12-28 20:30:00,12.552,0.239,3.258,-2.478,25,lose,3,4,SSL,4,3,0.983,10.114,True,True,True,0.097,True,"[0.983, 2.972, 4.727, 10.437]"
AVAXUSDT,BUY,7061,2025-12-29 02:45:00,12.863,2.604,3.265,-2.293,39,win,3,4,BSL,3,4,7.452,3.377,True,False,True,2.207,False,"[7.452, 13.43, 15.18]"
AVAXUSDT,SELL,7100,2025-12-29 12:30:00,12.568,3.016,1.321,0.366,301,win,3,4,SSL,4,3,1.109,9.974,True,True,True,0.111,True,"[1.109, 3.095, 4.848, 10.551]"
AVAXUSDT,BUY,7401,2026-01-01 15:45:00,12.522,18.456,0.232,12.682,573,win,3,2,BSL,3,2,10.378,4.499,True,False,True,2.307,False,"[10.378, 16.519, 18.316]"
AVAXUSDT,SELL,7974,2026-01-07 15:00:00,14.11,3.756,0.907,1.588,401,win,1,5,SSL,5,1,1.384,5.001,True,True,True,0.277,True,"[1.384, 3.176, 6.953, 15.247, 20.326]"
AVAXUSDT,BUY,8375,2026-01-11 19:15:00,13.886,2.369,3.003,-1.844,64,win,2,3,BSL,2,3,2.437,5.452,True,False,True,0.447,True,"[2.437, 6.694]"
AVAXUSDT,SELL,8439,2026-01-12 11:15:00,13.63,1.959,3.39,-3.206,109,lose,1,4,SSL,4,1,1.135,8.698,True,True,True,0.131,True,"[1.135, 3.676, 12.262, 17.52]"
AVAXUSDT,BUY,8548,2026-01-13 14:30:00,14.067,6.242,1.173,0.491,148,win,1,4,BSL,1,4,5.321,4.207,True,False,True,1.265,False,[5.321]
AVAXUSDT,SELL,8696,2026-01-15 03:30:00,14.136,6.812,2.37,1.91,236,win,0,4,SSL,4,0,4.674,,True,False,False,,False,"[4.674, 7.124, 15.403, 20.473]"
AVAXUSDT,BUY,8932,2026-01-17 14:30:00,13.866,0.426,2.178,-2.135,83,lose,0,3,BSL,0,3,,2.694,False,False,True,,False,[]
AVAXUSDT,SELL,9015,2026-01-18 11:15:00,13.57,12.587,1.356,7.59,332,win,1,3,SSL,3,1,0.571,2.119,True,True,True,0.27,True,"[0.571, 11.874, 17.155]"
AVAXUSDT,BUY,9347,2026-01-21 22:15:00,12.54,0.606,4.035,-3.939,68,lose,0,2,BSL,0,2,,4.636,False,False,True,,False,[]
AVAXUSDT,SELL,9415,2026-01-22 15:15:00,12.046,6.832,3.669,2.001,435,win,0,2,SSL,2,0,0.725,,True,True,False,,False,"[0.725, 6.674]"
AVAXUSDT,BUY,9850,2026-01-27 04:00:00,11.805,4.049,1.965,-0.093,196,win,2,1,BSL,2,1,2.781,1.804,True,False,True,1.541,False,"[2.781, 4.479]"
AVAXUSDT,SELL,10046,2026-01-29 05:00:00,11.794,36.12,0.56,21.596,814,win,0,0,SSL,0,0,,,False,False,False,,False,[]
AVAXUSDT,BUY,10860,2026-02-06 16:30:00,9.247,2.347,4.261,-3.58,257,win,2,1,BSL,2,1,5.007,18.682,True,False,True,0.268,True,"[5.007, 10.91]"
AVAXUSDT,SELL,11117,2026-02-09 08:45:00,8.916,5.462,3.017,0.606,291,win,3,1,SSL,1,3,15.663,3.679,True,False,True,4.258,False,[15.663]
AVAXUSDT,BUY,11408,2026-02-12 09:30:00,8.862,9.964,2.844,4.378,321,win,4,2,BSL,4,2,0.638,4.721,True,True,True,0.135,True,"[0.638, 4.311, 9.569, 15.728]"
AVAXUSDT,SELL,11729,2026-02-15 17:45:00,9.25,6.454,1.784,0.962,438,win,1,4,SSL,4,1,1.825,10.874,True,False,True,0.168,True,"[1.825, 6.328, 8.717, 18.708]"
AVAXUSDT,BUY,12167,2026-02-20 07:15:00,9.161,3.144,2.609,-1.124,166,win,2,3,BSL,2,3,1.804,2.999,True,False,True,0.601,True,"[1.804, 11.951]"
AVAXUSDT,SELL,12333,2026-02-22 00:45:00,9.058,9.77,0.431,4.184,294,win,1,3,SSL,3,1,1.896,13.224,True,False,True,0.143,True,"[1.896, 6.782, 16.985]"
AVAXUSDT,BUY,12627,2026-02-25 02:15:00,8.679,13.389,3.111,5.335,156,win,1,1,BSL,1,1,18.168,13.36,True,False,True,1.36,False,[18.168]
AVAXUSDT,SELL,12783,2026-02-26 17:15:00,9.142,7.832,3.708,-0.033,206,win,2,1,SSL,1,2,17.748,7.572,True,False,True,2.344,False,[17.748]
AVAXUSDT,BUY,12989,2026-02-28 20:45:00,9.145,3.084,3.357,-3.007,97,win,3,2,BSL,3,2,3.108,7.674,True,False,True,0.405,True,"[3.108, 7.536, 12.147]"
AVAXUSDT,SELL,13086,2026-03-01 21:00:00,8.87,0.124,5.953,-4.961,75,lose,3,3,SSL,3,3,0.126,6.305,True,True,True,0.02,True,"[0.126, 4.811, 15.225]"
AVAXUSDT,BUY,13161,2026-03-02 15:45:00,9.31,1.794,4.006,-3.233,80,lose,3,3,BSL,3,3,1.281,4.846,True,True,True,0.264,True,"[1.281, 5.631, 10.159]"
AVAXUSDT,SELL,13241,2026-03-03 11:45:00,9.009,1.31,5.45,-4.962,87,lose,3,3,SSL,3,3,1.667,4.665,True,False,True,0.357,True,"[1.667, 6.28, 16.533]"
AVAXUSDT,BUY,13328,2026-03-04 09:30:00,9.456,3.437,3.099,-2.591,203,win,2,3,BSL,2,3,4.0,6.315,True,False,True,0.633,True,"[4.0, 8.458]"
AVAXUSDT,SELL,13531,2026-03-06 12:15:00,9.211,5.841,0.847,0.63,265,win,3,3,SSL,3,3,3.823,3.447,True,False,True,1.109,False,"[3.823, 8.335, 18.364]"
AVAXUSDT,BUY,13796,2026-03-09 06:30:00,9.153,12.313,1.573,6.173,452,win,3,3,BSL,3,3,4.102,3.214,True,False,True,1.276,False,"[4.102, 7.442, 12.049]"
AVAXUSDT,SELL,14248,2026-03-13 23:30:00,9.718,2.109,0.576,-0.247,106,win,0,5,SSL,5,0,2.687,,True,False,False,,False,"[2.687, 4.452, 8.841, 13.117, 22.623]"
AVAXUSDT,BUY,14354,2026-03-15 02:00:00,9.742,8.222,0.862,2.361,327,win,0,5,BSL,0,5,,2.927,False,False,True,,False,[]
AVAXUSDT,SELL,14681,2026-03-18 11:45:00,9.972,11.081,0.0,5.455,482,win,2,5,SSL,5,2,5.166,3.314,True,False,True,1.559,False,"[5.166, 6.886, 11.163, 15.33, 24.594]"
AVAXUSDT,BUY,15163,2026-03-23 12:15:00,9.428,3.861,0.827,0.159,263,win,3,3,BSL,3,3,2.812,6.037,True,False,True,0.466,True,"[2.812, 9.276, 11.105]"
AVAXUSDT,SELL,15426,2026-03-26 06:00:00,9.443,8.313,0.085,5.634,242,win,3,3,SSL,3,3,6.186,2.649,True,False,True,2.335,False,"[6.186, 10.587, 20.37]"
AVAXUSDT,BUY,15668,2026-03-28 18:30:00,8.911,0.045,2.211,-1.268,35,lose,4,2,BSL,4,2,1.804,5.249,True,False,True,0.344,True,"[1.804, 8.777, 15.616, 17.551]"
AVAXUSDT,SELL,15703,2026-03-29 03:15:00,8.798,4.922,1.421,-1.318,114,win,4,2,SSL,2,4,4.032,3.112,True,False,True,1.296,False,"[4.032, 14.532]"
AVAXUSDT,BUY,15817,2026-03-30 07:45:00,8.914,1.851,2.535,-1.772,109,lose,4,2,BSL,4,2,1.77,5.281,True,False,True,0.335,True,"[1.77, 8.741, 15.577, 17.512]"
AVAXUSDT,SELL,15926,2026-03-31 11:00:00,8.756,0.514,4.089,-3.712,75,lose,3,3,SSL,3,3,0.234,10.703,True,True,True,0.022,True,"[0.234, 3.572, 14.122]"
AVAXUSDT,BUY,16001,2026-04-01 05:45:00,9.081,4.394,3.469,-3.447,83,win,3,3,BSL,3,3,6.741,3.805,True,False,True,1.772,False,"[6.741, 13.451, 15.351]"
AVAXUSDT,SELL,16084,2026-04-02 02:30:00,8.768,1.779,2.042,-1.437,120,lose,3,3,SSL,3,3,0.371,10.551,True,True,True,0.035,True,"[0.371, 3.704, 14.239]"
AVAXUSDT,BUY,16204,2026-04-03 08:30:00,8.894,2.811,1.237,-0.888,186,win,3,3,BSL,3,3,8.985,1.782,True,False,True,5.042,False,"[8.985, 15.837, 17.776]"
AVAXUSDT,SELL,16390,2026-04-05 07:00:00,8.815,0.839,4.277,-4.197,68,lose,3,3,SSL,3,3,0.902,9.962,True,True,True,0.091,True,"[0.902, 4.217, 14.697]"
AVAXUSDT,BUY,16458,2026-04-06 00:00:00,9.185,5.204,3.473,-3.07,92,win,3,2,BSL,3,2,5.532,8.076,True,False,True,0.685,True,"[5.532, 12.167, 14.045]"
AVAXUSDT,SELL,16550,2026-04-06 23:00:00,8.903,4.976,2.853,-2.729,92,win,3,2,SSL,2,3,5.164,8.875,True,False,True,0.582,True,"[5.164, 15.54]"
AVAXUSDT,BUY,16642,2026-04-07 22:00:00,9.146,5.172,1.848,-1.826,105,win,3,1,BSL,3,1,5.982,17.784,True,False,True,0.336,True,"[5.982, 12.645, 14.531]"
AVAXUSDT,SELL,16747,2026-04-09 00:15:00,8.979,0.791,4.555,-3.419,66,lose,3,1,SSL,1,3,16.255,7.953,True,False,True,2.044,False,[16.255]
AVAXUSDT,BUY,16813,2026-04-09 16:45:00,9.286,4.458,0.657,-0.032,162,win,3,2,BSL,3,2,4.384,3.155,True,False,True,1.39,False,"[4.384, 10.947, 12.804]"
AVAXUSDT,SELL,16975,2026-04-11 09:15:00,9.283,1.066,2.542,-2.208,38,lose,3,3,SSL,3,3,0.571,4.418,True,True,True,0.129,True,"[0.571, 3.123, 18.997]"
AVAXUSDT,BUY,17013,2026-04-11 18:45:00,9.488,1.286,4.933,-4.226,30,lose,3,2,BSL,3,2,2.162,5.217,True,False,True,0.414,True,"[2.162, 8.585, 10.403]"
AVAXUSDT,SELL,17043,2026-04-12 02:15:00,9.087,1.794,3.301,-2.685,157,lose,3,2,SSL,2,3,1.034,6.67,True,True,True,0.155,True,"[1.034, 17.25]"
AVAXUSDT,BUY,17200,2026-04-13 17:30:00,9.331,7.234,1.704,0.975,452,win,3,2,BSL,3,2,3.881,3.622,True,False,True,1.072,False,"[3.881, 10.412, 12.26]"
AVAXUSDT,SELL,17652,2026-04-18 10:30:00,9.422,4.893,0.212,1.284,228,win,3,2,SSL,2,3,4.553,6.587,True,False,True,0.691,True,"[4.553, 20.192]"
AVAXUSDT,BUY,17880,2026-04-20 19:30:00,9.301,4.0,1.484,0.086,214,win,4,3,BSL,4,3,0.738,1.379,True,True,True,0.535,True,"[0.738, 7.974, 10.768, 12.622]"
AVAXUSDT,SELL,18094,2026-04-23 01:00:00,9.309,1.794,1.794,-1.321,176,lose,4,3,SSL,3,4,1.464,2.061,True,True,True,0.71,True,"[1.464, 3.394, 19.223]"
AVAXUSDT,BUY,18270,2026-04-24 21:00:00,9.432,0.7,1.633,-1.41,84,lose,4,3,BSL,4,3,0.73,2.749,True,True,True,0.265,True,"[0.73, 6.474, 9.229, 11.058]"
AVAXUSDT,SELL,18354,2026-04-25 18:00:00,9.299,0.194,1.699,-1.549,63,lose,4,3,SSL,3,4,1.358,2.17,True,True,True,0.626,True,"[1.358, 3.29, 19.136]"
AVAXUSDT,BUY,18417,2026-04-26 09:45:00,9.443,1.239,2.542,-2.129,84,lose,4,4,BSL,4,4,0.612,0.741,True,True,True,0.826,True,"[0.612, 6.35, 9.102, 10.929]"
AVAXUSDT,SELL,18501,2026-04-27 06:45:00,9.242,1.796,1.212,-1.06,186,lose,4,3,SSL,3,4,0.749,2.8,True,True,True,0.268,True,"[0.749, 2.694, 18.638]"
AVAXUSDT,BUY,18687,2026-04-29 05:15:00,9.34,1.092,2.794,-1.713,50,lose,4,2,BSL,4,2,1.722,3.715,True,False,True,0.464,True,"[1.722, 7.523, 10.305, 12.152]"
AVAXUSDT,SELL,18737,2026-04-29 17:45:00,9.18,2.963,0.948,0.065,197,win,5,2,SSL,2,5,2.037,0.689,True,False,True,2.956,False,"[2.037, 18.088]"
AVAXUSDT,BUY,18934,2026-05-01 19:00:00,9.174,0.774,1.711,-1.504,129,lose,5,2,BSL,5,2,0.755,1.972,True,True,True,0.383,True,"[0.755, 3.562, 9.469, 12.301, 14.181]"
AVAXUSDT,SELL,19063,2026-05-03 03:15:00,9.036,0.808,3.298,-3.176,95,lose,5,2,SSL,2,5,0.475,1.046,True,True,True,0.455,True,"[0.475, 16.783]"
AVAXUSDT,BUY,19158,2026-05-04 03:00:00,9.323,4.837,3.186,1.266,363,win,4,2,BSL,4,2,1.907,3.539,True,False,True,0.539,True,"[1.907, 7.719, 10.506, 12.357]"
AVAXUSDT,SELL,19521,2026-05-07 21:45:00,9.441,0.328,3.76,-3.305,75,lose,3,3,SSL,3,3,1.223,6.373,True,True,True,0.192,True,"[1.223, 4.745, 20.353]"
AVAXUSDT,BUY,19596,2026-05-08 16:30:00,9.753,7.485,0.513,3.312,245,win,3,4,BSL,3,4,2.97,1.784,True,False,True,1.665,False,"[2.97, 5.634, 7.403]"
AVAXUSDT,SELL,19841,2026-05-11 05:45:00,10.076,4.039,1.906,0.496,186,win,1,5,SSL,5,1,2.608,2.248,True,False,True,1.16,False,"[2.608, 4.933, 7.448, 10.748, 25.372]"
AVAXUSDT,BUY,20027,2026-05-13 04:15:00,10.026,1.257,3.271,-2.284,42,lose,0,4,BSL,0,4,,4.458,False,False,True,,False,[]
AVAXUSDT,SELL,20069,2026-05-13 14:45:00,9.797,1.878,2.674,-2.174,97,lose,1,4,SSL,4,1,2.225,3.527,True,False,True,0.631,True,"[2.225, 4.813, 8.206, 23.247]"
AVAXUSDT,BUY,20166,2026-05-14 15:00:00,10.01,1.229,3.377,-3.137,89,lose,1,3,BSL,1,3,1.324,6.838,True,True,True,0.194,True,[1.324]
AVAXUSDT,SELL,20255,2026-05-15 13:15:00,9.696,7.88,0.021,4.548,484,win,0,3,SSL,3,0,3.821,,True,False,False,,False,"[3.821, 7.25, 22.447]"
AVAXUSDT,BUY,20739,2026-05-20 14:15:00,9.255,3.717,1.243,-0.475,214,win,1,2,BSL,1,2,1.343,2.83,True,True,True,0.474,True,[1.343]
AVAXUSDT,SELL,20953,2026-05-22 19:45:00,9.211,4.104,0.738,0.706,86,win,1,2,SSL,2,1,2.366,3.632,True,False,True,0.652,True,"[2.366, 18.364]"
AVAXUSDT,BUY,21039,2026-05-23 17:15:00,9.146,4.855,0.405,0.656,109,win,1,2,BSL,1,2,4.368,1.672,True,False,True,2.612,False,[4.368]
AVAXUSDT,SELL,21148,2026-05-24 20:30:00,9.206,1.575,1.857,-1.847,52,lose,1,2,SSL,2,1,2.313,3.688,True,False,True,0.627,True,"[2.313, 18.32]"
AVAXUSDT,BUY,21200,2026-05-25 09:30:00,9.376,1.376,2.197,-1.845,65,lose,1,2,BSL,1,2,1.808,4.084,True,False,True,0.443,True,[1.808]
AVAXUSDT,SELL,21265,2026-05-26 01:45:00,9.203,6.031,3.097,2.336,437,win,1,2,SSL,2,1,2.281,3.722,True,False,True,0.613,True,"[2.281, 18.293]"
AVAXUSDT,BUY,21702,2026-05-30 15:00:00,8.988,1.035,2.047,-1.825,103,lose,1,2,BSL,1,2,1.53,2.888,True,False,True,0.53,True,[1.53]
AVAXUSDT,SELL,21805,2026-05-31 16:45:00,8.824,29.533,2.799,24.683,1064,win,2,2,SSL,2,2,1.083,1.774,True,True,True,0.611,True,"[1.083, 14.784]"
AVAXUSDT,BUY,22869,2026-06-11 18:45:00,6.646,1.896,1.986,-1.535,270,lose,3,2,BSL,3,2,2.352,1.903,True,False,True,1.236,False,"[2.352, 17.04, 25.632]"
AVAXUSDT,SELL,23139,2026-06-14 14:15:00,6.544,2.644,3.484,-3.026,33,win,2,1,SSL,1,2,3.825,18.865,True,False,True,0.203,True,[3.825]
AVAXUSDT,BUY,23172,2026-06-14 22:30:00,6.742,4.954,0.697,0.534,169,win,2,0,BSL,2,0,15.374,,True,False,False,,False,"[15.374, 23.843]"
AVAXUSDT,SELL,23341,2026-06-16 16:45:00,6.778,16.303,3.541,9.472,400,win,3,1,SSL,1,3,0.963,3.736,True,True,True,0.258,True,[0.963]
AVAXUSDT,BUY,23741,2026-06-20 20:45:00,6.136,3.814,0.733,0.212,110,win,5,1,BSL,5,1,1.776,1.316,True,False,True,1.35,False,"[1.776, 9.849, 14.589, 26.768, 36.074]"
AVAXUSDT,SELL,23851,2026-06-22 00:15:00,6.149,0.0,4.44,-4.114,50,lose,5,1,SSL,1,5,1.525,4.175,True,False,True,0.365,True,[1.525]
AVAXUSDT,BUY,23901,2026-06-22 12:45:00,6.402,1.031,6.232,-4.702,79,lose,5,1,BSL,5,1,0.059,5.416,True,True,True,0.011,True,"[0.059, 5.285, 9.828, 21.501, 30.42]"
AVAXUSDT,SELL,23980,2026-06-23 08:30:00,6.101,0.131,5.786,-5.327,53,lose,5,1,SSL,1,5,0.75,4.995,True,True,True,0.15,True,[0.75]
AVAXUSDT,BUY,24033,2026-06-23 21:45:00,6.426,1.774,5.182,-4.793,77,lose,4,2,BSL,4,2,4.892,1.86,True,False,True,2.63,False,"[4.892, 9.418, 21.047, 29.933]"
AVAXUSDT,SELL,24110,2026-06-24 17:00:00,6.118,2.109,6.048,-4.495,36,win,5,1,SSL,1,5,1.026,6.42,True,True,True,0.16,True,[1.026]
AVAXUSDT,BUY,24146,2026-06-25 02:00:00,6.393,3.785,6.992,-6.554,47,win,5,1,BSL,5,1,1.842,5.283,True,False,True,0.349,True,"[1.842, 5.433, 9.983, 21.672, 30.604]"
AVAXUSDT,SELL,24193,2026-06-25 13:45:00,5.974,0.285,9.19,-8.704,110,lose,5,0,SSL,0,5,,8.985,False,False,True,,False,[]
AVAXUSDT,BUY,24303,2026-06-26 17:15:00,6.494,2.71,2.756,-1.771,115,win,5,1,BSL,5,1,0.258,6.756,True,True,True,0.038,True,"[0.258, 3.793, 8.272, 19.78, 28.573]"
AVAXUSDT,SELL,24418,2026-06-27 22:00:00,6.379,1.771,4.405,-3.229,123,lose,4,1,SSL,1,4,5.075,5.664,True,False,True,0.896,True,[5.075]
AVAXUSDT,BUY,24541,2026-06-29 04:45:00,6.585,3.538,3.068,-2.931,128,win,4,2,BSL,4,2,2.359,3.116,True,False,True,0.757,True,"[2.359, 6.776, 18.125, 26.796]"
AVAXUSDT,SELL,24669,2026-06-30 12:45:00,6.392,0.172,5.21,-4.553,65,lose,4,2,SSL,2,4,0.191,5.45,True,True,True,0.035,True,"[0.191, 5.268]"
AVAXUSDT,BUY,24734,2026-07-01 05:00:00,6.683,6.419,1.9,1.781,375,win,4,2,BSL,4,2,0.858,4.537,True,True,True,0.189,True,"[0.858, 5.21, 16.392, 24.936]"
AVAXUSDT,SELL,25109,2026-07-05 02:45:00,6.802,0.838,2.999,-1.794,83,lose,3,4,SSL,4,3,0.309,3.37,True,True,True,0.092,True,"[0.309, 2.167, 6.207, 10.978]"
AVAXUSDT,BUY,25192,2026-07-05 23:30:00,6.924,2.369,3.148,-2.412,116,win,3,3,BSL,3,3,1.548,3.891,True,False,True,0.398,True,"[1.548, 12.341, 20.588]"
AVAXUSDT,SELL,25308,2026-07-07 04:30:00,6.757,6.601,0.918,0.37,200,win,3,3,SSL,3,3,1.515,4.058,True,False,True,0.373,True,"[1.515, 5.582, 10.386]"
AVAXUSDT,BUY,25508,2026-07-09 06:30:00,6.732,1.5,2.778,-2.614,260,lose,4,2,BSL,4,2,0.121,5.232,True,True,True,0.023,True,"[0.121, 4.444, 15.545, 24.027]"
AVAXUSDT,SELL,25768,2026-07-11 23:30:00,6.556,4.332,1.724,-1.205,137,win,4,2,SSL,2,4,2.688,2.809,True,False,True,0.957,True,"[2.688, 7.638]"
AVAXUSDT,BUY,25905,2026-07-13 09:45:00,6.635,2.05,4.582,-0.512,290,win,4,2,BSL,4,2,1.585,3.846,True,False,True,0.412,True,"[1.585, 5.971, 17.234, 25.84]"
AVAXUSDT,SELL,26195,2026-07-16 10:15:00,6.601,3.575,0.803,-0.348,159,win,4,3,SSL,3,4,0.242,2.108,True,True,True,0.115,True,"[0.242, 3.351, 8.268]"
AVAXUSDT,BUY,26354,2026-07-18 02:00:00,6.624,0.543,2.295,-1.963,134,lose,4,3,BSL,4,3,1.754,1.578,True,False,True,1.112,False,"[1.754, 6.147, 17.429, 26.049]"
AVAXUSDT,SELL,26488,2026-07-19 11:30:00,6.494,1.678,2.402,-0.693,93,lose,5,2,SSL,2,5,1.759,1.838,True,False,True,0.957,True,"[1.759, 6.756]"
AVAXUSDT,BUY,26581,2026-07-20 10:45:00,6.539,2.233,1.254,-0.948,173,win,5,3,BSL,5,3,1.137,0.298,True,True,True,3.814,False,"[1.137, 3.076, 7.527, 18.955, 27.688]"
AVAXUSDT,SELL,26754,2026-07-22 06:00:00,6.477,0.232,2.733,-2.007,49,lose,5,2,SSL,2,5,1.501,2.106,True,False,True,0.713,True,"[1.501, 6.512]"
AVAXUSDT,BUY,26803,2026-07-22 18:15:00,6.607,0.832,2.861,-1.922,80,lose,5,2,BSL,5,2,0.096,1.324,True,True,True,0.073,True,"[0.096, 2.015, 6.42, 17.731, 26.374]"
AVAXUSDT,SELL,26883,2026-07-23 14:15:00,6.48,5.386,0.355,0.077,190,win,4,1,SSL,1,4,6.555,4.015,True,False,True,1.633,False,[6.555]
AVAXUSDT,BUY,27073,2026-07-25 13:45:00,6.475,5.699,0.0,0.726,196,win,4,2,BSL,4,2,4.095,2.445,True,False,True,1.675,False,"[4.095, 8.59, 20.131, 28.95]"
AVAXUSDT,SELL,27269,2026-07-27 14:45:00,6.522,2.591,1.656,-1.472,123,win,4,2,SSL,2,4,3.148,3.345,True,False,True,0.941,True,"[3.148, 7.157]"
AVAXUSDT,BUY,27392,2026-07-28 21:30:00,6.618,0.302,4.745,-2.901,32,lose,4,2,BSL,4,2,1.846,4.553,True,False,True,0.405,True,"[1.846, 6.244, 17.536, 26.163]"
AVAXUSDT,SELL,27424,2026-07-29 05:30:00,6.426,6.116,1.805,1.463,376,win,5,2,SSL,2,5,1.701,1.748,True,False,True,0.973,True,"[1.701, 5.77]"
AVAXUSDT,BUY,27800,2026-08-02 03:30:00,6.332,5.591,0.3,1.2,101,win,4,1,BSL,4,1,6.446,4.371,True,False,True,1.475,False,"[6.446, 11.042, 22.844, 31.862]"
AVAXUSDT,SELL,27901,2026-08-03 04:45:00,6.408,0.687,2.747,-2.528,57,lose,3,1,SSL,1,3,5.505,9.725,True,False,True,0.566,True,[5.505]
AVAXUSDT,BUY,27958,2026-08-03 19:00:00,6.57,6.332,0.7,0.213,170,win,3,2,BSL,3,2,7.02,2.327,True,False,True,3.016,False,"[7.02, 18.394, 27.085]"
AVAXUSDT,SELL,28128,2026-08-05 13:30:00,6.584,3.736,1.777,1.048,248,win,3,2,SSL,2,3,2.535,0.954,True,False,True,2.658,False,"[2.535, 8.031]"
AVAXUSDT,BUY,28376,2026-08-08 03:30:00,6.515,0.982,1.335,-0.537,135,lose,4,2,BSL,4,2,0.002,1.503,True,True,True,0.001,True,"[0.002, 2.023, 19.394, 28.158]"
AVAXUSDT,SELL,28511,2026-08-09 13:15:00,6.48,0.108,1.682,-1.019,18,lose,4,2,SSL,2,4,0.971,0.542,True,True,True,1.79,False,"[0.971, 6.555]"
AVAXUSDT,BUY,28529,2026-08-09 17:45:00,6.546,0.611,2.872,-1.879,114,lose,3,2,BSL,3,2,1.54,1.969,True,False,True,0.782,True,"[1.54, 18.828, 27.551]"
AVAXUSDT,SELL,28643,2026-08-10 22:15:00,6.423,4.998,2.071,0.249,155,win,4,1,SSL,1,4,5.726,1.435,True,False,True,3.991,False,[5.726]
AVAXUSDT,BUY,28798,2026-08-12 13:00:00,6.407,2.216,2.107,-0.812,179,win,4,1,BSL,4,1,1.688,2.01,True,False,True,0.84,True,"[1.688, 3.743, 21.406, 30.318]"
AVAXUSDT,SELL,28977,2026-08-14 09:45:00,6.355,0.173,2.502,-2.219,60,lose,4,1,SSL,1,4,1.208,2.52,True,True,True,0.48,True,[1.208]
AVAXUSDT,BUY,29037,2026-08-15 00:45:00,6.496,5.896,0.385,-0.077,70,win,3,1,BSL,3,1,2.321,3.353,True,False,True,0.692,True,"[2.321, 19.743, 28.533]"
AVAXUSDT,SELL,29107,2026-08-15 18:15:00,6.491,4.237,3.713,-2.773,372,win,2,1,SSL,1,2,3.278,19.835,True,False,True,0.165,True,[3.278]
AVAXUSDT,BUY,29479,2026-08-19 15:15:00,6.671,24.884,2.668,13.671,276,win,2,0,BSL,2,0,16.602,,True,False,False,,False,"[16.602, 25.161]"
AVAXUSDT,SELL,29755,2026-08-22 12:15:00,7.583,4.075,1.253,-0.725,136,win,0,0,SSL,0,0,,,False,False,False,,False,[]
AVAXUSDT,BUY,29891,2026-08-23 22:15:00,7.638,0.144,3.247,-0.615,108,lose,1,1,BSL,1,1,0.192,4.006,True,True,True,0.048,True,[0.192]
BNBUSDT,SELL,12,2025-10-16 16:30:00,1140.49,10.477,2.146,1.97,157,win,0,0,SSL,0,0,,,False,False,False,,False,[]
BNBUSDT,BUY,169,2025-10-18 07:45:00,1118.02,0.563,4.501,-4.345,102,lose,1,0,BSL,1,0,1.25,,True,True,False,,False,[1.25]
BNBUSDT,SELL,271,2025-10-19 09:15:00,1069.44,0.035,4.952,-4.738,28,lose,1,1,SSL,1,1,0.46,5.849,True,True,True,0.079,True,[0.46]
BNBUSDT,BUY,299,2025-10-19 16:15:00,1120.11,2.02,2.968,-1.983,106,win,1,1,BSL,1,1,1.061,4.962,True,True,True,0.214,True,[1.061]
BNBUSDT,SELL,405,2025-10-20 18:45:00,1097.9,4.271,1.526,-0.647,238,win,0,1,SSL,1,0,3.04,,True,False,False,,False,[3.04]
BNBUSDT,BUY,643,2025-10-23 06:15:00,1105.0,4.963,2.591,-0.378,139,win,0,0,BSL,0,0,,,False,False,False,,False,[]
BNBUSDT,SELL,782,2025-10-24 17:00:00,1100.82,0.074,2.881,-2.13,166,lose,0,2,SSL,2,0,0.242,,True,True,False,,False,"[0.242, 2.22]"
BNBUSDT,BUY,948,2025-10-26 10:30:00,1124.27,5.202,3.226,-2.253,232,win,0,1,BSL,0,1,,4.26,False,False,True,,False,[]
BNBUSDT,SELL,1180,2025-10-28 20:30:00,1098.94,20.017,2.815,11.826,911,win,0,1,SSL,1,0,2.053,,True,False,False,,False,[2.053]
BNBUSDT,BUY,2091,2025-11-07 08:15:00,968.98,0.042,4.039,-3.458,21,lose,1,2,BSL,1,2,3.499,4.482,True,False,True,0.781,True,[3.499]
BNBUSDT,SELL,2112,2025-11-07 13:30:00,935.47,1.032,5.181,-5.143,22,lose,1,2,SSL,2,1,1.06,7.207,True,True,True,0.147,True,"[1.06, 5.768]"
BNBUSDT,BUY,2134,2025-11-07 19:00:00,983.58,3.616,0.902,-0.416,279,win,1,1,BSL,1,1,1.963,10.377,True,False,True,0.189,True,[1.963]
BNBUSDT,SELL,2413,2025-11-10 16:45:00,979.49,9.333,2.996,3.604,489,win,0,2,SSL,2,0,0.548,,True,True,False,,False,"[0.548, 10.003]"
BNBUSDT,BUY,2902,2025-11-15 19:00:00,944.19,0.677,3.07,-2.851,86,lose,0,3,BSL,0,3,,3.789,False,False,True,,False,[]
BNBUSDT,SELL,2988,2025-11-16 16:30:00,917.27,3.619,2.537,-2.101,200,win,1,3,SSL,3,1,0.966,2.988,True,True,True,0.323,True,"[0.966, 3.013, 3.898]"
BNBUSDT,BUY,3188,2025-11-18 18:30:00,936.54,0.567,4.653,-4.129,86,lose,1,0,BSL,1,0,0.869,,True,True,False,,False,[0.869]
BNBUSDT,SELL,3274,2025-11-19 16:00:00,897.87,11.912,2.019,5.629,335,win,0,0,SSL,0,0,,,False,False,False,,False,[]
BNBUSDT,BUY,3609,2025-11-23 03:45:00,847.33,3.502,2.045,-0.539,237,win,1,0,BSL,1,0,7.832,,True,False,False,,False,[7.832]
BNBUSDT,SELL,3846,2025-11-25 15:00:00,842.76,0.327,5.323,-5.051,105,lose,1,0,SSL,0,1,,8.417,False,False,True,,False,[]
BNBUSDT,BUY,3951,2025-11-26 17:15:00,885.33,2.447,1.036,0.062,220,win,1,0,BSL,1,0,3.204,,True,False,False,,False,[3.204]
BNBUSDT,SELL,4171,2025-11-29 00:15:00,885.88,1.956,1.239,-1.235,150,lose,2,0,SSL,0,2,,1.957,False,False,True,,False,[]
BNBUSDT,BUY,4321,2025-11-30 13:45:00,896.82,0.394,5.477,-5.249,42,lose,2,0,BSL,2,0,0.713,,True,True,False,,False,"[0.713, 1.882]"
BNBUSDT,SELL,4363,2025-12-01 00:15:00,849.75,5.69,0.073,1.021,145,win,1,0,SSL,0,1,,7.525,False,False,True,,False,[]
BNBUSDT,BUY,4508,2025-12-02 12:30:00,841.07,10.44,0.203,6.678,223,win,1,1,BSL,1,1,8.635,2.326,True,False,True,3.713,False,[8.635]
BNBUSDT,SELL,4731,2025-12-04 20:15:00,897.24,2.978,1.275,0.245,217,win,2,1,SSL,1,2,8.44,2.007,True,False,True,4.206,False,[8.44]
BNBUSDT,BUY,4948,2025-12-07 02:30:00,895.04,0.379,2.735,-2.351,49,lose,4,2,BSL,4,2,0.37,2.737,True,True,True,0.135,True,"[0.37, 1.317, 2.257, 3.618]"
BNBUSDT,SELL,4997,2025-12-07 14:45:00,874.0,0.356,3.705,-3.577,22,lose,3,1,SSL,1,3,6.006,3.756,True,False,True,1.599,False,[6.006]
BNBUSDT,BUY,5019,2025-12-07 20:15:00,905.26,0.942,2.648,-1.281,121,lose,3,1,BSL,3,1,0.173,9.251,True,True,True,0.019,True,"[0.173, 1.103, 2.448]"
BNBUSDT,SELL,5140,2025-12-09 02:30:00,893.66,1.325,3.739,-3.143,56,lose,1,2,SSL,2,1,1.114,3.778,True,True,True,0.295,True,"[1.114, 8.074]"
BNBUSDT,BUY,5196,2025-12-09 16:30:00,921.75,0.738,3.711,-3.322,42,lose,1,2,BSL,1,2,0.615,4.128,True,True,True,0.149,True,[0.615]
BNBUSDT,SELL,5238,2025-12-10 03:00:00,891.13,3.583,2.761,0.329,178,win,1,2,SSL,2,1,0.833,4.073,True,True,True,0.205,True,"[0.833, 7.813]"
BNBUSDT,BUY,5416,2025-12-11 23:30:00,888.2,1.882,1.967,-0.517,262,lose,2,1,BSL,2,1,3.201,7.508,True,False,True,0.426,True,"[3.201, 4.416]"
BNBUSDT,SELL,5678,2025-12-14 17:00:00,883.61,4.849,1.408,1.082,215,win,3,2,SSL,2,3,1.487,2.337,True,True,True,0.636,True,"[1.487, 7.028]"
BNBUSDT,BUY,5893,2025-12-16 22:45:00,874.05,0.262,2.119,-1.706,49,lose,5,1,BSL,5,1,0.268,6.011,True,True,True,0.045,True,"[0.268, 2.274, 3.456, 4.872, 6.106]"
BNBUSDT,SELL,5942,2025-12-17 11:00:00,859.14,4.757,2.074,1.354,200,win,5,1,SSL,1,5,4.38,2.008,True,False,True,2.181,False,[4.38]
BNBUSDT,BUY,6142,2025-12-19 13:00:00,847.51,2.854,0.431,0.208,360,win,5,1,BSL,5,1,3.408,3.068,True,False,True,1.111,False,"[3.408, 5.477, 6.696, 8.156, 9.429]"
BNBUSDT,SELL,6502,2025-12-23 07:00:00,849.27,1.639,0.5,0.326,172,lose,6,2,SSL,2,6,0.572,2.414,True,True,True,0.237,True,"[0.572, 3.269]"
BNBUSDT,BUY,6674,2025-12-25 02:00:00,846.5,0.214,1.317,-0.981,37,lose,7,2,BSL,7,2,0.326,1.324,True,True,True,0.246,True,"[0.326, 2.749, 3.531, 5.602, 6.823, 8.285, 9.56]"
BNBUSDT,SELL,6711,2025-12-25 11:15:00,838.2,2.051,1.11,-0.429,181,win,7,2,SSL,2,7,0.347,1.32,True,True,True,0.263,True,"[0.347, 1.991]"
BNBUSDT,BUY,6892,2025-12-27 08:30:00,841.8,3.677,0.513,0.742,206,win,8,0,BSL,8,0,0.319,,True,True,False,,False,"[0.319, 0.886, 3.323, 4.11, 6.192, 7.42, 8.889, 10.171]"
BNBUSDT,SELL,7098,2025-12-29 12:00:00,848.05,0.196,1.96,-1.358,114,lose,5,1,SSL,1,5,1.308,3.342,True,True,True,0.391,True,[1.308]
BNBUSDT,BUY,7212,2025-12-30 16:30:00,859.57,2.178,0.387,-0.271,175,win,5,1,BSL,5,1,1.957,2.63,True,False,True,0.744,True,"[1.957, 3.997, 5.199, 6.638, 7.894]"
BNBUSDT,SELL,7387,2026-01-01 12:15:00,857.24,0.075,1.593,-1.591,85,lose,4,1,SSL,1,4,2.366,4.279,True,False,True,0.553,True,[2.366]
BNBUSDT,BUY,7472,2026-01-02 09:30:00,870.88,6.196,0.607,3.573,507,win,4,2,BSL,4,2,2.646,1.52,True,False,True,1.741,False,"[2.646, 3.833, 5.253, 6.493]"
BNBUSDT,SELL,7979,2026-01-07 16:15:00,902.0,2.993,0.373,0.246,227,win,1,4,SSL,4,1,1.127,1.823,True,True,True,0.619,True,"[1.127, 3.553, 4.917, 7.211]"
BNBUSDT,BUY,8206,2026-01-10 01:00:00,899.78,2.025,0.123,0.177,174,win,2,3,BSL,2,3,0.613,3.315,True,True,True,0.185,True,"[0.613, 2.074]"
BNBUSDT,SELL,8380,2026-01-11 20:30:00,901.37,0.811,1.588,-1.066,169,lose,1,4,SSL,4,1,0.288,1.894,True,True,True,0.152,True,"[0.288, 3.486, 4.851, 7.146]"
BNBUSDT,BUY,8549,2026-01-13 14:45:00,910.98,4.904,0.199,1.642,216,win,0,4,BSL,0,4,,1.34,False,False,True,,False,[]
BNBUSDT,SELL,8765,2026-01-15 20:45:00,925.94,0.229,1.959,-1.815,150,lose,1,4,SSL,4,1,2.934,3.081,True,False,True,0.952,True,"[2.934, 6.047, 7.376, 9.61]"
BNBUSDT,BUY,8915,2026-01-17 10:15:00,942.75,1.883,4.464,-3.086,151,lose,1,4,BSL,1,4,1.243,4.664,True,True,True,0.266,True,[1.243]
BNBUSDT,SELL,9066,2026-01-19 00:00:00,913.66,5.381,2.182,1.77,330,win,0,4,SSL,4,0,1.629,,True,False,False,,False,"[1.629, 4.784, 6.131, 8.395]"
BNBUSDT,BUY,9396,2026-01-22 10:30:00,897.49,0.924,2.114,-0.992,229,lose,0,2,BSL,0,2,,4.439,False,False,True,,False,[]
BNBUSDT,SELL,9625,2026-01-24 19:45:00,888.59,3.664,0.171,0.634,217,win,2,3,SSL,3,2,0.984,0.447,True,True,True,2.201,False,"[0.984, 3.482, 5.81]"
BNBUSDT,BUY,9842,2026-01-27 02:00:00,882.96,3.06,0.649,1.101,237,win,2,2,BSL,2,2,1.088,2.867,True,True,True,0.379,True,"[1.088, 2.672]"
BNBUSDT,SELL,10079,2026-01-29 13:15:00,892.68,18.388,0.036,12.605,455,win,0,2,SSL,2,0,3.925,,True,False,False,,False,"[3.925, 6.242]"
BNBUSDT,BUY,10534,2026-02-03 07:00:00,780.16,0.464,5.624,-5.517,47,lose,1,0,BSL,1,0,0.841,,True,True,False,,False,[0.841]
BNBUSDT,SELL,10581,2026-02-03 18:45:00,737.12,22.401,5.271,9.775,283,win,0,0,SSL,0,0,,,False,False,False,,False,[]
BNBUSDT,BUY,10864,2026-02-06 17:30:00,665.07,0.514,4.95,-4.335,65,lose,1,1,BSL,1,1,0.196,13.828,True,True,True,0.014,True,[0.196]
BNBUSDT,SELL,10929,2026-02-07 09:45:00,636.24,7.735,3.032,3.247,459,win,1,1,SSL,1,1,9.923,4.736,True,False,True,2.095,False,[9.923]
BNBUSDT,BUY,11388,2026-02-12 04:30:00,615.58,0.846,3.782,-3.639,103,lose,4,3,BSL,4,3,0.942,1.701,True,True,True,0.554,True,"[0.942, 4.397, 6.247, 8.251]"
BNBUSDT,SELL,11491,2026-02-13 06:15:00,593.18,0.101,4.381,-3.83,46,lose,4,2,SSL,2,4,0.98,4.754,True,True,True,0.206,True,"[0.98, 3.384]"
BNBUSDT,BUY,11537,2026-02-13 17:45:00,615.9,4.351,0.95,-0.321,192,win,4,2,BSL,4,2,0.889,4.633,True,True,True,0.192,True,"[0.889, 4.343, 6.191, 8.195]"
BNBUSDT,SELL,11729,2026-02-15 17:45:00,613.92,1.583,2.829,-2.043,123,lose,4,2,SSL,2,4,4.325,3.225,True,False,True,1.341,False,"[4.325, 6.648]"
BNBUSDT,BUY,11852,2026-02-17 00:30:00,626.46,0.884,2.754,-2.139,68,lose,4,3,BSL,4,3,1.159,3.044,True,True,True,0.381,True,"[1.159, 2.584, 4.401, 6.371]"
BNBUSDT,SELL,11920,2026-02-17 17:30:00,613.06,2.903,2.254,-0.741,284,win,4,2,SSL,2,4,4.191,3.37,True,False,True,1.244,False,"[4.191, 6.517]"
BNBUSDT,BUY,12204,2026-02-20 16:30:00,617.6,2.837,0.246,0.342,149,win,5,2,BSL,5,2,1.751,4.895,True,False,True,0.358,True,"[1.751, 2.61, 4.056, 5.899, 7.897]"
BNBUSDT,SELL,12353,2026-02-22 05:45:00,619.71,5.961,0.854,1.273,127,win,4,2,SSL,2,4,5.219,2.26,True,False,True,2.309,False,"[5.219, 7.52]"
BNBUSDT,BUY,12480,2026-02-23 13:30:00,611.82,0.026,3.643,-3.629,58,lose,4,1,BSL,4,1,3.579,6.328,True,False,True,0.566,True,"[3.579, 5.039, 6.9, 8.916]"
BNBUSDT,SELL,12538,2026-02-24 04:00:00,589.62,2.207,2.098,-0.95,97,win,4,1,SSL,1,4,2.801,7.479,True,False,True,0.374,True,[2.801]
BNBUSDT,BUY,12635,2026-02-25 04:15:00,595.22,7.711,0.953,3.273,223,win,4,1,BSL,4,1,6.468,3.715,True,False,True,1.741,False,"[6.468, 7.968, 9.881, 11.954]"
BNBUSDT,SELL,12858,2026-02-27 12:00:00,614.7,4.28,0.781,-0.395,134,win,4,1,SSL,1,4,6.766,2.317,True,False,True,2.92,False,[6.766]
BNBUSDT,BUY,12992,2026-02-28 21:30:00,617.13,5.884,0.972,1.35,245,win,4,1,BSL,4,1,1.914,7.134,True,False,True,0.268,True,"[1.914, 2.688, 5.98, 7.979]"
BNBUSDT,SELL,13237,2026-03-03 10:45:00,625.46,0.777,4.646,-4.256,89,lose,2,2,SSL,2,2,2.419,2.414,True,False,True,1.002,False,"[2.419, 8.37]"
BNBUSDT,BUY,13326,2026-03-04 09:00:00,652.08,2.201,1.681,-1.118,179,win,1,3,BSL,1,3,2.192,4.352,True,False,True,0.504,True,[2.192]
BNBUSDT,SELL,13505,2026-03-06 05:45:00,644.79,5.774,0.492,2.717,309,win,0,3,SSL,3,0,3.27,,True,False,False,,False,"[3.27, 5.344, 11.117]"
BNBUSDT,BUY,13814,2026-03-09 11:00:00,627.27,8.341,0.507,4.127,439,win,0,2,BSL,0,2,,2.7,False,False,True,,False,[]
BNBUSDT,SELL,14253,2026-03-14 00:45:00,653.16,0.488,1.237,-1.029,114,lose,0,5,SSL,5,0,0.016,,True,True,False,,False,"[0.016, 1.452, 2.78, 6.557, 12.256]"
BNBUSDT,BUY,14367,2026-03-15 05:15:00,659.88,4.24,0.491,0.924,225,win,0,5,BSL,0,5,,1.035,False,False,True,,False,[]
BNBUSDT,SELL,14592,2026-03-17 13:30:00,665.98,6.904,1.547,3.162,573,win,1,4,SSL,4,1,3.349,3.102,True,False,True,1.08,False,"[3.349, 4.651, 8.356, 13.945]"
BNBUSDT,BUY,15165,2026-03-23 12:45:00,644.92,0.699,2.758,-2.431,68,lose,4,3,BSL,4,3,0.176,3.348,True,True,True,0.053,True,"[0.176, 1.264, 4.639, 6.469]"
BNBUSDT,SELL,15233,2026-03-24 05:45:00,629.24,0.41,1.955,-1.691,83,lose,4,3,SSL,3,4,0.939,2.673,True,True,True,0.351,True,"[0.939, 3.005, 8.921]"
BNBUSDT,BUY,15316,2026-03-25 02:30:00,639.88,2.079,1.017,-0.85,112,win,4,3,BSL,4,3,0.965,2.586,True,True,True,0.373,True,"[0.965, 2.062, 5.463, 7.307]"
BNBUSDT,SELL,15428,2026-03-26 06:30:00,634.44,4.565,0.23,2.637,249,win,4,3,SSL,3,4,1.751,1.831,True,False,True,0.956,True,"[1.751, 3.8, 9.667]"
BNBUSDT,BUY,15677,2026-03-28 20:45:00,617.71,0.028,1.308,-1.238,68,lose,5,2,BSL,5,2,1.963,1.195,True,False,True,1.643,False,"[1.963, 4.589, 5.725, 9.248, 11.159]"
BNBUSDT,SELL,15745,2026-03-29 13:45:00,610.06,2.303,1.708,-1.656,73,win,5,1,SSL,1,5,6.057,3.242,True,False,True,1.869,False,[6.057]
BNBUSDT,BUY,15818,2026-03-30 08:00:00,620.16,0.256,2.515,-2.357,101,lose,5,2,BSL,5,2,1.56,3.685,True,False,True,0.423,True,"[1.56, 4.176, 5.307, 8.817, 10.719]"
BNBUSDT,SELL,15919,2026-03-31 09:15:00,605.54,1.146,2.393,-1.929,54,lose,6,2,SSL,2,6,1.36,2.542,True,True,True,0.535,True,"[1.36, 5.356]"
BNBUSDT,BUY,15973,2026-03-31 22:45:00,617.22,0.881,2.928,-2.805,110,lose,6,1,BSL,6,1,0.601,7.147,True,True,True,0.084,True,"[0.601, 2.044, 4.672, 5.809, 9.335, 11.247]"
BNBUSDT,SELL,16083,2026-04-02 02:15:00,599.91,4.867,0.237,1.82,203,win,6,1,SSL,1,6,4.468,3.504,True,False,True,1.275,False,[4.468]
BNBUSDT,BUY,16286,2026-04-04 05:00:00,588.99,3.703,0.292,1.438,275,win,6,0,BSL,6,0,5.423,,True,False,False,,False,"[5.423, 6.935, 9.689, 10.88, 14.575, 16.579]"
BNBUSDT,SELL,16561,2026-04-07 01:45:00,597.46,0.877,2.767,-2.465,77,lose,7,1,SSL,1,7,1.307,1.855,True,True,True,0.705,True,[1.307]
BNBUSDT,BUY,16638,2026-04-07 21:00:00,612.19,2.155,1.753,-0.944,78,win,6,1,BSL,6,1,1.428,3.682,True,True,True,0.388,True,"[1.428, 2.882, 5.532, 6.678, 10.233, 12.161]"
BNBUSDT,SELL,16716,2026-04-08 16:30:00,606.41,1.529,1.029,-0.579,206,lose,6,1,SSL,1,6,2.764,2.394,True,False,True,1.154,False,[2.764]
BNBUSDT,BUY,16922,2026-04-10 20:00:00,609.92,0.762,3.228,-2.641,119,lose,7,1,BSL,7,1,0.265,3.323,True,True,True,0.08,True,"[0.265, 1.805, 3.265, 5.925, 7.075, 10.643, 12.578]"
BNBUSDT,SELL,17041,2026-04-12 01:45:00,593.81,0.781,1.953,-1.682,152,lose,6,1,SSL,1,6,0.701,4.567,True,True,True,0.153,True,[0.701]
BNBUSDT,BUY,17193,2026-04-13 15:45:00,603.8,7.517,0.219,4.715,463,win,6,1,BSL,6,1,2.837,2.343,True,False,True,1.211,False,"[2.837, 4.312, 6.999, 8.161, 11.765, 13.719]"
BNBUSDT,SELL,17656,2026-04-18 11:30:00,632.27,2.709,0.465,0.454,215,win,3,3,SSL,3,3,0.482,3.29,True,True,True,0.146,True,"[0.482, 2.867, 6.741]"
BNBUSDT,BUY,17871,2026-04-20 17:15:00,629.4,4.05,0.68,0.904,230,win,4,3,BSL,4,3,0.935,0.946,True,True,True,0.989,True,"[0.935, 3.761, 7.219, 9.094]"
BNBUSDT,SELL,18101,2026-04-23 02:45:00,635.09,1.25,0.912,-0.076,358,lose,2,3,SSL,3,2,1.833,6.258,True,False,True,0.293,True,"[1.833, 3.298, 7.155]"
BNBUSDT,BUY,18459,2026-04-26 20:15:00,635.57,0.757,1.611,-1.441,43,lose,3,3,BSL,3,3,0.593,1.907,True,True,True,0.311,True,"[0.593, 6.178, 8.035]"
BNBUSDT,SELL,18502,2026-04-27 07:00:00,626.41,1.221,0.549,-0.541,205,lose,3,3,SSL,3,3,0.473,2.064,True,True,True,0.229,True,"[0.473, 1.958, 5.868]"
BNBUSDT,BUY,18707,2026-04-29 10:15:00,629.8,0.016,2.247,-2.072,22,lose,3,2,BSL,3,2,1.515,2.486,True,False,True,0.609,True,"[1.515, 7.151, 9.025]"
BNBUSDT,SELL,18729,2026-04-29 15:45:00,616.75,1.047,1.041,-0.923,185,lose,4,2,SSL,2,4,0.422,1.744,True,True,True,0.242,True,"[0.422, 4.394]"
BNBUSDT,BUY,18914,2026-05-01 14:00:00,622.44,0.09,1.356,-1.023,73,lose,3,2,BSL,3,2,2.715,1.333,True,False,True,2.038,False,"[2.715, 8.418, 10.314]"
BNBUSDT,SELL,18987,2026-05-02 08:15:00,616.07,0.174,0.997,-0.638,58,lose,4,2,SSL,2,4,0.312,0.745,True,True,True,0.419,True,"[0.312, 4.288]"
BNBUSDT,BUY,19045,2026-05-02 22:45:00,620.0,7.213,0.755,2.302,479,win,3,2,BSL,3,2,3.119,0.944,True,False,True,3.304,False,"[3.119, 8.845, 10.748]"
BNBUSDT,SELL,19524,2026-05-07 22:30:00,634.27,0.076,2.486,-2.188,82,lose,5,2,SSL,2,5,0.424,1.447,True,True,True,0.293,True,"[0.424, 7.035]"
BNBUSDT,BUY,19606,2026-05-08 19:00:00,648.15,1.308,0.455,-0.023,130,lose,4,3,BSL,4,3,0.969,1.836,True,True,True,0.528,True,"[0.969, 2.752, 4.117, 5.938]"
BNBUSDT,SELL,19736,2026-05-10 03:30:00,648.0,0.056,1.173,-1.144,48,lose,3,3,SSL,3,3,1.814,2.776,True,False,True,0.653,True,"[1.814, 2.534, 9.005]"
BNBUSDT,BUY,19784,2026-05-10 15:30:00,655.41,2.774,0.998,-0.261,194,win,3,4,BSL,3,4,1.614,0.934,True,False,True,1.728,False,"[1.614, 2.964, 4.765]"
BNBUSDT,SELL,19978,2026-05-12 16:00:00,653.7,0.415,2.255,-2.243,24,lose,1,4,SSL,4,1,0.675,5.039,True,True,True,0.134,True,"[0.675, 2.67, 3.384, 9.798]"
BNBUSDT,BUY,20002,2026-05-12 22:00:00,668.36,2.66,0.636,-0.072,121,win,1,4,BSL,1,4,2.735,2.854,True,False,True,0.958,True,[2.735]
BNBUSDT,SELL,20123,2026-05-14 04:15:00,667.88,0.157,3.072,-2.463,51,lose,1,4,SSL,4,1,2.784,2.809,True,False,True,0.991,True,"[2.784, 4.736, 5.435, 11.713]"
BNBUSDT,BUY,20174,2026-05-14 17:00:00,684.33,0.909,2.179,-1.718,122,lose,1,4,BSL,1,4,0.337,5.121,True,True,True,0.066,True,[0.337]
BNBUSDT,SELL,20296,2026-05-15 23:30:00,672.57,5.671,0.391,3.598,448,win,0,4,SSL,4,0,3.462,,True,False,False,,False,"[3.462, 5.4, 6.094, 12.329]"
BNBUSDT,BUY,20744,2026-05-20 15:30:00,648.37,2.557,0.321,0.168,228,win,1,3,BSL,1,3,1.853,1.87,True,False,True,0.991,True,[1.853]
BNBUSDT,SELL,20972,2026-05-23 00:30:00,649.46,2.226,0.619,-0.585,75,win,1,3,SSL,3,1,2.034,1.682,True,False,True,1.209,False,"[2.034, 2.753, 9.209]"
BNBUSDT,BUY,21047,2026-05-23 19:15:00,653.26,3.1,0.499,0.715,218,win,1,2,BSL,1,2,1.091,3.319,True,True,True,0.329,True,[1.091]
BNBUSDT,SELL,21265,2026-05-26 01:45:00,657.93,4.485,1.607,1.497,382,win,1,3,SSL,3,1,0.775,1.987,True,True,True,0.39,True,"[0.775, 4.005, 10.378]"
BNBUSDT,BUY,21647,2026-05-30 01:15:00,648.08,15.2,0.088,9.809,180,win,0,2,BSL,0,2,,2.546,False,False,True,,False,[]
BNBUSDT,SELL,21827,2026-05-31 22:15:00,711.65,21.748,2.775,17.277,610,win,1,2,SSL,2,1,11.251,2.981,True,False,True,3.774,False,"[11.251, 17.143]"
BNBUSDT,BUY,22437,2026-06-07 06:45:00,588.7,3.82,0.8,-0.438,223,win,2,1,BSL,2,1,3.772,2.861,True,False,True,1.318,False,"[3.772, 7.32]"
BNBUSDT,SELL,22660,2026-06-09 14:30:00,586.12,0.891,3.03,-2.527,168,lose,2,2,SSL,2,2,0.197,4.229,True,True,True,0.047,True,"[0.197, 2.434]"
BNBUSDT,BUY,22828,2026-06-11 08:30:00,600.93,2.158,0.754,0.361,334,win,2,1,BSL,2,1,1.66,4.838,True,False,True,0.343,True,"[1.66, 5.135]"
BNBUSDT,SELL,23162,2026-06-14 20:00:00,603.1,0.002,2.409,-2.063,12,lose,1,2,SSL,2,1,0.787,4.757,True,True,True,0.165,True,"[0.787, 5.181]"
BNBUSDT,BUY,23174,2026-06-14 23:00:00,615.54,2.863,2.4,-1.62,153,win,1,3,BSL,1,3,2.64,1.331,True,False,True,1.983,False,[2.64]
BNBUSDT,SELL,23327,2026-06-16 13:15:00,605.57,5.76,1.21,2.951,358,win,1,2,SSL,2,1,1.191,1.971,True,True,True,0.604,True,"[1.191, 5.567]"
BNBUSDT,BUY,23685,2026-06-20 06:45:00,587.7,2.568,1.021,-0.74,285,win,2,1,BSL,2,1,3.573,2.696,True,False,True,1.325,False,"[3.573, 5.072]"
BNBUSDT,SELL,23970,2026-06-23 06:00:00,583.35,6.348,0.115,2.493,205,win,4,1,SSL,1,4,1.971,1.679,True,False,True,1.174,False,[1.971]
BNBUSDT,BUY,24175,2026-06-25 09:15:00,568.81,0.079,4.977,-4.683,18,lose,6,1,BSL,6,1,0.142,4.059,True,True,True,0.035,True,"[0.142, 1.945, 4.278, 5.373, 7.012, 8.561]"
BNBUSDT,SELL,24193,2026-06-25 13:45:00,542.17,0.0,5.27,-3.477,413,lose,6,0,SSL,0,6,,5.063,False,False,True,,False,[]
BNBUSDT,BUY,24606,2026-06-29 21:00:00,561.02,0.216,1.962,-1.902,47,lose,7,1,BSL,7,1,0.058,2.727,True,True,True,0.021,True,"[0.058, 1.533, 3.36, 5.726, 6.836, 8.498, 10.068]"
BNBUSDT,SELL,24653,2026-06-30 08:45:00,550.35,2.369,1.067,-0.289,139,win,8,1,SSL,1,8,0.841,0.684,True,True,True,1.23,False,[0.841]
BNBUSDT,BUY,24792,2026-07-01 19:30:00,551.94,7.59,0.982,3.493,454,win,7,0,BSL,7,0,1.704,,True,False,False,,False,"[1.704, 3.203, 5.061, 7.465, 8.594, 10.283, 11.879]"
BNBUSDT,SELL,25246,2026-07-06 13:00:00,571.22,0.13,3.743,-3.109,40,lose,4,2,SSL,2,4,0.053,3.838,True,True,True,0.014,True,"[0.053, 2.088]"
BNBUSDT,BUY,25286,2026-07-06 23:00:00,588.98,0.003,2.088,-1.895,48,lose,4,2,BSL,4,2,0.707,3.067,True,True,True,0.23,True,"[0.707, 1.765, 3.348, 4.843]"
BNBUSDT,SELL,25334,2026-07-07 11:00:00,577.82,2.984,1.67,0.464,175,win,4,2,SSL,2,4,1.195,2.652,True,True,True,0.45,True,"[1.195, 3.206]"
BNBUSDT,BUY,25509,2026-07-09 06:45:00,575.14,1.44,1.181,-0.483,262,lose,4,1,BSL,4,1,3.13,2.755,True,False,True,1.136,False,"[3.13, 4.213, 5.834, 7.366]"
BNBUSDT,SELL,25771,2026-07-12 00:15:00,572.36,0.37,2.221,-1.817,50,lose,4,2,SSL,2,4,0.37,3.631,True,True,True,0.102,True,"[0.37, 2.283]"
BNBUSDT,BUY,25821,2026-07-12 12:45:00,582.76,0.079,1.654,-1.481,44,lose,5,2,BSL,5,2,0.213,2.148,True,True,True,0.099,True,"[0.213, 1.782, 2.851, 4.451, 5.962]"
BNBUSDT,SELL,25865,2026-07-12 23:45:00,574.13,2.022,1.31,-1.008,150,win,5,2,SSL,2,5,0.677,1.72,True,True,True,0.394,True,"[0.677, 2.584]"
BNBUSDT,BUY,26015,2026-07-14 13:15:00,579.92,1.107,0.936,-0.604,211,lose,5,2,BSL,5,2,0.704,1.669,True,True,True,0.422,True,"[0.704, 2.28, 3.354, 4.962, 6.481]"
BNBUSDT,SELL,26226,2026-07-16 18:00:00,576.42,3.596,0.165,1.029,185,win,5,1,SSL,1,5,2.971,1.316,True,False,True,2.258,False,[2.971]
BNBUSDT,BUY,26411,2026-07-18 16:15:00,570.49,0.687,1.311,-0.682,159,lose,6,2,BSL,6,2,0.405,0.518,True,True,True,0.782,True,"[0.405, 2.369, 3.971, 5.063, 6.697, 8.241]"
BNBUSDT,SELL,26570,2026-07-20 08:00:00,566.6,0.344,1.603,-1.433,41,lose,6,1,SSL,1,6,1.289,1.095,True,True,True,1.178,False,[1.289]
BNBUSDT,BUY,26611,2026-07-20 18:15:00,574.72,0.954,1.042,-0.875,143,lose,5,2,BSL,5,2,1.615,1.25,True,False,True,1.292,False,"[1.615, 3.206, 4.29, 5.912, 7.445]"
BNBUSDT,SELL,26754,2026-07-22 06:00:00,569.69,2.382,1.078,0.362,332,win,5,2,SSL,2,5,0.378,0.887,True,True,True,0.426,True,"[0.378, 1.825]"
BNBUSDT,BUY,27086,2026-07-25 17:00:00,567.63,1.756,0.359,-0.189,219,lose,5,2,BSL,5,2,1.254,0.204,True,True,True,6.134,False,"[1.254, 4.495, 5.592, 7.235, 8.787]"
BNBUSDT,SELL,27305,2026-07-27 23:45:00,566.56,0.718,1.684,-1.204,99,lose,5,2,SSL,2,5,0.016,1.445,True,True,True,0.011,True,"[0.016, 1.282]"
BNBUSDT,BUY,27404,2026-07-29 00:30:00,573.38,4.05,1.371,1.66,326,win,5,1,BSL,5,1,0.238,1.205,True,True,True,0.198,True,"[0.238, 3.447, 4.533, 6.159, 7.696]"
BNBUSDT,SELL,27730,2026-08-01 10:00:00,582.9,1.578,0.482,-0.405,75,lose,4,0,SSL,0,4,,1.757,False,False,True,,False,[]
BNBUSDT,BUY,27805,2026-08-02 04:45:00,585.26,3.557,0.654,1.551,372,win,4,0,BSL,4,0,1.347,,True,True,False,,False,"[1.347, 2.411, 4.004, 5.51]"
BNBUSDT,SELL,28177,2026-08-06 01:45:00,594.34,1.471,0.739,0.089,205,lose,3,2,SSL,2,3,0.524,0.847,True,True,True,0.619,True,"[0.524, 1.929]"
BNBUSDT,BUY,28382,2026-08-08 05:00:00,593.81,3.141,0.103,1.143,227,win,2,0,BSL,2,0,2.507,,True,False,False,,False,"[2.507, 3.991]"
BNBUSDT,SELL,28609,2026-08-10 13:45:00,600.6,0.498,1.307,-1.094,81,lose,1,0,SSL,0,1,,2.815,False,False,True,,False,[]
BNBUSDT,BUY,28690,2026-08-11 10:00:00,607.17,2.258,0.352,0.069,219,win,1,1,BSL,1,1,1.702,0.824,True,False,True,2.065,False,[1.702]
BNBUSDT,SELL,28909,2026-08-13 16:45:00,607.59,0.739,0.933,-0.708,144,lose,1,1,SSL,1,1,0.893,0.497,True,True,True,1.795,False,[0.893]
BNBUSDT,BUY,29053,2026-08-15 04:45:00,611.89,0.217,0.757,-0.69,82,lose,0,1,BSL,0,1,,1.589,False,False,True,,False,[]
BNBUSDT,SELL,29135,2026-08-16 01:15:00,607.67,1.233,0.331,-0.234,342,lose,1,1,SSL,1,1,0.906,0.484,True,True,True,1.871,False,[0.906]
BNBUSDT,BUY,29477,2026-08-19 14:45:00,609.09,19.383,0.008,12.266,346,win,0,0,BSL,0,0,,,False,False,False,,False,[]
BNBUSDT,SELL,29823,2026-08-23 05:15:00,683.8,0.409,3.055,-2.995,63,lose,1,1,SSL,1,1,1.324,3.116,True,True,True,0.425,True,[1.324]
BNBUSDT,BUY,29886,2026-08-23 21:00:00,704.28,1.864,1.569,0.699,113,lose,1,0,BSL,1,0,0.118,,True,True,False,,False,[0.118]
BTCUSDT,SELL,14,2025-10-16 17:00:00,108432.0,4.576,0.708,0.647,267,win,0,0,SSL,0,0,,,False,False,False,,False,[]
BTCUSDT,BUY,281,2025-10-19 11:45:00,107730.6,3.638,0.388,0.419,162,win,1,1,BSL,1,1,1.457,1.253,True,True,True,1.162,False,[1.457]
BTCUSDT,SELL,443,2025-10-21 04:15:00,108181.9,0.723,4.546,-4.361,44,lose,0,2,SSL,2,0,0.733,,True,True,False,,False,"[0.733, 1.665]"
BTCUSDT,BUY,487,2025-10-21 15:15:00,112899.9,0.921,4.537,-4.402,38,lose,0,1,BSL,0,1,,5.775,False,False,True,,False,[]
BTCUSDT,SELL,525,2025-10-22 00:45:00,107930.1,1.454,2.173,-1.09,146,lose,1,1,SSL,1,1,1.436,5.596,True,True,True,0.257,True,[1.436]
BTCUSDT,BUY,671,2025-10-23 13:15:00,109106.1,6.667,0.42,4.165,449,win,1,1,BSL,1,1,4.458,2.498,True,False,True,1.784,False,[4.458]
BTCUSDT,SELL,1120,2025-10-28 05:30:00,113650.0,6.555,2.133,2.881,313,win,1,1,SSL,1,1,6.397,2.268,True,False,True,2.821,False,[6.397]
BTCUSDT,BUY,1433,2025-10-31 11:45:00,110375.7,0.777,2.243,-2.08,254,lose,1,0,BSL,1,0,0.872,,True,True,False,,False,[0.872]
BTCUSDT,SELL,1687,2025-11-03 03:15:00,108079.9,8.504,0.251,3.877,251,win,0,0,SSL,0,0,,,False,False,False,,False,[]
BTCUSDT,BUY,1938,2025-11-05 18:00:00,103889.9,0.585,3.515,-2.477,94,lose,1,1,BSL,1,1,3.352,4.664,True,False,True,0.719,True,[3.352]
BTCUSDT,SELL,2032,2025-11-06 17:30:00,101316.5,2.089,2.034,-1.805,107,win,2,1,SSL,1,2,2.243,2.905,True,False,True,0.772,True,[2.243]
BTCUSDT,BUY,2139,2025-11-07 20:15:00,103145.0,0.897,1.789,-1.101,147,lose,2,0,BSL,2,0,1.081,,True,True,False,,False,"[1.081, 4.099]"
BTCUSDT,SELL,2286,2025-11-09 09:00:00,102009.2,0.541,1.982,-1.266,24,lose,1,0,SSL,0,1,,5.258,False,False,True,,False,[]
BTCUSDT,BUY,2310,2025-11-09 15:00:00,103300.3,4.04,0.16,0.113,195,win,1,0,BSL,1,0,3.942,,True,False,False,,False,[3.942]
BTCUSDT,SELL,2505,2025-11-11 15:45:00,103417.2,0.984,1.688,-1.249,79,lose,0,0,SSL,0,0,,,False,False,False,,False,[]
BTCUSDT,BUY,2584,2025-11-12 11:30:00,104708.7,0.562,3.279,-2.825,19,lose,0,0,BSL,0,0,,,False,False,False,,False,[]
BTCUSDT,SELL,2603,2025-11-12 16:15:00,101750.2,12.519,2.235,9.002,597,win,0,0,SSL,0,0,,,False,False,False,,False,[]
BTCUSDT,BUY,3200,2025-11-18 21:30:00,92591.1,0.874,2.835,-1.968,35,lose,2,1,BSL,2,1,1.391,4.107,True,True,True,0.339,True,"[1.391, 5.005]"
BTCUSDT,SELL,3235,2025-11-19 06:15:00,90769.3,2.429,2.193,-1.968,82,win,2,1,SSL,1,2,2.183,3.426,True,False,True,0.637,True,[2.183]
BTCUSDT,BUY,3317,2025-11-20 02:45:00,92556.0,0.642,4.846,-4.707,55,lose,2,0,BSL,2,0,1.43,,True,True,False,,False,"[1.43, 5.045]"
BTCUSDT,SELL,3372,2025-11-20 16:30:00,88199.0,8.616,0.224,2.357,232,win,3,0,SSL,0,3,,5.574,False,False,True,,False,[]
BTCUSDT,BUY,3604,2025-11-23 02:30:00,86120.0,3.55,1.038,0.924,321,win,4,2,BSL,4,2,2.365,3.011,True,False,True,0.786,True,"[2.365, 8.122, 9.01, 12.896]"
BTCUSDT,SELL,3925,2025-11-26 10:45:00,86916.1,0.754,3.652,-3.549,29,lose,3,4,SSL,4,3,0.869,7.132,True,True,True,0.122,True,"[0.869, 1.768, 3.9, 7.037]"
BTCUSDT,BUY,3954,2025-11-26 18:00:00,90001.1,3.421,1.876,-1.848,409,win,3,3,BSL,3,3,3.46,5.135,True,False,True,0.674,True,"[3.46, 4.309, 8.027]"
BTCUSDT,SELL,4363,2025-12-01 00:15:00,88338.3,5.153,0.589,-0.505,153,win,2,3,SSL,3,2,3.349,6.272,True,False,True,0.534,True,"[3.349, 5.447, 8.533]"
BTCUSDT,BUY,4516,2025-12-02 14:30:00,88784.0,6.083,0.051,3.606,249,win,2,2,BSL,2,2,5.739,5.921,True,False,True,0.969,True,"[5.739, 9.508]"
BTCUSDT,SELL,4765,2025-12-05 04:45:00,91985.6,4.672,0.511,0.705,247,win,2,2,SSL,2,2,9.196,0.52,True,False,True,17.68,False,"[9.196, 12.16]"
BTCUSDT,BUY,5012,2025-12-07 18:30:00,91337.3,1.013,2.679,-1.191,87,lose,3,3,BSL,3,3,0.211,3.957,True,True,True,0.053,True,"[0.211, 1.234, 6.447]"
BTCUSDT,SELL,5099,2025-12-08 16:15:00,90249.7,0.976,3.812,-3.429,96,lose,2,5,SSL,5,2,0.683,1.419,True,True,True,0.482,True,"[0.683, 1.117, 2.8, 7.449, 10.471]"
BTCUSDT,BUY,5195,2025-12-09 16:15:00,93344.8,1.296,2.876,-2.465,132,lose,1,5,BSL,1,5,4.158,3.977,True,False,True,1.046,False,[4.158]
BTCUSDT,SELL,5327,2025-12-11 01:15:00,91044.0,2.025,2.75,-1.955,82,win,2,5,SSL,5,2,1.55,3.844,True,False,True,0.403,True,"[1.55, 1.98, 3.648, 8.257, 11.252]"
BTCUSDT,BUY,5409,2025-12-11 21:45:00,92823.6,0.372,3.657,-3.47,75,lose,3,5,BSL,3,5,0.691,3.437,True,True,True,0.201,True,"[0.691, 1.853, 4.742]"
BTCUSDT,SELL,5484,2025-12-12 16:30:00,89602.7,5.055,1.133,1.963,404,win,3,4,SSL,4,3,0.403,4.31,True,True,True,0.093,True,"[0.403, 2.098, 6.781, 9.824]"
BTCUSDT,BUY,5888,2025-12-16 21:30:00,87843.7,2.868,2.94,-1.408,133,win,5,3,BSL,5,3,2.083,3.025,True,False,True,0.689,True,"[2.083, 3.085, 6.399, 7.627, 10.68]"
BTCUSDT,SELL,6021,2025-12-18 06:45:00,86607.0,0.07,3.28,-2.172,30,lose,5,2,SSL,2,5,3.557,3.541,True,False,True,1.005,False,"[3.557, 6.705]"
BTCUSDT,BUY,6051,2025-12-18 14:15:00,88488.4,0.954,4.611,-3.44,37,lose,5,2,BSL,5,2,1.339,5.607,True,True,True,0.239,True,"[1.339, 2.334, 5.624, 6.843, 9.874]"
BTCUSDT,SELL,6088,2025-12-18 23:30:00,85444.7,0.447,3.419,-3.065,37,lose,5,2,SSL,2,5,2.245,4.949,True,False,True,0.454,True,"[2.245, 5.436]"
BTCUSDT,BUY,6125,2025-12-19 08:45:00,88063.2,2.88,1.44,0.188,359,win,5,2,BSL,5,2,1.828,5.151,True,False,True,0.355,True,"[1.828, 2.828, 6.134, 7.359, 10.404]"
BTCUSDT,SELL,6484,2025-12-23 02:30:00,88229.0,2.124,0.414,-0.168,247,win,5,3,SSL,3,5,1.499,0.439,True,True,True,3.417,False,"[1.499, 5.33, 8.42]"
BTCUSDT,BUY,6731,2025-12-25 16:15:00,88377.0,1.336,1.988,-1.581,95,lose,4,3,BSL,4,3,2.462,1.664,True,False,True,1.48,False,"[2.462, 5.757, 6.978, 10.012]"
BTCUSDT,SELL,6826,2025-12-26 16:00:00,86980.1,0.253,1.123,-0.909,163,lose,4,3,SSL,3,4,0.084,4.108,True,True,True,0.021,True,"[0.084, 3.97, 7.105]"
BTCUSDT,BUY,6989,2025-12-28 08:45:00,87771.1,2.965,0.42,-0.027,104,win,5,4,BSL,5,4,0.106,0.327,True,True,True,0.323,True,"[0.106, 3.17, 6.487, 7.716, 10.772]"
BTCUSDT,SELL,7093,2025-12-29 10:45:00,87747.2,1.125,1.571,-1.39,116,lose,4,3,SSL,3,4,0.958,3.198,True,True,True,0.3,True,"[0.958, 4.81, 7.917]"
BTCUSDT,BUY,7209,2025-12-30 15:45:00,88966.8,0.436,1.817,-1.549,102,lose,4,3,BSL,4,3,1.783,2.316,True,False,True,0.77,True,"[1.783, 5.056, 6.268, 9.283]"
BTCUSDT,SELL,7311,2025-12-31 17:15:00,87588.4,0.456,1.013,-0.797,113,lose,4,3,SSL,3,4,0.778,3.385,True,True,True,0.23,True,"[0.778, 4.637, 7.75]"
BTCUSDT,BUY,7424,2026-01-01 21:30:00,88286.3,7.333,0.026,3.962,466,win,4,4,BSL,4,4,2.568,0.559,True,False,True,4.597,False,"[2.568, 5.866, 7.088, 10.125]"
BTCUSDT,SELL,7890,2026-01-06 18:00:00,91784.2,2.77,2.223,0.868,466,win,1,6,SSL,6,1,0.963,5.929,True,True,True,0.162,True,"[0.963, 2.621, 4.348, 5.314, 8.997, 11.967]"
BTCUSDT,BUY,8356,2026-01-11 14:30:00,90987.1,1.65,1.012,-0.148,97,lose,2,5,BSL,2,5,0.706,0.858,True,True,True,0.823,True,"[0.706, 6.857]"
BTCUSDT,SELL,8453,2026-01-12 14:45:00,90852.7,0.215,1.592,-1.162,67,lose,2,4,SSL,4,2,3.368,1.8,True,False,True,1.871,False,"[3.368, 4.343, 8.064, 11.065]"
BTCUSDT,BUY,8520,2026-01-13 07:30:00,91908.8,6.554,0.227,3.857,248,win,2,4,BSL,2,4,0.63,4.478,True,True,True,0.141,True,"[0.63, 5.785]"
BTCUSDT,SELL,8768,2026-01-15 21:30:00,95453.9,8.641,0.402,4.979,756,win,0,6,SSL,6,0,0.883,,True,True,False,,False,"[0.883, 3.88, 8.026, 8.954, 12.495, 15.352]"
BTCUSDT,BUY,9524,2026-01-23 18:30:00,90700.9,0.0,1.731,-1.647,86,lose,0,3,BSL,0,3,,3.206,False,False,True,,False,[]
BTCUSDT,SELL,9610,2026-01-24 16:00:00,89207.3,3.571,0.266,0.473,235,win,1,4,SSL,4,1,0.075,0.454,True,True,True,0.166,True,"[0.075, 1.585, 6.368, 9.424]"
BTCUSDT,BUY,9845,2026-01-27 02:45:00,88785.7,2.035,1.712,-0.847,198,win,2,3,BSL,2,3,0.153,1.884,True,True,True,0.081,True,"[0.153, 0.931]"
BTCUSDT,SELL,10043,2026-01-29 04:15:00,88033.9,15.311,0.485,10.436,496,win,0,2,SSL,2,0,5.12,,True,False,False,,False,"[5.12, 8.217]"
BTCUSDT,BUY,10539,2026-02-03 08:15:00,78846.7,0.257,4.738,-4.726,37,lose,1,0,BSL,1,0,0.434,,True,True,False,,False,[0.434]
BTCUSDT,SELL,10576,2026-02-03 17:30:00,75120.3,20.394,2.439,7.854,282,win,1,0,SSL,0,1,,5.416,False,False,True,,False,[]
BTCUSDT,BUY,10858,2026-02-06 16:00:00,69220.6,4.449,2.847,-0.56,269,win,2,0,BSL,2,0,3.777,,True,False,False,,False,"[3.777, 14.401]"
BTCUSDT,SELL,11127,2026-02-09 11:15:00,68832.9,5.451,3.272,-0.045,400,win,1,1,SSL,1,1,0.479,15.045,True,True,True,0.032,True,[0.479]
BTCUSDT,BUY,11527,2026-02-13 15:15:00,68864.1,3.012,0.783,0.45,191,win,3,2,BSL,3,2,1.237,4.063,True,True,True,0.304,True,"[1.237, 2.899, 14.993]"
BTCUSDT,SELL,11718,2026-02-15 15:00:00,69174.0,5.173,1.354,1.826,449,win,1,2,SSL,2,1,4.493,14.478,True,False,True,0.31,True,"[4.493, 5.545]"
BTCUSDT,BUY,12167,2026-02-20 07:15:00,67910.6,1.143,2.212,-0.495,224,lose,4,1,BSL,4,1,0.559,2.716,True,True,True,0.206,True,"[0.559, 1.542, 3.18, 16.607]"
BTCUSDT,SELL,12391,2026-02-22 15:15:00,67574.2,7.655,0.334,2.536,234,win,2,1,SSL,1,2,0.158,3.693,True,True,True,0.043,True,[0.158]
BTCUSDT,BUY,12625,2026-02-25 01:45:00,65860.4,6.284,1.731,2.348,175,win,2,1,BSL,2,1,6.392,4.813,True,False,True,1.328,False,"[6.392, 20.237]"
BTCUSDT,SELL,12800,2026-02-26 21:30:00,67406.8,6.568,1.16,1.013,187,win,2,1,SSL,1,2,6.997,3.951,True,False,True,1.771,False,[6.997]
BTCUSDT,BUY,12987,2026-02-28 20:15:00,66723.9,5.06,2.567,-0.391,247,win,3,0,BSL,3,0,2.196,,True,False,False,,False,"[2.196, 5.015, 18.681]"
BTCUSDT,SELL,13234,2026-03-03 10:00:00,66462.9,0.576,4.852,-4.41,88,lose,1,1,SSL,1,1,1.802,19.147,True,False,True,0.094,True,[1.802]
BTCUSDT,BUY,13322,2026-03-04 08:00:00,69393.7,6.705,0.423,2.585,157,win,1,3,BSL,1,3,14.115,2.973,True,False,True,4.748,False,[14.115]
BTCUSDT,SELL,13479,2026-03-05 23:15:00,71187.2,7.892,0.281,2.542,349,win,2,3,SSL,3,2,5.417,4.058,True,False,True,1.335,False,"[5.417, 6.968, 8.319]"
BTCUSDT,BUY,13828,2026-03-09 14:30:00,69377.9,6.475,1.698,1.843,426,win,2,2,BSL,2,2,6.772,4.541,True,False,True,1.491,False,"[6.772, 14.141]"
BTCUSDT,SELL,14254,2026-03-14 01:00:00,70656.7,0.567,1.377,-1.253,110,lose,2,3,SSL,3,2,2.13,4.84,True,False,True,0.44,True,"[2.13, 6.269, 7.63]"
BTCUSDT,BUY,14364,2026-03-15 04:30:00,71541.9,6.23,0.45,1.19,320,win,2,4,BSL,2,4,3.542,1.617,True,False,True,2.191,False,"[3.542, 10.689]"
BTCUSDT,SELL,14684,2026-03-18 12:30:00,72393.2,7.035,0.213,2.366,480,win,3,4,SSL,4,3,2.774,3.32,True,False,True,0.835,True,"[2.774, 4.478, 8.517, 9.846]"
BTCUSDT,BUY,15164,2026-03-23 12:30:00,70680.5,1.569,2.253,-2.087,114,lose,4,2,BSL,4,2,1.218,6.301,True,True,True,0.193,True,"[1.218, 5.823, 7.149, 12.038]"
BTCUSDT,SELL,15278,2026-03-24 17:00:00,69205.2,0.463,3.056,-2.876,53,lose,4,2,SSL,2,4,4.303,3.376,True,False,True,1.275,False,"[4.303, 5.693]"
BTCUSDT,BUY,15331,2026-03-25 06:15:00,71195.8,1.129,2.069,-1.604,102,lose,4,2,BSL,4,2,0.486,6.979,True,True,True,0.07,True,"[0.486, 5.057, 6.373, 11.227]"
BTCUSDT,SELL,15433,2026-03-26 07:45:00,70053.8,6.499,0.111,4.304,226,win,3,2,SSL,2,3,5.462,6.77,True,False,True,0.807,True,"[5.462, 6.835]"
BTCUSDT,BUY,15659,2026-03-28 16:15:00,67038.9,1.996,3.163,-1.058,266,lose,5,2,BSL,5,2,0.228,1.211,True,True,True,0.189,True,"[0.228, 3.371, 11.572, 12.969, 18.124]"
BTCUSDT,SELL,15925,2026-03-31 10:45:00,66329.4,0.188,3.423,-2.857,50,lose,5,2,SSL,2,5,0.218,3.084,True,True,True,0.071,True,"[0.218, 1.604]"
BTCUSDT,BUY,15975,2026-03-31 23:15:00,68224.2,1.559,2.592,-2.423,113,lose,4,2,BSL,4,2,1.575,2.989,True,False,True,0.527,True,"[1.575, 9.633, 11.007, 16.071]"
BTCUSDT,SELL,16088,2026-04-02 03:30:00,66571.4,1.345,1.245,-0.959,232,lose,3,2,SSL,2,3,0.581,12.355,True,True,True,0.047,True,"[0.581, 1.962]"
BTCUSDT,BUY,16320,2026-04-04 13:30:00,67209.9,0.513,0.944,-0.793,95,lose,4,2,BSL,4,2,0.335,1.525,True,True,True,0.219,True,"[0.335, 11.288, 12.682, 17.823]"
BTCUSDT,SELL,16415,2026-04-05 13:15:00,66676.6,0.016,1.728,-1.44,30,lose,3,1,SSL,1,3,2.116,12.178,True,False,True,0.174,True,[2.116]
BTCUSDT,BUY,16445,2026-04-05 20:45:00,67636.7,3.986,0.478,0.896,157,win,3,1,BSL,3,1,10.586,3.506,True,False,True,3.019,False,"[10.586, 11.971, 17.08]"
BTCUSDT,SELL,16602,2026-04-07 12:00:00,68243.0,0.78,4.462,-3.639,42,lose,3,2,SSL,2,3,0.401,9.603,True,True,True,0.042,True,"[0.401, 4.363]"
BTCUSDT,BUY,16644,2026-04-07 22:30:00,70726.3,4.308,0.422,1.429,399,win,3,1,BSL,3,1,5.755,7.721,True,False,True,0.745,True,"[5.755, 7.08, 11.965]"
BTCUSDT,SELL,17043,2026-04-12 02:15:00,71737.3,1.783,0.967,-0.12,150,lose,3,2,SSL,2,3,1.704,4.264,True,False,True,0.4,True,"[1.704, 9.022]"
BTCUSDT,BUY,17193,2026-04-13 15:45:00,71823.6,9.017,0.27,5.863,462,win,3,2,BSL,3,2,4.139,1.822,True,False,True,2.271,False,"[4.139, 5.444, 10.255]"
BTCUSDT,SELL,17655,2026-04-18 11:15:00,76034.5,3.111,0.405,-0.267,219,win,1,4,SSL,4,1,1.818,4.148,True,False,True,0.438,True,"[1.818, 3.361, 7.26, 14.163]"
BTCUSDT,BUY,17874,2026-04-20 18:00:00,76237.4,4.206,1.914,1.634,272,win,1,2,BSL,1,2,3.871,7.506,True,False,True,0.516,True,[3.871]
BTCUSDT,SELL,18146,2026-04-23 14:00:00,77483.0,0.752,1.504,-0.625,260,lose,1,4,SSL,4,1,1.138,2.201,True,True,True,0.517,True,"[1.138, 3.359, 8.993, 15.768]"
BTCUSDT,BUY,18406,2026-04-26 07:00:00,77967.4,1.908,0.717,-0.503,102,lose,2,5,BSL,2,5,0.622,0.789,True,True,True,0.789,True,"[0.622, 1.567]"
BTCUSDT,SELL,18508,2026-04-27 08:30:00,77575.5,2.501,0.846,0.48,180,win,1,4,SSL,4,1,1.255,2.08,True,True,True,0.604,True,"[1.255, 3.474, 9.102, 15.868]"
BTCUSDT,BUY,18688,2026-04-29 05:30:00,77203.3,0.868,2.008,-1.805,43,lose,2,3,BSL,2,3,1.1,3.009,True,True,True,0.366,True,"[1.1, 2.572]"
BTCUSDT,SELL,18731,2026-04-29 16:15:00,75810.0,1.243,2.125,-1.764,140,lose,1,3,SSL,3,1,1.227,4.457,True,True,True,0.275,True,"[1.227, 6.985, 13.909]"
BTCUSDT,BUY,18871,2026-05-01 03:15:00,77147.2,7.364,0.406,4.916,609,win,1,4,BSL,1,4,2.646,1.034,True,False,True,2.558,False,[2.646]
BTCUSDT,SELL,19480,2026-05-07 11:30:00,80940.0,2.227,0.27,0.2,215,win,1,6,SSL,6,1,1.526,2.106,True,False,True,0.725,True,"[1.526, 3.761, 5.672, 7.487, 12.88, 19.366]"
BTCUSDT,BUY,19695,2026-05-09 17:15:00,80778.4,2.082,0.685,-0.292,263,win,1,6,BSL,1,6,2.31,1.329,True,False,True,1.738,False,[2.31]
BTCUSDT,SELL,19958,2026-05-12 11:00:00,80542.3,2.27,0.904,-0.543,210,win,1,6,SSL,6,1,1.04,1.871,True,True,True,0.556,True,"[1.04, 3.286, 5.206, 7.03, 12.45, 18.967]"
BTCUSDT,BUY,20168,2026-05-14 15:30:00,80979.9,1.258,2.891,-2.781,89,lose,1,6,BSL,1,6,1.32,2.646,True,True,True,0.499,True,[1.32]
BTCUSDT,SELL,20257,2026-05-15 13:45:00,78727.8,3.447,1.022,1.587,463,win,0,5,SSL,5,0,1.057,,True,True,False,,False,"[1.057, 3.021, 4.887, 10.432, 17.1]"
BTCUSDT,BUY,20720,2026-05-20 09:30:00,77478.3,0.906,1.227,-1.023,216,lose,2,4,BSL,2,4,0.804,1.457,True,True,True,0.551,True,"[0.804, 2.217]"
BTCUSDT,SELL,20936,2026-05-22 15:30:00,76685.6,3.237,0.501,1.199,110,win,2,3,SSL,3,2,2.354,1.846,True,False,True,1.276,False,"[2.354, 8.047, 14.892]"
BTCUSDT,BUY,21046,2026-05-23 19:00:00,75766.0,2.801,0.0,1.008,224,win,2,3,BSL,2,3,3.082,1.169,True,False,True,2.636,False,"[3.082, 4.527]"
BTCUSDT,SELL,21270,2026-05-26 03:00:00,76530.0,5.35,2.022,3.425,433,win,2,4,SSL,4,2,0.213,2.053,True,True,True,0.104,True,"[0.213, 2.156, 7.86, 14.719]"
BTCUSDT,BUY,21703,2026-05-30 15:15:00,73908.6,0.462,0.998,-0.878,155,lose,2,2,BSL,2,2,0.405,4.592,True,True,True,0.088,True,"[0.405, 7.154]"
BTCUSDT,SELL,21858,2026-06-01 06:00:00,73259.4,19.355,0.052,15.856,576,win,1,2,SSL,2,1,3.746,8.103,True,False,True,0.462,True,"[3.746, 10.912]"
BTCUSDT,BUY,22434,2026-06-07 06:00:00,61643.3,4.229,0.92,-0.214,227,win,3,2,BSL,3,2,3.54,1.986,True,False,True,1.782,False,"[3.54, 4.573, 28.474]"
BTCUSDT,SELL,22661,2026-06-09 14:45:00,61511.6,1.333,2.293,-1.74,156,lose,3,3,SSL,3,3,0.846,3.762,True,True,True,0.225,True,"[0.846, 1.776, 3.763]"
BTCUSDT,BUY,22817,2026-06-11 05:45:00,62581.7,3.446,0.426,1.879,341,win,4,1,BSL,4,1,0.729,5.408,True,True,True,0.135,True,"[0.729, 1.988, 3.005, 26.548]"
BTCUSDT,SELL,23158,2026-06-14 19:00:00,63757.6,0.064,2.971,-2.395,11,lose,1,2,SSL,2,1,2.324,24.214,True,False,True,0.096,True,"[2.324, 7.153]"
BTCUSDT,BUY,23169,2026-06-14 21:45:00,65284.4,3.019,0.561,0.683,197,win,1,3,BSL,1,3,21.309,2.2,True,False,True,9.686,False,[21.309]
BTCUSDT,SELL,23366,2026-06-16 23:00:00,65730.4,5.322,1.048,3.572,301,win,3,4,SSL,4,3,0.414,0.794,True,True,True,0.521,True,"[0.414, 2.864, 5.255, 9.94]"
BTCUSDT,BUY,23667,2026-06-20 02:15:00,63382.2,3.495,0.388,0.044,301,win,3,2,BSL,3,2,1.934,1.745,True,False,True,1.108,False,"[1.934, 5.648, 24.949]"
BTCUSDT,SELL,23968,2026-06-23 05:30:00,63409.9,6.86,0.03,2.58,199,win,3,2,SSL,2,3,1.788,3.111,True,False,True,0.575,True,"[1.788, 6.644]"
BTCUSDT,BUY,24167,2026-06-25 07:15:00,61774.1,0.254,6.061,-5.707,26,lose,4,0,BSL,4,0,2.023,,True,False,False,,False,"[2.023, 5.842, 8.398, 28.202]"
BTCUSDT,SELL,24193,2026-06-25 13:45:00,58248.4,0.0,4.267,-4.05,195,lose,5,1,SSL,1,5,0.164,6.536,True,True,True,0.025,True,[0.164]
BTCUSDT,BUY,24388,2026-06-27 14:30:00,60607.3,0.524,1.705,-1.679,104,lose,5,2,BSL,5,2,2.39,1.104,True,False,True,2.165,False,"[2.39, 3.987, 7.88, 10.485, 30.67]"
BTCUSDT,SELL,24492,2026-06-28 16:30:00,59589.9,3.073,1.961,-0.887,285,win,6,1,SSL,1,6,2.411,2.175,True,False,True,1.108,False,[2.411]
BTCUSDT,BUY,24777,2026-07-01 15:45:00,60118.6,6.441,0.937,2.686,468,win,6,0,BSL,6,0,1.277,,True,True,False,,False,"[1.277, 3.222, 4.832, 8.756, 11.383, 31.732]"
BTCUSDT,SELL,25245,2026-07-06 12:45:00,61733.6,0.707,3.635,-3.243,22,lose,3,1,SSL,1,3,0.373,5.911,True,True,True,0.063,True,[0.373]
BTCUSDT,BUY,25267,2026-07-06 18:15:00,63735.4,1.501,2.04,-1.794,144,lose,3,1,BSL,3,1,2.585,3.502,True,False,True,0.738,True,"[2.585, 5.062, 24.257]"
BTCUSDT,SELL,25411,2026-07-08 06:15:00,62592.1,1.713,1.109,-0.619,111,lose,4,1,SSL,1,4,1.739,2.978,True,False,True,0.584,True,[1.739]
BTCUSDT,BUY,25522,2026-07-09 10:00:00,62979.6,2.7,0.875,1.046,273,win,5,1,BSL,5,1,0.645,2.344,True,True,True,0.275,True,"[0.645, 2.344, 3.816, 6.323, 25.748]"
BTCUSDT,SELL,25795,2026-07-12 06:15:00,63638.6,2.88,1.215,-0.197,219,win,4,3,SSL,3,4,0.002,1.284,True,True,True,0.002,True,"[0.002, 1.653, 3.355]"
BTCUSDT,BUY,26014,2026-07-14 13:00:00,63764.2,2.863,0.336,0.505,176,win,3,0,BSL,3,0,2.539,,True,False,False,,False,"[2.539, 5.015, 24.201]"
BTCUSDT,SELL,26190,2026-07-16 09:00:00,64086.5,2.468,1.23,0.042,137,win,4,0,SSL,0,4,,1.32,False,False,True,,False,[]
BTCUSDT,BUY,26327,2026-07-17 19:15:00,64059.9,1.6,0.505,0.31,251,lose,4,1,BSL,4,1,1.362,2.182,True,True,True,0.624,True,"[1.362, 2.065, 4.53, 23.628]"
BTCUSDT,SELL,26578,2026-07-20 10:00:00,64258.6,0.349,2.224,-1.895,29,lose,2,2,SSL,2,2,0.522,4.207,True,True,True,0.124,True,"[0.522, 2.484]"
BTCUSDT,BUY,26607,2026-07-20 17:15:00,65476.4,2.211,0.71,0.449,182,win,2,2,BSL,2,2,2.269,2.372,True,False,True,0.956,True,"[2.269, 20.953]"
BTCUSDT,SELL,26789,2026-07-22 14:45:00,65770.2,3.199,0.902,2.207,316,win,1,2,SSL,2,1,2.809,20.413,True,False,True,0.138,True,"[2.809, 4.725]"
BTCUSDT,BUY,27105,2026-07-25 21:45:00,64318.6,2.183,0.876,-0.875,196,win,2,2,BSL,2,2,0.085,0.615,True,True,True,0.139,True,"[0.085, 23.13]"
BTCUSDT,SELL,27301,2026-07-27 22:45:00,63755.5,1.718,1.113,-1.067,129,lose,2,1,SSL,1,2,1.715,2.597,True,False,True,0.66,True,[1.715]
BTCUSDT,BUY,27430,2026-07-29 07:00:00,64435.9,1.483,1.865,-0.958,198,lose,2,2,BSL,2,2,1.513,1.639,True,False,True,0.923,True,"[1.513, 22.906]"
BTCUSDT,SELL,27628,2026-07-31 08:30:00,63818.6,2.491,0.256,0.667,170,win,2,1,SSL,1,2,1.812,2.495,True,False,True,0.726,True,[1.812]
BTCUSDT,BUY,27798,2026-08-02 03:00:00,63393.0,0.609,1.068,-0.991,109,lose,2,1,BSL,2,1,3.183,1.153,True,False,True,2.762,False,"[3.183, 24.928]"
BTCUSDT,SELL,27907,2026-08-03 06:15:00,62764.9,0.791,1.904,-1.456,36,lose,3,1,SSL,1,3,0.163,2.009,True,True,True,0.081,True,[0.163]
BTCUSDT,BUY,27943,2026-08-03 15:15:00,63678.5,2.11,0.61,0.859,342,win,3,1,BSL,3,1,0.546,1.596,True,True,True,0.342,True,"[0.546, 2.721, 24.368]"
BTCUSDT,SELL,28285,2026-08-07 04:45:00,64225.8,0.134,1.498,-1.291,26,lose,2,3,SSL,3,2,0.03,1.845,True,True,True,0.016,True,"[0.03, 1.083, 2.434]"
BTCUSDT,BUY,28311,2026-08-07 11:15:00,65055.0,0.466,0.868,-0.455,162,lose,2,3,BSL,2,3,0.547,1.304,True,True,True,0.42,True,"[0.547, 21.736]"
BTCUSDT,SELL,28473,2026-08-09 03:45:00,64758.9,0.018,0.751,-0.673,40,lose,3,2,SSL,2,3,1.897,0.289,True,False,True,6.57,False,"[1.897, 3.238]"
BTCUSDT,BUY,28513,2026-08-09 13:45:00,65195.0,0.441,1.093,-0.921,100,lose,2,3,BSL,2,3,0.331,0.618,True,True,True,0.536,True,"[0.331, 21.475]"
BTCUSDT,SELL,28613,2026-08-10 14:45:00,64594.6,2.141,0.15,0.564,181,win,2,2,SSL,2,2,1.648,0.544,True,False,True,3.03,False,"[1.648, 2.991]"
BTCUSDT,BUY,28794,2026-08-12 12:00:00,64230.5,0.342,1.463,-1.196,19,lose,2,2,BSL,2,2,1.114,1.09,True,True,True,1.022,False,"[1.114, 23.299]"
BTCUSDT,SELL,28813,2026-08-12 16:45:00,63462.3,1.541,0.833,0.264,382,lose,3,1,SSL,1,3,1.261,1.069,True,True,True,1.18,False,[1.261]
BTCUSDT,BUY,29195,2026-08-16 16:15:00,63294.8,0.119,0.97,-0.742,28,lose,3,1,BSL,3,1,1.336,0.999,True,True,True,1.337,False,"[1.336, 2.609, 25.122]"
BTCUSDT,SELL,29223,2026-08-16 23:15:00,62825.4,0.162,1.189,-1.01,24,lose,3,0,SSL,0,3,,2.093,False,False,True,,False,[]
BTCUSDT,BUY,29247,2026-08-17 05:15:00,63460.0,25.363,0.323,19.863,578,win,3,0,BSL,3,0,1.072,,True,True,False,,False,"[1.072, 2.341, 24.796]"
BTCUSDT,SELL,29825,2026-08-23 05:45:00,76065.0,0.256,2.62,-2.292,64,lose,1,0,SSL,0,1,,2.313,False,False,True,,False,[]
BTCUSDT,BUY,29889,2026-08-23 21:45:00,77808.7,2.784,1.49,2.125,110,win,0,0,BSL,0,0,,,False,False,False,,False,[]
DOGEUSDT,SELL,13,2025-10-16 16:45:00,0.1947,9.909,0.01,2.445,196,win,0,0,SSL,0,0,,,False,False,False,,False,[]
DOGEUSDT,BUY,209,2025-10-18 17:45:00,0.1899,6.582,2.085,1.827,237,win,1,2,BSL,1,2,0.293,2.296,True,True,True,0.128,True,[0.293]
DOGEUSDT,SELL,446,2025-10-21 05:00:00,0.1934,0.719,6.247,-6.061,42,lose,0,3,SSL,3,0,0.83,,True,True,False,,False,"[0.83, 4.064, 9.077]"
DOGEUSDT,BUY,488,2025-10-21 15:30:00,0.2051,0.224,6.221,-5.914,48,lose,0,2,BSL,0,2,,9.537,False,False,True,,False,[]
DOGEUSDT,SELL,536,2025-10-22 03:30:00,0.193,4.405,1.503,-0.684,127,win,0,2,SSL,2,0,3.865,,True,False,False,,False,"[3.865, 8.889]"
DOGEUSDT,BUY,663,2025-10-23 11:15:00,0.1943,3.521,1.493,0.515,261,win,0,1,BSL,0,1,,9.498,False,False,True,,False,[]
DOGEUSDT,SELL,924,2025-10-26 04:30:00,0.1953,0.133,2.868,-1.864,23,lose,0,1,SSL,1,0,9.962,,True,False,False,,False,[9.962]
DOGEUSDT,BUY,947,2025-10-26 10:15:00,0.1989,5.288,0.337,1.588,143,win,0,1,BSL,0,1,,11.591,False,False,True,,False,[]
DOGEUSDT,SELL,1090,2025-10-27 22:00:00,0.2021,12.757,0.455,7.932,388,win,0,1,SSL,1,0,12.991,,True,False,False,,False,[12.991]
DOGEUSDT,BUY,1478,2025-10-31 23:00:00,0.1861,1.457,1.806,-1.457,163,lose,1,1,BSL,1,1,0.992,2.136,True,True,True,0.464,True,[0.992]
DOGEUSDT,SELL,1641,2025-11-02 15:45:00,0.1834,17.393,1.827,8.89,337,win,1,1,SSL,1,1,0.695,2.479,True,True,True,0.28,True,[0.695]
DOGEUSDT,BUY,1978,2025-11-06 04:00:00,0.1671,0.174,4.119,-3.711,45,lose,1,0,BSL,1,0,0.644,,True,True,False,,False,[0.644]
DOGEUSDT,SELL,2023,2025-11-06 15:15:00,0.1608,2.449,3.998,-2.561,74,win,1,0,SSL,0,1,,4.587,False,False,True,,False,[]
DOGEUSDT,BUY,2097,2025-11-07 09:45:00,0.165,11.105,3.298,4.655,165,win,0,1,BSL,0,1,,4.691,False,False,True,,False,[]
DOGEUSDT,SELL,2262,2025-11-09 03:00:00,0.1726,0.886,4.298,-4.275,67,lose,1,2,SSL,2,1,7.772,6.298,True,False,True,1.234,False,"[7.772, 8.888]"
DOGEUSDT,BUY,2329,2025-11-09 19:45:00,0.18,3.516,3.244,-2.788,186,win,1,3,BSL,1,3,1.928,5.011,True,False,True,0.385,True,[1.928]
DOGEUSDT,SELL,2515,2025-11-11 18:15:00,0.175,2.383,1.983,-1.577,80,win,1,3,SSL,3,1,2.297,1.888,True,False,True,1.217,False,"[2.297, 9.037, 10.137]"
DOGEUSDT,BUY,2595,2025-11-12 14:15:00,0.1778,0.028,5.614,-5.119,11,lose,1,2,BSL,1,2,0.283,10.47,True,True,True,0.027,True,[0.283]
DOGEUSDT,SELL,2606,2025-11-12 17:00:00,0.1687,0.931,4.95,-4.239,60,lose,1,2,SSL,2,1,5.64,5.693,True,False,True,0.991,True,"[5.64, 6.781]"
DOGEUSDT,BUY,2666,2025-11-13 08:00:00,0.1758,1.035,6.677,-6.416,40,lose,1,2,BSL,1,2,1.424,9.451,True,True,True,0.151,True,[1.424]
DOGEUSDT,SELL,2706,2025-11-13 18:00:00,0.1645,9.274,0.997,2.115,481,win,0,2,SSL,2,0,3.231,,True,False,False,,False,"[3.231, 4.401]"
DOGEUSDT,BUY,3187,2025-11-18 18:15:00,0.1611,1.142,5.004,-4.799,88,lose,0,0,BSL,0,0,,,False,False,False,,False,[]
DOGEUSDT,SELL,3275,2025-11-19 16:15:00,0.1533,4.096,3.385,-3.3,50,win,1,0,SSL,0,1,,4.188,False,False,True,,False,[]
DOGEUSDT,BUY,3325,2025-11-20 04:45:00,0.1584,0.852,6.654,-6.535,51,lose,1,1,BSL,1,1,0.833,7.475,True,True,True,0.111,True,[0.833]
DOGEUSDT,SELL,3376,2025-11-20 17:30:00,0.148,10.051,3.418,2.905,236,win,0,1,SSL,1,0,0.973,,True,True,False,,False,[0.973]
DOGEUSDT,BUY,3612,2025-11-23 04:30:00,0.1437,7.082,1.294,3.145,236,win,1,0,BSL,1,0,6.827,,True,False,False,,False,[6.827]
DOGEUSDT,SELL,3848,2025-11-25 15:30:00,0.1483,0.492,5.214,-4.998,105,lose,0,1,SSL,1,0,1.244,,True,True,False,,False,[1.244]
DOGEUSDT,BUY,3953,2025-11-26 17:45:00,0.1557,0.681,3.655,-3.527,128,lose,0,2,BSL,0,2,,4.081,False,False,True,,False,[]
DOGEUSDT,SELL,4081,2025-11-28 01:45:00,0.1502,12.339,3.529,7.518,434,win,2,2,SSL,2,2,0.568,2.661,True,True,True,0.213,True,"[0.568, 2.493]"
DOGEUSDT,BUY,4515,2025-12-02 14:15:00,0.1389,10.426,0.194,6.523,236,win,2,2,BSL,2,2,11.013,2.977,True,False,True,3.7,False,"[11.013, 12.496]"
DOGEUSDT,SELL,4751,2025-12-05 01:15:00,0.1479,8.902,0.223,3.981,270,win,3,2,SSL,2,3,8.881,3.154,True,False,True,2.816,False,"[8.881, 10.7]"
DOGEUSDT,BUY,5021,2025-12-07 20:45:00,0.1421,2.063,4.435,-1.323,154,win,3,2,BSL,3,2,7.365,5.162,True,False,True,1.427,False,"[7.365, 8.513, 9.962]"
DOGEUSDT,SELL,5175,2025-12-09 11:15:00,0.1402,0.064,6.592,-6.399,19,lose,3,2,SSL,2,3,3.877,8.82,True,False,True,0.44,True,"[3.877, 5.795]"
DOGEUSDT,BUY,5194,2025-12-09 16:00:00,0.1492,2.668,4.64,-3.962,127,win,3,2,BSL,3,2,2.255,9.675,True,False,True,0.233,True,"[2.255, 3.35, 4.73]"
DOGEUSDT,SELL,5321,2025-12-10 23:45:00,0.1432,6.339,0.195,2.52,241,win,2,2,SSL,2,2,5.89,7.68,True,False,True,0.767,True,"[5.89, 7.769]"
DOGEUSDT,BUY,5562,2025-12-13 12:00:00,0.1396,0.244,2.858,-2.084,95,lose,2,1,BSL,2,1,10.457,5.39,True,False,True,1.94,False,"[10.457, 11.932]"
DOGEUSDT,SELL,5657,2025-12-14 11:45:00,0.1367,7.446,1.221,3.811,238,win,2,1,SSL,1,2,3.383,12.8,True,False,True,0.264,True,[3.383]
DOGEUSDT,BUY,5895,2025-12-16 23:15:00,0.1315,3.627,4.768,-4.365,77,win,2,0,BSL,2,0,17.26,,True,False,False,,False,"[17.26, 18.826]"
DOGEUSDT,SELL,5972,2025-12-17 18:30:00,0.1258,4.707,3.904,-1.59,148,win,3,0,SSL,0,3,,7.957,False,False,True,,False,[]
DOGEUSDT,BUY,6120,2025-12-19 07:30:00,0.1278,4.477,0.29,1.025,222,win,3,1,BSL,3,1,6.268,5.959,True,False,True,1.052,False,"[6.268, 20.655, 22.267]"
DOGEUSDT,SELL,6342,2025-12-21 15:00:00,0.1291,0.139,3.951,-2.433,71,lose,3,1,SSL,1,3,6.905,5.198,True,False,True,1.329,False,[6.905]
DOGEUSDT,BUY,6413,2025-12-22 08:45:00,0.1322,2.36,3.328,-2.556,120,win,3,2,BSL,3,2,2.731,2.231,True,False,True,1.224,False,"[2.731, 16.64, 18.197]"
DOGEUSDT,SELL,6533,2025-12-23 14:45:00,0.1288,6.458,1.583,3.671,437,win,2,1,SSL,1,2,6.689,19.719,True,False,True,0.339,True,[6.689]
DOGEUSDT,BUY,6970,2025-12-28 04:00:00,0.1241,3.134,1.362,-0.387,139,win,4,1,BSL,4,1,0.62,1.426,True,True,True,0.435,True,"[0.62, 2.56, 24.253, 25.912]"
DOGEUSDT,SELL,7109,2025-12-29 14:45:00,0.1236,6.705,1.44,2.661,268,win,2,1,SSL,1,2,1.028,24.755,True,True,True,0.042,True,[1.028]
DOGEUSDT,BUY,7377,2026-01-01 09:45:00,0.1203,30.098,0.141,20.542,514,win,2,1,BSL,2,1,28.177,4.568,True,False,True,6.169,False,"[28.177, 29.889]"
DOGEUSDT,SELL,7891,2026-01-06 18:15:00,0.1451,7.045,6.191,3.054,656,win,0,2,SSL,2,0,4.506,,True,False,False,,False,"[4.506, 20.879]"
DOGEUSDT,BUY,8547,2026-01-13 14:15:00,0.1406,7.566,0.946,1.444,149,win,0,2,BSL,0,2,,3.412,False,False,True,,False,[]
DOGEUSDT,SELL,8696,2026-01-15 03:30:00,0.1427,16.389,1.668,10.234,650,win,0,2,SSL,2,0,4.833,,True,False,False,,False,"[4.833, 19.548]"
DOGEUSDT,BUY,9346,2026-01-21 22:00:00,0.1281,0.07,3.858,-2.577,78,lose,0,1,BSL,0,1,,10.379,False,False,True,,False,[]
DOGEUSDT,SELL,9424,2026-01-22 17:30:00,0.1248,5.787,2.461,-0.2,474,win,1,2,SSL,2,1,1.71,2.636,True,False,True,0.649,True,"[1.71, 8.009]"
DOGEUSDT,BUY,9898,2026-01-27 16:00:00,0.125,2.136,2.632,-2.304,141,win,1,1,BSL,1,1,2.472,8.156,True,False,True,0.303,True,[2.472]
DOGEUSDT,SELL,10039,2026-01-29 03:15:00,0.1221,22.55,0.278,10.202,436,win,0,1,SSL,1,0,5.975,,True,False,False,,False,[5.975]
DOGEUSDT,BUY,10475,2026-02-02 16:15:00,0.1097,0.793,6.811,-5.453,191,lose,2,0,BSL,2,0,0.738,,True,True,False,,False,"[0.738, 7.511]"
DOGEUSDT,SELL,10666,2026-02-04 16:00:00,0.1037,22.934,1.755,4.07,194,win,1,0,SSL,0,1,,13.732,False,False,True,,False,[]
DOGEUSDT,BUY,10860,2026-02-06 16:30:00,0.0995,2.734,4.916,-4.323,252,win,1,1,BSL,1,1,18.533,20.181,True,False,True,0.918,True,[18.533]
DOGEUSDT,SELL,11112,2026-02-09 07:30:00,0.0952,7.713,1.881,1.334,304,win,1,1,SSL,1,1,16.576,23.887,True,False,True,0.694,True,[16.576]
DOGEUSDT,BUY,11416,2026-02-12 11:30:00,0.0939,25.229,3.482,12.556,312,win,3,2,BSL,3,2,0.135,5.857,True,True,True,0.023,True,"[0.135, 3.658, 25.602]"
DOGEUSDT,SELL,11728,2026-02-15 17:30:00,0.1057,9.689,0.0,5.431,504,win,1,4,SSL,4,1,8.923,11.58,True,False,True,0.771,True,"[8.923, 13.866, 16.367, 24.863]"
DOGEUSDT,BUY,12232,2026-02-20 23:30:00,0.0999,0.99,2.391,-1.871,105,lose,2,4,BSL,2,4,1.557,3.636,True,False,True,0.428,True,"[1.557, 18.058]"
DOGEUSDT,SELL,12337,2026-02-22 01:45:00,0.0981,6.852,0.061,1.376,138,win,1,4,SSL,4,1,1.867,20.224,True,False,True,0.092,True,"[1.867, 7.193, 9.888, 19.042]"
DOGEUSDT,BUY,12475,2026-02-23 12:15:00,0.0967,0.868,4.466,-4.053,30,lose,2,3,BSL,2,3,0.92,5.85,True,True,True,0.157,True,"[0.92, 21.965]"
DOGEUSDT,SELL,12505,2026-02-23 19:45:00,0.0928,3.168,2.295,-0.733,153,win,1,3,SSL,3,1,1.893,27.091,True,False,True,0.07,True,"[1.893, 4.741, 14.418]"
DOGEUSDT,BUY,12658,2026-02-25 10:00:00,0.0935,13.563,0.118,5.156,121,win,1,3,BSL,1,3,26.139,2.627,True,False,True,9.948,False,[26.139]
DOGEUSDT,SELL,12779,2026-02-26 16:15:00,0.0983,10.904,0.773,4.567,214,win,1,3,SSL,3,1,7.382,19.98,True,False,True,0.369,True,"[7.382, 10.071, 19.207]"
DOGEUSDT,BUY,12993,2026-02-28 21:45:00,0.0938,4.306,3.176,-2.984,89,win,2,2,BSL,2,2,4.716,5.757,True,False,True,0.819,True,"[4.716, 25.736]"
DOGEUSDT,SELL,13082,2026-03-01 20:00:00,0.091,0.582,6.724,-6.614,80,lose,2,2,SSL,2,2,2.857,7.938,True,False,True,0.36,True,"[2.857, 12.725]"
DOGEUSDT,BUY,13162,2026-03-02 16:00:00,0.097,0.721,6.059,-5.472,60,lose,2,2,BSL,2,2,1.261,8.866,True,True,True,0.142,True,"[1.261, 21.588]"
DOGEUSDT,SELL,13222,2026-03-03 07:00:00,0.0917,3.794,1.831,-1.363,112,win,1,2,SSL,2,1,3.599,28.615,True,False,True,0.126,True,"[3.599, 13.391]"
DOGEUSDT,BUY,13334,2026-03-04 11:00:00,0.093,12.142,1.656,2.173,109,win,1,2,BSL,1,2,26.817,4.946,True,False,True,5.422,False,[26.817]
DOGEUSDT,SELL,13443,2026-03-05 14:15:00,0.095,8.916,0.747,3.653,387,win,2,2,SSL,2,2,6.947,9.354,True,False,True,0.743,True,"[6.947, 16.4]"
DOGEUSDT,BUY,13830,2026-03-09 15:00:00,0.0915,9.724,1.562,0.087,155,win,3,2,BSL,3,2,0.608,3.388,True,True,True,0.18,True,"[0.608, 13.537, 28.896]"
DOGEUSDT,SELL,13985,2026-03-11 05:45:00,0.0916,0.611,4.574,-4.388,122,lose,2,3,SSL,3,2,1.31,13.413,True,True,True,0.098,True,"[1.31, 3.493, 13.297]"
DOGEUSDT,BUY,14107,2026-03-12 12:15:00,0.0956,6.651,2.667,0.324,160,win,2,4,BSL,2,4,8.668,3.268,True,False,True,2.653,False,"[8.668, 23.368]"
DOGEUSDT,SELL,14267,2026-03-14 04:15:00,0.0959,2.085,1.511,0.125,96,win,2,5,SSL,5,2,1.316,8.328,True,True,True,0.158,True,"[1.316, 3.57, 5.735, 7.821, 17.185]"
DOGEUSDT,BUY,14363,2026-03-15 04:15:00,0.0958,9.006,1.482,1.284,317,win,3,5,BSL,3,5,0.731,1.213,True,True,True,0.602,True,"[0.731, 8.441, 23.111]"
DOGEUSDT,SELL,14680,2026-03-18 11:30:00,0.097,8.223,0.052,2.937,489,win,2,4,SSL,4,2,4.664,4.645,True,False,True,1.004,False,"[4.664, 6.804, 8.866, 18.124]"
DOGEUSDT,BUY,15169,2026-03-23 13:45:00,0.0942,3.981,1.953,0.17,251,win,3,3,BSL,3,3,1.398,4.034,True,True,True,0.346,True,"[1.398, 7.756, 25.202]"
DOGEUSDT,SELL,15420,2026-03-26 04:30:00,0.0944,5.49,0.117,1.484,230,win,3,3,SSL,3,3,4.237,3.286,True,False,True,1.289,False,"[4.237, 6.356, 15.869]"
DOGEUSDT,BUY,15650,2026-03-28 14:00:00,0.093,2.539,2.851,-2.13,65,win,3,2,BSL,3,2,4.841,4.946,True,False,True,0.979,True,"[4.841, 9.146, 26.817]"
DOGEUSDT,SELL,15715,2026-03-29 06:15:00,0.091,3.429,2.308,-2.11,90,win,4,2,SSL,2,4,2.857,4.208,True,False,True,0.679,True,"[2.857, 12.725]"
DOGEUSDT,BUY,15805,2026-03-30 04:45:00,0.0929,1.087,3.412,-3.154,115,lose,4,2,BSL,4,2,2.076,4.844,True,False,True,0.429,True,"[2.076, 4.954, 9.264, 26.954]"
DOGEUSDT,SELL,15920,2026-03-31 09:30:00,0.09,0.756,3.69,-3.557,81,lose,4,2,SSL,2,4,1.778,5.365,True,False,True,0.331,True,"[1.778, 11.756]"
DOGEUSDT,BUY,16001,2026-04-01 05:45:00,0.0932,1.427,3.714,-3.338,84,lose,4,3,BSL,4,3,1.748,3.053,True,False,True,0.572,True,"[1.748, 4.616, 8.912, 26.545]"
DOGEUSDT,SELL,16085,2026-04-02 02:45:00,0.0901,1.277,2.41,-2.121,152,lose,4,2,SSL,2,4,1.887,5.248,True,False,True,0.359,True,"[1.887, 11.853]"
DOGEUSDT,BUY,16237,2026-04-03 16:45:00,0.092,1.229,1.598,-1.424,148,lose,4,2,BSL,4,2,3.075,1.788,True,False,True,1.719,False,"[3.075, 5.98, 10.333, 28.196]"
DOGEUSDT,SELL,16385,2026-04-05 05:45:00,0.0907,1.147,3.0,-2.724,74,lose,5,2,SSL,2,5,0.381,2.966,True,True,True,0.128,True,"[0.381, 12.437]"
DOGEUSDT,BUY,16459,2026-04-06 00:15:00,0.0931,0.505,3.533,-3.135,92,lose,5,2,BSL,5,2,0.311,2.949,True,True,True,0.106,True,"[0.311, 1.857, 4.728, 9.029, 26.681]"
DOGEUSDT,SELL,16551,2026-04-06 23:15:00,0.0902,0.233,3.603,-3.492,91,lose,4,1,SSL,1,4,11.951,5.132,True,False,True,2.329,False,[11.951]
DOGEUSDT,BUY,16642,2026-04-07 22:00:00,0.0934,2.849,2.496,-2.142,110,win,4,2,BSL,4,2,1.53,3.261,True,False,True,0.469,True,"[1.53, 4.392, 8.679, 26.274]"
DOGEUSDT,SELL,16752,2026-04-09 01:30:00,0.0914,0.547,2.835,-2.725,74,lose,4,2,SSL,2,4,1.144,3.752,True,True,True,0.305,True,"[1.144, 13.107]"
DOGEUSDT,BUY,16826,2026-04-09 20:00:00,0.0939,1.513,3.57,-3.026,215,lose,4,2,BSL,4,2,0.989,3.776,True,True,True,0.262,True,"[0.989, 3.836, 8.1, 25.602]"
DOGEUSDT,SELL,17041,2026-04-12 01:45:00,0.091,0.857,2.439,-2.231,168,lose,4,2,SSL,2,4,0.709,4.208,True,True,True,0.169,True,"[0.709, 12.725]"
DOGEUSDT,BUY,17209,2026-04-13 19:45:00,0.093,9.802,0.763,4.364,439,win,4,2,BSL,4,2,1.967,2.844,True,False,True,0.691,True,"[1.967, 4.841, 9.146, 26.817]"
DOGEUSDT,SELL,17648,2026-04-18 09:30:00,0.0971,4.779,0.082,1.298,242,win,2,3,SSL,3,2,4.105,4.538,True,False,True,0.905,True,"[4.105, 6.947, 18.208]"
DOGEUSDT,BUY,17890,2026-04-20 22:00:00,0.0958,5.217,2.442,1.377,647,win,3,3,BSL,3,3,0.553,2.804,True,True,True,0.197,True,"[0.553, 5.956, 23.111]"
DOGEUSDT,SELL,18537,2026-04-27 15:45:00,0.0972,0.154,3.942,-2.532,50,lose,2,2,SSL,2,2,7.043,4.43,True,False,True,1.59,False,"[7.043, 18.292]"
DOGEUSDT,BUY,18587,2026-04-28 04:15:00,0.0996,12.427,1.616,2.218,151,win,2,3,BSL,2,3,1.914,2.31,True,False,True,0.828,True,"[1.914, 18.414]"
DOGEUSDT,SELL,18738,2026-04-29 18:00:00,0.1018,0.913,6.403,-5.028,32,lose,1,4,SSL,4,1,0.437,15.855,True,True,True,0.028,True,"[0.437, 4.421, 11.243, 21.984]"
DOGEUSDT,BUY,18770,2026-04-30 02:00:00,0.107,9.612,2.506,5.086,663,win,2,4,BSL,2,4,0.931,5.276,True,True,True,0.177,True,"[0.931, 10.224]"
DOGEUSDT,SELL,19433,2026-05-06 23:45:00,0.1124,6.113,0.053,2.625,187,win,1,6,SSL,6,1,2.064,4.929,True,False,True,0.419,True,"[2.064, 6.731, 9.827, 13.435, 19.613, 29.342]"
DOGEUSDT,BUY,19620,2026-05-08 22:30:00,0.1094,1.69,1.599,-0.914,116,lose,2,6,BSL,2,6,2.31,2.306,True,False,True,1.002,False,"[2.31, 7.806]"
DOGEUSDT,SELL,19736,2026-05-10 03:30:00,0.1084,0.59,2.471,-2.241,57,lose,3,6,SSL,6,3,1.405,1.042,True,True,True,1.347,False,"[1.405, 3.29, 6.499, 10.241, 16.647, 26.734]"
DOGEUSDT,BUY,19793,2026-05-10 17:45:00,0.1109,6.963,4.212,0.577,472,win,2,6,BSL,2,6,0.927,3.627,True,True,True,0.255,True,"[0.927, 6.348]"
DOGEUSDT,SELL,20265,2026-05-15 15:45:00,0.1115,3.471,2.027,-0.161,171,win,0,8,SSL,8,0,0.215,,True,True,False,,False,"[0.215, 2.37, 4.146, 5.978, 9.099, 12.736, 18.964, 28.771]"
DOGEUSDT,BUY,20436,2026-05-17 10:30:00,0.1117,0.976,5.981,-4.468,56,lose,1,6,BSL,1,6,1.41,2.545,True,True,True,0.554,True,[1.41]
DOGEUSDT,SELL,20492,2026-05-18 00:30:00,0.1067,4.583,0.422,0.909,299,win,0,5,SSL,5,0,1.749,,True,False,False,,False,"[1.749, 5.009, 8.811, 15.319, 25.567]"
DOGEUSDT,BUY,20791,2026-05-21 03:15:00,0.1057,0.955,2.923,-1.702,166,lose,1,4,BSL,1,4,0.58,2.523,True,True,True,0.23,True,[0.58]
DOGEUSDT,SELL,20957,2026-05-22 20:45:00,0.1039,6.524,0.52,-0.221,95,win,0,3,SSL,3,0,6.353,,True,False,False,,False,"[6.353, 13.037, 23.561]"
DOGEUSDT,BUY,21052,2026-05-23 20:30:00,0.1042,0.826,3.514,-3.101,211,lose,0,3,BSL,0,3,,6.623,False,False,True,,False,[]
DOGEUSDT,SELL,21263,2026-05-26 01:15:00,0.1009,4.488,2.863,0.515,384,win,2,4,SSL,4,2,0.507,2.147,True,True,True,0.236,True,"[0.507, 3.569, 10.451, 21.288]"
DOGEUSDT,BUY,21647,2026-05-30 01:15:00,0.1004,1.354,1.454,-1.096,157,lose,1,4,BSL,1,4,0.696,1.628,True,True,True,0.427,True,[0.696]
DOGEUSDT,SELL,21804,2026-05-31 16:30:00,0.0993,21.851,2.245,16.222,622,win,1,4,SSL,4,1,0.539,1.811,True,True,True,0.297,True,"[0.539, 2.015, 9.008, 20.02]"
DOGEUSDT,BUY,22426,2026-06-07 04:00:00,0.0832,5.216,0.349,1.274,274,win,1,1,BSL,1,1,21.513,6.076,True,False,True,3.541,False,[21.513]
DOGEUSDT,SELL,22700,2026-06-10 00:30:00,0.0843,2.955,1.424,-0.878,135,win,3,2,SSL,2,3,1.872,1.487,True,False,True,1.259,False,"[1.872, 7.301]"
DOGEUSDT,BUY,22835,2026-06-11 10:15:00,0.085,8.776,0.988,1.294,175,win,3,2,BSL,3,2,0.651,2.68,True,True,True,0.243,True,"[0.651, 2.806, 18.94]"
DOGEUSDT,SELL,23010,2026-06-13 06:00:00,0.0861,0.07,2.485,-2.393,26,lose,1,3,SSL,3,1,1.075,17.42,True,True,True,0.062,True,"[1.075, 3.924, 9.239]"
DOGEUSDT,BUY,23036,2026-06-13 12:30:00,0.0882,0.715,2.303,-2.03,102,lose,1,3,BSL,1,3,14.624,3.431,True,False,True,4.263,False,[14.624]
DOGEUSDT,SELL,23138,2026-06-14 14:00:00,0.0864,0.857,3.138,-2.292,35,lose,2,3,SSL,3,2,1.419,2.82,True,True,True,0.503,True,"[1.419, 4.257, 9.554]"
DOGEUSDT,BUY,23173,2026-06-14 22:45:00,0.0883,2.864,1.834,-1.211,117,win,2,3,BSL,2,3,0.608,3.54,True,True,True,0.172,True,"[0.608, 14.495]"
DOGEUSDT,SELL,23290,2026-06-16 04:00:00,0.0873,6.302,2.028,3.506,397,win,1,3,SSL,3,1,2.435,15.806,True,False,True,0.154,True,"[2.435, 5.244, 10.487]"
DOGEUSDT,BUY,23687,2026-06-20 07:15:00,0.0842,0.047,2.387,-2.078,159,lose,1,2,BSL,1,2,20.07,1.756,True,False,True,11.431,False,[20.07]
DOGEUSDT,SELL,23846,2026-06-21 23:00:00,0.0825,0.473,2.607,-2.328,57,lose,2,1,SSL,1,2,5.279,1.851,True,False,True,2.852,False,[5.279]
DOGEUSDT,BUY,23903,2026-06-22 13:15:00,0.0844,0.77,3.069,-2.797,37,lose,1,1,BSL,1,1,19.785,7.411,True,False,True,2.67,False,[19.785]
DOGEUSDT,SELL,23940,2026-06-22 22:30:00,0.082,11.301,0.78,5.742,229,win,2,1,SSL,1,2,4.701,2.472,True,False,True,1.902,False,[4.701]
DOGEUSDT,BUY,24169,2026-06-25 07:45:00,0.0773,0.026,7.656,-7.268,24,lose,3,1,BSL,3,1,2.587,6.487,True,False,True,0.399,True,"[2.587, 8.703, 30.788]"
DOGEUSDT,SELL,24193,2026-06-25 13:45:00,0.0717,0.014,6.151,-5.816,148,lose,4,0,SSL,0,4,,6.098,False,False,True,,False,[]
DOGEUSDT,BUY,24341,2026-06-27 02:45:00,0.0759,0.712,2.003,-1.74,76,lose,4,2,BSL,4,2,0.227,1.179,True,True,True,0.193,True,"[0.227, 4.48, 10.708, 33.2]"
DOGEUSDT,SELL,24417,2026-06-27 21:45:00,0.0746,6.828,0.416,1.636,360,win,4,1,SSL,1,4,3.102,1.974,True,False,True,1.572,False,[3.102]
DOGEUSDT,BUY,24777,2026-07-01 15:45:00,0.0733,8.223,2.318,3.409,332,win,5,1,BSL,5,1,0.286,5.318,True,True,True,0.054,True,"[0.286, 3.782, 8.186, 14.635, 37.925]"
DOGEUSDT,SELL,25109,2026-07-05 02:45:00,0.0758,0.738,3.574,-3.481,78,lose,4,3,SSL,3,4,2.507,2.854,True,False,True,0.878,True,"[2.507, 5.213, 8.44]"
DOGEUSDT,BUY,25187,2026-07-05 22:15:00,0.0785,0.421,5.289,-4.499,61,lose,3,4,BSL,3,4,1.019,2.924,True,True,True,0.349,True,"[1.019, 7.041, 28.788]"
DOGEUSDT,SELL,25248,2026-07-06 13:30:00,0.0749,5.324,4.524,1.495,337,win,3,3,SSL,3,3,1.335,4.09,True,True,True,0.326,True,"[1.335, 4.074, 7.34]"
DOGEUSDT,BUY,25585,2026-07-10 01:45:00,0.0738,2.384,1.612,-1.531,185,win,3,2,BSL,3,2,2.017,2.644,True,False,True,0.763,True,"[2.017, 13.858, 36.99]"
DOGEUSDT,SELL,25770,2026-07-12 00:00:00,0.0727,2.518,2.036,-1.637,246,win,3,2,SSL,2,3,1.171,3.561,True,True,True,0.329,True,"[1.171, 4.536]"
DOGEUSDT,BUY,26016,2026-07-14 13:30:00,0.0739,2.003,1.76,-1.056,183,win,3,2,BSL,3,2,1.879,2.776,True,False,True,0.677,True,"[1.879, 13.704, 36.805]"
DOGEUSDT,SELL,26199,2026-07-16 11:15:00,0.0731,3.01,1.149,-0.068,463,win,4,2,SSL,2,4,1.712,0.496,True,False,True,3.447,False,"[1.712, 5.059]"
DOGEUSDT,BUY,26662,2026-07-21 07:00:00,0.0732,0.984,1.504,-1.025,101,lose,4,2,BSL,4,2,0.359,1.846,True,True,True,0.195,True,"[0.359, 2.853, 14.791, 38.113]"
DOGEUSDT,SELL,26763,2026-07-22 08:15:00,0.0724,6.008,1.519,2.293,315,win,4,2,SSL,2,4,0.761,1.468,True,True,True,0.518,True,"[0.761, 4.141]"
DOGEUSDT,BUY,27078,2026-07-25 15:00:00,0.0707,4.693,0.198,1.329,206,win,4,1,BSL,4,1,3.908,1.836,True,False,True,2.129,False,"[3.908, 6.49, 18.85, 42.997]"
DOGEUSDT,SELL,27284,2026-07-27 18:30:00,0.0717,5.692,0.698,2.218,519,win,4,1,SSL,1,4,3.205,2.459,True,False,True,1.303,False,[3.205]
DOGEUSDT,BUY,27803,2026-08-02 04:15:00,0.0701,1.94,1.669,-1.527,112,lose,5,1,BSL,5,1,0.782,2.227,True,True,True,0.351,True,"[0.782, 4.797, 7.402, 19.868, 44.221]"
DOGEUSDT,SELL,27915,2026-08-03 08:15:00,0.069,0.072,2.362,-1.898,80,lose,5,1,SSL,1,5,0.669,2.389,True,True,True,0.28,True,[0.669]
DOGEUSDT,BUY,27995,2026-08-04 04:15:00,0.0703,0.498,1.564,-1.01,191,lose,5,2,BSL,5,2,0.495,0.819,True,True,True,0.604,True,"[0.495, 4.499, 7.096, 19.527, 43.81]"
DOGEUSDT,SELL,28186,2026-08-06 04:00:00,0.0696,2.083,0.977,-0.747,134,win,5,1,SSL,1,5,1.525,1.506,True,False,True,1.013,False,[1.525]
DOGEUSDT,BUY,28320,2026-08-07 13:30:00,0.0701,2.053,1.098,-0.428,150,win,5,1,BSL,5,1,0.782,2.227,True,True,True,0.351,True,"[0.782, 4.797, 7.402, 19.868, 44.221]"
DOGEUSDT,SELL,28470,2026-08-09 03:00:00,0.0698,0.014,1.575,-1.518,76,lose,5,2,SSL,2,5,0.343,1.215,True,True,True,0.282,True,"[0.343, 1.807]"
DOGEUSDT,BUY,28546,2026-08-09 22:00:00,0.0709,0.071,2.652,-1.707,14,lose,4,2,BSL,4,2,3.615,1.889,True,False,True,1.914,False,"[3.615, 6.19, 18.515, 42.593]"
DOGEUSDT,SELL,28560,2026-08-10 01:30:00,0.0697,0.474,1.665,-1.578,142,lose,5,2,SSL,2,5,0.2,1.36,True,True,True,0.147,True,"[0.2, 1.666]"
DOGEUSDT,BUY,28702,2026-08-11 13:00:00,0.0708,3.348,1.285,0.085,105,win,4,2,BSL,4,2,3.761,1.75,True,False,True,2.149,False,"[3.761, 6.34, 18.682, 42.795]"
DOGEUSDT,SELL,28807,2026-08-12 15:15:00,0.0708,2.908,0.127,0.974,440,win,3,2,SSL,2,3,1.75,6.34,True,False,True,0.276,True,"[1.75, 3.194]"
DOGEUSDT,BUY,29247,2026-08-17 05:15:00,0.0702,44.028,0.869,26.938,730,win,4,1,BSL,4,1,0.335,0.91,True,True,True,0.368,True,"[0.335, 7.249, 19.697, 44.015]"
DOGEUSDT,SELL,29977,2026-08-24 19:45:00,0.0891,0.505,3.054,-2.032,22,lose,0,0,SSL,0,0,,,False,False,False,,False,[]
ETHUSDT,SELL,19,2025-10-16 18:15:00,3887.38,5.566,1.561,0.063,191,win,0,0,SSL,0,0,,,False,False,False,,False,[]
ETHUSDT,BUY,210,2025-10-18 18:00:00,3884.95,5.149,1.929,1.973,194,win,0,2,BSL,0,2,,0.904,False,False,True,,False,[]
ETHUSDT,SELL,404,2025-10-20 18:30:00,3961.61,3.115,3.084,-2.999,85,win,1,1,SSL,1,1,7.251,3.41,True,False,True,2.126,False,[7.251]
ETHUSDT,BUY,489,2025-10-21 15:45:00,4080.41,0.686,6.495,-5.207,40,lose,1,1,BSL,1,1,0.399,9.951,True,True,True,0.04,True,[0.399]
ETHUSDT,SELL,529,2025-10-22 01:45:00,3867.95,4.179,0.97,-0.541,128,win,0,1,SSL,1,0,5.005,,True,False,False,,False,[5.005]
ETHUSDT,BUY,657,2025-10-23 09:45:00,3888.88,9.363,2.105,4.636,453,win,0,1,BSL,0,1,,5.516,False,False,True,,False,[]
ETHUSDT,SELL,1110,2025-10-28 03:00:00,4069.17,9.62,2.578,5.291,369,win,0,2,SSL,2,0,3.714,,True,False,False,,False,"[3.714, 9.703]"
ETHUSDT,BUY,1479,2025-10-31 23:15:00,3853.87,1.638,1.917,-1.465,206,lose,1,1,BSL,1,1,1.077,0.99,True,True,True,1.088,False,[1.077]
ETHUSDT,SELL,1685,2025-11-03 02:45:00,3797.4,19.55,0.2,9.575,252,win,0,0,SSL,0,0,,,False,False,False,,False,[]
ETHUSDT,BUY,1937,2025-11-05 17:45:00,3433.78,1.317,5.402,-5.069,91,lose,1,2,BSL,1,2,6.386,5.101,True,False,True,1.252,False,[6.386]
ETHUSDT,SELL,2028,2025-11-06 16:30:00,3259.71,2.049,5.485,-5.121,107,win,2,2,SSL,2,2,0.033,6.576,True,True,True,0.005,True,"[0.033, 6.081]"
ETHUSDT,BUY,2135,2025-11-07 19:15:00,3426.63,1.849,2.14,-1.563,134,lose,2,1,BSL,2,1,1.384,10.656,True,True,True,0.13,True,"[1.384, 6.608]"
ETHUSDT,SELL,2269,2025-11-09 04:45:00,3373.08,0.062,5.356,-5.356,38,lose,1,2,SSL,2,1,0.387,8.301,True,True,True,0.047,True,"[0.387, 9.237]"
ETHUSDT,BUY,2307,2025-11-09 14:15:00,3553.74,2.934,1.971,-1.921,196,win,1,2,BSL,1,2,2.795,5.451,True,False,True,0.513,True,[2.795]
ETHUSDT,SELL,2503,2025-11-11 15:15:00,3485.46,2.365,2.397,-1.801,82,win,1,2,SSL,2,1,3.599,3.003,True,False,True,1.199,False,"[3.599, 12.164]"
ETHUSDT,BUY,2585,2025-11-12 11:45:00,3548.24,1.099,5.023,-4.15,21,lose,1,2,BSL,1,2,1.18,5.305,True,True,True,0.223,True,[1.18]
ETHUSDT,SELL,2606,2025-11-12 17:00:00,3400.98,0.887,4.823,-4.004,59,lose,0,1,SSL,1,0,9.982,,True,False,False,,False,[9.982]
ETHUSDT,BUY,2665,2025-11-13 07:45:00,3537.16,0.335,5.204,-4.82,34,lose,0,1,BSL,0,1,,13.448,False,False,True,,False,[]
ETHUSDT,SELL,2699,2025-11-13 16:15:00,3366.66,12.575,0.64,6.228,489,win,0,1,SSL,1,0,9.064,,True,False,False,,False,[9.064]
ETHUSDT,BUY,3188,2025-11-18 18:30:00,3157.0,0.389,5.285,-4.018,47,lose,1,0,BSL,1,0,2.378,,True,False,False,,False,[2.378]
ETHUSDT,SELL,3235,2025-11-19 06:15:00,3030.15,13.536,2.733,7.044,368,win,1,0,SSL,0,1,,6.664,False,False,True,,False,[]
ETHUSDT,BUY,3603,2025-11-23 02:15:00,2816.7,10.022,1.964,6.271,615,win,4,2,BSL,4,2,2.773,2.637,True,False,True,1.052,False,"[2.773, 8.469, 10.27, 14.747]"
ETHUSDT,SELL,4218,2025-11-29 12:00:00,2993.33,1.113,1.967,-1.447,107,lose,1,2,SSL,2,1,8.382,7.976,True,False,True,1.051,False,"[8.382, 9.45]"
ETHUSDT,BUY,4325,2025-11-30 14:45:00,3036.64,0.389,5.232,-4.771,38,lose,2,2,BSL,2,2,0.228,9.689,True,True,True,0.024,True,"[0.228, 6.436]"
ETHUSDT,SELL,4363,2025-12-01 00:15:00,2891.77,6.007,0.111,0.2,153,win,2,2,SSL,2,2,5.165,5.25,True,False,True,0.984,True,"[5.165, 6.27]"
ETHUSDT,BUY,4516,2025-12-02 14:30:00,2885.99,12.241,0.128,7.499,289,win,2,2,BSL,2,2,5.46,3.61,True,False,True,1.513,False,"[5.46, 11.992]"
ETHUSDT,SELL,4805,2025-12-05 14:45:00,3102.42,6.404,1.759,-0.857,209,win,1,3,SSL,3,1,4.139,2.705,True,False,True,1.53,False,"[4.139, 10.334, 11.604]"
ETHUSDT,BUY,5014,2025-12-07 19:00:00,3129.02,10.134,3.804,2.581,319,win,1,3,BSL,1,3,1.832,7.411,True,False,True,0.247,True,[1.832]
ETHUSDT,SELL,5333,2025-12-11 02:45:00,3209.79,5.835,1.952,1.595,418,win,0,5,SSL,5,0,4.423,,True,False,False,,False,"[4.423, 6.03, 9.741, 13.334, 14.561]"
ETHUSDT,BUY,5751,2025-12-15 11:15:00,3158.6,0.013,5.496,-4.647,17,lose,2,3,BSL,2,3,0.408,8.278,True,True,True,0.049,True,"[0.408, 3.354]"
ETHUSDT,SELL,5768,2025-12-15 15:30:00,3011.82,7.381,0.604,2.565,282,win,2,3,SSL,3,2,3.808,5.302,True,False,True,0.718,True,"[3.808, 7.637, 8.945]"
ETHUSDT,BUY,6050,2025-12-18 14:00:00,2934.57,4.887,5.507,1.972,418,win,3,2,BSL,3,2,2.911,5.206,True,False,True,0.559,True,"[2.911, 8.074, 11.244]"
ETHUSDT,SELL,6468,2025-12-22 22:30:00,2992.43,3.532,1.423,0.446,320,win,3,3,SSL,3,3,1.576,2.169,True,False,True,0.726,True,"[1.576, 7.038, 8.355]"
ETHUSDT,BUY,6788,2025-12-26 06:30:00,2979.08,0.463,2.889,-2.374,41,lose,3,3,BSL,3,3,2.627,2.473,True,False,True,1.062,False,"[2.627, 6.459, 9.582]"
ETHUSDT,SELL,6829,2025-12-26 16:45:00,2908.36,0.075,1.77,-1.156,168,lose,4,3,SSL,3,4,0.101,2.211,True,True,True,0.046,True,"[0.101, 4.351, 5.706]"
ETHUSDT,BUY,6997,2025-12-28 10:45:00,2941.99,3.875,1.031,-0.789,101,win,4,4,BSL,4,4,1.043,0.254,True,True,True,4.105,False,"[1.043, 3.921, 7.801, 10.964]"
ETHUSDT,SELL,7098,2025-12-29 12:00:00,2918.77,0.349,3.08,-2.458,113,lose,2,3,SSL,3,2,0.458,8.659,True,True,True,0.053,True,"[0.458, 4.692, 6.042]"
ETHUSDT,BUY,7211,2025-12-30 16:15:00,2990.5,10.617,1.646,7.487,752,win,3,4,BSL,3,4,0.41,1.872,True,True,True,0.219,True,"[0.41, 6.052, 9.164]"
ETHUSDT,SELL,7963,2026-01-07 12:15:00,3214.4,5.039,0.423,3.128,387,win,0,5,SSL,5,0,2.838,,True,False,False,,False,"[2.838, 4.468, 9.613, 13.458, 14.683]"
ETHUSDT,BUY,8350,2026-01-11 13:00:00,3113.84,1.832,1.686,-0.44,151,lose,2,4,BSL,2,4,1.048,1.383,True,True,True,0.758,True,"[1.048, 2.037]"
ETHUSDT,SELL,8501,2026-01-13 02:45:00,3100.13,0.01,2.837,-2.677,52,lose,0,3,SSL,3,0,6.281,,True,False,False,,False,"[6.281, 10.268, 11.539]"
ETHUSDT,BUY,8553,2026-01-13 15:45:00,3183.11,6.932,0.405,3.562,242,win,0,3,BSL,0,3,,8.724,False,False,True,,False,[]
ETHUSDT,SELL,8795,2026-01-16 04:15:00,3296.49,1.367,0.948,-0.928,141,lose,2,4,SSL,4,2,0.687,0.811,True,True,True,0.847,True,"[0.687, 11.863, 15.613, 16.808]"
ETHUSDT,BUY,8936,2026-01-17 15:30:00,3327.08,1.229,4.571,-3.738,131,lose,1,3,BSL,1,3,1.729,12.674,True,False,True,0.136,True,[1.729]
ETHUSDT,SELL,9067,2026-01-19 00:15:00,3202.7,13.069,0.999,8.085,731,win,0,3,SSL,3,0,9.282,,True,False,False,,False,"[9.282, 13.142, 14.372]"
ETHUSDT,BUY,9798,2026-01-26 15:00:00,2943.77,3.439,1.999,0.393,254,win,3,2,BSL,3,2,0.71,1.968,True,True,True,0.361,True,"[0.71, 2.969, 3.852]"
ETHUSDT,SELL,10052,2026-01-29 06:30:00,2955.33,41.258,0.463,30.925,810,win,0,1,SSL,1,0,7.204,,True,False,False,,False,[7.204]
ETHUSDT,BUY,10862,2026-02-06 17:00:00,2041.4,5.418,2.354,-0.706,261,win,4,2,BSL,4,2,5.064,9.138,True,False,True,0.554,True,"[5.064, 15.256, 17.352, 20.641]"
ETHUSDT,SELL,11123,2026-02-09 10:15:00,2026.98,0.936,5.715,-4.828,35,lose,4,3,SSL,3,4,1.576,5.812,True,False,True,0.271,True,"[1.576, 8.492, 14.934]"
ETHUSDT,BUY,11158,2026-02-09 19:00:00,2124.85,1.089,6.061,-5.397,48,lose,4,3,BSL,4,3,0.938,6.109,True,True,True,0.154,True,"[0.938, 10.73, 12.743, 15.903]"
ETHUSDT,SELL,11206,2026-02-10 07:00:00,2010.18,5.791,1.787,-1.42,321,win,4,3,SSL,3,4,0.753,6.696,True,True,True,0.113,True,"[0.753, 7.727, 14.223]"
ETHUSDT,BUY,11527,2026-02-13 15:15:00,2038.73,3.35,2.292,-1.841,186,win,4,3,BSL,4,3,5.202,6.214,True,False,True,0.837,True,"[5.202, 15.407, 17.506, 20.799]"
ETHUSDT,SELL,11713,2026-02-15 13:45:00,2001.2,3.716,1.852,-1.404,266,win,4,3,SSL,3,4,4.455,7.175,True,False,True,0.621,True,"[4.455, 7.313, 13.838]"
ETHUSDT,BUY,11979,2026-02-18 08:15:00,2029.29,0.035,4.06,-3.84,42,lose,4,3,BSL,4,3,5.691,5.778,True,False,True,0.985,True,"[5.691, 15.944, 18.052, 21.361]"
ETHUSDT,SELL,12021,2026-02-18 18:45:00,1951.37,2.351,1.821,-1.123,256,win,5,3,SSL,3,5,2.015,3.33,True,False,True,0.605,True,"[2.015, 4.946, 11.638]"
ETHUSDT,BUY,12277,2026-02-21 10:45:00,1973.29,1.183,1.574,-1.355,111,lose,6,3,BSL,6,3,0.219,1.11,True,True,True,0.198,True,"[0.219, 2.182, 8.691, 19.235, 21.402, 24.805]"
ETHUSDT,SELL,12388,2026-02-22 14:30:00,1946.55,7.734,0.691,0.649,238,win,5,2,SSL,2,5,4.711,1.596,True,False,True,2.952,False,"[4.711, 11.419]"
ETHUSDT,BUY,12626,2026-02-25 02:00:00,1933.91,11.171,2.94,2.768,159,win,4,2,BSL,4,2,10.904,6.614,True,False,True,1.649,False,"[10.904, 21.663, 23.874, 27.347]"
ETHUSDT,SELL,12785,2026-02-26 17:45:00,1987.44,7.717,3.838,1.47,207,win,4,2,SSL,2,4,9.129,4.638,True,False,True,1.968,False,"[9.129, 13.242]"
ETHUSDT,BUY,12992,2026-02-28 21:30:00,1958.23,4.925,2.672,-0.686,98,win,5,2,BSL,5,2,4.617,7.774,True,False,True,0.594,True,"[4.617, 6.199, 20.152, 22.336, 25.765]"
ETHUSDT,SELL,13090,2026-03-01 22:00:00,1944.79,1.614,6.761,-6.406,72,lose,4,3,SSL,3,4,1.401,6.932,True,True,True,0.202,True,"[1.401, 7.137, 11.339]"
ETHUSDT,BUY,13162,2026-03-02 16:00:00,2069.37,0.949,6.348,-5.945,72,lose,4,3,BSL,4,3,0.495,7.337,True,True,True,0.067,True,"[0.495, 13.699, 15.766, 19.011]"
ETHUSDT,SELL,13234,2026-03-03 10:00:00,1946.35,1.029,6.867,-6.632,93,lose,3,3,SSL,3,3,1.48,20.885,True,True,True,0.071,True,"[1.48, 7.211, 11.41]"
ETHUSDT,BUY,13327,2026-03-04 09:15:00,2075.44,5.976,1.939,-0.175,156,win,3,4,BSL,3,4,13.366,5.97,True,False,True,2.239,False,"[13.366, 15.427, 18.663]"
ETHUSDT,SELL,13483,2026-03-06 00:15:00,2071.8,7.972,0.994,2.744,325,win,6,4,SSL,4,6,5.804,0.79,True,False,True,7.346,False,"[5.804, 7.445, 12.829, 16.774]"
ETHUSDT,BUY,13808,2026-03-09 09:30:00,2014.94,9.655,1.734,3.162,471,win,6,2,BSL,6,2,3.634,10.37,True,False,True,0.35,True,"[3.634, 6.792, 9.407, 16.77, 18.893, 22.225]"
ETHUSDT,SELL,14279,2026-03-14 07:15:00,2078.66,0.893,1.813,-1.431,88,lose,4,4,SSL,4,4,2.601,1.164,True,False,True,2.235,False,"[2.601, 4.206, 13.117, 17.049]"
ETHUSDT,BUY,14367,2026-03-15 05:15:00,2108.4,13.156,1.105,7.31,316,win,3,5,BSL,3,5,11.594,1.777,True,False,True,6.523,False,"[11.594, 13.623, 16.808]"
ETHUSDT,SELL,14683,2026-03-18 12:15:00,2262.53,10.65,0.0,5.231,481,win,2,4,SSL,4,2,10.517,5.882,True,False,True,1.788,False,"[10.517, 11.991, 20.178, 23.79]"
ETHUSDT,BUY,15164,2026-03-23 12:30:00,2144.18,2.608,1.967,-1.095,265,win,3,4,BSL,3,4,1.98,5.578,True,False,True,0.355,True,"[1.98, 11.727, 14.858]"
ETHUSDT,SELL,15429,2026-03-26 06:45:00,2120.71,7.286,0.261,4.409,227,win,3,4,SSL,4,3,4.533,3.109,True,False,True,1.458,False,"[4.533, 6.105, 14.84, 18.694]"
ETHUSDT,BUY,15656,2026-03-28 15:30:00,2027.21,0.087,1.926,-1.595,77,lose,4,3,BSL,4,3,2.937,1.775,True,False,True,1.655,False,"[2.937, 7.865, 18.173, 21.486]"
ETHUSDT,SELL,15733,2026-03-29 10:45:00,1994.88,2.924,2.855,-2.563,70,win,4,2,SSL,2,4,9.468,4.605,True,False,True,2.056,False,"[9.468, 13.565]"
ETHUSDT,BUY,15803,2026-03-30 04:15:00,2046.0,5.924,1.698,0.341,285,win,4,3,BSL,4,3,1.992,4.913,True,False,True,0.405,True,"[1.992, 6.874, 17.088, 20.37]"
ETHUSDT,SELL,16088,2026-04-02 03:30:00,2052.97,1.823,1.512,-0.558,273,lose,4,4,SSL,4,4,1.729,4.859,True,False,True,0.356,True,"[1.729, 5.236, 12.03, 16.011]"
ETHUSDT,BUY,16361,2026-04-04 23:45:00,2064.43,0.008,1.846,-1.425,31,lose,4,5,BSL,4,5,4.277,0.843,True,False,True,5.075,False,"[4.277, 5.92, 16.043, 19.295]"
ETHUSDT,SELL,16392,2026-04-05 07:30:00,2035.02,0.708,3.035,-3.016,62,lose,4,4,SSL,4,4,0.862,5.784,True,True,True,0.149,True,"[0.862, 4.4, 11.254, 15.27]"
ETHUSDT,BUY,16454,2026-04-05 23:00:00,2096.4,3.721,0.482,0.553,114,win,4,5,BSL,4,5,2.686,2.355,True,False,True,1.141,False,"[2.686, 4.305, 14.273, 17.476]"
ETHUSDT,SELL,16568,2026-04-07 03:30:00,2107.99,2.371,3.976,-3.274,76,win,3,5,SSL,5,3,2.892,2.122,True,False,True,1.363,False,"[2.892, 4.294, 7.709, 14.326, 18.203]"
ETHUSDT,BUY,16644,2026-04-07 22:30:00,2177.01,4.409,0.781,0.136,133,win,2,4,BSL,2,4,10.042,7.328,True,False,True,1.37,False,"[10.042, 13.126]"
ETHUSDT,SELL,16777,2026-04-09 07:45:00,2179.97,1.1,3.036,-1.911,120,lose,3,5,SSL,5,3,0.575,3.621,True,True,True,0.159,True,"[0.575, 7.454, 10.757, 17.155, 20.904]"
ETHUSDT,BUY,16897,2026-04-10 13:45:00,2221.64,4.877,0.726,0.028,148,win,3,5,BSL,3,5,1.677,2.44,True,False,True,0.687,True,"[1.677, 7.831, 10.854]"
ETHUSDT,SELL,17045,2026-04-12 02:45:00,2222.26,2.217,1.023,-0.832,162,win,2,5,SSL,5,2,2.467,7.801,True,False,True,0.316,True,"[2.467, 9.215, 12.455, 18.731, 22.409]"
ETHUSDT,BUY,17207,2026-04-13 19:15:00,2240.74,7.839,0.056,3.703,126,win,2,5,BSL,2,5,6.912,3.271,True,False,True,2.113,False,"[6.912, 9.909]"
ETHUSDT,SELL,17333,2026-04-15 02:45:00,2323.71,0.728,2.623,-1.288,91,lose,2,6,SSL,6,2,1.051,3.095,True,True,True,0.34,True,"[1.051, 6.725, 13.178, 16.277, 22.279, 25.797]"
ETHUSDT,BUY,17424,2026-04-16 01:30:00,2353.64,4.683,3.014,0.89,225,win,1,6,BSL,1,6,4.637,2.309,True,False,True,2.008,False,[4.637]
ETHUSDT,SELL,17649,2026-04-18 09:45:00,2374.59,5.208,0.003,1.856,233,win,1,6,SSL,6,1,3.171,3.713,True,False,True,0.854,True,"[3.171, 8.724, 15.039, 18.071, 23.945, 27.387]"
ETHUSDT,BUY,17882,2026-04-20 20:00:00,2330.51,3.969,2.132,0.391,223,win,3,6,BSL,3,6,0.19,2.828,True,True,True,0.067,True,"[0.19, 1.121, 5.675]"
ETHUSDT,SELL,18105,2026-04-23 03:45:00,2339.62,2.407,0.774,0.333,305,win,2,7,SSL,7,2,1.683,2.985,True,False,True,0.564,True,"[1.683, 3.206, 7.359, 13.769, 16.846, 22.808, 26.301]"
ETHUSDT,BUY,18410,2026-04-26 08:00:00,2331.82,3.095,0.932,-0.533,91,win,2,7,BSL,2,7,3.329,1.354,True,False,True,2.458,False,"[3.329, 5.616]"
ETHUSDT,SELL,18501,2026-04-27 06:45:00,2319.4,2.732,0.981,-0.269,187,win,2,7,SSL,7,2,0.826,3.883,True,True,True,0.213,True,"[0.826, 2.363, 6.552, 13.017, 16.121, 22.135, 25.659]"
ETHUSDT,BUY,18688,2026-04-29 05:30:00,2325.64,0.896,2.794,-2.555,45,lose,2,5,BSL,2,5,3.604,6.803,True,False,True,0.53,True,"[3.604, 5.896]"
ETHUSDT,SELL,18733,2026-04-29 16:45:00,2266.22,2.091,1.27,-0.735,147,win,3,5,SSL,5,3,4.359,2.559,True,False,True,1.704,False,"[4.359, 10.976, 14.153, 20.308, 23.914]"
ETHUSDT,BUY,18880,2026-05-01 05:30:00,2282.87,6.117,0.537,2.873,530,win,3,7,BSL,3,7,1.811,0.919,True,False,True,1.97,False,"[1.811, 5.545, 7.88]"
ETHUSDT,SELL,19410,2026-05-06 18:00:00,2348.46,3.621,0.322,1.457,231,win,1,8,SSL,8,1,1.82,4.867,True,False,True,0.374,True,"[1.82, 3.686, 5.21, 7.708, 14.093, 17.159, 23.099, 26.579]"
ETHUSDT,BUY,19641,2026-05-09 03:45:00,2314.24,2.923,0.92,-0.289,279,win,2,8,BSL,2,8,0.791,0.369,True,True,True,2.144,False,"[0.791, 6.418]"
ETHUSDT,SELL,19920,2026-05-12 01:30:00,2307.55,2.271,0.62,-0.421,127,win,3,7,SSL,7,3,1.979,1.005,True,False,True,1.969,False,"[1.979, 3.53, 6.072, 12.57, 15.691, 21.735, 25.277]"
ETHUSDT,BUY,20047,2026-05-13 09:15:00,2317.27,0.233,2.989,-2.194,22,lose,3,6,BSL,3,6,0.582,3.934,True,True,True,0.148,True,"[0.582, 2.309, 6.279]"
ETHUSDT,SELL,20069,2026-05-13 14:45:00,2266.43,1.475,2.267,-2.149,104,lose,3,6,SSL,6,3,1.78,2.838,True,False,True,0.627,True,"[1.78, 4.368, 10.984, 14.161, 20.315, 23.921]"
ETHUSDT,BUY,20173,2026-05-14 16:45:00,2315.13,0.15,3.407,-2.684,62,lose,3,6,BSL,3,6,0.674,3.846,True,True,True,0.175,True,"[0.674, 2.404, 6.377]"
ETHUSDT,SELL,20235,2026-05-15 08:15:00,2253.0,7.933,0.47,5.047,527,win,3,6,SSL,6,3,1.194,3.451,True,True,True,0.346,True,"[1.194, 3.798, 10.453, 13.649, 19.84, 23.468]"
ETHUSDT,BUY,20762,2026-05-20 20:00:00,2139.28,0.828,1.672,-1.566,70,lose,4,6,BSL,4,6,0.327,0.903,True,True,True,0.362,True,"[0.327, 8.95, 10.821, 15.121]"
ETHUSDT,SELL,20832,2026-05-21 13:30:00,2105.78,4.691,2.232,1.299,215,win,4,5,SSL,5,4,0.798,1.923,True,True,True,0.415,True,"[0.798, 4.193, 7.612, 14.236, 18.117]"
ETHUSDT,BUY,21047,2026-05-23 19:15:00,2078.42,3.437,0.826,0.298,223,win,4,3,BSL,4,3,3.265,6.396,True,False,True,0.51,True,"[3.265, 12.14, 14.066, 18.492]"
ETHUSDT,SELL,21270,2026-05-26 03:00:00,2084.61,5.715,2.641,2.068,344,win,4,4,SSL,4,4,1.029,2.958,True,True,True,0.348,True,"[1.029, 6.674, 13.365, 17.286]"
ETHUSDT,BUY,21614,2026-05-29 17:00:00,2041.51,0.107,1.993,-1.735,189,lose,3,5,BSL,3,5,14.168,1.775,True,False,True,7.981,False,"[14.168, 16.129, 20.635]"
ETHUSDT,SELL,21803,2026-05-31 16:15:00,2006.09,25.048,0.807,20.272,631,win,4,4,SSL,4,4,1.405,1.099,True,True,True,1.278,False,"[1.405, 3.021, 9.974, 14.048]"
ETHUSDT,BUY,22434,2026-06-07 06:00:00,1599.41,7.638,0.109,1.774,234,win,4,2,BSL,4,2,18.458,3.203,True,False,True,5.762,False,"[18.458, 45.725, 48.228, 53.98]"
ETHUSDT,SELL,22668,2026-06-09 16:30:00,1627.79,1.581,4.029,-3.217,199,lose,5,3,SSL,3,5,1.104,5.196,True,True,True,0.212,True,"[1.104, 4.891, 6.855]"
ETHUSDT,BUY,22867,2026-06-11 18:15:00,1680.16,1.068,1.725,-1.158,282,lose,6,2,BSL,6,2,0.375,7.855,True,True,True,0.048,True,"[0.375, 1.918, 12.765, 38.722, 41.104, 46.579]"
ETHUSDT,SELL,23149,2026-06-14 16:45:00,1660.7,0.158,4.293,-3.444,20,lose,5,3,SSL,3,5,0.15,3.112,True,True,True,0.048,True,"[0.15, 6.776, 8.701]"
ETHUSDT,BUY,23169,2026-06-14 21:45:00,1717.9,7.619,0.55,2.536,125,win,4,3,BSL,4,3,10.287,3.474,True,False,True,2.961,False,"[10.287, 35.674, 38.005, 43.359]"
ETHUSDT,SELL,23294,2026-06-16 05:00:00,1761.46,5.16,4.433,1.963,391,win,5,5,SSL,5,5,0.096,4.446,True,True,True,0.022,True,"[0.096, 2.422, 5.861, 12.108, 13.924]"
ETHUSDT,BUY,23685,2026-06-20 06:45:00,1726.88,1.288,1.535,-1.227,163,lose,7,3,BSL,7,3,1.839,3.976,True,False,True,0.463,True,"[1.839, 4.808, 6.537, 9.714, 34.969, 37.287, 42.614]"
ETHUSDT,SELL,23848,2026-06-21 23:30:00,1705.69,0.107,3.477,-3.341,48,lose,7,3,SSL,3,7,2.783,3.104,True,False,True,0.897,True,"[2.783, 9.235, 11.109]"
ETHUSDT,BUY,23896,2026-06-22 11:30:00,1762.68,0.926,3.04,-2.827,71,lose,6,3,BSL,6,3,2.679,5.926,True,False,True,0.452,True,"[2.679, 4.373, 7.485, 32.227, 34.499, 39.717]"
ETHUSDT,SELL,23967,2026-06-23 05:15:00,1712.85,9.449,0.095,3.536,199,win,7,3,SSL,3,7,3.19,2.673,True,False,True,1.193,False,"[3.19, 9.614, 11.481]"
ETHUSDT,BUY,24166,2026-06-25 07:00:00,1652.28,0.407,7.401,-6.977,27,lose,7,2,BSL,7,2,6.437,6.301,True,False,True,1.022,False,"[6.437, 9.54, 11.347, 14.667, 41.062, 43.485, 49.053]"
ETHUSDT,SELL,24193,2026-06-25 13:45:00,1537.0,1.7,4.01,-3.671,194,lose,7,1,SSL,1,7,1.353,14.42,True,True,True,0.094,True,[1.353]
ETHUSDT,BUY,24387,2026-06-27 14:15:00,1593.42,1.068,1.998,-1.446,68,lose,7,2,BSL,7,2,10.369,1.612,True,False,True,6.434,False,"[10.369, 13.586, 15.46, 18.903, 46.273, 48.786, 54.559]"
ETHUSDT,SELL,24455,2026-06-28 07:15:00,1570.38,1.489,4.255,-3.65,139,lose,8,2,SSL,2,8,0.168,1.318,True,True,True,0.128,True,"[0.168, 1.414]"
ETHUSDT,BUY,24594,2026-06-29 18:00:00,1627.7,0.006,3.265,-2.925,70,lose,8,2,BSL,8,2,0.889,3.684,True,True,True,0.241,True,"[0.889, 8.045, 11.194, 13.029, 16.399, 43.193, 45.652, 51.304]"
ETHUSDT,SELL,24664,2026-06-30 11:30:00,1580.09,1.957,3.204,-2.722,111,lose,8,2,SSL,2,8,0.782,3.929,True,True,True,0.199,True,"[0.782, 2.02]"
ETHUSDT,BUY,24775,2026-07-01 15:15:00,1623.1,12.932,1.661,8.215,628,win,8,0,BSL,8,0,1.175,,True,True,False,,False,"[1.175, 8.351, 11.509, 13.349, 16.729, 43.598, 46.065, 51.732]"
ETHUSDT,SELL,25403,2026-07-08 04:15:00,1756.44,2.504,1.169,-1.066,189,win,6,2,SSL,2,6,1.208,3.044,True,True,True,0.397,True,"[1.208, 3.107]"
ETHUSDT,BUY,25592,2026-07-10 03:30:00,1775.16,3.062,0.42,0.736,181,win,6,1,BSL,6,1,1.957,2.25,True,False,True,0.87,True,"[1.957, 3.64, 6.73, 31.298, 33.553, 38.735]"
ETHUSDT,SELL,25773,2026-07-12 00:45:00,1788.23,0.056,2.123,-1.583,69,lose,5,2,SSL,2,5,0.738,2.882,True,True,True,0.256,True,"[0.738, 2.964]"
ETHUSDT,BUY,25842,2026-07-12 18:00:00,1816.54,1.732,2.452,-1.808,44,lose,5,2,BSL,5,2,1.279,2.285,True,True,True,0.56,True,"[1.279, 4.299, 28.307, 30.511, 35.575]"
ETHUSDT,SELL,25886,2026-07-13 05:00:00,1783.7,2.001,4.667,-4.317,127,win,4,2,SSL,2,4,0.486,6.219,True,True,True,0.078,True,"[0.486, 2.718]"
ETHUSDT,BUY,26013,2026-07-14 12:45:00,1860.7,4.625,0.36,1.434,183,win,4,0,BSL,4,0,1.823,,True,False,False,,False,"[1.823, 25.262, 27.413, 32.357]"
ETHUSDT,SELL,26196,2026-07-16 10:30:00,1887.39,4.5,0.363,1.517,230,win,4,1,SSL,1,4,1.363,3.074,True,True,True,0.443,True,[1.363]
ETHUSDT,BUY,26426,2026-07-18 20:00:00,1858.75,5.38,0.91,2.29,456,win,5,1,BSL,5,1,0.968,1.535,True,True,True,0.631,True,"[0.968, 4.662, 25.393, 27.547, 32.496]"
ETHUSDT,SELL,26882,2026-07-23 14:00:00,1901.31,2.9,0.421,1.391,214,win,3,2,SSL,2,3,1.985,22.586,True,False,True,0.088,True,"[1.985, 3.739]"
ETHUSDT,BUY,27096,2026-07-25 19:30:00,1874.86,5.715,0.441,0.795,206,win,3,2,BSL,3,2,24.316,0.602,True,False,True,40.402,False,"[24.316, 26.451, 31.358]"
ETHUSDT,SELL,27302,2026-07-27 23:00:00,1889.76,1.796,2.04,-1.568,89,lose,4,2,SSL,2,4,1.386,2.48,True,True,True,0.559,True,"[1.386, 3.15]"
ETHUSDT,BUY,27391,2026-07-28 21:15:00,1919.4,0.895,2.56,-1.872,240,lose,4,2,BSL,4,2,0.897,2.908,True,True,True,0.309,True,"[0.897, 21.431, 23.517, 28.309]"
ETHUSDT,SELL,27631,2026-07-31 09:15:00,1883.46,3.337,0.332,0.449,168,win,5,2,SSL,2,5,1.056,1.647,True,True,True,0.641,True,"[1.056, 2.826]"
ETHUSDT,BUY,27799,2026-08-02 03:15:00,1875.01,1.253,1.944,-1.644,112,lose,6,1,BSL,6,1,0.11,2.389,True,True,True,0.046,True,"[0.11, 2.105, 3.286, 24.306, 26.441, 31.347]"
ETHUSDT,SELL,27911,2026-08-03 07:15:00,1844.19,0.922,2.035,-1.545,121,lose,6,1,SSL,1,6,0.757,1.783,True,True,True,0.425,True,[0.757]
ETHUSDT,BUY,28032,2026-08-04 13:30:00,1872.68,3.755,0.97,1.479,578,win,5,1,BSL,5,1,2.232,0.629,True,False,True,3.546,False,"[2.232, 3.415, 24.46, 26.598, 31.51]"
ETHUSDT,SELL,28610,2026-08-10 14:00:00,1900.37,2.534,0.454,-0.249,175,win,4,1,SSL,1,4,2.077,0.742,True,False,True,2.798,False,[2.077]
ETHUSDT,BUY,28785,2026-08-12 09:45:00,1905.1,1.043,1.737,-1.381,56,lose,4,1,BSL,4,1,0.492,2.32,True,True,True,0.212,True,"[0.492, 22.342, 24.444, 29.272]"
ETHUSDT,SELL,28841,2026-08-12 23:45:00,1878.79,0.888,1.108,-0.449,357,lose,4,1,SSL,1,4,0.953,1.9,True,True,True,0.501,True,[0.953]
ETHUSDT,BUY,29198,2026-08-16 17:00:00,1887.22,35.088,1.018,27.72,571,win,4,2,BSL,4,2,1.444,0.066,True,True,True,21.806,False,"[1.444, 23.501, 25.623, 30.497]"
ETHUSDT,SELL,29769,2026-08-22 15:45:00,2410.36,2.281,3.118,-1.612,116,win,1,1,SSL,1,1,2.268,5.423,True,False,True,0.418,True,[2.268]
ETHUSDT,BUY,29885,2026-08-23 20:45:00,2449.22,3.41,1.069,1.461,114,win,2,0,BSL,2,0,1.464,,True,True,False,,False,"[1.464, 3.75]"
LINKUSDT,SELL,20,2025-10-16 18:30:00,17.693,11.36,0.43,3.318,256,win,0,0,SSL,0,0,,,False,False,False,,False,[]
LINKUSDT,BUY,276,2025-10-19 10:30:00,17.106,12.124,1.081,3.654,169,win,1,1,BSL,1,1,3.297,4.861,True,False,True,0.678,True,[3.297]
LINKUSDT,SELL,445,2025-10-21 04:45:00,17.731,5.865,6.926,0.248,298,win,1,1,SSL,1,1,8.214,6.971,True,False,True,1.178,False,[8.214]
LINKUSDT,BUY,743,2025-10-24 07:15:00,17.687,3.149,1.38,0.39,187,win,1,1,BSL,1,1,7.237,7.986,True,False,True,0.906,True,[7.237]
LINKUSDT,SELL,930,2025-10-26 06:00:00,17.756,0.107,3.272,-3.114,23,lose,1,2,SSL,2,1,1.678,6.82,True,False,True,0.246,True,"[1.678, 8.344]"
LINKUSDT,BUY,953,2025-10-26 11:45:00,18.309,4.08,1.497,-0.563,144,win,1,2,BSL,1,2,3.594,4.648,True,False,True,0.773,True,[3.594]
LINKUSDT,SELL,1097,2025-10-27 23:45:00,18.206,10.409,3.34,4.79,424,win,0,3,SSL,3,0,1.035,,True,True,False,,False,"[1.035, 4.109, 10.609]"
LINKUSDT,BUY,1521,2025-11-01 09:45:00,17.334,1.875,4.794,-4.667,166,lose,0,0,BSL,0,0,,,False,False,False,,False,[]
LINKUSDT,SELL,1687,2025-11-03 03:15:00,16.525,17.18,0.079,8.163,271,win,0,0,SSL,0,0,,,False,False,False,,False,[]
LINKUSDT,BUY,1958,2025-11-05 23:00:00,15.176,0.593,6.207,-5.192,72,lose,0,1,BSL,0,1,,10.197,False,False,True,,False,[]
LINKUSDT,SELL,2030,2025-11-06 17:00:00,14.388,0.612,9.842,-9.793,97,lose,1,2,SSL,2,1,1.14,5.678,True,True,True,0.201,True,"[1.14, 5.279]"
LINKUSDT,BUY,2127,2025-11-07 17:15:00,15.797,2.633,4.355,-3.811,133,win,0,2,BSL,0,2,,9.958,False,False,True,,False,[]
LINKUSDT,SELL,2260,2025-11-09 02:30:00,15.195,1.204,4.883,-4.067,53,lose,0,3,SSL,3,0,0.636,,True,True,False,,False,"[0.636, 6.39, 10.309]"
LINKUSDT,BUY,2313,2025-11-09 15:45:00,15.813,6.172,1.454,-0.911,207,win,0,3,BSL,0,3,,4.519,False,False,True,,False,[]
LINKUSDT,SELL,2520,2025-11-11 19:30:00,15.669,3.159,3.306,-2.795,65,win,1,3,SSL,3,1,3.642,3.81,True,False,True,0.956,True,"[3.642, 9.222, 13.023]"
LINKUSDT,BUY,2585,2025-11-12 11:45:00,16.107,0.851,6.469,-5.873,20,lose,1,2,BSL,1,2,0.987,11.691,True,True,True,0.084,True,[0.987]
LINKUSDT,SELL,2605,2025-11-12 16:45:00,15.161,1.675,5.626,-4.736,59,lose,0,2,SSL,2,0,6.18,,True,False,False,,False,"[6.18, 10.108]"
LINKUSDT,BUY,2664,2025-11-13 07:30:00,15.879,0.428,7.299,-7.003,40,lose,0,2,BSL,0,2,,10.423,False,False,True,,False,[]
LINKUSDT,SELL,2704,2025-11-13 17:30:00,14.767,11.627,0.352,6.535,503,win,0,2,SSL,2,0,3.677,,True,False,False,,False,"[3.677, 7.71]"
LINKUSDT,BUY,3207,2025-11-18 23:15:00,13.802,0.254,5.036,-3.818,28,lose,1,1,BSL,1,1,1.398,5.242,True,True,True,0.267,True,[1.398]
LINKUSDT,SELL,3235,2025-11-19 06:15:00,13.275,3.902,3.729,-3.721,90,win,1,0,SSL,0,1,,5.424,False,False,True,,False,[]
LINKUSDT,BUY,3325,2025-11-20 04:45:00,13.769,1.678,7.197,-6.769,49,lose,1,1,BSL,1,1,1.641,7.343,True,False,True,0.224,True,[1.641]
LINKUSDT,SELL,3374,2025-11-20 17:00:00,12.837,9.621,3.887,2.976,235,win,0,1,SSL,1,0,0.615,,True,True,False,,False,[0.615]
LINKUSDT,BUY,3609,2025-11-23 03:45:00,12.455,8.936,1.309,5.62,541,win,1,1,BSL,1,1,6.592,5.8,True,False,True,1.137,False,[6.592]
LINKUSDT,SELL,4150,2025-11-28 19:00:00,13.155,1.908,1.3,-0.646,179,lose,0,1,SSL,1,0,10.812,,True,False,False,,False,[10.812]
LINKUSDT,BUY,4329,2025-11-30 15:45:00,13.24,1.307,6.088,-5.665,34,lose,0,1,BSL,0,1,,11.385,False,False,True,,False,[]
LINKUSDT,SELL,4363,2025-12-01 00:15:00,12.49,6.013,0.384,0.072,152,win,0,1,SSL,1,0,6.064,,True,False,False,,False,[6.064]
LINKUSDT,BUY,4515,2025-12-02 14:15:00,12.481,19.55,0.184,13.853,255,win,0,2,BSL,0,2,,3.766,False,False,True,,False,[]
LINKUSDT,SELL,4770,2025-12-05 06:00:00,14.21,6.017,0.802,1.773,159,win,2,2,SSL,2,2,15.475,0.908,True,False,True,17.047,False,"[15.475, 17.434]"
LINKUSDT,BUY,4929,2025-12-06 21:45:00,13.958,0.509,5.38,-5.216,68,lose,3,2,BSL,3,2,1.157,13.949,True,True,True,0.083,True,"[1.157, 2.73, 7.014]"
LINKUSDT,SELL,4997,2025-12-07 14:45:00,13.23,0.469,11.534,-11.308,197,lose,3,2,SSL,2,3,9.214,6.723,True,False,True,1.37,False,"[9.214, 11.318]"
LINKUSDT,BUY,5194,2025-12-09 16:00:00,14.726,1.901,6.451,-6.356,132,lose,1,4,BSL,1,4,1.433,8.719,True,True,True,0.164,True,[1.433]
LINKUSDT,SELL,5326,2025-12-11 01:00:00,13.79,2.959,3.024,-1.798,89,win,0,4,SSL,4,0,2.524,,True,False,False,,False,"[2.524, 4.477, 12.901, 14.919]"
LINKUSDT,BUY,5415,2025-12-11 23:15:00,14.038,2.144,5.499,-3.761,71,win,0,3,BSL,0,3,,6.164,False,False,True,,False,[]
LINKUSDT,SELL,5486,2025-12-12 17:00:00,13.51,13.19,3.368,7.927,651,win,1,3,SSL,3,1,2.497,6.03,True,False,True,0.414,True,"[2.497, 11.095, 13.156]"
LINKUSDT,BUY,6137,2025-12-19 11:45:00,12.439,2.516,1.809,-1.568,200,win,4,0,BSL,4,0,3.382,,True,False,False,,False,"[3.382, 5.509, 11.902, 15.159]"
LINKUSDT,SELL,6337,2025-12-21 13:45:00,12.244,0.147,4.035,-3.43,83,lose,4,1,SSL,1,4,0.237,5.028,True,True,True,0.047,True,[0.237]
LINKUSDT,BUY,6420,2025-12-22 10:30:00,12.664,2.298,3.538,-2.661,85,win,4,1,BSL,4,1,1.545,3.545,True,False,True,0.436,True,"[1.545, 3.634, 9.914, 13.113]"
LINKUSDT,SELL,6505,2025-12-23 07:45:00,12.327,2.847,1.72,-1.03,286,win,4,0,SSL,0,4,,2.576,False,False,True,,False,[]
LINKUSDT,BUY,6791,2025-12-26 07:15:00,12.454,0.321,3.348,-2.417,39,lose,5,1,BSL,5,1,0.723,3.148,True,True,True,0.23,True,"[0.723, 1.53, 5.382, 11.767, 15.021]"
LINKUSDT,SELL,6830,2025-12-26 17:00:00,12.153,0.214,2.362,-2.304,116,lose,5,1,SSL,1,5,0.749,3.217,True,True,True,0.233,True,[0.749]
LINKUSDT,BUY,6946,2025-12-27 22:00:00,12.433,4.842,1.576,-0.531,154,win,5,1,BSL,5,1,0.893,2.984,True,True,True,0.299,True,"[0.893, 1.701, 5.56, 11.956, 15.215]"
LINKUSDT,SELL,7100,2025-12-29 12:30:00,12.367,1.819,1.868,-0.615,312,lose,3,2,SSL,2,3,0.566,6.123,True,True,True,0.092,True,"[0.566, 2.466]"
LINKUSDT,BUY,7412,2026-01-01 18:30:00,12.443,14.37,0.121,7.603,564,win,3,2,BSL,3,2,5.475,1.173,True,False,True,4.666,False,"[5.475, 11.866, 15.122]"
LINKUSDT,SELL,7976,2026-01-07 15:30:00,13.389,2.771,1.232,0.822,400,win,2,4,SSL,4,2,2.725,5.532,True,False,True,0.493,True,"[2.725, 3.947, 8.156, 9.911]"
LINKUSDT,BUY,8376,2026-01-11 19:30:00,13.279,1.792,2.854,-1.732,107,lose,3,4,BSL,3,4,1.699,1.919,True,False,True,0.885,True,"[1.699, 6.406, 7.875]"
LINKUSDT,SELL,8483,2026-01-12 22:15:00,13.049,0.146,3.579,-2.667,66,lose,2,2,SSL,2,2,5.763,8.282,True,False,True,0.696,True,"[5.763, 7.564]"
LINKUSDT,BUY,8549,2026-01-13 14:45:00,13.397,7.517,0.433,3.359,160,win,2,2,BSL,2,2,5.469,8.211,True,False,True,0.666,True,"[5.469, 6.924]"
LINKUSDT,SELL,8709,2026-01-15 06:45:00,13.847,3.098,2.6,-0.152,229,win,0,2,SSL,2,0,11.194,,True,False,False,,False,"[11.194, 12.891]"
LINKUSDT,BUY,8938,2026-01-17 16:00:00,13.868,0.043,11.307,-7.665,128,lose,0,3,BSL,0,3,,1.788,False,False,True,,False,[]
LINKUSDT,SELL,9066,2026-01-19 00:00:00,12.805,7.193,1.484,2.499,310,win,0,2,SSL,2,0,3.967,,True,False,False,,False,"[3.967, 5.802]"
LINKUSDT,BUY,9376,2026-01-22 05:30:00,12.485,0.104,2.964,-2.243,60,lose,1,1,BSL,1,1,0.915,4.349,True,True,True,0.21,True,[0.915]
LINKUSDT,SELL,9436,2026-01-22 20:30:00,12.205,6.964,2.376,2.483,384,win,1,2,SSL,2,1,0.885,3.23,True,True,True,0.274,True,"[0.885, 2.155]"
LINKUSDT,BUY,9820,2026-01-26 20:30:00,11.902,2.378,1.815,-0.773,185,win,2,0,BSL,2,0,2.82,,True,False,False,,False,"[2.82, 5.858]"
LINKUSDT,SELL,10005,2026-01-28 18:45:00,11.81,24.157,1.092,16.012,472,win,1,0,SSL,0,1,,6.683,False,False,True,,False,[]
LINKUSDT,BUY,10477,2026-02-02 16:45:00,9.919,0.524,6.241,-6.17,100,lose,3,1,BSL,3,1,1.408,9.312,True,True,True,0.151,True,"[1.408, 9.769, 27.021]"
LINKUSDT,SELL,10577,2026-02-03 17:45:00,9.307,23.531,6.253,5.437,284,win,4,1,SSL,1,4,3.349,5.924,True,False,True,0.565,True,[3.349]
LINKUSDT,BUY,10861,2026-02-06 16:45:00,8.801,2.795,2.568,-2.307,260,win,4,1,BSL,4,1,12.014,19.163,True,False,True,0.627,True,"[12.014, 14.29, 23.713, 43.157]"
LINKUSDT,SELL,11121,2026-02-09 09:45:00,8.598,1.628,4.838,-4.245,41,lose,5,2,SSL,2,5,1.233,5.029,True,True,True,0.245,True,"[1.233, 17.254]"
LINKUSDT,BUY,11162,2026-02-09 20:00:00,8.963,0.011,5.456,-4.697,45,lose,5,2,BSL,5,2,0.752,5.255,True,True,True,0.143,True,"[0.752, 9.989, 12.224, 21.477, 40.57]"
LINKUSDT,SELL,11207,2026-02-10 07:15:00,8.542,4.917,3.266,-2.119,321,win,4,2,SSL,2,4,0.585,15.41,True,True,True,0.038,True,"[0.585, 16.712]"
LINKUSDT,BUY,11528,2026-02-13 15:30:00,8.723,5.915,0.619,1.101,199,win,4,3,BSL,4,3,13.015,4.654,True,False,True,2.796,False,"[13.015, 15.312, 24.819, 44.437]"
LINKUSDT,SELL,11727,2026-02-15 17:15:00,8.819,5.454,1.996,-0.805,475,win,4,3,SSL,3,4,5.692,11.785,True,False,True,0.483,True,"[5.692, 7.56, 19.328]"
LINKUSDT,BUY,12202,2026-02-20 16:00:00,8.89,1.879,2.283,-1.98,184,lose,5,2,BSL,5,2,1.012,8.299,True,True,True,0.122,True,"[1.012, 10.892, 13.146, 22.475, 41.724]"
LINKUSDT,SELL,12386,2026-02-22 14:00:00,8.714,7.62,0.7,1.148,240,win,4,2,SSL,2,4,6.447,13.132,True,False,True,0.491,True,"[6.447, 18.356]"
LINKUSDT,BUY,12626,2026-02-25 02:00:00,8.614,11.319,3.042,3.065,159,win,4,2,BSL,4,2,14.445,5.36,True,False,True,2.695,False,"[14.445, 16.771, 26.399, 46.265]"
LINKUSDT,SELL,12785,2026-02-26 17:45:00,8.878,7.603,4.674,0.901,207,win,6,2,SSL,2,6,8.175,4.75,True,False,True,1.721,False,"[8.175, 19.864]"
LINKUSDT,BUY,12992,2026-02-28 21:30:00,8.798,4.637,3.023,-2.546,94,win,6,2,BSL,6,2,5.702,7.34,True,False,True,0.777,True,"[5.702, 8.812, 12.052, 14.329, 23.755, 43.206]"
LINKUSDT,SELL,13086,2026-03-01 21:00:00,8.574,0.117,7.523,-7.231,76,lose,6,3,SSL,3,6,0.245,8.464,True,True,True,0.029,True,"[0.245, 4.919, 17.022]"
LINKUSDT,BUY,13162,2026-03-02 16:00:00,9.194,0.805,6.559,-6.069,70,lose,6,3,BSL,6,3,1.149,6.972,True,True,True,0.165,True,"[1.149, 4.125, 7.226, 9.405, 18.425, 37.038]"
LINKUSDT,SELL,13232,2026-03-03 09:30:00,8.636,0.973,6.959,-6.728,95,lose,5,3,SSL,3,5,0.961,10.853,True,True,True,0.089,True,"[0.961, 5.602, 17.618]"
LINKUSDT,BUY,13327,2026-03-04 09:15:00,9.217,4.459,2.105,-1.215,194,win,5,4,BSL,5,4,3.865,5.761,True,False,True,0.671,True,"[3.865, 6.958, 9.132, 18.13, 36.696]"
LINKUSDT,SELL,13521,2026-03-06 09:45:00,9.105,7.897,0.78,2.098,304,win,6,4,SSL,4,6,4.602,2.795,True,False,True,1.646,False,"[4.602, 6.063, 10.464, 21.862]"
LINKUSDT,BUY,13825,2026-03-09 13:45:00,8.914,2.984,0.987,-0.819,254,win,6,3,BSL,6,3,4.998,5.329,True,False,True,0.938,True,"[4.998, 7.396, 10.594, 12.841, 22.145, 41.342]"
LINKUSDT,SELL,14079,2026-03-12 05:15:00,8.841,0.011,3.156,-3.156,75,lose,7,3,SSL,3,7,4.547,3.199,True,False,True,1.421,False,"[4.547, 7.79, 19.528]"
LINKUSDT,BUY,14154,2026-03-13 00:00:00,9.12,5.197,1.162,-0.636,98,win,6,4,BSL,6,4,2.626,2.623,True,False,True,1.001,False,"[2.626, 4.97, 8.096, 10.292, 19.386, 38.15]"
LINKUSDT,SELL,14252,2026-03-14 00:30:00,9.062,1.655,1.324,-1.269,94,lose,4,4,SSL,4,4,2.0,8.788,True,False,True,0.228,True,"[2.0, 6.875, 10.039, 21.491]"
LINKUSDT,BUY,14346,2026-03-15 00:00:00,9.177,9.807,0.752,3.4,337,win,4,5,BSL,4,5,7.424,1.188,True,False,True,6.251,False,"[7.424, 9.607, 18.644, 37.292]"
LINKUSDT,SELL,14683,2026-03-18 12:15:00,9.489,9.695,0.0,4.816,482,win,3,5,SSL,5,3,4.437,4.395,True,False,True,1.01,False,"[4.437, 6.41, 11.065, 14.087, 25.024]"
LINKUSDT,BUY,15165,2026-03-23 12:45:00,9.032,5.104,0.476,0.731,260,win,4,3,BSL,4,3,2.89,6.566,True,False,True,0.44,True,"[2.89, 9.677, 20.549, 39.496]"
LINKUSDT,SELL,15425,2026-03-26 05:45:00,9.098,10.046,0.198,4.726,378,win,4,3,SSL,3,4,7.243,3.732,True,False,True,1.941,False,"[7.243, 10.395, 21.801]"
LINKUSDT,BUY,15803,2026-03-30 04:15:00,8.668,6.057,1.961,-0.877,281,win,5,2,BSL,5,2,3.038,5.95,True,False,True,0.511,True,"[3.038, 8.877, 14.282, 25.611, 45.354]"
LINKUSDT,SELL,16084,2026-04-02 02:30:00,8.592,2.048,2.502,-1.99,258,win,5,2,SSL,2,5,5.118,6.619,True,False,True,0.773,True,"[5.118, 17.196]"
LINKUSDT,BUY,16342,2026-04-04 19:00:00,8.763,0.171,3.058,-2.453,47,lose,6,4,BSL,6,4,0.337,1.513,True,True,True,0.223,True,"[0.337, 4.538, 7.697, 13.043, 24.25, 43.778]"
LINKUSDT,SELL,16389,2026-04-05 06:45:00,8.548,0.901,3.79,-3.182,68,lose,6,3,SSL,3,6,1.223,1.509,True,True,True,0.81,True,"[1.223, 4.63, 16.77]"
LINKUSDT,BUY,16457,2026-04-05 23:45:00,8.82,3.776,1.156,0.068,98,win,5,3,BSL,5,3,3.862,2.149,True,False,True,1.797,False,"[3.862, 7.001, 12.313, 23.447, 42.849]"
LINKUSDT,SELL,16555,2026-04-07 00:15:00,8.826,2.946,4.26,-4.237,90,win,4,3,SSL,3,4,2.216,6.928,True,False,True,0.32,True,"[2.216, 7.634, 19.392]"
LINKUSDT,BUY,16645,2026-04-07 22:45:00,9.2,2.359,4.022,-3.783,98,win,4,3,BSL,4,3,2.582,6.191,True,False,True,0.417,True,"[2.582, 7.674, 18.348, 36.948]"
LINKUSDT,SELL,16743,2026-04-08 23:15:00,8.852,1.909,2.09,-1.808,86,lose,5,3,SSL,3,5,2.503,4.25,True,False,True,0.589,True,"[2.503, 7.905, 19.628]"
LINKUSDT,BUY,16829,2026-04-09 20:45:00,9.012,3.04,3.029,-2.397,213,win,5,3,BSL,5,3,2.4,4.234,True,False,True,0.567,True,"[2.4, 4.721, 9.92, 20.817, 39.805]"
LINKUSDT,SELL,17042,2026-04-12 02:00:00,8.796,1.342,2.058,-1.91,166,lose,4,4,SSL,4,4,0.21,7.293,True,True,True,0.029,True,"[0.21, 1.882, 7.319, 19.117]"
LINKUSDT,BUY,17208,2026-04-13 19:30:00,8.964,5.254,0.469,0.402,101,win,4,3,BSL,4,3,5.282,2.081,True,False,True,2.539,False,"[5.282, 10.509, 21.464, 40.554]"
LINKUSDT,SELL,17309,2026-04-14 20:45:00,9.0,0.289,3.022,-2.589,86,lose,4,4,SSL,4,4,0.269,3.785,True,True,True,0.071,True,"[0.269, 2.472, 9.419, 20.95]"
LINKUSDT,BUY,17395,2026-04-15 18:15:00,9.233,6.845,1.202,1.787,257,win,4,4,BSL,4,4,1.166,2.785,True,True,True,0.419,True,"[1.166, 7.289, 17.925, 36.459]"
LINKUSDT,SELL,17652,2026-04-18 10:30:00,9.398,4.309,0.5,0.649,231,win,2,5,SSL,5,2,2.752,15.854,True,False,True,0.174,True,"[2.752, 4.492, 6.602, 13.255, 24.298]"
LINKUSDT,BUY,17883,2026-04-20 20:15:00,9.337,2.346,1.778,-0.536,210,win,3,5,BSL,3,5,0.723,1.713,True,True,True,0.422,True,"[0.723, 16.611, 34.939]"
LINKUSDT,SELL,18093,2026-04-23 00:45:00,9.287,1.594,1.12,-0.56,102,lose,3,5,SSL,5,3,1.183,2.701,True,True,True,0.438,True,"[1.183, 3.351, 5.486, 12.219, 23.393]"
LINKUSDT,BUY,18195,2026-04-24 02:15:00,9.339,1.114,1.06,-0.503,164,lose,4,5,BSL,4,5,0.414,1.734,True,True,True,0.239,True,"[0.414, 2.129, 16.586, 34.91]"
LINKUSDT,SELL,18359,2026-04-25 19:15:00,9.292,0.075,1.668,-1.399,55,lose,4,5,SSL,5,4,1.237,0.922,True,True,True,1.341,False,"[1.237, 3.403, 5.537, 12.266, 23.434]"
LINKUSDT,BUY,18414,2026-04-26 09:00:00,9.422,1.762,1.38,-1.104,90,lose,3,6,BSL,3,6,1.23,1.057,True,True,True,1.163,False,"[1.23, 15.559, 33.722]"
LINKUSDT,SELL,18504,2026-04-27 07:30:00,9.318,1.91,0.848,-0.419,186,lose,3,5,SSL,5,3,1.512,2.359,True,False,True,0.641,True,"[1.512, 3.672, 5.801, 12.511, 23.648]"
LINKUSDT,BUY,18690,2026-04-29 06:00:00,9.357,0.609,3.057,-2.853,39,lose,3,4,BSL,3,4,1.933,4.074,True,False,True,0.474,True,"[1.933, 16.362, 34.651]"
LINKUSDT,SELL,18729,2026-04-29 15:45:00,9.09,2.046,2.046,-1.749,185,win,4,4,SSL,4,4,1.256,2.547,True,True,True,0.493,True,"[1.256, 3.438, 10.316, 21.733]"
LINKUSDT,BUY,18914,2026-05-01 14:00:00,9.249,0.119,2.033,-1.579,50,lose,4,5,BSL,4,5,0.784,1.872,True,True,True,0.419,True,"[0.784, 3.123, 17.721, 36.223]"
LINKUSDT,SELL,18964,2026-05-02 02:30:00,9.103,0.472,1.659,-1.164,76,lose,5,5,SSL,5,5,0.298,0.85,True,True,True,0.351,True,"[0.298, 1.397, 3.576, 10.444, 21.844]"
LINKUSDT,BUY,19040,2026-05-02 21:30:00,9.209,0.141,1.488,-1.314,28,lose,4,5,BSL,4,5,1.222,1.446,True,True,True,0.845,True,"[1.222, 3.571, 18.232, 36.815]"
LINKUSDT,SELL,19068,2026-05-03 04:30:00,9.088,0.275,2.311,-1.97,86,lose,4,5,SSL,5,4,0.134,1.017,True,True,True,0.132,True,"[0.134, 1.234, 3.417, 10.297, 21.715]"
LINKUSDT,BUY,19154,2026-05-04 02:00:00,9.267,10.575,0.151,6.485,377,win,3,4,BSL,3,4,2.923,3.142,True,False,True,0.93,True,"[2.923, 17.492, 35.958]"
LINKUSDT,SELL,19531,2026-05-08 00:15:00,9.868,1.084,4.175,-3.932,69,lose,2,6,SSL,6,2,0.096,10.336,True,True,True,0.009,True,"[0.096, 5.495, 9.041, 11.051, 17.387, 27.903]"
LINKUSDT,BUY,19600,2026-05-08 17:30:00,10.256,5.987,0.039,1.277,346,win,2,6,BSL,2,6,6.162,3.876,True,False,True,1.59,False,"[6.162, 22.848]"
LINKUSDT,SELL,19946,2026-05-12 08:00:00,10.387,2.879,1.04,-0.712,84,win,2,6,SSL,6,2,5.088,4.823,True,False,True,1.055,False,"[5.088, 10.217, 13.586, 15.495, 21.515, 31.506]"
LINKUSDT,BUY,20030,2026-05-13 05:00:00,10.461,3.26,3.221,-2.419,39,win,2,7,BSL,2,7,4.082,3.75,True,False,True,1.088,False,"[4.082, 20.44]"
LINKUSDT,SELL,20069,2026-05-13 14:45:00,10.208,1.734,4.428,-4.183,100,lose,2,7,SSL,7,2,1.365,6.661,True,True,True,0.205,True,"[1.365, 3.424, 8.643, 12.071, 14.014, 20.139, 30.305]"
LINKUSDT,BUY,20169,2026-05-14 15:45:00,10.635,1.26,4.1,-3.235,59,lose,2,6,BSL,2,6,2.379,7.301,True,False,True,0.326,True,"[2.379, 18.47]"
LINKUSDT,SELL,20228,2026-05-15 06:30:00,10.291,9.649,0.972,5.306,381,win,2,6,SSL,6,2,4.203,5.801,True,False,True,0.724,True,"[4.203, 9.38, 12.78, 14.707, 20.783, 30.867]"
LINKUSDT,BUY,20609,2026-05-19 05:45:00,9.745,0.78,3.232,-2.904,65,lose,4,5,BSL,4,5,0.463,4.302,True,True,True,0.108,True,"[0.463, 3.248, 11.729, 29.289]"
LINKUSDT,SELL,20674,2026-05-19 22:00:00,9.462,0.951,2.357,-2.05,104,lose,4,5,SSL,5,4,1.44,3.468,True,True,True,0.415,True,"[1.44, 5.138, 7.234, 13.842, 24.81]"
LINKUSDT,BUY,20778,2026-05-21 00:00:00,9.656,3.884,3.003,-2.009,175,win,4,5,BSL,4,5,1.389,1.45,True,True,True,0.958,True,"[1.389, 4.199, 12.759, 30.481]"
LINKUSDT,SELL,20953,2026-05-22 19:45:00,9.462,4.523,3.097,-3.075,100,win,2,4,SSL,4,2,5.138,15.071,True,False,True,0.341,True,"[5.138, 7.234, 13.842, 24.81]"
LINKUSDT,BUY,21053,2026-05-23 20:45:00,9.753,0.277,4.286,-4.101,98,lose,2,3,BSL,2,3,11.637,10.002,True,False,True,1.164,False,"[11.637, 29.183]"
LINKUSDT,SELL,21151,2026-05-24 21:15:00,9.353,1.187,3.036,-2.737,70,lose,4,3,SSL,3,4,6.153,2.445,True,False,True,2.517,False,"[6.153, 12.838, 23.933]"
LINKUSDT,BUY,21221,2026-05-25 14:45:00,9.609,0.614,2.654,-2.612,49,lose,3,4,BSL,3,4,1.424,3.19,True,True,True,0.446,True,"[1.424, 13.31, 31.119]"
LINKUSDT,SELL,21270,2026-05-26 03:00:00,9.358,6.551,3.462,2.105,378,win,4,4,SSL,4,4,0.593,2.39,True,True,True,0.248,True,"[0.593, 6.203, 12.885, 23.974]"
LINKUSDT,BUY,21648,2026-05-30 01:30:00,9.161,1.626,1.648,-1.474,158,lose,4,4,BSL,4,4,4.592,2.374,True,False,True,1.934,False,"[4.592, 6.384, 18.852, 37.531]"
LINKUSDT,SELL,21806,2026-05-31 17:00:00,9.026,22.59,2.127,16.065,617,win,5,4,SSL,4,5,0.914,2.762,True,True,True,0.331,True,"[0.914, 2.753, 9.68, 21.178]"
LINKUSDT,BUY,22423,2026-06-07 03:15:00,7.576,7.22,0.66,2.257,289,win,6,2,BSL,6,2,6.389,5.577,True,False,True,1.146,False,"[6.389, 13.413, 26.474, 28.64, 43.717, 66.305]"
LINKUSDT,SELL,22712,2026-06-10 03:30:00,7.747,3.498,1.949,-1.149,130,win,7,3,SSL,3,7,1.57,2.305,True,False,True,0.681,True,"[1.57, 7.661, 9.338]"
LINKUSDT,BUY,22842,2026-06-11 12:00:00,7.836,2.82,1.978,-0.128,299,win,7,3,BSL,7,3,1.143,4.394,True,True,True,0.26,True,"[1.143, 2.859, 9.65, 22.278, 24.372, 38.948, 60.787]"
LINKUSDT,SELL,23141,2026-06-14 14:45:00,7.826,0.601,4.204,-3.246,30,lose,5,4,SSL,4,5,0.988,9.79,True,True,True,0.101,True,"[0.988, 4.272, 8.593, 10.253]"
LINKUSDT,BUY,23171,2026-06-14 22:15:00,8.08,6.658,0.099,0.73,243,win,5,5,BSL,5,5,6.339,2.68,True,False,True,2.365,False,"[6.339, 18.585, 20.616, 34.752, 55.931]"
LINKUSDT,SELL,23414,2026-06-17 11:00:00,8.139,4.644,2.801,1.794,381,win,6,6,SSL,6,6,0.459,3.436,True,True,True,0.133,True,"[0.459, 3.386, 4.796, 7.953, 12.108, 13.704]"
LINKUSDT,BUY,23795,2026-06-21 10:15:00,7.993,0.013,2.79,-2.402,51,lose,6,4,BSL,6,4,1.112,3.057,True,True,True,0.364,True,"[1.112, 7.497, 19.876, 21.929, 36.219, 57.629]"
LINKUSDT,SELL,23846,2026-06-21 23:00:00,7.801,0.5,4.115,-3.999,53,lose,6,4,SSL,4,6,0.671,3.601,True,True,True,0.186,True,"[0.671, 3.965, 8.3, 9.965]"
LINKUSDT,BUY,23899,2026-06-22 12:15:00,8.113,0.493,3.784,-3.562,68,lose,5,3,BSL,5,3,5.907,7.658,True,False,True,0.771,True,"[5.907, 18.103, 20.126, 34.204, 55.297]"
LINKUSDT,SELL,23967,2026-06-23 05:15:00,7.824,9.049,0.166,3.732,202,win,6,3,SSL,3,6,4.248,3.296,True,False,True,1.289,False,"[4.248, 8.57, 10.23]"
LINKUSDT,BUY,24169,2026-06-25 07:45:00,7.532,0.013,7.05,-6.745,24,lose,6,1,BSL,6,1,7.301,6.75,True,False,True,1.082,False,"[7.301, 14.076, 27.213, 29.392, 44.557, 67.276]"
LINKUSDT,SELL,24193,2026-06-25 13:45:00,7.024,0.214,5.339,-4.712,142,lose,7,1,SSL,1,7,0.006,6.384,True,True,True,0.001,True,[0.006]
LINKUSDT,BUY,24335,2026-06-27 01:15:00,7.355,1.604,1.536,-0.802,104,lose,7,1,BSL,7,1,1.597,4.506,True,False,True,0.354,True,"[1.597, 9.883, 16.821, 30.274, 32.506, 48.035, 71.302]"
LINKUSDT,SELL,24439,2026-06-28 03:15:00,7.296,1.974,2.782,-2.289,157,lose,7,2,SSL,2,7,0.35,2.418,True,True,True,0.145,True,"[0.35, 3.734]"
LINKUSDT,BUY,24596,2026-06-29 18:30:00,7.463,0.228,2.961,-2.519,63,lose,7,2,BSL,7,2,0.126,3.899,True,True,True,0.032,True,"[0.126, 8.293, 15.131, 28.389, 30.588, 45.893, 68.823]"
LINKUSDT,SELL,24659,2026-06-30 10:15:00,7.275,2.818,2.557,-1.869,118,win,7,2,SSL,2,7,1.416,2.714,True,True,True,0.522,True,"[1.416, 3.456]"
LINKUSDT,BUY,24777,2026-07-01 15:45:00,7.411,10.296,1.484,6.301,334,win,7,0,BSL,7,0,0.829,,True,True,False,,False,"[0.829, 9.053, 15.938, 29.29, 31.505, 46.917, 70.007]"
LINKUSDT,SELL,25111,2026-07-05 03:15:00,7.878,0.559,3.161,-3.123,76,lose,6,2,SSL,2,6,0.305,2.588,True,True,True,0.118,True,"[0.305, 1.667]"
LINKUSDT,BUY,25187,2026-07-05 22:15:00,8.124,0.308,4.53,-3.323,66,lose,5,1,BSL,5,1,5.763,4.645,True,False,True,1.241,False,"[5.763, 17.943, 19.963, 34.023, 55.087]"
LINKUSDT,SELL,25253,2026-07-06 14:45:00,7.854,4.291,4.049,1.235,299,win,6,1,SSL,1,6,1.367,2.901,True,True,True,0.471,True,[1.367]
LINKUSDT,BUY,25552,2026-07-09 17:30:00,7.757,4.641,0.696,1.715,218,win,7,1,BSL,7,1,0.496,0.481,True,True,True,1.031,False,"[0.496, 4.188, 10.767, 23.523, 25.639, 40.364, 62.424]"
LINKUSDT,SELL,25770,2026-07-12 00:00:00,7.89,0.456,2.674,-2.332,79,lose,6,2,SSL,2,6,0.013,2.432,True,True,True,0.005,True,"[0.013, 2.159]"
LINKUSDT,BUY,25849,2026-07-12 19:45:00,8.074,0.743,2.626,-1.784,65,lose,6,2,BSL,6,2,0.098,2.291,True,True,True,0.043,True,"[0.098, 6.418, 18.673, 20.706, 34.853, 56.047]"
LINKUSDT,SELL,25914,2026-07-13 12:00:00,7.93,1.791,3.72,-3.153,100,lose,5,2,SSL,2,5,0.517,8.351,True,True,True,0.062,True,"[0.517, 2.652]"
LINKUSDT,BUY,26014,2026-07-14 13:00:00,8.18,5.526,0.0,1.919,235,win,5,1,BSL,5,1,5.039,3.557,True,False,True,1.416,False,"[5.039, 17.135, 19.142, 33.105, 54.025]"
LINKUSDT,SELL,26249,2026-07-16 23:45:00,8.337,4.03,0.324,-0.036,177,win,6,1,SSL,1,6,5.374,1.032,True,False,True,5.209,False,[5.374]
LINKUSDT,BUY,26426,2026-07-18 20:00:00,8.34,5.036,0.731,2.278,431,win,6,3,BSL,6,3,0.995,1.16,True,True,True,0.858,True,"[0.995, 3.024, 14.888, 16.856, 30.552, 51.07]"
LINKUSDT,SELL,26857,2026-07-23 07:45:00,8.53,3.142,1.489,1.336,234,win,4,3,SSL,3,4,3.362,12.329,True,False,True,0.273,True,"[3.362, 5.367, 7.515]"
LINKUSDT,BUY,27091,2026-07-25 18:15:00,8.416,5.989,0.76,2.567,198,win,4,3,BSL,4,3,13.851,2.053,True,False,True,6.747,False,"[13.851, 15.801, 29.373, 49.706]"
LINKUSDT,SELL,27289,2026-07-27 19:45:00,8.632,5.491,0.127,1.946,258,win,6,3,SSL,3,6,4.504,0.054,True,False,True,83.321,False,"[4.504, 6.485, 8.608]"
LINKUSDT,BUY,27547,2026-07-30 12:15:00,8.464,0.874,2.623,-2.564,86,lose,6,2,BSL,6,2,2.04,4.629,True,False,True,0.441,True,"[2.04, 4.809, 13.205, 15.144, 28.639, 48.857]"
LINKUSDT,SELL,27633,2026-07-31 09:45:00,8.247,4.426,0.485,0.133,163,win,7,2,SSL,2,7,2.119,2.364,True,False,True,0.896,True,"[2.119, 4.341]"
LINKUSDT,BUY,27796,2026-08-02 02:30:00,8.236,2.635,0.959,-0.741,135,win,7,1,BSL,7,1,2.501,1.989,True,False,True,1.258,False,"[2.501, 4.865, 7.71, 16.339, 18.332, 32.2, 52.978]"
LINKUSDT,SELL,27931,2026-08-03 12:15:00,8.175,1.382,2.006,-1.59,311,lose,7,1,SSL,1,7,1.257,3.266,True,True,True,0.385,True,[1.257]
LINKUSDT,BUY,28242,2026-08-06 18:00:00,8.305,1.108,2.456,-1.469,315,lose,7,1,BSL,7,1,1.65,2.803,True,False,True,0.589,True,"[1.65, 3.994, 6.815, 15.372, 17.349, 31.102, 51.707]"
LINKUSDT,SELL,28557,2026-08-10 00:45:00,8.183,0.22,3.422,-2.945,100,lose,7,0,SSL,0,7,,1.443,False,False,True,,False,[]
LINKUSDT,BUY,28657,2026-08-11 01:45:00,8.424,49.869,0.736,36.99,1156,win,6,0,BSL,6,0,2.525,,True,False,False,,False,"[2.525, 5.306, 13.742, 15.691, 29.25, 49.564]"
LINKUSDT,SELL,29813,2026-08-23 02:45:00,11.54,4.35,2.192,-1.395,186,win,0,0,SSL,0,0,,,False,False,False,,False,[]
NEARUSDT,SELL,17,2025-10-16 17:45:00,2.258,8.99,0.266,1.284,262,win,0,0,SSL,0,0,,,False,False,False,,False,[]
NEARUSDT,BUY,279,2025-10-19 11:15:00,2.229,4.845,1.795,-1.436,163,win,0,1,BSL,0,1,,5.72,False,False,True,,False,[]
NEARUSDT,SELL,442,2025-10-21 04:00:00,2.197,1.593,6.782,-6.372,44,lose,0,1,SSL,1,0,4.347,,True,False,False,,False,[4.347]
NEARUSDT,BUY,486,2025-10-21 15:00:00,2.337,1.113,6.333,-5.691,60,lose,0,2,BSL,0,2,,7.724,False,False,True,,False,[]
NEARUSDT,SELL,546,2025-10-22 06:00:00,2.204,5.036,2.269,-1.951,188,win,1,2,SSL,2,1,2.155,7.282,True,False,True,0.296,True,"[2.155, 4.651]"
NEARUSDT,BUY,734,2025-10-24 05:00:00,2.247,7.61,2.136,2.492,439,win,1,0,BSL,1,0,5.229,,True,False,False,,False,[5.229]
NEARUSDT,SELL,1173,2025-10-28 18:45:00,2.303,4.559,0.825,-0.347,77,win,0,1,SSL,1,0,4.538,,True,False,False,,False,[4.538]
NEARUSDT,BUY,1250,2025-10-29 14:00:00,2.311,1.558,5.193,-4.543,80,lose,0,0,BSL,0,0,,,False,False,False,,False,[]
NEARUSDT,SELL,1330,2025-10-30 10:00:00,2.206,8.069,0.635,1.405,203,win,0,0,SSL,0,0,,,False,False,False,,False,[]
NEARUSDT,BUY,1533,2025-11-01 12:45:00,2.175,1.241,5.563,-5.379,155,lose,1,1,BSL,1,1,0.904,4.092,True,True,True,0.221,True,[0.904]
NEARUSDT,SELL,1688,2025-11-03 03:30:00,2.058,16.472,0.534,5.831,251,win,0,0,SSL,0,0,,,False,False,False,,False,[]
NEARUSDT,BUY,1939,2025-11-05 18:15:00,1.938,64.293,2.683,41.692,510,win,1,0,BSL,1,0,0.843,,True,True,False,,False,[0.843]
NEARUSDT,SELL,2449,2025-11-11 01:45:00,2.746,16.096,3.205,7.247,395,win,0,0,SSL,0,0,,,False,False,False,,False,[]
NEARUSDT,BUY,2844,2025-11-15 04:30:00,2.547,2.945,6.203,-6.164,78,win,2,0,BSL,2,0,2.591,,True,False,False,,False,"[2.591, 10.993]"
NEARUSDT,SELL,2922,2025-11-16 00:00:00,2.39,10.167,7.155,0.921,384,win,2,0,SSL,0,2,,6.987,False,False,True,,False,[]
NEARUSDT,BUY,3306,2025-11-20 00:00:00,2.368,1.858,9.797,-9.206,67,lose,1,0,BSL,1,0,19.383,,True,False,False,,False,[19.383]
NEARUSDT,SELL,3373,2025-11-20 16:45:00,2.15,16.465,0.884,9.86,384,win,1,0,SSL,0,1,,31.488,False,False,True,,False,[]
NEARUSDT,BUY,3757,2025-11-24 16:45:00,1.938,2.477,5.108,-5.057,66,win,1,1,BSL,1,1,45.872,6.244,True,False,True,7.347,False,[45.872]
NEARUSDT,SELL,3823,2025-11-25 09:15:00,1.84,1.359,6.467,-5.598,136,lose,1,1,SSL,1,1,1.25,53.641,True,True,True,0.023,True,[1.25]
NEARUSDT,BUY,3959,2025-11-26 19:15:00,1.943,0.566,3.911,-3.911,124,lose,2,1,BSL,2,1,0.463,6.485,True,True,True,0.071,True,"[0.463, 45.497]"
NEARUSDT,SELL,4083,2025-11-28 02:15:00,1.867,15.212,4.713,9.106,417,win,2,1,SSL,1,2,2.678,4.553,True,False,True,0.588,True,[2.678]
NEARUSDT,BUY,4500,2025-12-02 10:30:00,1.697,11.844,0.059,5.186,228,win,3,1,BSL,3,1,9.586,7.012,True,False,True,1.367,False,"[9.586, 11.703, 66.588]"
NEARUSDT,SELL,4728,2025-12-04 19:30:00,1.785,8.291,1.793,1.008,293,win,2,1,SSL,1,2,11.597,6.196,True,False,True,1.872,False,[11.597]
NEARUSDT,BUY,5021,2025-12-07 20:45:00,1.767,1.981,4.754,-3.169,147,lose,3,1,BSL,3,1,2.405,10.696,True,False,True,0.225,True,"[2.405, 7.278, 59.989]"
NEARUSDT,SELL,5168,2025-12-09 09:30:00,1.711,0.058,7.656,-7.189,25,lose,2,1,SSL,1,2,7.773,10.789,True,False,True,0.72,True,[7.773]
NEARUSDT,BUY,5193,2025-12-09 15:45:00,1.834,2.781,4.526,-4.253,70,win,2,1,BSL,2,1,3.359,13.959,True,False,True,0.241,True,"[3.359, 54.144]"
NEARUSDT,SELL,5263,2025-12-10 09:15:00,1.756,9.909,6.15,4.556,294,win,2,1,SSL,1,2,10.137,7.95,True,False,True,1.275,False,[10.137]
NEARUSDT,BUY,5557,2025-12-13 10:45:00,1.676,0.477,3.043,-2.745,82,lose,3,1,BSL,3,1,3.043,5.847,True,False,True,0.52,True,"[3.043, 13.103, 68.675]"
NEARUSDT,SELL,5639,2025-12-14 07:15:00,1.63,8.773,0.982,2.454,248,win,4,1,SSL,1,4,3.19,2.454,True,False,True,1.3,False,[3.19]
NEARUSDT,BUY,5887,2025-12-16 21:15:00,1.59,1.447,7.107,-6.604,85,lose,5,0,BSL,5,0,1.352,,True,True,False,,False,"[1.352, 5.031, 8.616, 19.22, 77.799]"
NEARUSDT,SELL,5972,2025-12-17 18:30:00,1.485,2.29,7.003,-5.522,85,win,5,0,SSL,0,5,,8.519,False,False,True,,False,[]
NEARUSDT,BUY,6057,2025-12-18 15:45:00,1.567,2.106,9.317,-9.062,23,win,5,0,BSL,5,0,2.84,,True,False,False,,False,"[2.84, 6.573, 10.211, 20.97, 80.408]"
NEARUSDT,SELL,6080,2025-12-18 21:30:00,1.425,1.474,8.491,-8.211,76,lose,5,0,SSL,0,5,,13.088,False,False,True,,False,[]
NEARUSDT,BUY,6156,2025-12-19 16:30:00,1.542,1.167,4.929,-4.799,180,lose,5,1,BSL,5,1,4.507,8.82,True,False,True,0.511,True,"[4.507, 8.301, 11.997, 22.931, 83.333]"
NEARUSDT,SELL,6336,2025-12-21 13:30:00,1.468,1.022,5.109,-4.36,68,lose,5,1,SSL,1,5,4.223,9.775,True,False,True,0.432,True,[4.223]
NEARUSDT,BUY,6404,2025-12-22 06:30:00,1.532,3.525,2.742,-1.893,79,win,5,2,BSL,5,2,5.189,5.38,True,False,True,0.964,True,"[5.189, 9.008, 12.728, 23.734, 84.53]"
NEARUSDT,SELL,6483,2025-12-23 02:15:00,1.503,4.591,1.863,-0.399,202,win,7,2,SSL,2,7,3.555,1.081,True,False,True,3.288,False,"[3.555, 6.454]"
NEARUSDT,BUY,6685,2025-12-25 04:45:00,1.509,0.133,5.169,-4.838,77,lose,7,2,BSL,7,2,0.679,3.938,True,True,True,0.172,True,"[0.679, 4.528, 6.793, 10.669, 14.447, 25.62, 87.343]"
NEARUSDT,SELL,6762,2025-12-26 00:00:00,1.436,0.418,7.382,-6.128,14,lose,6,1,SSL,1,6,2.089,9.842,True,False,True,0.212,True,[2.089]
NEARUSDT,BUY,6776,2025-12-26 03:30:00,1.524,5.971,2.559,2.297,265,win,6,2,BSL,6,2,3.5,4.884,True,False,True,0.717,True,"[3.5, 5.741, 9.58, 13.32, 24.383, 85.499]"
NEARUSDT,SELL,7041,2025-12-28 21:45:00,1.559,5.901,3.335,0.257,353,win,5,4,SSL,4,5,3.175,3.368,True,False,True,0.943,True,"[3.175, 4.003, 7.019, 9.814]"
NEARUSDT,BUY,7394,2026-01-01 14:00:00,1.555,18.328,0.772,12.733,574,win,4,2,BSL,4,2,7.395,6.78,True,False,True,1.091,False,"[7.395, 11.061, 21.904, 81.801]"
NEARUSDT,SELL,7968,2026-01-07 13:30:00,1.753,5.533,0.627,-0.57,438,win,2,4,SSL,4,2,4.952,8.135,True,False,True,0.609,True,"[4.952, 7.169, 17.309, 19.795]"
NEARUSDT,BUY,8406,2026-01-12 03:00:00,1.763,0.34,5.842,-5.729,40,lose,2,4,BSL,2,4,7.521,5.491,True,False,True,1.37,False,"[7.521, 60.352]"
NEARUSDT,SELL,8446,2026-01-12 13:00:00,1.662,1.143,5.475,-4.994,80,lose,3,3,SSL,3,3,2.086,5.09,True,False,True,0.41,True,"[2.086, 12.782, 15.403]"
NEARUSDT,BUY,8526,2026-01-13 09:00:00,1.745,8.539,0.287,0.172,170,win,2,3,BSL,2,3,8.63,4.516,True,False,True,1.911,False,"[8.63, 62.006]"
NEARUSDT,SELL,8696,2026-01-15 03:30:00,1.748,4.348,3.661,-1.087,208,win,1,3,SSL,3,1,4.68,61.728,True,False,True,0.076,True,"[4.68, 17.073, 19.565]"
NEARUSDT,BUY,8904,2026-01-17 07:30:00,1.767,2.377,2.999,-2.603,81,win,2,2,BSL,2,2,2.462,17.964,True,False,True,0.137,True,"[2.462, 59.989]"
NEARUSDT,SELL,8985,2026-01-18 03:45:00,1.721,18.187,1.162,13.364,937,win,1,2,SSL,2,1,15.772,64.265,True,False,True,0.245,True,"[15.772, 18.303]"
NEARUSDT,BUY,9922,2026-01-27 22:00:00,1.491,0.671,3.823,-2.549,131,lose,4,1,BSL,4,1,1.288,2.649,True,True,True,0.486,True,"[1.288, 3.924, 8.535, 89.604]"
NEARUSDT,SELL,10053,2026-01-29 06:45:00,1.453,24.983,0.069,15.21,423,win,5,0,SSL,0,5,,1.968,False,False,True,,False,[]
NEARUSDT,BUY,10476,2026-02-02 16:30:00,1.232,0.325,6.575,-6.575,100,lose,5,1,BSL,5,1,20.26,6.439,True,False,True,3.146,False,"[20.26, 22.581, 25.771, 31.351, 129.464]"
NEARUSDT,SELL,10576,2026-02-03 17:30:00,1.151,27.02,7.385,6.429,282,win,6,0,SSL,0,6,,5.937,False,False,True,,False,[]
NEARUSDT,BUY,10858,2026-02-06 16:00:00,1.077,3.343,4.457,-2.693,205,win,5,0,BSL,5,0,37.567,,True,False,False,,False,"[37.567, 40.223, 43.872, 50.255, 162.488]"
NEARUSDT,SELL,11063,2026-02-08 19:15:00,1.048,6.011,1.431,1.527,112,win,6,0,SSL,0,6,,5.264,False,False,True,,False,[]
NEARUSDT,BUY,11175,2026-02-09 23:15:00,1.032,0.484,4.845,-3.391,33,lose,6,1,BSL,6,1,6.896,4.813,True,False,True,1.433,False,"[6.896, 43.566, 46.337, 50.145, 56.807, 173.934]"
NEARUSDT,SELL,11208,2026-02-10 07:30:00,0.997,5.918,1.103,0.1,201,win,6,1,SSL,1,6,1.471,10.649,True,True,True,0.138,True,[1.471]
NEARUSDT,BUY,11409,2026-02-12 09:45:00,0.996,1.506,6.325,-4.819,34,lose,7,1,BSL,7,1,0.87,4.92,True,True,True,0.177,True,"[0.87, 10.76, 48.755, 51.627, 55.572, 62.475, 183.835]"
NEARUSDT,SELL,11443,2026-02-12 18:15:00,0.948,0.949,6.224,-5.38,81,lose,7,1,SSL,1,7,0.105,5.978,True,True,True,0.018,True,[0.105]
NEARUSDT,BUY,11524,2026-02-13 14:30:00,0.999,10.31,0.601,3.904,212,win,7,2,BSL,7,2,0.567,2.728,True,True,True,0.208,True,"[0.567, 10.427, 48.308, 51.171, 55.105, 61.987, 182.983]"
NEARUSDT,SELL,11736,2026-02-15 19:30:00,1.038,5.588,3.468,0.0,475,win,6,3,SSL,3,6,1.773,6.278,True,False,True,0.282,True,"[1.773, 6.382, 8.767]"
NEARUSDT,BUY,12211,2026-02-20 18:15:00,1.038,6.744,0.578,-0.385,128,win,6,2,BSL,6,2,6.278,6.382,True,False,True,0.984,True,"[6.278, 42.736, 45.491, 49.277, 55.901, 172.351]"
NEARUSDT,SELL,12339,2026-02-22 02:15:00,1.034,8.027,0.193,2.128,315,win,5,2,SSL,2,5,6.02,43.288,True,False,True,0.139,True,"[6.02, 8.414]"
NEARUSDT,BUY,12654,2026-02-25 09:00:00,1.012,24.704,0.395,8.696,126,win,5,0,BSL,5,0,46.403,,True,False,False,,False,"[46.403, 49.229, 53.113, 59.906, 179.348]"
NEARUSDT,SELL,12780,2026-02-26 16:30:00,1.1,6.636,5.636,-4.545,211,win,5,0,SSL,0,5,,34.691,False,False,True,,False,[]
NEARUSDT,BUY,12991,2026-02-28 21:15:00,1.15,26.348,3.304,12.435,395,win,5,0,BSL,5,0,28.835,,True,False,False,,False,"[28.835, 31.322, 34.739, 40.717, 145.826]"
NEARUSDT,SELL,13386,2026-03-05 00:00:00,1.293,7.734,2.707,4.872,345,win,6,2,SSL,2,6,9.384,9.532,True,False,True,0.984,True,"[9.384, 13.341]"
NEARUSDT,BUY,13731,2026-03-08 14:15:00,1.23,15.61,3.496,6.992,543,win,9,3,BSL,9,3,1.199,2.134,True,True,True,0.562,True,"[1.199, 4.919, 7.805, 15.142, 20.455, 22.78, 25.976, 31.565, 129.837]"
NEARUSDT,SELL,14274,2026-03-14 06:00:00,1.316,1.368,3.04,-2.128,81,lose,7,5,SSL,5,7,0.371,4.281,True,True,True,0.087,True,"[0.371, 3.757, 7.877, 10.968, 14.856]"
NEARUSDT,BUY,14355,2026-03-15 02:15:00,1.344,12.277,1.488,4.687,334,win,7,5,BSL,7,5,2.108,2.447,True,False,True,0.861,True,"[2.108, 5.376, 10.238, 12.366, 15.29, 20.406, 110.342]"
NEARUSDT,SELL,14689,2026-03-18 13:45:00,1.407,11.158,0.142,7.463,498,win,3,6,SSL,6,3,2.594,10.128,True,False,True,0.256,True,"[2.594, 6.815, 9.982, 13.836, 16.726, 20.362]"
NEARUSDT,BUY,15187,2026-03-23 18:15:00,1.302,2.074,2.919,-1.997,146,win,6,4,BSL,6,4,0.634,2.722,True,True,True,0.233,True,"[0.634, 3.041, 6.989, 19.009, 24.29, 117.127]"
NEARUSDT,SELL,15333,2026-03-25 06:45:00,1.276,11.52,2.743,6.27,470,win,5,3,SSL,3,5,4.99,2.684,True,False,True,1.859,False,"[4.99, 8.177, 12.187]"
NEARUSDT,BUY,15803,2026-03-30 04:15:00,1.196,2.341,3.344,-2.759,56,win,6,0,BSL,6,0,2.94,,True,False,False,,False,"[2.94, 9.553, 16.472, 29.557, 35.305, 136.371]"
NEARUSDT,SELL,15859,2026-03-30 18:15:00,1.163,1.29,3.439,-2.752,90,lose,6,0,SSL,0,6,,5.861,False,False,True,,False,[]
NEARUSDT,BUY,15949,2026-03-31 16:45:00,1.195,2.845,3.264,-2.845,137,win,7,1,BSL,7,1,0.628,3.975,True,True,True,0.158,True,"[0.628, 3.027, 9.644, 16.569, 29.665, 35.418, 136.569]"
NEARUSDT,SELL,16086,2026-04-02 03:00:00,1.161,1.981,2.67,-2.412,109,lose,6,1,SSL,1,6,1.163,6.044,True,True,True,0.192,True,[1.163]
NEARUSDT,BUY,16195,2026-04-03 06:15:00,1.189,8.242,0.084,3.532,248,win,6,0,BSL,6,0,3.546,,True,False,False,,False,"[3.546, 10.198, 17.157, 30.32, 36.102, 137.763]"
NEARUSDT,SELL,16443,2026-04-05 20:15:00,1.231,0.731,3.574,-2.843,25,lose,5,0,SSL,0,5,,6.438,False,False,True,,False,[]
NEARUSDT,BUY,16468,2026-04-06 02:30:00,1.266,2.844,2.449,-2.133,88,win,5,1,BSL,5,1,3.495,3.021,True,False,True,1.157,False,"[3.495, 10.032, 22.393, 27.824, 123.302]"
NEARUSDT,SELL,16556,2026-04-07 00:30:00,1.239,1.533,6.053,-5.488,85,lose,4,1,SSL,1,4,0.908,12.429,True,True,True,0.073,True,[0.908]
NEARUSDT,BUY,16641,2026-04-07 21:45:00,1.307,8.952,1.76,2.372,409,win,4,1,BSL,4,1,6.58,6.064,True,False,True,1.085,False,"[6.58, 18.554, 23.814, 116.297]"
NEARUSDT,SELL,17050,2026-04-12 04:00:00,1.338,1.121,3.961,-3.737,106,lose,4,2,SSL,2,4,0.762,6.534,True,True,True,0.117,True,"[0.762, 8.24]"
NEARUSDT,BUY,17156,2026-04-13 06:30:00,1.388,3.602,1.945,-1.585,144,win,4,3,BSL,4,3,2.697,2.534,True,False,True,1.064,False,"[2.697, 11.635, 16.589, 103.674]"
NEARUSDT,SELL,17300,2026-04-14 18:30:00,1.366,1.83,2.562,-1.318,77,lose,4,3,SSL,3,4,0.964,4.351,True,True,True,0.222,True,"[0.964, 2.796, 10.121]"
NEARUSDT,BUY,17377,2026-04-15 13:45:00,1.384,4.191,1.373,-0.289,289,win,4,3,BSL,4,3,2.993,2.252,True,False,True,1.329,False,"[2.993, 11.958, 16.926, 104.263]"
NEARUSDT,SELL,17666,2026-04-18 14:00:00,1.38,4.275,0.652,0.072,269,win,4,3,SSL,3,4,1.969,3.292,True,False,True,0.598,True,"[1.969, 3.783, 11.033]"
NEARUSDT,BUY,17935,2026-04-21 09:15:00,1.379,3.771,2.175,0.29,174,win,5,3,BSL,5,3,0.508,1.898,True,True,True,0.268,True,"[0.508, 3.367, 12.364, 17.35, 105.004]"
NEARUSDT,SELL,18109,2026-04-23 04:45:00,1.383,1.012,2.386,-2.242,102,lose,4,2,SSL,2,4,3.991,3.068,True,False,True,1.301,False,"[3.991, 11.226]"
NEARUSDT,BUY,18211,2026-04-24 06:15:00,1.414,1.273,1.909,-1.627,147,lose,4,3,BSL,4,3,0.808,2.461,True,True,True,0.328,True,"[0.808, 9.583, 14.445, 99.929]"
NEARUSDT,SELL,18358,2026-04-25 19:00:00,1.391,4.529,1.582,1.725,332,win,4,3,SSL,3,4,0.848,2.475,True,True,True,0.343,True,"[0.848, 4.543, 11.736]"
NEARUSDT,BUY,18690,2026-04-29 06:00:00,1.367,0.366,3.804,-3.438,40,lose,3,1,BSL,3,1,13.35,10.187,True,False,True,1.311,False,"[13.35, 18.38, 106.803]"
NEARUSDT,SELL,18730,2026-04-29 16:00:00,1.32,5.758,1.591,0.606,596,win,3,1,SSL,1,3,6.989,17.386,True,False,True,0.402,True,[6.989]
NEARUSDT,BUY,19326,2026-05-05 21:00:00,1.312,24.314,1.905,16.311,505,win,3,1,BSL,3,1,18.102,3.476,True,False,True,5.208,False,"[18.102, 23.342, 115.473]"
NEARUSDT,SELL,19831,2026-05-11 03:15:00,1.526,1.507,5.177,-4.98,123,lose,2,2,SSL,2,2,0.393,6.045,True,True,True,0.065,True,"[0.393, 3.976]"
NEARUSDT,BUY,19954,2026-05-12 10:00:00,1.602,5.493,5.556,-1.685,147,win,2,2,BSL,2,2,1.014,5.119,True,True,True,0.198,True,"[1.014, 76.467]"
NEARUSDT,SELL,20101,2026-05-13 22:45:00,1.575,6.286,3.683,2.667,323,win,3,3,SSL,3,3,1.302,2.222,True,True,True,0.586,True,"[1.302, 3.492, 6.963]"
NEARUSDT,BUY,20424,2026-05-17 07:30:00,1.533,1.696,4.631,-3.262,97,lose,3,1,BSL,3,1,1.935,4.414,True,False,True,0.438,True,"[1.935, 9.954, 84.41]"
NEARUSDT,SELL,20521,2026-05-18 07:45:00,1.483,0.405,7.215,-6.811,49,lose,2,0,SSL,0,2,,13.661,False,False,True,,False,[]
NEARUSDT,BUY,20570,2026-05-18 20:00:00,1.584,6.503,0.568,-0.063,123,win,2,0,BSL,2,0,6.414,,True,False,False,,False,"[6.414, 78.472]"
NEARUSDT,SELL,20693,2026-05-20 02:45:00,1.583,0.253,5.559,-4.548,17,lose,2,0,SSL,0,2,,6.481,False,False,True,,False,[]
NEARUSDT,BUY,20710,2026-05-20 07:00:00,1.655,79.94,1.692,52.628,651,win,2,1,BSL,2,1,1.849,4.208,True,False,True,0.439,True,"[1.849, 70.816]"
NEARUSDT,SELL,21361,2026-05-27 01:45:00,2.526,10.174,8.393,-0.238,213,win,0,3,SSL,3,0,32.132,,True,False,False,,False,"[32.132, 35.748, 37.238]"
NEARUSDT,BUY,21574,2026-05-29 07:00:00,2.532,3.949,9.202,-8.926,85,win,1,3,BSL,1,3,8.531,32.293,True,False,True,0.264,True,[8.531]
NEARUSDT,SELL,21659,2026-05-30 04:15:00,2.306,4.206,5.941,-3.816,224,win,1,3,SSL,3,1,25.658,19.167,True,False,True,1.339,False,"[25.658, 29.618, 31.25]"
NEARUSDT,BUY,21883,2026-06-01 12:15:00,2.394,28.864,2.632,1.462,267,win,1,4,BSL,1,4,14.787,4.428,True,False,True,3.34,False,[14.787]
NEARUSDT,SELL,22150,2026-06-04 07:00:00,2.429,26.142,2.47,14.697,328,win,0,4,SSL,4,0,5.805,,True,False,False,,False,"[5.805, 29.422, 33.182, 34.732]"
NEARUSDT,BUY,22478,2026-06-07 17:00:00,2.072,9.266,5.695,-1.4,289,win,0,3,BSL,0,3,,17.262,False,False,True,,False,[]
NEARUSDT,SELL,22767,2026-06-10 17:15:00,2.043,5.678,7.0,-2.839,284,win,1,3,SSL,3,1,16.087,6.278,True,False,True,2.563,False,"[16.087, 20.558, 22.4]"
NEARUSDT,BUY,23051,2026-06-13 16:15:00,2.101,21.942,1.904,11.376,288,win,1,5,BSL,1,5,3.344,6.537,True,False,True,0.512,True,[3.344]
NEARUSDT,SELL,23339,2026-06-16 16:15:00,2.34,10.983,2.051,6.453,435,win,0,6,SSL,6,0,11.043,,True,False,False,,False,"[11.043, 16.083, 17.201, 26.738, 30.641, 32.249]"
NEARUSDT,BUY,23774,2026-06-21 05:00:00,2.189,4.111,4.34,-3.381,71,win,1,6,BSL,1,6,4.591,4.906,True,False,True,0.936,True,[4.591]
NEARUSDT,SELL,23845,2026-06-21 22:45:00,2.115,17.21,3.924,10.307,545,win,0,6,SSL,6,0,1.579,,True,False,False,,False,"[1.579, 7.155, 8.392, 18.944, 23.262, 25.042]"
NEARUSDT,BUY,24390,2026-06-27 15:00:00,1.897,3.005,7.38,-7.064,280,win,0,4,BSL,0,4,,5.043,False,False,True,,False,[]
NEARUSDT,SELL,24670,2026-06-30 13:00:00,1.763,2.382,6.466,-6.239,132,win,2,3,SSL,3,2,2.76,5.786,True,False,True,0.477,True,"[2.76, 7.941, 10.076]"
NEARUSDT,BUY,24802,2026-07-01 22:00:00,1.873,12.92,3.897,4.592,242,win,1,3,BSL,1,3,4.351,5.008,True,False,True,0.869,True,[4.351]
NEARUSDT,SELL,25044,2026-07-04 10:30:00,1.959,1.94,4.441,-3.828,143,lose,2,4,SSL,4,2,2.527,4.934,True,False,True,0.512,True,"[2.527, 9.178, 17.152, 19.073]"
NEARUSDT,BUY,25187,2026-07-05 22:15:00,2.034,3.638,5.949,-5.654,206,win,2,3,BSL,2,3,1.065,12.527,True,True,True,0.085,True,"[1.065, 3.72]"
NEARUSDT,SELL,25393,2026-07-08 01:45:00,1.919,4.065,1.459,-0.313,167,win,2,3,SSL,3,2,7.285,7.947,True,False,True,0.917,True,"[7.285, 15.425, 17.386]"
NEARUSDT,BUY,25560,2026-07-09 19:30:00,1.925,2.182,2.494,-1.455,86,win,2,5,BSL,2,5,7.61,1.455,True,False,True,5.232,False,"[7.61, 9.593]"
NEARUSDT,SELL,25646,2026-07-10 17:00:00,1.897,2.319,2.161,-0.896,267,win,3,4,SSL,4,3,2.293,3.927,True,False,True,0.584,True,"[2.293, 6.21, 14.444, 16.428]"
NEARUSDT,BUY,25913,2026-07-13 11:45:00,1.914,10.031,2.038,2.508,334,win,3,5,BSL,3,5,3.004,1.475,True,False,True,2.037,False,"[3.004, 8.229, 10.223]"
NEARUSDT,SELL,26247,2026-07-16 23:15:00,1.962,4.638,2.294,-0.968,345,win,1,5,SSL,5,1,3.885,5.895,True,False,True,0.659,True,"[3.885, 5.53, 9.317, 17.278, 19.197]"
NEARUSDT,BUY,26592,2026-07-20 13:30:00,1.981,4.139,2.776,-2.171,109,win,1,5,BSL,1,5,4.88,3.382,True,False,True,1.443,False,[4.88]
NEARUSDT,SELL,26701,2026-07-21 16:45:00,1.938,8.359,0.722,5.212,508,win,0,5,SSL,5,0,1.238,,True,True,False,,False,"[1.238, 4.36, 8.194, 16.254, 18.196]"
NEARUSDT,BUY,27209,2026-07-26 23:45:00,1.837,1.198,3.647,-3.538,65,lose,1,2,BSL,1,2,5.825,11.649,True,False,True,0.5,True,[5.825]
NEARUSDT,SELL,27274,2026-07-27 16:00:00,1.772,11.456,0.79,6.659,277,win,1,2,SSL,2,1,8.409,9.707,True,False,True,0.866,True,"[8.409, 10.533]"
NEARUSDT,BUY,27551,2026-07-30 13:15:00,1.654,6.892,1.391,2.721,537,win,2,1,BSL,2,1,2.096,4.15,True,False,True,0.505,True,"[2.096, 17.533]"
NEARUSDT,SELL,28088,2026-08-05 03:30:00,1.699,7.357,1.825,4.473,429,win,2,4,SSL,4,2,0.51,3.899,True,True,True,0.131,True,"[0.51, 1.913, 3.602, 6.688]"
NEARUSDT,BUY,28517,2026-08-09 14:45:00,1.623,2.834,1.91,-1.109,116,win,3,1,BSL,3,1,2.631,2.319,True,False,True,1.135,False,"[2.631, 8.765, 19.778]"
NEARUSDT,SELL,28633,2026-08-10 19:45:00,1.605,4.299,1.184,-1.121,113,win,3,1,SSL,1,3,1.223,3.782,True,True,True,0.323,True,[1.223]
NEARUSDT,BUY,28746,2026-08-12 00:00:00,1.623,3.697,0.863,-0.37,202,win,3,0,BSL,3,0,2.631,,True,False,False,,False,"[2.631, 8.765, 19.778]"
NEARUSDT,SELL,28948,2026-08-14 02:30:00,1.617,2.226,2.103,-2.041,90,win,3,0,SSL,0,3,,3.012,False,False,True,,False,[]
NEARUSDT,BUY,29038,2026-08-15 01:00:00,1.65,1.152,2.424,-2.242,96,lose,3,1,BSL,3,1,0.952,4.036,True,True,True,0.236,True,"[0.952, 6.985, 17.818]"
NEARUSDT,SELL,29134,2026-08-16 01:00:00,1.613,1.922,1.984,-1.302,115,lose,4,1,SSL,1,4,1.835,1.457,True,False,True,1.26,False,[1.835]
NEARUSDT,BUY,29249,2026-08-17 05:45:00,1.634,1.958,3.121,-2.57,159,lose,3,1,BSL,3,1,1.94,3.097,True,False,True,0.626,True,"[1.94, 8.032, 18.972]"
NEARUSDT,SELL,29408,2026-08-18 21:30:00,1.592,1.884,3.078,-2.889,69,lose,2,1,SSL,1,2,0.54,10.883,True,True,True,0.05,True,[0.54]
NEARUSDT,BUY,29477,2026-08-19 14:45:00,1.638,31.136,3.053,16.972,278,win,2,1,BSL,2,1,7.769,3.333,True,False,True,2.331,False,"[7.769, 18.681]"
NEARUSDT,SELL,29755,2026-08-22 12:15:00,1.916,5.898,3.079,-1.566,95,win,0,0,SSL,0,0,,,False,False,False,,False,[]
NEARUSDT,BUY,29850,2026-08-23 12:00:00,1.946,6.629,2.055,0.154,149,win,0,0,BSL,0,0,,,False,False,False,,False,[]
SOLUSDT,SELL,20,2025-10-16 18:30:00,189.14,8.005,0.328,2.189,180,win,0,0,SSL,0,0,,,False,False,False,,False,[]
SOLUSDT,BUY,200,2025-10-18 15:30:00,185.0,5.103,1.049,1.557,206,win,1,0,BSL,1,0,1.519,,True,False,False,,False,[1.519]
SOLUSDT,SELL,406,2025-10-20 19:00:00,187.88,2.784,4.764,-4.673,82,win,0,1,SSL,1,0,2.518,,True,False,False,,False,[2.518]
SOLUSDT,BUY,488,2025-10-21 15:30:00,196.66,0.524,6.88,-6.336,56,lose,0,1,BSL,0,1,,6.87,False,False,True,,False,[]
SOLUSDT,SELL,544,2025-10-22 05:30:00,184.2,3.99,2.03,-1.743,105,win,1,0,SSL,0,1,,7.082,False,False,True,,False,[]
SOLUSDT,BUY,649,2025-10-23 07:45:00,187.41,9.546,0.486,3.041,530,win,1,0,BSL,1,0,5.248,,True,False,False,,False,[5.248]
SOLUSDT,SELL,1179,2025-10-28 20:15:00,193.11,1.6,4.428,-4.153,68,lose,0,2,SSL,2,0,1.132,,True,True,False,,False,"[1.132, 2.346]"
SOLUSDT,BUY,1247,2025-10-29 13:15:00,201.13,0.094,6.091,-4.584,84,lose,0,1,BSL,0,1,,6.24,False,False,True,,False,[]
SOLUSDT,SELL,1331,2025-10-30 10:15:00,191.91,24.095,0.333,15.038,613,win,0,0,SSL,0,0,,,False,False,False,,False,[]
SOLUSDT,BUY,1944,2025-11-05 19:30:00,163.05,0.509,5.704,-4.348,91,lose,2,1,BSL,2,1,0.941,5.872,True,True,True,0.16,True,"[0.941, 3.379]"
SOLUSDT,SELL,2035,2025-11-06 18:15:00,155.96,4.02,4.431,-3.892,98,win,2,1,SSL,1,2,1.593,5.53,True,False,True,0.288,True,[1.593]
SOLUSDT,BUY,2133,2025-11-07 18:45:00,162.03,1.722,3.833,-3.345,84,lose,2,1,BSL,2,1,1.577,7.431,True,False,True,0.212,True,"[1.577, 4.03]"
SOLUSDT,SELL,2217,2025-11-08 15:45:00,156.61,1.022,4.674,-4.399,95,lose,1,1,SSL,1,1,4.227,7.63,True,False,True,0.554,True,[4.227]
SOLUSDT,BUY,2312,2025-11-09 15:30:00,163.5,5.119,2.141,-2.024,195,win,1,1,BSL,1,1,3.095,8.263,True,False,True,0.375,True,[3.095]
SOLUSDT,SELL,2507,2025-11-11 16:15:00,160.19,19.658,0.506,13.871,653,win,0,1,SSL,1,0,6.367,,True,False,False,,False,[6.367]
SOLUSDT,BUY,3160,2025-11-18 11:30:00,137.97,3.465,4.247,-4.102,118,win,1,0,BSL,1,0,4.271,,True,False,False,,False,[4.271]
SOLUSDT,SELL,3278,2025-11-19 17:00:00,132.31,1.413,8.964,-8.034,37,lose,1,0,SSL,0,1,,8.731,False,False,True,,False,[]
SOLUSDT,BUY,3315,2025-11-20 02:15:00,142.94,1.287,8.024,-7.283,58,lose,1,1,BSL,1,1,0.645,8.539,True,True,True,0.076,True,[0.645]
SOLUSDT,SELL,3373,2025-11-20 16:45:00,132.53,8.685,3.063,1.328,238,win,1,1,SSL,1,1,1.354,8.551,True,True,True,0.158,True,[1.354]
SOLUSDT,BUY,3611,2025-11-23 04:15:00,130.77,10.652,2.111,6.523,477,win,1,2,BSL,1,2,10.012,4.08,True,False,True,2.454,False,[10.012]
SOLUSDT,SELL,4088,2025-11-28 03:30:00,139.3,3.367,3.058,0.373,242,win,1,3,SSL,3,1,2.708,3.275,True,False,True,0.827,True,"[2.708, 9.953, 12.805]"
SOLUSDT,BUY,4330,2025-11-30 16:00:00,138.78,0.728,6.831,-6.42,33,lose,2,2,BSL,2,2,1.474,9.616,True,True,True,0.153,True,"[1.474, 3.662]"
SOLUSDT,SELL,4363,2025-12-01 00:15:00,129.87,5.251,0.839,-0.516,150,win,2,2,SSL,2,2,3.415,8.435,True,False,True,0.405,True,"[3.415, 6.473]"
SOLUSDT,BUY,4513,2025-12-02 13:45:00,130.54,12.51,0.184,6.711,218,win,2,2,BSL,2,2,7.879,5.554,True,False,True,1.419,False,"[7.879, 10.206]"
SOLUSDT,SELL,4731,2025-12-04 20:15:00,139.3,8.435,1.019,2.534,285,win,1,2,SSL,2,1,11.493,3.551,True,False,True,3.237,False,"[11.493, 12.805]"
SOLUSDT,BUY,5016,2025-12-07 19:30:00,135.77,2.6,4.478,-1.908,113,win,2,3,BSL,2,3,3.123,5.676,True,False,True,0.55,True,"[3.123, 6.243]"
SOLUSDT,SELL,5129,2025-12-08 23:45:00,133.18,1.246,6.563,-6.18,66,lose,1,5,SSL,5,1,0.931,8.309,True,True,True,0.112,True,"[0.931, 2.414, 3.842, 7.426, 8.798]"
SOLUSDT,BUY,5195,2025-12-09 16:15:00,141.41,2.468,5.452,-5.113,129,win,1,4,BSL,1,4,2.006,8.093,True,False,True,0.248,True,[2.006]
SOLUSDT,SELL,5324,2025-12-11 00:30:00,134.18,3.928,2.668,-2.117,82,win,2,4,SSL,4,2,3.141,5.701,True,False,True,0.551,True,"[3.141, 4.559, 8.116, 9.477]"
SOLUSDT,BUY,5406,2025-12-11 21:00:00,137.02,2.241,4.08,-3.766,78,win,2,4,BSL,2,4,3.51,5.149,True,False,True,0.682,True,"[3.51, 5.274]"
SOLUSDT,SELL,5484,2025-12-12 16:30:00,131.86,6.317,2.685,-1.16,474,win,3,4,SSL,4,3,1.437,6.176,True,True,True,0.233,True,"[1.437, 2.879, 6.499, 7.885]"
SOLUSDT,BUY,5958,2025-12-17 15:00:00,133.39,0.045,9.026,-8.606,17,lose,4,1,BSL,4,1,1.181,8.941,True,True,True,0.132,True,"[1.181, 4.958, 6.327, 8.139]"
SOLUSDT,SELL,5975,2025-12-17 19:15:00,121.91,4.265,5.816,-2.018,146,win,4,1,SSL,1,4,0.366,10.709,True,True,True,0.034,True,[0.366]
SOLUSDT,BUY,6121,2025-12-19 07:45:00,124.37,2.806,0.86,-0.643,216,win,5,1,BSL,5,1,3.596,6.462,True,False,True,0.557,True,"[3.596, 8.519, 12.57, 14.039, 15.981]"
SOLUSDT,SELL,6337,2025-12-21 13:45:00,123.57,0.121,3.998,-2.743,96,lose,5,1,SSL,1,5,5.856,4.267,True,False,True,1.372,False,[5.856]
SOLUSDT,BUY,6433,2025-12-22 13:45:00,126.96,1.402,2.662,-1.725,84,lose,5,2,BSL,5,2,1.483,2.389,True,True,True,0.621,True,"[1.483, 6.305, 10.274, 11.712, 13.615]"
SOLUSDT,SELL,6517,2025-12-23 10:45:00,124.77,3.414,0.665,0.809,222,win,6,1,SSL,1,6,6.762,1.174,True,False,True,5.759,False,[6.762]
SOLUSDT,BUY,6739,2025-12-25 18:15:00,123.76,0.323,3.507,-2.998,23,lose,6,2,BSL,6,2,0.8,2.786,True,True,True,0.287,True,"[0.8, 4.107, 9.054, 13.125, 14.601, 16.553]"
SOLUSDT,SELL,6762,2025-12-26 00:00:00,120.05,0.75,3.565,-3.232,51,lose,6,1,SSL,1,6,3.096,3.915,True,False,True,0.791,True,[3.096]
SOLUSDT,BUY,6813,2025-12-26 12:45:00,123.93,5.067,2.873,-0.282,285,win,6,2,BSL,6,2,0.662,2.919,True,True,True,0.227,True,"[0.662, 3.964, 8.904, 12.97, 14.444, 16.393]"
SOLUSDT,SELL,7098,2025-12-29 12:00:00,123.58,1.157,2.355,-1.602,153,lose,5,2,SSL,2,5,0.41,4.259,True,True,True,0.096,True,"[0.41, 5.864]"
SOLUSDT,BUY,7251,2025-12-31 02:15:00,125.56,14.248,1.704,8.036,725,win,5,2,BSL,5,2,2.615,1.981,True,False,True,1.32,False,"[2.615, 7.49, 11.503, 12.958, 14.882]"
SOLUSDT,SELL,7976,2026-01-07 15:30:00,135.65,2.322,3.199,-3.148,122,win,2,4,SSL,4,2,1.799,4.556,True,False,True,0.395,True,"[1.799, 4.752, 8.158, 14.24]"
SOLUSDT,BUY,8098,2026-01-08 22:00:00,139.92,0.872,3.616,-2.852,105,lose,2,3,BSL,2,3,1.365,7.659,True,True,True,0.178,True,"[1.365, 3.092]"
SOLUSDT,SELL,8203,2026-01-10 00:15:00,135.93,0.463,1.663,-1.596,153,lose,2,4,SSL,4,2,0.625,4.34,True,True,True,0.144,True,"[0.625, 4.949, 8.347, 14.417]"
SOLUSDT,BUY,8356,2026-01-11 14:30:00,138.1,7.748,0.456,2.44,401,win,2,3,BSL,2,3,2.701,6.442,True,False,True,0.419,True,"[2.701, 4.45]"
SOLUSDT,SELL,8757,2026-01-15 18:45:00,141.47,0.919,2.849,-2.403,112,lose,1,3,SSL,3,1,8.671,2.721,True,False,True,3.186,False,"[8.671, 11.936, 17.768]"
SOLUSDT,BUY,8869,2026-01-16 22:45:00,144.87,0.193,2.057,-1.698,110,lose,1,4,BSL,1,4,0.311,2.723,True,True,True,0.114,True,[0.311]
SOLUSDT,SELL,8979,2026-01-18 02:15:00,142.41,12.752,0.548,8.012,363,win,0,4,SSL,4,0,1.043,,True,True,False,,False,"[1.043, 9.274, 12.517, 18.311]"
SOLUSDT,BUY,9342,2026-01-21 21:00:00,131.0,0.832,3.313,-2.435,79,lose,0,2,BSL,0,2,,4.898,False,False,True,,False,[]
SOLUSDT,SELL,9421,2026-01-22 16:45:00,127.81,8.458,1.831,2.512,393,win,0,3,SSL,3,0,1.105,,True,True,False,,False,"[1.105, 2.524, 8.979]"
SOLUSDT,BUY,9814,2026-01-26 19:00:00,124.6,2.97,1.565,-1.461,225,win,2,2,BSL,2,2,2.466,1.771,True,False,True,1.392,False,"[2.466, 3.839]"
SOLUSDT,SELL,10039,2026-01-29 03:15:00,122.78,45.195,0.937,29.443,823,win,0,2,SSL,2,0,0.315,,True,True,False,,False,"[0.315, 5.251]"
SOLUSDT,BUY,10862,2026-02-06 17:00:00,86.63,3.59,3.313,-2.47,256,win,1,1,BSL,1,1,8.702,22.729,True,False,True,0.383,True,[8.702]
SOLUSDT,SELL,11118,2026-02-09 09:00:00,84.49,1.977,4.935,-4.024,43,lose,2,2,SSL,2,2,1.189,5.72,True,True,True,0.208,True,"[1.189, 20.772]"
SOLUSDT,BUY,11161,2026-02-09 19:45:00,87.89,0.444,4.301,-4.233,60,lose,2,1,BSL,2,1,1.63,23.837,True,False,True,0.068,True,"[1.63, 7.143]"
SOLUSDT,SELL,11221,2026-02-10 10:45:00,84.17,9.065,1.2,0.665,306,win,2,1,SSL,1,2,20.47,6.122,True,False,True,3.344,False,[20.47]
SOLUSDT,BUY,11527,2026-02-13 15:15:00,83.61,9.066,0.921,1.985,209,win,3,2,BSL,3,2,0.889,7.212,True,True,True,0.123,True,"[0.889, 6.832, 12.628]"
SOLUSDT,SELL,11736,2026-02-15 19:30:00,85.27,3.237,2.803,-1.044,137,win,1,3,SSL,3,1,1.231,10.435,True,True,True,0.118,True,"[1.231, 9.018, 21.496]"
SOLUSDT,BUY,11873,2026-02-17 05:45:00,86.16,0.696,3.749,-3.203,38,lose,2,3,BSL,2,3,0.133,3.575,True,True,True,0.037,True,"[0.133, 9.295]"
SOLUSDT,SELL,11911,2026-02-17 15:15:00,83.4,4.592,3.165,-0.204,260,win,2,3,SSL,3,2,0.384,3.446,True,True,True,0.111,True,"[0.384, 6.978, 19.736]"
SOLUSDT,BUY,12171,2026-02-20 08:15:00,83.57,3.721,2.226,0.096,217,win,2,3,BSL,2,3,3.236,3.614,True,False,True,0.895,True,"[3.236, 12.682]"
SOLUSDT,SELL,12388,2026-02-22 14:30:00,83.65,9.659,0.072,2.044,235,win,1,2,SSL,2,1,7.256,12.574,True,False,True,0.577,True,"[7.256, 19.976]"
SOLUSDT,BUY,12623,2026-02-25 01:15:00,81.94,12.387,1.233,3.393,164,win,1,2,BSL,1,2,14.924,7.127,True,False,True,2.094,False,[14.924]
SOLUSDT,SELL,12787,2026-02-26 18:15:00,84.72,9.042,4.178,0.767,203,win,1,2,SSL,2,1,10.175,11.152,True,False,True,0.912,True,"[10.175, 20.987]"
SOLUSDT,BUY,12990,2026-02-28 21:00:00,84.07,5.721,2.212,-2.141,93,win,2,3,BSL,2,3,5.353,7.211,True,False,True,0.742,True,"[5.353, 12.012]"
SOLUSDT,SELL,13083,2026-03-01 20:15:00,82.27,0.766,9.347,-8.922,79,lose,1,3,SSL,3,1,5.181,14.463,True,False,True,0.358,True,"[5.181, 7.5, 18.634]"
SOLUSDT,BUY,13162,2026-03-02 16:00:00,89.61,0.792,6.673,-6.093,79,lose,1,4,BSL,1,4,5.087,8.441,True,False,True,0.603,True,[5.087]
SOLUSDT,SELL,13241,2026-03-03 11:45:00,84.15,2.08,6.928,-6.453,85,win,1,4,SSL,4,1,2.5,11.905,True,False,True,0.21,True,"[2.5, 7.299, 9.566, 20.452]"
SOLUSDT,BUY,13326,2026-03-04 09:00:00,89.58,5.102,1.942,-0.58,147,win,1,5,BSL,1,5,5.122,6.196,True,False,True,0.827,True,[5.122]
SOLUSDT,SELL,13473,2026-03-05 21:45:00,89.06,9.971,0.337,3.907,355,win,2,5,SSL,5,2,5.648,0.958,True,False,True,5.895,False,"[5.648, 7.876, 12.41, 14.552, 24.837]"
SOLUSDT,BUY,13828,2026-03-09 14:30:00,85.58,3.739,1.531,-0.853,251,win,3,4,BSL,3,4,0.374,6.392,True,True,True,0.059,True,"[0.374, 5.063, 10.035]"
SOLUSDT,SELL,14079,2026-03-12 05:15:00,84.85,0.024,3.312,-2.428,33,lose,3,4,SSL,4,3,5.586,3.143,True,False,True,1.777,False,"[5.586, 8.064, 10.312, 21.108]"
SOLUSDT,BUY,14112,2026-03-12 13:30:00,86.91,7.444,2.163,1.07,140,win,3,5,BSL,3,5,0.698,2.162,True,True,True,0.323,True,"[0.698, 3.456, 8.352]"
SOLUSDT,SELL,14252,2026-03-14 00:30:00,87.84,1.628,0.934,-0.672,116,lose,1,5,SSL,5,1,3.198,7.204,True,False,True,0.444,True,"[3.198, 8.8, 11.194, 13.365, 23.793]"
SOLUSDT,BUY,14368,2026-03-15 05:30:00,88.43,10.426,1.267,2.363,316,win,2,6,BSL,2,6,0.356,1.802,True,True,True,0.198,True,"[0.356, 6.489]"
SOLUSDT,SELL,14684,2026-03-18 12:30:00,90.52,4.121,0.939,0.464,269,win,2,6,SSL,6,2,4.069,4.556,True,False,True,0.893,True,"[4.069, 6.064, 11.5, 13.823, 15.93, 26.049]"
SOLUSDT,BUY,14953,2026-03-21 07:45:00,90.1,0.289,4.351,-3.729,65,lose,3,6,BSL,3,6,1.027,1.34,True,True,True,0.766,True,"[1.027, 5.043, 8.171]"
SOLUSDT,SELL,15018,2026-03-22 00:00:00,86.74,2.006,5.983,-3.966,147,win,3,5,SSL,5,3,1.97,4.94,True,False,True,0.399,True,"[1.97, 7.644, 10.067, 12.267, 22.827]"
SOLUSDT,BUY,15165,2026-03-23 12:45:00,90.18,2.284,1.73,-1.153,117,win,3,5,BSL,3,5,0.937,5.71,True,True,True,0.164,True,"[0.937, 4.95, 8.076]"
SOLUSDT,SELL,15282,2026-03-24 18:00:00,89.14,0.886,4.274,-3.87,45,lose,2,5,SSL,5,2,4.609,6.175,True,False,True,0.747,True,"[4.609, 10.13, 12.489, 14.629, 24.905]"
SOLUSDT,BUY,15327,2026-03-25 05:15:00,92.59,0.94,3.964,-3.715,99,lose,2,5,BSL,2,5,2.218,8.164,True,False,True,0.272,True,"[2.218, 5.262]"
SOLUSDT,SELL,15426,2026-03-26 06:00:00,89.15,11.643,0.202,6.259,382,win,4,5,SSL,5,4,4.62,2.154,True,False,True,2.145,False,"[4.62, 10.14, 12.499, 14.638, 24.913]"
SOLUSDT,BUY,15808,2026-03-30 05:30:00,83.57,1.687,4.403,-3.458,115,lose,5,4,BSL,5,4,0.588,4.14,True,True,True,0.142,True,"[0.588, 8.975, 11.428, 13.251, 16.624]"
SOLUSDT,SELL,15923,2026-03-31 10:15:00,80.68,0.62,4.598,-4.462,79,lose,5,3,SSL,3,5,3.312,4.191,True,False,True,0.79,True,"[3.312, 5.677, 17.03]"
SOLUSDT,BUY,16002,2026-04-01 06:00:00,84.28,2.741,4.224,-3.548,70,win,4,3,BSL,4,3,8.056,7.442,True,False,True,1.083,False,"[8.056, 10.489, 12.297, 15.641]"
SOLUSDT,SELL,16072,2026-04-01 23:30:00,81.29,5.733,0.529,1.488,167,win,5,3,SSL,3,5,4.038,6.267,True,False,True,0.644,True,"[4.038, 6.385, 17.653]"
SOLUSDT,BUY,16239,2026-04-03 17:15:00,80.08,1.948,0.974,-0.637,155,lose,6,3,BSL,6,3,0.391,0.735,True,True,True,0.533,True,"[0.391, 7.873, 13.724, 16.284, 18.187, 21.706]"
SOLUSDT,SELL,16394,2026-04-05 08:00:00,79.57,1.408,3.996,-3.619,65,lose,6,3,SSL,3,6,0.098,2.593,True,True,True,0.038,True,"[0.098, 1.964, 15.873]"
SOLUSDT,BUY,16459,2026-04-06 00:15:00,82.45,0.885,3.554,-3.02,94,lose,5,3,BSL,5,3,4.772,3.588,True,False,True,1.33,False,"[4.772, 10.455, 12.941, 14.79, 18.208]"
SOLUSDT,SELL,16553,2026-04-06 23:45:00,79.96,2.076,2.851,-2.551,82,win,5,3,SSL,3,5,0.586,8.035,True,True,True,0.073,True,"[0.586, 2.442, 16.283]"
SOLUSDT,BUY,16635,2026-04-07 20:15:00,82.0,6.329,0.427,0.207,118,win,5,2,BSL,5,2,5.347,3.059,True,False,True,1.748,False,"[5.347, 11.061, 13.561, 15.42, 18.857]"
SOLUSDT,SELL,16753,2026-04-09 01:45:00,82.17,0.986,3.042,-1.679,70,lose,5,2,SSL,2,5,3.259,5.129,True,False,True,0.636,True,"[3.259, 18.535]"
SOLUSDT,BUY,16823,2026-04-09 19:15:00,83.55,3.208,2.059,-1.149,221,win,5,3,BSL,5,3,3.393,1.961,True,False,True,1.73,False,"[3.393, 9.001, 11.454, 13.278, 16.652]"
SOLUSDT,SELL,17044,2026-04-12 02:30:00,82.59,1.647,1.986,-1.792,165,lose,5,3,SSL,3,5,0.822,4.594,True,True,True,0.179,True,"[0.822, 3.751, 18.949]"
SOLUSDT,BUY,17209,2026-04-13 19:45:00,84.07,4.246,0.845,-0.416,102,win,5,3,BSL,5,3,2.753,2.568,True,False,True,1.072,False,"[2.753, 8.326, 10.765, 12.578, 15.93]"
SOLUSDT,SELL,17311,2026-04-14 21:15:00,83.72,1.338,2.496,-1.218,103,lose,5,3,SSL,3,5,2.161,3.183,True,False,True,0.679,True,"[2.161, 5.051, 20.043]"
SOLUSDT,BUY,17414,2026-04-15 23:00:00,84.74,7.045,1.227,2.773,236,win,5,4,BSL,5,4,1.941,0.481,True,False,True,4.035,False,"[1.941, 7.47, 9.889, 11.688, 15.014]"
SOLUSDT,SELL,17650,2026-04-18 10:00:00,87.09,4.96,0.126,1.63,243,win,3,5,SSL,5,3,0.402,6.924,True,True,True,0.058,True,"[0.402, 3.166, 5.947, 8.725, 23.137]"
SOLUSDT,BUY,17893,2026-04-20 22:45:00,85.67,4.226,1.646,0.257,208,win,4,4,BSL,4,4,1.041,1.561,True,True,True,0.667,True,"[1.041, 8.696, 10.475, 13.765]"
SOLUSDT,SELL,18101,2026-04-23 02:45:00,85.89,1.711,1.199,-0.827,217,lose,4,4,SSL,4,4,1.813,4.106,True,False,True,0.442,True,"[1.813, 4.632, 7.449, 22.063]"
SOLUSDT,BUY,18318,2026-04-25 09:00:00,86.6,0.173,1.293,-1.132,40,lose,5,5,BSL,5,5,0.225,0.743,True,True,True,0.303,True,"[0.225, 3.252, 7.529, 9.289, 12.543]"
SOLUSDT,SELL,18358,2026-04-25 19:00:00,85.62,0.117,1.296,-0.946,90,lose,5,4,SSL,4,5,1.504,1.372,True,False,True,1.096,False,"[1.504, 4.332, 7.158, 21.817]"
SOLUSDT,BUY,18448,2026-04-26 17:30:00,86.43,1.909,1.423,-1.412,57,lose,5,5,BSL,5,5,0.422,0.548,True,True,True,0.771,True,"[0.422, 3.456, 7.74, 9.504, 12.765]"
SOLUSDT,SELL,18505,2026-04-27 07:45:00,85.21,2.699,0.704,0.599,187,win,4,4,SSL,4,4,1.03,4.937,True,True,True,0.209,True,"[1.03, 3.871, 6.711, 21.441]"
SOLUSDT,BUY,18692,2026-04-29 06:30:00,84.7,0.98,2.113,-1.889,39,lose,5,3,BSL,5,3,0.163,3.293,True,True,True,0.05,True,"[0.163, 5.569, 9.941, 11.74, 15.068]"
SOLUSDT,SELL,18731,2026-04-29 16:15:00,83.1,2.154,1.528,-1.203,149,win,5,3,SSL,3,5,1.431,2.092,True,True,True,0.684,True,"[1.431, 4.342, 19.446]"
SOLUSDT,BUY,18880,2026-05-01 05:30:00,84.1,16.956,1.094,12.568,1089,win,5,3,BSL,5,3,0.878,2.603,True,True,True,0.337,True,"[0.878, 6.322, 10.725, 12.537, 15.889]"
SOLUSDT,SELL,19969,2026-05-12 13:45:00,94.67,5.218,1.373,1.479,204,win,0,6,SSL,6,0,1.278,,True,True,False,,False,"[1.278, 8.841, 11.657, 13.477, 16.033, 29.291]"
SOLUSDT,BUY,20173,2026-05-14 16:45:00,93.27,0.354,3.281,-2.873,79,lose,1,5,BSL,1,5,0.279,7.473,True,True,True,0.037,True,[0.279]
SOLUSDT,SELL,20252,2026-05-15 12:30:00,90.59,8.036,0.144,4.239,499,win,1,5,SSL,5,1,4.736,3.245,True,False,True,1.459,False,"[4.736, 7.679, 9.58, 12.251, 26.107]"
SOLUSDT,BUY,20751,2026-05-20 17:15:00,86.75,1.464,3.274,-2.582,202,lose,2,3,BSL,2,3,0.221,5.578,True,True,True,0.04,True,"[0.221, 7.816]"
SOLUSDT,SELL,20953,2026-05-22 19:45:00,84.51,3.727,0.887,0.39,86,win,2,3,SSL,3,2,3.075,2.878,True,False,True,1.069,False,"[3.075, 5.938, 20.79]"
SOLUSDT,BUY,21039,2026-05-23 17:15:00,84.18,3.956,0.665,0.832,117,win,2,3,BSL,2,3,3.281,2.695,True,False,True,1.217,False,"[3.281, 11.107]"
SOLUSDT,SELL,21156,2026-05-24 22:30:00,84.88,5.855,1.897,2.58,492,win,2,4,SSL,4,2,1.634,2.429,True,False,True,0.672,True,"[1.634, 3.498, 6.348, 21.136]"
SOLUSDT,BUY,21648,2026-05-30 01:30:00,82.69,0.822,1.584,-1.415,156,lose,3,3,BSL,3,3,0.869,0.942,True,True,True,0.922,True,"[0.869, 5.142, 13.109]"
SOLUSDT,SELL,21804,2026-05-31 16:30:00,81.52,26.362,1.914,20.523,633,win,4,2,SSL,2,4,2.488,0.705,True,False,True,3.528,False,"[2.488, 17.885]"
SOLUSDT,BUY,22437,2026-06-07 06:45:00,64.79,5.201,1.898,-1.111,230,win,7,0,BSL,7,0,3.145,,True,False,False,,False,"[3.145, 8.988, 16.197, 26.709, 28.736, 34.19, 44.359]"
SOLUSDT,SELL,22667,2026-06-09 16:15:00,64.07,2.778,2.607,-2.185,160,win,7,1,SSL,1,7,0.365,4.304,True,True,True,0.085,True,[0.365]
SOLUSDT,BUY,22827,2026-06-11 08:15:00,65.47,6.232,0.947,3.07,335,win,7,1,BSL,7,1,2.074,2.495,True,False,True,0.831,True,"[2.074, 7.856, 14.99, 25.393, 27.399, 32.797, 42.859]"
SOLUSDT,SELL,23162,2026-06-14 20:00:00,67.48,0.044,4.475,-3.912,8,lose,6,1,SSL,1,6,5.4,4.643,True,False,True,1.163,False,[5.4]
SOLUSDT,BUY,23170,2026-06-14 22:00:00,70.12,8.471,0.342,4.307,229,win,6,1,BSL,6,1,0.704,8.961,True,True,True,0.079,True,"[0.704, 7.365, 17.078, 18.951, 23.99, 33.386]"
SOLUSDT,SELL,23399,2026-06-17 07:15:00,73.14,7.219,2.078,1.326,279,win,5,2,SSL,2,5,3.059,2.931,True,False,True,1.044,False,"[3.059, 12.72]"
SOLUSDT,BUY,23678,2026-06-20 05:00:00,72.17,3.88,2.425,-0.374,267,win,6,2,BSL,6,2,0.323,5.398,True,True,True,0.06,True,"[0.323, 4.315, 13.752, 15.572, 20.468, 29.597]"
SOLUSDT,SELL,23945,2026-06-22 23:45:00,71.9,10.07,0.153,3.644,221,win,5,2,SSL,2,5,5.043,4.707,True,False,True,1.072,False,"[5.043, 11.215]"
SOLUSDT,BUY,24166,2026-06-25 07:00:00,69.28,0.289,7.621,-7.347,27,lose,6,1,BSL,6,1,1.003,7.858,True,True,True,0.128,True,"[1.003, 8.666, 18.497, 20.393, 25.494, 35.003]"
SOLUSDT,SELL,24193,2026-06-25 13:45:00,64.19,0.016,10.562,-9.986,71,lose,6,1,SSL,1,6,0.551,9.012,True,True,True,0.061,True,[0.551]
SOLUSDT,BUY,24264,2026-06-26 07:30:00,70.6,4.688,3.499,0.397,156,win,5,0,BSL,5,0,6.635,,True,False,False,,False,"[6.635, 16.282, 18.142, 23.147, 32.479]"
SOLUSDT,SELL,24420,2026-06-27 22:30:00,70.88,1.749,3.414,-2.54,137,lose,6,0,SSL,0,6,,3.323,False,False,True,,False,[]
SOLUSDT,BUY,24557,2026-06-29 08:45:00,72.68,5.242,1.142,0.22,116,win,5,1,BSL,5,1,3.583,3.584,True,False,True,1.0,False,"[3.583, 12.954, 14.761, 19.623, 28.687]"
SOLUSDT,SELL,24673,2026-06-30 13:45:00,72.84,0.851,4.132,-3.158,62,lose,5,2,SSL,2,5,0.243,3.355,True,True,True,0.072,True,"[0.243, 3.796]"
SOLUSDT,BUY,24735,2026-07-01 05:15:00,75.14,11.738,1.637,7.107,371,win,4,2,BSL,4,2,9.256,3.296,True,False,True,2.808,False,"[9.256, 11.004, 15.707, 24.474]"
SOLUSDT,SELL,25106,2026-07-05 02:00:00,80.48,1.603,4.063,-2.609,174,lose,4,5,SSL,5,4,0.286,2.007,True,True,True,0.142,True,"[0.286, 4.271, 6.789, 9.713, 12.929]"
SOLUSDT,BUY,25280,2026-07-06 21:30:00,82.58,0.339,4.65,-4.287,113,lose,3,5,BSL,3,5,1.003,2.822,True,True,True,0.356,True,"[1.003, 5.282, 13.26]"
SOLUSDT,SELL,25393,2026-07-08 01:45:00,79.04,3.543,0.493,0.304,198,win,2,4,SSL,4,2,2.527,9.997,True,False,True,0.253,True,"[2.527, 5.091, 8.068, 11.342]"
SOLUSDT,BUY,25591,2026-07-10 03:15:00,78.8,1.066,2.246,-1.193,69,lose,2,4,BSL,2,4,10.332,2.23,True,False,True,4.633,False,"[10.332, 18.693]"
SOLUSDT,SELL,25660,2026-07-10 20:30:00,77.86,4.881,1.284,1.297,359,win,3,4,SSL,4,3,1.05,0.68,True,True,True,1.544,False,"[1.05, 3.653, 6.674, 9.999]"
SOLUSDT,BUY,26019,2026-07-14 14:15:00,76.85,2.811,1.666,-1.132,174,win,3,3,BSL,3,3,2.003,2.387,True,False,True,0.839,True,"[2.003, 13.132, 21.705]"
SOLUSDT,SELL,26193,2026-07-16 09:45:00,75.98,3.501,1.145,-0.105,257,win,3,3,SSL,3,3,1.269,3.171,True,True,True,0.4,True,"[1.269, 4.365, 7.772]"
SOLUSDT,BUY,26450,2026-07-19 02:00:00,76.06,3.694,0.986,1.499,331,win,4,3,BSL,4,3,0.092,1.373,True,True,True,0.067,True,"[0.092, 3.063, 14.307, 22.969]"
SOLUSDT,SELL,26781,2026-07-22 12:45:00,77.2,4.974,2.137,3.64,331,win,3,4,SSL,4,3,0.074,1.541,True,True,True,0.048,True,"[0.074, 2.829, 5.877, 9.229]"
SOLUSDT,BUY,27112,2026-07-25 23:30:00,74.39,4.154,0.954,-0.497,190,win,4,2,BSL,4,2,2.147,2.321,True,False,True,0.925,True,"[2.147, 5.376, 16.873, 25.729]"
SOLUSDT,SELL,27302,2026-07-27 23:00:00,74.02,2.378,1.175,-0.905,260,win,4,2,SSL,2,4,1.833,2.658,True,False,True,0.69,True,"[1.833, 5.33]"
SOLUSDT,BUY,27562,2026-07-30 16:00:00,74.69,0.79,2.597,-2.33,92,lose,4,2,BSL,4,2,1.737,2.713,True,False,True,0.64,True,"[1.737, 4.953, 16.404, 25.224]"
SOLUSDT,SELL,27654,2026-07-31 15:00:00,72.95,3.345,0.699,-0.206,143,win,5,2,SSL,2,5,0.393,1.639,True,True,True,0.24,True,"[0.393, 3.941]"
SOLUSDT,BUY,27797,2026-08-02 02:45:00,73.1,1.669,1.683,-1.45,118,lose,5,0,BSL,5,0,1.43,,True,True,False,,False,"[1.43, 3.95, 7.236, 18.936, 27.948]"
SOLUSDT,SELL,27915,2026-08-03 08:15:00,72.04,0.125,2.499,-2.29,37,lose,5,0,SSL,0,5,,2.923,False,False,True,,False,[]
SOLUSDT,BUY,27952,2026-08-03 17:30:00,73.69,1.533,0.909,-0.489,262,lose,5,1,BSL,5,1,0.618,0.972,True,True,True,0.636,True,"[0.618, 3.117, 6.377, 17.983, 26.924]"
SOLUSDT,SELL,28214,2026-08-06 11:00:00,73.33,1.418,1.023,-0.873,101,lose,5,1,SSL,1,5,0.486,1.112,True,True,True,0.437,True,[0.486]
SOLUSDT,BUY,28315,2026-08-07 12:15:00,73.97,5.286,1.109,2.677,312,win,5,1,BSL,5,1,0.237,1.347,True,True,True,0.176,True,"[0.237, 2.727, 5.975, 17.537, 26.443]"
SOLUSDT,SELL,28627,2026-08-10 18:15:00,75.95,1.817,0.908,-0.5,131,lose,4,2,SSL,2,4,0.827,0.386,True,True,True,2.144,False,"[0.827, 3.919]"
SOLUSDT,BUY,28758,2026-08-12 03:00:00,76.33,1.31,1.389,-1.153,78,lose,3,2,BSL,3,2,2.698,1.321,True,False,True,2.042,False,"[2.698, 13.903, 22.534]"
SOLUSDT,SELL,28836,2026-08-12 22:30:00,75.45,1.922,1.524,-0.384,421,lose,4,2,SSL,2,4,0.17,1.051,True,True,True,0.162,True,"[0.17, 3.282]"
SOLUSDT,BUY,29257,2026-08-17 07:45:00,75.74,35.78,0.805,34.209,742,win,4,0,BSL,4,0,0.664,,True,True,False,,False,"[0.664, 3.498, 14.79, 23.488]"
XRPUSDT,SELL,17,2025-10-16 17:45:00,2.3659,7.515,1.475,0.279,158,win,0,0,SSL,0,0,,,False,False,False,,False,[]
XRPUSDT,BUY,175,2025-10-18 09:15:00,2.3593,8.142,1.818,2.424,279,win,1,0,BSL,1,0,1.528,,True,False,False,,False,[1.528]
XRPUSDT,SELL,454,2025-10-21 07:00:00,2.4165,0.67,4.759,-3.927,38,lose,0,2,SSL,2,0,2.406,,True,False,False,,False,"[2.406, 3.829]"
XRPUSDT,BUY,492,2025-10-21 16:30:00,2.5114,0.374,4.902,-4.818,58,lose,0,2,BSL,0,2,,6.094,False,False,True,,False,[]
XRPUSDT,SELL,550,2025-10-22 07:00:00,2.3904,2.799,1.774,-1.594,183,win,0,2,SSL,2,0,1.341,,True,True,False,,False,"[1.341, 2.779]"
XRPUSDT,BUY,733,2025-10-24 04:45:00,2.4285,11.052,0.099,6.86,550,win,0,1,BSL,0,1,,2.208,False,False,True,,False,[]
XRPUSDT,SELL,1283,2025-10-29 22:15:00,2.5951,8.462,0.135,2.035,182,win,0,1,SSL,1,0,8.487,,True,False,False,,False,[8.487]
XRPUSDT,BUY,1465,2025-10-31 19:45:00,2.5423,0.48,4.02,-3.926,221,lose,2,0,BSL,2,0,0.458,,True,True,False,,False,"[0.458, 1.744]"
XRPUSDT,SELL,1686,2025-11-03 03:00:00,2.4425,15.435,0.389,4.09,260,win,1,0,SSL,0,1,,5.902,False,False,True,,False,[]
XRPUSDT,BUY,1946,2025-11-05 20:00:00,2.3426,3.133,5.763,-5.374,82,win,2,0,BSL,2,0,1.17,,True,True,False,,False,"[1.17, 10.418]"
XRPUSDT,SELL,2028,2025-11-06 16:30:00,2.2167,2.878,5.481,-4.146,101,win,1,0,SSL,0,1,,16.689,False,False,True,,False,[]
XRPUSDT,BUY,2129,2025-11-07 17:45:00,2.3086,2.777,2.976,-2.413,93,win,1,1,BSL,1,1,12.044,6.716,True,False,True,1.793,False,[12.044]
XRPUSDT,SELL,2222,2025-11-08 17:00:00,2.2529,0.688,4.243,-4.203,107,lose,1,2,SSL,2,1,0.734,14.814,True,True,True,0.05,True,"[0.734, 4.41]"
XRPUSDT,BUY,2329,2025-11-09 19:45:00,2.3476,9.895,1.09,4.409,163,win,1,2,BSL,1,2,10.183,4.738,True,False,True,2.149,False,[10.183]
XRPUSDT,SELL,2492,2025-11-11 12:30:00,2.4511,5.569,2.448,-1.04,160,win,0,2,SSL,2,0,8.761,,True,False,False,,False,"[8.761, 12.139]"
XRPUSDT,BUY,2652,2025-11-13 04:30:00,2.4766,2.007,6.085,-5.512,57,win,0,2,BSL,0,2,,9.7,False,False,True,,False,[]
XRPUSDT,SELL,2709,2025-11-13 18:45:00,2.3401,7.944,0.543,2.897,352,win,0,2,SSL,2,0,4.433,,True,False,False,,False,"[4.433, 7.972]"
XRPUSDT,BUY,3061,2025-11-17 10:45:00,2.2723,1.514,5.523,-5.281,29,lose,1,0,BSL,1,0,1.122,,True,True,False,,False,[1.122]
XRPUSDT,SELL,3090,2025-11-17 18:00:00,2.1523,15.435,4.084,7.16,511,win,1,0,SSL,0,1,,6.76,False,False,True,,False,[]
XRPUSDT,BUY,3601,2025-11-23 01:45:00,1.9982,14.353,0.175,7.522,331,win,1,1,BSL,1,1,14.993,8.783,True,False,True,1.707,False,[14.993]
XRPUSDT,SELL,3932,2025-11-26 12:30:00,2.1485,0.261,4.892,-4.31,25,lose,0,3,SSL,3,0,0.011,,True,True,False,,False,"[0.011, 6.088, 15.164]"
XRPUSDT,BUY,3957,2025-11-26 18:45:00,2.2411,1.499,3.846,-2.744,247,lose,1,3,BSL,1,3,0.457,4.142,True,True,True,0.11,True,[0.457]
XRPUSDT,SELL,4204,2025-11-29 08:30:00,2.1796,9.043,1.991,2.262,314,win,0,3,SSL,3,0,0.315,,True,True,False,,False,"[0.315, 7.428, 16.375]"
XRPUSDT,BUY,4518,2025-12-02 15:00:00,2.1303,4.145,0.474,0.432,184,win,1,2,BSL,1,2,4.089,6.936,True,False,True,0.589,True,[4.089]
XRPUSDT,SELL,4702,2025-12-04 13:00:00,2.1395,7.095,0.804,1.734,309,win,0,2,SSL,2,0,7.337,,True,False,False,,False,"[7.337, 14.807]"
XRPUSDT,BUY,5011,2025-12-07 18:15:00,2.1024,0.994,4.366,-2.316,163,lose,1,2,BSL,1,2,0.598,5.701,True,True,True,0.105,True,[0.598]
XRPUSDT,SELL,5174,2025-12-09 11:00:00,2.0537,0.297,5.488,-5.449,22,lose,0,3,SSL,3,0,0.847,,True,True,False,,False,"[0.847, 3.465, 11.248]"
XRPUSDT,BUY,5196,2025-12-09 16:30:00,2.1656,0.545,4.969,-4.816,82,lose,0,3,BSL,0,3,,5.971,False,False,True,,False,[]
XRPUSDT,SELL,5278,2025-12-10 13:00:00,2.0613,4.614,2.329,1.397,283,win,1,3,SSL,3,1,1.213,5.351,True,True,True,0.227,True,"[1.213, 3.821, 11.575]"
XRPUSDT,BUY,5561,2025-12-13 11:45:00,2.0325,0.512,1.988,-1.948,95,lose,3,1,BSL,3,1,1.005,10.322,True,True,True,0.097,True,"[1.005, 4.039, 6.844]"
XRPUSDT,SELL,5656,2025-12-14 11:30:00,1.9929,7.14,1.024,2.855,199,win,4,1,SSL,1,4,8.54,1.425,True,False,True,5.993,False,[8.54]
XRPUSDT,BUY,5855,2025-12-16 13:15:00,1.936,2.603,4.649,-4.401,119,win,3,1,BSL,3,1,6.04,5.852,True,False,True,1.032,False,"[6.04, 9.225, 12.169]"
XRPUSDT,SELL,5974,2025-12-17 19:00:00,1.8508,1.378,4.458,-4.144,82,lose,3,1,SSL,1,3,1.518,10.921,True,False,True,0.139,True,[1.518]
XRPUSDT,BUY,6056,2025-12-18 15:30:00,1.9275,0.005,6.744,-5.863,22,lose,3,0,BSL,3,0,6.508,,True,False,False,,False,"[6.508, 9.707, 12.664]"
XRPUSDT,SELL,6078,2025-12-18 21:00:00,1.8145,2.436,3.378,-3.224,61,win,4,0,SSL,0,4,,6.219,False,False,True,,False,[]
XRPUSDT,BUY,6139,2025-12-19 12:15:00,1.873,4.522,0.582,1.458,204,win,4,0,BSL,4,0,2.902,,True,False,False,,False,"[2.902, 9.607, 12.899, 15.942]"
XRPUSDT,SELL,6343,2025-12-21 15:15:00,1.9003,4.047,2.552,1.973,607,win,4,1,SSL,1,4,0.304,2.543,True,True,True,0.12,True,[0.304]
XRPUSDT,BUY,6950,2025-12-27 23:00:00,1.8628,2.91,0.596,-0.048,153,win,5,1,BSL,5,1,0.963,1.147,True,True,True,0.839,True,"[0.963, 2.178, 10.207, 13.517, 16.577]"
XRPUSDT,SELL,7103,2025-12-29 13:15:00,1.8619,1.047,1.278,-0.526,170,lose,4,1,SSL,1,4,1.099,2.228,True,True,True,0.493,True,[1.099]
XRPUSDT,BUY,7273,2025-12-31 07:45:00,1.8717,0.572,1.849,-1.533,36,lose,5,1,BSL,5,1,0.478,0.363,True,True,True,1.316,False,"[0.478, 1.693, 9.683, 12.978, 16.023]"
XRPUSDT,SELL,7309,2025-12-31 16:45:00,1.843,1.758,1.394,-1.34,97,lose,4,0,SSL,0,4,,3.276,False,False,True,,False,[]
XRPUSDT,BUY,7406,2026-01-01 17:00:00,1.8677,29.437,0.182,18.215,483,win,4,1,BSL,4,1,1.91,3.087,True,False,True,0.619,True,"[1.91, 9.918, 13.219, 16.271]"
XRPUSDT,SELL,7889,2026-01-06 17:45:00,2.2079,7.899,5.046,5.467,573,win,0,2,SSL,2,0,6.02,,True,False,False,,False,"[6.02, 18.019]"
XRPUSDT,BUY,8462,2026-01-12 17:00:00,2.0872,5.007,2.357,0.388,236,win,0,2,BSL,0,2,,2.308,False,False,True,,False,[]
XRPUSDT,SELL,8698,2026-01-15 04:00:00,2.0953,12.156,1.737,3.985,441,win,0,2,SSL,2,0,2.686,,True,False,False,,False,"[2.686, 13.614]"
XRPUSDT,BUY,9139,2026-01-19 18:15:00,2.0118,0.383,2.868,-2.794,43,lose,0,1,BSL,0,1,,10.028,False,False,True,,False,[]
XRPUSDT,SELL,9182,2026-01-20 05:00:00,1.9556,4.495,1.442,-0.961,160,win,0,1,SSL,1,0,7.443,,True,False,False,,False,[7.443]
XRPUSDT,BUY,9342,2026-01-21 21:00:00,1.9744,0.734,3.763,-3.079,75,lose,0,1,BSL,0,1,,8.324,False,False,True,,False,[]
XRPUSDT,SELL,9417,2026-01-22 15:45:00,1.9136,5.44,2.681,0.094,374,win,0,2,SSL,2,0,0.7,,True,True,False,,False,"[0.7, 5.411]"
XRPUSDT,BUY,9791,2026-01-26 13:15:00,1.9118,1.758,2.427,-2.359,251,lose,0,0,BSL,0,0,,,False,False,False,,False,[]
XRPUSDT,SELL,10042,2026-01-29 04:00:00,1.8667,40.14,1.189,23.244,806,win,0,0,SSL,0,0,,,False,False,False,,False,[]
XRPUSDT,BUY,10848,2026-02-06 13:30:00,1.4328,7.594,4.236,-3.957,276,win,1,0,BSL,1,0,16.869,,True,False,False,,False,[16.869]
XRPUSDT,SELL,11124,2026-02-09 10:30:00,1.3761,0.145,6.359,-5.0,58,lose,2,0,SSL,0,2,,6.264,False,False,True,,False,[]
XRPUSDT,BUY,11182,2026-02-10 01:00:00,1.4449,0.554,3.689,-3.364,77,lose,1,1,BSL,1,1,15.89,4.165,True,False,True,3.816,False,[15.89]
XRPUSDT,SELL,11259,2026-02-10 20:15:00,1.3963,3.96,1.776,-1.44,271,win,2,1,SSL,1,2,0.829,2.086,True,True,True,0.397,True,[0.829]
XRPUSDT,BUY,11530,2026-02-13 16:00:00,1.4164,17.855,1.341,4.49,202,win,2,1,BSL,2,1,0.638,5.353,True,True,True,0.119,True,"[0.638, 18.222]"
XRPUSDT,SELL,11732,2026-02-15 18:30:00,1.48,6.986,2.392,2.655,544,win,0,2,SSL,2,0,5.355,,True,False,False,,False,"[5.355, 9.421]"
XRPUSDT,BUY,12276,2026-02-21 10:30:00,1.4407,1.59,2.527,-2.228,106,lose,1,1,BSL,1,1,3.6,6.95,True,False,True,0.518,True,[3.6]
XRPUSDT,SELL,12382,2026-02-22 13:00:00,1.4086,5.651,1.143,-0.625,94,win,1,1,SSL,1,1,4.829,5.961,True,False,True,0.81,True,[4.829]
XRPUSDT,BUY,12476,2026-02-23 12:30:00,1.4174,0.332,6.434,-6.166,59,lose,1,0,BSL,1,0,5.303,,True,False,False,,False,[5.303]
XRPUSDT,SELL,12535,2026-02-24 03:15:00,1.33,1.391,5.241,-2.955,100,lose,1,0,SSL,0,1,,12.223,False,False,True,,False,[]
XRPUSDT,BUY,12635,2026-02-25 04:15:00,1.3693,9.063,1.263,1.285,150,win,1,1,BSL,1,1,9.002,2.246,True,False,True,4.008,False,[9.002]
XRPUSDT,SELL,12785,2026-02-26 17:45:00,1.3869,8.479,2.776,1.038,205,win,2,1,SSL,1,2,3.486,5.288,True,False,True,0.659,True,[3.486]
XRPUSDT,BUY,12990,2026-02-28 21:00:00,1.3725,4.386,2.2,-2.179,93,win,3,1,BSL,3,1,3.964,7.172,True,False,True,0.553,True,"[3.964, 6.393, 8.748]"
XRPUSDT,SELL,13083,2026-03-01 20:15:00,1.3426,0.722,5.623,-5.474,79,lose,3,1,SSL,1,3,5.105,6.279,True,False,True,0.813,True,[5.105]
XRPUSDT,BUY,13162,2026-03-02 16:00:00,1.4161,0.459,5.303,-4.703,75,lose,3,2,BSL,3,2,0.763,5.613,True,True,True,0.136,True,"[0.763, 3.117, 5.399]"
XRPUSDT,SELL,13237,2026-03-03 10:45:00,1.3495,1.06,5.661,-5.039,91,lose,2,2,SSL,2,2,0.955,8.206,True,True,True,0.116,True,"[0.955, 5.59]"
XRPUSDT,BUY,13328,2026-03-04 09:30:00,1.4175,3.852,2.526,-1.136,171,win,2,2,BSL,2,2,3.015,5.706,True,False,True,0.528,True,"[3.015, 5.295]"
XRPUSDT,SELL,13499,2026-03-06 04:15:00,1.4014,5.759,0.45,1.035,378,win,2,2,SSL,2,2,4.623,4.199,True,False,True,1.101,False,"[4.623, 9.087]"
XRPUSDT,BUY,13877,2026-03-10 02:45:00,1.3869,3.987,1.319,-1.031,196,win,2,2,BSL,2,2,5.288,3.626,True,False,True,1.458,False,"[5.288, 7.618]"
XRPUSDT,SELL,14073,2026-03-12 03:45:00,1.3726,0.678,3.745,-2.965,85,lose,3,2,SSL,2,3,2.622,4.612,True,False,True,0.568,True,"[2.622, 7.179]"
XRPUSDT,BUY,14158,2026-03-13 01:00:00,1.4133,2.795,2.201,-1.84,150,win,3,3,BSL,3,3,1.599,2.673,True,False,True,0.598,True,"[1.599, 3.321, 5.608]"
XRPUSDT,SELL,14308,2026-03-14 14:30:00,1.3873,0.086,2.062,-1.953,46,lose,2,3,SSL,3,2,0.849,3.503,True,True,True,0.242,True,"[0.849, 3.653, 8.163]"
XRPUSDT,BUY,14354,2026-03-15 02:00:00,1.4144,13.575,0.679,4.589,329,win,2,3,BSL,2,3,1.52,2.749,True,False,True,0.553,True,"[1.52, 5.526]"
XRPUSDT,SELL,14683,2026-03-18 12:15:00,1.4793,8.011,0.142,3.062,485,win,1,4,SSL,4,1,4.164,4.324,True,False,True,0.963,True,"[4.164, 7.015, 9.645, 13.874]"
XRPUSDT,BUY,15168,2026-03-23 13:30:00,1.434,2.211,2.755,-2.552,107,win,3,2,BSL,3,2,0.679,6.791,True,True,True,0.1,True,"[0.679, 2.517, 7.62]"
XRPUSDT,SELL,15275,2026-03-24 16:15:00,1.3974,1.059,2.032,-1.453,63,lose,4,2,SSL,2,4,4.35,2.066,True,False,True,2.106,False,"[4.35, 8.826]"
XRPUSDT,BUY,15338,2026-03-25 08:00:00,1.4177,1.375,2.264,-2.123,89,lose,4,3,BSL,4,3,0.604,0.988,True,True,True,0.612,True,"[0.604, 1.836, 3.696, 8.857]"
XRPUSDT,SELL,15427,2026-03-26 06:15:00,1.3876,5.066,0.072,2.71,233,win,2,2,SSL,2,2,3.674,5.946,True,False,True,0.618,True,"[3.674, 8.182]"
XRPUSDT,BUY,15660,2026-03-28 16:30:00,1.35,0.096,1.674,-1.244,70,lose,3,2,BSL,3,2,1.085,2.048,True,True,True,0.53,True,"[1.085, 8.896, 14.316]"
XRPUSDT,SELL,15730,2026-03-29 10:00:00,1.3332,2.963,2.07,-1.545,73,win,3,1,SSL,1,3,4.436,2.359,True,False,True,1.88,False,[4.436]
XRPUSDT,BUY,15803,2026-03-30 04:15:00,1.3538,0.923,2.822,-2.268,63,lose,3,2,BSL,3,2,0.801,3.976,True,True,True,0.202,True,"[0.801, 8.591, 13.995]"
XRPUSDT,SELL,15866,2026-03-30 20:00:00,1.3231,1.534,2.434,-2.328,136,lose,3,3,SSL,3,3,0.004,3.14,True,True,True,0.001,True,"[0.004, 1.748, 3.706]"
XRPUSDT,BUY,16002,2026-04-01 06:00:00,1.3539,1.034,3.036,-3.028,84,lose,3,2,BSL,3,2,0.794,3.984,True,True,True,0.199,True,"[0.794, 8.583, 13.987]"
XRPUSDT,SELL,16086,2026-04-02 03:00:00,1.3129,2.574,1.729,-0.838,151,win,3,2,SSL,2,3,0.985,3.942,True,True,True,0.25,True,"[0.985, 2.958]"
XRPUSDT,BUY,16237,2026-04-03 16:45:00,1.3239,0.053,2.153,-2.047,149,lose,4,2,BSL,4,2,0.144,1.808,True,True,True,0.079,True,"[0.144, 3.078, 11.043, 16.57]"
XRPUSDT,SELL,16386,2026-04-05 06:00:00,1.2968,1.527,3.2,-2.791,72,lose,3,1,SSL,1,3,1.754,5.232,True,False,True,0.335,True,[1.754]
XRPUSDT,BUY,16458,2026-04-06 00:00:00,1.333,1.8,1.643,-0.825,98,lose,3,2,BSL,3,2,2.374,2.478,True,False,True,0.958,True,"[2.374, 10.285, 15.774]"
XRPUSDT,SELL,16556,2026-04-07 00:30:00,1.322,2.118,3.2,-2.443,88,win,2,3,SSL,3,2,0.167,11.203,True,True,True,0.015,True,"[0.167, 1.667, 3.626]"
XRPUSDT,BUY,16644,2026-04-07 22:30:00,1.3543,3.072,1.846,-1.647,106,win,2,3,BSL,2,3,8.551,2.548,True,False,True,3.355,False,"[8.551, 13.953]"
XRPUSDT,SELL,16750,2026-04-09 01:00:00,1.332,0.833,2.11,-1.809,79,lose,3,3,SSL,3,3,0.917,4.479,True,True,True,0.205,True,"[0.917, 2.405, 4.35]"
XRPUSDT,BUY,16829,2026-04-09 20:45:00,1.3561,1.386,2.367,-1.659,217,lose,3,3,BSL,3,3,2.623,2.678,True,False,True,0.979,True,"[2.623, 8.406, 13.802]"
XRPUSDT,SELL,17046,2026-04-12 03:00:00,1.3336,1.162,1.612,-1.162,168,lose,3,3,SSL,3,3,1.036,4.354,True,True,True,0.238,True,"[1.036, 2.522, 4.465]"
XRPUSDT,BUY,17214,2026-04-13 21:00:00,1.3491,11.867,0.052,6.664,439,win,3,4,BSL,3,4,3.155,0.401,True,False,True,7.859,False,"[3.155, 8.969, 14.392]"
XRPUSDT,SELL,17653,2026-04-18 10:45:00,1.439,3.523,0.486,0.57,266,win,2,7,SSL,7,2,1.401,4.83,True,True,True,0.29,True,"[1.401, 3.002, 5.163, 6.624, 8.285, 9.662, 11.462]"
XRPUSDT,BUY,17919,2026-04-21 05:15:00,1.4308,2.195,1.433,-0.706,176,win,3,7,BSL,3,7,0.718,0.824,True,True,True,0.872,True,"[0.718, 5.431, 7.86]"
XRPUSDT,SELL,18095,2026-04-23 01:15:00,1.4207,0.894,1.732,-0.795,122,lose,3,7,SSL,7,3,0.119,2.216,True,True,True,0.054,True,"[0.119, 1.753, 3.942, 5.421, 7.103, 8.498, 10.322]"
XRPUSDT,BUY,18217,2026-04-24 07:45:00,1.432,1.278,0.964,-0.901,136,lose,3,7,BSL,3,7,1.409,0.907,True,True,True,1.554,False,"[1.409, 5.342, 7.77]"
XRPUSDT,SELL,18353,2026-04-25 17:45:00,1.4191,0.148,1.874,-1.769,128,lose,4,7,SSL,7,4,0.006,0.617,True,True,True,0.01,True,"[0.006, 1.642, 3.833, 5.314, 6.998, 8.395, 10.221]"
XRPUSDT,BUY,18481,2026-04-27 01:45:00,1.4442,0.145,2.278,-2.133,24,lose,3,6,BSL,3,6,0.553,3.351,True,True,True,0.165,True,"[0.553, 4.452, 6.86]"
XRPUSDT,SELL,18505,2026-04-27 07:45:00,1.4134,3.297,0.361,0.729,200,win,4,6,SSL,6,4,1.245,1.023,True,True,True,1.217,False,"[1.245, 3.446, 4.933, 6.623, 8.026, 9.858]"
XRPUSDT,BUY,18705,2026-04-29 09:45:00,1.4031,0.171,3.036,-2.758,21,lose,4,4,BSL,4,4,1.765,4.235,True,False,True,0.417,True,"[1.765, 3.498, 7.512, 9.99]"
XRPUSDT,SELL,18726,2026-04-29 15:00:00,1.3644,1.481,2.169,-1.957,186,lose,5,4,SSL,4,5,1.518,2.488,True,False,True,0.61,True,"[1.518, 3.27, 4.722, 6.621]"
XRPUSDT,BUY,18912,2026-05-01 13:30:00,1.3911,4.723,0.784,1.431,531,win,5,5,BSL,5,5,0.521,2.198,True,True,True,0.237,True,"[0.521, 2.643, 4.391, 8.439, 10.939]"
XRPUSDT,SELL,19443,2026-05-07 02:15:00,1.411,2.417,0.914,-0.539,162,win,2,7,SSL,7,2,0.471,6.91,True,True,True,0.068,True,"[0.471, 1.967, 3.578, 4.771, 6.465, 7.869, 9.705]"
XRPUSDT,BUY,19605,2026-05-08 18:45:00,1.4186,6.288,0.592,1.064,364,win,3,6,BSL,3,6,0.564,2.492,True,True,True,0.226,True,"[0.564, 6.337, 8.788]"
XRPUSDT,SELL,19969,2026-05-12 13:45:00,1.4337,1.123,2.141,-1.855,71,lose,2,7,SSL,7,2,1.453,2.518,True,True,True,0.577,True,"[1.453, 3.519, 5.104, 6.279, 7.945, 9.328, 11.135]"
XRPUSDT,BUY,20040,2026-05-13 07:30:00,1.4603,0.589,2.746,-2.15,27,lose,2,7,BSL,2,7,0.651,3.248,True,True,True,0.2,True,"[0.651, 5.681]"
XRPUSDT,SELL,20067,2026-05-13 14:15:00,1.4289,1.295,3.149,-2.918,98,lose,1,7,SSL,7,1,1.122,8.004,True,True,True,0.14,True,"[1.122, 3.195, 4.785, 5.964, 7.636, 9.023, 10.836]"
XRPUSDT,BUY,20165,2026-05-14 14:45:00,1.4706,5.318,2.917,-2.659,92,win,1,7,BSL,1,7,4.941,3.926,True,False,True,1.259,False,[4.941]
XRPUSDT,SELL,20257,2026-05-15 13:45:00,1.4315,5.938,1.341,3.339,536,win,0,7,SSL,7,0,1.302,,True,True,False,,False,"[1.302, 3.371, 4.958, 6.135, 7.804, 9.188, 10.998]"
XRPUSDT,BUY,20793,2026-05-21 03:45:00,1.3837,0.108,2.414,-1.987,44,lose,2,4,BSL,2,4,0.587,2.892,True,True,True,0.203,True,"[0.587, 3.532]"
XRPUSDT,SELL,20837,2026-05-21 14:45:00,1.3562,4.505,2.183,0.737,212,win,3,3,SSL,3,3,2.685,0.983,True,False,True,2.732,False,"[2.685, 4.146, 6.057]"
XRPUSDT,BUY,21049,2026-05-23 19:45:00,1.3462,2.184,1.092,-0.832,104,win,2,2,BSL,2,2,1.733,1.962,True,False,True,0.883,True,"[1.733, 6.416]"
XRPUSDT,SELL,21153,2026-05-24 21:45:00,1.335,5.109,2.27,0.787,367,win,2,3,SSL,3,2,0.191,2.586,True,True,True,0.074,True,"[0.191, 1.14, 4.565]"
XRPUSDT,BUY,21520,2026-05-28 17:30:00,1.3245,3.088,2.341,0.136,284,win,3,1,BSL,3,1,0.856,3.808,True,True,True,0.225,True,"[0.856, 3.4, 8.159]"
XRPUSDT,SELL,21804,2026-05-31 16:30:00,1.3263,20.908,1.184,15.736,621,win,2,1,SSL,1,2,3.939,1.542,True,False,True,2.555,False,[3.939]
XRPUSDT,BUY,22425,2026-06-07 03:45:00,1.1176,6.129,0.716,0.823,242,win,3,2,BSL,3,2,5.604,3.481,True,False,True,1.61,False,"[5.604, 20.504, 28.182]"
XRPUSDT,SELL,22667,2026-06-09 16:15:00,1.1268,3.506,1.748,-1.305,204,win,3,2,SSL,2,3,4.269,4.742,True,False,True,0.9,True,"[4.269, 7.078]"
XRPUSDT,BUY,22871,2026-06-11 19:15:00,1.1415,1.673,1.428,-1.183,269,lose,3,2,BSL,3,2,3.393,3.79,True,False,True,0.895,True,"[3.393, 17.981, 25.499]"
XRPUSDT,SELL,23140,2026-06-14 14:30:00,1.128,0.062,4.184,-3.741,30,lose,3,3,SSL,3,3,0.005,4.631,True,True,True,0.001,True,"[0.005, 2.639, 7.176]"
XRPUSDT,BUY,23170,2026-06-14 22:00:00,1.1702,10.494,0.299,3.82,164,win,3,3,BSL,3,3,0.857,3.611,True,True,True,0.237,True,"[0.857, 15.087, 22.421]"
XRPUSDT,SELL,23334,2026-06-16 15:00:00,1.2149,7.943,1.268,5.721,375,win,2,4,SSL,4,2,3.327,10.853,True,False,True,0.307,True,"[3.327, 7.158, 9.603, 13.816]"
XRPUSDT,BUY,23709,2026-06-20 12:45:00,1.1454,0.838,2.279,-1.24,136,lose,4,3,BSL,4,3,0.758,1.524,True,True,True,0.497,True,"[0.758, 3.521, 17.579, 25.071]"
XRPUSDT,SELL,23845,2026-06-21 22:45:00,1.1312,0.734,2.847,-2.82,60,lose,4,2,SSL,2,4,2.914,2.023,True,False,True,1.441,False,"[2.914, 7.439]"
XRPUSDT,BUY,23905,2026-06-22 13:45:00,1.1631,0.009,3.654,-3.534,59,lose,3,2,BSL,3,2,1.946,5.577,True,False,True,0.349,True,"[1.946, 15.79, 23.168]"
XRPUSDT,SELL,23964,2026-06-23 04:30:00,1.122,10.152,0.053,5.713,378,win,3,2,SSL,2,3,2.118,5.68,True,False,True,0.373,True,"[2.118, 6.68]"
XRPUSDT,BUY,24342,2026-06-27 03:00:00,1.0579,1.777,1.267,-1.106,94,lose,5,2,BSL,5,2,1.588,1.416,True,False,True,1.121,False,"[1.588, 5.185, 12.084, 27.304, 35.416]"
XRPUSDT,SELL,24436,2026-06-28 02:30:00,1.0462,1.424,2.868,-2.198,166,lose,5,2,SSL,2,5,0.314,2.724,True,True,True,0.115,True,"[0.314, 2.844]"
XRPUSDT,BUY,24602,2026-06-29 20:00:00,1.0692,0.037,2.684,-2.553,58,lose,5,2,BSL,5,2,0.514,2.458,True,True,True,0.209,True,"[0.514, 4.073, 10.899, 25.959, 33.985]"
XRPUSDT,SELL,24660,2026-06-30 10:30:00,1.0419,1.987,2.236,-1.939,119,lose,5,1,SSL,1,5,2.443,3.148,True,False,True,0.776,True,[2.443]
XRPUSDT,BUY,24779,2026-07-01 16:15:00,1.0621,11.458,1.685,7.165,335,win,5,2,BSL,5,2,1.186,1.806,True,True,True,0.657,True,"[1.186, 4.769, 11.64, 26.801, 34.881]"
XRPUSDT,SELL,25114,2026-07-05 04:00:00,1.1382,1.239,2.715,-1.704,78,lose,2,4,SSL,4,2,4.854,18.323,True,False,True,0.265,True,"[4.854, 6.544, 8.372, 10.697]"
XRPUSDT,BUY,25192,2026-07-05 23:30:00,1.1576,0.294,4.216,-3.602,56,lose,3,5,BSL,3,5,0.523,3.812,True,True,True,0.137,True,"[0.523, 16.34, 23.753]"
XRPUSDT,SELL,25248,2026-07-06 13:30:00,1.1159,4.31,4.355,0.887,340,win,3,5,SSL,5,3,0.218,4.279,True,True,True,0.051,True,"[0.218, 2.953, 4.676, 6.54, 8.912]"
XRPUSDT,BUY,25588,2026-07-10 02:30:00,1.106,1.157,1.338,-1.257,183,lose,4,4,BSL,4,4,1.79,2.084,True,False,True,0.859,True,"[1.79, 5.212, 21.768, 29.527]"
XRPUSDT,SELL,25771,2026-07-12 00:15:00,1.0921,3.617,1.135,-1.044,244,win,5,4,SSL,4,5,0.838,1.617,True,True,True,0.518,True,"[0.838, 2.599, 4.504, 6.927]"
XRPUSDT,BUY,26015,2026-07-14 13:15:00,1.1035,2.374,1.459,-1.287,213,win,5,3,BSL,5,3,0.567,3.605,True,True,True,0.157,True,"[0.567, 2.021, 5.451, 22.043, 29.82]"
XRPUSDT,SELL,26228,2026-07-16 18:30:00,1.0893,1.854,0.927,-0.578,241,lose,5,3,SSL,3,5,2.348,1.878,True,False,True,1.25,False,"[2.348, 4.258, 6.688]"
XRPUSDT,BUY,26469,2026-07-19 06:45:00,1.0956,6.252,1.214,2.346,408,win,5,4,BSL,5,4,1.292,0.596,True,True,True,2.17,False,"[1.292, 2.756, 6.211, 22.924, 30.756]"
XRPUSDT,SELL,26877,2026-07-23 12:45:00,1.1213,3.3,0.009,1.703,208,win,3,5,SSL,5,3,1.556,1.686,True,False,True,0.923,True,"[1.556, 2.874, 5.135, 6.991, 9.351]"
XRPUSDT,BUY,27085,2026-07-25 16:45:00,1.1022,1.279,1.597,-0.798,193,lose,4,4,BSL,4,4,0.804,1.191,True,True,True,0.675,True,"[0.804, 3.448, 22.187, 29.973]"
XRPUSDT,SELL,27278,2026-07-27 17:00:00,1.0934,4.472,0.192,1.271,134,win,3,3,SSL,3,3,2.714,4.28,True,False,True,0.634,True,"[2.714, 4.617, 7.038]"
XRPUSDT,BUY,27412,2026-07-29 02:30:00,1.0795,1.427,1.667,-0.778,231,lose,3,3,BSL,3,3,5.623,1.462,True,False,True,3.847,False,"[5.623, 24.757, 32.706]"
XRPUSDT,SELL,27643,2026-07-31 12:15:00,1.0711,2.306,0.439,-0.42,154,win,4,3,SSL,3,4,0.689,1.6,True,True,True,0.43,True,"[0.689, 2.631, 5.102]"
XRPUSDT,BUY,27797,2026-08-02 02:45:00,1.0756,1.608,0.958,-0.781,117,lose,4,3,BSL,4,3,1.175,1.104,True,True,True,1.064,False,"[1.175, 6.006, 25.209, 33.188]"
XRPUSDT,SELL,27914,2026-08-03 08:00:00,1.0672,0.478,1.837,-1.387,38,lose,4,3,SSL,3,4,0.326,1.972,True,True,True,0.165,True,"[0.326, 2.276, 4.755]"
XRPUSDT,BUY,27952,2026-08-03 17:30:00,1.082,0.176,1.71,-1.562,157,lose,4,3,BSL,4,3,0.577,1.689,True,True,True,0.342,True,"[0.577, 5.379, 24.469, 32.4]"
XRPUSDT,SELL,28109,2026-08-05 08:45:00,1.0651,4.985,0.723,2.742,290,win,3,2,SSL,2,3,2.083,7.051,True,False,True,0.295,True,"[2.083, 4.568]"
XRPUSDT,BUY,28399,2026-08-08 09:15:00,1.0359,1.207,0.84,-0.618,164,lose,4,1,BSL,4,1,0.946,1.878,True,True,True,0.504,True,"[0.946, 10.069, 30.008, 38.292]"
XRPUSDT,SELL,28563,2026-08-10 02:15:00,1.0295,3.973,1.02,0.525,232,win,4,0,SSL,0,4,,1.574,False,False,True,,False,[]
XRPUSDT,BUY,28795,2026-08-12 12:15:00,1.0241,0.137,2.109,-1.846,36,lose,3,1,BSL,3,1,11.337,3.011,True,False,True,3.765,False,"[11.337, 31.506, 39.885]"
XRPUSDT,SELL,28831,2026-08-12 21:15:00,1.0052,2.069,0.965,0.05,620,win,4,1,SSL,1,4,1.188,1.326,True,True,True,0.896,True,[1.188]
XRPUSDT,BUY,29451,2026-08-19 08:15:00,1.0047,69.304,0.189,49.079,548,win,3,0,BSL,3,0,13.487,,True,False,False,,False,"[13.487, 34.045, 42.587]"
