symbol,direction,signal_index,signal_datetime,entry_price,max_roe_pct,max_stoploss_pct,net_pnl_pct,duration_bars,label,atr_pct_of_price,trail_gap_pct,price_vs_trail2_pct,trend_age_bars,trend_age_bucket,candle_body_pct,is_bullish_candle,volume_ratio,high_volume,fvg_at_signal,fvg_direction,fvg_aligned,fvg_counter,recent_bullish_fvg_count,recent_bearish_fvg_count,fvg_aligned_window,fvg_counter_window,ob_at_signal,ob_bullish,ob_bearish,ob_aligned,ob_counter,price_inside_ob,recent_bull_bos,recent_bear_bos,recent_bull_choch,recent_bear_choch,bos_confirmed_direction,choch_confirmed_direction,bos_choch_any,recent_swing_high,recent_swing_low,swing_aligned,liq_at_signal,recent_bsl,recent_ssl,unswept_liq_against_trade,has_liq_trap,vsr_spike_at_signal,vsr_signal_strength,recent_vsr_spikes,vsr_active_zone,price_inside_vsr,vsr_zone_width_pct,atr_expansion,tight_trail_gap,wide_trail_gap
ADAUSDT,SELL,444,2025-10-21 04:30:00,0.6412,0.733,6.862,-6.472,44,lose,0.577,1.154,-3.711,0,fresh,80.3,False,1.76,True,True,bearish,True,False,0,5,True,False,False,False,False,False,False,False,0,0,0,0,False,False,False,0,0,False,False,0,0,0,False,False,0.27,0,True,False,2.308,True,False,False
ADAUSDT,BUY,488,2025-10-21 15:30:00,0.6827,0.161,6.65,-6.064,40,lose,0.952,1.904,5.844,0,fresh,10.3,True,1.31,False,False,none,False,False,5,0,True,False,False,False,False,False,False,False,0,0,0,0,False,False,False,1,0,False,False,1,0,0,False,False,0.46,0,True,False,2.168,True,False,True
ADAUSDT,BUY,1941,2025-11-05 18:45:00,0.5474,0.183,5.663,-4.147,90,lose,0.712,1.443,3.27,0,fresh,20.9,True,0.79,False,False,none,False,False,1,0,True,False,False,False,False,False,False,False,0,0,0,0,False,False,False,1,0,False,False,0,0,0,False,False,0.29,0,True,False,4.421,True,False,False
ADAUSDT,SELL,2031,2025-11-06 17:15:00,0.5247,1.048,8.672,-8.005,94,lose,0.896,1.792,-3.355,0,fresh,44.4,True,0.77,False,False,none,False,False,2,3,True,False,False,False,False,False,False,False,0,0,0,0,False,False,False,0,1,False,False,0,1,0,False,False,1.07,0,True,False,4.613,True,False,True
ADAUSDT,BUY,2594,2025-11-12 14:00:00,0.5798,0.052,6.106,-6.037,12,lose,0.5,1.018,2.605,0,fresh,12.9,True,1.24,False,False,none,False,False,5,0,True,False,False,False,False,False,False,False,0,0,0,0,False,False,False,1,0,False,False,0,0,0,False,False,0.2,0,True,False,4.175,False,False,False
ADAUSDT,SELL,2606,2025-11-12 17:00:00,0.5448,1.083,4.901,-3.377,77,lose,0.954,1.927,-5.341,0,fresh,75.0,False,1.5,False,True,bearish,True,False,2,6,True,False,False,False,False,False,False,False,0,0,0,0,False,False,False,1,0,True,False,0,0,0,False,False,0.86,0,True,False,4.442,True,False,True
ADAUSDT,BUY,2683,2025-11-13 12:15:00,0.5632,0.959,6.214,-6.072,22,lose,0.586,1.172,1.598,0,fresh,44.4,True,1.03,False,False,none,False,False,2,3,False,True,False,False,False,False,False,False,0,0,0,0,False,False,False,1,0,False,False,0,0,0,False,False,0.36,0,True,True,4.297,True,False,False
ADAUSDT,SELL,3840,2025-11-25 13:30:00,0.4114,1.702,5.907,-5.688,117,lose,0.608,1.191,-3.135,0,fresh,74.0,False,1.77,True,True,bearish,True,False,0,2,True,False,False,False,False,False,False,False,0,0,0,0,False,False,False,0,0,False,False,0,0,0,False,False,0.44,1,True,True,7.047,True,False,False
ADAUSDT,BUY,3957,2025-11-26 18:45:00,0.4348,0.943,3.082,-2.438,130,lose,0.736,1.495,4.461,0,fresh,83.9,True,0.64,False,False,none,False,False,5,0,True,False,False,False,False,False,False,False,0,0,0,0,False,False,False,0,1,True,False,0,0,0,False,False,0.88,0,True,False,6.668,True,False,False
ADAUSDT,BUY,6816,2025-12-26 13:30:00,0.3566,0.337,3.561,-3.477,13,lose,0.365,0.729,1.739,0,fresh,41.7,True,1.13,False,False,none,False,False,1,0,True,False,False,False,False,False,False,False,0,0,0,0,False,False,False,0,0,False,False,0,0,0,False,False,0.04,1,True,True,5.412,False,False,False
ADAUSDT,SELL,6829,2025-12-26 16:45:00,0.3442,0.029,4.271,-3.719,77,lose,0.581,1.162,-2.963,0,fresh,71.9,False,1.24,False,False,none,False,False,0,3,True,False,False,False,False,False,False,False,1,0,0,0,False,False,True,1,1,False,False,0,0,0,False,False,0.37,1,True,True,5.607,True,False,False
ADAUSDT,SELL,7036,2025-12-28 20:30:00,0.3634,0.413,4.568,-3.632,23,lose,0.44,0.853,-1.706,0,fresh,22.2,True,0.37,False,False,none,False,False,0,5,True,False,False,False,False,False,False,False,0,0,0,1,False,True,True,0,1,False,False,0,0,0,False,False,0.1,0,True,True,8.611,False,False,False
ADAUSDT,BUY,8405,2026-01-12 02:45:00,0.4018,0.423,5.077,-4.878,44,lose,0.772,1.568,3.933,0,fresh,61.1,True,1.61,True,True,bullish,True,False,3,0,True,False,False,False,False,False,False,False,0,0,0,1,False,False,True,0,1,True,False,0,0,0,False,False,3.16,1,True,False,1.319,True,False,True
ADAUSDT,SELL,8449,2026-01-12 13:45:00,0.3822,0.262,6.306,-6.253,104,lose,0.549,1.099,-2.957,0,fresh,41.2,False,1.39,False,False,none,False,False,0,2,True,False,False,False,False,False,False,False,0,0,0,0,False,False,False,0,0,False,False,0,0,0,False,False,0.35,1,True,True,1.753,True,False,False
ADAUSDT,BUY,9348,2026-01-21 22:30:00,0.3684,0.299,4.235,-3.8,160,lose,0.896,1.819,3.692,0,fresh,38.1,False,0.72,False,False,none,False,False,3,0,True,False,False,False,False,False,False,False,0,0,0,0,False,False,False,1,0,False,False,0,0,0,False,False,0.37,0,True,False,1.629,True,False,True
ADAUSDT,BUY,10494,2026-02-02 21:00:00,0.3004,1.498,6.258,-4.727,170,lose,0.666,1.332,2.863,0,fresh,60.0,True,1.02,False,False,none,False,False,1,1,False,False,False,False,False,False,False,False,0,0,0,0,False,False,False,1,0,False,False,0,0,0,False,False,0.9,0,True,False,4.394,True,False,False
ADAUSDT,BUY,12201,2026-02-20 15:45:00,0.2888,1.697,4.709,-4.571,149,lose,1.039,2.078,6.614,0,fresh,96.6,True,1.99,True,True,bullish,True,False,5,2,True,False,False,False,False,False,False,False,0,0,0,0,False,False,False,0,1,True,False,0,0,0,False,False,0.27,0,True,False,0.658,True,False,True
ADAUSDT,BUY,12477,2026-02-23 12:45:00,0.2736,0.183,4.934,-4.678,29,lose,0.548,1.096,2.924,0,fresh,35.7,False,1.0,False,False,none,False,False,5,1,True,False,False,False,False,False,False,False,0,0,0,0,False,False,False,1,0,False,False,0,0,0,False,False,0.58,0,True,False,2.997,True,False,False
ADAUSDT,SELL,13082,2026-03-01 20:00:00,0.2709,0.997,6.423,-6.312,80,lose,0.775,1.551,-4.062,0,fresh,89.7,False,2.01,True,True,bearish,True,False,3,3,False,False,False,False,False,False,False,False,0,0,0,0,False,False,False,0,0,False,False,0,0,0,False,False,2.44,1,True,False,2.622,True,False,True
ADAUSDT,BUY,13162,2026-03-02 16:00:00,0.288,0.174,6.875,-6.597,59,lose,0.972,1.91,5.833,0,fresh,86.7,True,2.5,True,False,none,False,False,3,0,True,False,False,False,False,False,False,False,0,0,0,0,False,False,False,0,0,False,False,0,0,0,False,False,1.05,0,True,False,2.465,True,False,True
ADAUSDT,SELL,14086,2026-03-12 07:00:00,0.259,0.347,5.367,-4.208,70,lose,0.347,0.695,-1.274,0,fresh,20.0,False,0.88,False,False,none,False,False,0,1,True,False,False,False,False,False,False,False,0,0,0,0,False,False,False,0,1,False,False,0,0,0,False,False,1.51,0,True,False,0.618,False,False,False
ADAUSDT,BUY,15820,2026-03-30 08:30:00,0.2509,0.757,4.583,-4.145,102,lose,0.558,1.116,3.348,0,fresh,61.1,True,1.68,True,False,none,False,False,5,0,True,False,False,False,False,False,False,False,0,0,0,0,False,False,False,0,0,False,False,0,0,0,False,False,0.29,0,True,False,1.674,True,False,False
ADAUSDT,BUY,16004,2026-04-01 06:30:00,0.2527,0.237,6.015,-5.461,85,lose,0.713,1.425,4.513,0,fresh,35.3,True,1.41,False,False,none,False,False,6,0,True,False,False,False,False,False,False,False,0,0,0,0,False,False,False,1,0,False,False,0,0,0,False,False,0.79,0,True,False,1.663,True,False,False
ADAUSDT,SELL,16089,2026-04-02 03:45:00,0.2389,1.8,2.637,-2.093,114,lose,0.795,1.632,-4.228,0,fresh,33.3,True,1.15,False,False,none,False,False,1,3,True,False,False,False,False,False,False,False,0,0,0,0,False,False,False,0,0,False,False,0,0,0,False,False,0.3,0,True,False,1.256,True,False,True
ADAUSDT,SELL,16391,2026-04-05 07:15:00,0.2423,1.156,5.943,-5.118,67,lose,0.33,0.66,-1.65,0,fresh,60.0,False,0.56,False,True,bearish,True,False,1,8,True,False,False,False,False,False,False,False,0,0,0,0,False,False,False,0,0,False,False,0,0,0,False,False,0.5,1,True,False,0.248,False,False,False
ADAUSDT,SELL,16732,2026-04-08 20:30:00,0.2517,1.748,2.463,-2.026,100,lose,0.477,0.913,-2.581,0,fresh,50.0,False,1.25,False,False,none,False,False,0,2,True,False,False,False,False,False,False,False,0,0,0,0,False,False,False,0,0,False,False,0,0,0,False,False,8.07,0,True,False,1.033,False,False,False
ADAUSDT,BUY,16832,2026-04-09 21:30:00,0.2568,1.674,2.96,-2.531,139,lose,0.545,1.051,2.375,0,fresh,46.2,True,1.07,False,False,none,False,False,0,1,False,True,False,False,False,False,False,False,0,0,0,0,False,False,False,0,0,False,False,0,0,0,False,False,1.23,0,True,False,1.012,True,False,False
ADAUSDT,BUY,17221,2026-04-13 22:45:00,0.2473,0.89,3.761,-2.911,134,lose,0.647,1.294,3.922,0,fresh,26.1,True,1.83,True,False,none,False,False,4,1,True,False,False,False,False,False,False,False,0,0,0,0,False,False,False,0,1,True,False,0,0,0,False,False,0.08,0,True,False,0.687,True,False,False
ADAUSDT,SELL,17355,2026-04-15 08:15:00,0.2401,0.625,3.124,-2.666,44,lose,0.375,0.75,-1.333,0,fresh,61.5,True,0.99,False,True,bullish,False,True,3,2,False,True,False,False,False,False,False,False,0,0,1,0,False,False,True,1,1,False,False,0,0,0,False,False,0.2,0,True,False,0.708,False,False,False
ADAUSDT,SELL,18095,2026-04-23 01:15:00,0.247,1.053,1.984,-1.377,150,lose,0.445,0.891,-2.389,0,fresh,88.9,False,0.47,False,False,none,False,False,1,5,True,False,False,False,False,False,False,False,0,0,0,0,False,False,False,0,0,False,False,0,0,0,False,False,0.37,0,True,True,0.81,False,False,False
ADAUSDT,BUY,18245,2026-04-24 14:45:00,0.2504,1.358,0.998,-0.719,112,lose,0.359,0.719,1.158,0,fresh,50.0,False,0.87,False,False,none,False,False,4,0,True,False,False,False,False,False,False,False,0,0,0,0,False,False,False,0,0,False,False,0,0,0,False,False,0.36,0,True,False,1.358,False,False,False
ADAUSDT,SELL,18357,2026-04-25 18:45:00,0.2486,0.121,2.253,-2.212,66,lose,0.282,0.563,-1.006,0,fresh,40.0,False,0.34,False,False,none,False,False,0,3,True,False,False,False,False,False,False,False,0,0,0,0,False,False,False,0,1,False,False,0,0,0,False,False,0.9,0,True,True,1.368,False,False,False
ADAUSDT,BUY,18423,2026-04-26 11:15:00,0.2541,0.787,3.188,-2.715,80,lose,0.315,0.63,1.928,0,fresh,81.2,True,1.95,True,True,bullish,True,False,1,0,True,False,False,False,False,False,False,False,0,0,0,0,False,False,False,0,0,False,False,0,0,0,False,False,1.77,0,True,False,1.338,False,False,False
ADAUSDT,SELL,18503,2026-04-27 07:15:00,0.2472,1.78,1.335,-0.971,193,lose,0.485,0.971,-2.225,0,fresh,16.7,False,0.45,False,False,none,False,False,0,4,True,False,False,False,False,False,False,False,0,1,0,0,True,False,True,0,1,False,False,0,0,0,False,False,0.04,0,True,True,1.375,False,False,False
ADAUSDT,BUY,18696,2026-04-29 07:30:00,0.2496,1.763,2.644,-2.324,33,lose,0.32,0.601,1.322,0,fresh,27.3,True,1.47,False,False,none,False,False,5,0,True,False,False,False,False,False,False,False,0,0,0,0,False,False,False,0,0,False,False,0,0,0,False,False,1.21,1,True,False,1.562,False,False,False
ADAUSDT,SELL,19524,2026-05-07 22:30:00,0.261,0.421,3.985,-3.793,75,lose,0.498,0.957,-2.221,0,fresh,40.0,False,0.7,False,False,none,False,False,3,3,False,False,False,False,False,False,False,False,1,0,0,0,False,False,True,1,0,True,False,0,0,0,False,False,0.94,0,True,False,0.996,False,False,False
ADAUSDT,SELL,19745,2026-05-10 05:45:00,0.2696,0.519,2.856,-2.782,39,lose,0.297,0.594,-1.15,0,fresh,66.7,False,0.79,False,True,bearish,True,False,2,3,True,False,False,False,False,False,False,False,0,0,0,0,False,False,False,0,0,False,False,0,0,0,False,False,0.11,0,True,False,2.226,False,False,False
ADAUSDT,BUY,20892,2026-05-22 04:30:00,0.2514,1.233,3.699,-3.302,60,lose,0.358,0.716,1.035,0,fresh,87.5,False,0.94,False,False,none,False,False,1,0,True,False,False,False,False,False,False,False,0,0,0,0,False,False,False,0,1,True,False,0,0,0,False,False,0.47,0,True,True,2.626,False,False,False
ADAUSDT,BUY,21052,2026-05-23 20:30:00,0.2487,0.844,3.177,-2.774,97,lose,0.483,1.005,3.498,0,fresh,87.5,True,6.51,True,True,bullish,True,False,3,0,True,False,False,False,False,False,False,False,0,0,0,0,False,False,False,0,0,False,False,0,0,0,False,True,12.85,1,True,True,5.428,False,False,False
ADAUSDT,SELL,21149,2026-05-24 20:45:00,0.2418,1.447,2.233,-1.696,78,lose,0.29,0.538,-1.365,0,fresh,9.1,False,2.42,True,False,none,False,False,0,2,True,False,False,False,False,False,False,False,0,0,0,0,False,False,False,0,0,False,False,0,0,0,False,False,5.72,0,True,True,5.585,False,False,False
ADAUSDT,BUY,21227,2026-05-25 16:15:00,0.2459,0.732,2.521,-2.115,38,lose,0.325,0.61,1.342,0,fresh,42.9,True,0.66,False,False,none,False,False,0,0,False,False,False,False,False,False,False,False,0,0,0,0,False,False,False,0,0,False,False,0,0,0,False,False,0.21,0,True,True,5.49,False,False,False
ADAUSDT,BUY,21653,2026-05-30 02:45:00,0.2384,0.419,2.643,-2.391,151,lose,0.461,0.923,2.391,0,fresh,66.7,True,1.01,False,False,none,False,False,6,0,True,False,False,False,False,False,False,False,0,0,0,0,False,False,False,0,0,False,False,0,0,0,False,False,0.12,1,True,True,7.383,False,False,False
ADAUSDT,SELL,23135,2026-06-14 13:15:00,0.1671,1.137,5.326,-4.967,36,lose,0.479,0.898,-2.992,0,fresh,75.0,False,1.86,True,False,none,False,False,1,3,True,False,False,False,False,False,False,False,0,0,0,0,False,False,False,0,0,False,False,0,0,0,False,False,1.05,0,True,False,0.658,False,False,False
ADAUSDT,BUY,24162,2026-06-25 06:00:00,0.1501,0.2,7.995,-4.93,34,lose,0.533,1.066,3.065,0,fresh,33.3,True,0.69,False,False,none,False,False,2,0,True,False,False,False,False,False,False,False,0,0,0,1,False,False,True,1,1,False,False,0,0,0,False,False,0.17,0,True,True,2.265,True,False,False
ADAUSDT,BUY,24303,2026-06-26 17:15:00,0.1486,0.673,2.894,-2.624,115,lose,0.943,1.886,4.175,0,fresh,33.3,False,0.5,False,False,none,False,False,3,0,True,False,False,False,False,False,False,False,0,0,0,0,False,False,False,1,1,False,False,0,0,0,False,False,0.71,0,True,False,2.088,True,False,True
ADAUSDT,BUY,24612,2026-06-29 22:30:00,0.1466,0.0,3.138,-3.07,57,lose,0.478,0.956,1.433,0,fresh,40.0,False,0.6,False,True,bearish,False,True,1,1,False,False,False,False,False,False,False,False,0,0,0,0,False,False,False,1,0,False,False,0,0,0,False,False,0.44,0,True,True,2.184,False,False,False
ADAUSDT,SELL,24669,2026-06-30 12:45:00,0.1421,0.211,7.671,-7.108,62,lose,0.423,0.775,-2.465,0,fresh,71.4,False,4.28,True,False,none,False,False,0,4,True,False,False,False,False,False,False,False,0,0,0,0,False,False,False,0,1,False,False,0,0,0,False,False,4.08,0,True,False,2.254,False,False,False
ADAUSDT,BUY,25736,2026-07-11 15:30:00,0.1721,0.581,5.404,-5.171,36,lose,0.639,1.278,3.603,0,fresh,16.7,True,7.4,True,False,none,False,False,2,0,True,False,False,False,False,False,False,False,0,0,0,0,False,False,False,1,0,False,False,0,0,0,False,False,1.49,0,True,False,0.988,True,False,False
ADAUSDT,SELL,26563,2026-07-20 06:15:00,0.1616,0.681,5.569,-4.146,49,lose,0.618,1.299,-3.216,0,fresh,30.0,False,1.45,False,True,bearish,True,False,0,4,True,False,False,False,False,False,False,False,0,0,0,0,False,False,False,0,0,False,False,0,0,0,False,False,0.23,1,True,False,1.361,True,False,False
ADAUSDT,BUY,27089,2026-07-25 17:45:00,0.1655,1.027,4.713,-3.988,181,lose,0.423,0.845,1.812,0,fresh,6.7,False,3.95,True,False,none,False,False,3,0,True,False,False,False,False,False,False,False,0,0,0,0,False,False,False,1,0,False,False,0,0,0,False,False,1.14,0,True,False,0.302,False,False,False
ADAUSDT,SELL,28188,2026-08-06 04:30:00,0.1876,0.32,8.369,-6.716,41,lose,0.64,1.28,-3.04,0,fresh,33.3,False,0.93,False,False,none,False,False,1,1,False,False,False,False,False,False,False,False,0,0,1,0,False,False,True,1,1,False,False,0,0,0,False,False,0.07,1,True,True,3.413,True,False,False
ADAUSDT,SELL,29824,2026-08-23 05:30:00,0.2165,1.293,6.513,-3.418,175,lose,1.247,2.54,-5.958,0,fresh,50.0,False,0.69,False,False,none,False,False,0,4,True,False,False,False,False,False,False,False,0,0,0,0,False,False,False,0,1,False,False,0,1,1,True,False,0.65,0,True,False,1.293,True,False,True
AVAXUSDT,BUY,487,2025-10-21 15:15:00,20.768,0.347,6.736,-6.26,37,lose,0.831,1.662,5.296,0,fresh,40.9,True,1.86,True,False,none,False,False,5,1,True,False,False,False,False,False,False,False,0,0,0,0,False,False,False,1,0,False,False,0,0,0,False,False,0.46,0,False,False,0.0,True,False,True
AVAXUSDT,BUY,652,2025-10-23 08:30:00,19.536,1.044,2.846,-2.472,60,lose,0.382,0.765,1.853,0,fresh,37.5,False,0.79,False,False,none,False,False,6,0,True,False,False,False,False,False,False,False,1,0,0,0,True,False,True,1,0,False,False,0,0,0,False,False,0.19,0,True,False,2.242,False,False,False
AVAXUSDT,SELL,712,2025-10-23 23:30:00,19.053,0.226,3.133,-2.63,31,lose,0.418,0.837,-1.862,0,fresh,33.3,True,0.78,False,False,none,False,False,0,7,True,False,False,False,False,False,False,False,0,0,0,0,False,False,False,0,1,False,False,0,1,0,False,False,0.52,0,True,True,2.299,False,False,False
AVAXUSDT,BUY,1941,2025-11-05 18:45:00,16.915,0.053,5.439,-5.208,81,lose,0.669,1.337,3.765,0,fresh,12.9,False,0.91,False,False,none,False,False,3,2,True,False,False,False,False,False,False,False,1,0,0,0,True,False,True,1,0,False,False,0,0,0,False,False,0.09,0,True,False,3.003,True,False,False
AVAXUSDT,SELL,2261,2025-11-09 02:45:00,16.905,0.68,5.732,-5.099,47,lose,0.598,1.197,-3.626,0,fresh,26.8,False,2.49,True,False,none,False,False,0,5,True,False,False,False,False,False,False,False,0,0,1,0,False,False,True,1,0,True,False,0,0,0,False,False,0.39,0,True,False,0.917,True,False,False
AVAXUSDT,BUY,2663,2025-11-13 07:15:00,17.562,0.216,7.562,-7.334,43,lose,0.735,1.469,3.386,0,fresh,32.0,False,0.52,False,False,none,False,False,3,0,True,False,False,False,False,False,False,False,0,0,0,0,False,False,False,1,0,False,False,0,0,0,False,False,1.14,0,True,False,0.883,True,False,False
AVAXUSDT,BUY,5457,2025-12-12 09:45:00,13.626,0.352,6.113,-4.822,26,lose,0.487,0.973,1.968,0,fresh,82.1,True,1.31,False,True,bullish,True,False,5,5,False,False,False,False,False,False,False,False,0,0,0,0,False,False,False,1,0,False,False,1,0,0,False,False,1.56,0,True,False,1.262,False,False,False
AVAXUSDT,SELL,5483,2025-12-12 16:15:00,12.969,1.373,3.778,-3.316,67,lose,0.875,1.751,-4.993,0,fresh,29.5,True,2.12,True,False,none,False,False,2,5,True,False,False,False,False,False,False,False,0,0,0,0,False,False,False,0,0,False,False,0,0,0,False,False,0.41,0,True,False,1.326,True,False,True
AVAXUSDT,BUY,5550,2025-12-13 09:00:00,13.399,0.455,2.358,-2.112,100,lose,0.349,0.697,1.512,0,fresh,37.9,True,0.61,False,False,none,False,False,4,0,True,False,False,False,False,False,False,False,0,0,0,0,False,False,False,0,0,False,False,0,0,0,False,False,0.14,0,True,False,1.284,False,False,False
AVAXUSDT,SELL,6313,2025-12-21 07:45:00,12.117,1.428,2.682,-2.03,115,lose,0.217,0.434,-1.007,0,fresh,28.6,True,0.84,False,False,none,False,False,2,1,False,True,False,False,False,False,False,False,0,0,0,0,False,False,False,0,0,False,False,0,0,0,False,False,0.59,0,True,False,0.603,False,False,False
AVAXUSDT,BUY,6428,2025-12-22 12:30:00,12.363,1.456,4.554,-3.486,105,lose,0.446,0.89,2.137,0,fresh,2.0,False,2.19,True,False,none,False,False,2,1,True,False,False,False,False,False,False,False,1,0,0,0,True,False,True,1,0,False,False,0,0,0,False,False,1.81,0,True,False,0.59,False,False,False
AVAXUSDT,SELL,6533,2025-12-23 14:45:00,11.932,0.511,3.771,-2.363,166,lose,0.629,1.257,-3.592,0,fresh,33.6,False,4.16,True,False,none,False,False,1,3,True,False,False,False,False,False,False,False,0,0,0,0,False,False,False,1,1,False,False,1,0,0,False,False,0.31,0,True,False,0.612,True,False,False
AVAXUSDT,SELL,6763,2025-12-26 00:15:00,12.041,0.208,4.75,-4.119,16,lose,0.517,1.034,-2.742,0,fresh,18.9,False,1.9,True,False,none,False,False,0,5,True,False,False,False,False,False,False,False,0,0,0,0,False,False,False,0,1,False,False,0,0,0,False,False,0.09,0,True,False,0.606,True,False,False
AVAXUSDT,BUY,6779,2025-12-26 04:15:00,12.537,0.295,3.254,-2.257,48,lose,0.499,0.996,2.513,0,fresh,17.1,True,0.34,False,False,none,False,False,7,1,True,False,False,False,False,False,False,False,0,0,0,0,False,False,False,1,1,False,False,0,0,0,False,False,0.54,0,True,False,0.582,False,False,False
AVAXUSDT,SELL,6827,2025-12-26 16:15:00,12.254,0.816,1.959,-1.861,83,lose,0.417,0.833,-1.588,0,fresh,66.1,True,0.76,False,False,none,False,False,0,3,True,False,False,False,False,False,False,False,0,0,0,0,False,False,False,0,1,False,False,0,1,0,False,False,0.14,0,True,True,0.596,False,False,False
AVAXUSDT,SELL,7036,2025-12-28 20:30:00,12.552,0.239,3.258,-2.478,25,lose,0.281,0.562,-1.298,0,fresh,7.1,True,0.3,False,False,none,False,False,0,5,True,False,False,False,False,False,False,False,0,0,0,1,False,True,True,0,1,False,False,0,0,0,False,False,0.2,0,True,False,1.514,False,False,False
AVAXUSDT,SELL,8439,2026-01-12 11:15:00,13.63,1.959,3.39,-3.206,109,lose,0.499,0.998,-1.805,0,fresh,17.6,True,0.67,False,False,none,False,False,1,3,True,False,False,False,False,False,False,False,0,0,0,0,False,False,False,0,0,False,False,0,0,0,False,False,1.76,0,True,False,5.642,False,False,False
AVAXUSDT,BUY,8932,2026-01-17 14:30:00,13.866,0.426,2.178,-2.135,83,lose,0.342,0.684,2.217,0,fresh,44.9,True,4.83,True,True,bullish,True,False,4,1,True,False,True,False,True,False,True,True,0,0,0,0,False,False,False,1,0,False,False,0,0,0,False,False,7.39,0,True,False,0.786,False,False,False
AVAXUSDT,BUY,9347,2026-01-21 22:15:00,12.54,0.606,4.035,-3.939,68,lose,0.882,1.763,3.253,0,fresh,78.6,False,0.59,False,True,bearish,False,True,3,2,True,False,False,False,False,False,False,False,0,0,0,0,False,False,False,1,0,False,False,0,0,0,False,False,1.04,0,True,False,0.702,True,False,True
AVAXUSDT,SELL,13086,2026-03-01 21:00:00,8.87,0.124,5.953,-4.961,75,lose,0.568,1.135,-3.0,0,fresh,33.3,True,0.99,False,False,none,False,False,1,4,True,False,False,False,False,False,False,False,0,0,0,0,False,False,False,0,1,False,False,0,1,0,False,False,0.42,1,True,False,3.044,True,False,False
AVAXUSDT,BUY,13161,2026-03-02 15:45:00,9.31,1.794,4.006,-3.233,80,lose,0.785,1.572,4.076,0,fresh,59.5,False,1.79,True,False,none,False,False,3,1,True,False,False,False,False,False,False,False,0,0,0,0,False,False,False,0,0,False,False,0,0,0,False,False,0.37,0,True,False,2.9,True,False,True
AVAXUSDT,SELL,13241,2026-03-03 11:45:00,9.009,1.31,5.45,-4.962,87,lose,0.434,0.868,-1.726,0,fresh,31.6,True,0.77,False,False,none,False,False,1,4,True,False,False,False,False,False,False,False,0,0,0,0,False,False,False,0,0,False,False,0,0,0,False,False,0.84,0,True,True,2.997,False,False,False
AVAXUSDT,BUY,15668,2026-03-28 18:30:00,8.911,0.045,2.211,-1.268,35,lose,0.355,0.709,1.434,0,fresh,71.4,True,0.44,False,False,none,False,False,3,2,True,False,False,False,False,False,False,False,0,0,1,0,False,True,True,1,0,False,False,0,0,0,False,False,0.03,1,True,True,3.647,False,False,False
AVAXUSDT,BUY,15817,2026-03-30 07:45:00,8.914,1.851,2.535,-1.772,109,lose,0.475,0.948,2.682,0,fresh,87.8,True,3.07,True,True,bullish,True,False,1,1,False,False,False,False,False,False,False,False,0,0,0,0,False,False,False,0,0,False,False,0,0,0,False,True,32.01,1,True,True,1.01,False,False,False
AVAXUSDT,SELL,15926,2026-03-31 11:00:00,8.756,0.514,4.089,-3.712,75,lose,0.491,0.981,-2.03,0,fresh,58.6,True,1.95,True,False,none,False,False,0,3,True,False,False,False,False,False,False,False,0,0,0,1,False,True,True,0,1,False,False,0,0,0,False,False,2.58,0,True,False,1.028,False,False,False
AVAXUSDT,SELL,16084,2026-04-02 02:30:00,8.768,1.779,2.042,-1.437,120,lose,0.697,1.392,-4.969,0,fresh,71.6,False,1.29,False,True,bearish,True,False,1,5,True,False,False,False,False,False,False,False,0,0,0,0,False,False,False,0,0,False,False,0,0,0,False,False,0.08,1,True,False,1.756,True,False,False
AVAXUSDT,SELL,16390,2026-04-05 07:00:00,8.815,0.839,4.277,-4.197,68,lose,0.319,0.636,-1.721,0,fresh,3.7,True,1.37,False,False,none,False,False,0,6,True,False,False,False,False,False,False,False,0,0,0,0,False,False,False,0,0,False,False,0,0,0,False,False,0.38,0,True,False,1.747,False,False,False
AVAXUSDT,SELL,16747,2026-04-09 00:15:00,8.979,0.791,4.555,-3.419,66,lose,0.499,0.999,-3.461,0,fresh,95.9,False,1.79,True,True,bearish,True,False,3,5,True,False,False,False,False,False,False,False,0,0,0,0,False,False,False,0,0,False,False,0,0,0,False,False,0.12,0,True,False,1.715,False,False,False
AVAXUSDT,SELL,16975,2026-04-11 09:15:00,9.283,1.066,2.542,-2.208,38,lose,0.277,0.553,-1.07,0,fresh,43.2,True,1.35,False,False,none,False,False,3,2,False,True,False,False,False,False,False,False,0,0,0,0,False,False,False,0,0,False,False,0,0,0,False,False,0.48,0,True,False,1.734,False,False,False
AVAXUSDT,BUY,17013,2026-04-11 18:45:00,9.488,1.286,4.933,-4.226,30,lose,0.426,0.852,2.209,0,fresh,12.8,True,1.32,False,False,none,False,False,8,1,True,False,False,False,False,False,False,False,0,0,0,0,False,False,False,0,0,False,False,0,0,0,False,False,0.24,0,True,True,1.697,False,False,False
AVAXUSDT,SELL,17043,2026-04-12 02:15:00,9.087,1.794,3.301,-2.685,157,lose,0.66,1.319,-3.852,0,fresh,7.0,True,0.97,False,False,none,False,False,0,3,True,False,False,False,False,False,False,False,0,0,0,0,False,False,False,0,0,False,False,0,0,0,False,False,0.05,1,True,False,2.795,True,False,False
AVAXUSDT,SELL,18094,2026-04-23 01:00:00,9.309,1.794,1.794,-1.321,176,lose,0.491,0.981,-2.31,0,fresh,82.2,False,0.89,False,False,none,False,False,1,3,True,False,False,False,False,False,False,False,0,0,0,0,False,False,False,0,0,False,False,0,0,0,False,False,0.3,0,True,False,2.02,False,False,False
AVAXUSDT,BUY,18270,2026-04-24 21:00:00,9.432,0.7,1.633,-1.41,84,lose,0.339,0.68,1.202,0,fresh,52.5,False,1.62,True,False,none,False,False,0,0,False,False,False,False,False,False,False,False,1,0,0,0,True,False,True,1,0,False,False,0,0,0,False,False,0.57,0,True,False,0.943,False,False,False
AVAXUSDT,SELL,18354,2026-04-25 18:00:00,9.299,0.194,1.699,-1.549,63,lose,0.272,0.544,-1.316,0,fresh,10.0,True,0.92,False,False,none,False,False,0,4,True,False,False,False,False,False,False,False,0,0,0,0,False,False,False,0,1,False,False,0,0,0,False,False,0.58,0,True,True,0.957,False,False,False
AVAXUSDT,BUY,18417,2026-04-26 09:45:00,9.443,1.239,2.542,-2.129,84,lose,0.223,0.447,1.042,0,fresh,42.9,False,0.36,False,False,none,False,False,3,0,True,False,False,False,False,False,False,False,0,0,0,0,False,False,False,0,0,False,False,0,0,0,False,False,1.38,0,True,False,0.942,False,False,False
AVAXUSDT,SELL,18501,2026-04-27 06:45:00,9.242,1.796,1.212,-1.06,186,lose,0.48,0.961,-2.455,0,fresh,24.1,True,0.56,False,False,none,False,False,0,3,True,False,False,False,False,False,False,False,0,1,0,0,True,False,True,1,1,False,False,0,0,0,False,False,0.2,1,True,False,1.201,False,False,False
AVAXUSDT,BUY,18687,2026-04-29 05:15:00,9.34,1.092,2.794,-1.713,50,lose,0.308,0.618,1.794,0,fresh,44.4,True,0.88,False,False,none,False,False,5,0,True,False,False,False,False,False,False,False,0,0,0,1,False,False,True,0,1,True,False,0,0,0,False,False,0.24,1,True,False,0.632,False,False,False
AVAXUSDT,BUY,18934,2026-05-01 19:00:00,9.174,0.774,1.711,-1.504,129,lose,0.334,0.666,0.811,0,fresh,38.5,True,0.39,False,False,none,False,False,0,2,False,True,False,False,False,False,False,False,0,0,0,0,False,False,False,1,0,False,False,0,0,0,False,False,2.93,0,True,True,3.706,False,False,False
AVAXUSDT,SELL,19063,2026-05-03 03:15:00,9.036,0.808,3.298,-3.176,95,lose,0.266,0.531,-1.274,0,fresh,61.1,True,0.55,False,False,none,False,False,0,6,True,False,False,False,False,False,False,False,0,0,0,0,False,False,False,0,0,False,False,0,0,0,False,False,0.78,0,True,True,3.763,False,False,False
AVAXUSDT,SELL,19521,2026-05-07 21:45:00,9.441,0.328,3.76,-3.305,75,lose,0.466,0.932,-1.775,0,fresh,76.9,False,0.31,False,False,none,False,False,2,2,False,False,False,False,False,False,False,False,0,0,0,0,False,False,False,0,0,False,False,0,0,0,False,False,0.81,0,True,False,3.601,False,False,False
AVAXUSDT,BUY,20027,2026-05-13 04:15:00,10.026,1.257,3.271,-2.284,42,lose,0.298,0.596,1.471,0,fresh,8.7,False,0.65,False,False,none,False,False,6,1,True,False,False,False,False,False,False,False,0,0,0,0,False,False,False,0,0,False,False,0,0,0,False,False,0.96,0,True,False,3.391,False,False,False
AVAXUSDT,SELL,20069,2026-05-13 14:45:00,9.797,1.878,2.674,-2.174,97,lose,0.551,1.103,-2.339,0,fresh,35.0,True,0.51,False,False,none,False,False,0,7,True,False,False,False,False,False,False,False,0,0,0,0,False,False,False,1,0,True,False,1,0,0,False,False,0.01,0,True,False,3.47,True,False,False
AVAXUSDT,BUY,20166,2026-05-14 15:00:00,10.01,1.229,3.377,-3.137,89,lose,0.531,1.062,3.178,0,fresh,33.3,False,2.53,True,False,none,False,False,5,1,True,False,False,False,False,False,False,False,0,0,0,0,False,False,False,0,0,False,False,0,0,0,False,False,0.42,0,True,False,3.397,True,False,False
AVAXUSDT,SELL,21148,2026-05-24 20:30:00,9.206,1.575,1.857,-1.847,52,lose,0.272,0.542,-1.243,0,fresh,40.0,False,0.6,False,False,none,False,False,0,3,True,False,False,False,False,False,False,False,0,0,0,0,False,False,False,0,0,False,False,0,0,0,False,False,0.13,1,True,True,0.435,False,False,False
AVAXUSDT,BUY,21200,2026-05-25 09:30:00,9.376,1.376,2.197,-1.845,65,lose,0.285,0.571,1.589,0,fresh,89.3,True,1.93,True,True,bullish,True,False,7,0,True,False,False,False,False,False,False,False,0,0,0,0,False,False,False,0,0,False,False,0,0,0,False,False,3.31,0,True,False,0.427,False,False,False
AVAXUSDT,BUY,21702,2026-05-30 15:00:00,8.988,1.035,2.047,-1.825,103,lose,0.274,0.547,1.204,0,fresh,57.5,True,1.79,True,False,none,False,False,2,2,False,False,False,False,False,False,False,False,0,0,0,0,False,False,False,0,0,False,False,0,0,0,False,False,2.52,0,True,False,1.758,False,False,False
AVAXUSDT,BUY,22869,2026-06-11 18:45:00,6.646,1.896,1.986,-1.535,270,lose,0.685,1.369,2.812,0,fresh,57.7,False,0.49,False,False,none,False,False,2,1,True,False,False,False,False,False,False,False,0,0,0,0,False,False,False,0,1,True,False,0,1,0,False,False,0.28,0,True,False,1.414,True,False,False
AVAXUSDT,SELL,23851,2026-06-22 00:15:00,6.149,0.0,4.44,-4.114,50,lose,0.561,1.12,-1.725,0,fresh,63.0,True,0.84,False,True,bullish,False,True,1,4,True,False,False,False,False,False,False,False,0,0,0,0,False,False,False,0,1,False,False,0,0,0,False,False,0.12,0,True,True,5.935,True,False,False
AVAXUSDT,BUY,23901,2026-06-22 12:45:00,6.402,1.031,6.232,-4.702,79,lose,0.6,1.2,3.328,0,fresh,47.9,True,2.02,True,False,none,False,False,2,0,True,False,False,False,False,False,False,False,0,0,0,0,False,False,False,0,0,False,False,0,0,0,False,False,1.46,0,True,False,5.702,True,False,False
AVAXUSDT,SELL,23980,2026-06-23 08:30:00,6.101,0.131,5.786,-5.327,53,lose,0.816,1.632,-3.692,0,fresh,86.3,True,1.3,False,False,none,False,False,2,7,True,False,False,False,False,False,False,False,0,0,1,0,False,False,True,1,1,False,False,0,0,0,False,False,0.32,0,True,True,5.982,True,False,True
AVAXUSDT,BUY,24033,2026-06-23 21:45:00,6.426,1.774,5.182,-4.793,77,lose,0.666,1.331,3.173,0,fresh,26.3,False,0.23,False,False,none,False,False,1,0,True,False,False,False,False,False,False,False,0,0,0,0,False,False,False,0,1,True,False,0,1,0,False,False,0.37,1,True,True,1.727,True,False,False
AVAXUSDT,SELL,24193,2026-06-25 13:45:00,5.974,0.285,9.19,-8.704,110,lose,1.065,2.129,-8.87,0,fresh,81.9,False,7.22,True,True,bearish,True,False,0,4,True,False,False,False,False,False,False,False,0,0,0,0,False,False,False,0,1,False,False,0,0,0,False,False,1.02,1,True,False,3.147,True,False,True
AVAXUSDT,SELL,24418,2026-06-27 22:00:00,6.379,1.771,4.405,-3.229,123,lose,0.476,0.955,-2.293,0,fresh,88.2,False,0.49,False,False,none,False,False,0,4,True,False,False,False,False,False,False,False,0,0,0,0,False,False,False,0,0,False,False,0,0,0,False,False,0.62,0,True,True,2.947,False,False,False
AVAXUSDT,SELL,24669,2026-06-30 12:45:00,6.392,0.172,5.21,-4.553,65,lose,0.543,1.084,-3.877,0,fresh,55.8,False,1.59,True,False,none,False,False,1,4,True,False,False,False,False,False,False,False,0,0,0,0,False,False,False,0,0,False,False,0,0,0,False,False,0.02,0,True,False,4.616,True,False,False
AVAXUSDT,SELL,25109,2026-07-05 02:45:00,6.802,0.838,2.999,-1.794,83,lose,0.446,0.891,-2.591,0,fresh,40.6,False,2.36,True,False,none,False,False,0,7,True,False,False,False,False,False,False,False,0,0,0,0,False,False,False,0,0,False,False,0,0,0,False,False,0.55,0,True,True,4.338,False,False,False
AVAXUSDT,BUY,25508,2026-07-09 06:30:00,6.732,1.5,2.778,-2.614,260,lose,0.64,1.28,4.582,0,fresh,61.3,True,4.99,True,True,bullish,True,False,8,2,True,False,False,False,False,False,False,False,0,0,0,0,False,False,False,0,1,True,False,0,0,0,False,False,4.49,0,True,False,0.46,True,False,False
AVAXUSDT,BUY,26354,2026-07-18 02:00:00,6.624,0.543,2.295,-1.963,134,lose,0.347,0.693,1.7,0,fresh,47.1,True,1.12,False,False,none,False,False,4,0,True,False,False,False,False,False,False,False,0,0,0,1,False,False,True,0,1,True,False,0,1,0,False,False,0.31,0,True,True,3.684,False,False,False
AVAXUSDT,SELL,26488,2026-07-19 11:30:00,6.494,1.678,2.402,-0.693,93,lose,0.314,0.63,-1.387,0,fresh,50.0,False,0.82,False,True,bearish,True,False,1,4,True,False,False,False,False,False,False,False,0,0,0,0,False,False,False,0,0,False,False,0,0,0,False,False,0.1,0,True,True,3.757,False,False,False
AVAXUSDT,SELL,26754,2026-07-22 06:00:00,6.477,0.232,2.733,-2.007,49,lose,0.398,0.795,-2.233,0,fresh,40.0,False,2.36,True,True,bearish,True,False,2,6,True,False,False,False,False,False,False,False,0,0,1,0,False,False,True,1,1,False,False,0,0,0,False,False,0.53,0,True,True,3.844,False,False,False
AVAXUSDT,BUY,26803,2026-07-22 18:15:00,6.607,0.832,2.861,-1.922,80,lose,0.371,0.743,1.196,0,fresh,5.0,True,0.46,False,False,none,False,False,4,0,True,False,False,False,False,False,False,False,0,0,0,0,False,False,False,0,0,False,False,0,0,0,False,False,0.18,0,True,True,3.769,False,False,False
AVAXUSDT,BUY,27392,2026-07-28 21:30:00,6.618,0.302,4.745,-2.901,32,lose,0.428,0.854,2.311,0,fresh,26.7,True,0.63,False,False,none,False,False,2,2,False,False,False,False,False,False,False,False,0,0,0,0,False,False,False,0,0,False,False,0,0,0,False,False,0.01,0,True,False,0.665,False,False,False
AVAXUSDT,SELL,27901,2026-08-03 04:45:00,6.408,0.687,2.747,-2.528,57,lose,0.429,0.857,-2.055,0,fresh,93.5,False,0.52,False,True,bearish,True,False,1,4,True,False,False,False,False,False,False,False,0,0,0,0,False,False,False,0,0,False,False,0,0,0,False,False,0.22,0,True,False,0.484,False,False,False
AVAXUSDT,BUY,28376,2026-08-08 03:30:00,6.515,0.982,1.335,-0.537,135,lose,0.362,0.726,1.394,0,fresh,8.0,False,0.92,False,False,none,False,False,3,3,False,False,False,False,False,False,False,False,0,0,0,0,False,False,False,1,0,False,False,0,0,0,False,False,0.4,1,True,True,1.98,False,False,False
AVAXUSDT,SELL,28511,2026-08-09 13:15:00,6.48,0.108,1.682,-1.019,18,lose,0.196,0.394,-0.458,0,fresh,61.1,True,2.04,True,False,none,False,False,1,3,True,False,False,False,False,False,False,False,0,0,0,1,False,True,True,0,1,False,False,0,0,0,False,False,0.02,0,True,True,1.991,False,False,False
AVAXUSDT,BUY,28529,2026-08-09 17:45:00,6.546,0.611,2.872,-1.879,114,lose,0.278,0.554,1.139,0,fresh,50.0,False,0.76,False,False,none,False,False,3,0,True,False,False,False,False,False,False,False,0,0,0,0,False,False,False,1,0,False,False,0,0,0,False,False,0.04,0,True,True,1.97,False,False,False
AVAXUSDT,SELL,28977,2026-08-14 09:45:00,6.355,0.173,2.502,-2.219,60,lose,0.286,0.573,-1.553,0,fresh,38.5,False,1.15,False,False,none,False,False,1,3,True,False,False,False,False,False,False,False,0,0,0,0,False,False,False,0,0,False,False,0,0,0,False,False,0.45,0,True,True,5.271,False,False,False
AVAXUSDT,BUY,29891,2026-08-23 22:15:00,7.638,0.144,3.247,-0.615,108,lose,0.576,1.152,2.342,0,fresh,19.0,True,1.04,False,False,none,False,False,3,0,True,False,False,False,False,False,False,False,0,0,0,0,False,False,False,1,0,False,False,0,0,0,False,False,0.33,0,True,True,17.714,True,False,False
BNBUSDT,BUY,169,2025-10-18 07:45:00,1118.02,0.563,4.501,-4.345,102,lose,0.738,1.477,4.125,0,fresh,42.6,False,2.07,True,False,none,False,False,5,1,True,False,False,False,False,False,False,False,0,0,0,0,False,False,False,1,0,False,False,1,0,0,False,False,0.51,0,True,False,1.645,True,False,False
BNBUSDT,SELL,271,2025-10-19 09:15:00,1069.44,0.035,4.952,-4.738,28,lose,0.521,1.042,-2.55,0,fresh,15.6,False,1.51,True,False,none,False,False,2,3,True,False,False,False,False,False,False,False,0,0,0,0,False,False,False,0,1,False,False,0,1,0,False,False,0.24,0,True,False,0.557,True,False,False
BNBUSDT,SELL,782,2025-10-24 17:00:00,1100.82,0.074,2.881,-2.13,166,lose,0.494,0.988,-2.381,0,fresh,10.7,True,0.79,False,False,none,False,False,0,5,True,False,False,False,False,False,False,False,0,0,0,0,False,False,False,0,1,False,False,0,1,0,False,False,2.83,0,True,True,5.785,False,False,False
BNBUSDT,BUY,2091,2025-11-07 08:15:00,968.98,0.042,4.039,-3.458,21,lose,0.45,0.901,2.275,0,fresh,47.3,False,0.69,False,False,none,False,False,2,1,True,False,False,False,False,False,False,False,0,0,0,0,False,False,False,0,0,False,False,0,0,0,False,False,0.59,0,True,True,5.003,False,False,False
BNBUSDT,SELL,2112,2025-11-07 13:30:00,935.47,1.032,5.181,-5.143,22,lose,0.57,1.14,-2.381,0,fresh,16.3,False,0.87,False,False,none,False,False,0,8,True,False,False,False,False,False,False,False,0,0,0,0,False,False,False,0,0,False,False,0,0,0,False,False,0.6,0,True,False,5.182,True,False,False
BNBUSDT,BUY,2902,2025-11-15 19:00:00,944.19,0.677,3.07,-2.851,86,lose,0.311,0.623,1.882,0,fresh,83.3,True,1.03,False,True,bullish,True,False,3,1,True,False,False,False,False,False,False,False,0,0,0,0,False,False,False,0,0,False,False,0,0,0,False,False,2.15,0,True,False,2.514,False,False,False
BNBUSDT,BUY,3188,2025-11-18 18:30:00,936.54,0.567,4.653,-4.129,86,lose,0.534,1.067,2.452,0,fresh,2.7,True,0.33,False,False,none,False,False,3,0,True,False,False,False,False,False,False,False,0,0,0,1,False,False,True,0,1,True,False,0,0,0,False,False,0.05,0,True,False,1.243,True,False,False
BNBUSDT,SELL,3846,2025-11-25 15:00:00,842.76,0.327,5.323,-5.051,105,lose,0.486,0.972,-2.435,0,fresh,5.9,True,1.98,True,False,none,False,False,0,2,True,False,False,False,False,False,False,False,0,0,0,0,False,False,False,0,1,False,False,0,0,0,False,False,0.45,0,True,False,0.642,False,False,False
BNBUSDT,SELL,4171,2025-11-29 00:15:00,885.88,1.956,1.239,-1.235,150,lose,0.299,0.598,-0.965,0,fresh,19.6,True,0.71,False,False,none,False,False,4,2,False,True,False,False,False,False,False,False,0,0,0,0,False,False,False,0,0,False,False,0,0,0,False,False,0.83,0,True,False,0.553,False,False,False
BNBUSDT,BUY,4321,2025-11-30 13:45:00,896.82,0.394,5.477,-5.249,42,lose,0.313,0.626,2.401,0,fresh,80.7,True,1.82,True,False,none,False,False,6,1,True,False,False,False,False,False,False,False,0,0,0,0,False,False,False,0,0,False,False,0,0,0,False,False,0.82,0,True,True,0.546,False,False,False
BNBUSDT,BUY,4948,2025-12-07 02:30:00,895.04,0.379,2.735,-2.351,49,lose,0.199,0.399,0.867,0,fresh,10.6,True,0.99,False,False,none,False,False,1,1,False,False,False,False,False,False,False,False,0,0,0,0,False,False,False,0,0,False,False,0,0,0,False,False,0.63,0,True,True,0.43,False,False,False
BNBUSDT,SELL,4997,2025-12-07 14:45:00,874.0,0.356,3.705,-3.577,22,lose,0.375,0.75,-2.452,0,fresh,8.8,False,1.16,False,False,none,False,False,4,5,True,False,False,False,False,False,False,False,0,0,0,0,False,False,False,0,1,False,False,0,0,0,False,False,0.29,1,True,True,1.518,False,False,False
BNBUSDT,BUY,5019,2025-12-07 20:15:00,905.26,0.942,2.648,-1.281,121,lose,0.38,0.76,1.836,0,fresh,21.3,True,0.29,False,False,none,False,False,4,0,True,False,False,False,False,False,False,False,1,0,0,0,True,False,True,1,0,False,False,0,0,0,False,False,0.52,0,True,False,1.466,False,False,False
BNBUSDT,SELL,5140,2025-12-09 02:30:00,893.66,1.325,3.739,-3.143,56,lose,0.311,0.622,-1.147,0,fresh,55.7,False,0.85,False,False,none,False,False,1,2,True,False,False,False,False,False,False,False,0,0,1,0,False,False,True,1,0,True,False,0,0,0,False,False,0.11,0,True,False,1.485,False,False,False
BNBUSDT,BUY,5196,2025-12-09 16:30:00,921.75,0.738,3.711,-3.322,42,lose,0.566,1.131,3.782,0,fresh,44.7,True,3.19,True,True,bullish,True,False,5,1,True,False,False,False,False,False,False,False,0,0,0,0,False,False,False,0,1,True,False,0,0,0,False,False,0.51,0,True,False,1.44,True,False,False
BNBUSDT,BUY,5416,2025-12-11 23:30:00,888.2,1.882,1.967,-0.517,262,lose,0.417,0.835,1.961,0,fresh,90.9,True,0.84,False,False,none,False,False,4,0,True,False,False,False,False,False,False,False,0,0,0,0,False,False,False,0,0,False,False,0,0,0,False,False,3.33,0,True,False,0.708,False,False,False
BNBUSDT,BUY,5893,2025-12-16 22:45:00,874.05,0.262,2.119,-1.706,49,lose,0.27,0.54,1.424,0,fresh,80.5,False,0.64,False,False,none,False,False,5,1,True,False,False,False,False,False,False,False,0,0,0,0,False,False,False,0,0,False,False,0,0,0,False,False,1.19,0,True,False,0.459,False,False,False
BNBUSDT,SELL,6502,2025-12-23 07:00:00,849.27,1.639,0.5,0.326,172,lose,0.25,0.5,-1.334,0,fresh,9.3,False,0.76,False,False,none,False,False,1,4,True,False,False,False,False,False,False,False,0,1,0,0,True,False,True,0,1,False,False,0,0,0,False,False,0.16,0,True,False,0.37,False,False,False
BNBUSDT,BUY,6674,2025-12-25 02:00:00,846.5,0.214,1.317,-0.981,37,lose,0.171,0.342,0.436,0,fresh,84.0,False,0.79,False,True,bearish,False,True,1,4,False,True,False,False,False,False,False,False,0,0,0,0,False,False,False,0,0,False,False,0,0,0,False,False,0.39,0,True,False,0.371,False,False,False
BNBUSDT,SELL,7098,2025-12-29 12:00:00,848.05,0.196,1.96,-1.358,114,lose,0.311,0.622,-1.819,0,fresh,66.3,False,2.52,True,False,none,False,False,1,5,True,False,False,False,False,False,False,False,0,0,0,0,False,False,False,0,1,False,False,0,0,0,False,False,1.0,1,True,False,1.035,False,False,False
BNBUSDT,SELL,7387,2026-01-01 12:15:00,857.24,0.075,1.593,-1.591,85,lose,0.164,0.328,-1.065,0,fresh,71.2,False,4.21,True,True,bearish,True,False,0,3,True,False,False,False,False,False,False,False,0,0,0,0,False,False,False,0,1,False,False,0,0,0,False,False,4.81,0,True,False,1.364,False,False,False
BNBUSDT,SELL,8380,2026-01-11 20:30:00,901.37,0.811,1.588,-1.066,169,lose,0.196,0.392,-1.169,0,fresh,47.5,False,0.83,False,False,none,False,False,0,5,True,False,False,False,False,False,False,False,0,0,0,0,False,False,False,0,0,False,False,0,0,0,False,False,0.39,0,True,False,0.504,False,False,False
BNBUSDT,SELL,8765,2026-01-15 20:45:00,925.94,0.229,1.959,-1.815,150,lose,0.363,0.726,-1.744,0,fresh,3.0,False,0.95,False,False,none,False,False,0,3,True,False,False,False,False,False,False,False,0,0,0,0,False,False,False,0,1,False,False,0,0,0,False,False,0.6,1,True,True,2.084,False,False,False
BNBUSDT,BUY,8915,2026-01-17 10:15:00,942.75,1.883,4.464,-3.086,151,lose,0.141,0.282,0.921,0,fresh,55.2,False,1.79,True,False,none,False,False,6,2,True,False,False,False,False,False,False,False,0,0,0,0,False,False,False,0,0,False,False,0,0,0,False,False,0.42,0,True,True,2.047,False,True,False
BNBUSDT,BUY,9396,2026-01-22 10:30:00,897.49,0.924,2.114,-0.992,229,lose,0.225,0.45,1.404,0,fresh,38.2,True,1.38,False,False,none,False,False,2,1,True,False,False,False,False,False,False,False,0,0,0,1,False,False,True,1,1,False,False,0,0,0,False,False,0.32,0,True,False,1.082,False,False,False
BNBUSDT,BUY,10534,2026-02-03 07:00:00,780.16,0.464,5.624,-5.517,47,lose,0.438,0.876,2.051,0,fresh,48.6,True,0.98,False,False,none,False,False,3,3,False,False,False,False,False,False,False,False,0,0,0,1,False,False,True,0,1,True,False,0,0,0,False,False,1.59,0,True,False,3.398,False,False,False
BNBUSDT,BUY,10864,2026-02-06 17:30:00,665.07,0.514,4.95,-4.335,65,lose,0.904,1.809,4.645,0,fresh,4.0,False,1.65,True,False,none,False,False,3,1,True,False,False,False,False,False,False,False,0,0,0,0,False,False,False,1,0,False,True,1,0,0,False,False,2.41,1,True,False,3.595,True,False,True
BNBUSDT,BUY,11388,2026-02-12 04:30:00,615.58,0.846,3.782,-3.639,103,lose,0.429,0.858,1.904,0,fresh,31.7,True,1.05,False,False,none,False,False,4,0,True,False,False,False,False,False,False,False,1,0,0,0,True,False,True,1,0,False,False,0,0,0,False,False,0.25,0,True,True,0.361,False,False,False
BNBUSDT,SELL,11491,2026-02-13 06:15:00,593.18,0.101,4.381,-3.83,46,lose,0.445,0.889,-3.157,0,fresh,66.0,False,2.96,True,True,bearish,True,False,1,10,True,False,False,False,False,False,False,False,0,0,0,0,False,False,False,0,1,False,False,0,0,0,False,False,1.04,0,True,False,0.374,False,False,False
BNBUSDT,SELL,11729,2026-02-15 17:45:00,613.92,1.583,2.829,-2.043,123,lose,0.452,0.903,-2.912,0,fresh,38.1,False,3.45,True,True,bearish,True,False,1,5,True,False,False,False,False,False,False,False,0,0,0,0,False,False,False,0,0,False,False,0,0,0,False,False,6.55,1,True,False,1.903,False,False,False
BNBUSDT,BUY,11852,2026-02-17 00:30:00,626.46,0.884,2.754,-2.139,68,lose,0.358,0.716,1.445,0,fresh,71.6,False,0.68,False,False,none,False,False,4,0,True,False,False,False,False,False,False,False,0,0,0,0,False,False,False,0,0,False,False,0,0,0,False,False,1.44,0,True,False,1.469,False,False,False
BNBUSDT,BUY,12480,2026-02-23 13:30:00,611.82,0.026,3.643,-3.629,58,lose,0.395,0.79,2.207,0,fresh,69.3,True,0.98,False,False,none,False,False,4,1,True,False,False,False,False,False,False,False,0,0,1,0,False,True,True,1,0,False,False,0,0,0,False,False,1.31,0,True,True,3.341,False,False,False
BNBUSDT,SELL,13237,2026-03-03 10:45:00,625.46,0.777,4.646,-4.256,89,lose,0.464,0.929,-1.878,0,fresh,31.7,True,0.76,False,False,none,False,False,2,4,True,False,False,False,False,False,False,False,0,0,0,0,False,False,False,0,0,False,False,0,0,0,False,False,0.07,0,True,True,1.519,False,False,False
BNBUSDT,SELL,14253,2026-03-14 00:45:00,653.16,0.488,1.237,-1.029,114,lose,0.281,0.562,-1.603,0,fresh,28.2,True,1.31,False,False,none,False,False,0,2,True,False,False,False,False,False,False,False,0,1,0,0,True,False,True,0,1,False,False,0,1,0,False,False,0.2,0,True,False,0.257,False,False,False
BNBUSDT,BUY,15165,2026-03-23 12:45:00,644.92,0.699,2.758,-2.431,68,lose,0.643,1.286,3.156,0,fresh,7.4,True,0.46,False,False,none,False,False,5,1,True,False,False,False,False,False,False,False,0,0,0,0,False,False,False,1,0,False,False,0,0,0,False,False,0.02,1,True,True,3.788,True,False,False
BNBUSDT,SELL,15233,2026-03-24 05:45:00,629.24,0.41,1.955,-1.691,83,lose,0.273,0.546,-1.232,0,fresh,41.1,True,0.45,False,False,none,False,False,0,3,True,False,False,False,False,False,False,False,0,1,0,0,True,False,True,0,1,False,False,0,0,0,False,False,0.42,0,True,True,3.882,False,False,False
BNBUSDT,BUY,15677,2026-03-28 20:45:00,617.71,0.028,1.308,-1.238,68,lose,0.149,0.299,0.771,0,fresh,56.8,True,0.6,False,False,none,False,False,3,1,True,False,False,False,False,False,False,False,0,0,0,0,False,False,False,0,0,False,False,0,0,0,False,False,0.01,1,True,True,0.905,False,True,False
BNBUSDT,BUY,15818,2026-03-30 08:00:00,620.16,0.256,2.515,-2.357,101,lose,0.316,0.632,1.677,0,fresh,58.2,True,4.07,True,False,none,False,False,1,1,False,False,False,False,False,False,False,False,0,0,0,0,False,False,False,0,0,False,False,0,0,0,False,False,1.9,0,True,False,1.309,False,False,False
BNBUSDT,SELL,15919,2026-03-31 09:15:00,605.54,1.146,2.393,-1.929,54,lose,0.286,0.572,-1.612,0,fresh,62.5,False,2.63,True,False,none,False,False,1,5,True,False,False,False,False,False,False,False,0,0,0,0,False,False,False,0,0,False,False,0,0,0,False,False,1.26,0,True,False,1.879,False,False,False
BNBUSDT,BUY,15973,2026-03-31 22:45:00,617.22,0.881,2.928,-2.805,110,lose,0.321,0.641,1.385,0,fresh,60.6,False,0.44,False,False,none,False,False,1,0,True,False,False,False,False,False,False,False,0,0,0,0,False,False,False,0,0,False,False,0,0,0,False,False,0.36,1,True,True,0.483,False,False,False
BNBUSDT,SELL,16561,2026-04-07 01:45:00,597.46,0.877,2.767,-2.465,77,lose,0.271,0.543,-1.321,0,fresh,86.5,False,0.88,False,True,bearish,True,False,1,7,True,False,False,False,False,False,False,False,0,1,0,0,True,False,True,0,1,False,False,0,0,0,False,False,0.89,0,True,False,0.89,False,False,False
BNBUSDT,SELL,16716,2026-04-08 16:30:00,606.41,1.529,1.029,-0.579,206,lose,0.317,0.634,-1.202,0,fresh,28.7,False,0.45,False,False,none,False,False,3,4,True,False,False,False,False,False,False,False,0,0,0,0,False,False,False,0,0,False,False,0,0,0,False,False,0.11,0,True,False,0.877,False,False,False
BNBUSDT,BUY,16922,2026-04-10 20:00:00,609.92,0.762,3.228,-2.641,119,lose,0.207,0.413,1.117,0,fresh,4.6,False,0.75,False,False,none,False,False,4,3,True,False,False,False,False,False,False,False,0,0,0,0,False,False,False,0,0,False,False,0,0,0,False,False,0.96,0,True,False,0.872,False,False,False
BNBUSDT,SELL,17041,2026-04-12 01:45:00,593.81,0.781,1.953,-1.682,152,lose,0.401,0.801,-2.924,0,fresh,34.1,False,5.6,True,False,none,False,False,0,4,True,False,False,False,False,False,False,False,0,1,0,0,True,False,True,0,1,False,False,0,0,0,False,False,0.03,1,True,True,2.598,False,False,False
BNBUSDT,SELL,18101,2026-04-23 02:45:00,635.09,1.25,0.912,-0.076,358,lose,0.279,0.558,-1.455,0,fresh,33.1,True,0.88,False,False,none,False,False,0,5,True,False,False,False,False,False,False,False,0,0,0,0,False,False,False,0,0,False,False,0,0,0,False,False,0.6,0,True,False,2.636,False,False,False
BNBUSDT,BUY,18459,2026-04-26 20:15:00,635.57,0.757,1.611,-1.441,43,lose,0.156,0.311,0.78,0,fresh,10.7,True,0.47,False,False,none,False,False,4,2,True,False,False,False,False,False,False,False,0,0,0,1,False,False,True,0,1,True,False,0,0,0,False,False,0.28,0,True,False,2.634,False,False,False
BNBUSDT,SELL,18502,2026-04-27 07:00:00,626.41,1.221,0.549,-0.541,205,lose,0.299,0.599,-1.499,0,fresh,75.0,False,0.6,False,False,none,False,False,0,5,True,False,False,False,False,False,False,False,0,1,0,0,True,False,True,0,1,False,False,0,0,0,False,False,0.11,1,True,False,0.621,False,False,False
BNBUSDT,BUY,18707,2026-04-29 10:15:00,629.8,0.016,2.247,-2.072,22,lose,0.177,0.354,0.977,0,fresh,51.9,True,1.37,False,False,none,False,False,2,3,False,True,False,False,False,False,False,False,0,0,0,0,False,False,False,0,0,False,False,0,0,0,False,False,0.11,0,True,False,0.257,False,False,False
BNBUSDT,SELL,18729,2026-04-29 15:45:00,616.75,1.047,1.041,-0.923,185,lose,0.274,0.548,-1.639,0,fresh,0.6,True,1.86,True,False,none,False,False,0,5,True,False,False,False,False,False,False,False,0,0,0,0,False,False,False,0,0,False,False,0,0,0,False,False,0.29,0,True,False,0.263,False,False,False
BNBUSDT,BUY,18914,2026-05-01 14:00:00,622.44,0.09,1.356,-1.023,73,lose,0.195,0.39,1.015,0,fresh,20.5,False,1.15,False,False,none,False,False,6,3,True,False,False,False,False,False,False,False,0,0,0,1,False,False,True,1,1,False,False,0,0,0,False,False,0.78,0,True,False,1.84,False,False,False
BNBUSDT,SELL,18987,2026-05-02 08:15:00,616.07,0.174,0.997,-0.638,58,lose,0.116,0.232,-0.395,0,fresh,11.1,False,0.56,False,False,none,False,False,2,2,False,False,False,False,False,False,False,False,0,0,0,0,False,False,False,0,0,False,False,0,0,0,False,False,0.47,0,True,True,1.859,False,True,False
BNBUSDT,SELL,19524,2026-05-07 22:30:00,634.27,0.076,2.486,-2.188,82,lose,0.355,0.711,-2.278,0,fresh,66.7,False,1.5,False,False,none,False,False,2,2,False,False,False,False,False,False,False,False,0,0,0,0,False,False,False,1,0,True,False,1,0,0,False,False,0.0,1,True,True,1.395,False,False,False
BNBUSDT,BUY,19606,2026-05-08 19:00:00,648.15,1.308,0.455,-0.023,130,lose,0.274,0.548,1.423,0,fresh,6.3,True,0.66,False,False,none,False,False,3,1,True,False,False,False,False,False,False,False,0,0,0,0,False,False,False,0,0,False,False,0,0,0,False,False,0.1,0,True,False,1.365,False,False,False
BNBUSDT,SELL,19736,2026-05-10 03:30:00,648.0,0.056,1.173,-1.144,48,lose,0.172,0.344,-0.454,0,fresh,9.0,True,0.85,False,False,none,False,False,1,5,True,False,False,False,False,False,False,False,0,0,0,0,False,False,False,0,1,False,False,0,0,0,False,False,0.46,0,True,False,1.366,False,False,False
BNBUSDT,SELL,19978,2026-05-12 16:00:00,653.7,0.415,2.255,-2.243,24,lose,0.377,0.755,-1.593,0,fresh,61.4,True,0.62,False,False,none,False,False,1,3,True,False,False,False,False,False,False,False,0,0,1,0,False,False,True,1,1,False,False,0,0,0,False,False,0.22,0,True,False,1.16,False,False,False
BNBUSDT,SELL,20123,2026-05-14 04:15:00,667.88,0.157,3.072,-2.463,51,lose,0.335,0.67,-1.362,0,fresh,8.4,True,0.65,False,False,none,False,False,1,2,True,False,False,False,False,False,False,False,1,0,0,0,False,False,True,1,1,False,False,0,0,0,False,False,0.49,0,True,True,1.918,False,False,False
BNBUSDT,BUY,20174,2026-05-14 17:00:00,684.33,0.909,2.179,-1.718,122,lose,0.411,0.821,2.077,0,fresh,23.5,True,3.38,True,False,none,False,False,3,1,True,False,False,False,False,False,False,False,0,0,0,0,False,False,False,1,0,False,False,0,0,0,False,False,5.78,1,True,False,2.103,False,False,False
BNBUSDT,SELL,22660,2026-06-09 14:30:00,586.12,0.891,3.03,-2.527,168,lose,0.45,0.9,-2.95,0,fresh,38.8,False,3.56,True,False,none,False,False,0,5,True,False,False,False,False,False,False,False,0,1,0,0,True,False,True,0,1,False,False,0,0,0,False,False,0.21,0,True,False,3.46,False,False,False
BNBUSDT,SELL,23162,2026-06-14 20:00:00,603.1,0.002,2.409,-2.063,12,lose,0.204,0.407,-1.075,0,fresh,32.6,False,1.03,False,False,none,False,False,1,3,True,False,False,False,False,False,False,False,0,0,0,0,False,False,False,0,1,False,False,0,0,0,False,False,0.99,1,True,False,0.388,False,False,False
BNBUSDT,BUY,24175,2026-06-25 09:15:00,568.81,0.079,4.977,-4.683,18,lose,0.246,0.493,0.861,0,fresh,68.8,False,0.69,False,False,none,False,False,4,2,True,False,False,False,False,False,False,False,0,0,0,0,False,False,False,1,0,False,False,1,0,0,False,False,0.77,0,True,False,1.577,False,False,False
BNBUSDT,SELL,24193,2026-06-25 13:45:00,542.17,0.0,5.27,-3.477,413,lose,0.706,1.413,-5.37,0,fresh,84.8,False,8.28,True,True,bearish,True,False,1,5,True,False,False,False,False,False,False,False,0,0,0,0,False,False,False,0,1,False,False,0,0,0,False,False,3.23,0,True,False,1.654,True,False,False
BNBUSDT,BUY,24606,2026-06-29 21:00:00,561.02,0.216,1.962,-1.902,47,lose,0.348,0.697,1.289,0,fresh,33.1,True,0.84,False,False,none,False,False,3,1,True,False,False,False,False,False,False,False,0,0,0,0,False,False,False,1,0,False,False,0,0,0,False,False,1.77,0,True,False,1.777,False,False,False
BNBUSDT,SELL,25246,2026-07-06 13:00:00,571.22,0.13,3.743,-3.109,40,lose,0.339,0.678,-2.425,0,fresh,64.0,False,1.46,False,False,none,False,False,2,6,True,False,False,False,False,False,False,False,0,0,0,0,False,False,False,0,0,False,False,0,0,0,False,False,0.01,1,True,False,0.711,False,False,False
BNBUSDT,BUY,25286,2026-07-06 23:00:00,588.98,0.003,2.088,-1.895,48,lose,0.29,0.58,1.369,0,fresh,63.8,True,0.65,False,False,none,False,False,2,1,True,False,False,False,False,False,False,False,0,0,0,0,False,False,False,1,0,False,False,0,0,0,False,False,0.02,1,True,True,1.098,False,False,False
BNBUSDT,BUY,25509,2026-07-09 06:45:00,575.14,1.44,1.181,-0.483,262,lose,0.288,0.577,1.576,0,fresh,74.7,True,0.85,False,False,none,False,False,3,1,True,False,False,False,False,False,False,False,0,0,0,0,False,False,False,0,0,False,False,0,0,0,False,False,0.08,0,True,False,1.243,False,False,False
BNBUSDT,SELL,25771,2026-07-12 00:15:00,572.36,0.37,2.221,-1.817,50,lose,0.236,0.471,-1.435,0,fresh,34.1,True,1.62,True,False,none,False,False,0,3,True,False,False,False,False,False,False,False,0,0,0,0,False,False,False,0,0,False,False,0,0,0,False,False,0.58,0,True,True,1.209,False,False,False
BNBUSDT,BUY,25821,2026-07-12 12:45:00,582.76,0.079,1.654,-1.481,44,lose,0.265,0.529,1.546,0,fresh,62.0,True,1.55,True,False,none,False,False,5,1,True,False,False,False,False,False,False,False,0,0,0,0,False,False,False,1,0,False,False,1,0,0,False,False,0.4,0,True,False,1.187,False,False,False
BNBUSDT,BUY,26015,2026-07-14 13:15:00,579.92,1.107,0.936,-0.604,211,lose,0.282,0.564,2.068,0,fresh,64.0,True,2.8,True,True,bullish,True,False,4,1,True,False,False,False,False,False,False,False,0,0,0,0,False,False,False,0,0,False,False,0,0,0,False,False,0.37,0,True,False,1.193,False,False,False
BNBUSDT,BUY,26411,2026-07-18 16:15:00,570.49,0.687,1.311,-0.682,159,lose,0.142,0.284,0.571,0,fresh,52.9,False,0.39,False,False,none,False,False,4,2,True,False,False,False,False,False,False,False,0,0,0,0,False,False,False,0,0,False,False,0,0,0,False,False,0.48,0,True,False,0.659,False,True,False
BNBUSDT,SELL,26570,2026-07-20 08:00:00,566.6,0.344,1.603,-1.433,41,lose,0.263,0.527,-0.805,0,fresh,34.7,False,0.88,False,False,none,False,False,2,5,True,False,False,False,False,False,False,False,0,0,0,0,False,False,False,0,1,False,False,0,0,0,False,False,0.17,0,True,False,0.664,False,False,False
BNBUSDT,BUY,26611,2026-07-20 18:15:00,574.72,0.954,1.042,-0.875,143,lose,0.267,0.533,1.285,0,fresh,22.8,False,0.99,False,False,none,False,False,5,2,True,False,False,False,False,False,False,False,1,0,0,0,True,False,True,1,0,False,False,0,0,0,False,False,0.07,0,True,False,0.722,False,False,False
BNBUSDT,BUY,27086,2026-07-25 17:00:00,567.63,1.756,0.359,-0.189,219,lose,0.127,0.253,0.53,0,fresh,23.4,False,0.49,False,False,none,False,False,4,2,True,False,False,False,False,False,False,False,0,0,0,0,False,False,False,0,0,False,False,0,0,0,False,False,1.36,0,True,False,0.772,False,True,False
BNBUSDT,SELL,27305,2026-07-27 23:45:00,566.56,0.718,1.684,-1.204,99,lose,0.278,0.556,-1.47,0,fresh,53.7,True,0.76,False,False,none,False,False,0,5,True,False,False,False,False,False,False,False,0,0,0,0,False,False,False,1,0,True,False,0,0,0,False,False,0.28,0,True,False,0.214,False,False,False
BNBUSDT,SELL,27730,2026-08-01 10:00:00,582.9,1.578,0.482,-0.405,75,lose,0.205,0.41,-1.282,0,fresh,70.0,False,3.09,True,True,bearish,True,False,1,6,True,False,False,False,False,False,False,False,0,0,0,0,False,False,False,0,0,False,False,0,0,0,False,False,1.79,0,True,False,0.558,False,False,False
BNBUSDT,SELL,28177,2026-08-06 01:45:00,594.34,1.471,0.739,0.089,205,lose,0.205,0.41,-0.746,0,fresh,34.8,False,0.5,False,False,none,False,False,3,6,True,False,False,False,False,False,False,False,0,1,0,0,True,False,True,0,1,False,False,0,0,0,False,False,0.76,0,True,True,2.268,False,False,False
BNBUSDT,SELL,28609,2026-08-10 13:45:00,600.6,0.498,1.307,-1.094,81,lose,0.204,0.407,-1.09,0,fresh,63.2,False,3.88,True,False,none,False,False,1,2,True,False,False,False,False,False,False,False,0,0,1,0,False,False,True,1,0,True,False,0,0,0,False,False,0.76,1,True,False,0.163,False,False,False
BNBUSDT,SELL,28909,2026-08-13 16:45:00,607.59,0.739,0.933,-0.708,144,lose,0.275,0.549,-1.12,0,fresh,34.0,True,1.38,False,False,none,False,False,1,0,False,True,False,False,False,False,False,False,0,1,0,0,True,False,True,0,1,False,False,0,0,0,False,False,0.95,0,True,False,1.231,False,False,False
BNBUSDT,BUY,29053,2026-08-15 04:45:00,611.89,0.217,0.757,-0.69,82,lose,0.152,0.303,0.807,0,fresh,29.9,False,2.32,True,False,none,False,False,2,0,True,False,False,False,False,False,False,False,0,0,0,0,False,False,False,0,0,False,False,0,0,0,False,False,0.17,0,True,True,1.222,False,False,False
BNBUSDT,SELL,29135,2026-08-16 01:15:00,607.67,1.233,0.331,-0.234,342,lose,0.109,0.218,-0.462,0,fresh,58.0,False,0.52,False,False,none,False,False,0,4,True,False,False,False,False,False,False,False,0,0,0,0,False,False,False,0,0,False,False,0,0,0,False,False,0.18,0,True,False,1.231,False,True,False
BNBUSDT,SELL,29823,2026-08-23 05:15:00,683.8,0.409,3.055,-2.995,63,lose,0.501,1.002,-2.263,0,fresh,35.3,True,3.11,True,False,none,False,False,2,5,True,False,True,True,False,False,True,True,0,0,1,0,False,False,True,1,1,False,False,1,0,0,False,False,0.8,0,True,False,1.079,True,False,False
BNBUSDT,BUY,29886,2026-08-23 21:00:00,704.28,1.864,1.569,0.699,113,lose,0.291,0.582,1.841,0,fresh,90.0,True,3.23,True,True,bullish,True,False,3,0,True,False,False,False,False,False,False,False,0,0,0,0,False,False,False,0,0,False,False,0,0,0,False,True,14.21,1,True,True,0.595,False,False,False
BTCUSDT,SELL,443,2025-10-21 04:15:00,108181.9,0.723,4.546,-4.361,44,lose,0.335,0.67,-2.237,0,fresh,20.3,False,1.66,True,False,none,False,False,0,6,True,False,False,False,False,False,False,False,0,0,0,0,False,False,False,0,0,False,False,0,0,0,False,False,0.33,0,True,False,1.279,False,False,False
BTCUSDT,BUY,487,2025-10-21 15:15:00,112899.9,0.921,4.537,-4.402,38,lose,0.671,1.343,4.476,0,fresh,62.2,True,1.37,False,False,none,False,False,5,0,True,False,False,False,False,False,False,False,0,0,0,0,False,False,False,0,0,False,False,0,0,0,False,False,0.49,1,True,False,0.445,True,False,False
BTCUSDT,SELL,525,2025-10-22 00:45:00,107930.1,1.454,2.173,-1.09,146,lose,0.55,1.1,-2.935,0,fresh,40.0,False,0.48,False,False,none,False,False,0,6,True,False,False,False,False,False,False,False,0,0,0,0,False,False,False,0,0,False,False,0,0,0,False,False,0.79,0,True,True,0.466,True,False,False
BTCUSDT,BUY,1433,2025-10-31 11:45:00,110375.7,0.777,2.243,-2.08,254,lose,0.325,0.65,1.852,0,fresh,86.8,True,2.59,True,True,bullish,True,False,2,2,False,False,False,False,False,False,False,False,0,0,0,0,False,False,False,0,0,False,False,0,0,0,False,False,8.67,0,True,False,0.589,False,False,False
BTCUSDT,BUY,1938,2025-11-05 18:00:00,103889.9,0.585,3.515,-2.477,94,lose,0.434,0.869,2.021,0,fresh,17.3,True,0.39,False,False,none,False,False,4,0,True,False,False,False,False,False,False,False,0,0,0,0,False,False,False,0,0,False,False,0,0,0,False,False,0.95,0,True,False,0.866,False,False,False
BTCUSDT,BUY,2139,2025-11-07 20:15:00,103145.0,0.897,1.789,-1.101,147,lose,0.486,0.971,2.227,0,fresh,34.5,False,0.47,False,False,none,False,False,6,0,True,False,False,False,False,False,False,False,0,0,0,0,False,False,False,0,0,False,False,0,0,0,False,False,1.17,0,True,False,0.872,False,False,False
BTCUSDT,SELL,2286,2025-11-09 09:00:00,102009.2,0.541,1.982,-1.266,24,lose,0.186,0.371,-0.424,0,fresh,44.5,True,1.3,False,False,none,False,False,3,1,False,True,False,False,False,False,False,False,0,0,0,0,False,False,False,0,0,False,False,0,0,0,False,False,4.21,0,True,True,0.928,False,False,False
BTCUSDT,SELL,2505,2025-11-11 15:45:00,103417.2,0.984,1.688,-1.249,79,lose,0.371,0.742,-2.083,0,fresh,18.6,False,1.67,True,False,none,False,False,0,4,True,False,False,False,False,False,False,False,0,0,0,0,False,False,False,0,0,False,False,0,0,0,False,False,0.38,0,True,False,1.212,False,False,False
BTCUSDT,BUY,2584,2025-11-12 11:30:00,104708.7,0.562,3.279,-2.825,19,lose,0.282,0.564,1.118,0,fresh,15.0,False,0.54,False,False,none,False,False,4,4,False,False,False,False,False,False,False,False,0,0,0,0,False,False,False,0,0,False,False,0,0,0,False,False,0.31,0,True,False,0.615,False,False,False
BTCUSDT,BUY,3200,2025-11-18 21:30:00,92591.1,0.874,2.835,-1.968,35,lose,0.434,0.869,1.115,0,fresh,91.0,False,0.6,False,True,bearish,False,True,0,2,False,True,False,False,False,False,False,False,0,0,0,0,False,False,False,0,0,False,False,0,0,0,False,False,0.31,0,True,False,0.666,False,False,False
BTCUSDT,BUY,3317,2025-11-20 02:45:00,92556.0,0.642,4.846,-4.707,55,lose,0.45,0.9,2.144,0,fresh,45.8,True,0.72,False,False,none,False,False,2,0,True,False,False,False,False,False,False,False,0,0,0,0,False,False,False,0,0,False,False,0,0,0,False,False,0.24,0,True,False,0.666,False,False,False
BTCUSDT,SELL,3925,2025-11-26 10:45:00,86916.1,0.754,3.652,-3.549,29,lose,0.263,0.526,-0.981,0,fresh,32.5,True,0.85,False,False,none,False,False,1,5,True,False,False,False,False,False,False,False,0,0,1,0,False,False,True,1,0,True,False,0,0,0,False,False,1.18,0,True,False,0.798,False,False,False
BTCUSDT,BUY,5012,2025-12-07 18:30:00,91337.3,1.013,2.679,-1.191,87,lose,0.478,0.956,2.585,0,fresh,45.3,False,0.8,False,False,none,False,False,5,2,True,False,False,False,False,False,False,False,1,0,0,0,True,False,True,1,1,False,True,1,0,0,False,False,0.12,0,True,False,0.308,False,False,False
BTCUSDT,SELL,5099,2025-12-08 16:15:00,90249.7,0.976,3.812,-3.429,96,lose,0.516,1.032,-1.766,0,fresh,57.2,True,0.97,False,True,bullish,False,True,1,3,True,False,False,False,False,False,False,False,0,0,0,0,False,False,False,0,1,False,False,0,1,0,False,False,0.14,0,True,False,0.311,True,False,False
BTCUSDT,BUY,5195,2025-12-09 16:15:00,93344.8,1.296,2.876,-2.465,132,lose,0.52,1.04,3.678,0,fresh,15.7,False,2.29,True,False,none,False,False,6,1,True,False,False,False,False,False,False,False,0,0,0,0,False,False,False,0,0,False,False,0,0,0,False,False,0.21,0,True,False,0.766,True,False,False
BTCUSDT,BUY,5409,2025-12-11 21:45:00,92823.6,0.372,3.657,-3.47,75,lose,0.588,1.177,3.08,0,fresh,67.6,False,1.03,False,False,none,False,False,6,0,True,False,False,False,False,False,False,False,0,0,0,0,False,False,False,1,0,False,False,1,0,0,False,False,0.71,0,True,False,0.77,True,False,False
BTCUSDT,SELL,6021,2025-12-18 06:45:00,86607.0,0.07,3.28,-2.172,30,lose,0.267,0.535,-0.671,0,fresh,79.2,True,0.41,False,True,bullish,False,True,4,3,False,True,False,False,False,False,False,False,0,0,0,0,False,False,False,0,0,False,False,0,0,0,False,False,0.08,0,True,True,1.776,False,False,False
BTCUSDT,BUY,6051,2025-12-18 14:15:00,88488.4,0.954,4.611,-3.44,37,lose,0.499,0.998,2.511,0,fresh,53.4,True,1.69,True,False,none,False,False,3,1,True,False,False,False,False,False,False,False,0,0,0,0,False,False,False,1,0,False,False,0,0,0,False,False,0.29,1,True,False,2.515,False,False,False
BTCUSDT,SELL,6088,2025-12-18 23:30:00,85444.7,0.447,3.419,-3.065,37,lose,0.545,1.091,-2.047,0,fresh,3.0,False,0.15,False,False,none,False,False,1,2,True,False,False,False,False,False,False,False,0,0,0,0,False,False,False,0,1,False,False,0,0,0,False,False,0.35,0,True,False,2.605,True,False,False
BTCUSDT,BUY,6731,2025-12-25 16:15:00,88377.0,1.336,1.988,-1.581,95,lose,0.226,0.452,1.187,0,fresh,55.8,True,1.09,False,False,none,False,False,4,0,True,False,False,False,False,False,False,False,0,0,1,0,False,True,True,1,0,False,False,0,0,0,False,False,0.34,0,True,False,0.496,False,False,False
BTCUSDT,SELL,6826,2025-12-26 16:00:00,86980.1,0.253,1.123,-0.909,163,lose,0.346,0.692,-1.972,0,fresh,47.6,False,0.98,False,False,none,False,False,1,4,True,False,False,False,False,False,False,False,0,0,0,0,False,False,False,1,1,False,False,0,0,0,False,False,0.08,0,True,False,0.504,False,False,False
BTCUSDT,SELL,7093,2025-12-29 10:45:00,87747.2,1.125,1.571,-1.39,116,lose,0.326,0.652,-1.868,0,fresh,45.0,False,0.9,False,True,bearish,True,False,0,7,True,False,False,False,False,False,False,False,0,0,0,0,False,False,False,0,0,False,False,0,0,0,False,False,0.22,1,True,False,1.327,False,False,False
BTCUSDT,BUY,7209,2025-12-30 15:45:00,88966.8,0.436,1.817,-1.549,102,lose,0.368,0.736,1.927,0,fresh,49.8,True,2.32,True,False,none,False,False,2,0,True,False,False,False,False,False,False,False,0,0,0,0,False,False,False,0,0,False,False,0,0,0,False,False,1.52,0,True,False,0.598,False,False,False
BTCUSDT,SELL,7311,2025-12-31 17:15:00,87588.4,0.456,1.013,-0.797,113,lose,0.295,0.589,-1.331,0,fresh,31.4,True,0.63,False,False,none,False,False,1,4,True,False,False,False,False,False,False,False,0,0,0,0,False,False,False,1,0,True,False,0,0,0,False,False,0.04,0,True,True,0.608,False,False,False
BTCUSDT,BUY,8356,2026-01-11 14:30:00,90987.1,1.65,1.012,-0.148,97,lose,0.086,0.173,0.467,0,fresh,38.5,True,2.23,True,False,none,False,False,5,1,True,False,False,False,False,False,False,False,0,0,0,0,False,False,False,0,0,False,False,0,0,0,False,False,5.24,0,True,False,0.501,False,True,False
BTCUSDT,SELL,8453,2026-01-12 14:45:00,90852.7,0.215,1.592,-1.162,67,lose,0.315,0.63,-0.756,0,fresh,16.2,True,2.44,True,False,none,False,False,2,1,False,True,False,False,False,False,False,False,0,0,0,0,False,False,False,0,1,False,False,0,0,0,False,False,0.14,0,True,True,1.361,False,False,False
BTCUSDT,BUY,9524,2026-01-23 18:30:00,90700.9,0.0,1.731,-1.647,86,lose,0.449,0.899,1.99,0,fresh,35.6,False,0.6,False,False,none,False,False,3,1,True,False,False,False,False,False,False,False,0,0,0,0,False,False,False,1,1,False,False,0,0,0,False,False,0.25,0,True,False,1.886,False,False,False
BTCUSDT,BUY,10539,2026-02-03 08:15:00,78846.7,0.257,4.738,-4.726,37,lose,0.431,0.863,1.642,0,fresh,74.3,True,0.92,False,False,none,False,False,4,2,True,False,False,False,False,False,False,False,0,0,0,0,False,False,False,0,0,False,False,0,0,0,False,False,0.07,0,True,False,2.101,False,False,False
BTCUSDT,BUY,12167,2026-02-20 07:15:00,67910.6,1.143,2.212,-0.495,224,lose,0.285,0.569,1.78,0,fresh,72.5,True,0.82,False,False,none,False,False,2,0,True,False,False,False,False,False,False,False,0,0,0,0,False,False,False,0,0,False,False,0,0,0,False,False,1.13,1,True,True,2.757,False,False,False
BTCUSDT,SELL,13234,2026-03-03 10:00:00,66462.9,0.576,4.852,-4.41,88,lose,0.468,0.935,-2.851,0,fresh,71.8,False,0.8,False,False,none,False,False,1,7,True,False,False,False,False,False,False,False,0,0,0,0,False,False,False,0,0,False,False,0,0,0,False,False,0.19,0,True,True,2.687,False,False,False
BTCUSDT,SELL,14254,2026-03-14 01:00:00,70656.7,0.567,1.377,-1.253,110,lose,0.332,0.664,-1.697,0,fresh,41.1,True,0.55,False,False,none,False,False,1,3,True,False,False,False,False,False,False,False,0,0,0,0,False,False,False,0,0,False,False,0,0,0,False,False,0.68,1,True,True,0.725,False,False,False
BTCUSDT,BUY,15164,2026-03-23 12:30:00,70680.5,1.569,2.253,-2.087,114,lose,0.785,1.57,3.945,0,fresh,58.2,True,0.79,False,True,bullish,True,False,6,1,True,False,False,False,False,False,False,False,0,0,0,0,False,False,False,0,0,False,False,0,0,0,False,False,0.0,1,True,True,4.482,True,False,True
BTCUSDT,SELL,15278,2026-03-24 17:00:00,69205.2,0.463,3.056,-2.876,53,lose,0.484,0.967,-2.301,0,fresh,61.1,False,1.26,False,True,bearish,True,False,0,3,True,False,False,False,False,False,False,False,0,0,0,0,False,False,False,0,0,False,False,0,0,0,False,False,1.65,0,True,True,4.578,False,False,False
BTCUSDT,BUY,15331,2026-03-25 06:15:00,71195.8,1.129,2.069,-1.604,102,lose,0.303,0.606,1.654,0,fresh,80.1,True,0.85,False,False,none,False,False,3,1,True,False,False,False,False,False,False,False,0,0,0,0,False,False,False,0,0,False,False,0,0,0,False,False,0.08,1,True,True,4.45,False,False,False
BTCUSDT,BUY,15659,2026-03-28 16:15:00,67038.9,1.996,3.163,-1.058,266,lose,0.273,0.545,1.151,0,fresh,62.6,True,0.38,False,False,none,False,False,3,0,True,False,False,False,False,False,False,False,0,0,0,0,False,False,False,1,0,False,False,1,0,0,False,False,0.25,1,True,True,1.676,False,False,False
BTCUSDT,SELL,15925,2026-03-31 10:45:00,66329.4,0.188,3.423,-2.857,50,lose,0.38,0.76,-1.711,0,fresh,36.1,True,0.62,False,False,none,False,False,0,4,True,False,False,False,False,False,False,False,0,0,0,0,False,False,False,0,1,False,False,0,0,0,False,False,0.24,1,True,False,1.002,False,False,False
BTCUSDT,BUY,15975,2026-03-31 23:15:00,68224.2,1.559,2.592,-2.423,113,lose,0.403,0.805,1.995,0,fresh,21.2,True,0.89,False,False,none,False,False,1,0,True,False,False,False,False,False,False,False,0,0,0,0,False,False,False,0,0,False,False,0,0,0,False,False,0.31,0,True,False,0.974,False,False,False
BTCUSDT,SELL,16088,2026-04-02 03:30:00,66571.4,1.345,1.245,-0.959,232,lose,0.487,0.974,-2.798,0,fresh,66.0,False,0.86,False,False,none,False,False,1,3,True,False,False,False,False,False,False,False,0,0,0,0,False,False,False,0,0,False,False,0,0,0,False,False,0.14,0,True,False,0.793,False,False,False
BTCUSDT,BUY,16320,2026-04-04 13:30:00,67209.9,0.513,0.944,-0.793,95,lose,0.112,0.224,0.627,0,fresh,72.6,True,2.62,True,True,bullish,True,False,3,2,True,False,False,False,False,False,False,False,0,0,0,0,False,False,False,0,0,False,False,0,0,0,False,True,13.74,2,True,True,0.89,False,True,False
BTCUSDT,SELL,16415,2026-04-05 13:15:00,66676.6,0.016,1.728,-1.44,30,lose,0.145,0.29,-0.711,0,fresh,31.6,False,0.95,False,False,none,False,False,2,5,True,False,False,False,False,False,False,False,0,0,0,0,False,False,False,0,0,False,False,0,0,0,False,False,0.18,0,True,False,0.897,False,True,False
BTCUSDT,SELL,16602,2026-04-07 12:00:00,68243.0,0.78,4.462,-3.639,42,lose,0.32,0.639,-1.523,0,fresh,16.7,False,1.73,True,False,none,False,False,1,4,True,False,False,False,False,False,False,False,0,0,1,0,False,False,True,1,0,True,False,0,0,0,False,False,4.81,0,True,False,0.863,False,False,False
BTCUSDT,SELL,17043,2026-04-12 02:15:00,71737.3,1.783,0.967,-0.12,150,lose,0.411,0.823,-2.246,0,fresh,1.0,False,1.66,True,False,none,False,False,0,2,True,False,False,False,False,False,False,False,0,1,0,0,True,False,True,0,1,False,False,0,0,0,False,False,0.02,1,True,True,2.055,False,False,False
BTCUSDT,SELL,18146,2026-04-23 14:00:00,77483.0,0.752,1.504,-0.625,260,lose,0.3,0.599,-1.079,0,fresh,1.4,False,0.72,False,False,none,False,False,2,2,False,False,False,False,False,False,False,False,0,0,0,0,False,False,False,0,1,False,False,0,1,0,False,False,0.22,1,True,True,2.508,False,False,False
BTCUSDT,BUY,18406,2026-04-26 07:00:00,77967.4,1.908,0.717,-0.503,102,lose,0.151,0.302,0.699,0,fresh,10.2,True,0.41,False,False,none,False,False,4,1,True,False,False,False,False,False,False,False,0,0,0,0,False,False,False,0,1,True,False,0,0,0,False,False,0.22,0,True,True,2.492,False,False,False
BTCUSDT,BUY,18688,2026-04-29 05:30:00,77203.3,0.868,2.008,-1.805,43,lose,0.211,0.422,1.134,0,fresh,35.4,False,0.51,False,False,none,False,False,8,1,True,False,False,False,False,False,False,False,0,0,0,0,False,False,False,0,0,False,False,0,0,0,False,False,0.08,0,True,True,2.652,False,False,False
BTCUSDT,SELL,18731,2026-04-29 16:15:00,75810.0,1.243,2.125,-1.764,140,lose,0.368,0.735,-1.857,0,fresh,43.7,False,1.92,True,False,none,False,False,0,5,True,False,False,False,False,False,False,False,0,0,0,0,False,False,False,0,0,False,False,0,0,0,False,False,1.27,0,True,False,2.701,False,False,False
BTCUSDT,BUY,20168,2026-05-14 15:30:00,80979.9,1.258,2.891,-2.781,89,lose,0.338,0.677,1.907,0,fresh,7.0,True,0.75,False,False,none,False,False,5,1,True,False,False,False,False,False,False,False,0,0,0,1,False,False,True,0,1,True,False,0,0,0,False,False,0.17,0,True,False,0.547,False,False,False
BTCUSDT,BUY,20720,2026-05-20 09:30:00,77478.3,0.906,1.227,-1.023,216,lose,0.173,0.346,0.839,0,fresh,21.5,True,0.71,False,False,none,False,False,6,0,True,False,False,False,False,False,False,False,0,0,0,0,False,False,False,0,0,False,False,0,0,0,False,False,0.12,1,True,False,0.658,False,False,False
BTCUSDT,BUY,21703,2026-05-30 15:15:00,73908.6,0.462,0.998,-0.878,155,lose,0.147,0.294,0.6,0,fresh,44.5,False,1.44,False,False,none,False,False,4,0,True,False,False,False,False,False,False,False,0,0,0,0,False,False,False,0,0,False,False,0,0,0,False,False,0.51,0,True,False,1.322,False,True,False
BTCUSDT,SELL,22661,2026-06-09 14:45:00,61511.6,1.333,2.293,-1.74,156,lose,0.459,0.917,-2.775,0,fresh,40.9,True,2.99,True,False,none,False,False,1,5,True,False,False,False,False,False,False,False,0,0,0,0,False,False,False,0,0,False,False,0,0,0,False,False,0.01,0,True,False,3.4,False,False,False
BTCUSDT,SELL,23158,2026-06-14 19:00:00,63757.6,0.064,2.971,-2.395,11,lose,0.197,0.395,-0.916,0,fresh,22.0,False,0.36,False,False,none,False,False,1,4,True,False,False,False,False,False,False,False,0,0,0,0,False,False,False,0,1,False,False,0,0,0,False,False,0.15,0,True,False,0.272,False,False,False
BTCUSDT,BUY,24167,2026-06-25 07:15:00,61774.1,0.254,6.061,-5.707,26,lose,0.316,0.633,1.653,0,fresh,35.2,True,0.92,False,False,none,False,False,3,0,True,False,False,False,False,False,False,False,0,0,0,1,False,False,True,0,1,True,False,0,0,0,False,False,0.01,1,True,False,0.725,False,False,False
BTCUSDT,SELL,24193,2026-06-25 13:45:00,58248.4,0.0,4.267,-4.05,195,lose,0.724,1.448,-6.202,0,fresh,82.2,False,9.56,True,True,bearish,True,False,0,5,True,False,False,False,False,False,False,False,0,0,0,0,False,False,False,0,1,False,True,0,1,1,True,False,0.93,0,True,False,0.769,True,False,False
BTCUSDT,BUY,24388,2026-06-27 14:30:00,60607.3,0.524,1.705,-1.679,104,lose,0.199,0.399,1.179,0,fresh,26.7,True,1.27,False,False,none,False,False,2,2,False,False,False,False,False,False,False,False,0,0,0,1,False,False,True,0,1,True,False,0,1,0,False,False,0.29,0,True,False,1.34,False,False,False
BTCUSDT,SELL,25245,2026-07-06 12:45:00,61733.6,0.707,3.635,-3.243,22,lose,0.358,0.716,-2.501,0,fresh,22.6,False,1.73,True,False,none,False,False,2,5,True,False,False,False,False,False,False,False,0,0,0,0,False,False,False,0,0,False,False,0,0,0,False,False,0.0,1,True,False,0.839,False,False,False
BTCUSDT,BUY,25267,2026-07-06 18:15:00,63735.4,1.501,2.04,-1.794,144,lose,0.484,0.968,1.948,0,fresh,23.0,True,0.26,False,False,none,False,False,5,1,True,False,False,False,False,False,False,False,0,0,0,0,False,False,False,0,1,True,False,0,0,0,False,False,0.52,0,True,False,0.813,False,False,False
BTCUSDT,SELL,25411,2026-07-08 06:15:00,62592.1,1.713,1.109,-0.619,111,lose,0.292,0.583,-1.497,0,fresh,2.9,False,1.17,False,False,none,False,False,0,5,True,False,False,False,False,False,False,False,0,0,0,0,False,False,False,0,0,False,False,0,0,0,False,False,3.16,1,True,False,0.867,False,False,False
BTCUSDT,BUY,26327,2026-07-17 19:15:00,64059.9,1.6,0.505,0.31,251,lose,0.35,0.7,1.428,0,fresh,17.3,True,0.55,False,False,none,False,False,4,1,True,False,False,False,False,False,False,False,1,0,0,0,True,False,True,1,0,False,False,0,0,0,False,False,0.21,0,True,False,0.963,False,False,False
BTCUSDT,SELL,26578,2026-07-20 10:00:00,64258.6,0.349,2.224,-1.895,29,lose,0.266,0.531,-0.689,0,fresh,66.3,True,0.41,False,False,none,False,False,5,3,False,True,False,False,False,False,False,False,0,0,0,0,False,False,False,0,1,False,False,0,0,0,False,False,0.2,0,True,False,1.049,False,False,False
BTCUSDT,SELL,27301,2026-07-27 22:45:00,63755.5,1.718,1.113,-1.067,129,lose,0.29,0.581,-2.254,0,fresh,97.6,False,6.66,True,True,bearish,True,False,1,6,True,False,False,False,False,False,False,False,0,0,0,0,False,False,False,0,0,False,False,0,0,0,False,False,0.27,0,True,False,0.469,False,False,False
BTCUSDT,BUY,27430,2026-07-29 07:00:00,64435.9,1.483,1.865,-0.958,198,lose,0.229,0.457,1.299,0,fresh,31.5,True,1.18,False,False,none,False,False,5,0,True,False,False,False,False,False,False,False,0,0,0,0,False,False,False,0,0,False,False,0,0,0,False,False,0.04,0,True,False,0.464,False,False,False
BTCUSDT,BUY,27798,2026-08-02 03:00:00,63393.0,0.609,1.068,-0.991,109,lose,0.193,0.386,1.087,0,fresh,39.1,False,0.86,False,False,none,False,False,3,2,True,False,False,False,False,False,False,False,0,0,0,0,False,False,False,0,0,False,False,0,0,0,False,False,0.04,1,True,True,0.972,False,False,False
BTCUSDT,SELL,27907,2026-08-03 06:15:00,62764.9,0.791,1.904,-1.456,36,lose,0.183,0.366,-0.87,0,fresh,50.9,False,0.83,False,False,none,False,False,1,4,True,False,False,False,False,False,False,False,0,0,0,0,False,False,False,0,0,False,False,0,0,0,False,False,0.14,0,True,False,1.339,False,False,False
BTCUSDT,SELL,28285,2026-08-07 04:45:00,64225.8,0.134,1.498,-1.291,26,lose,0.167,0.335,-0.646,0,fresh,0.3,False,1.96,True,False,none,False,False,1,2,True,False,False,False,False,False,False,False,0,0,0,0,False,False,False,0,1,False,False,0,0,0,False,False,1.78,0,True,False,0.43,False,False,False
BTCUSDT,BUY,28311,2026-08-07 11:15:00,65055.0,0.466,0.868,-0.455,162,lose,0.176,0.352,1.046,0,fresh,42.0,True,3.91,True,True,bullish,True,False,6,1,True,False,False,False,False,False,False,False,0,0,0,0,False,False,False,0,0,False,False,0,0,0,False,False,3.71,0,True,False,0.424,False,False,False
BTCUSDT,SELL,28473,2026-08-09 03:45:00,64758.9,0.018,0.751,-0.673,40,lose,0.066,0.132,-0.348,0,fresh,94.9,False,0.59,False,False,none,False,False,0,3,True,False,False,False,False,False,False,False,0,0,0,0,False,False,False,0,1,False,False,0,0,0,False,False,0.6,0,True,True,0.426,False,True,False
BTCUSDT,BUY,28513,2026-08-09 13:45:00,65195.0,0.441,1.093,-0.921,100,lose,0.073,0.146,0.544,0,fresh,5.3,True,1.65,True,False,none,False,False,6,2,True,False,False,False,False,False,False,False,0,0,0,0,False,False,False,0,0,False,False,0,0,0,False,False,0.51,0,True,False,0.423,False,True,False
BTCUSDT,BUY,28794,2026-08-12 12:00:00,64230.5,0.342,1.463,-1.196,19,lose,0.139,0.277,0.767,0,fresh,24.4,True,1.59,True,True,bullish,True,False,7,0,True,False,False,False,False,False,False,False,0,0,0,0,False,False,False,0,0,False,False,0,0,0,False,False,1.51,0,True,False,0.414,False,True,False
BTCUSDT,SELL,28813,2026-08-12 16:45:00,63462.3,1.541,0.833,0.264,382,lose,0.234,0.468,-0.933,0,fresh,62.6,False,0.41,False,False,none,False,False,2,2,False,False,False,False,False,False,False,False,0,0,0,0,False,False,False,1,0,True,False,0,0,0,False,False,0.69,0,True,True,0.419,False,False,False
BTCUSDT,BUY,29195,2026-08-16 16:15:00,63294.8,0.119,0.97,-0.742,28,lose,0.052,0.104,0.455,0,fresh,74.4,True,8.22,True,True,bullish,True,False,10,2,True,False,False,False,False,False,False,False,0,0,0,0,False,False,False,0,0,False,False,0,0,0,False,False,1.59,0,True,False,0.118,False,True,False
BTCUSDT,SELL,29223,2026-08-16 23:15:00,62825.4,0.162,1.189,-1.01,24,lose,0.152,0.305,-0.597,0,fresh,11.4,True,0.86,False,False,none,False,False,1,3,True,False,False,False,False,False,False,False,0,0,0,0,False,False,False,0,1,False,False,0,0,0,False,False,0.24,0,True,False,0.119,False,False,False
BTCUSDT,SELL,29825,2026-08-23 05:45:00,76065.0,0.256,2.62,-2.292,64,lose,0.365,0.73,-1.949,0,fresh,48.3,False,0.59,False,False,none,False,False,0,4,True,False,False,False,False,False,False,False,0,0,0,0,False,False,False,0,1,False,False,0,0,0,False,False,0.27,0,True,False,2.734,False,False,False
DOGEUSDT,SELL,446,2025-10-21 05:00:00,0.1934,0.719,6.247,-6.061,42,lose,0.569,1.189,-3.159,0,fresh,27.2,True,1.12,False,False,none,False,False,0,3,True,False,False,False,False,False,False,False,0,0,0,0,False,False,False,0,0,False,False,0,0,0,False,False,0.11,0,True,False,0.724,True,False,False
DOGEUSDT,BUY,488,2025-10-21 15:30:00,0.2051,0.224,6.221,-5.914,48,lose,0.926,1.804,5.461,0,fresh,19.0,True,1.39,False,False,none,False,False,3,0,True,False,False,False,False,False,False,False,0,0,0,0,False,False,False,0,0,False,False,0,0,0,False,False,0.03,0,True,False,0.683,True,False,True
DOGEUSDT,SELL,924,2025-10-26 04:30:00,0.1953,0.133,2.868,-1.864,23,lose,0.256,0.512,-1.034,0,fresh,69.0,False,0.52,False,False,none,False,False,2,3,True,False,False,False,False,False,False,False,0,0,0,0,False,False,False,0,1,False,False,0,0,0,False,False,0.31,0,True,False,0.41,False,False,False
DOGEUSDT,BUY,1478,2025-10-31 23:00:00,0.1861,1.457,1.806,-1.457,163,lose,0.43,0.86,1.483,0,fresh,36.8,False,0.49,False,False,none,False,False,2,2,False,False,False,False,False,False,False,False,0,0,0,0,False,False,False,1,0,False,False,1,0,1,True,False,1.28,0,True,False,1.075,False,False,False
DOGEUSDT,BUY,1978,2025-11-06 04:00:00,0.1671,0.174,4.119,-3.711,45,lose,0.539,1.078,2.125,0,fresh,8.8,True,0.7,False,False,none,False,False,1,2,False,True,False,False,False,False,False,False,0,0,0,0,False,False,False,0,0,False,False,0,0,0,False,False,2.46,0,True,True,4.729,True,False,False
DOGEUSDT,SELL,2262,2025-11-09 03:00:00,0.1726,0.886,4.298,-4.275,67,lose,0.521,1.1,-2.809,0,fresh,57.4,True,1.21,False,False,none,False,False,1,3,True,False,False,False,False,False,False,False,0,0,1,0,False,False,True,1,0,True,False,0,0,0,False,False,0.46,0,True,False,0.985,True,False,False
DOGEUSDT,BUY,2595,2025-11-12 14:15:00,0.1778,0.028,5.614,-5.119,11,lose,0.45,0.9,2.121,0,fresh,64.5,False,0.91,False,False,none,False,False,3,0,True,False,True,False,True,False,True,True,0,0,0,0,False,False,False,1,0,False,False,0,0,0,False,False,0.52,0,True,False,0.956,False,False,False
DOGEUSDT,SELL,2606,2025-11-12 17:00:00,0.1687,0.931,4.95,-4.239,60,lose,0.949,1.838,-4.939,0,fresh,42.6,False,0.73,False,False,none,False,False,1,5,True,False,False,False,False,False,False,False,0,0,0,0,False,False,False,1,0,True,False,0,0,0,False,False,0.21,0,True,False,1.008,True,False,True
DOGEUSDT,BUY,2666,2025-11-13 08:00:00,0.1758,1.035,6.677,-6.416,40,lose,0.626,1.251,2.685,0,fresh,17.8,True,0.59,False,False,none,False,False,3,1,True,False,False,False,False,False,False,False,0,0,0,0,False,False,False,0,0,False,False,0,0,0,False,False,1.3,0,True,False,0.967,True,False,False
DOGEUSDT,BUY,3187,2025-11-18 18:15:00,0.1611,1.142,5.004,-4.799,88,lose,0.683,1.366,3.52,0,fresh,59.1,False,0.32,False,False,none,False,False,5,0,True,False,False,False,False,False,False,False,0,0,0,0,False,False,False,0,0,False,False,0,0,0,False,False,1.23,0,True,False,1.49,True,False,False
DOGEUSDT,BUY,3325,2025-11-20 04:45:00,0.1584,0.852,6.654,-6.535,51,lose,0.568,1.2,3.207,0,fresh,90.8,True,1.55,True,True,bullish,True,False,4,0,True,False,False,False,False,False,False,False,0,0,0,0,False,False,False,0,0,False,False,0,0,0,False,False,3.21,0,True,False,2.02,True,False,False
DOGEUSDT,SELL,3848,2025-11-25 15:30:00,0.1483,0.492,5.214,-4.998,105,lose,0.675,1.349,-2.057,0,fresh,97.5,True,1.15,False,True,bullish,False,True,1,2,True,False,False,False,False,False,False,False,0,0,0,0,False,False,False,0,1,False,False,0,1,0,False,False,0.12,0,True,False,7.555,True,False,False
DOGEUSDT,BUY,3953,2025-11-26 17:45:00,0.1557,0.681,3.655,-3.527,128,lose,0.707,1.349,4.086,0,fresh,11.1,True,1.36,False,False,none,False,False,4,0,True,False,False,False,False,False,False,False,0,0,0,0,False,False,False,0,0,False,False,0,0,0,False,False,0.13,0,True,False,7.195,True,False,False
DOGEUSDT,SELL,5175,2025-12-09 11:15:00,0.1402,0.064,6.592,-6.399,19,lose,0.357,0.642,-1.434,0,fresh,40.6,True,0.69,False,False,none,False,False,1,1,False,False,False,False,False,False,False,False,0,0,0,0,False,False,False,0,1,False,False,0,0,0,False,False,0.27,0,True,False,1.641,False,False,False
DOGEUSDT,BUY,5562,2025-12-13 12:00:00,0.1396,0.244,2.858,-2.084,95,lose,0.286,0.501,1.597,0,fresh,91.7,True,1.66,True,True,bullish,True,False,7,1,True,False,False,False,False,False,False,False,0,0,0,0,False,False,False,0,0,False,False,0,0,0,False,False,2.13,0,True,True,1.218,False,False,False
DOGEUSDT,SELL,6342,2025-12-21 15:00:00,0.1291,0.139,3.951,-2.433,71,lose,0.465,1.007,-2.417,0,fresh,100.0,False,0.47,False,True,bearish,True,False,1,6,True,False,False,False,False,False,False,False,0,0,0,0,False,False,False,0,1,False,False,0,1,0,False,False,0.11,0,True,False,1.162,False,False,False
DOGEUSDT,BUY,9346,2026-01-21 22:00:00,0.1281,0.07,3.858,-2.577,78,lose,0.859,1.718,3.568,0,fresh,8.4,True,0.57,False,False,none,False,False,5,0,True,False,False,False,False,False,False,False,0,0,0,0,False,False,False,1,1,False,True,1,0,1,True,False,4.25,0,True,False,1.874,True,False,True
DOGEUSDT,BUY,10475,2026-02-02 16:15:00,0.1097,0.793,6.811,-5.453,191,lose,0.912,1.824,4.979,0,fresh,58.1,True,0.65,False,False,none,False,False,4,0,True,False,False,False,False,False,False,False,0,0,0,0,False,False,False,1,0,False,False,1,0,0,False,False,0.37,0,True,False,4.651,True,False,True
DOGEUSDT,BUY,12232,2026-02-20 23:30:00,0.0999,0.99,2.391,-1.871,105,lose,0.6,1.301,2.151,0,fresh,86.8,False,0.69,False,False,none,False,False,0,2,False,True,False,False,False,False,False,False,0,0,0,0,False,False,False,0,0,False,False,0,0,0,False,False,0.52,0,True,True,2.801,True,False,False
DOGEUSDT,BUY,12475,2026-02-23 12:15:00,0.0967,0.868,4.466,-4.053,30,lose,0.517,0.93,2.315,0,fresh,4.0,True,0.67,False,False,none,False,False,3,0,True,False,False,False,False,False,False,False,0,0,0,0,False,False,False,0,0,False,False,0,0,0,False,False,0.24,1,True,False,1.654,True,False,False
DOGEUSDT,SELL,13082,2026-03-01 20:00:00,0.091,0.582,6.724,-6.614,80,lose,0.769,1.538,-4.043,0,fresh,69.6,False,1.36,False,False,none,False,False,1,2,True,False,False,False,False,False,False,False,0,0,0,0,False,False,False,0,0,False,False,0,0,0,False,False,0.37,1,True,False,4.505,True,False,True
DOGEUSDT,BUY,13162,2026-03-02 16:00:00,0.097,0.721,6.059,-5.472,60,lose,1.031,1.958,5.802,0,fresh,80.0,True,1.52,True,False,none,False,False,3,1,True,False,False,False,False,False,False,False,0,0,0,1,False,False,True,0,1,True,False,0,0,0,False,False,0.49,0,True,False,4.225,True,False,True
DOGEUSDT,SELL,13985,2026-03-11 05:45:00,0.0916,0.611,4.574,-4.388,122,lose,0.546,1.092,-3.482,0,fresh,11.1,False,0.85,False,False,none,False,False,1,7,True,False,False,False,False,False,False,False,0,0,0,0,False,False,False,0,1,False,False,0,0,0,False,False,0.73,0,True,False,1.747,True,False,False
DOGEUSDT,BUY,15805,2026-03-30 04:45:00,0.0929,1.087,3.412,-3.154,115,lose,0.538,1.077,2.573,0,fresh,46.2,True,0.54,False,False,none,False,False,3,0,True,False,False,False,False,False,False,False,0,0,0,0,False,False,False,0,0,False,False,0,0,0,False,False,0.01,0,True,True,5.813,True,False,False
DOGEUSDT,SELL,15920,2026-03-31 09:30:00,0.09,0.756,3.69,-3.557,81,lose,0.445,0.778,-2.379,0,fresh,45.0,False,1.63,True,False,none,False,False,1,3,True,False,False,False,False,False,False,False,0,0,0,0,False,False,False,0,0,False,False,0,0,0,False,False,0.59,0,True,True,6.003,False,False,False
DOGEUSDT,BUY,16001,2026-04-01 05:45:00,0.0932,1.427,3.714,-3.338,84,lose,0.429,0.859,2.319,0,fresh,67.7,True,1.27,False,False,none,False,False,3,2,True,False,False,False,False,False,False,False,0,0,0,0,False,False,False,0,0,False,False,0,0,0,False,False,0.27,0,True,True,5.796,False,False,False
DOGEUSDT,SELL,16085,2026-04-02 02:45:00,0.0901,1.277,2.41,-2.121,152,lose,0.555,1.11,-3.153,0,fresh,67.4,True,0.94,False,False,none,False,False,1,3,True,False,False,False,False,False,False,False,0,0,0,0,False,False,False,0,0,False,False,0,0,0,False,False,0.04,0,True,True,5.996,True,False,False
DOGEUSDT,BUY,16237,2026-04-03 16:45:00,0.092,1.229,1.598,-1.424,148,lose,0.326,0.652,1.707,0,fresh,47.4,True,0.86,False,True,bullish,True,False,3,1,True,False,False,False,False,False,False,False,0,0,0,0,False,False,False,0,0,False,False,0,0,0,False,False,2.57,0,True,True,5.871,False,False,False
DOGEUSDT,SELL,16385,2026-04-05 05:45:00,0.0907,1.147,3.0,-2.724,74,lose,0.221,0.441,-1.269,0,fresh,59.2,False,3.58,True,True,bearish,True,False,0,4,True,False,False,False,False,False,False,False,0,0,0,0,False,False,False,0,0,False,False,0,0,0,False,False,2.67,1,True,True,5.957,False,False,False
DOGEUSDT,BUY,16459,2026-04-06 00:15:00,0.0931,0.505,3.533,-3.135,92,lose,0.43,0.966,3.039,0,fresh,31.7,True,1.99,True,True,bullish,True,False,6,1,True,False,False,False,False,False,False,False,0,0,0,0,False,False,False,0,1,True,False,0,0,0,False,False,0.36,0,True,True,5.798,False,False,False
DOGEUSDT,SELL,16551,2026-04-06 23:15:00,0.0902,0.233,3.603,-3.492,91,lose,0.333,0.776,-2.317,0,fresh,2.8,False,1.43,False,False,none,False,False,0,4,True,False,False,False,False,False,False,False,0,0,0,0,False,False,False,0,1,False,False,0,0,0,False,False,0.31,1,True,True,5.986,False,False,False
DOGEUSDT,SELL,16752,2026-04-09 01:30:00,0.0914,0.547,2.835,-2.725,74,lose,0.438,0.876,-2.55,0,fresh,28.8,True,1.93,True,False,none,False,False,1,4,True,False,False,False,False,False,False,False,0,0,0,0,False,False,False,0,0,False,False,0,0,0,False,False,0.11,0,True,True,5.91,False,False,False
DOGEUSDT,BUY,16826,2026-04-09 20:00:00,0.0939,1.513,3.57,-3.026,215,lose,0.426,0.959,2.397,0,fresh,36.4,True,0.74,False,False,none,False,False,5,1,True,False,False,False,False,False,False,False,0,0,0,0,False,False,False,0,0,False,False,0,0,0,False,False,0.07,1,True,True,5.754,False,False,False
DOGEUSDT,SELL,17041,2026-04-12 01:45:00,0.091,0.857,2.439,-2.231,168,lose,0.549,1.099,-3.285,0,fresh,13.2,False,3.93,True,False,none,False,False,0,4,True,False,False,False,False,False,False,False,0,0,0,0,False,False,False,0,0,False,False,0,0,0,False,False,0.03,1,True,True,5.933,True,False,False
DOGEUSDT,SELL,18537,2026-04-27 15:45:00,0.0972,0.154,3.942,-2.532,50,lose,0.515,0.926,-2.192,0,fresh,42.9,False,1.2,False,False,none,False,False,2,2,False,False,False,False,False,False,False,False,0,0,1,0,False,False,True,1,1,False,False,0,0,0,False,False,0.16,0,True,True,3.396,True,False,False
DOGEUSDT,SELL,18738,2026-04-29 18:00:00,0.1018,0.913,6.403,-5.028,32,lose,1.178,2.258,-4.969,0,fresh,66.3,False,2.52,True,True,bearish,True,False,1,6,True,False,False,False,False,False,False,False,0,0,0,0,False,False,False,0,1,False,True,0,1,0,False,False,1.96,0,True,False,0.589,True,False,True
DOGEUSDT,BUY,19620,2026-05-08 22:30:00,0.1094,1.69,1.599,-0.914,116,lose,0.365,0.731,1.864,0,fresh,39.4,True,0.62,False,True,bullish,True,False,4,1,True,False,False,False,False,False,False,False,0,0,0,0,False,False,False,0,0,False,False,0,0,0,False,False,0.48,0,True,False,0.731,False,False,False
DOGEUSDT,SELL,19736,2026-05-10 03:30:00,0.1084,0.59,2.471,-2.241,57,lose,0.277,0.646,-0.977,0,fresh,38.5,False,0.7,False,False,none,False,False,1,4,True,False,False,False,False,False,False,False,0,0,0,0,False,False,False,0,1,False,False,0,0,0,False,False,0.14,0,True,False,0.738,False,False,False
DOGEUSDT,BUY,20436,2026-05-17 10:30:00,0.1117,0.976,5.981,-4.468,56,lose,0.358,0.627,1.961,0,fresh,14.3,False,1.15,False,False,none,False,False,6,1,True,False,False,False,False,False,False,False,0,0,0,0,False,False,False,0,0,False,False,0,0,0,False,False,0.89,0,True,False,1.701,False,False,False
DOGEUSDT,BUY,20791,2026-05-21 03:15:00,0.1057,0.955,2.923,-1.702,166,lose,0.378,0.757,2.1,0,fresh,82.9,True,3.05,True,True,bullish,True,False,6,0,True,False,False,False,False,False,False,False,0,0,0,0,False,False,False,0,1,True,False,0,0,0,False,False,3.98,0,True,False,0.568,False,False,False
DOGEUSDT,BUY,21052,2026-05-23 20:30:00,0.1042,0.826,3.514,-3.101,211,lose,0.48,0.96,3.505,0,fresh,85.2,True,4.38,True,True,bullish,True,False,3,0,True,False,False,False,False,False,False,False,0,0,0,0,False,False,False,0,0,False,False,0,0,0,False,False,3.05,0,True,False,3.457,False,False,False
DOGEUSDT,BUY,21647,2026-05-30 01:15:00,0.1004,1.354,1.454,-1.096,157,lose,0.398,0.697,1.514,0,fresh,47.4,True,2.07,True,True,bullish,True,False,3,2,True,False,False,False,False,False,False,False,0,0,0,0,False,False,False,0,0,False,False,0,0,0,False,False,2.11,0,True,False,0.896,False,False,False
DOGEUSDT,SELL,23010,2026-06-13 06:00:00,0.0861,0.07,2.485,-2.393,26,lose,0.348,0.697,-1.266,0,fresh,7.7,False,1.52,True,False,none,False,False,1,0,False,True,False,False,False,False,False,False,0,0,0,0,False,False,False,0,0,False,False,0,0,0,False,False,0.21,0,True,True,4.065,False,False,False
DOGEUSDT,BUY,23036,2026-06-13 12:30:00,0.0882,0.715,2.303,-2.03,102,lose,0.34,0.681,1.758,0,fresh,78.6,True,1.66,True,True,bullish,True,False,4,0,True,False,False,False,False,False,False,False,0,0,0,0,False,False,False,0,0,False,False,0,0,0,False,False,4.14,0,True,False,3.971,False,False,False
DOGEUSDT,SELL,23138,2026-06-14 14:00:00,0.0864,0.857,3.138,-2.292,35,lose,0.347,0.579,-1.552,0,fresh,52.4,False,0.61,False,False,none,False,False,1,4,True,False,False,False,False,False,False,False,0,0,0,0,False,False,False,0,0,False,False,0,0,0,False,False,0.79,0,True,True,4.053,False,False,False
DOGEUSDT,BUY,23687,2026-06-20 07:15:00,0.0842,0.047,2.387,-2.078,159,lose,0.237,0.594,1.567,0,fresh,60.0,True,1.08,False,False,none,False,False,3,0,True,False,False,False,False,False,False,False,0,0,0,0,False,False,False,1,0,False,False,0,0,0,False,False,0.12,1,True,False,0.95,False,False,False
DOGEUSDT,SELL,23846,2026-06-21 23:00:00,0.0825,0.473,2.607,-2.328,57,lose,0.364,0.728,-1.625,0,fresh,95.3,False,0.92,False,True,bearish,True,False,1,4,True,False,False,False,False,False,False,False,0,0,0,0,False,False,False,0,0,False,False,0,0,0,False,False,0.52,0,True,False,0.606,False,False,False
DOGEUSDT,BUY,23903,2026-06-22 13:15:00,0.0844,0.77,3.069,-2.797,37,lose,0.355,0.711,1.529,0,fresh,34.8,False,0.59,False,False,none,False,False,2,1,True,False,False,False,False,False,False,False,0,0,0,0,False,False,False,0,0,False,False,0,0,0,False,False,0.6,1,True,False,0.355,False,False,False
DOGEUSDT,BUY,24169,2026-06-25 07:45:00,0.0773,0.026,7.656,-7.268,24,lose,0.388,0.776,1.824,0,fresh,33.3,True,0.46,False,False,none,False,False,2,0,True,False,False,False,False,False,False,False,0,0,0,1,False,False,True,1,1,False,False,0,0,0,False,False,0.6,0,True,False,0.905,False,False,False
DOGEUSDT,SELL,24193,2026-06-25 13:45:00,0.0717,0.014,6.151,-5.816,148,lose,0.837,1.813,-7.671,0,fresh,82.1,False,9.56,True,True,bearish,True,False,0,4,True,False,False,False,False,False,False,False,0,0,0,0,False,False,False,0,1,False,False,0,0,0,False,False,1.7,1,True,False,0.697,True,False,True
DOGEUSDT,BUY,24341,2026-06-27 02:45:00,0.0759,0.712,2.003,-1.74,76,lose,0.395,0.659,2.069,0,fresh,36.8,False,1.13,False,False,none,False,False,2,3,False,True,False,False,False,False,False,False,0,1,1,0,False,True,True,1,1,False,False,0,1,0,False,False,0.02,0,True,False,2.241,False,False,False
DOGEUSDT,SELL,25109,2026-07-05 02:45:00,0.0758,0.738,3.574,-3.481,78,lose,0.527,0.923,-2.848,0,fresh,24.6,False,2.46,True,False,none,False,False,0,7,True,False,False,False,False,False,False,False,0,0,0,0,False,False,False,0,0,False,False,0,0,0,False,False,1.14,0,True,False,3.956,True,False,False
DOGEUSDT,BUY,25187,2026-07-05 22:15:00,0.0785,0.421,5.289,-4.499,61,lose,0.51,1.02,2.88,0,fresh,72.7,True,2.67,True,True,bullish,True,False,3,2,True,False,False,False,False,False,False,False,0,0,0,0,False,False,False,0,0,False,False,0,0,0,False,False,2.38,0,True,False,3.824,True,False,False
DOGEUSDT,BUY,26662,2026-07-21 07:00:00,0.0732,0.984,1.504,-1.025,101,lose,0.273,0.684,1.435,0,fresh,38.5,True,0.49,False,False,none,False,False,2,0,True,False,False,False,False,False,False,False,0,0,0,0,False,False,False,0,0,False,False,0,0,0,False,False,0.41,0,True,False,2.051,False,False,False
DOGEUSDT,BUY,27803,2026-08-02 04:15:00,0.0701,1.94,1.669,-1.527,112,lose,0.285,0.571,1.427,0,fresh,58.3,True,0.75,False,False,none,False,False,2,0,True,False,False,False,False,False,False,False,0,0,0,0,False,False,False,0,0,False,False,0,0,0,False,False,0.08,0,True,False,1.569,False,False,False
DOGEUSDT,SELL,27915,2026-08-03 08:15:00,0.069,0.072,2.362,-1.898,80,lose,0.29,0.724,-1.855,0,fresh,60.7,False,1.58,True,False,none,False,False,1,3,True,False,False,False,False,False,False,False,0,0,0,0,False,False,False,0,1,False,False,0,0,0,False,False,2.02,0,True,False,1.594,False,False,False
DOGEUSDT,BUY,27995,2026-08-04 04:15:00,0.0703,0.498,1.564,-1.01,191,lose,0.284,0.427,0.739,0,fresh,26.3,True,0.59,False,True,bullish,True,False,2,3,False,True,False,False,False,False,False,False,0,0,0,0,False,False,False,1,1,False,False,0,0,0,False,False,0.22,0,True,False,1.564,False,False,False
DOGEUSDT,SELL,28470,2026-08-09 03:00:00,0.0698,0.014,1.575,-1.518,76,lose,0.286,0.43,-1.231,0,fresh,81.2,False,0.84,False,False,none,False,False,0,5,True,False,False,False,False,False,False,False,0,1,0,0,True,False,True,0,1,False,False,0,0,0,False,False,0.29,0,True,False,0.716,False,False,False
DOGEUSDT,BUY,28546,2026-08-09 22:00:00,0.0709,0.071,2.652,-1.707,14,lose,0.141,0.282,0.987,0,fresh,89.5,True,2.31,True,False,none,False,False,1,2,False,True,False,False,False,False,False,False,0,0,0,0,False,False,False,0,0,False,False,0,0,0,False,False,3.93,0,True,False,0.705,False,True,False
DOGEUSDT,SELL,28560,2026-08-10 01:30:00,0.0697,0.474,1.665,-1.578,142,lose,0.43,0.717,-1.435,0,fresh,6.7,True,0.69,False,False,none,False,False,2,3,True,False,False,False,False,False,False,False,0,0,0,0,False,False,False,1,1,False,False,0,0,0,False,False,0.44,0,True,False,0.717,False,False,False
DOGEUSDT,SELL,29977,2026-08-24 19:45:00,0.0891,0.505,3.054,-2.032,22,lose,0.898,1.797,-4.087,0,fresh,34.1,False,0.28,False,False,none,False,False,2,2,False,False,False,False,False,False,False,False,0,0,0,0,False,False,False,0,1,False,False,0,0,0,False,False,0.19,0,True,False,5.502,True,False,True
ETHUSDT,BUY,489,2025-10-21 15:45:00,4080.41,0.686,6.495,-5.207,40,lose,0.796,1.593,5.038,0,fresh,31.3,True,1.16,False,False,none,False,False,4,1,True,False,False,False,False,False,False,False,0,0,0,0,False,False,False,0,0,False,False,0,0,0,False,False,0.0,0,True,False,3.676,True,False,True
ETHUSDT,BUY,1479,2025-10-31 23:15:00,3853.87,1.638,1.917,-1.465,206,lose,0.41,0.82,1.179,0,fresh,54.1,True,0.13,False,False,none,False,False,3,3,False,False,False,False,False,False,False,False,0,0,0,0,False,False,False,1,0,False,False,0,0,0,False,False,0.77,0,True,True,5.124,False,False,False
ETHUSDT,BUY,1937,2025-11-05 17:45:00,3433.78,1.317,5.402,-5.069,91,lose,0.724,1.449,3.963,0,fresh,12.2,True,0.47,False,False,none,False,False,4,0,True,False,False,False,False,False,False,False,0,0,0,0,False,False,False,0,0,False,False,0,0,0,False,False,0.47,0,True,False,2.065,True,False,False
ETHUSDT,BUY,2135,2025-11-07 19:15:00,3426.63,1.849,2.14,-1.563,134,lose,0.83,1.659,4.358,0,fresh,52.4,False,0.43,False,False,none,False,False,4,0,True,False,False,False,False,False,False,False,0,0,0,0,False,False,False,0,1,True,False,0,0,0,False,False,0.08,1,True,False,2.432,True,False,True
ETHUSDT,SELL,2269,2025-11-09 04:45:00,3373.08,0.062,5.356,-5.356,38,lose,0.369,0.739,-1.438,0,fresh,13.7,False,0.66,False,False,none,False,False,2,4,True,False,False,False,False,False,False,False,0,0,0,0,False,False,False,0,1,False,False,0,0,0,False,False,0.31,0,True,False,2.47,False,False,False
ETHUSDT,BUY,2585,2025-11-12 11:45:00,3548.24,1.099,5.023,-4.15,21,lose,0.479,0.959,2.572,0,fresh,64.8,True,0.43,False,False,none,False,False,7,1,True,False,False,False,False,False,False,False,0,0,0,0,False,False,False,0,0,False,False,0,0,0,False,False,0.55,0,True,True,1.076,False,False,False
ETHUSDT,SELL,2606,2025-11-12 17:00:00,3400.98,0.887,4.823,-4.004,59,lose,0.848,1.697,-3.98,0,fresh,14.6,True,0.74,False,False,none,False,False,2,4,True,False,False,False,False,False,False,False,0,1,0,0,True,False,True,1,1,False,False,0,0,0,False,False,0.24,0,True,False,1.123,True,False,True
ETHUSDT,BUY,2665,2025-11-13 07:45:00,3537.16,0.335,5.204,-4.82,34,lose,0.634,1.269,2.626,0,fresh,38.0,False,0.98,False,False,none,False,False,3,0,True,False,False,False,False,False,False,False,0,0,0,0,False,False,False,1,0,False,False,0,0,0,False,False,0.35,0,True,True,1.079,True,False,False
ETHUSDT,BUY,3188,2025-11-18 18:30:00,3157.0,0.389,5.285,-4.018,47,lose,0.757,1.514,3.592,0,fresh,87.9,True,0.43,False,True,bullish,True,False,4,0,True,False,False,False,False,False,False,False,0,0,0,0,False,False,False,0,0,False,False,0,0,0,False,False,0.82,0,True,True,3.448,True,False,True
ETHUSDT,SELL,4218,2025-11-29 12:00:00,2993.33,1.113,1.967,-1.447,107,lose,0.266,0.532,-1.358,0,fresh,75.0,False,1.49,False,True,bearish,True,False,0,3,True,False,False,False,False,False,False,False,0,1,0,0,True,False,True,0,1,False,False,0,0,0,False,False,0.5,0,True,False,2.305,False,False,False
ETHUSDT,BUY,4325,2025-11-30 14:45:00,3036.64,0.389,5.232,-4.771,38,lose,0.324,0.648,1.351,0,fresh,79.4,True,0.81,False,False,none,False,False,3,1,True,False,False,False,False,False,False,False,0,0,0,0,False,False,False,1,0,False,False,1,0,0,False,False,0.3,0,True,True,2.807,False,False,False
ETHUSDT,BUY,5751,2025-12-15 11:15:00,3158.6,0.013,5.496,-4.647,17,lose,0.348,0.696,1.767,0,fresh,44.7,True,0.46,False,False,none,False,False,3,0,True,False,False,False,False,False,False,False,0,0,0,0,False,False,False,1,0,False,False,1,0,0,False,False,0.45,1,True,False,0.282,False,False,False
ETHUSDT,BUY,6788,2025-12-26 06:30:00,2979.08,0.463,2.889,-2.374,41,lose,0.325,0.65,1.741,0,fresh,40.3,True,0.44,False,False,none,False,False,5,2,True,False,False,False,False,False,False,False,0,0,0,0,False,False,False,1,0,False,False,0,0,0,False,False,0.37,0,True,False,2.519,False,False,False
ETHUSDT,SELL,6829,2025-12-26 16:45:00,2908.36,0.075,1.77,-1.156,168,lose,0.432,0.865,-2.06,0,fresh,69.9,False,0.66,False,False,none,False,False,1,3,True,False,False,False,False,False,False,False,0,0,0,0,False,False,False,0,1,False,False,0,0,0,False,False,0.74,0,True,True,2.58,False,False,False
ETHUSDT,SELL,7098,2025-12-29 12:00:00,2918.77,0.349,3.08,-2.458,113,lose,0.475,0.949,-3.074,0,fresh,84.4,False,4.29,True,True,bearish,True,False,1,5,True,False,False,False,False,False,False,False,0,0,0,0,False,False,False,0,0,False,False,0,0,0,False,False,5.58,0,True,True,2.571,False,False,False
ETHUSDT,BUY,8350,2026-01-11 13:00:00,3113.84,1.832,1.686,-0.44,151,lose,0.128,0.255,0.761,0,fresh,36.9,True,1.13,False,False,none,False,False,4,0,True,False,False,False,False,False,False,False,0,0,0,0,False,False,False,0,0,False,False,0,0,0,False,False,1.2,0,True,False,0.142,False,True,False
ETHUSDT,SELL,8501,2026-01-13 02:45:00,3100.13,0.01,2.837,-2.677,52,lose,0.299,0.598,-1.007,0,fresh,34.6,True,0.39,False,False,none,False,False,2,2,False,False,False,False,False,False,False,False,0,0,0,0,False,False,False,0,1,False,False,0,0,0,False,False,0.91,1,True,True,1.591,False,False,False
ETHUSDT,SELL,8795,2026-01-16 04:15:00,3296.49,1.367,0.948,-0.928,141,lose,0.284,0.567,-1.078,0,fresh,10.3,False,1.05,False,False,none,False,False,2,5,True,False,False,False,False,False,False,False,0,0,0,0,False,False,False,1,0,True,False,1,0,0,False,False,0.62,0,True,True,5.313,False,False,False
ETHUSDT,BUY,8936,2026-01-17 15:30:00,3327.08,1.229,4.571,-3.738,131,lose,0.161,0.323,1.109,0,fresh,89.4,True,3.32,True,False,none,False,False,5,1,True,False,False,False,False,False,False,False,0,0,0,0,False,False,False,0,0,False,False,0,0,0,False,False,0.24,0,True,True,5.264,False,False,False
ETHUSDT,SELL,11123,2026-02-09 10:15:00,2026.98,0.936,5.715,-4.828,35,lose,0.596,1.191,-3.322,0,fresh,67.5,False,1.96,True,True,bearish,True,False,0,5,True,False,False,False,False,False,False,False,0,0,0,0,False,False,False,0,0,False,False,0,0,0,False,False,1.94,0,True,True,5.723,True,False,False
ETHUSDT,BUY,11158,2026-02-09 19:00:00,2124.85,1.089,6.061,-5.397,48,lose,0.938,1.877,4.224,0,fresh,56.0,False,0.33,False,False,none,False,False,3,0,True,False,False,False,False,False,False,False,0,1,0,0,False,False,True,0,1,True,False,0,0,0,False,False,0.21,0,True,True,5.459,True,False,True
ETHUSDT,BUY,11979,2026-02-18 08:15:00,2029.29,0.035,4.06,-3.84,42,lose,0.417,0.835,2.544,0,fresh,53.1,True,4.91,True,False,none,False,False,5,1,True,False,False,False,False,False,False,False,0,0,0,0,False,False,False,1,0,False,False,0,0,0,False,False,3.32,0,True,False,1.5,False,False,False
ETHUSDT,BUY,12277,2026-02-21 10:45:00,1973.29,1.183,1.574,-1.355,111,lose,0.195,0.391,1.016,0,fresh,28.0,False,0.44,False,False,none,False,False,4,1,True,False,False,False,False,False,False,False,0,0,0,0,False,False,False,0,0,False,False,0,0,0,False,False,0.28,0,True,False,2.416,False,False,False
ETHUSDT,SELL,13090,2026-03-01 22:00:00,1944.79,1.614,6.761,-6.406,72,lose,0.864,1.728,-2.651,0,fresh,34.6,True,2.05,True,False,none,False,False,2,5,True,False,False,False,False,False,False,False,0,0,0,0,False,False,False,0,1,False,False,0,1,0,False,False,7.11,0,True,False,3.419,True,False,True
ETHUSDT,BUY,13162,2026-03-02 16:00:00,2069.37,0.949,6.348,-5.945,72,lose,1.043,2.087,6.596,0,fresh,67.2,True,1.79,True,False,none,False,False,4,2,True,False,False,False,False,False,False,False,0,0,0,0,False,False,False,0,0,False,False,0,0,0,False,False,0.0,1,True,False,0.788,True,False,True
ETHUSDT,SELL,13234,2026-03-03 10:00:00,1946.35,1.029,6.867,-6.632,93,lose,0.638,1.275,-3.468,0,fresh,48.4,False,0.53,False,False,none,False,False,0,4,True,False,False,False,False,False,False,False,0,0,0,0,False,False,False,0,0,False,False,0,0,0,False,False,0.27,0,True,True,0.837,True,False,False
ETHUSDT,SELL,14279,2026-03-14 07:15:00,2078.66,0.893,1.813,-1.431,88,lose,0.324,0.648,-1.711,0,fresh,15.9,True,0.48,False,False,none,False,False,1,4,True,False,False,False,False,False,False,False,0,0,0,0,False,False,False,1,0,True,False,1,0,0,False,False,0.3,0,True,False,1.098,False,False,False
ETHUSDT,BUY,15656,2026-03-28 15:30:00,2027.21,0.087,1.926,-1.595,77,lose,0.417,0.833,1.712,0,fresh,0.8,True,0.94,False,False,none,False,False,2,0,True,False,False,False,False,False,False,False,0,0,0,1,False,False,True,1,1,False,False,0,0,0,False,False,0.22,1,True,True,9.737,False,False,False
ETHUSDT,SELL,16088,2026-04-02 03:30:00,2052.97,1.823,1.512,-0.558,273,lose,0.741,1.482,-4.198,0,fresh,65.8,False,2.36,True,True,bearish,True,False,1,6,True,False,False,False,False,False,False,False,0,0,0,0,False,False,False,0,0,False,False,0,0,0,False,False,2.61,0,True,False,1.39,True,False,False
ETHUSDT,BUY,16361,2026-04-04 23:45:00,2064.43,0.008,1.846,-1.425,31,lose,0.187,0.375,0.726,0,fresh,30.5,True,0.68,False,False,none,False,False,2,2,False,False,False,False,False,False,False,False,0,0,1,0,False,True,True,1,0,False,False,0,0,0,False,False,1.93,1,True,True,1.447,False,False,False
ETHUSDT,SELL,16392,2026-04-05 07:30:00,2035.02,0.708,3.035,-3.016,62,lose,0.23,0.46,-1.23,0,fresh,63.5,False,1.03,False,True,bearish,True,False,1,5,True,False,False,False,False,False,False,False,0,0,0,0,False,False,False,0,0,False,False,0,0,0,False,False,0.05,0,True,False,1.468,False,False,False
ETHUSDT,SELL,16777,2026-04-09 07:45:00,2179.97,1.1,3.036,-1.911,120,lose,0.271,0.541,-1.235,0,fresh,27.5,False,0.61,False,False,none,False,False,2,1,False,True,False,False,False,False,False,False,0,0,0,0,False,False,False,0,0,False,False,0,0,0,False,False,0.2,0,True,False,1.439,False,False,False
ETHUSDT,SELL,17333,2026-04-15 02:45:00,2323.71,0.728,2.623,-1.288,91,lose,0.402,0.804,-1.266,0,fresh,42.7,True,0.63,False,False,none,False,False,1,2,True,False,False,False,False,False,False,False,1,0,0,0,False,False,True,1,0,True,False,0,0,0,False,False,0.81,0,True,False,1.976,False,False,False
ETHUSDT,BUY,18688,2026-04-29 05:30:00,2325.64,0.896,2.794,-2.555,45,lose,0.33,0.66,1.785,0,fresh,7.6,False,0.36,False,False,none,False,False,7,3,True,False,False,False,False,False,False,False,0,0,0,1,False,False,True,0,1,True,False,0,0,0,False,False,0.13,0,True,False,0.909,False,False,False
ETHUSDT,BUY,20047,2026-05-13 09:15:00,2317.27,0.233,2.989,-2.194,22,lose,0.24,0.479,1.348,0,fresh,29.2,False,1.54,True,False,none,False,False,4,2,True,False,False,False,False,False,False,False,0,0,0,0,False,False,False,0,0,False,False,0,0,0,False,False,0.41,0,True,True,3.078,False,False,False
ETHUSDT,SELL,20069,2026-05-13 14:45:00,2266.43,1.475,2.267,-2.149,104,lose,0.401,0.803,-1.777,0,fresh,30.5,True,0.41,False,False,none,False,False,0,6,True,False,False,False,False,False,False,False,0,0,0,0,False,False,False,0,0,False,False,0,0,0,False,False,0.06,0,True,False,3.147,False,False,False
ETHUSDT,BUY,20173,2026-05-14 16:45:00,2315.13,0.15,3.407,-2.684,62,lose,0.469,0.937,2.654,0,fresh,22.1,True,1.91,True,False,none,False,False,6,0,True,False,False,False,False,False,False,False,0,0,0,1,False,False,True,0,1,True,False,0,0,0,False,False,0.94,0,True,False,0.6,False,False,False
ETHUSDT,BUY,20762,2026-05-20 20:00:00,2139.28,0.828,1.672,-1.566,70,lose,0.312,0.623,1.191,0,fresh,21.2,True,0.31,False,False,none,False,False,2,3,False,True,False,False,False,False,False,False,0,0,0,0,False,False,False,1,0,False,False,0,0,0,False,False,0.79,0,True,False,0.864,False,False,False
ETHUSDT,BUY,21614,2026-05-29 17:00:00,2041.51,0.107,1.993,-1.735,189,lose,0.555,1.11,2.587,0,fresh,18.7,True,0.48,False,False,none,False,False,3,0,True,False,False,False,False,False,False,False,0,0,0,0,False,False,False,1,1,False,False,0,0,0,False,False,0.14,0,True,True,2.209,True,False,False
ETHUSDT,SELL,22668,2026-06-09 16:30:00,1627.79,1.581,4.029,-3.217,199,lose,0.689,1.378,-3.471,0,fresh,8.5,False,2.54,True,False,none,False,False,1,3,True,False,False,False,False,False,False,False,0,1,0,0,True,False,True,0,1,False,False,0,0,0,False,False,1.69,0,True,True,7.13,True,False,False
ETHUSDT,BUY,22867,2026-06-11 18:15:00,1680.16,1.068,1.725,-1.158,282,lose,0.685,1.37,3.123,0,fresh,23.7,False,1.19,False,False,none,False,False,2,0,True,False,False,False,False,False,False,False,0,0,0,0,False,False,False,1,1,False,False,1,0,0,False,False,0.16,0,True,True,6.908,True,False,False
ETHUSDT,SELL,23149,2026-06-14 16:45:00,1660.7,0.158,4.293,-3.444,20,lose,0.246,0.491,-1.053,0,fresh,73.1,False,1.44,False,True,bearish,True,False,3,4,True,False,False,False,False,False,False,False,0,0,0,0,False,False,False,0,1,False,False,0,0,0,False,False,2.36,1,True,True,6.989,False,False,False
ETHUSDT,BUY,23685,2026-06-20 06:45:00,1726.88,1.288,1.535,-1.227,163,lose,0.286,0.571,1.518,0,fresh,35.0,True,0.71,False,False,none,False,False,2,1,True,False,False,False,False,False,False,False,1,0,0,0,True,False,True,1,0,False,False,0,0,0,False,False,0.02,1,True,True,1.587,False,False,False
ETHUSDT,SELL,23848,2026-06-21 23:30:00,1705.69,0.107,3.477,-3.341,48,lose,0.413,0.827,-1.895,0,fresh,68.6,False,1.56,True,True,bearish,True,False,1,4,True,False,False,False,False,False,False,False,0,0,1,1,False,True,True,1,1,False,False,0,0,0,False,False,3.45,0,True,True,1.607,False,False,False
ETHUSDT,BUY,23896,2026-06-22 11:30:00,1762.68,0.926,3.04,-2.827,71,lose,0.352,0.704,2.161,0,fresh,82.7,True,4.31,True,True,bullish,True,False,3,0,True,False,False,False,False,False,False,False,0,0,0,0,False,False,False,0,0,False,False,0,0,0,False,False,2.27,0,True,False,1.555,False,False,False
ETHUSDT,BUY,24166,2026-06-25 07:00:00,1652.28,0.407,7.401,-6.977,27,lose,0.429,0.858,2.203,0,fresh,19.1,False,1.0,False,False,none,False,False,4,0,True,False,False,False,False,False,False,False,0,0,0,0,False,False,False,1,0,False,False,0,0,0,False,False,0.22,1,True,False,0.877,False,False,False
ETHUSDT,SELL,24193,2026-06-25 13:45:00,1537.0,1.7,4.01,-3.671,194,lose,0.928,1.856,-7.674,0,fresh,77.5,False,7.82,True,True,bearish,True,False,1,5,True,False,False,False,False,False,False,False,0,1,0,0,True,False,True,0,1,False,False,0,0,0,False,False,0.43,0,True,False,0.943,True,False,True
ETHUSDT,BUY,24387,2026-06-27 14:15:00,1593.42,1.068,1.998,-1.446,68,lose,0.241,0.482,1.567,0,fresh,64.2,False,1.38,False,False,none,False,False,2,1,True,False,False,False,False,False,False,False,0,0,0,1,False,False,True,0,1,True,False,0,0,0,False,False,0.76,0,True,False,2.552,False,False,False
ETHUSDT,SELL,24455,2026-06-28 07:15:00,1570.38,1.489,4.255,-3.65,139,lose,0.268,0.537,-1.03,0,fresh,89.5,False,0.45,False,False,none,False,False,2,3,True,False,False,False,False,False,False,False,0,1,0,0,True,False,True,0,1,False,False,0,0,0,False,False,1.03,0,True,False,2.59,False,False,False
ETHUSDT,BUY,24594,2026-06-29 18:00:00,1627.7,0.006,3.265,-2.925,70,lose,0.711,1.423,3.891,0,fresh,6.4,True,0.5,False,False,none,False,False,5,0,True,False,False,False,False,False,False,False,0,0,0,1,False,False,True,1,1,False,False,1,0,0,False,False,0.28,0,True,False,2.499,True,False,False
ETHUSDT,SELL,24664,2026-06-30 11:30:00,1580.09,1.957,3.204,-2.722,111,lose,0.287,0.575,-1.299,0,fresh,34.0,True,2.06,True,False,none,False,False,0,3,True,False,False,False,False,False,False,False,0,0,0,0,False,False,False,0,0,False,False,0,0,0,False,False,0.14,1,True,True,0.487,False,False,False
ETHUSDT,SELL,25773,2026-07-12 00:45:00,1788.23,0.056,2.123,-1.583,69,lose,0.376,0.751,-1.445,0,fresh,36.1,True,0.89,False,False,none,False,False,2,4,True,False,False,False,False,False,False,False,0,0,0,1,False,True,True,0,1,False,False,0,0,0,False,False,0.32,1,True,False,0.761,False,False,False
ETHUSDT,BUY,25842,2026-07-12 18:00:00,1816.54,1.732,2.452,-1.808,44,lose,0.273,0.546,0.945,0,fresh,16.9,False,0.69,False,False,none,False,False,2,0,True,False,False,False,False,False,False,False,0,0,0,0,False,False,False,0,0,False,False,0,0,0,False,False,0.39,1,True,True,0.843,False,False,False
ETHUSDT,SELL,27302,2026-07-27 23:00:00,1889.76,1.796,2.04,-1.568,89,lose,0.482,0.965,-3.396,0,fresh,21.6,False,3.6,True,False,none,False,False,1,7,True,False,False,False,False,False,False,False,0,0,0,0,False,False,False,1,0,True,False,1,0,0,False,False,0.21,0,True,True,0.439,False,False,False
ETHUSDT,BUY,27391,2026-07-28 21:15:00,1919.4,0.895,2.56,-1.872,240,lose,0.361,0.723,1.657,0,fresh,6.8,False,0.1,False,False,none,False,False,2,2,False,False,False,False,False,False,False,False,0,0,0,0,False,False,False,0,0,False,False,0,0,0,False,False,1.2,0,True,False,0.432,False,False,False
ETHUSDT,BUY,27799,2026-08-02 03:15:00,1875.01,1.253,1.944,-1.644,112,lose,0.31,0.62,1.546,0,fresh,0.0,False,1.08,False,False,none,False,False,3,1,True,False,False,False,False,False,False,False,1,0,0,0,True,False,True,1,0,False,False,0,0,0,False,False,0.25,1,True,True,1.409,False,False,False
ETHUSDT,SELL,27911,2026-08-03 07:15:00,1844.19,0.922,2.035,-1.545,121,lose,0.285,0.57,-1.567,0,fresh,4.9,True,2.47,True,False,none,False,False,0,5,True,False,False,False,False,False,False,False,0,0,0,0,False,False,False,0,0,False,False,0,0,0,False,False,0.26,2,True,False,2.196,False,False,False
ETHUSDT,BUY,28785,2026-08-12 09:45:00,1905.1,1.043,1.737,-1.381,56,lose,0.211,0.422,1.455,0,fresh,25.7,True,0.91,False,False,none,False,False,5,3,True,False,False,False,False,False,False,False,0,0,0,0,False,False,False,0,0,False,False,0,0,0,False,False,0.33,1,True,False,0.979,False,False,False
ETHUSDT,SELL,28841,2026-08-12 23:45:00,1878.79,0.888,1.108,-0.449,357,lose,0.239,0.479,-1.037,0,fresh,56.1,True,0.58,False,False,none,False,False,2,2,False,False,False,False,False,False,False,False,0,1,0,0,True,False,True,0,1,False,False,0,0,0,False,False,0.05,0,True,False,0.993,False,False,False
LINKUSDT,SELL,930,2025-10-26 06:00:00,17.756,0.107,3.272,-3.114,23,lose,0.278,0.556,-1.2,0,fresh,76.2,False,0.76,False,False,none,False,False,1,2,True,False,False,False,False,False,False,False,0,0,0,0,False,False,False,0,1,False,False,0,0,0,False,False,0.29,0,True,False,4.748,False,False,False
LINKUSDT,BUY,1521,2025-11-01 09:45:00,17.334,1.875,4.794,-4.667,166,lose,0.437,0.875,1.772,0,fresh,52.2,True,0.82,False,False,none,False,False,2,3,False,True,False,False,False,False,False,False,1,0,0,0,True,False,True,1,0,False,False,0,0,0,False,False,1.05,0,True,False,1.708,False,False,False
LINKUSDT,BUY,1958,2025-11-05 23:00:00,15.176,0.593,6.207,-5.192,72,lose,0.702,1.404,2.496,0,fresh,26.6,False,4.11,True,False,none,False,False,2,0,True,False,False,False,False,False,False,False,0,0,0,0,False,False,False,1,0,False,False,0,0,0,False,True,21.51,1,True,True,1.41,True,False,False
LINKUSDT,SELL,2030,2025-11-06 17:00:00,14.388,0.612,9.842,-9.793,97,lose,1.083,2.166,-5.121,0,fresh,12.0,False,0.82,False,False,none,False,False,2,5,True,False,False,False,False,False,False,False,0,0,0,0,False,False,False,0,1,False,False,0,1,0,False,False,0.15,0,True,False,1.487,True,False,True
LINKUSDT,SELL,2260,2025-11-09 02:30:00,15.195,1.204,4.883,-4.067,53,lose,0.605,1.21,-3.002,0,fresh,78.9,False,3.72,True,True,bearish,True,False,1,4,True,False,False,False,False,False,False,False,0,0,1,0,False,False,True,1,0,True,False,0,0,0,False,False,6.12,0,True,True,1.408,True,False,False
LINKUSDT,BUY,2585,2025-11-12 11:45:00,16.107,0.851,6.469,-5.873,20,lose,0.651,1.303,3.66,0,fresh,37.4,True,1.05,False,False,none,False,False,6,1,True,False,False,False,False,False,False,False,0,0,0,0,False,False,False,0,0,False,False,0,0,0,False,False,0.08,0,True,False,1.844,True,False,False
LINKUSDT,SELL,2605,2025-11-12 16:45:00,15.161,1.675,5.626,-4.736,59,lose,1.106,2.212,-5.478,0,fresh,26.8,False,0.89,False,False,none,False,False,0,4,True,False,False,False,False,False,False,False,0,0,0,0,False,False,False,1,0,True,False,0,0,0,False,False,0.26,0,True,False,1.959,True,False,True
LINKUSDT,BUY,2664,2025-11-13 07:30:00,15.879,0.428,7.299,-7.003,40,lose,0.799,1.598,3.259,0,fresh,38.5,False,0.79,False,True,bearish,False,True,4,1,True,False,False,False,False,False,False,False,0,0,0,0,False,False,False,1,0,False,False,0,0,0,False,False,0.44,0,True,True,1.87,True,False,True
LINKUSDT,BUY,3207,2025-11-18 23:15:00,13.802,0.254,5.036,-3.818,28,lose,0.604,1.209,2.106,0,fresh,0.0,False,0.73,False,False,none,False,False,2,3,False,True,False,False,False,False,False,False,0,0,0,0,False,False,False,1,0,False,False,1,0,0,False,False,0.62,0,True,False,0.985,True,False,False
LINKUSDT,BUY,3325,2025-11-20 04:45:00,13.769,1.678,7.197,-6.769,49,lose,0.601,1.203,3.504,0,fresh,99.3,True,1.88,True,True,bullish,True,False,1,0,True,False,False,False,False,False,False,False,0,0,0,0,False,False,False,0,0,False,False,0,0,0,False,False,3.67,0,True,False,1.859,True,False,False
LINKUSDT,SELL,4150,2025-11-28 19:00:00,13.155,1.908,1.3,-0.646,179,lose,0.594,1.189,-2.06,0,fresh,81.6,True,0.38,False,False,none,False,False,0,5,True,False,False,False,False,False,False,False,0,0,0,0,False,False,False,0,0,False,False,0,0,0,False,False,1.13,0,True,False,2.98,True,False,False
LINKUSDT,BUY,4329,2025-11-30 15:45:00,13.24,1.307,6.088,-5.665,34,lose,0.477,0.955,1.624,0,fresh,8.7,False,0.68,False,False,none,False,False,3,0,True,False,False,False,False,False,False,False,0,0,0,0,False,False,False,0,0,False,False,0,0,0,False,False,0.02,0,True,False,3.119,False,False,False
LINKUSDT,BUY,4929,2025-12-06 21:45:00,13.958,0.509,5.38,-5.216,68,lose,0.474,0.947,1.895,0,fresh,63.3,True,0.19,False,False,none,False,False,1,3,False,True,False,False,False,False,False,False,0,0,1,0,False,True,True,1,0,False,False,1,0,0,False,False,0.61,0,True,False,1.247,False,False,False
LINKUSDT,SELL,4997,2025-12-07 14:45:00,13.23,0.469,11.534,-11.308,197,lose,0.769,1.537,-5.43,0,fresh,45.1,False,1.52,True,False,none,False,False,3,4,True,False,False,False,False,False,False,False,0,0,0,0,False,False,False,0,0,False,False,0,0,0,False,False,0.21,1,True,False,1.035,True,False,True
LINKUSDT,BUY,5194,2025-12-09 16:00:00,14.726,1.901,6.451,-6.356,132,lose,0.945,1.891,7.564,0,fresh,91.8,True,4.85,True,True,bullish,True,False,5,1,True,False,False,False,False,False,False,False,0,0,0,0,False,False,False,0,0,False,False,0,0,0,False,False,0.13,1,True,False,2.499,True,False,True
LINKUSDT,SELL,6337,2025-12-21 13:45:00,12.244,0.147,4.035,-3.43,83,lose,0.519,1.036,-3.07,0,fresh,57.7,False,2.01,True,False,none,False,False,1,4,True,False,False,False,False,False,False,False,0,0,1,0,False,False,True,1,1,False,True,0,1,0,False,False,0.38,0,True,True,3.749,True,False,False
LINKUSDT,BUY,6791,2025-12-26 07:15:00,12.454,0.321,3.348,-2.417,39,lose,0.414,0.826,2.063,0,fresh,8.3,True,0.67,False,False,none,False,False,3,1,True,False,False,False,False,False,False,False,0,0,0,0,False,False,False,1,0,False,False,1,0,0,False,False,1.26,0,True,True,5.525,False,False,False
LINKUSDT,SELL,6830,2025-12-26 17:00:00,12.153,0.214,2.362,-2.304,116,lose,0.521,1.041,-1.992,0,fresh,56.0,True,0.55,False,False,none,False,False,0,2,True,False,False,False,False,False,False,False,0,0,0,0,False,False,False,0,1,False,False,0,0,0,False,False,0.28,0,True,True,5.662,True,False,False
LINKUSDT,SELL,7100,2025-12-29 12:30:00,12.367,1.819,1.868,-0.615,312,lose,0.632,1.263,-3.174,0,fresh,8.8,True,1.27,False,False,none,False,False,0,6,True,False,False,False,False,False,False,False,0,0,0,0,False,False,False,0,1,False,False,0,1,0,False,False,0.13,0,True,True,5.563,True,False,False
LINKUSDT,BUY,8376,2026-01-11 19:30:00,13.279,1.792,2.854,-1.732,107,lose,0.35,0.7,1.093,0,fresh,67.6,False,0.37,False,True,bearish,False,True,1,3,False,True,False,False,False,False,False,False,0,0,1,0,False,True,True,1,0,False,False,0,0,0,False,False,0.63,0,True,False,0.369,False,False,False
LINKUSDT,SELL,8483,2026-01-12 22:15:00,13.049,0.146,3.579,-2.667,66,lose,0.447,0.894,-1.856,0,fresh,47.4,False,0.56,False,False,none,False,False,0,5,True,False,False,False,False,False,False,False,0,0,0,0,False,False,False,0,1,False,False,0,0,0,False,False,0.62,0,True,True,2.1,False,False,False
LINKUSDT,BUY,8938,2026-01-17 16:00:00,13.868,0.043,11.307,-7.665,128,lose,0.291,0.581,1.439,0,fresh,46.4,False,1.17,False,False,none,False,False,3,0,True,False,False,False,False,False,False,False,0,0,0,0,False,False,False,1,0,False,False,0,0,0,False,False,0.63,0,True,True,3.49,False,False,False
LINKUSDT,BUY,9376,2026-01-22 05:30:00,12.485,0.104,2.964,-2.243,60,lose,0.38,0.76,1.306,0,fresh,28.6,True,0.62,False,False,none,False,False,4,3,True,False,False,False,False,False,False,False,0,0,0,0,False,False,False,0,0,False,False,0,0,0,False,False,0.07,0,True,False,4.069,False,False,False
LINKUSDT,BUY,10477,2026-02-02 16:45:00,9.919,0.524,6.241,-6.17,100,lose,0.917,1.834,3.871,0,fresh,55.3,False,0.66,False,False,none,False,False,2,0,True,False,False,False,False,False,False,False,0,0,0,0,False,False,False,1,0,False,False,0,0,0,False,False,0.43,0,True,False,3.508,True,False,True
LINKUSDT,SELL,11121,2026-02-09 09:45:00,8.598,1.628,4.838,-4.245,41,lose,0.547,1.092,-3.193,0,fresh,25.0,False,1.51,True,False,none,False,False,1,5,True,False,False,False,False,False,False,False,0,0,0,0,False,False,False,0,0,False,False,0,0,0,False,False,0.54,0,True,False,2.826,True,False,False
LINKUSDT,BUY,11162,2026-02-09 20:00:00,8.963,0.011,5.456,-4.697,45,lose,0.791,1.581,3.747,0,fresh,0.0,False,0.8,False,False,none,False,False,3,0,True,False,False,False,False,False,False,False,0,0,0,0,False,False,False,1,0,False,False,0,0,0,False,False,0.23,0,True,True,2.711,True,False,True
LINKUSDT,BUY,12202,2026-02-20 16:00:00,8.89,1.879,2.283,-1.98,184,lose,0.839,1.679,4.746,0,fresh,67.0,True,1.99,True,True,bullish,True,False,5,3,True,False,False,False,False,False,False,False,0,0,0,0,False,False,False,0,0,False,False,0,0,0,False,False,0.21,0,True,False,0.889,True,False,True
LINKUSDT,SELL,13086,2026-03-01 21:00:00,8.574,0.117,7.523,-7.231,76,lose,0.733,1.465,-4.071,0,fresh,51.2,True,0.68,False,False,none,False,False,1,6,True,False,False,False,False,False,False,False,0,0,0,0,False,False,False,0,1,False,False,0,1,0,False,False,0.29,1,True,False,3.103,True,False,False
LINKUSDT,BUY,13162,2026-03-02 16:00:00,9.194,0.805,6.559,-6.069,70,lose,0.981,1.961,6.023,0,fresh,77.3,True,2.21,True,False,none,False,False,3,1,True,False,False,False,False,False,False,False,0,0,0,0,False,False,False,0,1,True,False,0,0,0,False,False,0.33,0,True,False,2.893,True,False,True
LINKUSDT,SELL,13232,2026-03-03 09:30:00,8.636,0.973,6.959,-6.728,95,lose,0.608,1.217,-3.365,0,fresh,16.4,True,1.4,False,False,none,False,False,1,5,True,False,False,False,False,False,False,False,0,0,0,0,False,False,False,0,0,False,False,0,0,0,False,False,0.1,0,True,False,3.08,True,False,False
LINKUSDT,SELL,14079,2026-03-12 05:15:00,8.841,0.011,3.156,-3.156,75,lose,0.376,0.75,-1.789,0,fresh,64.3,False,0.65,False,False,none,False,False,0,3,True,False,False,False,False,False,False,False,0,0,0,0,False,False,False,0,1,False,False,0,0,0,False,False,0.13,0,True,False,2.545,False,False,False
LINKUSDT,SELL,14252,2026-03-14 00:30:00,9.062,1.655,1.324,-1.269,94,lose,0.439,0.877,-2.28,0,fresh,67.3,False,0.93,False,True,bearish,True,False,2,3,True,False,False,False,False,False,False,False,0,1,0,0,True,False,True,0,1,False,False,0,1,0,False,False,0.0,1,True,True,1.236,False,False,False
LINKUSDT,BUY,16342,2026-04-04 19:00:00,8.763,0.171,3.058,-2.453,47,lose,0.272,0.544,1.639,0,fresh,95.9,True,2.39,True,True,bullish,True,False,5,2,True,False,False,False,False,False,False,False,0,0,0,1,False,False,True,0,1,True,False,0,0,0,False,True,10.66,1,True,True,7.224,False,False,False
LINKUSDT,SELL,16389,2026-04-05 06:45:00,8.548,0.901,3.79,-3.182,68,lose,0.277,0.555,-1.609,0,fresh,93.3,False,0.52,False,False,none,False,False,1,5,True,False,False,False,False,False,False,False,0,0,0,0,False,False,False,0,0,False,False,0,0,0,False,False,0.31,0,True,True,7.405,False,False,False
LINKUSDT,SELL,16743,2026-04-08 23:15:00,8.852,1.909,2.09,-1.808,86,lose,0.494,0.986,-3.15,0,fresh,67.9,False,2.22,True,False,none,False,False,2,7,True,False,False,False,False,False,False,False,0,0,0,0,False,False,False,0,0,False,False,0,0,0,False,False,0.2,0,True,True,7.151,False,False,False
LINKUSDT,SELL,17042,2026-04-12 02:00:00,8.796,1.342,2.058,-1.91,166,lose,0.614,1.228,-3.95,0,fresh,17.6,True,2.26,True,False,none,False,False,0,3,True,False,False,False,False,False,False,False,0,1,0,0,True,False,True,0,1,False,True,0,1,0,False,False,0.09,1,True,True,2.785,True,False,False
LINKUSDT,SELL,17309,2026-04-14 20:45:00,9.0,0.289,3.022,-2.589,86,lose,0.536,1.07,-2.113,0,fresh,8.3,True,0.37,False,False,none,False,False,0,3,True,False,False,False,False,False,False,False,0,0,0,0,False,False,False,0,1,False,False,0,1,0,False,False,0.23,0,True,True,4.589,True,False,False
LINKUSDT,SELL,18093,2026-04-23 00:45:00,9.287,1.594,1.12,-0.56,102,lose,0.404,0.808,-1.887,0,fresh,0.0,False,0.62,False,False,none,False,False,2,3,True,False,False,False,False,False,False,False,0,0,0,0,False,False,False,0,0,False,False,0,0,0,False,False,0.41,0,True,False,1.281,False,False,False
LINKUSDT,BUY,18195,2026-04-24 02:15:00,9.339,1.114,1.06,-0.503,164,lose,0.328,0.655,1.08,0,fresh,60.0,False,0.57,False,False,none,False,False,2,1,True,False,False,False,False,False,False,False,1,0,0,0,True,False,True,1,0,False,False,0,0,0,False,False,0.66,0,True,False,1.274,False,False,False
LINKUSDT,SELL,18359,2026-04-25 19:15:00,9.292,0.075,1.668,-1.399,55,lose,0.214,0.428,-1.031,0,fresh,73.3,False,0.31,False,True,bearish,True,False,1,4,True,False,False,False,False,False,False,False,0,0,0,0,False,False,False,0,1,False,False,0,0,0,False,False,0.3,1,True,False,0.57,False,False,False
LINKUSDT,BUY,18414,2026-04-26 09:00:00,9.422,1.762,1.38,-1.104,90,lose,0.206,0.413,0.967,0,fresh,22.2,False,0.66,False,False,none,False,False,4,0,True,False,False,False,False,False,False,False,0,0,0,0,False,False,False,0,0,False,False,0,0,0,False,False,0.24,0,True,False,0.563,False,False,False
LINKUSDT,SELL,18504,2026-04-27 07:30:00,9.318,1.91,0.848,-0.419,186,lose,0.379,0.758,-1.647,0,fresh,15.8,False,0.52,False,False,none,False,False,0,3,True,False,False,False,False,False,False,False,0,1,0,0,True,False,True,1,1,False,False,0,0,0,False,False,0.42,0,True,False,0.569,False,False,False
LINKUSDT,BUY,18690,2026-04-29 06:00:00,9.357,0.609,3.057,-2.853,39,lose,0.284,0.569,1.309,0,fresh,14.3,False,0.84,False,False,none,False,False,5,1,True,False,False,False,False,False,False,False,0,0,0,1,False,False,True,0,1,True,False,0,0,0,False,False,0.17,1,True,True,0.93,False,False,False
LINKUSDT,BUY,18914,2026-05-01 14:00:00,9.249,0.119,2.033,-1.579,50,lose,0.333,0.665,1.668,0,fresh,16.2,False,1.69,True,False,none,False,False,2,2,False,False,False,False,False,False,False,False,0,0,0,1,False,False,True,1,1,False,False,0,0,0,False,False,0.54,0,True,False,3.254,False,False,False
LINKUSDT,SELL,18964,2026-05-02 02:30:00,9.103,0.472,1.659,-1.164,76,lose,0.212,0.424,-0.691,0,fresh,33.3,True,0.59,False,False,none,False,False,1,2,True,False,False,False,False,False,False,False,0,0,0,0,False,False,False,0,1,False,False,0,0,0,False,False,0.32,0,True,True,3.307,False,False,False
LINKUSDT,BUY,19040,2026-05-02 21:30:00,9.209,0.141,1.488,-1.314,28,lose,0.223,0.446,1.207,0,fresh,41.0,True,6.45,True,True,bullish,True,False,4,1,True,False,False,False,False,False,False,False,0,0,0,0,False,False,False,1,0,False,False,0,0,0,False,True,17.65,1,True,True,3.779,False,False,False
LINKUSDT,SELL,19068,2026-05-03 04:30:00,9.088,0.275,2.311,-1.97,86,lose,0.186,0.372,-0.655,0,fresh,33.3,False,1.5,False,False,none,False,False,0,3,True,False,False,False,False,False,False,False,0,0,0,0,False,False,False,0,0,False,False,0,0,0,False,False,2.01,0,True,True,3.829,False,False,False
LINKUSDT,SELL,19531,2026-05-08 00:15:00,9.868,1.084,4.175,-3.932,69,lose,0.372,0.744,-1.321,0,fresh,6.5,False,1.25,False,False,none,False,False,1,3,True,False,False,False,False,False,False,False,0,0,0,0,False,False,False,0,0,False,False,0,0,0,False,False,0.23,0,True,False,3.527,False,False,False
LINKUSDT,SELL,20069,2026-05-13 14:45:00,10.208,1.734,4.428,-4.183,100,lose,0.697,1.394,-3.197,0,fresh,19.4,True,0.36,False,False,none,False,False,0,7,True,False,False,False,False,False,False,False,0,0,0,0,False,False,False,0,0,False,False,0,0,0,False,False,0.18,0,True,False,0.431,True,False,False
LINKUSDT,BUY,20169,2026-05-14 15:45:00,10.635,1.26,4.1,-3.235,59,lose,0.609,1.219,4.088,0,fresh,73.0,True,1.82,True,True,bullish,True,False,9,0,True,False,False,False,False,False,False,False,0,0,0,0,False,False,False,0,0,False,False,0,0,0,False,False,0.26,0,True,False,0.545,True,False,False
LINKUSDT,BUY,20609,2026-05-19 05:45:00,9.745,0.78,3.232,-2.904,65,lose,0.458,0.916,2.404,0,fresh,30.0,True,0.88,False,False,none,False,False,4,0,True,False,False,False,False,False,False,False,0,0,0,0,False,False,False,0,0,False,False,0,0,0,False,False,0.85,0,True,False,0.841,False,False,False
LINKUSDT,SELL,20674,2026-05-19 22:00:00,9.462,0.951,2.357,-2.05,104,lose,0.332,0.664,-1.613,0,fresh,9.4,True,1.22,False,False,none,False,False,0,2,True,False,False,False,False,False,False,False,0,0,0,0,False,False,False,0,0,False,False,0,0,0,False,False,5.55,0,True,True,0.867,False,False,False
LINKUSDT,BUY,21053,2026-05-23 20:45:00,9.753,0.277,4.286,-4.101,98,lose,0.568,1.136,5.063,0,fresh,87.8,True,3.27,True,True,bullish,True,False,4,0,True,False,False,False,False,False,False,False,0,0,0,0,False,False,False,0,0,False,False,0,0,0,False,False,0.1,1,True,False,3.097,True,False,False
LINKUSDT,SELL,21151,2026-05-24 21:15:00,9.353,1.187,3.036,-2.737,70,lose,0.31,0.621,-1.701,0,fresh,81.5,False,1.77,True,True,bearish,True,False,0,4,True,False,False,False,False,False,False,False,0,0,0,0,False,False,False,0,0,False,False,0,0,0,False,False,1.65,0,True,True,3.229,False,False,False
LINKUSDT,BUY,21221,2026-05-25 14:45:00,9.609,0.614,2.654,-2.612,49,lose,0.318,0.638,1.763,0,fresh,64.3,True,0.65,False,False,none,False,False,3,1,True,False,False,False,False,False,False,False,0,0,0,0,False,False,False,0,0,False,False,0,0,0,False,False,0.41,0,True,True,3.143,False,False,False
LINKUSDT,BUY,21648,2026-05-30 01:30:00,9.161,1.626,1.648,-1.474,158,lose,0.435,0.872,2.376,0,fresh,8.5,True,2.98,True,False,none,False,False,6,0,True,False,False,False,False,False,False,False,0,0,0,0,False,False,False,0,0,False,False,0,0,0,False,False,0.1,0,True,True,1.714,False,False,False
LINKUSDT,SELL,23141,2026-06-14 14:45:00,7.826,0.601,4.204,-3.246,30,lose,0.322,0.645,-1.721,0,fresh,96.4,True,1.1,False,False,none,False,False,1,4,True,False,False,False,False,False,False,False,0,0,0,0,False,False,False,0,0,False,False,0,0,0,False,False,0.74,0,True,True,3.399,False,False,False
LINKUSDT,BUY,23795,2026-06-21 10:15:00,7.993,0.013,2.79,-2.402,51,lose,0.295,0.591,1.16,0,fresh,23.3,True,1.7,True,False,none,False,False,3,1,True,False,False,False,False,False,False,False,0,1,1,0,False,True,True,1,1,False,False,0,0,0,False,False,0.27,0,True,False,1.677,False,False,False
LINKUSDT,SELL,23846,2026-06-21 23:00:00,7.801,0.5,4.115,-3.999,53,lose,0.423,0.845,-2.151,0,fresh,85.7,False,1.15,False,False,none,False,False,1,4,True,False,False,False,False,False,False,False,0,0,0,0,False,False,False,0,0,False,False,0,0,0,False,False,0.82,0,True,False,1.718,False,False,False
LINKUSDT,BUY,23899,2026-06-22 12:15:00,8.113,0.493,3.784,-3.562,68,lose,0.452,0.905,2.84,0,fresh,54.2,True,1.21,False,False,none,False,False,3,0,True,False,False,False,False,False,False,False,0,0,0,0,False,False,False,0,0,False,False,0,0,0,False,False,0.22,0,True,False,1.652,False,False,False
LINKUSDT,BUY,24169,2026-06-25 07:45:00,7.532,0.013,7.05,-6.745,24,lose,0.378,0.755,1.776,0,fresh,20.0,True,0.87,False,False,none,False,False,3,0,True,False,False,False,False,False,False,False,0,0,0,1,False,False,True,1,1,False,False,0,0,0,False,False,0.02,0,True,False,1.713,False,False,False
LINKUSDT,SELL,24193,2026-06-25 13:45:00,7.024,0.214,5.339,-4.712,142,lose,0.87,1.74,-7.306,0,fresh,85.1,False,9.79,True,True,bearish,True,False,1,4,True,False,False,False,False,False,False,False,0,0,0,0,False,False,False,0,1,False,False,0,0,0,False,False,0.81,0,True,False,1.837,True,False,True
LINKUSDT,BUY,24335,2026-06-27 01:15:00,7.355,1.604,1.536,-0.802,104,lose,0.4,0.799,1.822,0,fresh,70.6,True,0.31,False,False,none,False,False,3,1,True,False,False,False,False,False,False,False,0,0,0,0,False,False,False,0,0,False,False,0,0,0,False,False,0.35,0,True,False,1.754,False,False,False
LINKUSDT,SELL,24439,2026-06-28 03:15:00,7.296,1.974,2.782,-2.289,157,lose,0.288,0.577,-1.102,0,fresh,8.3,True,0.57,False,False,none,False,False,1,2,True,False,False,False,False,False,False,False,0,0,0,0,False,False,False,0,0,False,False,0,0,0,False,False,0.14,0,True,False,1.206,False,False,False
LINKUSDT,BUY,24596,2026-06-29 18:30:00,7.463,0.228,2.961,-2.519,63,lose,0.634,1.268,2.944,0,fresh,78.1,True,0.33,False,False,none,False,False,4,1,True,False,False,False,False,False,False,False,0,0,0,1,False,False,True,1,1,False,False,0,0,0,False,False,0.33,0,True,False,2.546,True,False,False
LINKUSDT,SELL,25111,2026-07-05 03:15:00,7.878,0.559,3.161,-3.123,76,lose,0.396,0.791,-1.933,0,fresh,80.5,False,2.87,True,False,none,False,False,0,3,True,False,False,False,False,False,False,False,0,0,0,0,False,False,False,0,0,False,False,0,0,0,False,False,3.85,1,True,False,0.571,False,False,False
LINKUSDT,BUY,25187,2026-07-05 22:15:00,8.124,0.308,4.53,-3.323,66,lose,0.382,0.763,2.503,0,fresh,79.3,True,2.87,True,False,none,False,False,4,1,True,False,False,False,False,False,False,False,0,0,0,0,False,False,False,0,0,False,False,0,0,0,False,False,0.43,0,True,False,0.554,False,False,False
LINKUSDT,SELL,25770,2026-07-12 00:00:00,7.89,0.456,2.674,-2.332,79,lose,0.338,0.677,-1.934,0,fresh,40.5,False,3.17,True,False,none,False,False,0,6,True,False,False,False,False,False,False,False,0,0,0,0,False,False,False,0,0,False,False,0,0,0,False,False,1.89,0,True,True,1.698,False,False,False
LINKUSDT,BUY,25849,2026-07-12 19:45:00,8.074,0.743,2.626,-1.784,65,lose,0.279,0.556,1.3,0,fresh,73.3,True,0.63,False,True,bullish,True,False,4,1,True,False,False,False,False,False,False,False,0,0,0,0,False,False,False,0,0,False,False,0,0,0,False,False,4.27,1,True,True,0.904,False,False,False
LINKUSDT,SELL,25914,2026-07-13 12:00:00,7.93,1.791,3.72,-3.153,100,lose,0.308,0.615,-1.202,0,fresh,5.3,False,1.15,False,False,none,False,False,2,2,False,False,False,False,False,False,False,False,0,0,1,0,False,False,True,1,0,True,False,0,0,0,False,False,0.02,0,True,True,0.971,False,False,False
LINKUSDT,BUY,27547,2026-07-30 12:15:00,8.464,0.874,2.623,-2.564,86,lose,0.354,0.709,1.896,0,fresh,37.1,False,1.4,False,False,none,False,False,4,0,True,False,False,False,False,False,False,False,0,0,0,0,False,False,False,0,0,False,False,0,0,0,False,False,0.56,0,True,False,0.366,False,False,False
LINKUSDT,SELL,27931,2026-08-03 12:15:00,8.175,1.382,2.006,-1.59,311,lose,0.316,0.631,-1.753,0,fresh,12.5,False,0.69,False,False,none,False,False,1,5,True,False,False,False,False,False,False,False,0,1,0,0,True,False,True,0,1,False,False,0,0,0,False,False,0.72,0,True,False,0.355,False,False,False
LINKUSDT,BUY,28242,2026-08-06 18:00:00,8.305,1.108,2.456,-1.469,315,lose,0.477,0.954,2.172,0,fresh,49.1,False,1.19,False,False,none,False,False,2,0,True,False,False,False,False,False,False,False,0,0,0,0,False,False,False,1,0,False,False,0,0,0,False,False,0.21,0,True,False,1.686,False,False,False
LINKUSDT,SELL,28557,2026-08-10 00:45:00,8.183,0.22,3.422,-2.945,100,lose,0.412,0.824,-2.024,0,fresh,39.0,True,0.96,False,False,none,False,False,1,3,True,False,False,False,False,False,False,False,0,0,0,0,False,False,False,1,1,False,False,0,0,0,False,False,0.06,1,True,False,0.501,False,False,False
NEARUSDT,SELL,442,2025-10-21 04:00:00,2.197,1.593,6.782,-6.372,44,lose,0.614,1.224,-4.056,0,fresh,68.6,False,4.88,True,True,bearish,True,False,0,5,True,False,False,False,False,False,False,False,0,0,0,0,False,False,False,0,0,False,False,0,0,0,False,False,4.28,1,True,False,1.047,True,False,False
NEARUSDT,BUY,486,2025-10-21 15:00:00,2.337,1.113,6.333,-5.691,60,lose,1.061,2.126,6.339,0,fresh,27.0,True,3.13,True,True,bullish,True,False,6,0,True,False,False,False,False,False,False,False,0,0,0,0,False,False,False,0,0,False,False,0,0,0,False,False,0.64,0,True,False,0.984,True,False,True
NEARUSDT,BUY,1250,2025-10-29 14:00:00,2.311,1.558,5.193,-4.543,80,lose,0.541,1.086,2.177,0,fresh,14.3,False,1.41,False,False,none,False,False,5,0,True,False,False,False,False,False,False,False,0,0,0,0,False,False,False,0,0,False,False,0,0,0,False,False,0.18,0,True,False,1.688,True,False,False
NEARUSDT,BUY,1533,2025-11-01 12:45:00,2.175,1.241,5.563,-5.379,155,lose,0.589,1.177,3.297,0,fresh,40.0,False,1.35,False,False,none,False,False,3,1,True,False,False,False,False,False,False,False,1,0,0,0,True,False,True,1,0,False,False,1,0,0,False,False,0.1,0,True,False,4.782,True,False,False
NEARUSDT,BUY,3306,2025-11-20 00:00:00,2.368,1.858,9.797,-9.206,67,lose,1.347,2.694,5.908,0,fresh,35.0,False,0.55,False,False,none,False,False,3,0,True,False,False,False,False,False,False,False,0,0,0,0,False,False,False,0,0,False,False,0,0,0,False,False,0.22,0,True,False,1.858,True,False,True
NEARUSDT,SELL,3823,2025-11-25 09:15:00,1.84,1.359,6.467,-5.598,136,lose,0.653,1.305,-3.801,0,fresh,90.9,False,0.98,False,False,none,False,False,1,5,True,False,False,False,False,False,False,False,0,0,0,0,False,False,False,0,0,False,False,0,0,0,False,False,0.2,0,True,True,10.821,True,False,False
NEARUSDT,BUY,3959,2025-11-26 19:15:00,1.943,0.566,3.911,-3.911,124,lose,0.793,1.586,3.852,0,fresh,33.3,False,0.57,False,False,none,False,False,5,0,True,False,False,False,False,False,False,False,0,0,0,0,False,False,False,1,0,False,False,1,0,0,False,False,0.12,0,True,True,10.247,True,False,True
NEARUSDT,BUY,5021,2025-12-07 20:45:00,1.767,1.981,4.754,-3.169,147,lose,0.696,1.393,4.066,0,fresh,76.9,True,0.71,False,True,bullish,True,False,7,0,True,False,False,False,False,False,False,False,0,0,0,0,False,False,False,0,0,False,False,0,0,0,False,False,0.38,0,True,False,1.189,True,False,False
NEARUSDT,SELL,5168,2025-12-09 09:30:00,1.711,0.058,7.656,-7.189,25,lose,0.543,1.086,-2.506,0,fresh,66.7,False,0.65,False,False,none,False,False,2,1,False,True,False,False,False,False,False,False,0,0,0,0,False,False,False,0,1,False,False,0,0,0,False,False,0.54,0,True,False,2.22,True,False,False
NEARUSDT,BUY,5557,2025-12-13 10:45:00,1.676,0.477,3.043,-2.745,82,lose,0.424,0.847,2.261,0,fresh,40.0,True,1.01,False,False,none,False,False,4,0,True,False,False,False,False,False,False,False,0,0,0,0,False,False,False,0,0,False,False,0,0,0,False,False,0.26,0,True,True,1.492,False,False,False
NEARUSDT,BUY,5887,2025-12-16 21:15:00,1.59,1.447,7.107,-6.604,85,lose,0.919,1.831,3.99,0,fresh,45.5,False,0.43,False,False,none,False,False,6,2,True,False,False,False,False,False,False,False,0,0,0,0,False,False,False,1,0,False,False,1,0,0,False,False,0.87,0,True,False,0.378,True,False,True
NEARUSDT,SELL,6080,2025-12-18 21:30:00,1.425,1.474,8.491,-8.211,76,lose,1.467,2.933,-6.681,0,fresh,82.4,False,0.46,False,False,none,False,False,0,6,True,False,False,False,False,False,False,False,0,0,0,0,False,False,False,1,0,True,False,0,0,0,False,False,1.05,0,True,False,0.421,True,False,True
NEARUSDT,BUY,6156,2025-12-19 16:30:00,1.542,1.167,4.929,-4.799,180,lose,0.94,1.887,5.376,0,fresh,68.2,True,1.72,True,False,none,False,False,3,1,True,False,False,False,False,False,False,False,0,0,0,0,False,False,False,0,0,False,False,0,0,0,False,False,3.03,0,True,False,1.621,True,False,True
NEARUSDT,SELL,6336,2025-12-21 13:30:00,1.468,1.022,5.109,-4.36,68,lose,0.694,1.389,-4.132,0,fresh,64.7,False,4.14,True,True,bearish,True,False,2,5,True,False,False,False,False,False,False,False,0,0,1,0,False,False,True,1,0,True,False,0,0,0,False,False,0.17,0,True,False,1.702,True,False,False
NEARUSDT,BUY,6685,2025-12-25 04:45:00,1.509,0.133,5.169,-4.838,77,lose,0.59,1.173,3.32,0,fresh,12.5,True,0.98,False,False,none,False,False,3,0,True,False,False,False,False,False,False,False,0,0,0,0,False,False,False,1,0,False,False,0,0,0,False,False,0.26,1,True,False,1.59,True,False,False
NEARUSDT,SELL,6762,2025-12-26 00:00:00,1.436,0.418,7.382,-6.128,14,lose,0.717,1.435,-3.907,0,fresh,0.0,False,2.48,True,False,none,False,False,0,5,True,False,False,False,False,False,False,False,0,0,0,0,False,False,False,0,0,False,False,0,0,0,False,False,0.03,0,True,False,1.671,True,False,False
NEARUSDT,BUY,8406,2026-01-12 03:00:00,1.763,0.34,5.842,-5.729,40,lose,0.891,1.775,4.912,0,fresh,73.7,True,1.45,False,True,bullish,True,False,5,1,True,False,False,False,False,False,False,False,0,0,0,1,False,False,True,0,1,True,False,0,0,0,False,False,0.17,0,True,False,0.624,True,False,True
NEARUSDT,SELL,8446,2026-01-12 13:00:00,1.662,1.143,5.475,-4.994,80,lose,0.686,1.371,-3.259,0,fresh,52.9,False,0.95,False,True,bearish,True,False,0,4,True,False,False,False,False,False,False,False,0,0,0,0,False,False,False,0,0,False,False,0,0,0,False,False,4.37,0,True,False,0.661,True,False,False
NEARUSDT,BUY,9922,2026-01-27 22:00:00,1.491,0.671,3.823,-2.549,131,lose,0.718,1.435,2.777,0,fresh,50.0,True,0.85,False,False,none,False,False,2,2,False,False,False,False,False,False,False,False,0,0,0,0,False,False,False,1,0,False,False,0,0,0,False,False,0.41,0,True,True,3.823,True,False,False
NEARUSDT,BUY,10476,2026-02-02 16:30:00,1.232,0.325,6.575,-6.575,100,lose,0.885,1.778,4.148,0,fresh,28.6,False,0.59,False,False,none,False,False,1,0,True,False,False,False,False,False,False,False,0,0,0,0,False,False,False,1,0,False,False,0,0,0,False,False,0.26,0,True,False,7.143,True,False,True
NEARUSDT,BUY,11175,2026-02-09 23:15:00,1.032,0.484,4.845,-3.391,33,lose,0.746,1.502,2.481,0,fresh,75.0,False,0.4,False,False,none,False,False,1,1,False,False,False,False,False,False,False,False,0,0,0,0,False,False,False,1,0,False,False,0,0,0,False,False,0.36,0,True,False,3.488,True,False,True
NEARUSDT,BUY,11409,2026-02-12 09:45:00,0.996,1.506,6.325,-4.819,34,lose,0.633,1.266,3.266,0,fresh,25.0,True,1.93,True,True,bullish,True,False,4,2,True,False,False,False,False,False,False,False,0,0,0,0,False,False,False,0,0,False,False,0,0,0,False,False,1.39,1,True,False,1.809,True,False,False
NEARUSDT,SELL,11443,2026-02-12 18:15:00,0.948,0.949,6.224,-5.38,81,lose,1.056,2.112,-4.097,0,fresh,50.0,False,0.54,False,False,none,False,False,0,1,True,False,False,False,False,False,False,False,0,0,0,0,False,False,False,0,1,False,False,0,0,0,False,False,0.08,1,True,True,3.379,True,False,True
NEARUSDT,SELL,14274,2026-03-14 06:00:00,1.316,1.368,3.04,-2.128,81,lose,0.585,1.17,-2.85,0,fresh,0.0,False,1.32,False,False,none,False,False,0,1,True,False,False,False,False,False,False,False,0,0,0,0,False,False,False,0,0,False,False,0,0,0,False,False,0.45,0,True,True,1.596,True,False,False
NEARUSDT,SELL,15859,2026-03-30 18:15:00,1.163,1.29,3.439,-2.752,90,lose,0.568,1.136,-2.53,0,fresh,57.1,False,1.06,False,True,bearish,True,False,0,6,True,False,False,False,False,False,False,False,0,0,0,0,False,False,False,0,0,False,False,0,0,0,False,False,0.18,0,True,False,0.947,True,False,False
NEARUSDT,SELL,16086,2026-04-02 03:00:00,1.161,1.981,2.67,-2.412,109,lose,0.714,1.42,-3.967,0,fresh,16.7,False,0.93,False,False,none,False,False,1,2,True,False,False,False,False,False,False,False,0,0,0,0,False,False,False,0,0,False,False,0,0,0,False,False,0.7,0,True,False,1.979,True,False,False
NEARUSDT,SELL,16443,2026-04-05 20:15:00,1.231,0.731,3.574,-2.843,25,lose,0.463,0.926,-1.885,0,fresh,0.0,False,0.41,False,False,none,False,False,1,1,False,False,False,False,False,False,False,False,0,0,1,0,False,False,True,1,0,True,False,0,0,0,False,False,0.59,0,True,False,1.868,False,False,False
NEARUSDT,SELL,16556,2026-04-07 00:30:00,1.239,1.533,6.053,-5.488,85,lose,0.565,1.138,-3.188,0,fresh,57.1,False,0.76,False,False,none,False,False,1,6,True,False,False,False,False,False,False,False,0,0,0,0,False,False,False,0,0,False,False,0,0,0,False,False,0.27,0,True,False,1.856,True,False,False
NEARUSDT,SELL,17050,2026-04-12 04:00:00,1.338,1.121,3.961,-3.737,106,lose,0.74,1.48,-3.535,0,fresh,85.7,False,0.71,False,True,bearish,True,False,0,4,True,False,False,False,False,False,False,False,0,0,0,0,False,False,False,0,0,False,False,0,0,0,False,False,0.0,0,True,False,2.242,True,False,False
NEARUSDT,SELL,17300,2026-04-14 18:30:00,1.366,1.83,2.562,-1.318,77,lose,0.659,1.31,-3.038,0,fresh,40.0,False,0.91,False,False,none,False,False,0,4,True,False,False,False,False,False,False,False,0,0,0,0,False,False,False,0,0,False,False,0,0,0,False,False,2.29,0,True,False,1.025,True,False,False
NEARUSDT,SELL,18109,2026-04-23 04:45:00,1.383,1.012,2.386,-2.242,102,lose,0.434,0.876,-2.048,0,fresh,0.0,False,0.74,False,False,none,False,False,0,2,True,False,False,False,False,False,False,False,0,0,0,0,False,False,False,0,0,False,False,0,0,0,False,False,0.05,0,True,False,1.447,False,False,False
NEARUSDT,BUY,18211,2026-04-24 06:15:00,1.414,1.273,1.909,-1.627,147,lose,0.382,0.763,1.866,0,fresh,66.7,True,1.54,True,False,none,False,False,1,0,True,False,False,False,False,False,False,False,0,0,0,0,False,False,False,0,0,False,False,0,0,0,False,False,4.92,0,True,False,0.353,False,False,False
NEARUSDT,BUY,18690,2026-04-29 06:00:00,1.367,0.366,3.804,-3.438,40,lose,0.351,0.702,1.317,0,fresh,60.0,False,0.79,False,False,none,False,False,3,0,True,False,False,False,False,False,False,False,0,0,0,0,False,False,False,1,0,False,False,0,0,0,False,False,0.53,0,True,False,0.585,False,False,False
NEARUSDT,SELL,19831,2026-05-11 03:15:00,1.526,1.507,5.177,-4.98,123,lose,0.76,1.527,-3.716,0,fresh,28.6,True,1.18,False,False,none,False,False,1,3,True,False,False,False,False,False,False,False,0,0,0,0,False,False,False,0,0,False,False,0,0,0,False,False,0.1,0,True,True,2.359,True,False,True
NEARUSDT,BUY,20424,2026-05-17 07:30:00,1.533,1.696,4.631,-3.262,97,lose,0.522,1.044,2.285,0,fresh,22.2,True,1.02,False,False,none,False,False,4,0,True,False,False,False,False,False,False,False,0,0,0,0,False,False,False,0,0,False,False,0,0,0,False,False,0.93,0,True,False,0.783,True,False,False
NEARUSDT,SELL,20521,2026-05-18 07:45:00,1.483,0.405,7.215,-6.811,49,lose,0.687,1.368,-3.403,0,fresh,40.0,True,0.59,False,False,none,False,False,0,2,True,False,False,False,False,False,False,False,0,0,0,0,False,False,False,0,0,False,False,0,0,0,False,False,0.08,1,True,True,3.1,True,False,False
NEARUSDT,SELL,20693,2026-05-20 02:45:00,1.583,0.253,5.559,-4.548,17,lose,0.581,1.156,-2.546,0,fresh,20.0,False,0.5,False,False,none,False,False,1,3,True,False,False,False,False,False,False,False,0,0,0,0,False,False,False,0,0,False,False,0,0,0,False,False,0.81,0,True,False,2.906,True,False,False
NEARUSDT,SELL,25044,2026-07-04 10:30:00,1.959,1.94,4.441,-3.828,143,lose,0.536,1.072,-2.802,0,fresh,62.5,False,0.44,False,False,none,False,False,0,3,True,False,False,False,False,False,False,False,0,1,0,0,True,False,True,0,1,False,False,0,0,0,False,False,0.2,1,True,False,0.868,True,False,False
NEARUSDT,BUY,27209,2026-07-26 23:45:00,1.837,1.198,3.647,-3.538,65,lose,0.452,0.904,2.635,0,fresh,38.5,True,2.15,True,False,none,False,False,3,0,True,False,False,False,False,False,False,False,0,0,0,0,False,False,False,0,0,False,False,0,0,0,False,False,0.05,0,True,False,0.708,False,False,False
NEARUSDT,BUY,29038,2026-08-15 01:00:00,1.65,1.152,2.424,-2.242,96,lose,0.436,0.873,2.667,0,fresh,60.0,True,0.83,False,False,none,False,False,5,2,True,False,False,False,False,False,False,False,0,0,0,0,False,False,False,0,0,False,False,0,0,0,False,False,0.38,0,True,False,1.576,False,False,False
NEARUSDT,SELL,29134,2026-08-16 01:00:00,1.613,1.922,1.984,-1.302,115,lose,0.31,0.62,-1.4,0,fresh,33.3,True,1.78,True,False,none,False,False,0,3,True,False,False,False,False,False,False,False,0,0,0,0,False,False,False,0,0,False,False,0,0,0,False,False,0.63,1,True,False,0.682,False,False,False
NEARUSDT,BUY,29249,2026-08-17 05:45:00,1.634,1.958,3.121,-2.57,159,lose,0.398,0.795,1.786,0,fresh,71.4,False,0.82,False,False,none,False,False,6,0,True,False,False,False,False,False,False,False,0,0,0,0,False,False,False,0,0,False,False,0,0,0,False,False,0.33,1,True,False,0.734,False,False,False
NEARUSDT,SELL,29408,2026-08-18 21:30:00,1.592,1.884,3.078,-2.889,69,lose,0.439,0.873,-2.454,0,fresh,20.0,False,1.81,True,True,bearish,True,False,0,5,True,False,False,False,False,False,False,False,0,0,0,0,False,False,False,0,0,False,False,0,0,0,False,False,4.9,0,True,False,0.753,False,False,False
SOLUSDT,BUY,488,2025-10-21 15:30:00,196.66,0.524,6.88,-6.336,56,lose,0.877,1.754,6.235,0,fresh,76.3,True,1.85,True,True,bullish,True,False,6,0,True,False,False,False,False,False,False,False,0,0,0,0,False,False,False,0,0,False,False,0,0,0,False,False,0.19,0,True,False,2.1,True,False,True
SOLUSDT,SELL,1179,2025-10-28 20:15:00,193.11,1.6,4.428,-4.153,68,lose,0.792,1.585,-4.838,0,fresh,20.3,False,2.62,True,False,none,False,False,0,4,True,False,False,False,False,False,False,False,0,0,0,0,False,False,False,0,0,False,False,0,0,0,False,False,0.16,0,True,False,2.139,True,False,True
SOLUSDT,BUY,1247,2025-10-29 13:15:00,201.13,0.094,6.091,-4.584,84,lose,0.506,1.011,2.962,0,fresh,38.3,True,1.78,True,False,none,False,False,4,0,True,False,False,False,False,False,False,False,0,0,0,0,False,False,False,1,0,False,False,0,0,0,False,False,0.07,0,True,True,2.053,True,False,False
SOLUSDT,BUY,1944,2025-11-05 19:30:00,163.05,0.509,5.704,-4.348,91,lose,0.678,1.357,3.76,0,fresh,71.8,True,0.43,False,False,none,False,False,4,1,True,False,False,False,False,False,False,False,0,0,0,0,False,False,False,0,0,False,False,0,0,0,False,False,1.43,0,True,True,2.907,True,False,False
SOLUSDT,BUY,2133,2025-11-07 18:45:00,162.03,1.722,3.833,-3.345,84,lose,0.975,1.95,4.695,0,fresh,46.5,False,0.6,False,False,none,False,False,4,0,True,False,False,False,False,False,False,False,0,0,0,0,False,False,False,0,1,True,False,0,1,0,False,False,0.4,1,True,False,2.5,True,False,True
SOLUSDT,SELL,2217,2025-11-08 15:45:00,156.61,1.022,4.674,-4.399,95,lose,0.576,1.151,-2.886,0,fresh,51.9,True,0.67,False,False,none,False,False,0,3,True,False,False,False,False,False,False,False,0,0,0,0,False,False,False,0,0,False,False,0,0,0,False,False,0.46,0,True,False,2.586,True,False,False
SOLUSDT,SELL,3278,2025-11-19 17:00:00,132.31,1.413,8.964,-8.034,37,lose,0.9,1.8,-5.513,0,fresh,60.1,False,1.09,False,False,none,False,False,0,4,True,False,False,False,False,False,False,False,0,0,0,0,False,False,False,0,0,False,False,0,0,0,False,False,0.92,0,True,False,4.95,True,False,True
SOLUSDT,BUY,3315,2025-11-20 02:15:00,142.94,1.287,8.024,-7.283,58,lose,0.911,1.821,5.861,0,fresh,35.6,False,1.85,True,False,none,False,False,5,0,True,False,False,False,False,False,False,False,0,0,0,0,False,False,False,0,0,False,False,0,0,0,False,False,0.36,1,True,True,4.778,True,False,True
SOLUSDT,BUY,4330,2025-11-30 16:00:00,138.78,0.728,6.831,-6.42,33,lose,0.425,0.849,1.723,0,fresh,89.1,True,0.79,False,True,bullish,True,False,5,2,True,False,False,False,False,False,False,False,0,0,0,0,False,False,False,1,0,False,False,1,0,0,False,False,2.19,0,True,False,1.153,False,False,False
SOLUSDT,SELL,5129,2025-12-08 23:45:00,133.18,1.246,6.563,-6.18,66,lose,0.612,1.224,-2.892,0,fresh,19.4,True,0.27,False,False,none,False,False,0,2,True,False,False,False,False,False,False,False,0,1,0,0,True,False,True,0,1,False,False,0,1,0,False,False,0.5,2,True,True,2.35,True,False,False
SOLUSDT,BUY,5958,2025-12-17 15:00:00,133.39,0.045,9.026,-8.606,17,lose,0.811,1.622,5.328,0,fresh,38.9,True,4.77,True,False,none,False,False,4,0,True,False,False,False,False,False,False,False,0,0,0,0,False,False,False,1,0,False,False,0,0,0,False,False,0.24,0,True,False,1.514,True,False,True
SOLUSDT,SELL,6337,2025-12-21 13:45:00,123.57,0.121,3.998,-2.743,96,lose,0.407,0.814,-2.262,0,fresh,35.6,False,1.46,False,False,none,False,False,2,5,True,False,False,False,False,False,False,False,0,0,1,0,False,False,True,1,1,False,False,0,0,0,False,False,0.55,0,True,True,3.035,False,False,False
SOLUSDT,BUY,6433,2025-12-22 13:45:00,126.96,1.402,2.662,-1.725,84,lose,0.425,0.851,1.542,0,fresh,87.1,True,1.3,False,True,bullish,True,False,3,1,True,False,False,False,False,False,False,False,0,0,0,0,False,False,False,0,0,False,False,0,0,0,False,False,1.08,0,True,True,3.568,False,False,False
SOLUSDT,BUY,6739,2025-12-25 18:15:00,123.76,0.323,3.507,-2.998,23,lose,0.391,0.782,1.582,0,fresh,9.5,False,0.51,False,False,none,False,False,5,2,True,False,False,False,False,False,False,False,0,0,1,0,False,True,True,1,0,False,False,0,0,0,False,False,0.64,0,True,False,1.067,False,False,False
SOLUSDT,SELL,6762,2025-12-26 00:00:00,120.05,0.75,3.565,-3.232,51,lose,0.481,0.961,-2.758,0,fresh,11.3,True,2.5,True,False,none,False,False,1,6,True,False,False,False,False,False,False,False,0,0,0,0,False,False,False,0,0,False,False,0,0,0,False,False,0.22,0,True,False,1.1,False,False,False
SOLUSDT,SELL,7098,2025-12-29 12:00:00,123.58,1.157,2.355,-1.602,153,lose,0.514,1.028,-3.093,0,fresh,65.0,False,4.76,True,True,bearish,True,False,1,4,True,False,False,False,False,False,False,False,0,0,0,0,False,False,False,0,0,False,False,0,0,0,False,False,3.68,1,True,False,1.351,True,False,False
SOLUSDT,BUY,8098,2026-01-08 22:00:00,139.92,0.872,3.616,-2.852,105,lose,0.548,1.096,3.273,0,fresh,68.5,True,1.8,True,False,none,False,False,5,2,True,False,False,False,False,False,False,False,0,0,0,0,False,False,False,0,0,False,False,0,0,0,False,False,0.19,0,True,False,0.965,True,False,False
SOLUSDT,SELL,8203,2026-01-10 00:15:00,135.93,0.463,1.663,-1.596,153,lose,0.44,0.879,-1.703,0,fresh,68.6,True,0.43,False,False,none,False,False,0,0,False,False,False,False,False,False,False,False,0,0,0,0,False,False,False,0,1,False,False,0,1,0,False,False,0.09,0,True,False,0.993,False,False,False
SOLUSDT,SELL,8757,2026-01-15 18:45:00,141.47,0.919,2.849,-2.403,112,lose,0.608,1.217,-3.187,0,fresh,74.6,False,0.69,False,False,none,False,False,1,3,True,False,False,False,False,False,False,False,0,0,0,0,False,False,False,0,0,False,False,0,0,0,False,False,0.7,0,True,False,4.813,True,False,False
SOLUSDT,BUY,8869,2026-01-16 22:45:00,144.87,0.193,2.057,-1.698,110,lose,0.371,0.742,1.589,0,fresh,10.5,True,0.31,False,False,none,False,False,5,0,True,False,False,False,False,False,False,False,0,0,0,0,False,False,False,1,0,False,False,0,0,0,False,False,0.87,0,True,True,4.701,False,False,False
SOLUSDT,BUY,9342,2026-01-21 21:00:00,131.0,0.832,3.313,-2.435,79,lose,0.78,1.56,3.223,0,fresh,14.8,False,0.26,False,False,none,False,False,4,3,True,False,False,False,False,False,False,False,0,0,0,0,False,False,False,0,1,True,False,0,0,0,False,False,0.64,0,True,False,2.168,True,False,True
SOLUSDT,SELL,11118,2026-02-09 09:00:00,84.49,1.977,4.935,-4.024,43,lose,0.679,1.358,-3.573,0,fresh,2.7,False,0.93,False,False,none,False,False,0,4,True,False,False,False,False,False,False,False,0,0,0,0,False,False,False,0,0,False,False,0,0,0,False,False,0.06,0,True,False,3.527,True,False,False
SOLUSDT,BUY,11161,2026-02-09 19:45:00,87.89,0.444,4.301,-4.233,60,lose,0.868,1.737,3.978,0,fresh,0.0,False,0.4,False,False,none,False,False,3,0,True,False,False,False,False,False,False,False,0,0,0,0,False,False,False,1,0,False,False,0,0,0,False,False,0.5,0,True,True,3.39,True,False,True
SOLUSDT,BUY,11873,2026-02-17 05:45:00,86.16,0.696,3.749,-3.203,38,lose,0.546,1.092,1.273,0,fresh,43.5,True,0.5,False,True,bullish,True,False,1,4,False,True,False,False,False,False,False,False,0,0,0,0,False,False,False,1,0,False,False,0,0,0,False,False,0.96,0,True,False,1.462,True,False,False
SOLUSDT,SELL,13083,2026-03-01 20:15:00,82.27,0.766,9.347,-8.922,79,lose,0.76,1.52,-4.473,0,fresh,48.6,False,0.78,False,False,none,False,False,0,5,True,False,False,False,False,False,False,False,0,0,0,0,False,False,False,0,0,False,False,0,0,0,False,False,0.7,1,True,False,4.182,True,False,True
SOLUSDT,BUY,13162,2026-03-02 16:00:00,89.61,0.792,6.673,-6.093,79,lose,1.05,2.1,7.115,0,fresh,61.5,True,2.22,True,True,bullish,True,False,4,0,True,False,False,False,False,False,False,False,0,0,0,0,False,False,False,0,0,False,False,0,0,0,False,False,0.0,0,True,False,3.838,True,False,True
SOLUSDT,SELL,14079,2026-03-12 05:15:00,84.85,0.024,3.312,-2.428,33,lose,0.409,0.818,-1.68,0,fresh,72.0,False,0.56,False,False,none,False,False,0,2,True,False,False,False,False,False,False,False,0,0,0,0,False,False,False,0,1,False,False,0,0,0,False,False,0.15,1,True,False,1.414,False,False,False
SOLUSDT,SELL,14252,2026-03-14 00:30:00,87.84,1.628,0.934,-0.672,116,lose,0.437,0.874,-2.238,0,fresh,76.0,False,0.79,False,True,bearish,True,False,0,3,True,False,False,False,False,False,False,False,0,1,0,0,True,False,True,0,1,False,False,0,0,0,False,False,0.12,0,True,True,3.268,False,False,False
SOLUSDT,BUY,14953,2026-03-21 07:45:00,90.1,0.289,4.351,-3.729,65,lose,0.27,0.539,0.934,0,fresh,13.6,True,0.81,False,False,none,False,False,2,3,False,True,False,False,False,False,False,False,0,0,0,0,False,False,False,1,0,False,False,0,0,0,False,False,0.13,0,True,False,1.265,False,False,False
SOLUSDT,SELL,15282,2026-03-24 18:00:00,89.14,0.886,4.274,-3.87,45,lose,0.575,1.151,-2.158,0,fresh,3.8,True,0.41,False,False,none,False,False,1,3,True,False,False,False,False,False,False,False,0,0,0,0,False,False,False,0,0,False,False,0,0,0,False,False,0.38,0,True,True,6.664,True,False,False
SOLUSDT,BUY,15327,2026-03-25 05:15:00,92.59,0.94,3.964,-3.715,99,lose,0.467,0.934,2.991,0,fresh,12.1,True,1.24,False,False,none,False,False,5,2,True,False,False,False,False,False,False,False,0,0,0,0,False,False,False,0,0,False,False,0,0,0,False,False,0.36,0,True,False,6.415,False,False,False
SOLUSDT,BUY,15808,2026-03-30 05:30:00,83.57,1.687,4.403,-3.458,115,lose,0.572,1.143,2.166,0,fresh,59.5,False,0.99,False,False,none,False,False,1,0,True,False,False,False,False,False,False,False,0,0,0,0,False,False,False,0,0,False,False,0,0,0,False,False,0.09,0,True,True,2.094,True,False,False
SOLUSDT,SELL,15923,2026-03-31 10:15:00,80.68,0.62,4.598,-4.462,79,lose,0.628,1.256,-3.612,0,fresh,6.1,True,1.13,False,False,none,False,False,1,5,True,False,False,False,False,False,False,False,0,0,0,0,False,False,False,0,1,False,False,0,0,0,False,False,0.09,1,True,True,2.479,True,False,False
SOLUSDT,BUY,16239,2026-04-03 17:15:00,80.08,1.948,0.974,-0.637,155,lose,0.432,0.864,1.364,0,fresh,50.0,False,1.38,False,True,bearish,False,True,2,4,False,True,False,False,False,False,False,False,0,0,0,0,False,False,False,1,1,False,False,0,1,0,False,False,4.4,0,True,True,3.734,False,False,False
SOLUSDT,SELL,16394,2026-04-05 08:00:00,79.57,1.408,3.996,-3.619,65,lose,0.272,0.545,-1.233,0,fresh,15.4,True,0.78,False,False,none,False,False,0,2,True,False,False,False,False,False,False,False,0,0,0,0,False,False,False,0,0,False,False,0,0,0,False,False,0.37,0,True,True,4.211,False,False,False
SOLUSDT,BUY,16459,2026-04-06 00:15:00,82.45,0.885,3.554,-3.02,94,lose,0.575,1.151,3.804,0,fresh,33.9,True,1.66,True,False,none,False,False,5,3,True,False,False,False,False,False,False,False,0,0,0,0,False,False,False,0,1,True,False,0,0,0,False,False,0.39,0,True,True,4.063,True,False,False
SOLUSDT,SELL,16753,2026-04-09 01:45:00,82.17,0.986,3.042,-1.679,70,lose,0.457,0.915,-1.917,0,fresh,71.1,True,0.72,False,False,none,False,False,1,3,True,False,False,False,False,False,False,False,0,0,0,0,False,False,False,0,0,False,False,0,0,0,False,False,0.51,0,True,False,0.596,False,False,False
SOLUSDT,SELL,17044,2026-04-12 02:30:00,82.59,1.647,1.986,-1.792,165,lose,0.573,1.145,-3.095,0,fresh,3.1,True,0.58,False,False,none,False,False,0,3,True,False,False,False,False,False,False,False,0,1,0,0,True,False,True,0,1,False,False,0,0,0,False,False,0.1,2,True,True,4.383,True,False,False
SOLUSDT,SELL,17311,2026-04-14 21:15:00,83.72,1.338,2.496,-1.218,103,lose,0.535,1.07,-2.218,0,fresh,9.5,False,0.22,False,False,none,False,False,0,5,True,False,False,False,False,False,False,False,0,0,0,0,False,False,False,0,0,False,False,0,0,0,False,False,1.1,0,True,True,4.922,True,False,False
SOLUSDT,SELL,18101,2026-04-23 02:45:00,85.89,1.711,1.199,-0.827,217,lose,0.411,0.823,-2.27,0,fresh,18.5,True,0.69,False,False,none,False,False,0,3,True,False,False,False,False,False,False,False,0,0,0,0,False,False,False,0,0,False,False,0,0,0,False,False,1.04,0,True,False,1.933,False,False,False
SOLUSDT,BUY,18318,2026-04-25 09:00:00,86.6,0.173,1.293,-1.132,40,lose,0.182,0.364,0.835,0,fresh,9.1,True,0.92,False,False,none,False,False,2,3,False,True,False,False,False,False,False,False,0,0,0,0,False,False,False,1,0,False,False,0,0,0,False,False,0.46,0,True,False,1.917,False,False,False
SOLUSDT,SELL,18358,2026-04-25 19:00:00,85.62,0.117,1.296,-0.946,90,lose,0.213,0.426,-0.881,0,fresh,30.0,False,0.6,False,False,none,False,False,0,3,True,False,False,False,False,False,False,False,0,0,0,0,False,False,False,0,1,False,False,0,0,0,False,False,0.29,1,True,False,0.467,False,False,False
SOLUSDT,BUY,18448,2026-04-26 17:30:00,86.43,1.909,1.423,-1.412,57,lose,0.183,0.367,0.584,0,fresh,42.9,False,0.36,False,False,none,False,False,1,1,False,False,False,False,False,False,False,False,0,0,0,0,False,False,False,0,1,True,False,0,0,0,False,False,1.28,0,True,True,0.463,False,False,False
SOLUSDT,BUY,18692,2026-04-29 06:30:00,84.7,0.98,2.113,-1.889,39,lose,0.239,0.478,0.899,0,fresh,42.1,False,0.63,False,False,none,False,False,4,0,True,False,False,False,False,False,False,False,0,0,0,0,False,False,False,0,0,False,False,0,0,0,False,False,0.09,0,True,False,0.472,False,False,False
SOLUSDT,BUY,20173,2026-05-14 16:45:00,93.27,0.354,3.281,-2.873,79,lose,0.543,1.085,2.592,0,fresh,8.0,True,2.0,True,False,none,False,False,4,0,True,False,False,False,False,False,False,False,0,0,0,1,False,False,True,1,1,False,False,1,0,0,False,False,1.24,0,True,False,0.675,True,False,False
SOLUSDT,BUY,20751,2026-05-20 17:15:00,86.75,1.464,3.274,-2.582,202,lose,0.525,1.05,2.91,0,fresh,53.2,True,0.64,False,True,bullish,True,False,5,2,True,False,False,False,False,False,False,False,0,0,0,0,False,False,False,0,0,False,False,0,0,0,False,False,0.1,0,True,False,1.003,True,False,False
SOLUSDT,BUY,21648,2026-05-30 01:30:00,82.69,0.822,1.584,-1.415,156,lose,0.34,0.68,1.366,0,fresh,30.0,True,2.23,True,True,bullish,True,False,5,2,True,False,False,False,False,False,False,False,0,0,0,0,False,False,False,0,0,False,False,0,0,0,False,False,0.84,0,True,True,2.878,False,False,False
SOLUSDT,SELL,23162,2026-06-14 20:00:00,67.48,0.044,4.475,-3.912,8,lose,0.312,0.624,-1.183,0,fresh,26.1,False,0.73,False,False,none,False,False,3,0,False,True,False,False,False,False,False,False,0,0,0,0,False,False,False,0,0,False,False,0,0,0,False,False,0.63,0,True,True,6.536,False,False,False
SOLUSDT,BUY,24166,2026-06-25 07:00:00,69.28,0.289,7.621,-7.347,27,lose,0.509,1.018,2.485,0,fresh,40.5,False,1.14,False,False,none,False,False,3,0,True,False,False,False,False,False,False,False,0,0,0,0,False,False,False,1,0,False,False,0,0,0,False,False,0.49,0,True,False,1.082,True,False,False
SOLUSDT,SELL,24193,2026-06-25 13:45:00,64.19,0.016,10.562,-9.986,71,lose,0.966,1.932,-7.864,0,fresh,84.2,False,7.6,True,True,bearish,True,False,1,4,True,False,False,False,False,False,False,False,0,0,0,0,False,False,False,0,1,False,False,0,0,0,False,False,0.44,1,True,False,3.007,True,False,True
SOLUSDT,SELL,24420,2026-06-27 22:30:00,70.88,1.749,3.414,-2.54,137,lose,0.457,0.914,-1.823,0,fresh,50.0,True,1.03,False,True,bullish,False,True,3,3,False,False,False,False,False,False,False,False,0,0,0,0,False,False,False,0,0,False,False,0,0,0,False,False,1.06,0,True,False,2.85,False,False,False
SOLUSDT,SELL,24673,2026-06-30 13:45:00,72.84,0.851,4.132,-3.158,62,lose,0.543,1.086,-1.96,0,fresh,64.6,True,1.77,True,False,none,False,False,0,4,True,False,False,False,False,False,False,False,0,0,0,0,False,False,False,0,1,False,False,0,0,0,False,False,0.36,1,True,False,0.92,True,False,False
SOLUSDT,SELL,25106,2026-07-05 02:00:00,80.48,1.603,4.063,-2.609,174,lose,0.39,0.781,-2.278,0,fresh,81.0,False,1.7,True,True,bearish,True,False,0,4,True,False,False,False,False,False,False,False,0,0,0,0,False,False,False,0,0,False,False,0,0,0,False,False,1.55,0,True,False,0.596,False,False,False
SOLUSDT,BUY,25280,2026-07-06 21:30:00,82.58,0.339,4.65,-4.287,113,lose,0.583,1.166,2.523,0,fresh,13.2,False,0.68,False,False,none,False,False,2,1,True,False,False,False,False,False,False,False,0,0,0,0,False,False,False,1,0,False,False,0,0,0,False,False,0.11,1,True,True,2.107,True,False,False
SOLUSDT,BUY,25591,2026-07-10 03:15:00,78.8,1.066,2.246,-1.193,69,lose,0.376,0.752,1.476,0,fresh,0.0,False,0.81,False,False,none,False,False,3,0,True,False,False,False,False,False,False,False,1,0,0,0,True,False,True,1,1,False,False,0,0,0,False,False,0.03,0,True,False,1.536,False,False,False
SOLUSDT,BUY,27562,2026-07-30 16:00:00,74.69,0.79,2.597,-2.33,92,lose,0.338,0.676,1.563,0,fresh,36.4,True,0.89,False,False,none,False,False,2,0,True,False,False,False,False,False,False,False,0,0,0,0,False,False,False,0,0,False,False,0,0,0,False,False,0.51,0,True,False,1.071,False,False,False
SOLUSDT,BUY,27797,2026-08-02 02:45:00,73.1,1.669,1.683,-1.45,118,lose,0.308,0.615,1.72,0,fresh,66.7,True,0.87,False,False,none,False,False,4,0,True,False,False,False,False,False,False,False,0,0,0,0,False,False,False,0,0,False,False,0,0,0,False,False,0.11,0,True,False,0.575,False,False,False
SOLUSDT,SELL,27915,2026-08-03 08:15:00,72.04,0.125,2.499,-2.29,37,lose,0.275,0.55,-1.826,0,fresh,71.4,False,4.44,True,True,bearish,True,False,0,3,True,False,False,False,False,False,False,False,0,0,0,0,False,False,False,0,1,False,False,0,0,0,False,False,3.6,2,True,False,0.625,False,False,False
SOLUSDT,BUY,27952,2026-08-03 17:30:00,73.69,1.533,0.909,-0.489,262,lose,0.383,0.766,1.493,0,fresh,40.9,True,0.5,False,False,none,False,False,3,0,True,False,False,False,False,False,False,False,0,0,0,0,False,False,False,0,0,False,False,0,0,0,False,False,0.59,0,True,False,0.611,False,False,False
SOLUSDT,SELL,28214,2026-08-06 11:00:00,73.33,1.418,1.023,-0.873,101,lose,0.257,0.515,-1.032,0,fresh,22.7,True,0.79,False,False,none,False,False,1,5,True,False,False,False,False,False,False,False,0,0,0,0,False,False,False,0,0,False,False,0,0,0,False,False,0.96,0,True,False,0.709,False,False,False
SOLUSDT,SELL,28627,2026-08-10 18:15:00,75.95,1.817,0.908,-0.5,131,lose,0.314,0.627,-1.178,0,fresh,33.3,False,0.34,False,False,none,False,False,2,2,False,False,False,False,False,False,False,False,0,0,0,0,False,False,False,0,1,False,False,0,0,0,False,False,0.29,0,True,False,0.724,False,False,False
SOLUSDT,BUY,28758,2026-08-12 03:00:00,76.33,1.31,1.389,-1.153,78,lose,0.235,0.471,0.933,0,fresh,31.6,False,0.89,False,True,bearish,False,True,1,1,False,False,False,False,False,False,False,False,1,0,0,0,True,False,True,1,0,False,False,0,0,0,False,False,0.09,0,True,False,0.72,False,False,False
SOLUSDT,SELL,28836,2026-08-12 22:30:00,75.45,1.922,1.524,-0.384,421,lose,0.285,0.571,-1.241,0,fresh,47.1,False,1.01,False,True,bearish,True,False,1,2,True,False,False,False,False,False,False,False,0,1,0,0,True,False,True,0,1,False,False,0,0,0,False,False,1.54,0,True,False,0.729,False,False,False
XRPUSDT,SELL,454,2025-10-21 07:00:00,2.4165,0.67,4.759,-3.927,38,lose,0.526,1.051,-2.508,0,fresh,96.5,False,0.72,False,False,none,False,False,1,2,True,False,False,False,False,False,False,False,0,0,0,0,False,False,False,0,0,False,False,0,0,0,False,False,0.66,0,True,True,4.093,True,False,False
XRPUSDT,BUY,492,2025-10-21 16:30:00,2.5114,0.374,4.902,-4.818,58,lose,0.713,1.429,3.357,0,fresh,30.4,False,0.83,False,False,none,False,False,4,1,True,False,False,False,False,False,False,False,0,0,0,0,False,False,False,1,0,False,False,0,0,0,False,False,0.5,0,True,False,3.938,True,False,False
XRPUSDT,BUY,1465,2025-10-31 19:45:00,2.5423,0.48,4.02,-3.926,221,lose,0.649,1.302,3.398,0,fresh,34.7,True,1.42,False,False,none,False,False,4,2,True,False,False,False,False,False,False,False,0,0,0,0,False,False,False,1,0,False,True,1,0,0,False,False,0.73,0,True,False,0.85,True,False,False
XRPUSDT,SELL,2222,2025-11-08 17:00:00,2.2529,0.688,4.243,-4.203,107,lose,0.573,1.15,-2.69,0,fresh,84.0,False,1.01,False,False,none,False,False,0,3,True,False,False,False,False,False,False,False,0,0,0,0,False,False,False,0,1,False,False,0,1,0,False,False,0.87,0,True,False,1.656,True,False,False
XRPUSDT,BUY,3061,2025-11-17 10:45:00,2.2723,1.514,5.523,-5.281,29,lose,0.431,0.858,2.148,0,fresh,4.2,False,0.56,False,False,none,False,False,1,0,True,False,False,False,False,False,False,False,0,0,0,0,False,False,False,0,0,False,False,0,0,0,False,False,0.21,0,True,True,4.093,False,False,False
XRPUSDT,SELL,3932,2025-11-26 12:30:00,2.1485,0.261,4.892,-4.31,25,lose,0.414,0.824,-2.299,0,fresh,66.1,False,0.88,False,False,none,False,False,0,4,True,False,False,False,False,False,False,False,0,0,1,0,False,False,True,1,0,True,False,0,0,0,False,False,0.47,1,True,False,1.145,False,False,False
XRPUSDT,BUY,3957,2025-11-26 18:45:00,2.2411,1.499,3.846,-2.744,247,lose,0.656,1.312,3.373,0,fresh,88.5,True,0.61,False,False,none,False,False,5,0,True,False,False,False,False,False,False,False,0,0,0,0,False,False,False,1,0,False,False,1,0,0,False,False,0.86,0,True,False,1.098,True,False,False
XRPUSDT,BUY,5011,2025-12-07 18:15:00,2.1024,0.994,4.366,-2.316,163,lose,0.647,1.294,3.896,0,fresh,16.8,True,0.72,False,False,none,False,False,7,3,True,False,False,False,False,False,False,False,0,0,0,0,False,False,False,1,1,False,False,0,0,0,False,False,0.26,0,True,False,0.747,True,False,False
XRPUSDT,SELL,5174,2025-12-09 11:00:00,2.0537,0.297,5.488,-5.449,22,lose,0.292,0.589,-1.139,0,fresh,13.0,False,0.73,False,False,none,False,False,2,1,False,True,False,False,False,False,False,False,0,0,0,0,False,False,False,0,1,False,False,0,1,0,False,False,0.06,0,True,False,1.992,False,False,False
XRPUSDT,BUY,5196,2025-12-09 16:30:00,2.1656,0.545,4.969,-4.816,82,lose,0.748,1.501,5.43,0,fresh,93.8,True,1.99,True,True,bullish,True,False,8,2,True,False,False,False,False,False,False,False,0,0,0,0,False,False,False,0,0,False,False,0,0,0,False,False,0.57,0,True,False,1.889,True,False,True
XRPUSDT,BUY,5561,2025-12-13 11:45:00,2.0325,0.512,1.988,-1.948,95,lose,0.236,0.472,0.93,0,fresh,23.1,False,0.67,False,False,none,False,False,2,1,True,False,False,False,False,False,False,False,0,0,0,0,False,False,False,0,0,False,False,0,0,0,False,False,0.54,0,True,False,0.423,False,False,False
XRPUSDT,SELL,5974,2025-12-17 19:00:00,1.8508,1.378,4.458,-4.144,82,lose,0.843,1.686,-4.571,0,fresh,48.9,False,0.79,False,False,none,False,False,1,5,True,False,False,False,False,False,False,False,0,0,0,0,False,False,False,1,0,True,False,0,0,0,False,False,0.2,0,True,False,0.778,True,False,True
XRPUSDT,BUY,6056,2025-12-18 15:30:00,1.9275,0.005,6.744,-5.863,22,lose,0.783,1.567,4.073,0,fresh,42.3,True,2.22,True,False,none,False,False,5,2,True,False,False,False,False,False,False,False,0,0,0,0,False,False,False,1,0,False,True,1,0,0,False,False,1.34,0,True,True,0.747,True,False,True
XRPUSDT,SELL,7103,2025-12-29 13:15:00,1.8619,1.047,1.278,-0.526,170,lose,0.36,0.714,-1.702,0,fresh,51.7,False,0.52,False,True,bearish,True,False,1,4,True,False,False,False,False,False,False,False,0,0,0,0,False,False,False,0,0,False,False,0,0,0,False,False,0.01,1,True,False,1.3,False,False,False
XRPUSDT,BUY,7273,2025-12-31 07:45:00,1.8717,0.572,1.849,-1.533,36,lose,0.16,0.326,0.443,0,fresh,57.1,True,0.59,False,True,bullish,True,False,1,3,False,True,False,False,False,False,False,False,0,0,0,0,False,False,False,0,0,False,False,0,0,0,False,False,0.37,0,True,True,1.918,False,False,False
XRPUSDT,SELL,7309,2025-12-31 16:45:00,1.843,1.758,1.394,-1.34,97,lose,0.304,0.602,-1.78,0,fresh,67.6,False,1.96,True,False,none,False,False,0,4,True,False,False,False,False,False,False,False,0,0,1,0,False,False,True,1,0,True,False,0,0,0,False,False,0.66,0,True,False,1.948,False,False,False
XRPUSDT,BUY,9139,2026-01-19 18:15:00,2.0118,0.383,2.868,-2.794,43,lose,0.482,0.959,1.844,0,fresh,60.7,False,0.82,False,False,none,False,False,3,0,True,False,False,False,False,False,False,False,0,0,0,0,False,False,False,1,0,False,False,0,0,0,False,False,0.23,0,True,False,1.128,False,False,False
XRPUSDT,BUY,9342,2026-01-21 21:00:00,1.9744,0.734,3.763,-3.079,75,lose,0.937,1.869,4.163,0,fresh,12.6,True,0.71,False,False,none,False,False,3,3,False,False,False,False,False,False,False,False,0,0,0,0,False,False,False,0,1,True,False,0,0,0,False,False,0.08,0,True,False,1.368,True,False,True
XRPUSDT,BUY,9791,2026-01-26 13:15:00,1.9118,1.758,2.427,-2.359,251,lose,0.371,0.737,2.573,0,fresh,66.2,True,2.63,True,True,bullish,True,False,5,0,True,False,False,False,False,False,False,False,0,0,0,0,False,False,False,0,0,False,False,0,0,0,False,False,0.64,1,True,False,0.544,False,False,False
XRPUSDT,SELL,11124,2026-02-09 10:30:00,1.3761,0.145,6.359,-5.0,58,lose,0.719,1.432,-4.52,0,fresh,67.8,False,2.88,True,True,bearish,True,False,0,8,True,False,False,False,False,False,False,False,0,0,0,0,False,False,False,1,1,False,False,0,0,0,False,False,0.41,0,True,False,3.488,True,False,False
XRPUSDT,BUY,11182,2026-02-10 01:00:00,1.4449,0.554,3.689,-3.364,77,lose,0.561,1.121,2.139,0,fresh,80.2,True,1.15,False,True,bullish,True,False,1,0,True,False,False,False,False,False,False,False,0,0,0,0,False,False,False,0,0,False,False,0,0,0,False,False,0.41,0,True,False,3.322,True,False,False
XRPUSDT,BUY,12276,2026-02-21 10:30:00,1.4407,1.59,2.527,-2.228,106,lose,0.285,0.576,1.874,0,fresh,14.3,True,0.63,False,False,none,False,False,2,2,False,False,False,False,False,False,False,False,0,0,0,0,False,False,False,0,0,False,False,0,0,0,False,False,0.46,0,True,True,5.087,False,False,False
XRPUSDT,BUY,12476,2026-02-23 12:30:00,1.4174,0.332,6.434,-6.166,59,lose,0.635,1.27,3.739,0,fresh,63.0,True,2.57,True,True,bullish,True,False,5,0,True,False,False,False,False,False,False,False,0,0,0,0,False,False,False,1,0,False,False,0,0,0,False,False,3.13,0,True,True,5.171,True,False,False
XRPUSDT,SELL,12535,2026-02-24 03:15:00,1.33,1.391,5.241,-2.955,100,lose,0.692,1.383,-4.226,0,fresh,72.5,False,1.6,True,True,bearish,True,False,0,4,True,False,False,False,False,False,False,False,0,0,0,0,False,False,False,0,0,False,False,0,0,0,False,False,0.04,0,True,False,5.511,True,False,False
XRPUSDT,SELL,13083,2026-03-01 20:15:00,1.3426,0.722,5.623,-5.474,79,lose,0.633,1.266,-3.486,0,fresh,57.1,False,1.16,False,False,none,False,False,0,3,True,False,False,False,False,False,False,False,0,0,0,0,False,False,False,0,0,False,False,0,0,0,False,False,0.35,1,True,False,2.771,True,False,False
XRPUSDT,BUY,13162,2026-03-02 16:00:00,1.4161,0.459,5.303,-4.703,75,lose,0.925,1.843,5.254,0,fresh,76.3,True,1.66,True,False,none,False,False,3,1,True,False,False,False,False,False,False,False,0,0,0,0,False,False,False,0,1,True,False,0,0,0,False,False,0.4,0,True,False,2.627,True,False,True
XRPUSDT,SELL,13237,2026-03-03 10:45:00,1.3495,1.06,5.661,-5.039,91,lose,0.482,0.971,-2.127,0,fresh,64.3,True,1.16,False,True,bullish,False,True,1,3,True,False,False,False,False,False,False,False,0,0,0,0,False,False,False,0,0,False,False,0,0,0,False,False,3.55,0,True,False,2.757,False,False,False
XRPUSDT,SELL,14073,2026-03-12 03:45:00,1.3726,0.678,3.745,-2.965,85,lose,0.313,0.627,-1.275,0,fresh,25.5,False,1.17,False,False,none,False,False,0,4,True,False,False,False,False,False,False,False,0,0,0,0,False,False,False,0,0,False,False,0,0,0,False,False,0.95,1,True,True,1.384,False,False,False
XRPUSDT,SELL,14308,2026-03-14 14:30:00,1.3873,0.086,2.062,-1.953,46,lose,0.223,0.447,-1.139,0,fresh,82.5,False,1.78,True,False,none,False,False,2,4,True,False,False,False,False,False,False,False,0,0,0,0,False,False,False,0,0,False,False,0,0,0,False,False,6.61,0,True,True,1.37,False,False,False
XRPUSDT,SELL,15275,2026-03-24 16:15:00,1.3974,1.059,2.032,-1.453,63,lose,0.465,0.93,-1.911,0,fresh,60.0,False,0.68,False,True,bearish,True,False,0,4,True,False,False,False,False,False,False,False,0,0,0,0,False,False,False,0,0,False,False,0,0,0,False,False,0.4,0,True,True,5.21,False,False,False
XRPUSDT,BUY,15338,2026-03-25 08:00:00,1.4177,1.375,2.264,-2.123,89,lose,0.339,0.67,1.093,0,fresh,21.1,False,2.17,True,False,none,False,False,4,0,True,False,False,False,False,False,False,False,0,0,0,1,False,False,True,0,1,True,False,0,1,0,False,False,1.35,0,True,True,5.135,False,False,False
XRPUSDT,BUY,15660,2026-03-28 16:30:00,1.35,0.096,1.674,-1.244,70,lose,0.296,0.6,1.163,0,fresh,40.9,False,0.4,False,False,none,False,False,3,0,True,False,False,False,False,False,False,False,0,0,0,0,False,False,False,1,0,False,False,0,0,0,False,False,0.36,1,True,True,2.348,False,False,False
XRPUSDT,BUY,15803,2026-03-30 04:15:00,1.3538,0.923,2.822,-2.268,63,lose,0.495,0.982,2.179,0,fresh,39.2,False,1.54,True,False,none,False,False,3,0,True,False,False,False,False,False,False,False,0,0,0,0,False,False,False,0,0,False,False,0,0,0,False,False,0.27,0,True,True,3.508,False,False,False
XRPUSDT,SELL,15866,2026-03-30 20:00:00,1.3231,1.534,2.434,-2.328,136,lose,0.401,0.809,-1.784,0,fresh,33.3,True,0.91,False,False,none,False,False,1,5,True,False,False,False,False,False,False,False,0,1,0,0,True,False,True,0,1,False,False,0,1,0,False,False,0.56,0,True,True,3.59,False,False,False
XRPUSDT,BUY,16002,2026-04-01 06:00:00,1.3539,1.034,3.036,-3.028,84,lose,0.406,0.812,2.23,0,fresh,85.6,True,2.1,True,True,bullish,True,False,4,5,False,True,False,False,False,False,False,False,0,0,0,0,False,False,False,0,1,True,False,0,0,0,False,False,0.05,0,True,True,3.508,False,False,False
XRPUSDT,BUY,16237,2026-04-03 16:45:00,1.3239,0.053,2.153,-2.047,149,lose,0.295,0.597,1.36,0,fresh,54.3,True,0.64,False,False,none,False,False,1,1,False,False,False,False,False,False,False,False,0,0,0,0,False,False,False,1,0,False,False,0,0,0,False,False,0.44,0,True,True,3.86,False,False,False
XRPUSDT,SELL,16386,2026-04-05 06:00:00,1.2968,1.527,3.2,-2.791,72,lose,0.247,0.501,-1.627,0,fresh,45.6,False,4.29,True,False,none,False,False,2,5,True,False,False,False,False,False,False,False,0,0,0,0,False,False,False,0,0,False,False,0,0,0,False,False,0.37,0,True,False,3.941,False,False,False
XRPUSDT,BUY,16458,2026-04-06 00:00:00,1.333,1.8,1.643,-0.825,98,lose,0.435,0.878,2.941,0,fresh,57.3,True,3.32,True,True,bullish,True,False,5,2,True,False,False,False,False,False,False,False,0,0,0,0,False,False,False,0,0,False,False,0,0,0,False,False,3.58,0,True,True,3.833,False,False,False
XRPUSDT,SELL,16750,2026-04-09 01:00:00,1.332,0.833,2.11,-1.809,79,lose,0.383,0.773,-2.342,0,fresh,65.7,False,3.06,True,True,bearish,True,False,1,4,True,False,False,False,False,False,False,False,0,0,0,0,False,False,False,0,0,False,False,0,0,0,False,False,1.27,0,True,False,0.541,False,False,False
XRPUSDT,BUY,16829,2026-04-09 20:45:00,1.3561,1.386,2.367,-1.659,217,lose,0.376,0.752,1.475,0,fresh,73.1,False,0.32,False,False,none,False,False,1,0,True,False,False,False,False,False,False,False,0,0,0,0,False,False,False,0,0,False,False,0,0,0,False,False,0.74,0,True,False,0.531,False,False,False
XRPUSDT,SELL,17046,2026-04-12 03:00:00,1.3336,1.162,1.612,-1.162,168,lose,0.382,0.772,-1.867,0,fresh,2.5,False,0.85,False,False,none,False,False,1,4,True,False,False,False,False,False,False,False,0,1,0,0,True,False,True,0,1,False,False,0,0,0,False,False,0.16,1,True,True,1.792,False,False,False
XRPUSDT,SELL,18095,2026-04-23 01:15:00,1.4207,0.894,1.732,-0.795,122,lose,0.331,0.662,-1.872,0,fresh,92.2,False,0.7,False,False,none,False,False,1,2,True,False,False,False,False,False,False,False,0,0,0,0,False,False,False,0,0,False,False,0,0,0,False,False,0.02,0,True,False,1.218,False,False,False
XRPUSDT,BUY,18217,2026-04-24 07:45:00,1.432,1.278,0.964,-0.901,136,lose,0.23,0.461,0.677,0,fresh,100.0,True,1.04,False,False,none,False,False,1,1,False,False,False,False,False,False,False,False,0,0,0,0,False,False,False,0,0,False,False,0,0,0,False,False,0.48,0,True,False,1.208,False,False,False
XRPUSDT,SELL,18353,2026-04-25 17:45:00,1.4191,0.148,1.874,-1.769,128,lose,0.176,0.352,-1.05,0,fresh,18.7,False,0.78,False,False,none,False,False,1,2,True,False,False,False,False,False,False,False,0,0,0,0,False,False,False,0,0,False,False,0,0,0,False,False,0.05,1,True,False,0.465,False,False,False
XRPUSDT,BUY,18481,2026-04-27 01:45:00,1.4442,0.145,2.278,-2.133,24,lose,0.346,0.699,1.807,0,fresh,65.3,True,1.27,False,False,none,False,False,5,2,True,False,False,False,False,False,False,False,0,0,0,1,False,False,True,0,1,True,False,0,0,0,False,False,1.4,0,True,False,0.457,False,False,False
XRPUSDT,BUY,18705,2026-04-29 09:45:00,1.4031,0.171,3.036,-2.758,21,lose,0.264,0.527,1.589,0,fresh,65.5,True,5.56,True,True,bullish,True,False,2,0,True,False,False,False,False,False,False,False,0,0,0,0,False,False,False,1,0,False,False,0,0,0,False,False,2.5,0,True,False,0.549,False,False,False
XRPUSDT,SELL,18726,2026-04-29 15:00:00,1.3644,1.481,2.169,-1.957,186,lose,0.381,0.77,-2.074,0,fresh,60.5,False,2.54,True,True,bearish,True,False,0,7,True,False,False,False,False,False,False,False,0,0,0,0,False,False,False,0,0,False,False,0,0,0,False,False,6.26,0,True,False,0.564,False,False,False
XRPUSDT,SELL,19969,2026-05-12 13:45:00,1.4337,1.123,2.141,-1.855,71,lose,0.398,0.788,-2.413,0,fresh,81.6,False,4.36,True,True,bearish,True,False,1,4,True,False,False,False,False,False,False,False,0,0,0,0,False,False,False,0,0,False,False,0,0,0,False,False,2.99,0,True,False,2.19,False,False,False
XRPUSDT,BUY,20040,2026-05-13 07:30:00,1.4603,0.589,2.746,-2.15,27,lose,0.294,0.582,1.342,0,fresh,11.3,True,0.87,False,False,none,False,False,3,1,True,False,False,False,False,False,False,False,0,0,0,0,False,False,False,0,0,False,False,0,0,0,False,False,0.08,0,True,False,2.15,False,False,False
XRPUSDT,SELL,20067,2026-05-13 14:15:00,1.4289,1.295,3.149,-2.918,98,lose,0.406,0.819,-1.827,0,fresh,38.3,True,0.79,False,False,none,False,False,0,7,True,False,False,False,False,False,False,False,0,0,1,0,False,False,True,1,0,True,False,0,0,0,False,False,0.48,1,True,False,0.742,False,False,False
XRPUSDT,BUY,20793,2026-05-21 03:45:00,1.3837,0.108,2.414,-1.987,44,lose,0.253,0.513,1.185,0,fresh,53.8,True,0.83,False,False,none,False,False,6,1,True,False,False,False,False,False,False,False,0,0,0,0,False,False,False,1,0,False,False,0,0,0,False,False,0.94,0,True,False,0.39,False,False,False
XRPUSDT,BUY,22871,2026-06-11 19:15:00,1.1415,1.673,1.428,-1.183,269,lose,0.631,1.261,3.163,0,fresh,54.0,True,0.9,False,True,bullish,True,False,3,0,True,False,False,False,False,False,False,False,0,0,0,0,False,False,False,0,1,True,False,0,0,0,False,False,0.46,0,True,True,4.818,True,False,False
XRPUSDT,SELL,23140,2026-06-14 14:30:00,1.128,0.062,4.184,-3.741,30,lose,0.293,0.594,-1.844,0,fresh,65.6,False,4.22,True,True,bearish,True,False,1,5,True,False,False,False,False,False,False,False,0,0,0,0,False,False,False,0,1,False,False,0,0,0,False,False,2.7,1,True,True,4.876,False,False,False
XRPUSDT,BUY,23709,2026-06-20 12:45:00,1.1454,0.838,2.279,-1.24,136,lose,0.218,0.445,0.725,0,fresh,17.6,False,1.12,False,False,none,False,False,2,2,False,False,False,False,False,False,False,False,0,0,0,0,False,False,False,0,0,False,False,0,0,0,False,False,0.12,0,True,False,0.847,False,False,False
XRPUSDT,SELL,23845,2026-06-21 22:45:00,1.1312,0.734,2.847,-2.82,60,lose,0.407,0.804,-1.733,0,fresh,50.0,True,0.4,False,False,none,False,False,0,3,True,False,False,False,False,False,False,False,0,0,0,1,False,True,True,0,1,False,False,0,0,0,False,False,0.55,0,True,False,0.822,False,False,False
XRPUSDT,BUY,23905,2026-06-22 13:45:00,1.1631,0.009,3.654,-3.534,59,lose,0.421,0.843,2.373,0,fresh,89.5,True,2.09,True,False,none,False,False,6,0,True,False,False,False,False,False,False,False,0,0,0,0,False,False,False,1,0,False,False,0,0,0,False,False,0.11,0,True,False,0.8,False,False,False
XRPUSDT,BUY,24342,2026-06-27 03:00:00,1.0579,1.777,1.267,-1.106,94,lose,0.454,0.907,2.325,0,fresh,52.5,False,1.35,False,False,none,False,False,5,1,True,False,False,False,False,False,False,False,1,0,0,0,True,False,True,1,1,False,False,0,1,0,False,False,0.12,0,True,False,1.55,False,False,False
XRPUSDT,SELL,24436,2026-06-28 02:30:00,1.0462,1.424,2.868,-2.198,166,lose,0.306,0.612,-1.443,0,fresh,24.0,False,0.49,False,False,none,False,False,2,4,True,False,False,False,False,False,False,False,0,0,0,0,False,False,False,0,0,False,False,0,0,0,False,False,1.31,0,True,False,1.568,False,False,False
XRPUSDT,BUY,24602,2026-06-29 20:00:00,1.0692,0.037,2.684,-2.553,58,lose,0.561,1.132,2.245,0,fresh,87.5,False,0.74,False,True,bearish,False,True,5,2,True,False,False,False,False,False,False,False,0,0,0,0,False,False,False,1,0,False,False,0,0,0,False,False,1.24,0,True,False,1.534,True,False,False
XRPUSDT,SELL,24660,2026-06-30 10:30:00,1.0419,1.987,2.236,-1.939,119,lose,0.23,0.461,-1.248,0,fresh,30.8,False,0.73,False,False,none,False,False,0,3,True,False,False,False,False,False,False,False,0,0,0,0,False,False,False,0,0,False,False,0,0,0,False,False,0.16,0,True,False,0.614,False,False,False
XRPUSDT,SELL,25114,2026-07-05 04:00:00,1.1382,1.239,2.715,-1.704,78,lose,0.369,0.729,-1.388,0,fresh,24.0,True,0.52,False,False,none,False,False,0,5,True,False,False,False,False,False,False,False,0,0,0,0,False,False,False,0,0,False,False,0,0,0,False,False,0.21,0,True,False,1.247,False,False,False
XRPUSDT,BUY,25192,2026-07-05 23:30:00,1.1576,0.294,4.216,-3.602,56,lose,0.475,0.95,2.211,0,fresh,18.9,True,0.77,False,False,none,False,False,3,0,True,False,False,False,False,False,False,False,0,0,0,0,False,False,False,1,0,False,False,1,0,0,False,False,1.0,0,True,False,1.227,False,False,False
XRPUSDT,BUY,25588,2026-07-10 02:30:00,1.106,1.157,1.338,-1.257,183,lose,0.316,0.624,1.618,0,fresh,28.6,True,0.78,False,False,none,False,False,3,0,True,False,False,False,False,False,False,False,0,0,0,0,False,False,False,0,0,False,False,0,0,0,False,False,0.06,0,True,False,2.839,False,False,False
XRPUSDT,SELL,26228,2026-07-16 18:30:00,1.0893,1.854,0.927,-0.578,241,lose,0.468,0.927,-2.543,0,fresh,66.1,False,1.85,True,False,none,False,False,2,5,True,False,False,False,False,False,False,False,0,0,0,0,False,False,False,1,0,True,False,0,0,0,False,False,2.05,0,True,False,0.734,False,False,False
XRPUSDT,BUY,27085,2026-07-25 16:45:00,1.1022,1.279,1.597,-0.798,193,lose,0.181,0.354,1.098,0,fresh,37.5,True,1.68,True,False,none,False,False,6,0,True,False,False,False,False,False,False,False,0,0,0,0,False,False,False,0,0,False,False,0,0,0,False,False,0.08,0,True,False,0.717,False,False,False
XRPUSDT,BUY,27412,2026-07-29 02:30:00,1.0795,1.427,1.667,-0.778,231,lose,0.408,0.806,1.964,0,fresh,9.8,False,1.14,False,False,none,False,False,6,4,True,False,False,False,False,False,False,False,0,0,0,0,False,False,False,0,0,False,False,0,0,0,False,False,1.08,0,True,False,0.584,False,False,False
XRPUSDT,BUY,27797,2026-08-02 02:45:00,1.0756,1.608,0.958,-0.781,117,lose,0.242,0.483,1.608,0,fresh,94.3,True,1.09,False,True,bullish,True,False,5,0,True,False,False,False,False,False,False,False,0,0,0,0,False,False,False,0,0,False,False,0,0,0,False,False,0.01,0,True,False,0.586,False,False,False
XRPUSDT,SELL,27914,2026-08-03 08:00:00,1.0672,0.478,1.837,-1.387,38,lose,0.216,0.431,-1.096,0,fresh,35.3,False,0.89,False,False,none,False,False,0,3,True,False,False,False,False,False,False,False,0,0,0,0,False,False,False,0,0,False,False,0,0,0,False,False,0.57,0,True,False,0.59,False,False,False
XRPUSDT,BUY,27952,2026-08-03 17:30:00,1.082,0.176,1.71,-1.562,157,lose,0.333,0.656,1.155,0,fresh,15.4,True,0.47,False,False,none,False,False,2,1,True,False,False,False,False,False,False,False,0,0,0,0,False,False,False,1,0,False,False,0,0,0,False,False,0.65,0,True,False,0.582,False,False,False
XRPUSDT,BUY,28399,2026-08-08 09:15:00,1.0359,1.207,0.84,-0.618,164,lose,0.193,0.376,0.801,0,fresh,77.8,True,0.56,False,False,none,False,False,1,0,True,False,False,False,False,False,False,False,0,0,0,0,False,False,False,0,0,False,False,0,0,0,False,False,1.53,0,True,False,0.772,False,False,False
XRPUSDT,BUY,28795,2026-08-12 12:15:00,1.0241,0.137,2.109,-1.846,36,lose,0.225,0.459,1.123,0,fresh,41.7,True,2.12,True,False,none,False,False,3,2,True,False,False,False,False,False,False,False,0,0,0,0,False,False,False,0,0,False,False,0,0,0,False,False,4.2,1,True,True,0.605,False,False,False
