entry_price,exit_price,entry_bar,exit_bar,duration_bars,exit_reason,max_roe_pct,max_sl_pct,gross_pnl_pct,fee_pct,net_pnl_pct,net_profit_usd,is_win,symbol,strategy_mode,trade_type,direction,signal_bar,signal_datetime
0.2746,0.2691,145,332,188,TP,2.149,1.202,2.0,0.1,1.9,19.0,True,ADAUSDT,1,TREND,SELL,144,2026-03-05 00:20:00
0.2569,0.2518,1128,1162,35,TP,2.076,0.104,2.0,0.07,1.93,19.3,True,ADAUSDT,1,FADE,SELL,1126,2026-03-08 10:10:00
0.2491,0.2541,1189,1241,53,TP,2.007,0.522,2.0,0.07,1.93,19.3,True,ADAUSDT,1,FADE,BUY,1184,2026-03-08 15:00:00
0.2633,0.2609,2028,2180,153,REVERSE_SIGNAL,1.671,1.595,-0.912,0.1,-1.012,-10.12,False,ADAUSDT,1,TREND,BUY,2027,2026-03-11 13:15:00
0.259,0.2632,2187,2284,98,REVERSE_SIGNAL,1.847,0.508,1.615,0.07,1.545,15.45,True,ADAUSDT,1,FADE,BUY,2180,2026-03-12 02:00:00
0.2693,0.2639,2655,2708,54,TP,2.042,0.037,2.0,0.1,1.9,19.0,True,ADAUSDT,1,TREND,SELL,2654,2026-03-13 17:30:00
0.2689,0.2743,3292,3350,59,TP,4.054,0.446,2.0,0.1,1.9,19.0,True,ADAUSDT,1,TREND,BUY,3291,2026-03-15 22:35:00
0.2824,0.288,3663,3683,21,TP,2.018,0.283,2.0,0.07,1.93,19.3,True,ADAUSDT,1,FADE,BUY,3659,2026-03-17 05:15:00
0.2821,0.2765,4023,4034,12,TP,2.588,0.071,2.0,0.1,1.9,19.0,True,ADAUSDT,1,TREND,SELL,4022,2026-03-18 11:30:00
0.2617,0.2669,5459,5504,46,TP,2.025,1.911,2.0,0.1,1.9,19.0,True,ADAUSDT,1,TREND,BUY,5458,2026-03-23 11:10:00
0.2675,0.2621,5710,5744,35,TP,2.153,0.315,2.0,0.07,1.93,19.3,True,ADAUSDT,1,FADE,SELL,5706,2026-03-24 07:50:00
0.2472,0.2463,7373,7551,179,REVERSE_SIGNAL,1.2,2.279,0.351,0.07,0.281,2.81,True,ADAUSDT,1,FADE,SELL,7370,2026-03-30 02:30:00
0.2418,0.237,8225,8260,36,TP,2.151,0.744,2.0,0.1,1.9,19.0,True,ADAUSDT,1,TREND,SELL,8224,2026-04-02 01:40:00
0.2451,0.2465,8792,8986,195,REVERSE_SIGNAL,0.857,0.938,0.571,0.07,0.501,5.01,True,ADAUSDT,1,FADE,BUY,8784,2026-04-04 00:20:00
0.2428,0.2442,9142,9318,177,REVERSE_SIGNAL,1.252,1.343,0.593,0.07,0.523,5.23,True,ADAUSDT,1,FADE,BUY,9133,2026-04-05 05:25:00
0.2472,0.2521,9885,9905,21,TP,2.306,0.647,2.0,0.1,1.9,19.0,True,ADAUSDT,1,TREND,BUY,9884,2026-04-07 20:00:00
0.2565,0.2514,10427,10524,98,TP,2.066,1.793,2.0,0.07,1.93,19.3,True,ADAUSDT,1,FADE,SELL,10407,2026-04-09 15:35:00
0.255,0.253,10686,10808,123,REVERSE_SIGNAL,0.836,1.477,0.797,0.07,0.727,7.27,True,ADAUSDT,1,FADE,SELL,10684,2026-04-10 14:40:00
0.2527,0.2464,10809,10972,164,SL,0.95,2.533,-2.5,0.07,-2.57,-25.7,False,ADAUSDT,1,FADE,BUY,10808,2026-04-11 01:00:00
0.2552,0.2501,11030,11072,43,TP,2.221,0.287,2.0,0.07,1.93,19.3,True,ADAUSDT,1,FADE,SELL,11023,2026-04-11 18:55:00
0.2442,0.249,13884,13952,69,TP,2.355,0.143,2.0,0.07,1.93,19.3,True,ADAUSDT,1,FADE,BUY,13883,2026-04-21 17:15:00
0.2455,0.2504,14480,14542,63,TP,2.037,0.081,2.0,0.07,1.93,19.3,True,ADAUSDT,1,FADE,BUY,14471,2026-04-23 18:15:00
0.2511,0.2506,14544,15014,471,REVERSE_SIGNAL,1.652,1.055,0.219,0.07,0.149,1.49,True,ADAUSDT,1,FADE,SELL,14543,2026-04-24 00:15:00
0.2496,0.2515,15018,15195,178,REVERSE_SIGNAL,0.811,0.671,0.771,0.07,0.701,7.01,True,ADAUSDT,1,FADE,BUY,15014,2026-04-25 15:30:00
0.2481,0.2456,15690,15835,146,REVERSE_SIGNAL,1.303,0.228,1.021,0.07,0.951,9.51,True,ADAUSDT,1,FADE,SELL,15689,2026-04-27 23:45:00
0.2502,0.2483,17036,17153,118,REVERSE_SIGNAL,0.879,1.039,0.759,0.07,0.689,6.89,True,ADAUSDT,1,FADE,SELL,17017,2026-05-02 14:25:00
0.248,0.2503,17158,17280,123,REVERSE_SIGNAL,1.147,0.305,0.945,0.07,0.875,8.75,True,ADAUSDT,1,FADE,BUY,17153,2026-05-03 01:45:00
0.2532,0.2481,17452,17541,90,TP,2.212,0.711,2.0,0.07,1.93,19.3,True,ADAUSDT,1,FADE,SELL,17449,2026-05-04 02:25:00
0.2641,0.2707,18699,18781,83,SL,0.555,2.777,-2.5,0.07,-2.57,-25.7,False,ADAUSDT,1,FADE,SELL,18696,2026-05-08 10:20:00
0.2732,0.2801,19256,19337,82,SL,0.823,3.385,-2.5,0.07,-2.57,-25.7,False,ADAUSDT,1,FADE,SELL,19254,2026-05-10 08:50:00
0.2529,0.2487,21716,21876,161,REVERSE_SIGNAL,1.796,0.181,1.677,0.07,1.607,16.07,True,ADAUSDT,1,FADE,SELL,21705,2026-05-18 21:05:00
0.2475,0.2525,22398,22525,128,TP,2.13,0.859,2.0,0.07,1.93,19.3,True,ADAUSDT,1,FADE,BUY,22392,2026-05-21 06:20:00
0.2529,0.2491,22536,22785,250,REVERSE_SIGNAL,1.677,0.616,1.519,0.07,1.449,14.49,True,ADAUSDT,1,FADE,SELL,22528,2026-05-21 17:40:00
0.2389,0.2329,23965,24371,407,SL,1.898,2.582,-2.5,0.07,-2.57,-25.7,False,ADAUSDT,1,FADE,BUY,23964,2026-05-26 17:20:00
0.2343,0.2326,24533,24769,237,REVERSE_SIGNAL,1.408,0.854,-0.726,0.1,-0.826,-8.26,False,ADAUSDT,1,TREND,BUY,24532,2026-05-28 16:40:00
0.2379,0.2346,24932,25012,81,REVERSE_SIGNAL,1.814,0.624,1.394,0.07,1.324,13.24,True,ADAUSDT,1,FADE,SELL,24923,2026-05-30 01:15:00
0.2341,0.2371,25015,25123,109,REVERSE_SIGNAL,1.356,0.182,1.271,0.07,1.201,12.01,True,ADAUSDT,1,FADE,BUY,25012,2026-05-30 08:40:00
0.2122,0.208,26250,26256,7,TP,2.215,0.047,2.0,0.1,1.9,19.0,True,ADAUSDT,1,TREND,SELL,26249,2026-06-03 15:45:00
0.1582,0.1614,27041,27094,54,TP,2.086,3.034,2.0,0.1,1.9,19.0,True,ADAUSDT,1,TREND,BUY,27040,2026-06-06 09:40:00
0.1649,0.1682,27484,27644,161,TP,2.122,3.093,2.0,0.1,1.9,19.0,True,ADAUSDT,1,TREND,BUY,27483,2026-06-07 22:35:00
0.1647,0.1589,28245,28330,86,SL,1.336,3.764,-3.5,0.1,-3.6,-36.0,False,ADAUSDT,1,TREND,BUY,28244,2026-06-10 14:00:00
0.1711,0.1745,29486,29490,5,TP,2.864,0.234,2.0,0.1,1.9,19.0,True,ADAUSDT,1,TREND,BUY,29485,2026-06-14 21:25:00
0.1799,0.1763,29769,29830,62,TP,2.112,0.723,2.0,0.1,1.9,19.0,True,ADAUSDT,1,TREND,SELL,29768,2026-06-15 21:00:00
0.1809,0.1746,29912,29976,65,SL,0.221,3.648,-3.5,0.1,-3.6,-36.0,False,ADAUSDT,1,TREND,BUY,29911,2026-06-16 08:55:00
0.1536,0.1505,32126,32160,35,TP,2.083,0.456,2.0,0.07,1.93,19.3,True,ADAUSDT,1,FADE,SELL,32119,2026-06-24 00:55:00
0.1457,0.1486,32364,32372,9,TP,2.539,0.137,2.0,0.1,1.9,19.0,True,ADAUSDT,1,TREND,BUY,32363,2026-06-24 21:15:00
0.1468,0.1417,32771,32843,73,SL,0.272,3.951,-3.5,0.1,-3.6,-36.0,False,ADAUSDT,1,TREND,BUY,32770,2026-06-26 07:10:00
0.1466,0.1488,33109,33149,41,REVERSE_SIGNAL,1.626,0.284,1.489,0.07,1.419,14.19,True,ADAUSDT,1,FADE,BUY,33104,2026-06-27 11:00:00
0.1436,0.1458,33862,34055,194,REVERSE_SIGNAL,1.964,1.1,1.546,0.07,1.476,14.76,True,ADAUSDT,1,FADE,BUY,33842,2026-06-30 00:30:00
0.1458,0.1487,34056,34167,112,TP,2.881,2.743,2.0,0.1,1.9,19.0,True,ADAUSDT,1,TREND,BUY,34055,2026-06-30 18:15:00
0.153,0.1565,34419,34518,100,REVERSE_SIGNAL,0.327,2.418,-2.288,0.1,-2.388,-23.88,False,ADAUSDT,1,TREND,SELL,34418,2026-07-02 00:30:00
0.1756,0.1791,35103,35156,54,TP,2.301,0.319,2.0,0.07,1.93,19.3,True,ADAUSDT,1,FADE,BUY,35083,2026-07-04 07:55:00
0.189,0.1927,35349,35366,18,SL,0.212,2.751,-1.952,0.1,-2.052,-20.52,False,ADAUSDT,1,TREND,SELL,35348,2026-07-05 06:00:00
0.1913,0.1871,35545,35617,73,SL,0.68,2.405,-2.186,0.1,-2.286,-22.86,False,ADAUSDT,1,TREND,BUY,35544,2026-07-05 22:20:00
0.1693,0.1659,36505,36625,121,TP,2.469,0.425,2.0,0.07,1.93,19.3,True,ADAUSDT,1,FADE,SELL,36493,2026-07-09 05:25:00
0.1693,0.1659,36761,36890,130,TP,2.469,0.307,2.0,0.07,1.93,19.3,True,ADAUSDT,1,FADE,SELL,36747,2026-07-10 02:35:00
0.1607,0.161,38720,38856,137,REVERSE_SIGNAL,0.788,1.949,0.166,0.07,0.096,0.96,True,ADAUSDT,1,FADE,BUY,38719,2026-07-16 22:55:00
0.158,0.1612,38895,38901,7,TP,2.076,0.266,2.0,0.07,1.93,19.3,True,ADAUSDT,1,FADE,BUY,38893,2026-07-17 13:25:00
0.1628,0.1661,38912,38932,21,TP,2.15,1.106,2.0,0.1,1.9,19.0,True,ADAUSDT,1,TREND,BUY,38911,2026-07-17 14:55:00
0.1648,0.1662,39178,39269,92,REVERSE_SIGNAL,1.153,0.91,0.85,0.07,0.78,7.8,True,ADAUSDT,1,FADE,BUY,39159,2026-07-18 11:35:00
0.1671,0.1625,39610,39663,54,REVERSE_SIGNAL,0.06,2.992,-2.753,0.1,-2.853,-28.53,False,ADAUSDT,1,TREND,BUY,39609,2026-07-20 01:05:00
0.1625,0.1641,39664,39743,80,REVERSE_SIGNAL,1.231,2.215,-0.985,0.1,-1.085,-10.85,False,ADAUSDT,1,TREND,SELL,39663,2026-07-20 05:35:00
0.1734,0.169,40454,40639,186,SL,1.865,2.865,-2.5,0.07,-2.57,-25.7,False,ADAUSDT,1,FADE,BUY,40453,2026-07-22 23:25:00
0.1858,0.1821,43649,43728,80,TP,2.207,0.861,2.0,0.1,1.9,19.0,True,ADAUSDT,1,TREND,SELL,43648,2026-08-03 01:40:00
0.1882,0.192,43756,43794,39,TP,3.135,1.328,2.0,0.1,1.9,19.0,True,ADAUSDT,1,TREND,BUY,43755,2026-08-03 10:35:00
0.194,0.1979,44308,44322,15,TP,2.68,0.412,2.0,0.1,1.9,19.0,True,ADAUSDT,1,TREND,BUY,44307,2026-08-05 08:35:00
0.2001,0.2031,44802,44855,54,SL,0.8,1.899,-1.501,0.1,-1.601,-16.01,False,ADAUSDT,1,TREND,SELL,44801,2026-08-07 01:45:00
0.1841,0.182,46556,46701,146,REVERSE_SIGNAL,1.208,1.29,1.154,0.07,1.084,10.84,True,ADAUSDT,1,FADE,SELL,46555,2026-08-13 03:55:00
0.1752,0.1729,48117,48205,89,REVERSE_SIGNAL,1.484,0.97,1.313,0.07,1.243,12.43,True,ADAUSDT,1,FADE,SELL,48116,2026-08-18 14:00:00
0.1752,0.1796,48284,48421,138,SL,0.97,4.566,-2.5,0.07,-2.57,-25.7,False,ADAUSDT,1,FADE,SELL,48283,2026-08-19 03:55:00
0.1826,0.189,48567,48628,62,SL,0.493,3.943,-3.5,0.1,-3.6,-36.0,False,ADAUSDT,1,TREND,SELL,48566,2026-08-20 03:30:00
0.1897,0.1935,48629,48663,35,TP,2.056,0.843,2.0,0.1,1.9,19.0,True,ADAUSDT,1,TREND,BUY,48628,2026-08-20 08:40:00
0.2283,0.2237,49202,49208,7,TP,2.146,0.044,2.0,0.1,1.9,19.0,True,ADAUSDT,1,TREND,SELL,49201,2026-08-22 08:25:00
0.2321,0.224,49348,49362,15,SL,0.259,3.748,-3.5,0.1,-3.6,-36.0,False,ADAUSDT,1,TREND,BUY,49347,2026-08-22 20:35:00
0.2225,0.218,49418,49432,15,TP,2.157,1.348,2.0,0.1,1.9,19.0,True,ADAUSDT,1,TREND,SELL,49417,2026-08-23 02:25:00
0.2244,0.2289,49535,49553,19,TP,2.362,0.223,2.0,0.1,1.9,19.0,True,ADAUSDT,1,TREND,BUY,49534,2026-08-23 12:10:00
0.2183,0.2259,49700,49830,131,SL,0.779,3.71,-3.5,0.1,-3.6,-36.0,False,ADAUSDT,1,TREND,SELL,49699,2026-08-24 01:55:00
0.2256,0.2177,49833,49886,54,SL,0.887,3.723,-3.5,0.1,-3.6,-36.0,False,ADAUSDT,1,TREND,BUY,49832,2026-08-24 13:00:00
0.9916,1.0115,213,226,14,TP,2.085,0.355,2.0,0.07,1.93,19.3,True,APTUSDT,1,FADE,BUY,210,2026-03-05 05:50:00
0.9468,0.9657,1351,1457,107,TP,2.165,1.088,2.0,0.1,1.9,19.0,True,APTUSDT,1,TREND,BUY,1350,2026-03-09 04:50:00
0.9566,0.9612,1813,2027,215,REVERSE_SIGNAL,0.608,2.34,0.483,0.07,0.413,4.13,True,APTUSDT,1,FADE,BUY,1807,2026-03-10 18:55:00
0.9183,0.9366,2560,2588,29,TP,2.247,0.116,2.0,0.07,1.93,19.3,True,APTUSDT,1,FADE,BUY,2559,2026-03-13 09:35:00
0.9434,0.9623,2600,2608,9,TP,2.512,0.074,2.0,0.1,1.9,19.0,True,APTUSDT,1,TREND,BUY,2599,2026-03-13 12:55:00
0.9823,1.002,3652,3692,41,TP,2.185,0.217,2.0,0.07,1.93,19.3,True,APTUSDT,1,FADE,BUY,3649,2026-03-17 04:25:00
0.983,0.9633,4028,4040,13,TP,2.065,0.02,2.0,0.1,1.9,19.0,True,APTUSDT,1,TREND,SELL,4027,2026-03-18 11:55:00
0.9797,0.9649,4141,4275,135,REVERSE_SIGNAL,1.46,2.337,-1.511,0.1,-1.611,-16.11,False,APTUSDT,1,TREND,BUY,4140,2026-03-18 21:20:00
0.9816,1.0013,4802,4820,19,TP,2.076,0.084,2.0,0.07,1.93,19.3,True,APTUSDT,1,FADE,BUY,4796,2026-03-21 04:00:00
0.9385,0.9213,5337,5406,70,REVERSE_SIGNAL,1.673,1.929,-1.833,0.1,-1.933,-19.33,False,APTUSDT,1,TREND,BUY,5336,2026-03-23 01:00:00
0.9119,0.9301,5412,5457,46,TP,5.061,0.795,2.0,0.07,1.93,19.3,True,APTUSDT,1,FADE,BUY,5406,2026-03-23 06:50:00
0.9543,0.9734,5460,5513,54,TP,2.798,2.001,2.0,0.1,1.9,19.0,True,APTUSDT,1,TREND,BUY,5459,2026-03-23 11:15:00
1.0301,1.0662,5790,5856,67,SL,0.709,4.068,-3.5,0.1,-3.6,-36.0,False,APTUSDT,1,TREND,SELL,5789,2026-03-24 14:45:00
1.0846,1.1063,5860,5892,33,TP,2.231,1.42,2.0,0.1,1.9,19.0,True,APTUSDT,1,TREND,BUY,5859,2026-03-24 20:35:00
1.0609,1.0749,5947,6123,177,REVERSE_SIGNAL,1.103,2.432,-1.32,0.1,-1.42,-14.2,False,APTUSDT,1,TREND,SELL,5946,2026-03-25 03:50:00
0.9473,0.9284,7386,7507,122,TP,2.135,0.303,2.0,0.07,1.93,19.3,True,APTUSDT,1,FADE,SELL,7373,2026-03-30 02:45:00
0.8848,0.9047,7808,7987,180,REVERSE_SIGNAL,1.526,2.486,-2.249,0.1,-2.349,-23.49,False,APTUSDT,1,TREND,SELL,7807,2026-03-31 14:55:00
0.9149,0.8966,7989,8052,64,TP,2.118,0.145,2.0,0.07,1.93,19.3,True,APTUSDT,1,FADE,SELL,7987,2026-04-01 05:55:00
0.8521,0.8422,8963,9136,174,REVERSE_SIGNAL,1.26,0.067,1.166,0.07,1.096,10.96,True,APTUSDT,1,FADE,SELL,8962,2026-04-04 15:10:00
0.8521,0.8734,9356,9468,113,SL,1.119,2.801,-2.5,0.07,-2.57,-25.7,False,APTUSDT,1,FADE,SELL,9348,2026-04-05 23:20:00
0.8556,0.8342,9563,9632,70,SL,0.847,2.706,-2.5,0.07,-2.57,-25.7,False,APTUSDT,1,FADE,BUY,9562,2026-04-06 17:10:00
0.8573,0.8359,10080,10160,81,SL,0.857,2.642,-2.5,0.07,-2.57,-25.7,False,APTUSDT,1,FADE,BUY,10073,2026-04-08 11:45:00
0.879,0.8547,11854,11883,30,SL,0.0,2.776,-2.763,0.1,-2.863,-28.63,False,APTUSDT,1,TREND,BUY,11853,2026-04-14 16:05:00
0.8474,0.8643,11893,11949,57,TP,2.278,0.012,2.0,0.07,1.93,19.3,True,APTUSDT,1,FADE,BUY,11891,2026-04-14 19:15:00
0.8696,0.8529,12007,12039,33,REVERSE_SIGNAL,1.995,0.328,1.915,0.07,1.845,18.45,True,APTUSDT,1,FADE,SELL,11997,2026-04-15 04:05:00
0.9983,0.9912,12616,12841,226,REVERSE_SIGNAL,1.863,2.995,-0.711,0.1,-0.811,-8.11,False,APTUSDT,1,TREND,BUY,12615,2026-04-17 07:35:00
0.9289,0.9475,13489,13605,117,TP,2.002,0.549,2.0,0.1,1.9,19.0,True,APTUSDT,1,TREND,BUY,13488,2026-04-20 08:20:00
0.9471,0.9281,13814,13882,69,TP,2.194,0.172,2.0,0.07,1.93,19.3,True,APTUSDT,1,FADE,SELL,13804,2026-04-21 10:40:00
0.9195,0.9384,13884,13971,88,REVERSE_SIGNAL,0.326,2.295,-2.055,0.1,-2.155,-21.55,False,APTUSDT,1,TREND,SELL,13883,2026-04-21 17:15:00
0.928,0.9466,14467,14513,47,TP,2.067,0.315,2.0,0.07,1.93,19.3,True,APTUSDT,1,FADE,BUY,14466,2026-04-23 17:50:00
0.9537,0.9646,15482,15684,203,REVERSE_SIGNAL,1.529,1.606,1.141,0.07,1.071,10.71,True,APTUSDT,1,FADE,BUY,15470,2026-04-27 05:30:00
0.9855,1.0052,16440,16565,126,TP,2.168,0.673,2.0,0.07,1.93,19.3,True,APTUSDT,1,FADE,BUY,16439,2026-04-30 14:15:00
0.9747,0.9942,17424,17442,19,TP,2.013,0.038,2.0,0.07,1.93,19.3,True,APTUSDT,1,FADE,BUY,17423,2026-05-04 00:15:00
0.9613,0.9805,17909,17951,43,TP,2.018,0.094,2.0,0.07,1.93,19.3,True,APTUSDT,1,FADE,BUY,17908,2026-05-05 16:40:00
0.9983,1.0233,17977,18038,62,SL,1.706,3.032,-2.5,0.07,-2.57,-25.7,False,APTUSDT,1,FADE,SELL,17959,2026-05-05 20:55:00
1.004,1.0317,18480,18585,106,REVERSE_SIGNAL,0.01,3.127,-2.759,0.1,-2.859,-28.59,False,APTUSDT,1,TREND,SELL,18479,2026-05-07 16:15:00
1.1153,1.093,19465,19744,280,TP,2.098,2.484,2.0,0.1,1.9,19.0,True,APTUSDT,1,TREND,SELL,19464,2026-05-11 02:20:00
1.0899,1.0681,20162,20163,2,TP,2.395,0.064,2.0,0.1,1.9,19.0,True,APTUSDT,1,TREND,SELL,20161,2026-05-13 12:25:00
1.0589,1.0437,20479,20616,138,REVERSE_SIGNAL,1.794,2.012,-1.435,0.1,-1.535,-15.35,False,APTUSDT,1,TREND,BUY,20478,2026-05-14 14:50:00
1.0437,1.0228,20617,20654,38,TP,3.047,0.642,2.0,0.1,1.9,19.0,True,APTUSDT,1,TREND,SELL,20616,2026-05-15 02:20:00
0.9393,0.951,21334,21424,91,REVERSE_SIGNAL,1.623,1.049,1.25,0.07,1.18,11.8,True,APTUSDT,1,FADE,BUY,21328,2026-05-17 13:40:00
0.9149,0.9332,21679,21680,2,TP,2.284,0.109,2.0,0.07,1.93,19.3,True,APTUSDT,1,FADE,BUY,21676,2026-05-18 18:40:00
0.9438,0.9674,22094,22357,264,SL,1.64,2.514,-2.5,0.07,-2.57,-25.7,False,APTUSDT,1,FADE,SELL,22093,2026-05-20 05:25:00
0.9464,0.9654,22448,22522,75,TP,2.132,0.341,2.0,0.07,1.93,19.3,True,APTUSDT,1,FADE,BUY,22447,2026-05-21 10:55:00
0.9741,0.9936,22529,22756,228,TP,2.002,1.191,2.0,0.1,1.9,19.0,True,APTUSDT,1,TREND,BUY,22528,2026-05-21 17:40:00
0.9694,0.95,22827,22829,3,TP,2.166,0.031,2.0,0.1,1.9,19.0,True,APTUSDT,1,TREND,SELL,22826,2026-05-22 18:30:00
0.9575,0.9767,23764,23822,59,TP,2.315,0.829,2.0,0.07,1.93,19.3,True,APTUSDT,1,FADE,BUY,23761,2026-05-26 00:25:00
0.9833,0.9636,24147,24164,18,TP,2.105,0.142,2.0,0.07,1.93,19.3,True,APTUSDT,1,FADE,SELL,24146,2026-05-27 08:30:00
0.9954,0.9457,24233,24305,73,SL,0.563,5.063,-4.995,0.1,-5.095,-50.95,False,APTUSDT,1,TREND,BUY,24232,2026-05-27 15:40:00
0.937,0.9131,24489,24500,12,SL,0.021,2.753,-2.548,0.1,-2.648,-26.48,False,APTUSDT,1,TREND,BUY,24488,2026-05-28 13:00:00
0.9185,0.9001,24672,24782,111,TP,2.254,2.482,2.0,0.1,1.9,19.0,True,APTUSDT,1,TREND,SELL,24671,2026-05-29 04:15:00
0.9358,0.9545,24811,24926,116,TP,2.18,1.678,2.0,0.1,1.9,19.0,True,APTUSDT,1,TREND,BUY,24810,2026-05-29 15:50:00
0.9513,0.9323,25472,25508,37,TP,2.274,0.67,2.0,0.07,1.93,19.3,True,APTUSDT,1,FADE,SELL,25457,2026-05-31 21:45:00
0.9425,0.9095,25704,25797,94,SL,0.838,3.82,-3.5,0.1,-3.6,-36.0,False,APTUSDT,1,TREND,BUY,25703,2026-06-01 18:15:00
0.8557,0.8386,26150,26252,103,TP,2.431,1.788,2.0,0.07,1.93,19.3,True,APTUSDT,1,FADE,SELL,26146,2026-06-03 07:10:00
0.8251,0.8086,26257,26310,54,TP,2.169,1.963,2.0,0.1,1.9,19.0,True,APTUSDT,1,TREND,SELL,26256,2026-06-03 16:20:00
0.7395,0.7247,26612,26668,57,TP,2.096,2.299,2.0,0.1,1.9,19.0,True,APTUSDT,1,TREND,SELL,26611,2026-06-04 21:55:00
0.6639,0.6407,27035,27050,16,SL,0.618,3.555,-3.5,0.1,-3.6,-36.0,False,APTUSDT,1,TREND,BUY,27034,2026-06-06 09:10:00
0.6733,0.6868,27228,27323,96,TP,2.064,1.055,2.0,0.1,1.9,19.0,True,APTUSDT,1,TREND,BUY,27227,2026-06-07 01:15:00
0.6749,0.6884,27486,27695,210,TP,2.43,3.156,2.0,0.1,1.9,19.0,True,APTUSDT,1,TREND,BUY,27485,2026-06-07 22:45:00
0.6698,0.6564,27791,27795,5,TP,2.568,0.403,2.0,0.1,1.9,19.0,True,APTUSDT,1,TREND,SELL,27790,2026-06-09 00:10:00
0.6697,0.6463,27855,27981,127,SL,0.926,3.867,-3.5,0.1,-3.6,-36.0,False,APTUSDT,1,TREND,BUY,27854,2026-06-09 05:30:00
0.64,0.6528,27987,27987,1,TP,2.016,0.141,2.0,0.07,1.93,19.3,True,APTUSDT,1,FADE,BUY,27983,2026-06-09 16:15:00
0.6376,0.624,28416,28512,97,SL,0.878,2.337,-2.139,0.1,-2.239,-22.39,False,APTUSDT,1,TREND,BUY,28415,2026-06-11 04:15:00
0.6216,0.6434,28573,28577,5,SL,0.064,4.424,-3.5,0.1,-3.6,-36.0,False,APTUSDT,1,TREND,SELL,28572,2026-06-11 17:20:00
0.6361,0.6562,28732,28766,35,SL,0.597,3.238,-3.157,0.1,-3.257,-32.57,False,APTUSDT,1,TREND,SELL,28731,2026-06-12 06:35:00
0.661,0.6397,28769,28925,157,REVERSE_SIGNAL,1.271,3.389,-3.222,0.1,-3.322,-33.22,False,APTUSDT,1,TREND,BUY,28768,2026-06-12 09:40:00
0.6567,0.6731,28994,29029,36,SL,1.218,2.939,-2.5,0.07,-2.57,-25.7,False,APTUSDT,1,FADE,SELL,28987,2026-06-13 03:55:00
0.6678,0.6812,29485,29489,5,TP,2.171,0.21,2.0,0.1,1.9,19.0,True,APTUSDT,1,TREND,BUY,29484,2026-06-14 21:20:00
0.6645,0.6878,29977,30121,145,SL,1.776,3.883,-3.5,0.1,-3.6,-36.0,False,APTUSDT,1,TREND,SELL,29976,2026-06-16 14:20:00
0.6941,0.6802,30289,30297,9,TP,2.262,0.245,2.0,0.07,1.93,19.3,True,APTUSDT,1,FADE,SELL,30281,2026-06-17 15:45:00
0.622,0.6344,30723,30832,110,TP,2.321,1.474,2.0,0.07,1.93,19.3,True,APTUSDT,1,FADE,BUY,30722,2026-06-19 04:30:00
0.6472,0.6699,31531,31544,14,SL,0.139,3.569,-3.5,0.1,-3.6,-36.0,False,APTUSDT,1,TREND,SELL,31530,2026-06-21 23:50:00
0.6744,0.661,31549,31568,20,TP,2.378,0.557,2.0,0.07,1.93,19.3,True,APTUSDT,1,FADE,SELL,31545,2026-06-22 01:05:00
0.6615,0.6483,31766,31893,128,TP,2.676,0.529,2.0,0.1,1.9,19.0,True,APTUSDT,1,TREND,SELL,31765,2026-06-22 19:25:00
0.6407,0.6535,31996,32126,131,TP,2.31,1.826,2.0,0.1,1.9,19.0,True,APTUSDT,1,TREND,BUY,31995,2026-06-23 14:35:00
0.6296,0.6259,32358,32533,176,REVERSE_SIGNAL,1.572,1.636,-0.588,0.1,-0.688,-6.88,False,APTUSDT,1,TREND,BUY,32357,2026-06-24 20:45:00
0.6054,0.5933,32774,32801,28,TP,2.192,0.105,2.0,0.07,1.93,19.3,True,APTUSDT,1,FADE,SELL,32770,2026-06-26 07:10:00
0.5864,0.5747,32816,32843,28,TP,2.115,0.887,2.0,0.1,1.9,19.0,True,APTUSDT,1,TREND,SELL,32815,2026-06-26 10:55:00
0.6054,0.5952,32882,33110,229,REVERSE_SIGNAL,1.927,1.426,1.679,0.07,1.609,16.09,True,APTUSDT,1,FADE,SELL,32881,2026-06-26 16:25:00
0.5705,0.5562,33842,33984,143,SL,1.263,2.593,-2.5,0.07,-2.57,-25.7,False,APTUSDT,1,FADE,BUY,33838,2026-06-30 00:10:00
0.6381,0.6287,35172,35272,101,REVERSE_SIGNAL,1.975,0.956,1.473,0.07,1.403,14.03,True,APTUSDT,1,FADE,SELL,35170,2026-07-04 15:10:00
0.6336,0.6209,36238,36239,2,TP,2.677,0.054,2.0,0.07,1.93,19.3,True,APTUSDT,1,FADE,SELL,36237,2026-07-08 08:05:00
0.6113,0.5991,36293,36293,1,TP,2.323,0.065,2.0,0.1,1.9,19.0,True,APTUSDT,1,TREND,SELL,36292,2026-07-08 12:40:00
0.6275,0.6191,38310,38489,180,REVERSE_SIGNAL,1.635,0.771,1.332,0.07,1.262,12.62,True,APTUSDT,1,FADE,SELL,38309,2026-07-15 12:45:00
0.6032,0.6183,39790,39949,160,SL,1.475,2.636,-2.5,0.07,-2.57,-25.7,False,APTUSDT,1,FADE,SELL,39783,2026-07-20 15:35:00
0.5683,0.5541,42762,42933,172,SL,1.425,2.903,-2.5,0.07,-2.57,-25.7,False,APTUSDT,1,FADE,BUY,42757,2026-07-30 23:25:00
0.5637,0.5623,43367,43593,227,REVERSE_SIGNAL,1.073,1.357,0.257,0.07,0.187,1.87,True,APTUSDT,1,FADE,SELL,43354,2026-08-02 01:10:00
0.5722,0.58,44072,44146,75,REVERSE_SIGNAL,1.426,0.374,1.356,0.07,1.286,12.86,True,APTUSDT,1,FADE,BUY,44071,2026-08-04 12:55:00
0.5878,0.5907,44624,44764,141,REVERSE_SIGNAL,1.225,0.425,0.493,0.07,0.423,4.23,True,APTUSDT,1,FADE,BUY,44616,2026-08-06 10:20:00
0.5936,0.5859,44781,44840,60,REVERSE_SIGNAL,1.617,0.27,1.297,0.07,1.227,12.27,True,APTUSDT,1,FADE,SELL,44764,2026-08-06 22:40:00
0.5722,0.5579,46232,46477,246,SL,1.007,2.733,-2.5,0.07,-2.57,-25.7,False,APTUSDT,1,FADE,BUY,46228,2026-08-12 00:40:00
0.6454,0.6583,49076,49112,37,TP,2.82,0.635,2.0,0.1,1.9,19.0,True,APTUSDT,1,TREND,BUY,49075,2026-08-21 21:55:00
0.6442,0.6313,49175,49222,48,TP,2.002,2.406,2.0,0.1,1.9,19.0,True,APTUSDT,1,TREND,SELL,49174,2026-08-22 06:10:00
0.6316,0.6442,49525,49551,27,TP,2.517,0.665,2.0,0.1,1.9,19.0,True,APTUSDT,1,TREND,BUY,49524,2026-08-23 11:20:00
0.6293,0.6167,49687,49695,9,TP,2.145,0.62,2.0,0.1,1.9,19.0,True,APTUSDT,1,TREND,SELL,49686,2026-08-24 00:50:00
0.1027,0.1048,163,266,104,TP,2.434,0.779,2.0,0.07,1.93,19.3,True,ARBUSDT,1,FADE,BUY,162,2026-03-05 01:50:00
0.1052,0.1031,314,326,13,TP,2.009,0.747,2.0,0.07,1.93,19.3,True,ARBUSDT,1,FADE,SELL,313,2026-03-05 14:25:00
0.1011,0.1046,355,454,100,SL,0.495,3.561,-3.5,0.1,-3.6,-36.0,False,ARBUSDT,1,TREND,SELL,354,2026-03-05 17:50:00
0.1023,0.1003,572,596,25,TP,2.053,1.369,2.0,0.1,1.9,19.0,True,ARBUSDT,1,TREND,SELL,571,2026-03-06 11:55:00
0.098,0.0994,1815,1999,185,REVERSE_SIGNAL,1.769,1.089,1.463,0.07,1.393,13.93,True,ARBUSDT,1,FADE,BUY,1814,2026-03-10 19:30:00
0.1069,0.109,3652,3732,81,TP,2.072,0.08,2.0,0.07,1.93,19.3,True,ARBUSDT,1,FADE,BUY,3651,2026-03-17 04:35:00
0.1092,0.107,3860,4012,153,TP,2.088,0.11,2.0,0.07,1.93,19.3,True,ARBUSDT,1,FADE,SELL,3856,2026-03-17 21:40:00
0.0993,0.1001,4682,4994,313,REVERSE_SIGNAL,1.554,0.864,0.849,0.07,0.779,7.79,True,ARBUSDT,1,FADE,BUY,4670,2026-03-20 17:30:00
0.1001,0.0981,4997,5034,38,TP,4.039,0.055,2.0,0.07,1.93,19.3,True,ARBUSDT,1,FADE,SELL,4994,2026-03-21 20:30:00
0.0969,0.095,5035,5036,2,TP,3.302,0.206,2.0,0.1,1.9,19.0,True,ARBUSDT,1,TREND,SELL,5034,2026-03-21 23:50:00
0.0944,0.0925,5364,5408,45,TP,2.067,0.265,2.0,0.07,1.93,19.3,True,ARBUSDT,1,FADE,SELL,5363,2026-03-23 03:15:00
0.0952,0.0971,5461,5610,150,TP,2.311,1.891,2.0,0.1,1.9,19.0,True,ARBUSDT,1,TREND,BUY,5460,2026-03-23 11:20:00
0.0981,0.0977,5875,6226,352,REVERSE_SIGNAL,1.292,1.971,0.374,0.07,0.304,3.04,True,ARBUSDT,1,FADE,SELL,5869,2026-03-24 21:25:00
0.0951,0.0932,6506,6579,74,TP,2.069,0.035,2.0,0.07,1.93,19.3,True,ARBUSDT,1,FADE,SELL,6502,2026-03-27 02:10:00
0.0926,0.0907,6587,6606,20,TP,2.376,0.648,2.0,0.1,1.9,19.0,True,ARBUSDT,1,TREND,SELL,6586,2026-03-27 09:10:00
0.0905,0.0923,7366,7433,68,TP,2.21,0.331,2.0,0.1,1.9,19.0,True,ARBUSDT,1,TREND,BUY,7365,2026-03-30 02:05:00
0.0925,0.0906,8223,8237,15,TP,2.27,0.541,2.0,0.1,1.9,19.0,True,ARBUSDT,1,TREND,SELL,8222,2026-04-02 01:30:00
0.0922,0.0925,8721,8967,247,REVERSE_SIGNAL,1.121,0.94,0.362,0.07,0.292,2.92,True,ARBUSDT,1,FADE,BUY,8705,2026-04-03 17:45:00
0.0931,0.0919,8987,9115,129,REVERSE_SIGNAL,1.504,0.752,1.289,0.07,1.219,12.19,True,ARBUSDT,1,FADE,SELL,8967,2026-04-04 15:35:00
0.1021,0.1041,10184,10188,5,TP,2.742,0.098,2.0,0.1,1.9,19.0,True,ARBUSDT,1,TREND,BUY,10183,2026-04-08 20:55:00
0.1007,0.1027,10240,10286,47,TP,2.495,0.186,2.0,0.07,1.93,19.3,True,ARBUSDT,1,FADE,BUY,10239,2026-04-09 01:35:00
0.1043,0.1064,10409,10479,71,TP,2.493,1.822,2.0,0.1,1.9,19.0,True,ARBUSDT,1,TREND,BUY,10408,2026-04-09 15:40:00
0.1177,0.1153,11029,11073,45,TP,2.018,0.191,2.0,0.07,1.93,19.3,True,ARBUSDT,1,FADE,SELL,11027,2026-04-11 19:15:00
0.1127,0.1104,11106,11165,60,TP,2.13,1.154,2.0,0.1,1.9,19.0,True,ARBUSDT,1,TREND,SELL,11105,2026-04-12 01:45:00
0.1128,0.1101,11303,11564,262,REVERSE_SIGNAL,0.887,2.394,-2.394,0.1,-2.494,-24.94,False,ARBUSDT,1,TREND,BUY,11302,2026-04-12 18:10:00
0.1136,0.1113,11653,11789,137,TP,2.113,0.088,2.0,0.07,1.93,19.3,True,ARBUSDT,1,FADE,SELL,11645,2026-04-13 22:45:00
0.1102,0.1124,11798,11867,70,TP,2.056,1.21,2.0,0.07,1.93,19.3,True,ARBUSDT,1,FADE,BUY,11794,2026-04-14 11:10:00
0.1119,0.1141,11975,12008,34,TP,2.413,0.536,2.0,0.1,1.9,19.0,True,ARBUSDT,1,TREND,BUY,11974,2026-04-15 02:10:00
0.1305,0.1322,12841,12889,49,SL,0.843,1.303,-1.301,0.1,-1.401,-14.01,False,ARBUSDT,1,TREND,SELL,12840,2026-04-18 02:20:00
0.1338,0.1303,12898,12925,28,REVERSE_SIGNAL,0.374,3.139,-2.616,0.1,-2.716,-27.16,False,ARBUSDT,1,TREND,BUY,12897,2026-04-18 07:05:00
0.1303,0.1277,12926,12946,21,TP,2.149,0.614,2.0,0.1,1.9,19.0,True,ARBUSDT,1,TREND,SELL,12925,2026-04-18 09:25:00
0.1285,0.1259,13277,13304,28,TP,2.179,0.156,2.0,0.07,1.93,19.3,True,ARBUSDT,1,FADE,SELL,13264,2026-04-19 13:40:00
0.1236,0.1211,13317,13381,65,TP,2.023,2.023,2.0,0.1,1.9,19.0,True,ARBUSDT,1,TREND,SELL,13316,2026-04-19 18:00:00
0.1263,0.1237,13411,13453,43,TP,2.033,0.106,2.0,0.07,1.93,19.3,True,ARBUSDT,1,FADE,SELL,13410,2026-04-20 01:50:00
0.1256,0.1281,13702,13867,166,TP,2.05,0.657,2.0,0.07,1.93,19.3,True,ARBUSDT,1,FADE,BUY,13701,2026-04-21 02:05:00
0.1276,0.1302,13999,14028,30,TP,2.273,0.705,2.0,0.1,1.9,19.0,True,ARBUSDT,1,TREND,BUY,13998,2026-04-22 02:50:00
0.1269,0.1244,14258,14294,37,TP,2.049,0.473,2.0,0.1,1.9,19.0,True,ARBUSDT,1,TREND,SELL,14257,2026-04-23 00:25:00
0.1269,0.125,14433,14468,36,REVERSE_SIGNAL,1.891,2.837,-1.497,0.1,-1.597,-15.97,False,ARBUSDT,1,TREND,BUY,14432,2026-04-23 15:00:00
0.1282,0.1308,14519,14551,33,TP,2.028,0.702,2.0,0.1,1.9,19.0,True,ARBUSDT,1,TREND,BUY,14518,2026-04-23 22:10:00
0.1325,0.1299,14859,14969,111,TP,2.062,0.352,2.0,0.07,1.93,19.3,True,ARBUSDT,1,FADE,SELL,14845,2026-04-25 01:25:00
0.1293,0.1319,15320,15438,119,TP,2.243,0.773,2.0,0.07,1.93,19.3,True,ARBUSDT,1,FADE,BUY,15318,2026-04-26 16:50:00
0.1325,0.1299,15446,15466,21,TP,2.213,0.277,2.0,0.07,1.93,19.3,True,ARBUSDT,1,FADE,SELL,15445,2026-04-27 03:25:00
0.1276,0.125,15471,15562,92,TP,2.038,0.235,2.0,0.1,1.9,19.0,True,ARBUSDT,1,TREND,SELL,15470,2026-04-27 05:30:00
0.1272,0.1246,15701,15786,86,TP,2.333,0.262,2.0,0.07,1.93,19.3,True,ARBUSDT,1,FADE,SELL,15687,2026-04-27 23:35:00
0.1237,0.1259,15831,16026,196,REVERSE_SIGNAL,1.924,0.663,1.762,0.07,1.692,16.92,True,ARBUSDT,1,FADE,BUY,15811,2026-04-28 09:55:00
0.1262,0.1237,16150,16171,22,TP,2.06,1.426,2.0,0.1,1.9,19.0,True,ARBUSDT,1,TREND,SELL,16149,2026-04-29 14:05:00
0.1278,0.1243,16277,16328,52,SL,0.939,2.739,-2.728,0.1,-2.828,-28.28,False,ARBUSDT,1,TREND,BUY,16276,2026-04-30 00:40:00
0.1242,0.1267,16333,16381,49,TP,2.066,0.268,2.0,0.07,1.93,19.3,True,ARBUSDT,1,FADE,BUY,16329,2026-04-30 05:05:00
0.1232,0.1234,16836,17045,210,REVERSE_SIGNAL,1.001,1.353,0.189,0.07,0.119,1.19,True,ARBUSDT,1,FADE,BUY,16834,2026-05-01 23:10:00
0.1212,0.1188,17137,17158,22,TP,2.393,0.578,2.0,0.1,1.9,19.0,True,ARBUSDT,1,TREND,SELL,17136,2026-05-03 00:20:00
0.1138,0.1161,17543,17597,55,TP,2.606,0.117,2.0,0.07,1.93,19.3,True,ARBUSDT,1,FADE,BUY,17542,2026-05-04 10:10:00
0.1282,0.1257,18371,18516,146,REVERSE_SIGNAL,1.716,2.73,-1.95,0.1,-2.05,-20.5,False,ARBUSDT,1,TREND,BUY,18370,2026-05-07 07:10:00
0.1418,0.139,19021,19052,32,TP,2.398,0.494,2.0,0.1,1.9,19.0,True,ARBUSDT,1,TREND,SELL,19020,2026-05-09 13:20:00
0.1423,0.1451,19257,19369,113,TP,2.108,1.054,2.0,0.1,1.9,19.0,True,ARBUSDT,1,TREND,BUY,19256,2026-05-10 09:00:00
0.1417,0.1389,19408,19742,335,TP,2.188,2.399,2.0,0.1,1.9,19.0,True,ARBUSDT,1,TREND,SELL,19407,2026-05-10 21:35:00
0.1392,0.142,20032,20123,92,TP,2.371,0.359,2.0,0.1,1.9,19.0,True,ARBUSDT,1,TREND,BUY,20031,2026-05-13 01:35:00
0.1385,0.1357,20159,20163,5,TP,3.105,0.072,2.0,0.1,1.9,19.0,True,ARBUSDT,1,TREND,SELL,20158,2026-05-13 12:10:00
0.1331,0.1358,20481,20494,14,TP,2.029,0.451,2.0,0.1,1.9,19.0,True,ARBUSDT,1,TREND,BUY,20480,2026-05-14 15:00:00
0.131,0.1284,20610,20654,45,TP,2.595,0.305,2.0,0.1,1.9,19.0,True,ARBUSDT,1,TREND,SELL,20609,2026-05-15 01:45:00
0.1105,0.1126,22433,22505,73,SL,1.991,1.9,-1.872,0.1,-1.972,-19.72,False,ARBUSDT,1,TREND,SELL,22432,2026-05-21 09:40:00
0.1122,0.1144,22508,22529,22,TP,2.05,1.248,2.0,0.1,1.9,19.0,True,ARBUSDT,1,TREND,BUY,22507,2026-05-21 15:55:00
0.1117,0.115,22614,22655,42,REVERSE_SIGNAL,0.269,3.044,-2.954,0.1,-3.054,-30.54,False,ARBUSDT,1,TREND,SELL,22613,2026-05-22 00:45:00
0.1151,0.1128,22656,22707,52,TP,2.503,0.104,2.0,0.07,1.93,19.3,True,ARBUSDT,1,FADE,SELL,22655,2026-05-22 04:15:00
0.1116,0.1088,22789,22829,41,SL,1.823,2.749,-2.5,0.07,-2.57,-25.7,False,ARBUSDT,1,FADE,BUY,22788,2026-05-22 15:20:00
0.1072,0.1093,23073,23110,38,TP,2.146,0.28,2.0,0.1,1.9,19.0,True,ARBUSDT,1,TREND,BUY,23072,2026-05-23 15:00:00
0.1076,0.1054,23291,23350,60,TP,2.138,0.743,2.0,0.1,1.9,19.0,True,ARBUSDT,1,TREND,SELL,23290,2026-05-24 09:10:00
0.107,0.1091,23773,23822,50,TP,2.19,0.614,2.0,0.07,1.93,19.3,True,ARBUSDT,1,FADE,BUY,23768,2026-05-26 01:00:00
0.1097,0.1119,23855,23879,25,TP,2.188,0.273,2.0,0.1,1.9,19.0,True,ARBUSDT,1,TREND,BUY,23854,2026-05-26 08:10:00
0.1103,0.1081,24236,24259,24,TP,2.461,0.712,2.0,0.07,1.93,19.3,True,ARBUSDT,1,FADE,SELL,24235,2026-05-27 15:55:00
0.1067,0.1046,24311,24371,61,TP,2.718,0.843,2.0,0.1,1.9,19.0,True,ARBUSDT,1,TREND,SELL,24310,2026-05-27 22:10:00
0.1049,0.1035,24548,24672,125,REVERSE_SIGNAL,1.144,1.907,-1.335,0.1,-1.435,-14.35,False,ARBUSDT,1,TREND,BUY,24547,2026-05-28 17:55:00
0.1035,0.1053,24673,24695,23,SL,0.0,1.739,-1.698,0.1,-1.798,-17.98,False,ARBUSDT,1,TREND,SELL,24672,2026-05-29 04:20:00
0.1055,0.1034,24832,25179,348,REVERSE_SIGNAL,1.327,3.128,-1.991,0.1,-2.091,-20.91,False,ARBUSDT,1,TREND,BUY,24831,2026-05-29 17:35:00
0.1033,0.0997,25708,25796,89,SL,0.484,3.679,-3.5,0.1,-3.6,-36.0,False,ARBUSDT,1,TREND,BUY,25707,2026-06-01 18:35:00
0.1005,0.0985,25811,25853,43,TP,2.289,1.194,2.0,0.1,1.9,19.0,True,ARBUSDT,1,TREND,SELL,25810,2026-06-02 03:10:00
0.0938,0.0957,26131,26138,8,TP,2.026,0.213,2.0,0.1,1.9,19.0,True,ARBUSDT,1,TREND,BUY,26130,2026-06-03 05:50:00
0.0939,0.092,26280,26311,32,TP,2.449,1.278,2.0,0.1,1.9,19.0,True,ARBUSDT,1,TREND,SELL,26279,2026-06-03 18:15:00
0.0912,0.088,26536,26607,72,SL,0.768,3.728,-3.5,0.1,-3.6,-36.0,False,ARBUSDT,1,TREND,BUY,26535,2026-06-04 15:35:00
0.0878,0.086,26615,26671,57,TP,2.05,2.278,2.0,0.1,1.9,19.0,True,ARBUSDT,1,TREND,SELL,26614,2026-06-04 22:10:00
0.0816,0.08,27410,27443,34,TP,2.328,0.735,2.0,0.1,1.9,19.0,True,ARBUSDT,1,TREND,SELL,27409,2026-06-07 16:25:00
0.0831,0.0817,27485,27790,306,REVERSE_SIGNAL,1.805,2.768,-1.685,0.1,-1.785,-17.85,False,ARBUSDT,1,TREND,BUY,27484,2026-06-07 22:40:00
0.0817,0.0801,27791,27798,8,TP,2.081,0.49,2.0,0.1,1.9,19.0,True,ARBUSDT,1,TREND,SELL,27790,2026-06-09 00:10:00
0.0771,0.0755,28328,28339,12,TP,2.024,0.026,2.0,0.1,1.9,19.0,True,ARBUSDT,1,TREND,SELL,28327,2026-06-10 20:55:00
0.0805,0.0821,28412,28574,163,TP,2.074,0.894,2.0,0.1,1.9,19.0,True,ARBUSDT,1,TREND,BUY,28411,2026-06-11 03:55:00
0.0821,0.084,28734,28762,29,REVERSE_SIGNAL,0.28,2.362,-2.326,0.1,-2.426,-24.26,False,ARBUSDT,1,TREND,SELL,28733,2026-06-12 06:45:00
0.084,0.0857,28763,29029,267,TP,2.332,2.558,2.0,0.1,1.9,19.0,True,ARBUSDT,1,TREND,BUY,28762,2026-06-12 09:10:00
0.0839,0.0855,29485,29489,5,TP,2.194,0.203,2.0,0.1,1.9,19.0,True,ARBUSDT,1,TREND,BUY,29484,2026-06-14 21:20:00
0.0853,0.087,30241,30276,36,TP,2.281,0.17,2.0,0.07,1.93,19.3,True,ARBUSDT,1,FADE,BUY,30222,2026-06-17 10:50:00
0.0837,0.0854,30440,30477,38,TP,2.061,0.281,2.0,0.07,1.93,19.3,True,ARBUSDT,1,FADE,BUY,30431,2026-06-18 04:15:00
0.083,0.0842,30908,31036,129,REVERSE_SIGNAL,0.47,2.145,-1.422,0.1,-1.522,-15.22,False,ARBUSDT,1,TREND,SELL,30907,2026-06-19 19:55:00
0.0846,0.0829,31046,31116,71,TP,2.587,0.096,2.0,0.07,1.93,19.3,True,ARBUSDT,1,FADE,SELL,31036,2026-06-20 06:40:00
0.0845,0.0862,31553,31670,118,TP,2.141,1.987,2.0,0.1,1.9,19.0,True,ARBUSDT,1,TREND,BUY,31552,2026-06-22 01:40:00
0.0776,0.0756,32160,32296,137,SL,1.856,2.501,-2.5,0.07,-2.57,-25.7,False,ARBUSDT,1,FADE,BUY,32149,2026-06-24 03:25:00
0.0741,0.0721,32774,32809,36,REVERSE_SIGNAL,0.243,3.063,-2.699,0.1,-2.799,-27.99,False,ARBUSDT,1,TREND,BUY,32773,2026-06-26 07:25:00
0.0741,0.0756,32883,33023,141,TP,2.011,0.796,2.0,0.1,1.9,19.0,True,ARBUSDT,1,TREND,BUY,32882,2026-06-26 16:30:00
0.0736,0.0742,33206,33396,191,REVERSE_SIGNAL,1.117,1.233,0.805,0.07,0.735,7.35,True,ARBUSDT,1,FADE,BUY,33194,2026-06-27 18:30:00
0.0744,0.0729,33401,33471,71,TP,2.189,0.285,2.0,0.07,1.93,19.3,True,ARBUSDT,1,FADE,SELL,33396,2026-06-28 11:20:00
0.0729,0.0744,33497,33577,81,TP,2.085,0.837,2.0,0.07,1.93,19.3,True,ARBUSDT,1,FADE,BUY,33477,2026-06-28 18:05:00
0.076,0.0745,33593,33609,17,TP,2.233,0.175,2.0,0.07,1.93,19.3,True,ARBUSDT,1,FADE,SELL,33584,2026-06-29 03:00:00
0.0755,0.077,34044,34136,93,TP,2.067,0.424,2.0,0.1,1.9,19.0,True,ARBUSDT,1,TREND,BUY,34043,2026-06-30 17:15:00
0.0767,0.0782,34709,34742,34,TP,2.001,0.165,2.0,0.07,1.93,19.3,True,ARBUSDT,1,FADE,BUY,34702,2026-07-03 00:10:00
0.0802,0.0818,35759,35818,60,TP,2.07,0.935,2.0,0.1,1.9,19.0,True,ARBUSDT,1,TREND,BUY,35758,2026-07-06 16:10:00
0.0795,0.0776,36053,36082,30,REVERSE_SIGNAL,0.39,2.603,-2.389,0.1,-2.489,-24.89,False,ARBUSDT,1,TREND,BUY,36052,2026-07-07 16:40:00
0.078,0.0764,36222,36240,19,TP,2.135,0.635,2.0,0.07,1.93,19.3,True,ARBUSDT,1,FADE,SELL,36219,2026-07-08 06:35:00
0.0905,0.0923,36913,36969,57,TP,2.766,0.604,2.0,0.07,1.93,19.3,True,ARBUSDT,1,FADE,BUY,36907,2026-07-10 15:55:00
0.0934,0.0902,36976,37052,77,SL,0.407,3.628,-3.5,0.1,-3.6,-36.0,False,ARBUSDT,1,TREND,BUY,36975,2026-07-10 21:35:00
0.0904,0.0925,37055,37136,82,REVERSE_SIGNAL,0.83,2.677,-2.368,0.1,-2.468,-24.68,False,ARBUSDT,1,TREND,SELL,37054,2026-07-11 04:10:00
0.096,0.0941,37402,37426,25,TP,2.302,0.094,2.0,0.1,1.9,19.0,True,ARBUSDT,1,TREND,SELL,37401,2026-07-12 09:05:00
0.0898,0.0916,37791,38021,231,TP,2.176,1.913,2.0,0.07,1.93,19.3,True,ARBUSDT,1,FADE,BUY,37784,2026-07-13 17:00:00
0.0914,0.0932,38025,38163,139,TP,2.309,0.952,2.0,0.1,1.9,19.0,True,ARBUSDT,1,TREND,BUY,38024,2026-07-14 13:00:00
0.089,0.0908,38218,38310,93,TP,2.303,1.775,2.0,0.07,1.93,19.3,True,ARBUSDT,1,FADE,BUY,38213,2026-07-15 04:45:00
0.0907,0.0889,38312,38329,18,TP,2.127,0.573,2.0,0.07,1.93,19.3,True,ARBUSDT,1,FADE,SELL,38311,2026-07-15 12:55:00
0.089,0.0876,38630,38757,128,REVERSE_SIGNAL,1.63,2.282,1.563,0.07,1.493,14.93,True,ARBUSDT,1,FADE,SELL,38615,2026-07-16 14:15:00
0.0876,0.0902,38758,38770,13,SL,0.24,3.403,-2.998,0.1,-3.098,-30.98,False,ARBUSDT,1,TREND,SELL,38757,2026-07-17 02:05:00
0.0876,0.0899,38893,38941,49,REVERSE_SIGNAL,0.616,3.025,-2.614,0.1,-2.714,-27.14,False,ARBUSDT,1,TREND,SELL,38892,2026-07-17 13:20:00
0.0899,0.0917,38942,39034,93,TP,2.303,1.034,2.0,0.1,1.9,19.0,True,ARBUSDT,1,TREND,BUY,38941,2026-07-17 17:25:00
0.0883,0.0901,40327,40335,9,TP,2.084,0.057,2.0,0.07,1.93,19.3,True,ARBUSDT,1,FADE,BUY,40323,2026-07-22 12:35:00
0.0916,0.0898,40370,40394,25,TP,2.009,0.415,2.0,0.07,1.93,19.3,True,ARBUSDT,1,FADE,SELL,40357,2026-07-22 15:25:00
0.0819,0.0799,41639,41786,148,SL,0.901,2.663,-2.5,0.07,-2.57,-25.7,False,ARBUSDT,1,FADE,BUY,41638,2026-07-27 02:10:00
0.0769,0.0784,42237,42278,42,TP,2.023,0.176,2.0,0.07,1.93,19.3,True,ARBUSDT,1,FADE,BUY,42233,2026-07-29 03:45:00
0.0776,0.0774,42978,43276,299,REVERSE_SIGNAL,1.013,1.692,0.292,0.07,0.222,2.22,True,ARBUSDT,1,FADE,SELL,42967,2026-07-31 16:55:00
0.0772,0.0787,43277,43282,6,TP,2.307,0.206,2.0,0.07,1.93,19.3,True,ARBUSDT,1,FADE,BUY,43276,2026-08-01 18:40:00
0.0794,0.081,43322,43390,69,TP,2.066,0.907,2.0,0.1,1.9,19.0,True,ARBUSDT,1,TREND,BUY,43321,2026-08-01 22:25:00
0.0814,0.0806,43574,43652,79,REVERSE_SIGNAL,1.035,0.574,0.998,0.07,0.928,9.28,True,ARBUSDT,1,FADE,SELL,43569,2026-08-02 19:05:00
0.0792,0.0772,46021,46120,100,SL,1.552,2.613,-2.5,0.07,-2.57,-25.7,False,ARBUSDT,1,FADE,BUY,46001,2026-08-11 05:45:00
0.0758,0.0749,46557,46613,57,REVERSE_SIGNAL,1.068,1.503,-1.279,0.1,-1.379,-13.79,False,ARBUSDT,1,TREND,BUY,46556,2026-08-13 04:00:00
0.0736,0.0738,47468,47627,160,REVERSE_SIGNAL,0.57,1.928,-0.163,0.07,-0.233,-2.33,False,ARBUSDT,1,FADE,SELL,47465,2026-08-16 07:45:00
0.0729,0.0744,47632,47672,41,TP,2.537,0.357,2.0,0.07,1.93,19.3,True,ARBUSDT,1,FADE,BUY,47627,2026-08-16 21:15:00
0.0755,0.0773,48054,48341,288,SL,0.906,2.871,-2.5,0.07,-2.57,-25.7,False,ARBUSDT,1,FADE,SELL,48052,2026-08-18 08:40:00
0.0987,0.1007,49509,49525,17,TP,2.087,0.172,2.0,0.1,1.9,19.0,True,ARBUSDT,1,TREND,BUY,49508,2026-08-23 10:00:00
0.0992,0.0972,49697,49841,145,TP,2.167,1.815,2.0,0.1,1.9,19.0,True,ARBUSDT,1,TREND,SELL,49696,2026-08-24 01:40:00
0.0982,0.0986,49987,49999,13,REVERSE_SIGNAL,1.935,0.469,0.387,0.1,0.287,2.87,True,ARBUSDT,1,TREND,BUY,49986,2026-08-25 01:50:00
1.7765,1.809,1840,1912,73,REVERSE_SIGNAL,1.942,0.31,1.829,0.07,1.759,17.59,True,ATOMUSDT,1,FADE,BUY,1827,2026-03-10 20:40:00
1.8554,1.849,2449,2718,270,REVERSE_SIGNAL,1.152,2.19,0.344,0.07,0.274,2.74,True,ATOMUSDT,1,FADE,SELL,2431,2026-03-12 23:00:00
1.885,1.855,2776,3027,252,REVERSE_SIGNAL,1.857,0.212,1.592,0.07,1.522,15.22,True,ATOMUSDT,1,FADE,SELL,2772,2026-03-14 03:25:00
1.951,1.912,4029,4057,29,TP,2.358,0.666,2.0,0.1,1.9,19.0,True,ATOMUSDT,1,TREND,SELL,4028,2026-03-18 12:05:00
1.7525,1.7875,5291,5359,69,TP,2.083,0.086,2.0,0.07,1.93,19.3,True,ATOMUSDT,1,FADE,BUY,5288,2026-03-22 21:05:00
1.816,1.768,5458,5522,65,REVERSE_SIGNAL,1.432,2.643,-2.643,0.1,-2.743,-27.43,False,ATOMUSDT,1,TREND,BUY,5457,2026-03-23 11:10:00
1.7525,1.7875,5541,5586,46,TP,2.425,0.257,2.0,0.07,1.93,19.3,True,ATOMUSDT,1,FADE,BUY,5522,2026-03-23 16:35:00
1.7937,1.781,5905,6072,168,REVERSE_SIGNAL,1.099,0.685,0.709,0.07,0.639,6.39,True,ATOMUSDT,1,FADE,SELL,5904,2026-03-25 00:25:00
1.6559,1.6145,7055,7324,270,SL,0.854,3.192,-2.5,0.07,-2.57,-25.7,False,ATOMUSDT,1,FADE,BUY,7045,2026-03-28 23:30:00
1.668,1.665,7372,7564,193,REVERSE_SIGNAL,0.42,1.918,0.18,0.07,0.11,1.1,True,ATOMUSDT,1,FADE,SELL,7368,2026-03-30 02:25:00
1.6669,1.7002,7780,7833,54,TP,2.348,0.051,2.0,0.07,1.93,19.3,True,ATOMUSDT,1,FADE,BUY,7764,2026-03-31 11:25:00
1.692,1.6497,8052,8221,170,SL,1.359,2.66,-2.5,0.07,-2.57,-25.7,False,ATOMUSDT,1,FADE,BUY,8051,2026-04-01 11:20:00
1.651,1.6923,8390,8537,148,SL,0.969,2.604,-2.5,0.07,-2.57,-25.7,False,ATOMUSDT,1,FADE,SELL,8384,2026-04-02 15:05:00
1.714,1.7483,9838,9904,67,TP,2.1,0.992,2.0,0.1,1.9,19.0,True,ATOMUSDT,1,TREND,BUY,9837,2026-04-07 16:10:00
1.7451,1.748,11536,11881,346,REVERSE_SIGNAL,1.555,2.398,-0.164,0.07,-0.234,-2.34,False,ATOMUSDT,1,FADE,SELL,11532,2026-04-13 13:25:00
1.7947,1.7588,13276,13366,91,TP,2.21,0.353,2.0,0.07,1.93,19.3,True,ATOMUSDT,1,FADE,SELL,13259,2026-04-19 13:20:00
1.7825,1.812,13752,13806,55,REVERSE_SIGNAL,1.711,0.084,1.655,0.07,1.585,15.85,True,ATOMUSDT,1,FADE,BUY,13748,2026-04-21 06:05:00
1.816,1.7797,13813,13832,20,TP,3.304,0.275,2.0,0.07,1.93,19.3,True,ATOMUSDT,1,FADE,SELL,13806,2026-04-21 10:55:00
2.0138,1.9635,15088,15467,380,SL,1.053,3.069,-2.5,0.07,-2.57,-25.7,False,ATOMUSDT,1,FADE,BUY,15087,2026-04-25 21:40:00
1.8918,1.865,17102,17141,40,REVERSE_SIGNAL,1.625,0.436,1.414,0.07,1.344,13.44,True,ATOMUSDT,1,FADE,SELL,17084,2026-05-02 20:05:00
1.872,1.9094,17419,17442,24,TP,2.19,0.107,2.0,0.07,1.93,19.3,True,ATOMUSDT,1,FADE,BUY,17418,2026-05-03 23:55:00
1.9203,1.895,17457,17533,77,REVERSE_SIGNAL,1.58,0.139,1.319,0.07,1.249,12.49,True,ATOMUSDT,1,FADE,SELL,17442,2026-05-04 01:55:00
1.872,1.906,17541,17721,181,REVERSE_SIGNAL,1.87,0.694,1.816,0.07,1.746,17.46,True,ATOMUSDT,1,FADE,BUY,17533,2026-05-04 09:30:00
1.8913,1.926,18192,18365,174,REVERSE_SIGNAL,1.886,1.128,1.833,0.07,1.763,17.63,True,ATOMUSDT,1,FADE,BUY,18190,2026-05-06 16:15:00
1.9894,2.0292,19616,19691,76,TP,2.091,0.171,2.0,0.07,1.93,19.3,True,ATOMUSDT,1,FADE,BUY,19615,2026-05-11 15:00:00
1.9894,2.0292,19897,19926,30,TP,2.041,0.623,2.0,0.07,1.93,19.3,True,ATOMUSDT,1,FADE,BUY,19890,2026-05-12 13:55:00
2.073,2.1145,19939,19944,6,TP,2.364,0.145,2.0,0.1,1.9,19.0,True,ATOMUSDT,1,TREND,BUY,19938,2026-05-12 17:55:00
2.107,2.0649,20154,20163,10,TP,2.61,0.475,2.0,0.1,1.9,19.0,True,ATOMUSDT,1,TREND,SELL,20153,2026-05-13 11:50:00
2.044,2.023,20482,20624,143,REVERSE_SIGNAL,1.37,1.614,-1.027,0.1,-1.127,-11.27,False,ATOMUSDT,1,TREND,BUY,20481,2026-05-14 15:10:00
1.969,2.0084,21017,21050,34,TP,2.184,0.508,2.0,0.1,1.9,19.0,True,ATOMUSDT,1,TREND,BUY,21016,2026-05-16 11:45:00
2.083,2.0413,21740,21880,141,TP,2.304,0.384,2.0,0.07,1.93,19.3,True,ATOMUSDT,1,FADE,SELL,21726,2026-05-18 22:55:00
2.083,2.0413,21948,22007,60,TP,2.112,0.048,2.0,0.07,1.93,19.3,True,ATOMUSDT,1,FADE,SELL,21947,2026-05-19 17:20:00
2.0045,2.018,22031,22329,299,REVERSE_SIGNAL,1.272,1.372,0.673,0.07,0.603,6.03,True,ATOMUSDT,1,FADE,BUY,22029,2026-05-20 00:10:00
2.094,2.128,22831,22930,100,REVERSE_SIGNAL,1.862,1.91,-1.624,0.1,-1.724,-17.24,False,ATOMUSDT,1,TREND,SELL,22830,2026-05-22 18:55:00
2.076,2.0345,22966,22985,20,TP,2.505,0.337,2.0,0.1,1.9,19.0,True,ATOMUSDT,1,TREND,SELL,22965,2026-05-23 06:10:00
2.168,2.1138,24216,24303,88,SL,1.799,2.629,-2.5,0.07,-2.57,-25.7,False,ATOMUSDT,1,FADE,BUY,24210,2026-05-27 13:55:00
1.844,1.8071,25947,25957,11,TP,2.169,0.434,2.0,0.1,1.9,19.0,True,ATOMUSDT,1,TREND,SELL,25946,2026-06-02 14:35:00
1.863,1.9003,26122,26192,71,TP,2.093,0.751,2.0,0.1,1.9,19.0,True,ATOMUSDT,1,TREND,BUY,26121,2026-06-03 05:10:00
1.862,1.8248,26262,26363,102,TP,2.9,1.557,2.0,0.1,1.9,19.0,True,ATOMUSDT,1,TREND,SELL,26261,2026-06-03 16:50:00
1.821,1.788,26531,26651,121,REVERSE_SIGNAL,1.812,2.691,-1.812,0.1,-1.912,-19.12,False,ATOMUSDT,1,TREND,BUY,26530,2026-06-04 15:15:00
1.788,1.8147,26652,26694,43,SL,1.678,1.51,-1.494,0.1,-1.594,-15.94,False,ATOMUSDT,1,TREND,SELL,26651,2026-06-05 01:20:00
1.65,1.683,27095,27271,177,TP,2.182,2.848,2.0,0.1,1.9,19.0,True,ATOMUSDT,1,TREND,BUY,27094,2026-06-06 14:15:00
1.781,1.7187,27974,27986,13,SL,1.067,3.874,-3.5,0.1,-3.6,-36.0,False,ATOMUSDT,1,TREND,BUY,27973,2026-06-09 15:30:00
1.746,1.802,28326,28376,51,REVERSE_SIGNAL,0.63,3.207,-3.207,0.1,-3.307,-33.07,False,ATOMUSDT,1,TREND,SELL,28325,2026-06-10 20:50:00
1.802,1.838,28377,28410,34,TP,2.331,0.999,2.0,0.1,1.9,19.0,True,ATOMUSDT,1,TREND,BUY,28376,2026-06-11 01:05:00
1.9545,1.9936,29630,29651,22,TP,2.072,0.026,2.0,0.07,1.93,19.3,True,ATOMUSDT,1,FADE,BUY,29610,2026-06-15 07:55:00
2.0192,1.9788,29667,29698,32,TP,2.139,0.188,2.0,0.07,1.93,19.3,True,ATOMUSDT,1,FADE,SELL,29654,2026-06-15 11:35:00
1.999,1.95,30290,30311,22,REVERSE_SIGNAL,0.15,3.452,-2.451,0.1,-2.551,-25.51,False,ATOMUSDT,1,TREND,BUY,30289,2026-06-17 16:30:00
1.95,1.911,30312,30348,37,TP,2.974,1.231,2.0,0.1,1.9,19.0,True,ATOMUSDT,1,TREND,SELL,30311,2026-06-17 18:20:00
1.631,1.598,32727,32813,87,REVERSE_SIGNAL,0.92,2.207,-2.023,0.1,-2.123,-21.23,False,ATOMUSDT,1,TREND,BUY,32726,2026-06-26 03:35:00
1.542,1.5728,34299,34459,161,TP,2.464,0.843,2.0,0.1,1.9,19.0,True,ATOMUSDT,1,TREND,BUY,34298,2026-07-01 14:35:00
1.5722,1.5408,34576,34603,28,TP,2.112,0.114,2.0,0.07,1.93,19.3,True,ATOMUSDT,1,FADE,SELL,34566,2026-07-02 12:55:00
1.558,1.5924,35712,35763,52,SL,0.449,2.311,-2.207,0.1,-2.307,-23.07,False,ATOMUSDT,1,TREND,SELL,35711,2026-07-06 12:20:00
1.5466,1.568,36623,36740,118,REVERSE_SIGNAL,1.774,0.36,1.386,0.07,1.316,13.16,True,ATOMUSDT,1,FADE,BUY,36607,2026-07-09 15:00:00
1.5881,1.564,37485,37562,78,REVERSE_SIGNAL,1.646,0.117,1.52,0.07,1.45,14.5,True,ATOMUSDT,1,FADE,SELL,37476,2026-07-12 15:25:00
1.559,1.52,37564,37905,342,SL,1.539,2.566,-2.5,0.07,-2.57,-25.7,False,ATOMUSDT,1,FADE,BUY,37562,2026-07-12 22:35:00
1.5595,1.557,38027,38388,362,REVERSE_SIGNAL,1.122,2.148,0.16,0.07,0.09,0.9,True,ATOMUSDT,1,FADE,SELL,38022,2026-07-14 12:55:00
1.5512,1.5124,38393,38650,258,SL,1.021,2.718,-2.5,0.07,-2.57,-25.7,False,ATOMUSDT,1,FADE,BUY,38388,2026-07-15 19:25:00
1.309,1.287,42150,42209,60,REVERSE_SIGNAL,1.681,0.458,1.681,0.07,1.611,16.11,True,ATOMUSDT,1,FADE,SELL,42144,2026-07-28 20:25:00
1.3498,1.36,44783,44975,193,REVERSE_SIGNAL,1.278,1.167,0.759,0.07,0.689,6.89,True,ATOMUSDT,1,FADE,BUY,44772,2026-08-06 23:25:00
1.387,1.37,45538,45640,103,REVERSE_SIGNAL,1.442,0.649,1.226,0.07,1.156,11.56,True,ATOMUSDT,1,FADE,SELL,45537,2026-08-09 15:10:00
1.393,1.407,45980,46046,67,REVERSE_SIGNAL,1.149,0.431,1.005,0.07,0.935,9.35,True,ATOMUSDT,1,FADE,BUY,45979,2026-08-11 04:00:00
1.49,1.478,47386,47539,154,REVERSE_SIGNAL,1.208,0.94,0.805,0.07,0.735,7.35,True,ATOMUSDT,1,FADE,SELL,47384,2026-08-16 01:05:00
1.4043,1.4324,48344,48420,77,TP,2.682,0.807,2.0,0.07,1.93,19.3,True,ATOMUSDT,1,FADE,BUY,48340,2026-08-19 08:45:00
1.434,1.4627,48424,48467,44,TP,2.092,0.837,2.0,0.1,1.9,19.0,True,ATOMUSDT,1,TREND,BUY,48423,2026-08-19 15:40:00
1.597,1.5651,49197,49219,23,TP,2.442,0.313,2.0,0.1,1.9,19.0,True,ATOMUSDT,1,TREND,SELL,49196,2026-08-22 08:05:00
1.578,1.5464,49689,49839,151,TP,2.155,0.507,2.0,0.1,1.9,19.0,True,ATOMUSDT,1,TREND,SELL,49688,2026-08-24 01:05:00
8.9903,8.845,1128,1198,71,REVERSE_SIGNAL,1.683,0.33,1.617,0.07,1.547,15.47,True,AVAXUSDT,1,FADE,SELL,1121,2026-03-08 09:45:00
8.8105,8.95,1203,1242,40,REVERSE_SIGNAL,1.89,0.051,1.583,0.07,1.513,15.13,True,AVAXUSDT,1,FADE,BUY,1198,2026-03-08 16:10:00
9.3137,9.4999,1751,1757,7,TP,2.129,0.082,2.0,0.07,1.93,19.3,True,AVAXUSDT,1,FADE,BUY,1750,2026-03-10 14:10:00
9.681,9.8746,1765,1776,12,TP,2.82,0.599,2.0,0.1,1.9,19.0,True,AVAXUSDT,1,TREND,BUY,1764,2026-03-10 15:20:00
9.931,10.1296,3293,3350,58,TP,4.823,0.594,2.0,0.1,1.9,19.0,True,AVAXUSDT,1,TREND,BUY,3292,2026-03-15 22:40:00
10.065,10.4173,3485,3567,83,SL,0.338,3.766,-3.5,0.1,-3.6,-36.0,False,AVAXUSDT,1,TREND,SELL,3484,2026-03-16 14:40:00
10.237,9.9811,3717,4023,307,SL,1.172,2.852,-2.5,0.07,-2.57,-25.7,False,AVAXUSDT,1,FADE,BUY,3697,2026-03-17 08:25:00
9.4313,9.6199,4670,4724,55,TP,2.245,0.247,2.0,0.07,1.93,19.3,True,AVAXUSDT,1,FADE,BUY,4661,2026-03-20 16:45:00
9.6014,9.504,4751,4870,120,REVERSE_SIGNAL,1.108,0.319,1.014,0.07,0.944,9.44,True,AVAXUSDT,1,FADE,SELL,4734,2026-03-20 22:50:00
9.456,9.6451,5459,5492,34,TP,2.401,1.227,2.0,0.1,1.9,19.0,True,AVAXUSDT,1,TREND,BUY,5458,2026-03-23 11:10:00
8.741,8.5225,7042,7324,283,SL,0.847,3.02,-2.5,0.07,-2.57,-25.7,False,AVAXUSDT,1,FADE,BUY,7038,2026-03-28 22:50:00
9.0637,8.8824,7655,7715,61,TP,2.004,0.037,2.0,0.07,1.93,19.3,True,AVAXUSDT,1,FADE,SELL,7646,2026-03-31 01:30:00
8.722,8.8964,7747,7796,50,TP,2.27,0.39,2.0,0.07,1.93,19.3,True,AVAXUSDT,1,FADE,BUY,7736,2026-03-31 09:00:00
8.791,8.9668,9884,9904,21,TP,2.286,0.626,2.0,0.1,1.9,19.0,True,AVAXUSDT,1,TREND,BUY,9883,2026-04-07 19:55:00
9.2497,9.4347,10604,10680,77,TP,2.1,0.105,2.0,0.07,1.93,19.3,True,AVAXUSDT,1,FADE,BUY,10597,2026-04-10 07:25:00
9.3265,9.352,10810,10988,179,REVERSE_SIGNAL,0.531,1.528,0.273,0.07,0.203,2.03,True,AVAXUSDT,1,FADE,BUY,10798,2026-04-11 00:10:00
9.241,9.4258,11539,11638,100,TP,2.11,1.104,2.0,0.1,1.9,19.0,True,AVAXUSDT,1,TREND,BUY,11538,2026-04-13 13:50:00
9.4563,9.375,12122,12369,248,REVERSE_SIGNAL,1.431,1.71,0.86,0.07,0.79,7.9,True,AVAXUSDT,1,FADE,SELL,12102,2026-04-15 12:50:00
9.3664,9.413,14978,15178,201,REVERSE_SIGNAL,0.679,0.944,0.498,0.07,0.428,4.28,True,AVAXUSDT,1,FADE,BUY,14972,2026-04-25 12:00:00
9.314,9.221,16035,16130,96,REVERSE_SIGNAL,1.278,1.374,0.998,0.07,0.928,9.28,True,AVAXUSDT,1,FADE,SELL,16024,2026-04-29 03:40:00
9.1922,9.102,16285,16335,51,REVERSE_SIGNAL,1.612,0.281,0.981,0.07,0.911,9.11,True,AVAXUSDT,1,FADE,SELL,16284,2026-04-30 01:20:00
9.1922,9.082,16385,16476,92,REVERSE_SIGNAL,1.296,0.14,1.198,0.07,1.128,11.28,True,AVAXUSDT,1,FADE,SELL,16384,2026-04-30 09:40:00
9.0721,9.123,16807,17021,215,REVERSE_SIGNAL,0.704,0.2,0.561,0.07,0.491,4.91,True,AVAXUSDT,1,FADE,BUY,16806,2026-05-01 20:50:00
9.227,9.034,17448,17544,97,REVERSE_SIGNAL,1.626,2.157,-2.092,0.1,-2.192,-21.92,False,AVAXUSDT,1,TREND,BUY,17447,2026-05-04 02:15:00
9.8583,9.956,18980,19091,112,REVERSE_SIGNAL,1.183,0.673,0.991,0.07,0.921,9.21,True,AVAXUSDT,1,FADE,BUY,18974,2026-05-09 09:30:00
9.9818,9.877,19097,19169,73,REVERSE_SIGNAL,1.3,0.222,1.05,0.07,0.98,9.8,True,AVAXUSDT,1,FADE,SELL,19091,2026-05-09 19:15:00
9.1937,9.331,21184,21226,43,REVERSE_SIGNAL,1.755,0.214,1.494,0.07,1.424,14.24,True,AVAXUSDT,1,FADE,BUY,21173,2026-05-17 00:45:00
9.3705,9.1362,22789,22889,101,SL,0.966,2.993,-2.5,0.07,-2.57,-25.7,False,AVAXUSDT,1,FADE,BUY,22785,2026-05-22 15:05:00
9.1335,9.265,23966,24230,265,REVERSE_SIGNAL,1.692,1.046,1.44,0.07,1.37,13.7,True,AVAXUSDT,1,FADE,BUY,23954,2026-05-26 16:30:00
9.0602,8.879,24551,24654,104,TP,2.177,0.119,2.0,0.07,1.93,19.3,True,AVAXUSDT,1,FADE,SELL,24536,2026-05-28 17:00:00
9.0602,8.879,25263,25367,105,TP,2.784,0.229,2.0,0.07,1.93,19.3,True,AVAXUSDT,1,FADE,SELL,25246,2026-05-31 04:10:00
8.7822,8.891,25577,25714,138,REVERSE_SIGNAL,1.899,1.266,1.239,0.07,1.169,11.69,True,AVAXUSDT,1,FADE,BUY,25561,2026-06-01 06:25:00
6.717,6.578,27033,27169,137,REVERSE_SIGNAL,1.712,2.293,-2.069,0.1,-2.169,-21.69,False,AVAXUSDT,1,TREND,BUY,27032,2026-06-06 09:00:00
6.5745,6.706,27170,27224,55,TP,2.031,0.19,2.0,0.07,1.93,19.3,True,AVAXUSDT,1,FADE,BUY,27169,2026-06-06 20:25:00
6.8323,6.6957,27231,27264,34,TP,2.069,0.112,2.0,0.07,1.93,19.3,True,AVAXUSDT,1,FADE,SELL,27230,2026-06-07 01:30:00
6.8,6.562,27485,27562,78,SL,0.882,3.515,-3.5,0.1,-3.6,-36.0,False,AVAXUSDT,1,TREND,BUY,27484,2026-06-07 22:40:00
6.63,6.752,27795,27871,77,REVERSE_SIGNAL,0.694,2.398,-1.84,0.1,-1.94,-19.4,False,AVAXUSDT,1,TREND,SELL,27794,2026-06-09 00:30:00
6.7816,6.646,27873,27958,86,TP,2.117,0.035,2.0,0.07,1.93,19.3,True,AVAXUSDT,1,FADE,SELL,27871,2026-06-09 06:55:00
6.594,6.4621,27961,27987,27,TP,2.396,0.652,2.0,0.1,1.9,19.0,True,AVAXUSDT,1,TREND,SELL,27960,2026-06-09 14:20:00
6.574,6.374,28268,28335,68,REVERSE_SIGNAL,0.061,3.392,-3.042,0.1,-3.142,-31.42,False,AVAXUSDT,1,TREND,BUY,28267,2026-06-10 15:55:00
6.374,6.5971,28336,28411,76,SL,1.286,4.095,-3.5,0.1,-3.6,-36.0,False,AVAXUSDT,1,TREND,SELL,28335,2026-06-10 21:35:00
6.6255,6.493,28422,28512,91,TP,2.03,0.204,2.0,0.07,1.93,19.3,True,AVAXUSDT,1,FADE,SELL,28411,2026-06-11 03:55:00
6.614,6.7463,29486,29490,5,TP,2.389,0.015,2.0,0.1,1.9,19.0,True,AVAXUSDT,1,TREND,BUY,29485,2026-06-14 21:25:00
6.758,6.8932,29977,30020,44,TP,2.205,0.755,2.0,0.07,1.93,19.3,True,AVAXUSDT,1,FADE,BUY,29976,2026-06-16 14:20:00
6.741,6.6062,30333,30440,108,TP,2.403,0.86,2.0,0.1,1.9,19.0,True,AVAXUSDT,1,TREND,SELL,30332,2026-06-17 20:00:00
6.167,5.9512,30842,30890,49,SL,0.097,3.989,-3.5,0.1,-3.6,-36.0,False,AVAXUSDT,1,TREND,BUY,30841,2026-06-19 14:25:00
5.786,5.9885,30893,31012,120,SL,1.953,3.595,-3.5,0.1,-3.6,-36.0,False,AVAXUSDT,1,TREND,SELL,30892,2026-06-19 18:40:00
6.1823,6.306,31801,31854,54,TP,2.049,0.394,2.0,0.07,1.93,19.3,True,AVAXUSDT,1,FADE,BUY,31786,2026-06-22 21:10:00
6.332,6.2054,32269,32297,29,TP,2.069,0.9,2.0,0.1,1.9,19.0,True,AVAXUSDT,1,TREND,SELL,32268,2026-06-24 13:20:00
6.33,6.4566,32357,32373,17,TP,2.085,0.474,2.0,0.1,1.9,19.0,True,AVAXUSDT,1,TREND,BUY,32356,2026-06-24 20:40:00
6.27,6.106,32769,32837,69,REVERSE_SIGNAL,0.989,3.27,-2.616,0.1,-2.716,-27.16,False,AVAXUSDT,1,TREND,BUY,32768,2026-06-26 07:00:00
6.106,6.3197,32838,32871,34,SL,1.114,3.849,-3.5,0.1,-3.6,-36.0,False,AVAXUSDT,1,TREND,SELL,32837,2026-06-26 12:45:00
6.37,6.4974,32876,32892,17,TP,2.276,0.502,2.0,0.1,1.9,19.0,True,AVAXUSDT,1,TREND,BUY,32875,2026-06-26 15:55:00
6.584,6.4194,33901,33984,84,SL,1.018,2.658,-2.5,0.07,-2.57,-25.7,False,AVAXUSDT,1,FADE,BUY,33885,2026-06-30 04:05:00
6.611,6.7432,34420,34527,108,TP,2.329,0.061,2.0,0.07,1.93,19.3,True,AVAXUSDT,1,FADE,BUY,34415,2026-07-02 00:15:00
6.506,6.6686,37957,38047,91,SL,1.383,2.521,-2.5,0.07,-2.57,-25.7,False,AVAXUSDT,1,FADE,SELL,37954,2026-07-14 07:10:00
6.4953,6.3653,44930,44987,58,TP,2.051,0.489,2.0,0.07,1.93,19.3,True,AVAXUSDT,1,FADE,SELL,44923,2026-08-07 11:55:00
6.5676,6.474,45551,45636,86,REVERSE_SIGNAL,1.639,0.326,1.425,0.07,1.355,13.55,True,AVAXUSDT,1,FADE,SELL,45540,2026-08-09 15:20:00
6.577,6.4126,47209,47355,147,SL,0.289,2.904,-2.5,0.07,-2.57,-25.7,False,AVAXUSDT,1,FADE,BUY,47192,2026-08-15 09:00:00
6.4103,6.2821,47960,47981,22,TP,2.657,0.634,2.0,0.07,1.93,19.3,True,AVAXUSDT,1,FADE,SELL,47958,2026-08-18 00:50:00
7.697,7.5431,49171,49201,31,TP,2.326,0.546,2.0,0.1,1.9,19.0,True,AVAXUSDT,1,TREND,SELL,49170,2026-08-22 05:50:00
647.136,630.9576,334,597,264,SL,1.166,2.614,-2.5,0.07,-2.57,-25.7,False,BNBUSDT,1,FADE,BUY,333,2026-03-05 16:05:00
618.81,614.03,1251,1282,32,REVERSE_SIGNAL,1.818,0.181,0.772,0.07,0.702,7.02,True,BNBUSDT,1,FADE,SELL,1250,2026-03-08 20:30:00
674.3475,661.71,3960,4023,64,REVERSE_SIGNAL,1.939,0.287,1.874,0.07,1.804,18.04,True,BNBUSDT,1,FADE,SELL,3958,2026-03-18 06:10:00
637.8433,642.46,4627,4815,189,REVERSE_SIGNAL,1.03,0.273,0.724,0.07,0.654,6.54,True,BNBUSDT,1,FADE,BUY,4626,2026-03-20 13:50:00
650.2625,637.2572,5459,5468,10,TP,2.267,0.041,2.0,0.07,1.93,19.3,True,BNBUSDT,1,FADE,SELL,5458,2026-03-23 11:10:00
627.2633,636.63,5790,5862,73,REVERSE_SIGNAL,1.624,0.096,1.493,0.07,1.423,14.23,True,BNBUSDT,1,FADE,BUY,5786,2026-03-24 14:30:00
610.6475,614.05,7049,7367,319,REVERSE_SIGNAL,0.778,2.397,0.557,0.07,0.487,4.87,True,BNBUSDT,1,FADE,BUY,7044,2026-03-28 23:20:00
618.6233,613.79,7373,7554,182,REVERSE_SIGNAL,1.087,0.505,0.781,0.07,0.711,7.11,True,BNBUSDT,1,FADE,SELL,7367,2026-03-30 02:15:00
587.5114,593.2,9229,9261,33,REVERSE_SIGNAL,1.562,0.041,0.968,0.07,0.898,8.98,True,BNBUSDT,1,FADE,BUY,9224,2026-04-05 13:00:00
612.0433,603.6,10058,10375,318,REVERSE_SIGNAL,0.689,2.435,-1.38,0.07,-1.45,-14.5,False,BNBUSDT,1,FADE,BUY,10055,2026-04-08 10:15:00
603.925,608.52,10812,11015,204,REVERSE_SIGNAL,0.865,0.034,0.761,0.07,0.691,6.91,True,BNBUSDT,1,FADE,BUY,10806,2026-04-11 00:50:00
611.9933,606.66,11019,11091,73,REVERSE_SIGNAL,0.948,0.421,0.871,0.07,0.801,8.01,True,BNBUSDT,1,FADE,SELL,11015,2026-04-11 18:15:00
620.8033,620.86,12089,12360,272,REVERSE_SIGNAL,0.732,1.19,-0.009,0.07,-0.079,-0.79,False,BNBUSDT,1,FADE,SELL,12076,2026-04-15 10:40:00
616.6525,624.61,13367,13471,105,REVERSE_SIGNAL,1.333,0.245,1.29,0.07,1.22,12.2,True,BNBUSDT,1,FADE,BUY,13364,2026-04-19 22:00:00
629.0233,631.63,13476,13833,358,REVERSE_SIGNAL,1.25,1.869,-0.414,0.07,-0.484,-4.84,False,BNBUSDT,1,FADE,SELL,13471,2026-04-20 06:55:00
639.4329,634.65,14439,14583,145,REVERSE_SIGNAL,1.272,0.198,0.748,0.07,0.678,6.78,True,BNBUSDT,1,FADE,SELL,14437,2026-04-23 15:25:00
639.4329,634.73,14696,14969,274,REVERSE_SIGNAL,0.745,0.226,0.735,0.07,0.665,6.65,True,BNBUSDT,1,FADE,SELL,14682,2026-04-24 11:50:00
625.8666,627.52,15482,15690,209,REVERSE_SIGNAL,0.531,1.135,0.264,0.07,0.194,1.94,True,BNBUSDT,1,FADE,BUY,15468,2026-04-27 05:20:00
617.738,616.52,17017,17153,137,REVERSE_SIGNAL,0.268,0.724,0.197,0.07,0.127,1.27,True,BNBUSDT,1,FADE,SELL,17015,2026-05-02 14:15:00
643.4933,652.63,18297,18374,78,REVERSE_SIGNAL,1.435,0.248,1.42,0.07,1.35,13.5,True,BNBUSDT,1,FADE,BUY,18296,2026-05-07 01:00:00
646.9767,651.29,19160,19259,100,REVERSE_SIGNAL,0.719,0.275,0.667,0.07,0.597,5.97,True,BNBUSDT,1,FADE,BUY,19159,2026-05-10 00:55:00
651.53,651.23,19261,19402,142,REVERSE_SIGNAL,0.56,1.8,0.046,0.07,-0.024,-0.24,False,BNBUSDT,1,FADE,SELL,19259,2026-05-10 09:15:00
658.465,661.92,19817,19953,137,REVERSE_SIGNAL,1.035,1.226,0.525,0.07,0.455,4.55,True,BNBUSDT,1,FADE,BUY,19802,2026-05-12 06:30:00
670.2466,653.4905,20756,20987,232,SL,1.037,2.682,-2.5,0.07,-2.57,-25.7,False,BNBUSDT,1,FADE,BUY,20752,2026-05-15 13:40:00
656.95,643.811,21421,21448,28,TP,2.58,0.143,2.0,0.07,1.93,19.3,True,BNBUSDT,1,FADE,SELL,21403,2026-05-17 19:55:00
645.75,641.29,21710,21857,148,REVERSE_SIGNAL,0.875,0.266,0.691,0.07,0.621,6.21,True,BNBUSDT,1,FADE,SELL,21692,2026-05-18 20:00:00
659.5933,656.48,22530,22735,206,REVERSE_SIGNAL,0.719,0.336,0.472,0.07,0.402,4.02,True,BNBUSDT,1,FADE,SELL,22527,2026-05-21 17:35:00
655.8417,661.41,22740,22762,23,REVERSE_SIGNAL,0.908,0.023,0.849,0.07,0.779,7.79,True,BNBUSDT,1,FADE,BUY,22735,2026-05-22 10:55:00
664.6425,655.32,22772,22828,57,REVERSE_SIGNAL,1.443,0.046,1.403,0.07,1.333,13.33,True,BNBUSDT,1,FADE,SELL,22762,2026-05-22 13:10:00
718.31,684.1822,25601,25650,50,SL,1.822,5.349,-4.751,0.1,-4.851,-48.51,False,BNBUSDT,1,TREND,BUY,25600,2026-06-01 09:40:00
682.81,698.94,25656,25726,71,REVERSE_SIGNAL,1.268,2.43,-2.362,0.1,-2.462,-24.62,False,BNBUSDT,1,TREND,SELL,25655,2026-06-01 14:15:00
681.135,664.1066,25846,25958,113,SL,0.841,2.657,-2.5,0.07,-2.57,-25.7,False,BNBUSDT,1,FADE,BUY,25837,2026-06-02 05:25:00
609.8187,597.6223,26580,26648,69,TP,2.299,0.108,2.0,0.07,1.93,19.3,True,BNBUSDT,1,FADE,SELL,26578,2026-06-04 19:10:00
596.25,584.325,26672,26707,36,TP,2.123,1.174,2.0,0.1,1.9,19.0,True,BNBUSDT,1,TREND,SELL,26671,2026-06-05 02:55:00
592.505,604.3551,27569,27639,71,TP,2.028,0.045,2.0,0.07,1.93,19.3,True,BNBUSDT,1,FADE,BUY,27568,2026-06-08 05:40:00
597.0325,605.08,28730,28757,28,REVERSE_SIGNAL,1.427,0.042,1.348,0.07,1.278,12.78,True,BNBUSDT,1,FADE,BUY,28729,2026-06-12 06:25:00
603.025,605.67,28922,29068,147,REVERSE_SIGNAL,0.588,0.551,0.439,0.07,0.369,3.69,True,BNBUSDT,1,FADE,BUY,28918,2026-06-12 22:10:00
611.345,599.1181,30254,30328,75,TP,2.252,0.254,2.0,0.07,1.93,19.3,True,BNBUSDT,1,FADE,SELL,30249,2026-06-17 13:05:00
599.03,587.0494,30332,30563,232,TP,2.554,0.92,2.0,0.1,1.9,19.0,True,BNBUSDT,1,TREND,SELL,30331,2026-06-17 19:55:00
592.2057,586.36,31472,31499,28,REVERSE_SIGNAL,1.132,0.11,0.987,0.07,0.917,9.17,True,BNBUSDT,1,FADE,SELL,31470,2026-06-21 18:50:00
568.3563,556.9891,32772,32835,64,TP,2.123,0.419,2.0,0.07,1.93,19.3,True,BNBUSDT,1,FADE,SELL,32771,2026-06-26 07:15:00
553.29,564.3558,32843,32851,9,TP,2.037,0.195,2.0,0.07,1.93,19.3,True,BNBUSDT,1,FADE,BUY,32835,2026-06-26 12:35:00
568.3563,563.17,32944,33108,165,REVERSE_SIGNAL,0.997,0.124,0.913,0.07,0.843,8.43,True,BNBUSDT,1,FADE,SELL,32924,2026-06-26 20:00:00
552.635,545.18,34170,34226,57,REVERSE_SIGNAL,1.49,0.131,1.349,0.07,1.279,12.79,True,BNBUSDT,1,FADE,SELL,34159,2026-07-01 02:55:00
568.9,576.1,35308,35374,67,REVERSE_SIGNAL,1.457,0.056,1.266,0.07,1.196,11.96,True,BNBUSDT,1,FADE,BUY,35293,2026-07-05 01:25:00
579.01,593.4852,35381,35546,166,SL,1.024,2.56,-2.5,0.07,-2.57,-25.7,False,BNBUSDT,1,FADE,SELL,35374,2026-07-05 08:10:00
583.3975,576.82,37439,37554,116,REVERSE_SIGNAL,1.127,0.287,1.127,0.07,1.057,10.57,True,BNBUSDT,1,FADE,SELL,37429,2026-07-12 11:25:00
576.128,561.7248,38543,38888,346,SL,0.957,2.798,-2.5,0.07,-2.57,-25.7,False,BNBUSDT,1,FADE,BUY,38542,2026-07-16 08:10:00
574.0825,570.01,40341,40518,178,REVERSE_SIGNAL,0.85,0.304,0.709,0.07,0.639,6.39,True,BNBUSDT,1,FADE,SELL,40338,2026-07-22 13:50:00
569.3134,568.9,40522,40802,281,REVERSE_SIGNAL,0.447,0.946,-0.073,0.07,-0.143,-1.43,False,BNBUSDT,1,FADE,BUY,40518,2026-07-23 04:50:00
573.47,567.75,42195,42235,41,REVERSE_SIGNAL,1.069,0.068,0.997,0.07,0.927,9.27,True,BNBUSDT,1,FADE,SELL,42194,2026-07-29 00:30:00
567.4875,573.12,42236,42304,69,REVERSE_SIGNAL,1.082,0.209,0.993,0.07,0.923,9.23,True,BNBUSDT,1,FADE,BUY,42235,2026-07-29 03:55:00
573.47,569.78,42306,42343,38,REVERSE_SIGNAL,0.821,0.024,0.643,0.07,0.573,5.73,True,BNBUSDT,1,FADE,SELL,42304,2026-07-29 09:40:00
577.4434,591.8794,42500,42668,169,SL,0.958,2.741,-2.5,0.07,-2.57,-25.7,False,BNBUSDT,1,FADE,SELL,42496,2026-07-30 01:40:00
585.72,590.8,42946,43084,139,REVERSE_SIGNAL,0.92,0.23,0.867,0.07,0.797,7.97,True,BNBUSDT,1,FADE,BUY,42941,2026-07-31 14:45:00
587.515,589.42,43763,44034,272,REVERSE_SIGNAL,0.459,1.235,-0.324,0.07,-0.394,-3.94,False,BNBUSDT,1,FADE,SELL,43760,2026-08-03 11:00:00
602.77,596.84,44401,44460,60,REVERSE_SIGNAL,1.082,0.017,0.984,0.07,0.914,9.14,True,BNBUSDT,1,FADE,SELL,44391,2026-08-05 15:35:00
592.4375,594.66,44480,44822,343,REVERSE_SIGNAL,1.062,0.393,0.375,0.07,0.305,3.05,True,BNBUSDT,1,FADE,BUY,44460,2026-08-05 21:20:00
602.34,603.9,45642,46029,388,REVERSE_SIGNAL,0.807,0.785,0.259,0.07,0.189,1.89,True,BNBUSDT,1,FADE,BUY,45634,2026-08-09 23:10:00
609.3867,612.66,46646,46830,185,REVERSE_SIGNAL,0.544,0.715,0.537,0.07,0.467,4.67,True,BNBUSDT,1,FADE,BUY,46636,2026-08-13 10:40:00
603.7867,603.66,47974,48141,168,REVERSE_SIGNAL,0.29,0.597,-0.021,0.07,-0.091,-0.91,False,BNBUSDT,1,FADE,BUY,47966,2026-08-18 01:30:00
603.8867,602.34,48147,48280,134,REVERSE_SIGNAL,0.346,0.216,0.256,0.07,0.186,1.86,True,BNBUSDT,1,FADE,SELL,48141,2026-08-18 16:05:00
602.1834,605.57,48293,48389,97,REVERSE_SIGNAL,0.571,0.092,0.562,0.07,0.492,4.92,True,BNBUSDT,1,FADE,BUY,48280,2026-08-19 03:40:00
68090.37,67304.1,1128,1183,56,REVERSE_SIGNAL,1.998,0.119,1.155,0.07,1.085,10.85,True,BTCUSDT,1,FADE,SELL,1115,2026-03-08 09:15:00
70960.37,71060.3,2658,3014,357,REVERSE_SIGNAL,0.693,0.993,0.141,0.07,0.071,0.71,True,BTCUSDT,1,FADE,BUY,2642,2026-03-13 16:30:00
70584.664,69990.0,4420,4622,203,REVERSE_SIGNAL,1.286,1.073,0.842,0.07,0.772,7.72,True,BTCUSDT,1,FADE,SELL,4419,2026-03-19 20:35:00
70127.4,70837.1,5673,5703,31,REVERSE_SIGNAL,1.244,0.074,1.012,0.07,0.942,9.42,True,BTCUSDT,1,FADE,BUY,5672,2026-03-24 05:00:00
71207.48,70284.5,5707,5781,75,REVERSE_SIGNAL,1.853,0.239,1.296,0.07,1.226,12.26,True,BTCUSDT,1,FADE,SELL,5703,2026-03-24 07:35:00
66304.55,66879.3,7049,7102,54,REVERSE_SIGNAL,1.2,0.104,0.867,0.07,0.797,7.97,True,BTCUSDT,1,FADE,BUY,7045,2026-03-28 23:25:00
68262.7,66897.446,7646,7732,87,TP,2.176,0.167,2.0,0.07,1.93,19.3,True,BTCUSDT,1,FADE,SELL,7645,2026-03-31 01:25:00
67018.1,67370.7,9092,9255,164,REVERSE_SIGNAL,1.209,0.66,0.526,0.07,0.456,4.56,True,BTCUSDT,1,FADE,BUY,9090,2026-04-05 01:50:00
70598.625,72010.5975,10393,10406,14,TP,2.299,0.182,2.0,0.07,1.93,19.3,True,BTCUSDT,1,FADE,BUY,10392,2026-04-09 14:20:00
72587.13,73120.6,10905,11006,102,REVERSE_SIGNAL,0.817,0.186,0.735,0.07,0.665,6.65,True,BTCUSDT,1,FADE,BUY,10901,2026-04-11 08:45:00
71394.164,71623.0,11105,11539,435,REVERSE_SIGNAL,0.849,1.311,0.321,0.07,0.251,2.51,True,BTCUSDT,1,FADE,BUY,11103,2026-04-12 01:35:00
74364.37,75337.7,12364,12474,111,REVERSE_SIGNAL,1.356,1.489,1.309,0.07,1.239,12.39,True,BTCUSDT,1,FADE,BUY,12361,2026-04-16 10:25:00
75386.1,77270.7525,12476,12690,215,SL,1.202,2.539,-2.5,0.07,-2.57,-25.7,False,BTCUSDT,1,FADE,SELL,12474,2026-04-16 19:50:00
75262.15,76264.8,13883,13964,82,REVERSE_SIGNAL,1.507,0.643,1.332,0.07,1.262,12.62,True,BTCUSDT,1,FADE,BUY,13870,2026-04-21 16:10:00
76264.7,75385.2,16288,16324,37,REVERSE_SIGNAL,1.182,0.236,1.153,0.07,1.083,10.83,True,BTCUSDT,1,FADE,SELL,16287,2026-04-30 01:35:00
76264.7,78171.3175,16382,16712,331,SL,0.562,2.511,-2.5,0.07,-2.57,-25.7,False,BTCUSDT,1,FADE,SELL,16367,2026-04-30 08:15:00
78480.28,78200.0,17037,17155,119,REVERSE_SIGNAL,0.485,0.847,0.357,0.07,0.287,2.87,True,BTCUSDT,1,FADE,SELL,17026,2026-05-02 15:10:00
78069.375,78372.5,17158,17238,81,REVERSE_SIGNAL,0.52,0.054,0.388,0.07,0.318,3.18,True,BTCUSDT,1,FADE,BUY,17155,2026-05-03 01:55:00
80582.35,80117.1,18409,18700,292,REVERSE_SIGNAL,0.715,1.793,-0.577,0.07,-0.647,-6.47,False,BTCUSDT,1,FADE,BUY,18408,2026-05-07 10:20:00
76749.85,77412.0,21448,21599,152,REVERSE_SIGNAL,1.243,0.281,0.863,0.07,0.793,7.93,True,BTCUSDT,1,FADE,BUY,21442,2026-05-17 23:10:00
76131.1,77043.0,21632,21699,68,REVERSE_SIGNAL,1.352,0.154,1.198,0.07,1.128,11.28,True,BTCUSDT,1,FADE,BUY,21626,2026-05-18 14:30:00
76131.1,77263.3,21917,22095,179,REVERSE_SIGNAL,1.535,0.032,1.487,0.07,1.417,14.17,True,BTCUSDT,1,FADE,BUY,21914,2026-05-19 14:30:00
77211.87,75281.5732,22707,22898,192,SL,0.436,2.584,-2.5,0.07,-2.57,-25.7,False,BTCUSDT,1,FADE,BUY,22689,2026-05-22 07:05:00
75652.25,77543.5562,23071,23305,235,SL,0.422,2.575,-2.5,0.07,-2.57,-25.7,False,BTCUSDT,1,FADE,SELL,23059,2026-05-23 13:55:00
73754.17,74040.2,25320,25472,153,REVERSE_SIGNAL,0.577,0.561,0.388,0.07,0.318,3.18,True,BTCUSDT,1,FADE,BUY,25301,2026-05-31 08:45:00
61552.0,59481.6,26893,26978,86,REVERSE_SIGNAL,0.634,3.413,-3.364,0.1,-3.464,-34.64,False,BTCUSDT,1,TREND,BUY,26892,2026-06-05 21:20:00
63002.5,62851.5,27484,27792,309,REVERSE_SIGNAL,1.868,0.993,-0.24,0.1,-0.34,-3.4,False,BTCUSDT,1,TREND,BUY,27483,2026-06-07 22:35:00
62910.3,63873.6,28732,28766,35,REVERSE_SIGNAL,1.621,0.047,1.531,0.07,1.461,14.61,True,BTCUSDT,1,FADE,BUY,28731,2026-06-12 06:35:00
64238.3,64762.2,29313,29484,172,REVERSE_SIGNAL,1.186,0.916,0.816,0.07,0.746,7.46,True,BTCUSDT,1,FADE,BUY,29312,2026-06-14 07:00:00
65413.8,65761.0,29978,30285,308,REVERSE_SIGNAL,1.272,1.359,0.531,0.07,0.461,4.61,True,BTCUSDT,1,FADE,BUY,29977,2026-06-16 14:25:00
66194.2,64870.316,30289,30309,21,TP,2.187,0.34,2.0,0.07,1.93,19.3,True,BTCUSDT,1,FADE,SELL,30285,2026-06-17 16:05:00
64365.965,63815.0,31377,31494,118,REVERSE_SIGNAL,1.126,0.126,0.856,0.07,0.786,7.86,True,BTCUSDT,1,FADE,SELL,31376,2026-06-21 11:00:00
60352.86,59741.3,33375,33457,83,REVERSE_SIGNAL,1.173,0.137,1.013,0.07,0.943,9.43,True,BTCUSDT,1,FADE,SELL,33372,2026-06-28 09:20:00
59342.8,60229.8,33726,33770,45,REVERSE_SIGNAL,0.464,2.231,-1.495,0.1,-1.595,-15.95,False,BTCUSDT,1,TREND,SELL,33725,2026-06-29 14:45:00
59259.535,58631.6,34178,34255,78,REVERSE_SIGNAL,1.365,0.312,1.06,0.07,0.99,9.9,True,BTCUSDT,1,FADE,SELL,34177,2026-07-01 04:25:00
58372.4,59463.0,34270,34291,22,REVERSE_SIGNAL,1.909,0.134,1.868,0.07,1.798,17.98,True,BTCUSDT,1,FADE,BUY,34255,2026-07-01 10:55:00
59720.7,60781.3,34418,34456,39,REVERSE_SIGNAL,1.783,0.277,1.776,0.07,1.706,17.06,True,BTCUSDT,1,FADE,BUY,34417,2026-07-02 00:25:00
63956.2,63300.1,35773,35890,118,REVERSE_SIGNAL,1.143,1.15,1.026,0.07,0.956,9.56,True,BTCUSDT,1,FADE,SELL,35757,2026-07-06 16:05:00
63755.31,64223.2,36960,37103,144,REVERSE_SIGNAL,0.837,0.212,0.734,0.07,0.664,6.64,True,BTCUSDT,1,FADE,BUY,36953,2026-07-10 19:45:00
64256.7,63886.0,37108,37284,177,REVERSE_SIGNAL,0.915,0.375,0.577,0.07,0.507,5.07,True,BTCUSDT,1,FADE,SELL,37103,2026-07-11 08:15:00
63755.31,64143.9,37293,37472,180,REVERSE_SIGNAL,0.81,0.239,0.61,0.07,0.54,5.4,True,BTCUSDT,1,FADE,BUY,37284,2026-07-11 23:20:00
64169.8,64491.0,38945,39426,482,REVERSE_SIGNAL,0.489,1.214,-0.501,0.07,-0.571,-5.71,False,BTCUSDT,1,FADE,SELL,38936,2026-07-17 17:00:00
64964.457,64150.0,39598,39665,68,REVERSE_SIGNAL,1.414,0.185,1.254,0.07,1.184,11.84,True,BTCUSDT,1,FADE,SELL,39597,2026-07-20 00:05:00
63893.562,64925.7,39675,39737,63,REVERSE_SIGNAL,1.661,0.246,1.615,0.07,1.545,15.45,True,BTCUSDT,1,FADE,BUY,39665,2026-07-20 05:45:00
64964.457,66588.5684,39739,40035,297,SL,1.432,2.545,-2.5,0.07,-2.57,-25.7,False,BTCUSDT,1,FADE,SELL,39737,2026-07-20 11:45:00
64856.164,65300.0,45638,45735,98,REVERSE_SIGNAL,0.798,0.095,0.684,0.07,0.614,6.14,True,BTCUSDT,1,FADE,BUY,45637,2026-08-09 23:25:00
63334.38,63904.7,46400,46571,172,REVERSE_SIGNAL,1.036,0.081,0.9,0.07,0.83,8.3,True,BTCUSDT,1,FADE,BUY,46395,2026-08-12 14:35:00
63334.38,63801.1,46647,46690,44,REVERSE_SIGNAL,1.02,0.026,0.737,0.07,0.667,6.67,True,BTCUSDT,1,FADE,BUY,46645,2026-08-13 11:25:00
62880.836,63362.6,47632,47697,66,REVERSE_SIGNAL,0.956,0.318,0.766,0.07,0.696,6.96,True,BTCUSDT,1,FADE,BUY,47629,2026-08-16 21:25:00
77621.8,76889.9,49547,49735,189,REVERSE_SIGNAL,1.253,0.561,0.943,0.07,0.873,8.73,True,BTCUSDT,1,FADE,SELL,49529,2026-08-23 11:45:00
0.0908,0.089,1128,1149,22,TP,2.247,0.54,2.0,0.07,1.93,19.3,True,DOGEUSDT,1,FADE,SELL,1126,2026-03-08 10:10:00
0.0943,0.0923,2031,2168,138,REVERSE_SIGNAL,0.509,3.436,-2.142,0.1,-2.242,-22.42,False,DOGEUSDT,1,TREND,BUY,2030,2026-03-11 13:30:00
0.0957,0.0955,2658,2900,243,REVERSE_SIGNAL,1.134,1.813,-0.204,0.07,-0.274,-2.74,False,DOGEUSDT,1,FADE,BUY,2657,2026-03-13 17:45:00
0.097,0.099,3294,3348,55,TP,2.649,0.454,2.0,0.1,1.9,19.0,True,DOGEUSDT,1,TREND,BUY,3293,2026-03-15 22:45:00
0.0995,0.101,3664,3850,187,REVERSE_SIGNAL,1.896,1.259,1.494,0.07,1.424,14.24,True,DOGEUSDT,1,FADE,BUY,3658,2026-03-17 05:10:00
0.1015,0.0995,3860,3969,110,TP,2.064,0.32,2.0,0.07,1.93,19.3,True,DOGEUSDT,1,FADE,SELL,3850,2026-03-17 21:10:00
0.093,0.0949,4695,4724,30,TP,2.026,0.306,2.0,0.07,1.93,19.3,True,DOGEUSDT,1,FADE,BUY,4685,2026-03-20 18:45:00
0.0951,0.0932,5707,5784,78,TP,2.002,0.501,2.0,0.07,1.93,19.3,True,DOGEUSDT,1,FADE,SELL,5703,2026-03-24 07:35:00
0.0935,0.0948,5787,5857,71,SL,1.166,1.541,-1.404,0.1,-1.504,-15.04,False,DOGEUSDT,1,TREND,SELL,5786,2026-03-24 14:30:00
0.0915,0.0896,7311,7324,14,TP,2.274,0.098,2.0,0.07,1.93,19.3,True,DOGEUSDT,1,FADE,SELL,7305,2026-03-29 21:05:00
0.0882,0.0917,7326,7343,18,SL,0.125,4.273,-3.907,0.1,-4.007,-40.07,False,DOGEUSDT,1,TREND,SELL,7325,2026-03-29 22:45:00
0.091,0.0913,8558,8785,228,REVERSE_SIGNAL,0.31,1.7,-0.283,0.07,-0.353,-3.53,False,DOGEUSDT,1,FADE,SELL,8540,2026-04-03 04:00:00
0.0927,0.0939,11892,12125,234,REVERSE_SIGNAL,1.588,0.355,1.361,0.07,1.291,12.91,True,DOGEUSDT,1,FADE,BUY,11887,2026-04-14 18:55:00
0.0927,0.0945,13376,13446,71,TP,2.095,0.215,2.0,0.07,1.93,19.3,True,DOGEUSDT,1,FADE,BUY,13370,2026-04-19 22:30:00
0.0938,0.0951,13883,13971,89,REVERSE_SIGNAL,1.669,0.272,1.467,0.07,1.397,13.97,True,DOGEUSDT,1,FADE,BUY,13872,2026-04-21 16:20:00
0.0978,0.0985,14978,15190,213,REVERSE_SIGNAL,1.011,0.431,0.746,0.07,0.676,6.76,True,DOGEUSDT,1,FADE,BUY,14974,2026-04-25 12:10:00
0.0978,0.0986,15482,15680,199,REVERSE_SIGNAL,1.503,0.912,0.909,0.07,0.839,8.39,True,DOGEUSDT,1,FADE,BUY,15472,2026-04-27 05:40:00
0.0981,0.0995,15864,15948,85,REVERSE_SIGNAL,1.84,0.097,1.422,0.07,1.352,13.52,True,DOGEUSDT,1,FADE,BUY,15845,2026-04-28 12:45:00
0.1051,0.103,16165,16171,7,TP,2.178,0.209,2.0,0.1,1.9,19.0,True,DOGEUSDT,1,TREND,SELL,16164,2026-04-29 15:20:00
0.1074,0.1092,17158,17278,121,REVERSE_SIGNAL,1.877,0.303,1.728,0.07,1.658,16.58,True,DOGEUSDT,1,FADE,BUY,17154,2026-05-03 01:50:00
0.109,0.1115,17544,17748,205,REVERSE_SIGNAL,0.413,3.302,-2.275,0.1,-2.375,-23.75,False,DOGEUSDT,1,TREND,SELL,17543,2026-05-04 10:15:00
0.1118,0.1146,17761,17970,210,SL,0.972,3.68,-2.5,0.07,-2.57,-25.7,False,DOGEUSDT,1,FADE,SELL,17748,2026-05-05 03:20:00
0.1127,0.1104,18162,18297,136,TP,2.148,0.905,2.0,0.1,1.9,19.0,True,DOGEUSDT,1,TREND,SELL,18161,2026-05-06 13:45:00
0.1079,0.1117,19403,19423,21,SL,0.028,4.125,-3.5,0.1,-3.6,-36.0,False,DOGEUSDT,1,TREND,SELL,19402,2026-05-10 21:10:00
0.1146,0.1123,20232,20244,13,TP,2.019,0.039,2.0,0.07,1.93,19.3,True,DOGEUSDT,1,FADE,SELL,20231,2026-05-13 18:15:00
0.1143,0.112,20652,20752,101,TP,2.004,1.181,2.0,0.1,1.9,19.0,True,DOGEUSDT,1,TREND,SELL,20651,2026-05-15 05:15:00
0.1052,0.1038,21723,21881,159,REVERSE_SIGNAL,1.655,0.295,1.274,0.07,1.204,12.04,True,DOGEUSDT,1,FADE,SELL,21722,2026-05-18 22:30:00
0.1039,0.1019,22830,22889,60,TP,2.348,0.481,2.0,0.1,1.9,19.0,True,DOGEUSDT,1,TREND,SELL,22829,2026-05-22 18:45:00
0.1005,0.1022,23987,24128,142,REVERSE_SIGNAL,1.828,0.262,1.699,0.07,1.629,16.29,True,DOGEUSDT,1,FADE,BUY,23978,2026-05-26 18:30:00
0.0992,0.1006,25581,25723,143,REVERSE_SIGNAL,1.419,1.484,1.379,0.07,1.309,13.09,True,DOGEUSDT,1,FADE,BUY,25580,2026-06-01 08:00:00
0.0917,0.0898,26257,26353,97,TP,2.018,1.691,2.0,0.1,1.9,19.0,True,DOGEUSDT,1,TREND,SELL,26256,2026-06-03 16:20:00
0.083,0.0846,27449,27478,30,TP,4.493,0.074,2.0,0.07,1.93,19.3,True,DOGEUSDT,1,FADE,BUY,27446,2026-06-07 19:30:00
0.0858,0.0875,27483,27695,213,TP,2.017,1.691,2.0,0.1,1.9,19.0,True,DOGEUSDT,1,TREND,BUY,27482,2026-06-07 22:30:00
0.0847,0.0864,27795,27846,52,TP,2.033,0.246,2.0,0.07,1.93,19.3,True,DOGEUSDT,1,FADE,BUY,27794,2026-06-09 00:30:00
0.0849,0.0832,27960,27987,28,TP,2.084,0.4,2.0,0.1,1.9,19.0,True,DOGEUSDT,1,TREND,SELL,27959,2026-06-09 14:15:00
0.0889,0.0882,29490,29785,296,REVERSE_SIGNAL,1.106,2.212,0.847,0.07,0.777,7.77,True,DOGEUSDT,1,FADE,SELL,29485,2026-06-14 21:25:00
0.0828,0.0839,31125,31230,106,REVERSE_SIGNAL,1.647,0.321,1.249,0.07,1.179,11.79,True,DOGEUSDT,1,FADE,BUY,31123,2026-06-20 13:55:00
0.0796,0.0782,32132,32242,111,REVERSE_SIGNAL,1.887,0.01,1.799,0.07,1.729,17.29,True,DOGEUSDT,1,FADE,SELL,32131,2026-06-24 01:55:00
0.0756,0.0771,32360,32456,97,TP,2.038,0.609,2.0,0.1,1.9,19.0,True,DOGEUSDT,1,TREND,BUY,32359,2026-06-24 20:55:00
0.0753,0.0738,32678,32709,32,TP,2.024,0.022,2.0,0.07,1.93,19.3,True,DOGEUSDT,1,FADE,SELL,32666,2026-06-25 22:30:00
0.0762,0.0751,33154,33203,50,REVERSE_SIGNAL,1.394,0.286,1.394,0.07,1.324,13.24,True,DOGEUSDT,1,FADE,SELL,33144,2026-06-27 14:20:00
0.0741,0.0726,33762,33842,81,TP,2.047,0.06,2.0,0.07,1.93,19.3,True,DOGEUSDT,1,FADE,SELL,33761,2026-06-29 17:45:00
0.0747,0.0736,38236,38291,56,REVERSE_SIGNAL,1.718,0.036,1.491,0.07,1.421,14.21,True,DOGEUSDT,1,FADE,SELL,38235,2026-07-15 06:35:00
0.0722,0.0724,39128,39312,185,REVERSE_SIGNAL,0.644,0.396,0.394,0.07,0.324,3.24,True,DOGEUSDT,1,FADE,BUY,39115,2026-07-18 07:55:00
0.0713,0.0727,39674,39734,61,TP,2.016,0.382,2.0,0.07,1.93,19.3,True,DOGEUSDT,1,FADE,BUY,39669,2026-07-20 06:05:00
0.0735,0.0725,40371,40517,147,REVERSE_SIGNAL,1.772,0.053,1.336,0.07,1.266,12.66,True,DOGEUSDT,1,FADE,SELL,40360,2026-07-22 15:40:00
0.0685,0.0695,40914,41033,120,REVERSE_SIGNAL,1.789,0.43,1.497,0.07,1.427,14.27,True,DOGEUSDT,1,FADE,BUY,40907,2026-07-24 13:15:00
0.0697,0.0714,41040,41224,185,SL,0.828,2.573,-2.5,0.07,-2.57,-25.7,False,DOGEUSDT,1,FADE,SELL,41033,2026-07-24 23:45:00
0.0735,0.0723,41601,41721,121,REVERSE_SIGNAL,1.608,0.093,1.527,0.07,1.457,14.57,True,DOGEUSDT,1,FADE,SELL,41600,2026-07-26 23:00:00
0.0693,0.0711,44817,45243,427,SL,0.822,2.754,-2.5,0.07,-2.57,-25.7,False,DOGEUSDT,1,FADE,SELL,44810,2026-08-07 02:30:00
0.0702,0.0703,45347,45523,177,REVERSE_SIGNAL,0.37,0.598,0.085,0.07,0.015,0.15,True,DOGEUSDT,1,FADE,BUY,45341,2026-08-08 22:45:00
0.0703,0.0698,45525,45634,110,REVERSE_SIGNAL,0.891,0.857,0.834,0.07,0.764,7.64,True,DOGEUSDT,1,FADE,SELL,45523,2026-08-09 13:55:00
0.0696,0.0702,45635,45964,330,REVERSE_SIGNAL,1.046,0.864,0.888,0.07,0.818,8.18,True,DOGEUSDT,1,FADE,BUY,45634,2026-08-09 23:10:00
0.0706,0.0724,48389,48421,33,SL,0.767,5.774,-2.5,0.07,-2.57,-25.7,False,DOGEUSDT,1,FADE,SELL,48379,2026-08-19 11:55:00
0.0906,0.0887,49209,49223,15,TP,2.076,2.12,2.0,0.1,1.9,19.0,True,DOGEUSDT,1,TREND,SELL,49208,2026-08-22 09:00:00
0.0931,0.095,49320,49342,23,TP,2.362,1.063,2.0,0.1,1.9,19.0,True,DOGEUSDT,1,TREND,BUY,49319,2026-08-22 18:15:00
0.0904,0.0923,49445,49538,94,REVERSE_SIGNAL,1.88,2.93,-2.023,0.1,-2.123,-21.23,False,DOGEUSDT,1,TREND,SELL,49444,2026-08-23 04:40:00
0.0911,0.0892,49702,49884,183,TP,2.339,2.559,2.0,0.1,1.9,19.0,True,DOGEUSDT,1,TREND,SELL,49701,2026-08-24 02:05:00
0.0914,0.092,49984,49999,16,REVERSE_SIGNAL,1.817,0.69,0.657,0.1,0.557,5.57,True,DOGEUSDT,1,TREND,BUY,49983,2026-08-25 01:35:00
2110.825,2153.0415,182,266,85,TP,2.303,0.871,2.0,0.07,1.93,19.3,True,ETHUSDT,1,FADE,BUY,163,2026-03-05 01:55:00
2074.12,2032.6376,327,595,269,TP,2.75,1.214,2.0,0.1,1.9,19.0,True,ETHUSDT,1,TREND,SELL,326,2026-03-05 15:30:00
1972.9375,1933.4787,1128,1150,23,TP,2.131,0.309,2.0,0.07,1.93,19.3,True,ETHUSDT,1,FADE,SELL,1126,2026-03-08 10:10:00
1925.7234,1964.2379,1165,1238,74,TP,2.191,0.149,2.0,0.07,1.93,19.3,True,ETHUSDT,1,FADE,BUY,1151,2026-03-08 12:15:00
2051.99,2020.81,1614,1752,139,REVERSE_SIGNAL,1.073,2.155,-1.52,0.1,-1.62,-16.2,False,ETHUSDT,1,TREND,BUY,1613,2026-03-10 02:45:00
2298.87,2344.8474,3665,3758,94,TP,2.007,0.096,2.0,0.07,1.93,19.3,True,ETHUSDT,1,FADE,BUY,3652,2026-03-17 04:40:00
2193.5034,2149.6333,5459,5460,2,TP,2.163,0.004,2.0,0.07,1.93,19.3,True,ETHUSDT,1,FADE,SELL,5458,2026-03-23 11:10:00
2138.24,2143.64,5802,5869,68,REVERSE_SIGNAL,1.695,0.754,-0.253,0.1,-0.353,-3.53,False,ETHUSDT,1,TREND,SELL,5801,2026-03-24 15:45:00
1990.504,1940.7414,7042,7325,284,SL,1.432,2.711,-2.5,0.07,-2.57,-25.7,False,ETHUSDT,1,FADE,BUY,7033,2026-03-28 22:25:00
2013.3029,2053.569,7747,7778,32,TP,2.098,0.102,2.0,0.07,1.93,19.3,True,ETHUSDT,1,FADE,BUY,7738,2026-03-31 09:10:00
2091.28,2049.4544,7799,7806,8,TP,2.572,0.01,2.0,0.07,1.93,19.3,True,ETHUSDT,1,FADE,SELL,7794,2026-03-31 13:50:00
2095.92,2054.0016,8227,8248,22,TP,2.477,0.232,2.0,0.1,1.9,19.0,True,ETHUSDT,1,TREND,SELL,8226,2026-04-02 01:50:00
2045.553,2058.0,8657,8981,325,REVERSE_SIGNAL,0.787,0.259,0.608,0.07,0.538,5.38,True,ETHUSDT,1,FADE,BUY,8656,2026-04-03 13:40:00
2195.15,2225.25,10111,10412,302,REVERSE_SIGNAL,1.783,1.982,-1.371,0.1,-1.471,-14.71,False,ETHUSDT,1,TREND,SELL,10110,2026-04-08 14:50:00
2226.28,2181.7544,11105,11260,156,TP,2.214,0.297,2.0,0.1,1.9,19.0,True,ETHUSDT,1,TREND,SELL,11104,2026-04-12 01:40:00
2224.7,2269.194,11549,11637,89,TP,2.403,1.198,2.0,0.1,1.9,19.0,True,ETHUSDT,1,TREND,BUY,11548,2026-04-13 14:40:00
2345.42,2342.33,11845,12147,303,REVERSE_SIGNAL,1.868,1.086,0.132,0.1,0.032,0.32,True,ETHUSDT,1,TREND,SELL,11844,2026-04-14 15:20:00
2303.338,2316.94,15027,15101,75,REVERSE_SIGNAL,0.706,0.189,0.591,0.07,0.521,5.21,True,ETHUSDT,1,FADE,BUY,15020,2026-04-25 16:00:00
2307.33,2278.55,15703,15771,69,REVERSE_SIGNAL,1.344,0.001,1.247,0.07,1.177,11.77,True,ETHUSDT,1,FADE,SELL,15702,2026-04-28 00:50:00
2271.52,2302.66,15772,15930,159,REVERSE_SIGNAL,1.411,0.682,1.371,0.07,1.301,13.01,True,ETHUSDT,1,FADE,BUY,15771,2026-04-28 06:35:00
2412.605,2364.3529,18112,18161,50,TP,2.025,0.411,2.0,0.07,1.93,19.3,True,ETHUSDT,1,FADE,SELL,18104,2026-05-06 09:00:00
2299.4434,2303.15,18722,19042,321,REVERSE_SIGNAL,1.354,1.09,-0.161,0.07,-0.231,-2.31,False,ETHUSDT,1,FADE,SELL,18714,2026-05-08 11:50:00
2334.666,2331.03,19081,19403,323,REVERSE_SIGNAL,1.056,1.49,0.156,0.07,0.086,0.86,True,ETHUSDT,1,FADE,SELL,19066,2026-05-09 17:10:00
2099.03,2124.26,21633,21698,66,REVERSE_SIGNAL,1.18,1.488,-1.202,0.1,-1.302,-13.02,False,ETHUSDT,1,TREND,SELL,21632,2026-05-18 15:00:00
2124.7068,2146.18,22403,22528,126,REVERSE_SIGNAL,1.26,0.998,1.011,0.07,0.941,9.41,True,ETHUSDT,1,FADE,BUY,22401,2026-05-21 07:05:00
2150.8975,2127.48,22530,22699,170,REVERSE_SIGNAL,1.435,0.088,1.089,0.07,1.019,10.19,True,ETHUSDT,1,FADE,SELL,22528,2026-05-21 17:40:00
2056.97,2087.37,23966,24144,179,REVERSE_SIGNAL,1.603,0.193,1.478,0.07,1.408,14.08,True,ETHUSDT,1,FADE,BUY,23947,2026-05-26 15:55:00
2025.5575,1997.76,24545,24772,228,REVERSE_SIGNAL,1.579,0.195,1.372,0.07,1.302,13.02,True,ETHUSDT,1,FADE,SELL,24539,2026-05-28 17:15:00
2041.775,2000.9395,24819,24962,144,TP,2.005,0.094,2.0,0.07,1.93,19.3,True,ETHUSDT,1,FADE,SELL,24809,2026-05-29 15:45:00
2025.58,2019.08,25076,25318,243,REVERSE_SIGNAL,0.455,0.591,0.321,0.07,0.251,2.51,True,ETHUSDT,1,FADE,SELL,25072,2026-05-30 13:40:00
2017.536,2016.72,25319,25493,175,REVERSE_SIGNAL,0.405,1.224,-0.04,0.07,-0.11,-1.1,False,ETHUSDT,1,FADE,BUY,25318,2026-05-31 10:10:00
1694.5,1662.0,27656,27799,144,REVERSE_SIGNAL,1.164,2.151,-1.918,0.1,-2.018,-20.18,False,ETHUSDT,1,TREND,BUY,27655,2026-06-08 12:55:00
1659.91,1693.1082,27801,27845,45,TP,2.004,0.411,2.0,0.07,1.93,19.3,True,ETHUSDT,1,FADE,BUY,27799,2026-06-09 00:55:00
1684.144,1653.26,28582,28730,149,REVERSE_SIGNAL,1.951,0.542,1.834,0.07,1.764,17.64,True,ETHUSDT,1,FADE,SELL,28580,2026-06-11 18:00:00
1684.144,1661.59,28769,28924,156,REVERSE_SIGNAL,1.879,0.378,1.339,0.07,1.269,12.69,True,ETHUSDT,1,FADE,SELL,28763,2026-06-12 09:15:00
1697.72,1712.17,30569,30673,105,REVERSE_SIGNAL,1.6,1.114,-0.851,0.1,-0.951,-9.51,False,ETHUSDT,1,TREND,SELL,30568,2026-06-18 15:40:00
1716.21,1681.8858,30680,30707,28,TP,2.108,0.153,2.0,0.07,1.93,19.3,True,ETHUSDT,1,FADE,SELL,30673,2026-06-19 00:25:00
1742.91,1777.7682,31556,31695,140,TP,2.071,0.995,2.0,0.1,1.9,19.0,True,ETHUSDT,1,TREND,BUY,31555,2026-06-22 01:55:00
1676.155,1642.6319,32126,32268,143,TP,2.085,0.945,2.0,0.07,1.93,19.3,True,ETHUSDT,1,FADE,SELL,32116,2026-06-24 00:40:00
1647.29,1614.3442,32273,32309,37,TP,2.358,0.571,2.0,0.1,1.9,19.0,True,ETHUSDT,1,TREND,SELL,32272,2026-06-24 13:40:00
1614.0,1646.28,32359,32457,99,TP,2.194,0.55,2.0,0.1,1.9,19.0,True,ETHUSDT,1,TREND,BUY,32358,2026-06-24 20:50:00
1586.2786,1578.64,32890,33209,320,REVERSE_SIGNAL,1.208,1.523,0.482,0.07,0.412,4.12,True,ETHUSDT,1,FADE,SELL,32889,2026-06-26 17:05:00
1598.6233,1575.12,34170,34228,59,REVERSE_SIGNAL,1.948,0.361,1.47,0.07,1.4,14.0,True,ETHUSDT,1,FADE,SELL,34159,2026-07-01 02:55:00
1757.596,1773.88,35303,35467,165,REVERSE_SIGNAL,1.342,0.588,0.926,0.07,0.856,8.56,True,ETHUSDT,1,FADE,BUY,35286,2026-07-05 00:50:00
1757.596,1792.7479,35678,35757,80,TP,2.161,1.667,2.0,0.07,1.93,19.3,True,ETHUSDT,1,FADE,BUY,35666,2026-07-06 08:30:00
1760.1475,1736.55,36512,36623,112,REVERSE_SIGNAL,1.571,0.135,1.341,0.07,1.271,12.71,True,ETHUSDT,1,FADE,SELL,36506,2026-07-09 06:30:00
1731.8475,1766.4845,36625,36737,113,TP,2.549,0.043,2.0,0.07,1.93,19.3,True,ETHUSDT,1,FADE,BUY,36623,2026-07-09 16:15:00
1782.6825,1808.34,37293,37451,159,REVERSE_SIGNAL,1.789,0.248,1.439,0.07,1.369,13.69,True,ETHUSDT,1,FADE,BUY,37282,2026-07-11 23:10:00
1791.2825,1836.0646,37884,38021,138,SL,0.99,3.557,-2.5,0.07,-2.57,-25.7,False,ETHUSDT,1,FADE,SELL,37874,2026-07-14 00:30:00
1909.812,1941.12,40264,40340,77,REVERSE_SIGNAL,1.685,0.026,1.639,0.07,1.569,15.69,True,ETHUSDT,1,FADE,BUY,40245,2026-07-22 06:05:00
1854.1359,1863.49,40914,41199,286,REVERSE_SIGNAL,0.786,0.43,0.504,0.07,0.434,4.34,True,ETHUSDT,1,FADE,BUY,40907,2026-07-24 13:15:00
1866.1367,1912.7901,41200,41511,312,SL,0.142,2.75,-2.5,0.07,-2.57,-25.7,False,ETHUSDT,1,FADE,SELL,41199,2026-07-25 13:35:00
1911.22,1891.96,42086,42235,150,REVERSE_SIGNAL,0.925,1.103,-1.008,0.1,-1.108,-11.08,False,ETHUSDT,1,TREND,BUY,42085,2026-07-28 15:25:00
1886.85,1924.587,42236,42283,48,TP,2.101,0.184,2.0,0.07,1.93,19.3,True,ETHUSDT,1,FADE,BUY,42235,2026-07-29 03:55:00
1898.365,1850.9059,42802,42933,132,SL,0.646,2.599,-2.5,0.07,-2.57,-25.7,False,ETHUSDT,1,FADE,BUY,42795,2026-07-31 02:35:00
1874.326,1861.18,43232,43267,36,REVERSE_SIGNAL,0.962,0.006,0.701,0.07,0.631,6.31,True,ETHUSDT,1,FADE,SELL,43231,2026-08-01 14:55:00
1874.326,1855.37,43365,43480,116,REVERSE_SIGNAL,1.146,0.569,1.011,0.07,0.941,9.41,True,ETHUSDT,1,FADE,SELL,43363,2026-08-02 01:55:00
1885.91,1868.87,43564,43656,93,REVERSE_SIGNAL,1.19,0.668,0.904,0.07,0.834,8.34,True,ETHUSDT,1,FADE,SELL,43560,2026-08-02 18:20:00
1873.65,1920.4913,44066,44422,357,SL,1.022,2.527,-2.5,0.07,-2.57,-25.7,False,ETHUSDT,1,FADE,SELL,44059,2026-08-04 11:55:00
1853.49,1881.87,46120,46192,73,REVERSE_SIGNAL,1.691,0.069,1.531,0.07,1.461,14.61,True,ETHUSDT,1,FADE,BUY,46119,2026-08-11 15:35:00
1878.0829,1886.31,46644,47004,361,REVERSE_SIGNAL,1.0,0.85,0.438,0.07,0.368,3.68,True,ETHUSDT,1,FADE,BUY,46629,2026-08-13 10:05:00
1877.2667,1882.89,47190,47249,60,REVERSE_SIGNAL,0.378,0.142,0.3,0.07,0.23,2.3,True,ETHUSDT,1,FADE,BUY,47181,2026-08-15 08:05:00
1883.6289,1881.07,47262,47388,127,REVERSE_SIGNAL,0.23,0.113,0.136,0.07,0.066,0.66,True,ETHUSDT,1,FADE,SELL,47249,2026-08-15 13:45:00
1877.2667,1882.9,47391,47555,165,REVERSE_SIGNAL,0.382,0.067,0.3,0.07,0.23,2.3,True,ETHUSDT,1,FADE,BUY,47388,2026-08-16 01:20:00
1896.5616,1896.72,47693,47977,285,REVERSE_SIGNAL,0.314,1.13,-0.008,0.07,-0.078,-0.78,False,ETHUSDT,1,FADE,SELL,47679,2026-08-17 01:35:00
2437.86,2389.1028,49166,49224,59,TP,2.086,0.474,2.0,0.1,1.9,19.0,True,ETHUSDT,1,TREND,SELL,49165,2026-08-22 05:25:00
0.1533,0.1564,183,265,83,TP,2.201,0.929,2.0,0.07,1.93,19.3,True,FETUSDT,1,FADE,BUY,179,2026-03-05 03:20:00
0.1501,0.1531,347,369,23,TP,2.182,0.416,2.0,0.07,1.93,19.3,True,FETUSDT,1,FADE,BUY,335,2026-03-05 16:20:00
0.1436,0.1411,1127,1225,99,REVERSE_SIGNAL,1.936,0.71,1.727,0.07,1.657,16.57,True,FETUSDT,1,FADE,SELL,1123,2026-03-08 10:00:00
0.1436,0.1407,1251,1267,17,TP,2.633,0.153,2.0,0.07,1.93,19.3,True,FETUSDT,1,FADE,SELL,1250,2026-03-08 20:35:00
0.1606,0.1638,2302,2386,85,TP,2.179,1.806,2.0,0.1,1.9,19.0,True,FETUSDT,1,TREND,BUY,2301,2026-03-12 12:10:00
0.1789,0.1753,2540,2651,112,TP,2.348,3.466,2.0,0.1,1.9,19.0,True,FETUSDT,1,TREND,SELL,2539,2026-03-13 08:00:00
0.1811,0.1761,2770,2855,86,REVERSE_SIGNAL,1.877,2.927,-2.761,0.1,-2.861,-28.61,False,FETUSDT,1,TREND,BUY,2769,2026-03-14 03:10:00
0.1754,0.1782,2865,3008,144,REVERSE_SIGNAL,1.71,1.596,1.596,0.07,1.526,15.26,True,FETUSDT,1,FADE,BUY,2855,2026-03-14 10:20:00
0.2298,0.2377,3640,3682,43,SL,1.48,4.047,-3.419,0.1,-3.519,-35.19,False,FETUSDT,1,TREND,SELL,3639,2026-03-17 03:40:00
0.2399,0.2447,3856,3860,5,TP,2.418,0.167,2.0,0.1,1.9,19.0,True,FETUSDT,1,TREND,BUY,3855,2026-03-17 21:40:00
0.2286,0.224,3956,3968,13,TP,2.362,0.306,2.0,0.1,1.9,19.0,True,FETUSDT,1,TREND,SELL,3955,2026-03-18 06:00:00
0.2267,0.2193,4213,4237,25,SL,0.044,3.529,-3.277,0.1,-3.377,-33.77,False,FETUSDT,1,TREND,BUY,4212,2026-03-19 03:25:00
0.2154,0.2111,4262,4274,13,TP,2.182,1.857,2.0,0.1,1.9,19.0,True,FETUSDT,1,TREND,SELL,4261,2026-03-19 07:30:00
0.2136,0.2179,4412,4473,62,TP,2.434,2.154,2.0,0.1,1.9,19.0,True,FETUSDT,1,TREND,BUY,4411,2026-03-19 20:00:00
0.2223,0.2179,4608,4693,86,TP,2.294,2.339,2.0,0.1,1.9,19.0,True,FETUSDT,1,TREND,SELL,4607,2026-03-20 12:20:00
0.2311,0.223,4726,4737,12,SL,0.346,3.765,-3.5,0.1,-3.6,-36.0,False,FETUSDT,1,TREND,BUY,4725,2026-03-20 22:10:00
0.2218,0.2274,4867,4948,82,REVERSE_SIGNAL,1.533,3.472,-2.525,0.1,-2.625,-26.25,False,FETUSDT,1,TREND,SELL,4866,2026-03-21 09:55:00
0.2274,0.2194,4949,5033,85,SL,0.044,4.31,-3.5,0.1,-3.6,-36.0,False,FETUSDT,1,TREND,BUY,4948,2026-03-21 16:45:00
0.2169,0.2126,5036,5173,138,TP,2.397,3.089,2.0,0.1,1.9,19.0,True,FETUSDT,1,TREND,SELL,5035,2026-03-22 00:00:00
0.2169,0.2212,5459,5491,33,TP,2.444,2.121,2.0,0.1,1.9,19.0,True,FETUSDT,1,TREND,BUY,5458,2026-03-23 11:15:00
0.2229,0.2273,5789,5791,3,TP,2.218,0.026,2.0,0.07,1.93,19.3,True,FETUSDT,1,FADE,BUY,5788,2026-03-24 14:45:00
0.2413,0.2461,5854,5855,2,TP,2.487,0.622,2.0,0.1,1.9,19.0,True,FETUSDT,1,TREND,BUY,5853,2026-03-24 20:10:00
0.2466,0.2417,6257,6266,10,TP,2.109,0.892,2.0,0.1,1.9,19.0,True,FETUSDT,1,TREND,SELL,6256,2026-03-26 05:45:00
0.2353,0.2288,6693,6734,42,REVERSE_SIGNAL,0.0,3.442,-2.762,0.1,-2.862,-28.62,False,FETUSDT,1,TREND,BUY,6692,2026-03-27 18:05:00
0.2288,0.2242,6735,6813,79,TP,2.054,1.311,2.0,0.1,1.9,19.0,True,FETUSDT,1,TREND,SELL,6734,2026-03-27 21:35:00
0.2319,0.2365,6861,6881,21,TP,2.199,0.086,2.0,0.1,1.9,19.0,True,FETUSDT,1,TREND,BUY,6860,2026-03-28 08:05:00
0.2403,0.2355,7028,7055,28,TP,2.122,0.791,2.0,0.1,1.9,19.0,True,FETUSDT,1,TREND,SELL,7027,2026-03-28 22:00:00
0.2362,0.2315,7216,7258,43,TP,2.583,0.212,2.0,0.1,1.9,19.0,True,FETUSDT,1,TREND,SELL,7215,2026-03-29 13:40:00
0.2375,0.2422,7380,7390,11,TP,2.105,0.547,2.0,0.1,1.9,19.0,True,FETUSDT,1,TREND,BUY,7379,2026-03-30 03:20:00
0.2354,0.2307,7515,7541,27,TP,2.209,1.232,2.0,0.1,1.9,19.0,True,FETUSDT,1,TREND,SELL,7514,2026-03-30 14:35:00
0.2389,0.2427,8193,8209,17,SL,0.251,1.632,-1.575,0.1,-1.675,-16.75,False,FETUSDT,1,TREND,SELL,8192,2026-04-01 23:05:00
0.2306,0.2352,9266,9349,84,TP,2.082,1.951,2.0,0.1,1.9,19.0,True,FETUSDT,1,TREND,BUY,9265,2026-04-05 16:30:00
0.233,0.2377,9735,9751,17,TP,2.103,0.472,2.0,0.1,1.9,19.0,True,FETUSDT,1,TREND,BUY,9734,2026-04-07 07:35:00
0.228,0.2326,9812,9854,43,TP,3.015,0.406,2.0,0.07,1.93,19.3,True,FETUSDT,1,FADE,BUY,9809,2026-04-07 13:50:00
0.2366,0.2413,9889,9896,8,TP,2.832,0.254,2.0,0.1,1.9,19.0,True,FETUSDT,1,TREND,BUY,9888,2026-04-07 20:25:00
0.2479,0.2429,10114,10151,38,TP,2.017,1.129,2.0,0.1,1.9,19.0,True,FETUSDT,1,TREND,SELL,10113,2026-04-08 15:10:00
0.2397,0.2445,10330,10397,68,TP,2.169,0.918,2.0,0.1,1.9,19.0,True,FETUSDT,1,TREND,BUY,10329,2026-04-09 09:10:00
0.2412,0.2364,10517,10557,41,TP,2.114,1.907,2.0,0.1,1.9,19.0,True,FETUSDT,1,TREND,SELL,10516,2026-04-10 00:45:00
0.2419,0.248,10995,11031,37,SL,1.46,2.673,-2.5,0.07,-2.57,-25.7,False,FETUSDT,1,FADE,SELL,10992,2026-04-11 16:25:00
0.2321,0.2367,11123,11157,35,TP,2.154,0.259,2.0,0.07,1.93,19.3,True,FETUSDT,1,FADE,BUY,11106,2026-04-12 01:55:00
0.2334,0.2393,11550,11641,92,SL,1.863,2.72,-2.5,0.07,-2.57,-25.7,False,FETUSDT,1,FADE,SELL,11548,2026-04-13 14:45:00
0.2334,0.2287,12558,12651,94,TP,2.057,0.214,2.0,0.1,1.9,19.0,True,FETUSDT,1,TREND,SELL,12557,2026-04-17 02:50:00
0.2363,0.241,12686,12722,37,TP,2.116,0.296,2.0,0.1,1.9,19.0,True,FETUSDT,1,TREND,BUY,12685,2026-04-17 13:30:00
0.2327,0.228,12783,12829,47,TP,2.063,0.988,2.0,0.1,1.9,19.0,True,FETUSDT,1,TREND,SELL,12782,2026-04-17 21:35:00
0.2179,0.2128,13245,13313,69,REVERSE_SIGNAL,1.79,2.478,-2.341,0.1,-2.441,-24.41,False,FETUSDT,1,TREND,BUY,13244,2026-04-19 12:05:00
0.2124,0.2071,13314,13413,100,SL,1.153,2.518,-2.5,0.07,-2.57,-25.7,False,FETUSDT,1,FADE,BUY,13313,2026-04-19 17:50:00
0.2099,0.2057,13863,13900,38,TP,2.239,0.333,2.0,0.1,1.9,19.0,True,FETUSDT,1,TREND,SELL,13862,2026-04-21 15:35:00
0.2122,0.2164,13991,14027,37,TP,2.121,0.236,2.0,0.1,1.9,19.0,True,FETUSDT,1,TREND,BUY,13990,2026-04-22 02:15:00
0.211,0.2068,14435,14462,28,TP,2.39,0.263,2.0,0.07,1.93,19.3,True,FETUSDT,1,FADE,SELL,14430,2026-04-23 14:55:00
0.2063,0.2084,15041,15160,120,REVERSE_SIGNAL,1.331,0.366,1.04,0.07,0.97,9.7,True,FETUSDT,1,FADE,BUY,15037,2026-04-25 17:30:00
0.211,0.2087,15177,15470,294,REVERSE_SIGNAL,1.395,2.111,1.111,0.07,1.041,10.41,True,FETUSDT,1,FADE,SELL,15160,2026-04-26 03:45:00
0.2063,0.2011,15481,15806,326,SL,1.525,2.694,-2.5,0.07,-2.57,-25.7,False,FETUSDT,1,FADE,BUY,15470,2026-04-27 05:35:00
0.1981,0.1941,16143,16196,54,TP,2.877,0.606,2.0,0.1,1.9,19.0,True,FETUSDT,1,TREND,SELL,16142,2026-04-29 13:35:00
0.1988,0.1967,16274,16357,84,REVERSE_SIGNAL,1.056,1.962,-1.056,0.1,-1.156,-11.56,False,FETUSDT,1,TREND,BUY,16273,2026-04-30 00:30:00
0.1975,0.2003,16828,17008,181,REVERSE_SIGNAL,1.57,0.304,1.418,0.07,1.348,13.48,True,FETUSDT,1,FADE,BUY,16815,2026-05-01 21:40:00
0.211,0.2068,17453,17515,63,TP,2.097,0.178,2.0,0.07,1.93,19.3,True,FETUSDT,1,FADE,SELL,17451,2026-05-04 02:40:00
0.2021,0.2079,17545,17732,188,REVERSE_SIGNAL,0.742,3.018,-2.87,0.1,-2.97,-29.7,False,FETUSDT,1,TREND,SELL,17544,2026-05-04 10:25:00
0.217,0.226,18164,18196,33,SL,0.737,4.194,-4.165,0.1,-4.265,-42.65,False,FETUSDT,1,TREND,SELL,18163,2026-05-06 14:00:00
0.2268,0.2223,18254,18291,38,TP,2.072,0.265,2.0,0.07,1.93,19.3,True,FETUSDT,1,FADE,SELL,18243,2026-05-06 20:40:00
0.2188,0.2265,18310,18366,57,SL,0.183,3.793,-3.5,0.1,-3.6,-36.0,False,FETUSDT,1,TREND,SELL,18309,2026-05-07 02:10:00
0.229,0.221,18369,18457,89,SL,1.747,3.624,-3.5,0.1,-3.6,-36.0,False,FETUSDT,1,TREND,BUY,18368,2026-05-07 07:05:00
0.232,0.2344,19038,19245,208,REVERSE_SIGNAL,1.595,1.638,-1.034,0.1,-1.134,-11.34,False,FETUSDT,1,TREND,SELL,19037,2026-05-09 14:50:00
0.2352,0.2411,19248,19356,109,SL,1.945,2.732,-2.5,0.07,-2.57,-25.7,False,FETUSDT,1,FADE,SELL,19245,2026-05-10 08:10:00
0.2376,0.2328,19454,19475,22,TP,2.062,0.084,2.0,0.1,1.9,19.0,True,FETUSDT,1,TREND,SELL,19453,2026-05-11 01:30:00
0.2288,0.2242,20054,20099,46,TP,2.302,0.146,2.0,0.07,1.93,19.3,True,FETUSDT,1,FADE,SELL,20039,2026-05-13 02:20:00
0.2162,0.2116,20478,20616,139,REVERSE_SIGNAL,1.665,2.22,-2.128,0.1,-2.228,-22.28,False,FETUSDT,1,TREND,BUY,20477,2026-05-14 14:50:00
0.1975,0.1945,21224,21330,107,REVERSE_SIGNAL,1.663,0.414,1.511,0.07,1.441,14.41,True,FETUSDT,1,FADE,SELL,21222,2026-05-17 04:55:00
0.1917,0.1879,21606,21628,23,TP,2.191,0.313,2.0,0.07,1.93,19.3,True,FETUSDT,1,FADE,SELL,21604,2026-05-18 12:45:00
0.191,0.1948,22443,22557,115,REVERSE_SIGNAL,0.419,2.723,-1.99,0.1,-2.09,-20.9,False,FETUSDT,1,TREND,SELL,22442,2026-05-21 10:35:00
0.2075,0.2033,22781,22828,48,TP,2.988,2.41,2.0,0.1,1.9,19.0,True,FETUSDT,1,TREND,SELL,22780,2026-05-22 14:45:00
0.2001,0.2041,23057,23070,14,TP,2.049,0.65,2.0,0.1,1.9,19.0,True,FETUSDT,1,TREND,BUY,23056,2026-05-23 13:45:00
0.2063,0.2104,23350,23359,10,TP,2.375,0.727,2.0,0.07,1.93,19.3,True,FETUSDT,1,FADE,BUY,23345,2026-05-24 13:50:00
0.2432,0.2383,24073,24164,92,TP,2.097,2.508,2.0,0.1,1.9,19.0,True,FETUSDT,1,TREND,SELL,24072,2026-05-27 02:25:00
0.2318,0.2364,24547,24627,81,TP,2.157,2.632,2.0,0.1,1.9,19.0,True,FETUSDT,1,TREND,BUY,24546,2026-05-28 17:55:00
0.2315,0.2396,24777,24800,24,SL,0.734,4.19,-3.5,0.1,-3.6,-36.0,False,FETUSDT,1,TREND,SELL,24776,2026-05-29 13:05:00
0.2488,0.2538,24818,24829,12,TP,2.371,1.929,2.0,0.1,1.9,19.0,True,FETUSDT,1,TREND,BUY,24817,2026-05-29 16:30:00
0.2417,0.2369,24914,24955,42,TP,2.358,1.986,2.0,0.1,1.9,19.0,True,FETUSDT,1,TREND,SELL,24913,2026-05-30 00:30:00
0.2445,0.2494,24994,25002,9,TP,2.249,0.368,2.0,0.1,1.9,19.0,True,FETUSDT,1,TREND,BUY,24993,2026-05-30 07:10:00
0.2671,0.2618,25275,25398,124,TP,2.471,2.434,2.0,0.1,1.9,19.0,True,FETUSDT,1,TREND,SELL,25274,2026-05-31 06:35:00
0.2658,0.2751,25504,25510,7,SL,0.527,3.536,-3.5,0.1,-3.6,-36.0,False,FETUSDT,1,TREND,SELL,25503,2026-06-01 01:40:00
0.2849,0.2675,25518,25642,125,REVERSE_SIGNAL,1.369,7.16,-6.107,0.1,-6.207,-62.07,False,FETUSDT,1,TREND,BUY,25517,2026-06-01 02:50:00
0.2675,0.2621,25643,25666,24,TP,2.019,0.336,2.0,0.1,1.9,19.0,True,FETUSDT,1,TREND,SELL,25642,2026-06-01 13:15:00
0.2652,0.2705,26121,26192,72,TP,2.187,2.903,2.0,0.1,1.9,19.0,True,FETUSDT,1,TREND,BUY,26120,2026-06-03 05:05:00
0.2566,0.2515,26345,26352,8,TP,2.26,0.663,2.0,0.1,1.9,19.0,True,FETUSDT,1,TREND,SELL,26344,2026-06-03 23:45:00
0.1891,0.1853,26973,26978,6,TP,2.433,0.793,2.0,0.1,1.9,19.0,True,FETUSDT,1,TREND,SELL,26972,2026-06-06 04:05:00
0.198,0.202,27185,27223,39,TP,2.273,1.515,2.0,0.1,1.9,19.0,True,FETUSDT,1,TREND,BUY,27184,2026-06-06 21:45:00
0.204,0.208,27452,27476,25,TP,2.227,0.028,2.0,0.07,1.93,19.3,True,FETUSDT,1,FADE,BUY,27451,2026-06-07 20:00:00
0.2122,0.2048,27490,27553,64,SL,1.084,3.534,-3.5,0.1,-3.6,-36.0,False,FETUSDT,1,TREND,BUY,27489,2026-06-07 23:10:00
0.2079,0.2037,27793,27949,157,TP,2.116,2.068,2.0,0.1,1.9,19.0,True,FETUSDT,1,TREND,SELL,27792,2026-06-09 00:25:00
0.1893,0.1846,28429,28553,125,REVERSE_SIGNAL,1.955,2.8,-2.483,0.1,-2.583,-25.83,False,FETUSDT,1,TREND,BUY,28428,2026-06-11 05:25:00
0.1832,0.1869,28567,28573,7,TP,3.057,0.055,2.0,0.07,1.93,19.3,True,FETUSDT,1,FADE,BUY,28553,2026-06-11 15:50:00
0.1927,0.1882,28589,28730,142,REVERSE_SIGNAL,1.92,3.062,-2.335,0.1,-2.435,-24.35,False,FETUSDT,1,TREND,BUY,28588,2026-06-11 18:45:00
0.19,0.1938,29031,29060,30,TP,2.105,1.053,2.0,0.1,1.9,19.0,True,FETUSDT,1,TREND,BUY,29030,2026-06-13 07:35:00
0.2046,0.2005,29383,29398,16,TP,2.102,0.44,2.0,0.1,1.9,19.0,True,FETUSDT,1,TREND,SELL,29382,2026-06-14 12:55:00
0.209,0.2132,29485,29517,33,TP,2.201,0.287,2.0,0.1,1.9,19.0,True,FETUSDT,1,TREND,BUY,29484,2026-06-14 21:25:00
0.2107,0.2065,29790,29832,43,TP,2.088,2.088,2.0,0.1,1.9,19.0,True,FETUSDT,1,TREND,SELL,29789,2026-06-15 22:50:00
0.2104,0.203,30290,30323,34,SL,0.523,4.183,-3.5,0.1,-3.6,-36.0,False,FETUSDT,1,TREND,BUY,30289,2026-06-17 16:30:00
0.1929,0.1956,30754,30831,78,SL,1.555,1.866,-1.396,0.1,-1.496,-14.96,False,FETUSDT,1,TREND,SELL,30753,2026-06-19 07:10:00
0.1962,0.1913,30838,30902,65,REVERSE_SIGNAL,0.714,2.752,-2.497,0.1,-2.597,-25.97,False,FETUSDT,1,TREND,BUY,30837,2026-06-19 14:10:00
0.1822,0.1786,31499,31513,15,TP,2.36,1.043,2.0,0.1,1.9,19.0,True,FETUSDT,1,TREND,SELL,31498,2026-06-21 21:15:00
0.1869,0.1824,31679,31733,55,REVERSE_SIGNAL,1.498,2.996,-2.408,0.1,-2.508,-25.08,False,FETUSDT,1,TREND,BUY,31678,2026-06-22 12:15:00
0.1824,0.1788,31734,31802,69,TP,2.193,0.493,2.0,0.1,1.9,19.0,True,FETUSDT,1,TREND,SELL,31733,2026-06-22 16:50:00
0.1788,0.1752,31893,31895,3,TP,3.356,0.336,2.0,0.1,1.9,19.0,True,FETUSDT,1,TREND,SELL,31892,2026-06-23 06:05:00
0.172,0.1754,32239,32248,10,TP,2.093,0.523,2.0,0.07,1.93,19.3,True,FETUSDT,1,FADE,BUY,32238,2026-06-24 10:55:00
0.172,0.1754,32367,32395,29,TP,2.151,0.465,2.0,0.1,1.9,19.0,True,FETUSDT,1,TREND,BUY,32366,2026-06-24 21:35:00
0.1693,0.1727,32775,32870,96,TP,2.481,3.426,2.0,0.1,1.9,19.0,True,FETUSDT,1,TREND,BUY,32774,2026-06-26 07:35:00
0.1754,0.1719,33181,33206,26,TP,2.052,0.399,2.0,0.1,1.9,19.0,True,FETUSDT,1,TREND,SELL,33180,2026-06-27 17:25:00
0.1771,0.1806,33500,33579,80,TP,2.089,1.976,2.0,0.1,1.9,19.0,True,FETUSDT,1,TREND,BUY,33499,2026-06-28 20:00:00
0.174,0.1705,34061,34107,47,TP,2.05,0.019,2.0,0.07,1.93,19.3,True,FETUSDT,1,FADE,SELL,34046,2026-06-30 17:35:00
0.1851,0.1862,35015,35207,193,REVERSE_SIGNAL,1.602,1.26,0.576,0.07,0.506,5.06,True,FETUSDT,1,FADE,BUY,35012,2026-07-04 02:05:00
0.1887,0.1849,35226,35232,7,TP,2.049,0.018,2.0,0.07,1.93,19.3,True,FETUSDT,1,FADE,SELL,35207,2026-07-04 18:20:00
0.1791,0.1744,35543,35603,61,SL,1.005,3.629,-2.603,0.1,-2.703,-27.03,False,FETUSDT,1,TREND,BUY,35542,2026-07-05 22:15:00
0.1734,0.1699,35604,35666,63,TP,2.076,0.231,2.0,0.1,1.9,19.0,True,FETUSDT,1,TREND,SELL,35603,2026-07-06 03:20:00
0.1725,0.1759,35779,35816,38,TP,2.493,0.232,2.0,0.1,1.9,19.0,True,FETUSDT,1,TREND,BUY,35778,2026-07-06 17:55:00
0.1703,0.1669,35875,35899,25,TP,2.055,0.059,2.0,0.1,1.9,19.0,True,FETUSDT,1,TREND,SELL,35874,2026-07-07 01:55:00
0.1635,0.161,37183,37276,94,REVERSE_SIGNAL,1.738,0.402,1.554,0.07,1.484,14.84,True,FETUSDT,1,FADE,SELL,37178,2026-07-11 14:35:00
0.1562,0.1593,37838,37878,41,TP,2.372,0.701,2.0,0.07,1.93,19.3,True,FETUSDT,1,FADE,BUY,37828,2026-07-13 20:45:00
0.1635,0.1603,38314,38354,41,TP,2.166,0.28,2.0,0.07,1.93,19.3,True,FETUSDT,1,FADE,SELL,38313,2026-07-15 13:10:00
0.159,0.1603,38458,38618,161,REVERSE_SIGNAL,1.309,1.08,0.806,0.07,0.736,7.36,True,FETUSDT,1,FADE,BUY,38451,2026-07-16 00:40:00
0.1562,0.1593,38894,38900,7,TP,2.052,0.124,2.0,0.07,1.93,19.3,True,FETUSDT,1,FADE,BUY,38893,2026-07-17 13:30:00
0.1586,0.1582,39096,39298,203,REVERSE_SIGNAL,0.042,1.534,-0.273,0.07,-0.343,-3.43,False,FETUSDT,1,FADE,BUY,39095,2026-07-18 06:20:00
0.1508,0.1521,40904,41044,141,REVERSE_SIGNAL,1.218,0.507,0.886,0.07,0.816,8.16,True,FETUSDT,1,FADE,BUY,40903,2026-07-24 13:00:00
0.156,0.1579,41490,41592,103,REVERSE_SIGNAL,1.581,0.021,1.196,0.07,1.126,11.26,True,FETUSDT,1,FADE,BUY,41478,2026-07-26 12:55:00
0.1374,0.1401,42330,42577,248,TP,2.183,2.547,2.0,0.1,1.9,19.0,True,FETUSDT,1,TREND,BUY,42329,2026-07-29 11:50:00
0.1349,0.1376,44927,45065,139,TP,2.076,1.483,2.0,0.1,1.9,19.0,True,FETUSDT,1,TREND,BUY,44926,2026-08-07 12:15:00
0.1382,0.1359,45547,45638,92,REVERSE_SIGNAL,1.95,0.077,1.66,0.07,1.59,15.9,True,FETUSDT,1,FADE,SELL,45545,2026-08-09 15:50:00
0.1358,0.1331,45828,46019,192,TP,2.283,0.663,2.0,0.1,1.9,19.0,True,FETUSDT,1,TREND,SELL,45827,2026-08-10 15:20:00
0.1358,0.1341,46242,46418,177,REVERSE_SIGNAL,1.701,0.287,1.259,0.07,1.189,11.89,True,FETUSDT,1,FADE,SELL,46240,2026-08-12 01:45:00
0.1337,0.1353,46420,46555,136,REVERSE_SIGNAL,1.456,1.088,1.232,0.07,1.162,11.62,True,FETUSDT,1,FADE,BUY,46418,2026-08-12 16:35:00
0.1358,0.1345,46571,46705,135,REVERSE_SIGNAL,1.259,1.171,0.965,0.07,0.895,8.95,True,FETUSDT,1,FADE,SELL,46555,2026-08-13 04:00:00
0.1337,0.1363,46707,46809,103,TP,2.129,0.04,2.0,0.07,1.93,19.3,True,FETUSDT,1,FADE,BUY,46705,2026-08-13 16:30:00
0.135,0.1323,46986,47178,193,TP,2.0,0.296,2.0,0.1,1.9,19.0,True,FETUSDT,1,TREND,SELL,46985,2026-08-14 15:50:00
0.1202,0.1226,47982,48022,41,TP,2.046,0.865,2.0,0.07,1.93,19.3,True,FETUSDT,1,FADE,BUY,47974,2026-08-18 02:15:00
0.1673,0.164,49166,49167,2,TP,3.048,0.837,2.0,0.1,1.9,19.0,True,FETUSDT,1,TREND,SELL,49165,2026-08-22 05:30:00
0.1628,0.1661,49514,49524,11,TP,2.15,0.676,2.0,0.1,1.9,19.0,True,FETUSDT,1,TREND,BUY,49513,2026-08-23 10:30:00
0.1625,0.1682,49715,49816,102,SL,0.615,3.508,-3.5,0.1,-3.6,-36.0,False,FETUSDT,1,TREND,SELL,49714,2026-08-24 03:15:00
0.1689,0.1723,49826,49828,3,TP,2.013,0.237,2.0,0.1,1.9,19.0,True,FETUSDT,1,TREND,BUY,49825,2026-08-24 12:30:00
0.995,1.0149,349,367,19,TP,2.111,0.0,2.0,0.07,1.93,19.3,True,FILUSDT,1,FADE,BUY,335,2026-03-05 16:20:00
0.879,0.8966,1961,2014,54,TP,2.389,1.365,2.0,0.1,1.9,19.0,True,FILUSDT,1,TREND,BUY,1960,2026-03-11 07:45:00
0.869,0.879,2168,2440,273,REVERSE_SIGNAL,1.266,2.301,1.151,0.07,1.081,10.81,True,FILUSDT,1,FADE,BUY,2167,2026-03-12 01:00:00
0.879,0.8966,2441,2447,7,TP,2.275,0.683,2.0,0.1,1.9,19.0,True,FILUSDT,1,TREND,BUY,2440,2026-03-12 23:45:00
0.875,0.887,2680,2953,274,REVERSE_SIGNAL,1.714,1.486,-1.371,0.1,-1.471,-14.71,False,FILUSDT,1,TREND,SELL,2679,2026-03-13 19:40:00
0.9547,0.9738,3662,3682,21,TP,2.13,0.279,2.0,0.07,1.93,19.3,True,FILUSDT,1,FADE,BUY,3657,2026-03-17 05:10:00
0.945,0.9261,4026,4033,8,TP,2.434,0.212,2.0,0.1,1.9,19.0,True,FILUSDT,1,TREND,SELL,4025,2026-03-18 11:50:00
0.891,0.9088,5458,5503,46,TP,2.245,1.122,2.0,0.1,1.9,19.0,True,FILUSDT,1,TREND,BUY,5457,2026-03-23 11:10:00
0.91,0.8918,6216,6301,86,TP,2.308,0.549,2.0,0.1,1.9,19.0,True,FILUSDT,1,TREND,SELL,6215,2026-03-26 02:20:00
0.794,0.8218,7335,7372,38,SL,0.0,3.904,-3.5,0.1,-3.6,-36.0,False,FILUSDT,1,TREND,SELL,7334,2026-03-29 23:35:00
0.82,0.8364,7384,7401,18,TP,2.927,0.0,2.0,0.1,1.9,19.0,True,FILUSDT,1,TREND,BUY,7383,2026-03-30 03:40:00
0.827,0.8105,7523,7569,47,TP,2.056,0.726,2.0,0.1,1.9,19.0,True,FILUSDT,1,TREND,SELL,7522,2026-03-30 15:15:00
0.831,0.817,7657,7759,103,REVERSE_SIGNAL,1.444,1.805,-1.685,0.1,-1.785,-17.85,False,FILUSDT,1,TREND,BUY,7656,2026-03-31 02:25:00
0.809,0.8252,8235,8449,215,TP,2.101,1.483,2.0,0.07,1.93,19.3,True,FILUSDT,1,FADE,BUY,8221,2026-04-02 01:30:00
0.838,0.8548,9344,9390,47,TP,2.387,0.119,2.0,0.1,1.9,19.0,True,FILUSDT,1,TREND,BUY,9343,2026-04-05 23:00:00
0.872,0.8415,9764,9823,60,SL,0.0,3.555,-3.5,0.1,-3.6,-36.0,False,FILUSDT,1,TREND,BUY,9763,2026-04-07 10:00:00
0.8488,0.8658,9848,9875,28,TP,2.14,0.334,2.0,0.07,1.93,19.3,True,FILUSDT,1,FADE,BUY,9840,2026-04-07 16:25:00
0.874,0.8915,9890,9904,15,TP,2.975,0.458,2.0,0.1,1.9,19.0,True,FILUSDT,1,TREND,BUY,9889,2026-04-07 20:30:00
0.892,0.8742,10158,10236,79,TP,2.018,0.897,2.0,0.1,1.9,19.0,True,FILUSDT,1,TREND,SELL,10157,2026-04-08 18:50:00
0.9,0.918,10410,10486,77,TP,2.889,1.0,2.0,0.1,1.9,19.0,True,FILUSDT,1,TREND,BUY,10409,2026-04-09 15:50:00
0.8579,0.875,11360,11550,191,TP,2.229,0.685,2.0,0.07,1.93,19.3,True,FILUSDT,1,FADE,BUY,11359,2026-04-12 23:00:00
0.976,1.006,12582,12619,38,REVERSE_SIGNAL,0.717,3.381,-3.074,0.1,-3.174,-31.74,False,FILUSDT,1,TREND,SELL,12581,2026-04-17 04:50:00
0.905,0.9231,13911,13920,10,TP,2.099,0.0,2.0,0.07,1.93,19.3,True,FILUSDT,1,FADE,BUY,13894,2026-04-21 18:15:00
0.93,0.9114,15472,15586,115,TP,2.151,0.215,2.0,0.1,1.9,19.0,True,FILUSDT,1,TREND,SELL,15471,2026-04-27 05:40:00
0.905,0.9231,15849,15931,83,TP,2.099,0.0,2.0,0.07,1.93,19.3,True,FILUSDT,1,FADE,BUY,15836,2026-04-28 12:05:00
0.916,0.8977,16162,16174,13,TP,2.511,0.873,2.0,0.1,1.9,19.0,True,FILUSDT,1,TREND,SELL,16161,2026-04-29 15:10:00
0.9584,0.9392,17805,17907,103,TP,2.129,0.584,2.0,0.07,1.93,19.3,True,FILUSDT,1,FADE,SELL,17794,2026-05-05 07:15:00
1.103,1.0644,18282,18295,14,SL,1.995,3.536,-3.5,0.1,-3.6,-36.0,False,FILUSDT,1,TREND,BUY,18281,2026-05-06 23:50:00
1.229,1.2044,18979,19037,59,TP,2.034,0.488,2.0,0.1,1.9,19.0,True,FILUSDT,1,TREND,SELL,18978,2026-05-09 09:55:00
1.082,1.0604,20160,20162,3,TP,2.957,0.185,2.0,0.1,1.9,19.0,True,FILUSDT,1,TREND,SELL,20159,2026-05-13 12:20:00
1.059,1.041,20483,20642,160,REVERSE_SIGNAL,0.85,2.455,-1.7,0.1,-1.8,-18.0,False,FILUSDT,1,TREND,BUY,20482,2026-05-14 15:15:00
0.958,0.934,21334,21447,114,SL,1.461,5.95,-2.5,0.07,-2.57,-25.7,False,FILUSDT,1,FADE,BUY,21332,2026-05-17 14:05:00
0.958,0.9819,22095,22329,235,SL,1.67,2.505,-2.5,0.07,-2.57,-25.7,False,FILUSDT,1,FADE,SELL,22094,2026-05-20 05:35:00
1.003,1.0231,22530,22653,124,TP,2.094,0.897,2.0,0.1,1.9,19.0,True,FILUSDT,1,TREND,BUY,22529,2026-05-21 17:50:00
0.99,0.9702,22831,22837,7,TP,2.727,0.404,2.0,0.1,1.9,19.0,True,FILUSDT,1,TREND,SELL,22830,2026-05-22 18:55:00
0.955,0.9741,23073,23109,37,TP,2.199,0.524,2.0,0.1,1.9,19.0,True,FILUSDT,1,TREND,BUY,23072,2026-05-23 15:05:00
0.9677,0.9871,23773,23818,46,TP,2.196,0.181,2.0,0.07,1.93,19.3,True,FILUSDT,1,FADE,BUY,23767,2026-05-26 01:00:00
0.995,1.0149,23862,23885,24,TP,2.01,0.603,2.0,0.1,1.9,19.0,True,FILUSDT,1,TREND,BUY,23861,2026-05-26 08:50:00
1.035,1.0143,24338,24369,32,TP,2.126,2.319,2.0,0.1,1.9,19.0,True,FILUSDT,1,TREND,SELL,24337,2026-05-28 00:30:00
0.95,0.931,24753,24772,20,TP,2.105,0.316,2.0,0.1,1.9,19.0,True,FILUSDT,1,TREND,SELL,24752,2026-05-29 11:05:00
0.968,0.9486,25183,25365,183,TP,2.066,1.756,2.0,0.1,1.9,19.0,True,FILUSDT,1,TREND,SELL,25182,2026-05-30 22:55:00
0.95,0.92,25489,25576,88,REVERSE_SIGNAL,0.947,3.474,-3.158,0.1,-3.258,-32.58,False,FILUSDT,1,TREND,BUY,25488,2026-06-01 00:25:00
0.943,0.9619,25697,25717,21,TP,2.227,0.53,2.0,0.1,1.9,19.0,True,FILUSDT,1,TREND,BUY,25696,2026-06-01 17:45:00
0.929,0.9104,25850,25943,94,TP,2.26,1.722,2.0,0.1,1.9,19.0,True,FILUSDT,1,TREND,SELL,25849,2026-06-02 06:30:00
0.903,0.8849,26363,26369,7,TP,2.436,0.775,2.0,0.1,1.9,19.0,True,FILUSDT,1,TREND,SELL,26362,2026-06-04 01:15:00
0.855,0.8379,26616,26667,52,TP,2.924,2.339,2.0,0.1,1.9,19.0,True,FILUSDT,1,TREND,SELL,26615,2026-06-04 22:20:00
0.732,0.7466,27034,27226,193,TP,2.322,3.415,2.0,0.1,1.9,19.0,True,FILUSDT,1,TREND,BUY,27033,2026-06-06 09:10:00
0.7405,0.7553,27451,27461,11,TP,2.093,0.203,2.0,0.07,1.93,19.3,True,FILUSDT,1,FADE,BUY,27449,2026-06-07 19:50:00
0.773,0.7885,27483,27694,212,TP,2.329,2.458,2.0,0.1,1.9,19.0,True,FILUSDT,1,TREND,BUY,27482,2026-06-07 22:35:00
0.756,0.7409,27795,27986,192,TP,2.116,3.439,2.0,0.1,1.9,19.0,True,FILUSDT,1,TREND,SELL,27794,2026-06-09 00:35:00
0.779,0.7946,29485,29489,5,TP,2.182,0.128,2.0,0.1,1.9,19.0,True,FILUSDT,1,TREND,BUY,29484,2026-06-14 21:25:00
0.811,0.7826,29911,29974,64,SL,0.0,3.946,-3.5,0.1,-3.6,-36.0,False,FILUSDT,1,TREND,BUY,29910,2026-06-16 08:55:00
0.789,0.8048,30840,30857,18,TP,2.028,0.507,2.0,0.1,1.9,19.0,True,FILUSDT,1,TREND,BUY,30839,2026-06-19 14:20:00
0.779,0.7946,31990,32062,73,TP,2.311,2.311,2.0,0.1,1.9,19.0,True,FILUSDT,1,TREND,BUY,31989,2026-06-23 14:10:00
0.742,0.7568,32370,32371,2,TP,2.291,0.0,2.0,0.1,1.9,19.0,True,FILUSDT,1,TREND,BUY,32369,2026-06-24 21:50:00
0.718,0.7036,32561,32561,1,TP,2.228,0.279,2.0,0.1,1.9,19.0,True,FILUSDT,1,TREND,SELL,32560,2026-06-25 13:45:00
0.741,0.7151,32774,32835,62,SL,0.54,4.318,-3.5,0.1,-3.6,-36.0,False,FILUSDT,1,TREND,BUY,32773,2026-06-26 07:30:00
0.715,0.74,32837,32875,39,SL,0.979,3.916,-3.5,0.1,-3.6,-36.0,False,FILUSDT,1,TREND,SELL,32836,2026-06-26 12:45:00
0.751,0.73,32891,33206,316,REVERSE_SIGNAL,0.932,3.063,-2.796,0.1,-2.896,-28.96,False,FILUSDT,1,TREND,BUY,32890,2026-06-26 17:15:00
0.746,0.7311,33757,33799,43,TP,2.547,0.134,2.0,0.07,1.93,19.3,True,FILUSDT,1,FADE,SELL,33755,2026-06-29 17:20:00
0.736,0.7213,34170,34199,30,TP,2.038,0.272,2.0,0.07,1.93,19.3,True,FILUSDT,1,FADE,SELL,34164,2026-07-01 03:25:00
0.782,0.7976,35301,35531,231,TP,2.813,1.023,2.0,0.07,1.93,19.3,True,FILUSDT,1,FADE,BUY,35291,2026-07-05 01:20:00
0.8059,0.7898,35544,35603,60,TP,2.096,0.138,2.0,0.07,1.93,19.3,True,FILUSDT,1,FADE,SELL,35531,2026-07-05 21:20:00
0.8059,0.7898,35758,35863,106,TP,2.096,1.131,2.0,0.07,1.93,19.3,True,FILUSDT,1,FADE,SELL,35756,2026-07-06 16:05:00
0.782,0.795,35890,36042,153,REVERSE_SIGNAL,1.279,1.918,-1.662,0.1,-1.762,-17.62,False,FILUSDT,1,TREND,SELL,35889,2026-07-07 03:10:00
0.7738,0.7545,36115,36169,55,SL,1.189,2.688,-2.5,0.07,-2.57,-25.7,False,FILUSDT,1,FADE,BUY,36100,2026-07-07 20:45:00
0.788,0.7928,36955,37166,212,REVERSE_SIGNAL,0.93,0.72,0.612,0.07,0.542,5.42,True,FILUSDT,1,FADE,BUY,36954,2026-07-10 19:55:00
0.7711,0.7865,37286,37342,57,TP,2.049,0.713,2.0,0.07,1.93,19.3,True,FILUSDT,1,FADE,BUY,37273,2026-07-11 22:30:00
0.7513,0.7403,41642,41712,71,REVERSE_SIGNAL,1.709,0.607,1.469,0.07,1.399,13.99,True,FILUSDT,1,FADE,SELL,41636,2026-07-27 02:05:00
0.7129,0.7183,43648,43789,142,REVERSE_SIGNAL,1.383,1.31,0.752,0.07,0.682,6.82,True,FILUSDT,1,FADE,BUY,43647,2026-08-03 01:40:00
0.7216,0.7122,44183,44248,66,REVERSE_SIGNAL,1.538,0.513,1.303,0.07,1.233,12.33,True,FILUSDT,1,FADE,SELL,44173,2026-08-04 21:30:00
0.7121,0.72,44249,44384,136,REVERSE_SIGNAL,1.236,1.194,1.109,0.07,1.039,10.39,True,FILUSDT,1,FADE,BUY,44248,2026-08-05 03:45:00
0.7216,0.7104,44390,44517,128,REVERSE_SIGNAL,1.594,1.275,1.552,0.07,1.482,14.82,True,FILUSDT,1,FADE,SELL,44384,2026-08-05 15:05:00
0.7033,0.7174,44686,44689,4,TP,2.417,0.057,2.0,0.1,1.9,19.0,True,FILUSDT,1,TREND,BUY,44685,2026-08-06 16:10:00
0.7153,0.701,45621,45629,9,TP,2.375,0.239,2.0,0.07,1.93,19.3,True,FILUSDT,1,FADE,SELL,45619,2026-08-09 22:00:00
0.7153,0.701,46173,46297,125,TP,2.054,0.309,2.0,0.07,1.93,19.3,True,FILUSDT,1,FADE,SELL,46171,2026-08-11 20:00:00
0.6851,0.6817,47305,47491,187,REVERSE_SIGNAL,0.506,2.063,-0.501,0.07,-0.571,-5.71,False,FILUSDT,1,FADE,BUY,47302,2026-08-15 18:15:00
0.6829,0.6966,48627,48689,63,TP,2.284,0.22,2.0,0.1,1.9,19.0,True,FILUSDT,1,TREND,BUY,48626,2026-08-20 08:35:00
0.7919,0.7761,49165,49165,1,TP,2.26,1.162,2.0,0.1,1.9,19.0,True,FILUSDT,1,TREND,SELL,49164,2026-08-22 05:25:00
0.7646,0.7799,49525,49552,28,TP,2.027,0.798,2.0,0.1,1.9,19.0,True,FILUSDT,1,TREND,BUY,49524,2026-08-23 11:25:00
0.7574,0.7423,49702,49776,75,TP,2.139,1.518,2.0,0.1,1.9,19.0,True,FILUSDT,1,TREND,SELL,49701,2026-08-24 02:10:00
0.7705,0.765,49861,49999,139,REVERSE_SIGNAL,0.182,3.206,-0.714,0.1,-0.814,-8.14,False,FILUSDT,1,TREND,BUY,49860,2026-08-24 15:25:00
3.0568,3.118,182,265,84,TP,2.394,0.06,2.0,0.07,1.93,19.3,True,INJUSDT,1,FADE,BUY,181,2026-03-05 03:30:00
2.7878,2.8436,1202,1235,34,TP,2.303,0.029,2.0,0.07,1.93,19.3,True,INJUSDT,1,FADE,BUY,1191,2026-03-08 15:40:00
2.849,2.906,1334,1360,27,TP,2.246,0.562,2.0,0.1,1.9,19.0,True,INJUSDT,1,TREND,BUY,1333,2026-03-09 03:30:00
2.9216,2.9801,1840,2017,178,TP,2.375,0.911,2.0,0.07,1.93,19.3,True,INJUSDT,1,FADE,BUY,1836,2026-03-10 21:25:00
2.9932,3.0531,5035,5042,8,TP,2.064,1.043,2.0,0.07,1.93,19.3,True,INJUSDT,1,FADE,BUY,5034,2026-03-21 23:55:00
2.9216,2.9801,5411,5456,46,TP,4.77,0.843,2.0,0.07,1.93,19.3,True,INJUSDT,1,FADE,BUY,5410,2026-03-23 07:15:00
2.9096,2.869,6946,7027,82,REVERSE_SIGNAL,1.601,0.633,1.395,0.07,1.325,13.25,True,INJUSDT,1,FADE,SELL,6939,2026-03-28 14:40:00
2.9096,2.884,7835,8141,307,REVERSE_SIGNAL,1.945,1.836,0.879,0.07,0.809,8.09,True,INJUSDT,1,FADE,SELL,7833,2026-03-31 17:10:00
3.3707,3.4381,12608,12682,75,TP,2.532,0.346,2.0,0.07,1.93,19.3,True,INJUSDT,1,FADE,BUY,12607,2026-04-17 07:00:00
3.458,3.361,12688,12769,82,REVERSE_SIGNAL,1.186,2.979,-2.805,0.1,-2.905,-29.05,False,INJUSDT,1,TREND,BUY,12687,2026-04-17 13:40:00
3.234,3.1693,13305,13366,62,TP,2.01,1.082,2.0,0.1,1.9,19.0,True,INJUSDT,1,TREND,SELL,13304,2026-04-19 17:05:00
3.3077,3.257,13791,13838,48,REVERSE_SIGNAL,1.625,0.884,1.534,0.07,1.464,14.64,True,INJUSDT,1,FADE,SELL,13788,2026-04-21 09:25:00
3.504,3.574,15066,15174,109,REVERSE_SIGNAL,0.143,2.568,-1.998,0.1,-2.098,-20.98,False,INJUSDT,1,TREND,SELL,15065,2026-04-25 19:50:00
3.756,3.8311,15351,15361,11,TP,2.023,0.879,2.0,0.1,1.9,19.0,True,INJUSDT,1,TREND,BUY,15350,2026-04-26 19:35:00
3.679,3.6054,15489,15542,54,TP,2.501,0.979,2.0,0.1,1.9,19.0,True,INJUSDT,1,TREND,SELL,15488,2026-04-27 07:05:00
3.6304,3.5578,15700,15778,79,TP,2.297,0.761,2.0,0.07,1.93,19.3,True,INJUSDT,1,FADE,SELL,15694,2026-04-28 00:15:00
3.4326,3.476,16486,16598,113,REVERSE_SIGNAL,1.671,0.921,1.264,0.07,1.194,11.94,True,INJUSDT,1,FADE,BUY,16485,2026-04-30 18:10:00
3.7273,3.788,17159,17305,147,REVERSE_SIGNAL,1.736,0.679,1.629,0.07,1.559,15.59,True,INJUSDT,1,FADE,BUY,17157,2026-05-03 02:10:00
3.9068,3.8287,18388,18457,70,TP,2.223,1.182,2.0,0.07,1.93,19.3,True,INJUSDT,1,FADE,SELL,18375,2026-05-07 07:40:00
3.8171,3.8934,18475,18623,149,TP,2.119,0.527,2.0,0.07,1.93,19.3,True,INJUSDT,1,FADE,BUY,18474,2026-05-07 15:55:00
3.9068,4.0045,18633,18665,33,SL,1.25,2.82,-2.5,0.07,-2.57,-25.7,False,INJUSDT,1,FADE,SELL,18625,2026-05-08 04:30:00
4.1764,4.2599,19478,19500,23,TP,2.169,0.177,2.0,0.07,1.93,19.3,True,INJUSDT,1,FADE,BUY,19468,2026-05-11 02:45:00
4.332,4.4186,19535,19567,33,TP,2.054,0.6,2.0,0.1,1.9,19.0,True,INJUSDT,1,TREND,BUY,19534,2026-05-11 08:15:00
5.371,5.2636,20211,20222,12,TP,2.178,0.41,2.0,0.1,1.9,19.0,True,INJUSDT,1,TREND,SELL,20210,2026-05-13 16:35:00
4.701,4.795,21076,21092,17,TP,2.063,0.0,2.0,0.1,1.9,19.0,True,INJUSDT,1,TREND,BUY,21075,2026-05-16 16:40:00
4.628,4.7206,21187,21207,21,TP,2.01,0.303,2.0,0.07,1.93,19.3,True,INJUSDT,1,FADE,BUY,21185,2026-05-17 01:50:00
4.773,4.8685,21219,21223,5,TP,2.535,0.042,2.0,0.1,1.9,19.0,True,INJUSDT,1,TREND,BUY,21218,2026-05-17 04:35:00
4.735,4.6403,21329,21439,111,TP,2.175,1.098,2.0,0.1,1.9,19.0,True,INJUSDT,1,TREND,SELL,21328,2026-05-17 13:45:00
5.006,4.9059,21821,21879,59,TP,2.058,0.419,2.0,0.1,1.9,19.0,True,INJUSDT,1,TREND,SELL,21820,2026-05-19 06:45:00
5.092,4.9902,22099,22108,10,TP,2.062,0.118,2.0,0.07,1.93,19.3,True,INJUSDT,1,FADE,SELL,22095,2026-05-20 05:40:00
4.797,4.9649,22292,22364,73,SL,1.105,3.794,-3.5,0.1,-3.6,-36.0,False,INJUSDT,1,TREND,SELL,22291,2026-05-20 22:00:00
5.006,5.1061,22370,22498,129,TP,2.097,3.456,2.0,0.1,1.9,19.0,True,INJUSDT,1,TREND,BUY,22369,2026-05-21 04:30:00
5.073,5.1745,22670,22697,28,TP,2.484,0.434,2.0,0.07,1.93,19.3,True,INJUSDT,1,FADE,BUY,22667,2026-05-22 05:20:00
5.259,5.3642,22712,22730,19,TP,2.016,0.513,2.0,0.1,1.9,19.0,True,INJUSDT,1,TREND,BUY,22711,2026-05-22 09:00:00
5.171,5.352,22893,22931,39,SL,1.76,3.52,-3.5,0.1,-3.6,-36.0,False,INJUSDT,1,TREND,SELL,22892,2026-05-23 00:05:00
5.087,5.1887,23052,23075,24,TP,2.595,2.005,2.0,0.1,1.9,19.0,True,INJUSDT,1,TREND,BUY,23051,2026-05-23 13:20:00
5.217,5.1127,23212,23239,28,TP,2.032,1.227,2.0,0.1,1.9,19.0,True,INJUSDT,1,TREND,SELL,23211,2026-05-24 02:40:00
5.2713,5.1658,23400,23414,15,TP,2.68,0.261,2.0,0.07,1.93,19.3,True,INJUSDT,1,FADE,SELL,23399,2026-05-24 18:20:00
5.123,5.2168,23458,23528,71,SL,1.718,1.874,-1.831,0.1,-1.931,-19.31,False,INJUSDT,1,TREND,SELL,23457,2026-05-24 23:10:00
5.2713,5.1658,23540,23545,6,TP,2.073,0.337,2.0,0.07,1.93,19.3,True,INJUSDT,1,FADE,SELL,23536,2026-05-25 05:45:00
5.484,5.6759,23847,23885,39,SL,0.547,3.702,-3.5,0.1,-3.6,-36.0,False,INJUSDT,1,TREND,SELL,23846,2026-05-26 07:35:00
5.802,5.918,23894,23917,24,TP,2.085,1.12,2.0,0.1,1.9,19.0,True,INJUSDT,1,TREND,BUY,23893,2026-05-26 11:30:00
5.821,5.9374,24130,24141,12,TP,2.113,0.945,2.0,0.1,1.9,19.0,True,INJUSDT,1,TREND,BUY,24129,2026-05-27 07:10:00
5.552,5.663,24215,24222,8,TP,2.035,0.36,2.0,0.07,1.93,19.3,True,INJUSDT,1,FADE,BUY,24208,2026-05-27 13:45:00
5.579,5.3837,24421,24433,13,SL,0.914,3.71,-3.5,0.1,-3.6,-36.0,False,INJUSDT,1,TREND,BUY,24420,2026-05-28 07:25:00
5.312,5.4912,24504,24544,41,SL,1.035,3.709,-3.374,0.1,-3.474,-34.74,False,INJUSDT,1,TREND,SELL,24503,2026-05-28 14:20:00
6.919,7.1086,25786,25805,20,SL,1.214,2.934,-2.741,0.1,-2.841,-28.41,False,INJUSDT,1,TREND,SELL,25785,2026-06-02 01:10:00
6.811,6.6748,25961,25992,32,TP,2.423,3.201,2.0,0.1,1.9,19.0,True,INJUSDT,1,TREND,SELL,25960,2026-06-02 15:45:00
6.812,6.9482,26140,26149,10,TP,2.422,0.94,2.0,0.1,1.9,19.0,True,INJUSDT,1,TREND,BUY,26139,2026-06-03 06:40:00
4.869,5.0394,26980,26987,8,SL,0.678,4.313,-3.5,0.1,-3.6,-36.0,False,INJUSDT,1,TREND,SELL,26979,2026-06-06 04:40:00
5.285,5.3907,27026,27036,11,TP,2.725,0.303,2.0,0.1,1.9,19.0,True,INJUSDT,1,TREND,BUY,27025,2026-06-06 08:30:00
5.0193,5.1196,27163,27181,19,TP,2.007,0.264,2.0,0.07,1.93,19.3,True,INJUSDT,1,FADE,BUY,27160,2026-06-06 19:45:00
5.283,5.3887,27228,27273,46,TP,2.555,1.022,2.0,0.1,1.9,19.0,True,INJUSDT,1,TREND,BUY,27227,2026-06-07 01:20:00
5.189,5.0852,27344,27359,16,TP,2.004,1.118,2.0,0.1,1.9,19.0,True,INJUSDT,1,TREND,SELL,27343,2026-06-07 11:00:00
5.346,5.4529,27393,27477,85,TP,2.862,3.255,2.0,0.1,1.9,19.0,True,INJUSDT,1,TREND,BUY,27392,2026-06-07 15:05:00
5.535,5.7287,27794,27893,100,SL,1.951,3.776,-3.5,0.1,-3.6,-36.0,False,INJUSDT,1,TREND,SELL,27793,2026-06-09 00:30:00
5.72,5.8344,27896,27956,61,TP,2.115,1.521,2.0,0.1,1.9,19.0,True,INJUSDT,1,TREND,BUY,27895,2026-06-09 09:00:00
5.4165,5.5248,27986,27992,7,TP,2.022,0.194,2.0,0.07,1.93,19.3,True,INJUSDT,1,FADE,BUY,27984,2026-06-09 16:25:00
5.326,5.1396,28269,28278,10,SL,0.0,3.586,-3.5,0.1,-3.6,-36.0,False,INJUSDT,1,TREND,BUY,28268,2026-06-10 16:05:00
4.995,4.8951,28328,28337,10,TP,2.202,0.0,2.0,0.1,1.9,19.0,True,INJUSDT,1,TREND,SELL,28327,2026-06-10 21:00:00
5.208,5.3122,28414,28424,11,TP,2.266,0.211,2.0,0.1,1.9,19.0,True,INJUSDT,1,TREND,BUY,28413,2026-06-11 04:10:00
5.328,5.4346,28595,28617,23,TP,2.346,1.351,2.0,0.1,1.9,19.0,True,INJUSDT,1,TREND,BUY,28594,2026-06-11 19:15:00
5.364,5.2567,28790,28815,26,TP,3.729,0.503,2.0,0.1,1.9,19.0,True,INJUSDT,1,TREND,SELL,28789,2026-06-12 11:30:00
5.295,5.144,29033,29286,254,REVERSE_SIGNAL,1.114,2.984,-2.852,0.1,-2.952,-29.52,False,INJUSDT,1,TREND,BUY,29032,2026-06-13 07:45:00
5.116,4.9881,29289,29402,114,SL,1.271,2.658,-2.5,0.07,-2.57,-25.7,False,INJUSDT,1,FADE,BUY,29286,2026-06-14 04:55:00
5.5432,5.6541,30001,30009,9,TP,2.341,0.419,2.0,0.07,1.93,19.3,True,INJUSDT,1,FADE,BUY,29994,2026-06-16 15:55:00
5.335,5.1483,30625,30706,82,SL,1.612,4.292,-3.5,0.1,-3.6,-36.0,False,INJUSDT,1,TREND,BUY,30624,2026-06-18 20:25:00
5.046,5.1469,30722,30832,111,TP,2.378,1.288,2.0,0.07,1.93,19.3,True,INJUSDT,1,FADE,BUY,30710,2026-06-19 03:35:00
4.894,4.9919,31124,31132,9,TP,3.269,0.184,2.0,0.07,1.93,19.3,True,INJUSDT,1,FADE,BUY,31117,2026-06-20 13:30:00
4.9612,4.8372,31389,31496,108,SL,1.305,4.318,-2.5,0.07,-2.57,-25.7,False,INJUSDT,1,FADE,BUY,31384,2026-06-21 11:45:00
4.26,4.1109,32514,32561,48,SL,1.972,4.202,-3.5,0.1,-3.6,-36.0,False,INJUSDT,1,TREND,BUY,32513,2026-06-25 09:50:00
4.138,4.2828,32606,32660,55,SL,0.121,3.722,-3.5,0.1,-3.6,-36.0,False,INJUSDT,1,TREND,SELL,32605,2026-06-25 17:30:00
4.316,4.4023,32688,32723,36,TP,2.479,3.174,2.0,0.1,1.9,19.0,True,INJUSDT,1,TREND,BUY,32687,2026-06-26 00:20:00
4.846,4.7491,33118,33204,87,TP,2.497,2.806,2.0,0.1,1.9,19.0,True,INJUSDT,1,TREND,SELL,33117,2026-06-27 12:10:00
4.657,4.7501,33629,33645,17,TP,2.212,0.0,2.0,0.1,1.9,19.0,True,INJUSDT,1,TREND,BUY,33628,2026-06-29 06:45:00
4.656,4.5629,33943,33971,29,TP,2.491,0.322,2.0,0.1,1.9,19.0,True,INJUSDT,1,TREND,SELL,33942,2026-06-30 08:55:00
4.658,4.7512,34161,34294,134,TP,2.168,1.632,2.0,0.1,1.9,19.0,True,INJUSDT,1,TREND,BUY,34160,2026-07-01 03:05:00
4.579,4.4874,34401,34408,8,TP,2.009,0.393,2.0,0.1,1.9,19.0,True,INJUSDT,1,TREND,SELL,34400,2026-07-01 23:05:00
4.648,4.741,34574,34703,130,TP,2.13,1.355,2.0,0.1,1.9,19.0,True,INJUSDT,1,TREND,BUY,34573,2026-07-02 13:30:00
4.7585,4.8537,35103,35168,66,TP,2.07,0.284,2.0,0.07,1.93,19.3,True,INJUSDT,1,FADE,BUY,35083,2026-07-04 08:00:00
4.8758,4.7782,35202,35279,78,TP,2.066,0.087,2.0,0.07,1.93,19.3,True,INJUSDT,1,FADE,SELL,35201,2026-07-04 17:50:00
4.961,4.8618,35783,35796,14,TP,2.197,0.524,2.0,0.07,1.93,19.3,True,INJUSDT,1,FADE,SELL,35769,2026-07-06 17:10:00
4.867,4.66,36047,36115,69,SL,0.431,5.013,-4.253,0.1,-4.353,-43.53,False,INJUSDT,1,TREND,BUY,36046,2026-07-07 16:15:00
4.698,4.604,36118,36254,137,TP,2.043,1.575,2.0,0.1,1.9,19.0,True,INJUSDT,1,TREND,SELL,36117,2026-07-07 22:10:00
4.957,4.8579,37285,37300,16,TP,2.017,0.323,2.0,0.1,1.9,19.0,True,INJUSDT,1,TREND,SELL,37284,2026-07-11 23:25:00
4.7013,4.734,37621,37906,286,REVERSE_SIGNAL,1.971,1.921,0.695,0.07,0.625,6.25,True,INJUSDT,1,FADE,BUY,37607,2026-07-13 02:20:00
4.734,4.8287,37907,37919,13,TP,2.366,0.296,2.0,0.1,1.9,19.0,True,INJUSDT,1,TREND,BUY,37906,2026-07-14 03:15:00
4.94,5.02,38218,38292,75,REVERSE_SIGNAL,1.66,0.972,1.619,0.07,1.549,15.49,True,INJUSDT,1,FADE,BUY,38216,2026-07-15 05:05:00
5.3871,5.2794,40211,40247,37,TP,3.418,0.721,2.0,0.07,1.93,19.3,True,INJUSDT,1,FADE,SELL,40208,2026-07-22 03:05:00
5.212,5.1078,40248,40484,237,TP,2.053,1.113,2.0,0.1,1.9,19.0,True,INJUSDT,1,TREND,SELL,40247,2026-07-22 06:20:00
5.1927,5.0888,40587,40674,88,TP,2.15,0.334,2.0,0.07,1.93,19.3,True,INJUSDT,1,FADE,SELL,40570,2026-07-23 09:15:00
5.226,5.1215,40907,40919,13,TP,2.086,0.21,2.0,0.1,1.9,19.0,True,INJUSDT,1,TREND,SELL,40906,2026-07-24 13:15:00
5.2,5.096,41139,41208,70,TP,2.019,0.846,2.0,0.1,1.9,19.0,True,INJUSDT,1,TREND,SELL,41138,2026-07-25 08:35:00
4.843,4.87,42898,43065,168,REVERSE_SIGNAL,1.838,0.929,-0.558,0.1,-0.658,-6.58,False,INJUSDT,1,TREND,SELL,42897,2026-07-31 11:10:00
4.904,5.0266,43085,43562,478,SL,1.856,3.385,-2.5,0.07,-2.57,-25.7,False,INJUSDT,1,FADE,SELL,43065,2026-08-01 01:10:00
5.0337,4.972,43959,44029,71,REVERSE_SIGNAL,1.405,0.045,1.226,0.07,1.156,11.56,True,INJUSDT,1,FADE,SELL,43944,2026-08-04 02:25:00
4.8391,4.7181,44479,44537,59,SL,0.949,3.019,-2.5,0.07,-2.57,-25.7,False,INJUSDT,1,FADE,BUY,44469,2026-08-05 22:10:00
4.5309,4.475,45077,45144,68,REVERSE_SIGNAL,1.345,0.929,1.234,0.07,1.164,11.64,True,INJUSDT,1,FADE,SELL,45075,2026-08-08 00:40:00
4.4627,4.3511,45147,45199,53,SL,0.881,2.704,-2.5,0.07,-2.57,-25.7,False,INJUSDT,1,FADE,BUY,45144,2026-08-08 06:25:00
4.4572,4.404,45729,45912,184,REVERSE_SIGNAL,1.934,1.678,1.194,0.07,1.124,11.24,True,INJUSDT,1,FADE,SELL,45712,2026-08-10 05:45:00
4.548,4.617,46375,46442,68,REVERSE_SIGNAL,0.901,1.539,-1.517,0.1,-1.617,-16.17,False,INJUSDT,1,TREND,SELL,46374,2026-08-12 12:55:00
4.0435,4.1244,47631,47692,62,TP,2.189,0.309,2.0,0.07,1.93,19.3,True,INJUSDT,1,FADE,BUY,47624,2026-08-16 21:05:00
4.0753,4.1772,48092,48310,219,SL,1.088,2.544,-2.5,0.07,-2.57,-25.7,False,INJUSDT,1,FADE,SELL,48091,2026-08-18 12:00:00
4.692,4.7882,48748,48879,132,SL,0.107,2.11,-2.05,0.1,-2.15,-21.5,False,INJUSDT,1,TREND,SELL,48747,2026-08-20 18:40:00
4.811,4.9072,48888,48906,19,TP,2.099,0.416,2.0,0.1,1.9,19.0,True,INJUSDT,1,TREND,BUY,48887,2026-08-21 06:20:00
4.905,4.8069,49168,49219,52,TP,2.589,1.937,2.0,0.1,1.9,19.0,True,INJUSDT,1,TREND,SELL,49167,2026-08-22 05:40:00
4.788,4.9556,49448,49506,59,SL,1.232,3.53,-3.5,0.1,-3.6,-36.0,False,INJUSDT,1,TREND,SELL,49447,2026-08-23 05:00:00
4.985,5.0847,49512,49527,16,TP,2.146,0.582,2.0,0.1,1.9,19.0,True,INJUSDT,1,TREND,BUY,49511,2026-08-23 10:20:00
9.426,9.0961,273,333,61,SL,0.594,3.522,-3.5,0.1,-3.6,-36.0,False,LINKUSDT,1,TREND,BUY,272,2026-03-05 11:00:00
8.8275,8.6509,1360,1379,20,TP,2.101,0.527,2.0,0.07,1.93,19.3,True,LINKUSDT,1,FADE,SELL,1346,2026-03-09 04:30:00
9.1312,8.9486,2031,2054,24,TP,2.609,0.403,2.0,0.07,1.93,19.3,True,LINKUSDT,1,FADE,SELL,2030,2026-03-11 13:30:00
8.8793,9.002,2188,2279,92,REVERSE_SIGNAL,1.877,0.601,1.381,0.07,1.311,13.11,True,LINKUSDT,1,FADE,BUY,2177,2026-03-12 01:45:00
9.151,8.968,2657,2811,155,TP,2.087,0.514,2.0,0.1,1.9,19.0,True,LINKUSDT,1,TREND,SELL,2656,2026-03-13 17:40:00
9.9073,9.732,3814,4016,203,REVERSE_SIGNAL,1.84,0.148,1.77,0.07,1.7,17.0,True,LINKUSDT,1,FADE,SELL,3810,2026-03-17 17:50:00
9.005,9.134,4649,4734,86,REVERSE_SIGNAL,1.732,0.589,1.433,0.07,1.363,13.63,True,LINKUSDT,1,FADE,BUY,4648,2026-03-20 15:40:00
9.132,9.097,5459,5814,356,REVERSE_SIGNAL,1.686,2.519,-0.383,0.1,-0.483,-4.83,False,LINKUSDT,1,TREND,BUY,5458,2026-03-23 11:10:00
8.4945,8.6644,6889,6928,40,TP,2.113,0.241,2.0,0.07,1.93,19.3,True,LINKUSDT,1,FADE,BUY,6880,2026-03-28 09:40:00
8.553,8.7241,7366,7401,36,TP,2.046,0.246,2.0,0.1,1.9,19.0,True,LINKUSDT,1,TREND,BUY,7365,2026-03-30 02:05:00
8.6189,8.709,8782,8978,197,REVERSE_SIGNAL,1.174,0.161,1.046,0.07,0.976,9.76,True,LINKUSDT,1,FADE,BUY,8774,2026-04-03 23:30:00
9.003,8.8229,10107,10223,117,TP,2.077,1.233,2.0,0.1,1.9,19.0,True,LINKUSDT,1,TREND,SELL,10106,2026-04-08 14:30:00
8.941,9.1198,10411,10487,77,TP,2.707,0.906,2.0,0.1,1.9,19.0,True,LINKUSDT,1,TREND,BUY,10410,2026-04-09 15:50:00
8.8185,8.725,11343,11466,124,REVERSE_SIGNAL,1.276,0.164,1.06,0.07,0.99,9.9,True,LINKUSDT,1,FADE,SELL,11340,2026-04-12 21:20:00
8.7049,8.864,11475,11548,74,REVERSE_SIGNAL,1.908,0.309,1.828,0.07,1.758,17.58,True,LINKUSDT,1,FADE,BUY,11466,2026-04-13 07:50:00
8.864,9.0413,11549,11637,89,TP,2.403,1.038,2.0,0.1,1.9,19.0,True,LINKUSDT,1,TREND,BUY,11548,2026-04-13 14:40:00
9.1165,9.137,11809,12090,282,REVERSE_SIGNAL,1.936,2.133,0.225,0.07,0.155,1.55,True,LINKUSDT,1,FADE,BUY,11790,2026-04-14 10:50:00
9.3356,9.1489,13260,13314,55,TP,2.267,0.368,2.0,0.07,1.93,19.3,True,LINKUSDT,1,FADE,SELL,13246,2026-04-19 12:10:00
9.1195,9.3019,13322,13476,155,TP,2.626,1.387,2.0,0.07,1.93,19.3,True,LINKUSDT,1,FADE,BUY,13321,2026-04-19 18:25:00
9.3887,9.343,14698,15017,320,REVERSE_SIGNAL,1.072,0.579,0.486,0.07,0.416,4.16,True,LINKUSDT,1,FADE,SELL,14678,2026-04-24 11:30:00
9.3705,9.268,16036,16132,97,REVERSE_SIGNAL,1.457,0.464,1.094,0.07,1.024,10.24,True,LINKUSDT,1,FADE,SELL,16022,2026-04-29 03:30:00
9.0959,9.145,16806,17025,220,REVERSE_SIGNAL,0.562,0.395,0.54,0.07,0.47,4.7,True,LINKUSDT,1,FADE,BUY,16803,2026-05-01 20:35:00
9.0959,9.142,17151,17254,104,REVERSE_SIGNAL,0.595,0.362,0.507,0.07,0.437,4.37,True,LINKUSDT,1,FADE,BUY,17148,2026-05-03 01:20:00
10.0838,9.8821,18370,18458,89,TP,2.209,0.449,2.0,0.07,1.93,19.3,True,LINKUSDT,1,FADE,SELL,18368,2026-05-07 07:00:00
10.357,10.1499,20163,20177,15,TP,2.124,0.145,2.0,0.1,1.9,19.0,True,LINKUSDT,1,TREND,SELL,20162,2026-05-13 12:30:00
9.634,9.769,21184,21216,33,REVERSE_SIGNAL,1.443,0.125,1.401,0.07,1.331,13.31,True,LINKUSDT,1,FADE,BUY,21179,2026-05-17 01:15:00
9.8,9.712,21225,21357,133,REVERSE_SIGNAL,1.541,0.49,0.898,0.07,0.828,8.28,True,LINKUSDT,1,FADE,SELL,21216,2026-05-17 04:20:00
9.591,9.3992,21604,21626,23,TP,2.117,0.115,2.0,0.07,1.93,19.3,True,LINKUSDT,1,FADE,SELL,21603,2026-05-18 12:35:00
9.3399,9.5267,21638,21690,53,TP,2.036,0.448,2.0,0.07,1.93,19.3,True,LINKUSDT,1,FADE,BUY,21633,2026-05-18 15:05:00
9.8386,9.763,22530,22803,274,REVERSE_SIGNAL,1.51,1.956,0.768,0.07,0.698,6.98,True,LINKUSDT,1,FADE,SELL,22527,2026-05-21 17:35:00
9.763,9.5677,22804,22829,26,TP,2.581,0.942,2.0,0.1,1.9,19.0,True,LINKUSDT,1,TREND,SELL,22803,2026-05-22 16:35:00
9.3475,9.1138,23986,24325,340,SL,1.417,2.648,-2.5,0.07,-2.57,-25.7,False,LINKUSDT,1,FADE,BUY,23966,2026-05-26 17:30:00
8.9467,9.1257,24676,24807,132,TP,2.048,1.808,2.0,0.07,1.93,19.3,True,LINKUSDT,1,FADE,BUY,24675,2026-05-29 04:35:00
9.0661,9.2928,24811,24945,135,SL,1.678,2.69,-2.5,0.07,-2.57,-25.7,False,LINKUSDT,1,FADE,SELL,24810,2026-05-29 15:50:00
8.333,8.1663,26255,26309,55,TP,2.208,0.516,2.0,0.1,1.9,19.0,True,LINKUSDT,1,TREND,SELL,26254,2026-06-03 16:10:00
7.172,7.0286,26974,26978,5,TP,2.273,0.265,2.0,0.1,1.9,19.0,True,LINKUSDT,1,TREND,SELL,26973,2026-06-06 04:05:00
7.4425,7.2936,27030,27044,15,TP,2.909,0.302,2.0,0.07,1.93,19.3,True,LINKUSDT,1,FADE,SELL,27029,2026-06-06 08:45:00
7.8197,7.9761,27795,27843,49,TP,2.127,0.379,2.0,0.07,1.93,19.3,True,LINKUSDT,1,FADE,BUY,27794,2026-06-09 00:30:00
7.5273,7.6779,28330,28382,53,TP,2.002,0.682,2.0,0.07,1.93,19.3,True,LINKUSDT,1,FADE,BUY,28328,2026-06-10 21:00:00
7.9318,7.911,28769,29286,518,REVERSE_SIGNAL,1.952,1.578,0.263,0.07,0.193,1.93,True,LINKUSDT,1,FADE,SELL,28768,2026-06-12 09:40:00
8.032,8.084,30332,30533,202,REVERSE_SIGNAL,1.843,1.245,-0.647,0.1,-0.747,-7.47,False,LINKUSDT,1,TREND,SELL,30331,2026-06-17 19:55:00
7.7713,7.9267,30571,30616,46,TP,2.069,0.106,2.0,0.07,1.93,19.3,True,LINKUSDT,1,FADE,BUY,30570,2026-06-18 15:50:00
7.9427,7.879,30955,31119,165,REVERSE_SIGNAL,1.129,0.86,0.802,0.07,0.732,7.32,True,LINKUSDT,1,FADE,SELL,30944,2026-06-19 23:00:00
7.8356,7.9923,31125,31139,15,TP,2.124,0.224,2.0,0.07,1.93,19.3,True,LINKUSDT,1,FADE,BUY,31119,2026-06-20 13:35:00
8.0086,7.885,31235,31494,260,REVERSE_SIGNAL,1.756,0.005,1.544,0.07,1.474,14.74,True,LINKUSDT,1,FADE,SELL,31227,2026-06-20 22:35:00
7.8356,7.9923,31497,31549,53,TP,2.328,0.939,2.0,0.07,1.93,19.3,True,LINKUSDT,1,FADE,BUY,31494,2026-06-21 20:50:00
7.393,7.5409,32360,32471,112,TP,2.097,0.46,2.0,0.1,1.9,19.0,True,LINKUSDT,1,TREND,BUY,32359,2026-06-24 20:55:00
7.3195,7.1731,34181,34224,44,TP,2.029,0.28,2.0,0.07,1.93,19.3,True,LINKUSDT,1,FADE,SELL,34163,2026-07-01 03:15:00
7.5254,7.7135,34458,34562,105,SL,1.361,2.878,-2.5,0.07,-2.57,-25.7,False,LINKUSDT,1,FADE,SELL,34455,2026-07-02 03:35:00
8.5793,8.7509,40263,40341,79,TP,2.106,0.19,2.0,0.07,1.93,19.3,True,LINKUSDT,1,FADE,BUY,40247,2026-07-22 06:15:00
8.6546,8.514,40587,40618,32,REVERSE_SIGNAL,1.729,0.028,1.625,0.07,1.555,15.55,True,LINKUSDT,1,FADE,SELL,40578,2026-07-23 09:50:00
8.3858,8.5955,41200,41515,316,SL,0.57,2.53,-2.5,0.07,-2.57,-25.7,False,LINKUSDT,1,FADE,SELL,41191,2026-07-25 12:55:00
8.552,8.3382,41787,41902,116,SL,1.239,2.514,-2.5,0.07,-2.57,-25.7,False,LINKUSDT,1,FADE,BUY,41786,2026-07-27 14:30:00
8.3133,8.464,42237,42309,73,REVERSE_SIGNAL,1.993,0.365,1.812,0.07,1.742,17.42,True,LINKUSDT,1,FADE,BUY,42236,2026-07-29 04:00:00
8.1371,8.235,43921,44095,175,REVERSE_SIGNAL,1.534,0.309,1.203,0.07,1.133,11.33,True,LINKUSDT,1,FADE,BUY,43905,2026-08-03 23:05:00
8.3456,8.282,45442,45510,69,REVERSE_SIGNAL,0.858,0.125,0.762,0.07,0.692,6.92,True,LINKUSDT,1,FADE,SELL,45441,2026-08-09 07:05:00
8.3456,8.239,45551,45634,84,REVERSE_SIGNAL,1.613,0.508,1.277,0.07,1.207,12.07,True,LINKUSDT,1,FADE,SELL,45549,2026-08-09 16:05:00
8.192,8.301,45638,45779,142,REVERSE_SIGNAL,1.379,0.391,1.331,0.07,1.261,12.61,True,LINKUSDT,1,FADE,BUY,45634,2026-08-09 23:10:00
8.3456,8.5542,45790,46042,253,SL,1.709,2.629,-2.5,0.07,-2.57,-25.7,False,LINKUSDT,1,FADE,SELL,45779,2026-08-10 11:15:00
9.4833,9.392,47614,47761,148,REVERSE_SIGNAL,1.575,0.861,0.963,0.07,0.893,8.93,True,LINKUSDT,1,FADE,SELL,47610,2026-08-16 19:50:00
9.5506,9.397,47803,47978,176,REVERSE_SIGNAL,1.661,0.203,1.608,0.07,1.538,15.38,True,LINKUSDT,1,FADE,SELL,47796,2026-08-17 11:20:00
11.819,11.5826,49174,49202,29,TP,2.174,1.134,2.0,0.1,1.9,19.0,True,LINKUSDT,1,TREND,SELL,49173,2026-08-22 06:05:00
11.364,11.724,49722,49815,94,REVERSE_SIGNAL,0.194,3.221,-3.168,0.1,-3.268,-32.68,False,LINKUSDT,1,TREND,SELL,49721,2026-08-24 03:45:00
1.309,1.2828,77,146,70,TP,2.063,1.681,2.0,0.1,1.9,19.0,True,NEARUSDT,1,TREND,SELL,76,2026-03-04 18:40:00
1.2522,1.2772,353,370,18,TP,2.46,0.256,2.0,0.07,1.93,19.3,True,NEARUSDT,1,FADE,BUY,350,2026-03-05 17:30:00
1.2066,1.227,955,1119,165,REVERSE_SIGNAL,1.777,1.123,1.694,0.07,1.624,16.24,True,NEARUSDT,1,FADE,BUY,953,2026-03-07 19:45:00
1.2404,1.2156,1128,1188,61,TP,2.048,1.177,2.0,0.07,1.93,19.3,True,NEARUSDT,1,FADE,SELL,1119,2026-03-08 09:35:00
1.207,1.2492,1206,1329,124,SL,1.657,3.645,-3.5,0.1,-3.6,-36.0,False,NEARUSDT,1,TREND,SELL,1205,2026-03-08 16:45:00
1.24,1.2648,1337,1457,121,TP,2.016,1.855,2.0,0.1,1.9,19.0,True,NEARUSDT,1,TREND,BUY,1336,2026-03-09 03:40:00
1.221,1.2637,1567,1631,65,SL,0.082,3.522,-3.5,0.1,-3.6,-36.0,False,NEARUSDT,1,TREND,SELL,1566,2026-03-09 22:50:00
1.269,1.2944,1636,1682,47,TP,2.285,1.024,2.0,0.1,1.9,19.0,True,NEARUSDT,1,TREND,BUY,1635,2026-03-10 04:35:00
1.302,1.328,2026,2254,229,TP,2.074,1.997,2.0,0.1,1.9,19.0,True,NEARUSDT,1,TREND,BUY,2025,2026-03-11 13:05:00
1.3337,1.3603,2544,2603,60,TP,2.274,0.95,2.0,0.07,1.93,19.3,True,NEARUSDT,1,FADE,BUY,2533,2026-03-13 07:25:00
1.434,1.4627,3662,3683,22,TP,2.092,0.767,2.0,0.07,1.93,19.3,True,NEARUSDT,1,FADE,BUY,3657,2026-03-17 05:05:00
1.2649,1.2902,5036,5038,3,TP,2.067,0.463,2.0,0.07,1.93,19.3,True,NEARUSDT,1,FADE,BUY,5034,2026-03-21 23:50:00
1.305,1.2789,6043,6090,48,TP,2.069,0.46,2.0,0.07,1.93,19.3,True,NEARUSDT,1,FADE,SELL,6029,2026-03-25 10:45:00
1.1844,1.17,6948,7054,107,REVERSE_SIGNAL,1.721,0.559,1.215,0.07,1.145,11.45,True,NEARUSDT,1,FADE,SELL,6941,2026-03-28 14:45:00
1.259,1.2842,9362,9466,105,TP,2.065,0.397,2.0,0.1,1.9,19.0,True,NEARUSDT,1,TREND,BUY,9361,2026-04-06 00:25:00
1.268,1.2934,9885,9898,14,TP,2.129,0.473,2.0,0.1,1.9,19.0,True,NEARUSDT,1,TREND,BUY,9884,2026-04-07 20:00:00
1.34,1.361,10163,10405,243,REVERSE_SIGNAL,1.567,2.015,-1.567,0.1,-1.667,-16.67,False,NEARUSDT,1,TREND,SELL,10162,2026-04-08 19:10:00
1.361,1.3882,10406,10409,4,TP,2.204,0.147,2.0,0.1,1.9,19.0,True,NEARUSDT,1,TREND,BUY,10405,2026-04-09 15:25:00
1.431,1.394,12476,12585,110,REVERSE_SIGNAL,0.699,2.586,-2.586,0.1,-2.686,-26.86,False,NEARUSDT,1,TREND,BUY,12475,2026-04-16 19:55:00
1.43,1.392,12699,12818,120,REVERSE_SIGNAL,0.769,2.727,-2.657,0.1,-2.757,-27.57,False,NEARUSDT,1,TREND,BUY,12698,2026-04-17 14:30:00
1.4098,1.3816,14436,14463,28,TP,2.044,0.296,2.0,0.07,1.93,19.3,True,NEARUSDT,1,FADE,SELL,14421,2026-04-23 14:05:00
1.4098,1.389,15204,15284,81,REVERSE_SIGNAL,1.619,0.225,1.477,0.07,1.407,14.07,True,NEARUSDT,1,FADE,SELL,15200,2026-04-26 07:00:00
1.317,1.2841,16333,16752,420,SL,1.063,2.506,-2.5,0.07,-2.57,-25.7,False,NEARUSDT,1,FADE,BUY,16332,2026-04-30 05:20:00
1.2942,1.273,17454,17529,76,REVERSE_SIGNAL,1.716,1.374,1.639,0.07,1.569,15.69,True,NEARUSDT,1,FADE,SELL,17453,2026-05-04 02:45:00
1.2598,1.279,17541,17637,97,REVERSE_SIGNAL,1.762,1.254,1.524,0.07,1.454,14.54,True,NEARUSDT,1,FADE,BUY,17529,2026-05-04 09:05:00
1.2598,1.285,17727,17858,132,TP,2.477,0.302,2.0,0.07,1.93,19.3,True,NEARUSDT,1,FADE,BUY,17724,2026-05-05 01:20:00
1.2942,1.2683,17874,17907,34,TP,2.18,0.061,2.0,0.07,1.93,19.3,True,NEARUSDT,1,FADE,SELL,17859,2026-05-05 12:35:00
1.4666,1.4959,18406,18439,34,TP,2.073,0.177,2.0,0.07,1.93,19.3,True,NEARUSDT,1,FADE,BUY,18403,2026-05-07 09:55:00
1.499,1.529,18662,18663,2,TP,2.201,0.067,2.0,0.1,1.9,19.0,True,NEARUSDT,1,TREND,BUY,18661,2026-05-08 07:25:00
1.553,1.5219,19402,19475,74,TP,2.125,2.254,2.0,0.1,1.9,19.0,True,NEARUSDT,1,TREND,SELL,19401,2026-05-10 21:05:00
1.5615,1.5303,19564,19594,31,TP,2.017,0.16,2.0,0.07,1.93,19.3,True,NEARUSDT,1,FADE,SELL,19562,2026-05-11 10:30:00
1.5239,1.5544,19608,19676,69,TP,2.17,0.914,2.0,0.07,1.93,19.3,True,NEARUSDT,1,FADE,BUY,19607,2026-05-11 14:15:00
1.557,1.514,19686,19745,60,REVERSE_SIGNAL,0.064,3.468,-2.762,0.1,-2.862,-28.62,False,NEARUSDT,1,TREND,BUY,19685,2026-05-11 20:45:00
1.514,1.551,19746,19800,55,REVERSE_SIGNAL,0.264,2.444,-2.444,0.1,-2.544,-25.44,False,NEARUSDT,1,TREND,SELL,19745,2026-05-12 01:45:00
1.549,1.599,20344,20480,137,REVERSE_SIGNAL,0.452,3.551,-3.228,0.1,-3.328,-33.28,False,NEARUSDT,1,TREND,SELL,20343,2026-05-14 03:35:00
1.599,1.631,20481,20495,15,TP,2.126,0.188,2.0,0.1,1.9,19.0,True,NEARUSDT,1,TREND,BUY,20480,2026-05-14 15:00:00
1.5852,1.6169,21881,21893,13,TP,2.071,0.326,2.0,0.07,1.93,19.3,True,NEARUSDT,1,FADE,BUY,21875,2026-05-19 11:15:00
1.6827,1.649,21958,21966,9,TP,2.001,0.258,2.0,0.07,1.93,19.3,True,NEARUSDT,1,FADE,SELL,21946,2026-05-19 17:10:00
1.616,1.5837,22006,22055,50,TP,2.104,0.186,2.0,0.1,1.9,19.0,True,NEARUSDT,1,TREND,SELL,22005,2026-05-19 22:05:00
2.125,2.0825,22835,22847,13,TP,2.4,1.224,2.0,0.1,1.9,19.0,True,NEARUSDT,1,TREND,SELL,22834,2026-05-22 19:10:00
2.159,2.2022,23070,23074,5,TP,2.733,0.093,2.0,0.1,1.9,19.0,True,NEARUSDT,1,TREND,BUY,23069,2026-05-23 14:45:00
2.368,2.4196,23525,23585,61,SL,0.549,2.618,-2.18,0.1,-2.28,-22.8,False,NEARUSDT,1,TREND,SELL,23524,2026-05-25 04:40:00
2.464,2.5133,23602,23615,14,TP,4.627,1.664,2.0,0.1,1.9,19.0,True,NEARUSDT,1,TREND,BUY,23601,2026-05-25 11:05:00
2.745,2.6901,23949,23964,16,TP,2.623,0.437,2.0,0.1,1.9,19.0,True,NEARUSDT,1,TREND,SELL,23948,2026-05-26 16:00:00
2.616,2.5244,24232,24243,12,SL,0.306,3.555,-3.5,0.1,-3.6,-36.0,False,NEARUSDT,1,TREND,BUY,24231,2026-05-27 15:35:00
2.488,2.4382,24328,24346,19,TP,2.291,0.764,2.0,0.1,1.9,19.0,True,NEARUSDT,1,TREND,SELL,24327,2026-05-27 23:35:00
2.42,2.4684,24565,24586,22,TP,2.397,2.686,2.0,0.1,1.9,19.0,True,NEARUSDT,1,TREND,BUY,24564,2026-05-28 19:20:00
2.61,2.5186,24821,24851,31,SL,0.843,3.602,-3.5,0.1,-3.6,-36.0,False,NEARUSDT,1,TREND,BUY,24820,2026-05-29 16:40:00
2.387,2.3393,24885,24957,73,TP,2.43,1.341,2.0,0.1,1.9,19.0,True,NEARUSDT,1,TREND,SELL,24884,2026-05-29 22:00:00
2.342,2.2952,25105,25118,14,TP,2.519,0.64,2.0,0.1,1.9,19.0,True,NEARUSDT,1,TREND,SELL,25104,2026-05-30 16:20:00
2.3432,2.2964,25283,25286,4,TP,2.102,0.117,2.0,0.07,1.93,19.3,True,NEARUSDT,1,FADE,SELL,25264,2026-05-31 05:40:00
2.223,2.2675,25422,25451,30,TP,2.294,0.63,2.0,0.07,1.93,19.3,True,NEARUSDT,1,FADE,BUY,25417,2026-05-31 18:25:00
2.32,2.3664,25460,25516,57,TP,2.328,2.716,2.0,0.1,1.9,19.0,True,NEARUSDT,1,TREND,BUY,25459,2026-05-31 21:55:00
2.496,2.7391,25960,26025,66,SL,1.683,10.216,-9.74,0.1,-9.84,-98.4,False,NEARUSDT,1,TREND,SELL,25959,2026-06-02 15:35:00
2.768,2.7126,26032,26033,2,TP,3.288,0.0,2.0,0.07,1.93,19.3,True,NEARUSDT,1,FADE,SELL,26031,2026-06-02 21:35:00
1.944,1.876,27236,27248,13,SL,0.566,4.167,-3.5,0.1,-3.6,-36.0,False,NEARUSDT,1,TREND,BUY,27235,2026-06-07 01:55:00
2.071,2.1435,27795,27854,60,SL,1.4,3.911,-3.5,0.1,-3.6,-36.0,False,NEARUSDT,1,TREND,SELL,27794,2026-06-09 00:30:00
2.179,2.0389,27860,27981,122,SL,1.056,6.746,-6.428,0.1,-6.528,-65.28,False,NEARUSDT,1,TREND,BUY,27859,2026-06-09 05:55:00
2.071,2.1933,27982,28022,41,SL,1.111,7.05,-5.905,0.1,-6.005,-60.05,False,NEARUSDT,1,TREND,SELL,27981,2026-06-09 16:05:00
2.086,2.0443,28139,28145,7,TP,2.157,0.24,2.0,0.1,1.9,19.0,True,NEARUSDT,1,TREND,SELL,28138,2026-06-10 05:10:00
2.001,1.961,28324,28330,7,TP,3.698,0.15,2.0,0.1,1.9,19.0,True,NEARUSDT,1,TREND,SELL,28323,2026-06-10 20:35:00
2.055,2.0961,28424,28618,195,TP,2.628,4.769,2.0,0.1,1.9,19.0,True,NEARUSDT,1,TREND,BUY,28423,2026-06-11 04:55:00
2.058,2.0168,28859,28889,31,TP,2.381,0.583,2.0,0.1,1.9,19.0,True,NEARUSDT,1,TREND,SELL,28858,2026-06-12 17:10:00
2.045,2.0859,29087,29122,36,TP,2.445,0.098,2.0,0.1,1.9,19.0,True,NEARUSDT,1,TREND,BUY,29086,2026-06-13 12:10:00
2.09,2.1342,29382,29483,102,SL,1.388,3.254,-2.115,0.1,-2.215,-22.15,False,NEARUSDT,1,TREND,SELL,29381,2026-06-14 12:45:00
2.169,2.2124,29486,29496,11,TP,2.259,0.231,2.0,0.1,1.9,19.0,True,NEARUSDT,1,TREND,BUY,29485,2026-06-14 21:25:00
2.457,2.5061,29904,29917,14,TP,2.401,0.163,2.0,0.1,1.9,19.0,True,NEARUSDT,1,TREND,BUY,29903,2026-06-16 08:15:00
2.383,2.3353,29971,29977,7,TP,2.098,0.629,2.0,0.1,1.9,19.0,True,NEARUSDT,1,TREND,SELL,29970,2026-06-16 13:50:00
2.386,2.3383,30289,30294,6,TP,2.137,0.084,2.0,0.07,1.93,19.3,True,NEARUSDT,1,FADE,SELL,30285,2026-06-17 16:05:00
2.244,2.1991,30333,30370,38,TP,2.585,1.292,2.0,0.1,1.9,19.0,True,NEARUSDT,1,TREND,SELL,30332,2026-06-17 20:00:00
2.173,2.2491,30598,30674,77,SL,0.598,3.59,-3.5,0.1,-3.6,-36.0,False,NEARUSDT,1,TREND,SELL,30597,2026-06-18 18:05:00
2.164,2.139,30843,31085,243,REVERSE_SIGNAL,1.294,2.126,-1.155,0.1,-1.255,-12.55,False,NEARUSDT,1,TREND,BUY,30842,2026-06-19 14:30:00
2.177,2.1335,31401,31494,94,TP,2.572,1.516,2.0,0.1,1.9,19.0,True,NEARUSDT,1,TREND,SELL,31400,2026-06-21 13:00:00
2.127,2.0845,31736,31801,66,TP,2.022,0.893,2.0,0.1,1.9,19.0,True,NEARUSDT,1,TREND,SELL,31735,2026-06-22 16:55:00
1.8563,1.8192,32772,32787,16,TP,2.011,0.09,2.0,0.07,1.93,19.3,True,NEARUSDT,1,FADE,SELL,32771,2026-06-26 07:15:00
1.7612,1.7964,32843,32851,9,TP,2.6,0.579,2.0,0.07,1.93,19.3,True,NEARUSDT,1,FADE,BUY,32824,2026-06-26 11:40:00
1.836,1.8727,33138,33148,11,TP,2.015,0.109,2.0,0.1,1.9,19.0,True,NEARUSDT,1,TREND,BUY,33137,2026-06-27 13:45:00
1.838,1.7737,34171,34225,55,SL,0.871,3.808,-3.5,0.1,-3.6,-36.0,False,NEARUSDT,1,TREND,BUY,34170,2026-07-01 03:50:00
1.778,1.8402,34227,34302,76,SL,0.619,3.543,-3.5,0.1,-3.6,-36.0,False,NEARUSDT,1,TREND,SELL,34226,2026-07-01 08:30:00
1.852,1.815,34304,34328,25,TP,2.052,0.756,2.0,0.07,1.93,19.3,True,NEARUSDT,1,FADE,SELL,34303,2026-07-01 14:55:00
2.004,1.9639,35025,35102,78,TP,2.046,0.948,2.0,0.1,1.9,19.0,True,NEARUSDT,1,TREND,SELL,35024,2026-07-04 03:00:00
2.025,1.973,35169,35302,134,REVERSE_SIGNAL,1.037,3.111,-2.568,0.1,-2.668,-26.68,False,NEARUSDT,1,TREND,BUY,35168,2026-07-04 15:00:00
1.991,2.0408,35457,35546,90,SL,1.406,3.466,-2.5,0.07,-2.57,-25.7,False,NEARUSDT,1,FADE,SELL,35441,2026-07-05 13:45:00
2.017,1.9767,35894,36027,134,TP,2.033,1.091,2.0,0.1,1.9,19.0,True,NEARUSDT,1,TREND,SELL,35893,2026-07-07 03:25:00
1.998,1.958,36103,36159,57,TP,3.403,0.701,2.0,0.1,1.9,19.0,True,NEARUSDT,1,TREND,SELL,36102,2026-07-07 20:50:00
1.8764,1.914,37101,37176,76,TP,2.002,0.13,2.0,0.07,1.93,19.3,True,NEARUSDT,1,FADE,BUY,37097,2026-07-11 07:45:00
1.9065,1.8683,37477,37619,143,TP,2.07,1.654,2.0,0.07,1.93,19.3,True,NEARUSDT,1,FADE,SELL,37476,2026-07-12 15:20:00
1.92,1.9584,37680,37759,80,TP,2.917,1.667,2.0,0.1,1.9,19.0,True,NEARUSDT,1,TREND,BUY,37679,2026-07-13 08:15:00
1.9603,2.0093,37890,37945,56,SL,1.237,2.589,-2.5,0.07,-2.57,-25.7,False,NEARUSDT,1,FADE,SELL,37878,2026-07-14 00:50:00
2.051,2.092,38288,38306,19,TP,2.34,0.146,2.0,0.1,1.9,19.0,True,NEARUSDT,1,TREND,BUY,38287,2026-07-15 10:55:00
2.0803,2.0387,38447,38542,96,TP,2.516,0.032,2.0,0.07,1.93,19.3,True,NEARUSDT,1,FADE,SELL,38446,2026-07-16 00:10:00
2.0803,2.0387,38630,38661,32,TP,2.131,0.224,2.0,0.07,1.93,19.3,True,NEARUSDT,1,FADE,SELL,38614,2026-07-16 14:10:00
2.02,1.9796,38682,38721,40,TP,2.178,1.337,2.0,0.1,1.9,19.0,True,NEARUSDT,1,TREND,SELL,38681,2026-07-16 19:45:00
1.9396,1.903,39240,39508,269,REVERSE_SIGNAL,1.889,0.328,1.889,0.07,1.819,18.19,True,NEARUSDT,1,FADE,SELL,39237,2026-07-18 18:05:00
1.8895,1.873,40598,40898,301,REVERSE_SIGNAL,1.188,1.458,0.871,0.07,0.801,8.01,True,NEARUSDT,1,FADE,SELL,40597,2026-07-23 11:25:00
1.8077,1.8529,41437,41647,211,SL,1.203,2.503,-2.5,0.07,-2.57,-25.7,False,NEARUSDT,1,FADE,SELL,41418,2026-07-26 07:50:00
1.636,1.5787,42415,42430,16,SL,0.122,3.729,-3.5,0.1,-3.6,-36.0,False,NEARUSDT,1,TREND,BUY,42414,2026-07-29 18:50:00
1.64,1.67,42797,42926,130,REVERSE_SIGNAL,0.366,1.951,-1.829,0.1,-1.929,-19.29,False,NEARUSDT,1,TREND,SELL,42796,2026-07-31 02:40:00
1.6791,1.6455,42935,42952,18,TP,2.031,0.708,2.0,0.07,1.93,19.3,True,NEARUSDT,1,FADE,SELL,42926,2026-07-31 13:30:00
1.7237,1.7668,43624,43946,323,SL,1.842,2.567,-2.5,0.07,-2.57,-25.7,False,NEARUSDT,1,FADE,SELL,43605,2026-08-02 22:05:00
1.5988,1.6308,45638,45704,67,TP,2.074,0.427,2.0,0.07,1.93,19.3,True,NEARUSDT,1,FADE,BUY,45636,2026-08-09 23:20:00
1.5988,1.5589,45848,46108,261,SL,1.386,2.554,-2.5,0.07,-2.57,-25.7,False,NEARUSDT,1,FADE,BUY,45835,2026-08-10 15:55:00
1.6113,1.6436,46396,46429,34,TP,2.027,0.083,2.0,0.07,1.93,19.3,True,NEARUSDT,1,FADE,BUY,46395,2026-08-12 14:35:00
1.6621,1.64,46563,46703,141,REVERSE_SIGNAL,1.688,1.08,1.327,0.07,1.257,12.57,True,NEARUSDT,1,FADE,SELL,46550,2026-08-13 03:30:00
1.6109,1.625,47378,47513,136,REVERSE_SIGNAL,0.94,0.426,0.878,0.07,0.808,8.08,True,NEARUSDT,1,FADE,BUY,47363,2026-08-15 23:15:00
1.6105,1.6427,48067,48134,68,TP,2.266,0.217,2.0,0.07,1.93,19.3,True,NEARUSDT,1,FADE,BUY,48048,2026-08-18 08:20:00
1.704,1.7636,48702,48729,28,SL,0.059,3.697,-3.5,0.1,-3.6,-36.0,False,NEARUSDT,1,TREND,SELL,48701,2026-08-20 14:45:00
1.775,1.8105,48799,48856,58,TP,2.028,0.958,2.0,0.1,1.9,19.0,True,NEARUSDT,1,TREND,BUY,48798,2026-08-20 22:50:00
1.924,1.8855,49166,49222,57,TP,2.079,4.366,2.0,0.1,1.9,19.0,True,NEARUSDT,1,TREND,SELL,49165,2026-08-22 05:25:00
1.955,1.8866,49341,49360,20,SL,0.614,3.529,-3.5,0.1,-3.6,-36.0,False,NEARUSDT,1,TREND,BUY,49340,2026-08-22 20:00:00
1.884,1.8463,49414,49425,12,TP,3.185,0.159,2.0,0.1,1.9,19.0,True,NEARUSDT,1,TREND,SELL,49413,2026-08-23 02:05:00
1.908,1.9462,49509,49515,7,TP,2.044,0.21,2.0,0.1,1.9,19.0,True,NEARUSDT,1,TREND,BUY,49508,2026-08-23 10:00:00
1.9351,1.9738,49907,49973,67,TP,2.163,0.472,2.0,0.07,1.93,19.3,True,NEARUSDT,1,FADE,BUY,49895,2026-08-24 18:15:00
0.1275,0.125,473,543,71,TP,2.049,0.304,2.0,0.07,1.93,19.3,True,OPUSDT,1,FADE,SELL,472,2026-03-06 03:40:00
0.1225,0.1254,2717,2780,64,SL,0.327,2.531,-2.357,0.1,-2.457,-24.57,False,OPUSDT,1,TREND,SELL,2716,2026-03-13 22:40:00
0.1218,0.1243,2812,3039,228,TP,2.093,0.041,2.0,0.07,1.93,19.3,True,OPUSDT,1,FADE,BUY,2811,2026-03-14 06:35:00
0.1339,0.1367,3660,3849,190,REVERSE_SIGNAL,0.597,2.166,-2.091,0.1,-2.191,-21.91,False,OPUSDT,1,TREND,SELL,3659,2026-03-17 05:15:00
0.1133,0.1156,5412,5457,46,TP,5.55,0.892,2.0,0.07,1.93,19.3,True,OPUSDT,1,FADE,BUY,5410,2026-03-23 07:10:00
0.118,0.1133,5460,5532,73,REVERSE_SIGNAL,0.593,4.153,-3.983,0.1,-4.083,-40.83,False,OPUSDT,1,TREND,BUY,5459,2026-03-23 11:15:00
0.1133,0.111,5533,5633,101,TP,2.383,2.207,2.0,0.1,1.9,19.0,True,OPUSDT,1,TREND,SELL,5532,2026-03-23 17:20:00
0.1155,0.1121,5714,5788,75,REVERSE_SIGNAL,1.385,3.117,-2.944,0.1,-3.044,-30.44,False,OPUSDT,1,TREND,BUY,5713,2026-03-24 08:25:00
0.1121,0.1099,5789,5817,29,TP,2.319,0.446,2.0,0.1,1.9,19.0,True,OPUSDT,1,TREND,SELL,5788,2026-03-24 14:40:00
0.1136,0.1125,5881,6217,337,REVERSE_SIGNAL,1.849,1.232,-0.968,0.1,-1.068,-10.68,False,OPUSDT,1,TREND,BUY,5880,2026-03-24 22:20:00
0.111,0.1075,6399,6412,14,SL,1.261,3.874,-3.119,0.1,-3.219,-32.19,False,OPUSDT,1,TREND,BUY,6398,2026-03-26 17:30:00
0.1071,0.1103,6420,6572,153,REVERSE_SIGNAL,1.494,3.175,-2.988,0.1,-3.088,-30.88,False,OPUSDT,1,TREND,SELL,6419,2026-03-26 19:15:00
0.1075,0.1053,6599,6606,8,TP,2.605,0.279,2.0,0.1,1.9,19.0,True,OPUSDT,1,TREND,SELL,6598,2026-03-27 10:10:00
0.1023,0.1044,7042,7091,50,TP,2.02,0.717,2.0,0.07,1.93,19.3,True,OPUSDT,1,FADE,BUY,7036,2026-03-28 22:40:00
0.1058,0.108,7571,7646,76,SL,0.473,2.552,-2.043,0.1,-2.143,-21.43,False,OPUSDT,1,TREND,SELL,7570,2026-03-30 19:10:00
0.108,0.1102,7655,7781,127,TP,2.037,1.389,2.0,0.1,1.9,19.0,True,OPUSDT,1,TREND,BUY,7654,2026-03-31 02:10:00
0.11,0.1078,8189,8222,34,TP,2.364,1.091,2.0,0.1,1.9,19.0,True,OPUSDT,1,TREND,SELL,8188,2026-04-01 22:40:00
0.108,0.1102,8543,8594,52,TP,2.13,0.556,2.0,0.1,1.9,19.0,True,OPUSDT,1,TREND,BUY,8542,2026-04-03 04:10:00
0.111,0.1089,9010,9123,114,REVERSE_SIGNAL,1.882,0.37,1.882,0.07,1.812,18.12,True,OPUSDT,1,FADE,SELL,9009,2026-04-04 19:05:00
0.1091,0.1113,9347,9356,10,TP,2.2,0.0,2.0,0.1,1.9,19.0,True,OPUSDT,1,TREND,BUY,9346,2026-04-05 23:10:00
0.1113,0.1135,9883,9898,16,TP,2.246,0.18,2.0,0.1,1.9,19.0,True,OPUSDT,1,TREND,BUY,9882,2026-04-07 19:50:00
0.1147,0.1125,10416,10806,391,REVERSE_SIGNAL,1.831,2.354,-1.918,0.1,-2.018,-20.18,False,OPUSDT,1,TREND,BUY,10415,2026-04-09 16:15:00
0.1129,0.1152,11003,11019,17,TP,2.303,0.089,2.0,0.1,1.9,19.0,True,OPUSDT,1,TREND,BUY,11002,2026-04-11 17:10:00
0.1096,0.1124,11552,11611,60,SL,1.496,2.517,-2.5,0.07,-2.57,-25.7,False,OPUSDT,1,FADE,SELL,11542,2026-04-13 14:10:00
0.1127,0.1149,11798,11834,37,TP,2.337,0.148,2.0,0.07,1.93,19.3,True,OPUSDT,1,FADE,BUY,11792,2026-04-14 11:00:00
0.1131,0.1154,12054,12089,36,TP,2.476,0.442,2.0,0.1,1.9,19.0,True,OPUSDT,1,TREND,BUY,12053,2026-04-15 08:45:00
0.1284,0.1309,12595,12620,26,TP,2.363,0.13,2.0,0.07,1.93,19.3,True,OPUSDT,1,FADE,BUY,12594,2026-04-17 05:50:00
0.1317,0.1343,12673,12684,12,TP,2.202,0.532,2.0,0.1,1.9,19.0,True,OPUSDT,1,TREND,BUY,12672,2026-04-17 12:20:00
0.1318,0.1292,12860,12943,84,TP,2.276,2.049,2.0,0.1,1.9,19.0,True,OPUSDT,1,TREND,SELL,12859,2026-04-18 03:55:00
0.1264,0.1239,13260,13287,28,TP,2.393,0.297,2.0,0.07,1.93,19.3,True,OPUSDT,1,FADE,SELL,13259,2026-04-19 13:15:00
0.1225,0.1249,13712,13814,103,TP,2.796,0.225,2.0,0.07,1.93,19.3,True,OPUSDT,1,FADE,BUY,13709,2026-04-21 02:45:00
0.1246,0.1271,13994,14027,34,TP,2.568,0.321,2.0,0.1,1.9,19.0,True,OPUSDT,1,TREND,BUY,13993,2026-04-22 02:25:00
0.1261,0.1236,14997,15069,73,TP,2.062,0.714,2.0,0.1,1.9,19.0,True,OPUSDT,1,TREND,SELL,14996,2026-04-25 14:00:00
0.1242,0.1217,15473,15496,24,TP,2.013,0.242,2.0,0.1,1.9,19.0,True,OPUSDT,1,TREND,SELL,15472,2026-04-27 05:40:00
0.1227,0.1202,15701,15833,133,TP,2.085,0.443,2.0,0.07,1.93,19.3,True,OPUSDT,1,FADE,SELL,15692,2026-04-28 00:00:00
0.1201,0.1225,15850,16024,175,TP,2.272,0.059,2.0,0.07,1.93,19.3,True,OPUSDT,1,FADE,BUY,15833,2026-04-28 11:45:00
0.1221,0.1197,16135,16162,28,TP,2.539,0.328,2.0,0.1,1.9,19.0,True,OPUSDT,1,TREND,SELL,16134,2026-04-29 12:50:00
0.1194,0.1218,16546,16579,34,TP,2.022,0.072,2.0,0.07,1.93,19.3,True,OPUSDT,1,FADE,BUY,16543,2026-04-30 22:55:00
0.1229,0.1204,16605,16673,69,TP,2.014,0.02,2.0,0.07,1.93,19.3,True,OPUSDT,1,FADE,SELL,16596,2026-05-01 03:20:00
0.1229,0.1204,16743,16837,95,TP,2.177,0.264,2.0,0.07,1.93,19.3,True,OPUSDT,1,FADE,SELL,16729,2026-05-01 14:25:00
0.1207,0.1253,17544,17638,95,REVERSE_SIGNAL,0.331,4.143,-3.811,0.1,-3.911,-39.11,False,OPUSDT,1,TREND,SELL,17543,2026-05-04 10:15:00
0.1258,0.1233,17651,17667,17,TP,2.226,0.0,2.0,0.07,1.93,19.3,True,OPUSDT,1,FADE,SELL,17638,2026-05-04 18:10:00
0.1306,0.128,17960,17979,20,TP,2.042,0.255,2.0,0.07,1.93,19.3,True,OPUSDT,1,FADE,SELL,17957,2026-05-05 20:45:00
0.165,0.1617,18962,19155,194,TP,2.182,1.818,2.0,0.1,1.9,19.0,True,OPUSDT,1,TREND,SELL,18961,2026-05-09 08:25:00
0.1661,0.1628,19370,19394,25,TP,2.649,0.06,2.0,0.07,1.93,19.3,True,OPUSDT,1,FADE,SELL,19359,2026-05-10 17:35:00
0.161,0.1578,19404,19577,174,TP,2.36,1.925,2.0,0.1,1.9,19.0,True,OPUSDT,1,TREND,SELL,19403,2026-05-10 21:15:00
0.1479,0.1449,20493,20544,52,TP,2.063,0.304,2.0,0.07,1.93,19.3,True,OPUSDT,1,FADE,SELL,20487,2026-05-14 15:35:00
0.1351,0.1328,21086,21171,86,REVERSE_SIGNAL,1.678,0.173,1.678,0.07,1.608,16.08,True,OPUSDT,1,FADE,SELL,21070,2026-05-16 16:10:00
0.1308,0.1275,21335,21448,114,SL,0.933,5.643,-2.5,0.07,-2.57,-25.7,False,OPUSDT,1,FADE,BUY,21322,2026-05-17 13:10:00
0.1295,0.1269,21716,21884,169,TP,2.147,0.556,2.0,0.07,1.93,19.3,True,OPUSDT,1,FADE,SELL,21696,2026-05-18 20:20:00
0.1265,0.1278,21919,22100,182,REVERSE_SIGNAL,1.265,1.265,-1.028,0.1,-1.128,-11.28,False,OPUSDT,1,TREND,SELL,21918,2026-05-19 14:50:00
0.128,0.1254,22110,22191,82,TP,3.009,0.195,2.0,0.07,1.93,19.3,True,OPUSDT,1,FADE,SELL,22100,2026-05-20 06:00:00
0.1292,0.1278,22217,22443,227,REVERSE_SIGNAL,1.858,1.393,-1.084,0.1,-1.184,-11.84,False,OPUSDT,1,TREND,BUY,22216,2026-05-20 15:40:00
0.1278,0.131,22444,22524,81,SL,0.078,2.739,-2.501,0.1,-2.601,-26.01,False,OPUSDT,1,TREND,SELL,22443,2026-05-21 10:35:00
0.1319,0.1293,22827,22829,3,TP,2.35,0.076,2.0,0.1,1.9,19.0,True,OPUSDT,1,TREND,SELL,22826,2026-05-22 18:30:00
0.1258,0.1283,23075,23110,36,TP,2.464,0.477,2.0,0.1,1.9,19.0,True,OPUSDT,1,TREND,BUY,23074,2026-05-23 15:10:00
0.1276,0.1302,23774,23822,49,TP,2.022,0.407,2.0,0.07,1.93,19.3,True,OPUSDT,1,FADE,BUY,23768,2026-05-26 01:00:00
0.1311,0.1337,23861,23883,23,TP,2.136,0.686,2.0,0.1,1.9,19.0,True,OPUSDT,1,TREND,BUY,23860,2026-05-26 08:40:00
0.1292,0.1266,24235,24259,25,TP,2.389,0.94,2.0,0.07,1.93,19.3,True,OPUSDT,1,FADE,SELL,24234,2026-05-27 15:50:00
0.1228,0.1203,24307,24371,65,TP,3.257,1.629,2.0,0.1,1.9,19.0,True,OPUSDT,1,TREND,SELL,24306,2026-05-27 21:50:00
0.1204,0.1162,24550,24655,106,SL,0.498,3.571,-3.5,0.1,-3.6,-36.0,False,OPUSDT,1,TREND,BUY,24549,2026-05-28 18:05:00
0.1169,0.1146,24672,24793,122,TP,2.823,2.31,2.0,0.1,1.9,19.0,True,OPUSDT,1,TREND,SELL,24671,2026-05-29 04:15:00
0.1211,0.1187,24821,24846,26,TP,2.174,0.715,2.0,0.07,1.93,19.3,True,OPUSDT,1,FADE,SELL,24810,2026-05-29 15:50:00
0.1158,0.1199,25565,25688,124,SL,1.468,4.145,-3.5,0.1,-3.6,-36.0,False,OPUSDT,1,TREND,SELL,25564,2026-06-01 06:40:00
0.1202,0.1226,25692,25696,5,TP,2.329,0.166,2.0,0.1,1.9,19.0,True,OPUSDT,1,TREND,BUY,25691,2026-06-01 17:15:00
0.1193,0.1169,25951,25957,7,TP,2.263,0.251,2.0,0.1,1.9,19.0,True,OPUSDT,1,TREND,SELL,25950,2026-06-02 14:50:00
0.1231,0.1256,26124,26150,27,TP,2.112,1.3,2.0,0.1,1.9,19.0,True,OPUSDT,1,TREND,BUY,26123,2026-06-03 05:15:00
0.1227,0.1202,26258,26311,54,TP,2.608,2.363,2.0,0.1,1.9,19.0,True,OPUSDT,1,TREND,SELL,26257,2026-06-03 16:25:00
0.1114,0.1136,26524,26529,6,TP,2.334,0.18,2.0,0.1,1.9,19.0,True,OPUSDT,1,TREND,BUY,26523,2026-06-04 14:35:00
0.11,0.1078,26613,26672,60,TP,2.455,2.545,2.0,0.1,1.9,19.0,True,OPUSDT,1,TREND,SELL,26612,2026-06-04 22:00:00
0.0934,0.0915,26974,26978,5,TP,2.891,0.964,2.0,0.1,1.9,19.0,True,OPUSDT,1,TREND,SELL,26973,2026-06-06 04:05:00
0.0983,0.0949,27038,27044,7,SL,0.102,3.764,-3.5,0.1,-3.6,-36.0,False,OPUSDT,1,TREND,BUY,27037,2026-06-06 09:25:00
0.0946,0.0927,27376,27441,66,TP,2.114,2.326,2.0,0.1,1.9,19.0,True,OPUSDT,1,TREND,SELL,27375,2026-06-07 13:35:00
0.0956,0.0937,27787,27795,9,TP,2.51,0.418,2.0,0.1,1.9,19.0,True,OPUSDT,1,TREND,SELL,27786,2026-06-08 23:50:00
0.0964,0.093,27881,27962,82,SL,0.311,3.527,-3.5,0.1,-3.6,-36.0,False,OPUSDT,1,TREND,BUY,27880,2026-06-09 07:40:00
0.0922,0.0941,27983,27995,13,TP,3.0,1.012,2.0,0.07,1.93,19.3,True,OPUSDT,1,FADE,BUY,27982,2026-06-09 16:10:00
0.0946,0.0927,28192,28213,22,TP,2.008,0.74,2.0,0.1,1.9,19.0,True,OPUSDT,1,TREND,SELL,28191,2026-06-10 09:35:00
0.1056,0.1089,29241,29488,248,REVERSE_SIGNAL,1.326,3.22,-3.125,0.1,-3.225,-32.25,False,OPUSDT,1,TREND,SELL,29240,2026-06-14 01:00:00
0.1063,0.1042,30337,30440,104,TP,2.446,3.198,2.0,0.1,1.9,19.0,True,OPUSDT,1,TREND,SELL,30336,2026-06-17 20:20:00
0.1073,0.1094,30483,30497,15,TP,3.355,0.186,2.0,0.1,1.9,19.0,True,OPUSDT,1,TREND,BUY,30482,2026-06-18 08:30:00
0.1054,0.1033,30689,30707,19,TP,2.751,0.664,2.0,0.1,1.9,19.0,True,OPUSDT,1,TREND,SELL,30688,2026-06-19 01:40:00
0.1041,0.1018,30831,31103,273,REVERSE_SIGNAL,1.537,3.746,-2.209,0.1,-2.309,-23.09,False,OPUSDT,1,TREND,BUY,30830,2026-06-19 13:30:00
0.1018,0.0998,31104,31124,21,TP,2.161,0.098,2.0,0.1,1.9,19.0,True,OPUSDT,1,TREND,SELL,31103,2026-06-20 12:15:00
0.1023,0.1039,31395,31408,14,SL,0.196,1.564,-1.521,0.1,-1.621,-16.21,False,OPUSDT,1,TREND,SELL,31394,2026-06-21 12:30:00
0.1002,0.0977,31801,31896,96,SL,1.397,3.094,-2.5,0.07,-2.57,-25.7,False,OPUSDT,1,FADE,BUY,31789,2026-06-22 21:25:00
0.1001,0.0981,32287,32297,11,TP,2.098,0.4,2.0,0.1,1.9,19.0,True,OPUSDT,1,TREND,SELL,32286,2026-06-24 14:50:00
0.1026,0.1047,32358,32384,27,TP,3.899,0.78,2.0,0.1,1.9,19.0,True,OPUSDT,1,TREND,BUY,32357,2026-06-24 20:45:00
0.1054,0.1033,32532,32561,30,TP,3.89,1.992,2.0,0.1,1.9,19.0,True,OPUSDT,1,TREND,SELL,32531,2026-06-25 11:15:00
0.1053,0.1016,32663,32710,48,SL,1.519,4.084,-3.5,0.1,-3.6,-36.0,False,OPUSDT,1,TREND,BUY,32662,2026-06-25 22:10:00
0.1074,0.1036,32772,32819,48,SL,0.931,3.631,-3.5,0.1,-3.6,-36.0,False,OPUSDT,1,TREND,BUY,32771,2026-06-26 07:15:00
0.1026,0.1062,32827,32854,28,SL,1.267,3.606,-3.5,0.1,-3.6,-36.0,False,OPUSDT,1,TREND,SELL,32826,2026-06-26 11:50:00
0.1045,0.1019,33045,33176,132,SL,0.981,2.752,-2.5,0.07,-2.57,-25.7,False,OPUSDT,1,FADE,BUY,33037,2026-06-27 05:25:00
0.0998,0.1031,33725,33753,29,SL,0.301,3.307,-3.261,0.1,-3.361,-33.61,False,OPUSDT,1,TREND,SELL,33724,2026-06-29 14:40:00
0.1042,0.1006,33761,33823,63,SL,0.0,3.551,-3.5,0.1,-3.6,-36.0,False,OPUSDT,1,TREND,BUY,33760,2026-06-29 17:40:00
0.0943,0.0961,34206,34293,88,REVERSE_SIGNAL,1.591,2.121,-1.909,0.1,-2.009,-20.09,False,OPUSDT,1,TREND,SELL,34205,2026-07-01 06:45:00
0.0972,0.0953,34296,34301,6,TP,2.101,0.264,2.0,0.07,1.93,19.3,True,OPUSDT,1,FADE,SELL,34293,2026-07-01 14:05:00
0.0943,0.0962,34415,34430,16,TP,2.412,0.027,2.0,0.07,1.93,19.3,True,OPUSDT,1,FADE,BUY,34414,2026-07-02 00:10:00
0.0972,0.0997,34453,34559,107,SL,1.175,2.527,-2.5,0.07,-2.57,-25.7,False,OPUSDT,1,FADE,SELL,34438,2026-07-02 02:10:00
0.1095,0.1073,35818,35849,32,TP,2.071,0.03,2.0,0.07,1.93,19.3,True,OPUSDT,1,FADE,SELL,35798,2026-07-06 19:30:00
0.1005,0.1025,36442,36481,40,TP,3.582,0.796,2.0,0.1,1.9,19.0,True,OPUSDT,1,TREND,BUY,36441,2026-07-09 01:05:00
0.1062,0.1041,36753,36890,138,TP,2.331,2.096,2.0,0.07,1.93,19.3,True,OPUSDT,1,FADE,SELL,36743,2026-07-10 02:15:00
0.104,0.1019,37278,37284,7,TP,2.115,0.096,2.0,0.1,1.9,19.0,True,OPUSDT,1,TREND,SELL,37277,2026-07-11 22:45:00
0.1002,0.1027,37933,38233,301,SL,1.536,2.654,-2.5,0.07,-2.57,-25.7,False,OPUSDT,1,FADE,SELL,37916,2026-07-14 04:00:00
0.1011,0.0991,38455,38651,197,TP,2.473,1.879,2.0,0.1,1.9,19.0,True,OPUSDT,1,TREND,SELL,38454,2026-07-16 00:50:00
0.0952,0.0954,39127,39604,478,REVERSE_SIGNAL,1.029,2.436,0.189,0.07,0.119,1.19,True,OPUSDT,1,FADE,BUY,39118,2026-07-18 08:10:00
0.0927,0.0945,39675,39863,189,TP,2.172,1.065,2.0,0.07,1.93,19.3,True,OPUSDT,1,FADE,BUY,39666,2026-07-20 05:50:00
0.0958,0.0982,40257,40360,104,REVERSE_SIGNAL,0.104,2.505,-2.505,0.1,-2.605,-26.05,False,OPUSDT,1,TREND,SELL,40256,2026-07-22 07:00:00
0.0984,0.0964,40365,40450,86,TP,2.026,0.719,2.0,0.07,1.93,19.3,True,OPUSDT,1,FADE,SELL,40360,2026-07-22 15:40:00
0.0941,0.0927,40793,40889,97,REVERSE_SIGNAL,1.715,0.729,1.503,0.07,1.433,14.33,True,OPUSDT,1,FADE,SELL,40792,2026-07-24 03:40:00
0.0914,0.0925,40905,41198,294,REVERSE_SIGNAL,1.797,0.721,1.25,0.07,1.18,11.8,True,OPUSDT,1,FADE,BUY,40889,2026-07-24 11:45:00
0.093,0.0953,41213,41601,389,SL,1.035,2.622,-2.5,0.07,-2.57,-25.7,False,OPUSDT,1,FADE,SELL,41198,2026-07-25 13:30:00
0.0914,0.0891,41787,41881,95,SL,0.812,2.91,-2.5,0.07,-2.57,-25.7,False,OPUSDT,1,FADE,BUY,41786,2026-07-27 14:30:00
0.0893,0.0871,42109,42236,128,REVERSE_SIGNAL,0.784,2.576,-2.464,0.1,-2.564,-25.64,False,OPUSDT,1,TREND,BUY,42108,2026-07-28 17:20:00
0.0872,0.0889,42586,42668,83,TP,2.064,0.115,2.0,0.07,1.93,19.3,True,OPUSDT,1,FADE,BUY,42585,2026-07-30 09:05:00
0.0872,0.085,42800,42904,105,SL,1.261,2.752,-2.5,0.07,-2.57,-25.7,False,OPUSDT,1,FADE,BUY,42797,2026-07-31 02:45:00
0.0843,0.086,43375,43494,120,TP,2.017,0.237,2.0,0.1,1.9,19.0,True,OPUSDT,1,TREND,BUY,43374,2026-08-02 02:50:00
0.0892,0.0874,44422,44519,98,TP,2.329,0.026,2.0,0.07,1.93,19.3,True,OPUSDT,1,FADE,SELL,44421,2026-08-05 18:05:00
0.0882,0.0865,44700,44753,54,REVERSE_SIGNAL,1.985,0.057,1.872,0.07,1.802,18.02,True,OPUSDT,1,FADE,SELL,44699,2026-08-06 17:15:00
0.0862,0.0875,44764,44801,38,REVERSE_SIGNAL,1.784,0.421,1.552,0.07,1.482,14.82,True,OPUSDT,1,FADE,BUY,44753,2026-08-06 21:45:00
0.0882,0.0864,44819,44959,141,TP,2.439,1.645,2.0,0.07,1.93,19.3,True,OPUSDT,1,FADE,SELL,44801,2026-08-07 01:45:00
0.0918,0.09,45728,45826,99,TP,2.007,0.062,2.0,0.07,1.93,19.3,True,OPUSDT,1,FADE,SELL,45716,2026-08-10 06:00:00
0.086,0.0877,46717,46780,64,TP,2.016,0.427,2.0,0.07,1.93,19.3,True,OPUSDT,1,FADE,BUY,46715,2026-08-13 17:15:00
0.0858,0.0837,47252,47599,348,SL,0.466,2.681,-2.5,0.07,-2.57,-25.7,False,OPUSDT,1,FADE,BUY,47250,2026-08-15 13:50:00
0.0848,0.0838,47709,47806,98,REVERSE_SIGNAL,1.268,1.091,1.15,0.07,1.08,10.8,True,OPUSDT,1,FADE,SELL,47706,2026-08-17 03:50:00
0.1092,0.1114,49508,49540,33,TP,2.088,0.128,2.0,0.1,1.9,19.0,True,OPUSDT,1,TREND,BUY,49507,2026-08-23 09:55:00
0.1088,0.1066,49700,49884,185,TP,2.326,2.096,2.0,0.1,1.9,19.0,True,OPUSDT,1,TREND,SELL,49699,2026-08-24 01:55:00
1.402,1.374,150,324,175,TP,2.496,1.141,2.0,0.1,1.9,19.0,True,RENDERUSDT,1,TREND,SELL,149,2026-03-05 00:50:00
1.392,1.4198,389,474,86,TP,2.011,0.503,2.0,0.1,1.9,19.0,True,RENDERUSDT,1,TREND,BUY,388,2026-03-05 20:45:00
1.378,1.3504,579,596,18,TP,2.177,1.379,2.0,0.1,1.9,19.0,True,RENDERUSDT,1,TREND,SELL,578,2026-03-06 12:35:00
1.394,1.349,1090,1191,102,REVERSE_SIGNAL,0.287,3.3,-3.228,0.1,-3.328,-33.28,False,RENDERUSDT,1,TREND,BUY,1089,2026-03-08 07:10:00
1.4594,1.4886,1857,1951,95,TP,2.236,0.368,2.0,0.07,1.93,19.3,True,RENDERUSDT,1,FADE,BUY,1841,2026-03-10 21:50:00
1.503,1.5556,2185,2245,61,SL,1.131,3.859,-3.5,0.1,-3.6,-36.0,False,RENDERUSDT,1,TREND,SELL,2184,2026-03-12 02:25:00
1.549,1.58,2247,2279,33,TP,2.26,0.387,2.0,0.1,1.9,19.0,True,RENDERUSDT,1,TREND,BUY,2246,2026-03-12 07:35:00
1.793,1.833,2719,2774,56,REVERSE_SIGNAL,1.673,3.179,-2.231,0.1,-2.331,-23.31,False,RENDERUSDT,1,TREND,SELL,2718,2026-03-13 22:55:00
1.833,1.7688,2775,2792,18,SL,0.273,3.546,-3.5,0.1,-3.6,-36.0,False,RENDERUSDT,1,TREND,BUY,2774,2026-03-14 03:35:00
1.746,1.799,2812,2899,88,REVERSE_SIGNAL,0.515,3.207,-3.036,0.1,-3.136,-31.36,False,RENDERUSDT,1,TREND,SELL,2811,2026-03-14 06:40:00
1.818,1.8816,3095,3242,148,SL,0.715,4.51,-3.5,0.1,-3.6,-36.0,False,RENDERUSDT,1,TREND,SELL,3094,2026-03-15 06:15:00
1.899,1.8325,3243,3482,240,SL,0.685,3.686,-3.5,0.1,-3.6,-36.0,False,RENDERUSDT,1,TREND,BUY,3242,2026-03-15 18:35:00
1.845,1.8819,3649,3682,34,TP,2.005,0.325,2.0,0.07,1.93,19.3,True,RENDERUSDT,1,FADE,BUY,3644,2026-03-17 04:05:00
1.698,1.7404,4438,4500,63,SL,1.826,2.65,-2.5,0.07,-2.57,-25.7,False,RENDERUSDT,1,FADE,SELL,4428,2026-03-19 21:25:00
1.7166,1.6822,4920,5032,113,TP,2.305,0.433,2.0,0.07,1.93,19.3,True,RENDERUSDT,1,FADE,SELL,4918,2026-03-21 14:15:00
1.655,1.6219,5034,5035,2,TP,2.175,0.121,2.0,0.1,1.9,19.0,True,RENDERUSDT,1,TREND,SELL,5033,2026-03-21 23:50:00
1.603,1.5709,5414,5438,25,TP,2.059,0.624,2.0,0.1,1.9,19.0,True,RENDERUSDT,1,TREND,SELL,5413,2026-03-23 07:30:00
1.668,1.7014,5459,5503,45,TP,2.158,2.278,2.0,0.1,1.9,19.0,True,RENDERUSDT,1,TREND,BUY,5458,2026-03-23 11:15:00
1.713,1.773,5783,5857,75,SL,1.985,3.853,-3.5,0.1,-3.6,-36.0,False,RENDERUSDT,1,TREND,SELL,5782,2026-03-24 14:15:00
1.769,1.8044,5859,5966,108,TP,2.035,2.035,2.0,0.1,1.9,19.0,True,RENDERUSDT,1,TREND,BUY,5858,2026-03-24 20:35:00
1.82,1.7836,6221,6255,35,TP,2.308,0.11,2.0,0.1,1.9,19.0,True,RENDERUSDT,1,TREND,SELL,6220,2026-03-26 02:45:00
1.803,1.7484,6490,6583,94,SL,1.276,3.328,-3.03,0.1,-3.13,-31.3,False,RENDERUSDT,1,TREND,BUY,6489,2026-03-27 01:10:00
1.729,1.6944,6585,6605,21,TP,2.082,0.752,2.0,0.1,1.9,19.0,True,RENDERUSDT,1,TREND,SELL,6584,2026-03-27 09:05:00
1.696,1.7299,7371,7372,2,TP,2.064,0.059,2.0,0.1,1.9,19.0,True,RENDERUSDT,1,TREND,BUY,7370,2026-03-30 02:35:00
1.707,1.6729,7515,7616,102,TP,2.109,1.64,2.0,0.1,1.9,19.0,True,RENDERUSDT,1,TREND,SELL,7514,2026-03-30 14:35:00
1.67,1.7176,7746,7795,50,SL,0.838,2.994,-2.849,0.1,-2.949,-29.49,False,RENDERUSDT,1,TREND,SELL,7745,2026-03-31 09:50:00
1.7363,1.7016,7833,7842,10,TP,2.15,0.269,2.0,0.07,1.93,19.3,True,RENDERUSDT,1,FADE,SELL,7829,2026-03-31 16:50:00
1.7595,1.7947,8183,8211,29,TP,2.245,0.199,2.0,0.07,1.93,19.3,True,RENDERUSDT,1,FADE,BUY,8181,2026-04-01 22:10:00
1.761,1.7962,8388,8409,22,TP,2.499,0.284,2.0,0.1,1.9,19.0,True,RENDERUSDT,1,TREND,BUY,8387,2026-04-02 15:20:00
1.9022,1.9402,8844,8863,20,TP,2.04,0.379,2.0,0.07,1.93,19.3,True,RENDERUSDT,1,FADE,BUY,8842,2026-04-04 05:15:00
1.888,1.9258,9349,9361,13,TP,2.436,0.0,2.0,0.1,1.9,19.0,True,RENDERUSDT,1,TREND,BUY,9348,2026-04-05 23:25:00
1.9115,1.8637,9585,9630,46,SL,1.543,2.747,-2.5,0.07,-2.57,-25.7,False,RENDERUSDT,1,FADE,BUY,9569,2026-04-06 17:50:00
1.938,1.9768,9885,9897,13,TP,2.528,0.722,2.0,0.1,1.9,19.0,True,RENDERUSDT,1,TREND,BUY,9884,2026-04-07 20:05:00
2.034,1.9933,10118,10207,90,TP,2.409,2.163,2.0,0.1,1.9,19.0,True,RENDERUSDT,1,TREND,SELL,10117,2026-04-08 15:30:00
2.04,2.0808,10291,10408,118,TP,2.059,1.814,2.0,0.1,1.9,19.0,True,RENDERUSDT,1,TREND,BUY,10290,2026-04-09 05:55:00
2.0225,2.0629,10554,10609,56,TP,2.002,0.222,2.0,0.07,1.93,19.3,True,RENDERUSDT,1,FADE,BUY,10552,2026-04-10 03:45:00
2.001,1.961,11084,11103,20,TP,4.048,0.9,2.0,0.1,1.9,19.0,True,RENDERUSDT,1,TREND,SELL,11083,2026-04-12 00:00:00
1.9145,1.8762,11550,11557,8,TP,2.272,0.026,2.0,0.07,1.93,19.3,True,RENDERUSDT,1,FADE,SELL,11536,2026-04-13 13:45:00
1.874,1.9115,11967,12182,216,TP,2.401,1.601,2.0,0.1,1.9,19.0,True,RENDERUSDT,1,TREND,BUY,11966,2026-04-15 01:35:00
1.877,1.9145,12672,12680,9,TP,2.238,0.426,2.0,0.1,1.9,19.0,True,RENDERUSDT,1,TREND,BUY,12671,2026-04-17 12:20:00
1.886,1.8483,12783,12820,38,TP,2.068,0.689,2.0,0.1,1.9,19.0,True,RENDERUSDT,1,TREND,SELL,12782,2026-04-17 21:35:00
1.8045,1.804,15112,15271,160,REVERSE_SIGNAL,0.748,2.355,0.028,0.07,-0.042,-0.42,False,RENDERUSDT,1,FADE,SELL,15109,2026-04-25 23:30:00
1.7946,1.7497,15481,15593,113,SL,0.58,2.541,-2.5,0.07,-2.57,-25.7,False,RENDERUSDT,1,FADE,BUY,15471,2026-04-27 05:40:00
1.7543,1.766,15778,16022,245,REVERSE_SIGNAL,0.893,1.159,0.665,0.07,0.595,5.95,True,RENDERUSDT,1,FADE,BUY,15777,2026-04-28 07:10:00
1.8973,1.9352,18164,18178,15,TP,2.359,0.066,2.0,0.07,1.93,19.3,True,RENDERUSDT,1,FADE,BUY,18163,2026-05-06 14:00:00
1.945,1.978,18464,18669,206,REVERSE_SIGNAL,1.183,1.902,-1.697,0.1,-1.797,-17.97,False,RENDERUSDT,1,TREND,SELL,18463,2026-05-07 15:00:00
1.978,2.0176,18670,18780,111,TP,2.427,1.314,2.0,0.1,1.9,19.0,True,RENDERUSDT,1,TREND,BUY,18669,2026-05-08 08:10:00
1.982,1.9424,19398,19477,80,TP,2.17,2.22,2.0,0.1,1.9,19.0,True,RENDERUSDT,1,TREND,SELL,19397,2026-05-10 20:50:00
1.9115,1.909,19990,20158,169,REVERSE_SIGNAL,0.811,2.223,0.131,0.07,0.061,0.61,True,RENDERUSDT,1,FADE,SELL,19988,2026-05-12 22:05:00
1.84,1.883,20344,20454,111,REVERSE_SIGNAL,0.489,2.391,-2.337,0.1,-2.437,-24.37,False,RENDERUSDT,1,TREND,SELL,20343,2026-05-14 03:40:00
1.868,1.9054,20853,20891,39,TP,2.034,0.268,2.0,0.1,1.9,19.0,True,RENDERUSDT,1,TREND,BUY,20852,2026-05-15 22:05:00
1.856,1.811,21944,22015,72,REVERSE_SIGNAL,0.054,2.694,-2.425,0.1,-2.525,-25.25,False,RENDERUSDT,1,TREND,BUY,21943,2026-05-19 17:00:00
1.976,1.9365,22801,22826,26,TP,2.024,0.86,2.0,0.1,1.9,19.0,True,RENDERUSDT,1,TREND,SELL,22800,2026-05-22 16:25:00
1.924,1.9913,23352,23390,39,SL,0.312,3.534,-3.5,0.1,-3.6,-36.0,False,RENDERUSDT,1,TREND,SELL,23351,2026-05-24 14:20:00
2.025,1.9845,23461,23478,18,TP,2.272,0.148,2.0,0.07,1.93,19.3,True,RENDERUSDT,1,FADE,SELL,23456,2026-05-24 23:05:00
2.259,2.1799,24188,24249,62,SL,1.771,4.117,-3.5,0.1,-3.6,-36.0,False,RENDERUSDT,1,TREND,BUY,24187,2026-05-27 12:00:00
2.05,1.983,24630,24668,39,SL,1.561,3.268,-3.267,0.1,-3.367,-33.67,False,RENDERUSDT,1,TREND,BUY,24629,2026-05-29 00:50:00
1.981,1.9414,24776,24795,20,TP,2.07,0.505,2.0,0.1,1.9,19.0,True,RENDERUSDT,1,TREND,SELL,24775,2026-05-29 13:00:00
2.06,1.9879,24837,24875,39,SL,0.049,3.981,-3.5,0.1,-3.6,-36.0,False,RENDERUSDT,1,TREND,BUY,24836,2026-05-29 18:05:00
2.033,2.0737,25051,25076,26,TP,2.41,1.328,2.0,0.1,1.9,19.0,True,RENDERUSDT,1,TREND,BUY,25050,2026-05-30 11:55:00
2.024,2.085,25368,25453,86,REVERSE_SIGNAL,1.038,3.458,-3.014,0.1,-3.114,-31.14,False,RENDERUSDT,1,TREND,SELL,25367,2026-05-31 14:20:00
2.085,2.1267,25454,25486,33,TP,2.206,1.007,2.0,0.1,1.9,19.0,True,RENDERUSDT,1,TREND,BUY,25453,2026-05-31 21:30:00
2.039,1.9982,25583,25629,47,TP,2.158,0.834,2.0,0.1,1.9,19.0,True,RENDERUSDT,1,TREND,SELL,25582,2026-06-01 08:15:00
2.104,2.1461,25705,25717,13,TP,2.091,0.665,2.0,0.1,1.9,19.0,True,RENDERUSDT,1,TREND,BUY,25704,2026-06-01 18:25:00
2.083,2.0413,25954,25956,3,TP,2.496,0.288,2.0,0.1,1.9,19.0,True,RENDERUSDT,1,TREND,SELL,25953,2026-06-02 15:10:00
2.168,2.0921,26094,26104,11,SL,0.461,3.736,-3.5,0.1,-3.6,-36.0,False,RENDERUSDT,1,TREND,BUY,26093,2026-06-03 02:50:00
2.13,2.0874,26264,26310,47,TP,2.347,2.019,2.0,0.1,1.9,19.0,True,RENDERUSDT,1,TREND,SELL,26263,2026-06-03 17:00:00
1.986,1.9165,26545,26602,58,SL,1.813,4.381,-3.5,0.1,-3.6,-36.0,False,RENDERUSDT,1,TREND,BUY,26544,2026-06-04 16:25:00
1.871,1.8336,26609,26647,39,TP,3.314,1.122,2.0,0.1,1.9,19.0,True,RENDERUSDT,1,TREND,SELL,26608,2026-06-04 21:45:00
1.699,1.625,26891,26963,73,REVERSE_SIGNAL,1.354,4.65,-4.356,0.1,-4.456,-44.56,False,RENDERUSDT,1,TREND,BUY,26890,2026-06-05 21:15:00
1.625,1.5925,26964,26973,10,TP,2.523,0.246,2.0,0.1,1.9,19.0,True,RENDERUSDT,1,TREND,SELL,26963,2026-06-06 03:20:00
1.622,1.6544,27363,27382,20,TP,2.404,0.123,2.0,0.07,1.93,19.3,True,RENDERUSDT,1,FADE,BUY,27362,2026-06-07 12:35:00
1.608,1.6643,27446,27477,32,SL,0.684,5.41,-3.5,0.1,-3.6,-36.0,False,RENDERUSDT,1,TREND,SELL,27445,2026-06-07 19:30:00
1.678,1.623,27485,27791,307,REVERSE_SIGNAL,1.311,3.397,-3.278,0.1,-3.378,-33.78,False,RENDERUSDT,1,TREND,BUY,27484,2026-06-07 22:45:00
1.623,1.5905,27792,27796,5,TP,2.28,0.246,2.0,0.1,1.9,19.0,True,RENDERUSDT,1,TREND,SELL,27791,2026-06-09 00:20:00
1.6565,1.6234,27875,27908,34,TP,2.083,0.03,2.0,0.07,1.93,19.3,True,RENDERUSDT,1,FADE,SELL,27873,2026-06-09 07:10:00
1.598,1.566,27974,27986,13,TP,2.065,0.0,2.0,0.1,1.9,19.0,True,RENDERUSDT,1,TREND,SELL,27973,2026-06-09 15:30:00
1.603,1.5227,28241,28313,73,SL,0.062,5.24,-5.009,0.1,-5.109,-51.09,False,RENDERUSDT,1,TREND,BUY,28240,2026-06-10 13:45:00
1.513,1.4827,28317,28337,21,TP,2.181,1.058,2.0,0.1,1.9,19.0,True,RENDERUSDT,1,TREND,SELL,28316,2026-06-10 20:05:00
1.563,1.5943,28411,28576,166,TP,2.495,1.855,2.0,0.1,1.9,19.0,True,RENDERUSDT,1,TREND,BUY,28410,2026-06-11 03:55:00
1.612,1.6442,28734,28751,18,TP,2.171,0.372,2.0,0.07,1.93,19.3,True,RENDERUSDT,1,FADE,BUY,28733,2026-06-12 06:50:00
1.731,1.788,29391,29486,96,REVERSE_SIGNAL,1.56,3.408,-3.293,0.1,-3.393,-33.93,False,RENDERUSDT,1,TREND,SELL,29390,2026-06-14 13:35:00
1.791,1.7552,29750,29829,80,TP,2.178,0.223,2.0,0.1,1.9,19.0,True,RENDERUSDT,1,TREND,SELL,29749,2026-06-15 19:30:00
1.793,1.754,29885,29969,85,REVERSE_SIGNAL,1.729,2.398,-2.175,0.1,-2.275,-22.75,False,RENDERUSDT,1,TREND,BUY,29884,2026-06-16 06:45:00
1.754,1.7189,29970,29977,8,TP,2.794,0.741,2.0,0.1,1.9,19.0,True,RENDERUSDT,1,TREND,SELL,29969,2026-06-16 13:50:00
1.702,1.757,30198,30288,91,REVERSE_SIGNAL,1.351,3.467,-3.231,0.1,-3.331,-33.31,False,RENDERUSDT,1,TREND,SELL,30197,2026-06-17 08:50:00
1.731,1.6704,30394,30428,35,SL,0.289,3.524,-3.5,0.1,-3.6,-36.0,False,RENDERUSDT,1,TREND,BUY,30393,2026-06-18 01:10:00
1.72,1.7544,30670,30691,22,TP,2.384,0.523,2.0,0.1,1.9,19.0,True,RENDERUSDT,1,TREND,BUY,30669,2026-06-19 00:10:00
1.705,1.7391,31124,31132,9,TP,2.874,0.117,2.0,0.07,1.93,19.3,True,RENDERUSDT,1,FADE,BUY,31116,2026-06-20 13:25:00
1.7056,1.6715,31679,31741,63,TP,2.029,0.61,2.0,0.07,1.93,19.3,True,RENDERUSDT,1,FADE,SELL,31678,2026-06-22 12:15:00
1.572,1.549,32356,32505,150,REVERSE_SIGNAL,1.145,1.59,-1.463,0.1,-1.563,-15.63,False,RENDERUSDT,1,TREND,BUY,32355,2026-06-24 20:40:00
1.523,1.4878,32776,32813,38,SL,0.197,2.364,-2.314,0.1,-2.414,-24.14,False,RENDERUSDT,1,TREND,BUY,32775,2026-06-26 07:40:00
1.5753,1.5438,33369,33415,47,TP,2.243,0.042,2.0,0.07,1.93,19.3,True,RENDERUSDT,1,FADE,SELL,33366,2026-06-28 08:55:00
1.5753,1.5438,33634,33688,55,TP,2.052,0.55,2.0,0.07,1.93,19.3,True,RENDERUSDT,1,FADE,SELL,33625,2026-06-29 06:30:00
1.4958,1.5257,34411,34430,20,TP,2.084,0.256,2.0,0.07,1.93,19.3,True,RENDERUSDT,1,FADE,BUY,34410,2026-07-01 23:55:00
1.589,1.608,35051,35180,130,REVERSE_SIGNAL,1.447,0.818,1.196,0.07,1.126,11.26,True,RENDERUSDT,1,FADE,BUY,35041,2026-07-04 04:30:00
1.589,1.607,35341,35537,197,REVERSE_SIGNAL,1.447,1.51,1.133,0.07,1.063,10.63,True,RENDERUSDT,1,FADE,BUY,35328,2026-07-05 04:25:00
1.6133,1.59,35538,35636,99,REVERSE_SIGNAL,1.753,0.912,1.443,0.07,1.373,13.73,True,RENDERUSDT,1,FADE,SELL,35537,2026-07-05 21:50:00
1.5461,1.572,36893,36990,98,REVERSE_SIGNAL,1.802,0.074,1.672,0.07,1.602,16.02,True,RENDERUSDT,1,FADE,BUY,36892,2026-07-10 14:45:00
1.584,1.561,37008,37281,274,REVERSE_SIGNAL,1.641,0.316,1.452,0.07,1.382,13.82,True,RENDERUSDT,1,FADE,SELL,36990,2026-07-10 22:55:00
1.5045,1.4669,40449,40749,301,SL,0.831,2.825,-2.5,0.07,-2.57,-25.7,False,RENDERUSDT,1,FADE,BUY,40443,2026-07-22 22:40:00
1.4915,1.4617,40820,40904,85,TP,2.984,0.369,2.0,0.07,1.93,19.3,True,RENDERUSDT,1,FADE,SELL,40812,2026-07-24 05:25:00
1.4915,1.4617,41611,41785,175,TP,2.581,0.503,2.0,0.07,1.93,19.3,True,RENDERUSDT,1,FADE,SELL,41600,2026-07-26 23:05:00
1.43,1.398,42089,42231,143,REVERSE_SIGNAL,0.07,2.308,-2.238,0.1,-2.338,-23.38,False,RENDERUSDT,1,TREND,BUY,42088,2026-07-28 15:45:00
1.3854,1.4131,42236,42415,180,TP,2.856,0.392,2.0,0.07,1.93,19.3,True,RENDERUSDT,1,FADE,BUY,42231,2026-07-29 03:40:00
1.3892,1.376,43097,43169,73,REVERSE_SIGNAL,1.022,0.346,0.95,0.07,0.88,8.8,True,RENDERUSDT,1,FADE,SELL,43083,2026-08-01 02:40:00
1.3549,1.341,44283,44429,147,REVERSE_SIGNAL,1.616,0.967,1.026,0.07,0.956,9.56,True,RENDERUSDT,1,FADE,SELL,44277,2026-08-05 06:10:00
1.3333,1.311,45620,45635,16,REVERSE_SIGNAL,1.971,0.43,1.671,0.07,1.601,16.01,True,RENDERUSDT,1,FADE,SELL,45619,2026-08-09 22:00:00
1.2612,1.267,47247,47510,264,REVERSE_SIGNAL,1.169,0.733,0.456,0.07,0.386,3.86,True,RENDERUSDT,1,FADE,BUY,47235,2026-08-15 12:40:00
1.2709,1.256,47693,47980,288,REVERSE_SIGNAL,1.41,0.636,1.174,0.07,1.104,11.04,True,RENDERUSDT,1,FADE,SELL,47688,2026-08-17 02:25:00
1.2479,1.267,47982,48097,116,REVERSE_SIGNAL,1.773,0.23,1.533,0.07,1.463,14.63,True,RENDERUSDT,1,FADE,BUY,47980,2026-08-18 02:45:00
1.2597,1.268,48235,48347,113,REVERSE_SIGNAL,0.82,0.45,0.662,0.07,0.592,5.92,True,RENDERUSDT,1,FADE,BUY,48219,2026-08-18 22:40:00
1.503,1.4729,49168,49207,40,TP,2.262,2.129,2.0,0.1,1.9,19.0,True,RENDERUSDT,1,TREND,SELL,49167,2026-08-22 05:40:00
1.505,1.5351,49854,49859,6,TP,2.658,0.133,2.0,0.1,1.9,19.0,True,RENDERUSDT,1,TREND,BUY,49853,2026-08-24 14:50:00
0.0667,0.0686,333,467,135,REVERSE_SIGNAL,0.15,3.001,-2.926,0.1,-3.026,-30.26,False,SEIUSDT,1,TREND,SELL,332,2026-03-05 16:05:00
0.0635,0.0647,1544,1551,8,TP,3.072,0.221,2.0,0.1,1.9,19.0,True,SEIUSDT,1,TREND,BUY,1543,2026-03-09 21:00:00
0.0639,0.0617,1994,2053,60,SL,0.156,3.613,-3.524,0.1,-3.624,-36.24,False,SEIUSDT,1,TREND,BUY,1993,2026-03-11 10:30:00
0.0657,0.067,2713,2778,66,TP,2.009,0.167,2.0,0.07,1.93,19.3,True,SEIUSDT,1,FADE,BUY,2712,2026-03-13 22:25:00
0.0605,0.0593,5381,5407,27,TP,2.048,0.231,2.0,0.07,1.93,19.3,True,SEIUSDT,1,FADE,SELL,5368,2026-03-23 03:45:00
0.0613,0.0601,5716,5775,60,TP,2.272,0.516,2.0,0.07,1.93,19.3,True,SEIUSDT,1,FADE,SELL,5704,2026-03-24 07:45:00
0.0551,0.0541,6864,7028,165,REVERSE_SIGNAL,1.852,0.345,1.815,0.07,1.745,17.45,True,SEIUSDT,1,FADE,SELL,6850,2026-03-28 07:15:00
0.054,0.0529,7381,7414,34,TP,2.083,0.011,2.0,0.07,1.93,19.3,True,SEIUSDT,1,FADE,SELL,7373,2026-03-30 02:50:00
0.0527,0.0516,7524,7558,35,TP,2.05,0.664,2.0,0.1,1.9,19.0,True,SEIUSDT,1,TREND,SELL,7523,2026-03-30 15:20:00
0.0513,0.0523,7631,7655,25,REVERSE_SIGNAL,0.273,2.829,-2.048,0.1,-2.148,-21.48,False,SEIUSDT,1,TREND,SELL,7630,2026-03-31 00:15:00
0.0523,0.0511,7656,7716,61,REVERSE_SIGNAL,0.0,2.351,-2.294,0.1,-2.394,-23.94,False,SEIUSDT,1,TREND,BUY,7655,2026-03-31 02:20:00
0.0507,0.0497,7878,7897,20,TP,2.02,0.227,2.0,0.07,1.93,19.3,True,SEIUSDT,1,FADE,SELL,7877,2026-03-31 20:50:00
0.0537,0.0526,8140,8224,85,TP,2.179,1.62,2.0,0.1,1.9,19.0,True,SEIUSDT,1,TREND,SELL,8139,2026-04-01 18:40:00
0.0517,0.0528,8525,8557,33,TP,2.377,0.309,2.0,0.1,1.9,19.0,True,SEIUSDT,1,TREND,BUY,8524,2026-04-03 02:45:00
0.0559,0.057,10110,10137,28,TP,2.326,0.0,2.0,0.07,1.93,19.3,True,SEIUSDT,1,FADE,BUY,10107,2026-04-08 14:40:00
0.0563,0.0577,10408,10525,118,SL,1.306,2.567,-2.5,0.07,-2.57,-25.7,False,SEIUSDT,1,FADE,SELL,10405,2026-04-09 15:30:00
0.0553,0.0539,11791,12023,233,SL,1.393,2.587,-2.5,0.07,-2.57,-25.7,False,SEIUSDT,1,FADE,BUY,11776,2026-04-14 09:45:00
0.0547,0.0558,12143,12161,19,TP,2.029,0.238,2.0,0.1,1.9,19.0,True,SEIUSDT,1,TREND,BUY,12142,2026-04-15 16:15:00
0.0607,0.0619,14253,14261,9,TP,2.042,0.231,2.0,0.07,1.93,19.3,True,SEIUSDT,1,FADE,BUY,14240,2026-04-22 23:05:00
0.0573,0.0577,16332,16594,263,REVERSE_SIGNAL,0.931,1.077,0.722,0.07,0.652,6.52,True,SEIUSDT,1,FADE,BUY,16327,2026-04-30 05:00:00
0.0598,0.061,18468,18505,38,TP,2.371,0.002,2.0,0.07,1.93,19.3,True,SEIUSDT,1,FADE,BUY,18467,2026-05-07 15:20:00
0.0664,0.0679,18973,19046,74,SL,0.527,2.272,-2.124,0.1,-2.224,-22.24,False,SEIUSDT,1,TREND,SELL,18972,2026-05-09 09:25:00
0.0703,0.0717,19337,19344,8,TP,2.406,0.256,2.0,0.1,1.9,19.0,True,SEIUSDT,1,TREND,BUY,19336,2026-05-10 15:45:00
0.0728,0.0754,19474,19500,27,SL,0.179,4.052,-3.5,0.1,-3.6,-36.0,False,SEIUSDT,1,TREND,SELL,19473,2026-05-11 03:10:00
0.0769,0.0742,19510,19535,26,SL,0.663,3.575,-3.5,0.1,-3.6,-36.0,False,SEIUSDT,1,TREND,BUY,19509,2026-05-11 06:10:00
0.0708,0.0695,20096,20148,53,REVERSE_SIGNAL,1.879,0.268,1.808,0.07,1.738,17.38,True,SEIUSDT,1,FADE,SELL,20092,2026-05-13 06:45:00
0.0608,0.0623,22103,22343,241,SL,1.004,2.501,-2.5,0.07,-2.57,-25.7,False,SEIUSDT,1,FADE,SELL,22095,2026-05-20 05:40:00
0.063,0.0617,22827,22832,6,TP,2.063,0.048,2.0,0.1,1.9,19.0,True,SEIUSDT,1,TREND,SELL,22826,2026-05-22 18:35:00
0.0622,0.0618,23540,23752,213,REVERSE_SIGNAL,1.115,1.41,0.584,0.07,0.514,5.14,True,SEIUSDT,1,FADE,SELL,23523,2026-05-25 04:40:00
0.0682,0.0668,24611,24640,30,TP,2.053,0.308,2.0,0.1,1.9,19.0,True,SEIUSDT,1,TREND,SELL,24610,2026-05-28 23:15:00
0.0683,0.0659,24732,24761,30,SL,0.322,3.515,-3.5,0.1,-3.6,-36.0,False,SEIUSDT,1,TREND,BUY,24731,2026-05-29 09:20:00
0.0659,0.0646,24767,24775,9,TP,3.158,0.258,2.0,0.1,1.9,19.0,True,SEIUSDT,1,TREND,SELL,24766,2026-05-29 12:15:00
0.0668,0.0682,24822,24913,92,TP,2.065,3.232,2.0,0.1,1.9,19.0,True,SEIUSDT,1,TREND,BUY,24821,2026-05-29 16:50:00
0.0673,0.0662,25075,25180,106,REVERSE_SIGNAL,1.188,2.258,-1.708,0.1,-1.808,-18.08,False,SEIUSDT,1,TREND,BUY,25074,2026-05-30 13:55:00
0.0682,0.0668,25262,25278,17,TP,2.02,0.181,2.0,0.07,1.93,19.3,True,SEIUSDT,1,FADE,SELL,25256,2026-05-31 05:05:00
0.0656,0.0669,25390,25445,56,TP,2.276,0.805,2.0,0.07,1.93,19.3,True,SEIUSDT,1,FADE,BUY,25377,2026-05-31 15:10:00
0.0694,0.0708,25697,25716,20,TP,2.118,0.965,2.0,0.1,1.9,19.0,True,SEIUSDT,1,TREND,BUY,25696,2026-06-01 17:45:00
0.0686,0.0672,25853,25882,30,TP,2.012,0.262,2.0,0.1,1.9,19.0,True,SEIUSDT,1,TREND,SELL,25852,2026-06-02 06:45:00
0.0645,0.0632,26193,26230,38,TP,2.131,0.845,2.0,0.07,1.93,19.3,True,SEIUSDT,1,FADE,SELL,26189,2026-06-03 10:50:00
0.0617,0.0604,26257,26302,46,TP,2.043,1.492,2.0,0.1,1.9,19.0,True,SEIUSDT,1,TREND,SELL,26256,2026-06-03 16:25:00
0.0484,0.0457,26896,26975,80,REVERSE_SIGNAL,0.165,5.954,-5.479,0.1,-5.579,-55.79,False,SEIUSDT,1,TREND,BUY,26895,2026-06-05 21:40:00
0.0457,0.0448,26976,26978,3,TP,2.318,0.262,2.0,0.1,1.9,19.0,True,SEIUSDT,1,TREND,SELL,26975,2026-06-06 04:20:00
0.0485,0.0476,27036,27041,6,TP,2.111,0.196,2.0,0.07,1.93,19.3,True,SEIUSDT,1,FADE,SELL,27029,2026-06-06 08:50:00
0.0463,0.0472,27188,27223,36,TP,2.152,0.007,2.0,0.07,1.93,19.3,True,SEIUSDT,1,FADE,BUY,27173,2026-06-06 20:50:00
0.048,0.049,27230,27273,44,TP,2.167,0.458,2.0,0.1,1.9,19.0,True,SEIUSDT,1,TREND,BUY,27229,2026-06-07 01:30:00
0.0482,0.0499,27441,27477,37,SL,1.245,4.481,-3.5,0.1,-3.6,-36.0,False,SEIUSDT,1,TREND,SELL,27440,2026-06-07 19:05:00
0.049,0.048,27790,27794,5,TP,2.144,0.388,2.0,0.1,1.9,19.0,True,SEIUSDT,1,TREND,SELL,27789,2026-06-09 00:10:00
0.0487,0.0477,28087,28102,16,TP,2.061,0.075,2.0,0.07,1.93,19.3,True,SEIUSDT,1,FADE,SELL,28086,2026-06-10 00:55:00
0.0474,0.0464,28123,28212,90,TP,2.132,0.507,2.0,0.1,1.9,19.0,True,SEIUSDT,1,TREND,SELL,28122,2026-06-10 03:55:00
0.0465,0.0456,28319,28342,24,TP,2.021,0.323,2.0,0.1,1.9,19.0,True,SEIUSDT,1,TREND,SELL,28318,2026-06-10 20:15:00
0.0536,0.0525,29243,29401,159,TP,2.091,1.027,2.0,0.1,1.9,19.0,True,SEIUSDT,1,TREND,SELL,29242,2026-06-14 01:15:00
0.0543,0.0532,29748,29832,85,TP,2.007,0.405,2.0,0.1,1.9,19.0,True,SEIUSDT,1,TREND,SELL,29747,2026-06-15 19:20:00
0.0546,0.0536,29928,29961,34,TP,2.379,0.238,2.0,0.07,1.93,19.3,True,SEIUSDT,1,FADE,SELL,29912,2026-06-16 09:05:00
0.0541,0.0552,30049,30050,2,TP,2.622,0.074,2.0,0.1,1.9,19.0,True,SEIUSDT,1,TREND,BUY,30048,2026-06-16 20:25:00
0.054,0.0557,30197,30275,79,REVERSE_SIGNAL,0.352,3.205,-3.205,0.1,-3.305,-33.05,False,SEIUSDT,1,TREND,SELL,30196,2026-06-17 08:45:00
0.0557,0.0568,30276,30283,8,TP,2.388,0.18,2.0,0.1,1.9,19.0,True,SEIUSDT,1,TREND,BUY,30275,2026-06-17 15:20:00
0.0548,0.0537,30349,30427,79,TP,2.026,1.296,2.0,0.1,1.9,19.0,True,SEIUSDT,1,TREND,SELL,30348,2026-06-17 21:25:00
0.054,0.0549,30757,30833,77,SL,1.815,1.778,-1.69,0.1,-1.79,-17.9,False,SEIUSDT,1,TREND,SELL,30756,2026-06-19 07:25:00
0.0532,0.0542,30911,30961,51,TP,2.036,0.127,2.0,0.07,1.93,19.3,True,SEIUSDT,1,FADE,BUY,30904,2026-06-19 19:45:00
0.0555,0.0544,31038,31115,78,TP,2.114,0.355,2.0,0.07,1.93,19.3,True,SEIUSDT,1,FADE,SELL,31030,2026-06-20 06:15:00
0.0545,0.0556,31233,31255,23,TP,2.164,0.275,2.0,0.1,1.9,19.0,True,SEIUSDT,1,TREND,BUY,31232,2026-06-20 23:05:00
0.0549,0.0539,31732,31800,69,TP,2.038,0.419,2.0,0.1,1.9,19.0,True,SEIUSDT,1,TREND,SELL,31731,2026-06-22 16:40:00
0.0538,0.0528,32252,32265,14,TP,2.161,0.347,2.0,0.07,1.93,19.3,True,SEIUSDT,1,FADE,SELL,32250,2026-06-24 11:55:00
0.0522,0.0512,32279,32320,42,TP,2.184,2.874,2.0,0.1,1.9,19.0,True,SEIUSDT,1,TREND,SELL,32278,2026-06-24 14:15:00
0.0545,0.0556,32356,32397,42,TP,2.128,0.532,2.0,0.1,1.9,19.0,True,SEIUSDT,1,TREND,BUY,32355,2026-06-24 20:40:00
0.0563,0.0552,32624,32708,85,TP,2.042,2.149,2.0,0.1,1.9,19.0,True,SEIUSDT,1,TREND,SELL,32623,2026-06-25 19:00:00
0.0538,0.0527,32961,32971,11,TP,2.036,0.251,2.0,0.07,1.93,19.3,True,SEIUSDT,1,FADE,SELL,32959,2026-06-26 23:00:00
0.0491,0.0501,33563,33624,62,REVERSE_SIGNAL,0.734,2.222,-2.12,0.1,-2.22,-22.2,False,SEIUSDT,1,TREND,SELL,33562,2026-06-29 01:15:00
0.0491,0.05,33728,33754,27,TP,2.218,0.065,2.0,0.07,1.93,19.3,True,SEIUSDT,1,FADE,BUY,33727,2026-06-29 15:00:00
0.0502,0.0492,33931,33938,8,TP,2.065,0.184,2.0,0.07,1.93,19.3,True,SEIUSDT,1,FADE,SELL,33912,2026-06-30 06:25:00
0.0479,0.0488,34289,34352,64,TP,2.109,1.545,2.0,0.1,1.9,19.0,True,SEIUSDT,1,TREND,BUY,34288,2026-07-01 13:45:00
0.0486,0.0476,34550,34599,50,TP,2.278,1.509,2.0,0.07,1.93,19.3,True,SEIUSDT,1,FADE,SELL,34545,2026-07-02 11:10:00
0.0502,0.0492,35169,35301,133,TP,2.244,1.059,2.0,0.07,1.93,19.3,True,SEIUSDT,1,FADE,SELL,35167,2026-07-04 15:00:00
0.0491,0.0492,35302,35495,194,REVERSE_SIGNAL,0.504,2.427,0.056,0.07,-0.014,-0.14,False,SEIUSDT,1,FADE,BUY,35301,2026-07-05 02:10:00
0.0494,0.0504,36894,36917,24,TP,2.197,0.008,2.0,0.07,1.93,19.3,True,SEIUSDT,1,FADE,BUY,36893,2026-07-10 14:50:00
0.0479,0.047,38937,38961,25,TP,2.18,0.136,2.0,0.07,1.93,19.3,True,SEIUSDT,1,FADE,SELL,38924,2026-07-17 16:05:00
0.0468,0.0465,39239,39364,126,REVERSE_SIGNAL,0.965,0.359,0.794,0.07,0.724,7.24,True,SEIUSDT,1,FADE,SELL,39236,2026-07-18 18:05:00
0.0464,0.0462,39379,39720,342,REVERSE_SIGNAL,1.196,2.385,-0.336,0.07,-0.406,-4.06,False,SEIUSDT,1,FADE,BUY,39364,2026-07-19 04:45:00
0.0457,0.0459,40665,40831,167,REVERSE_SIGNAL,0.598,1.241,0.51,0.07,0.44,4.4,True,SEIUSDT,1,FADE,BUY,40646,2026-07-23 15:35:00
0.0441,0.0445,41193,41485,293,REVERSE_SIGNAL,0.437,2.24,-0.879,0.07,-0.949,-9.49,False,SEIUSDT,1,FADE,SELL,41192,2026-07-25 13:05:00
0.0441,0.043,41798,41884,87,SL,1.371,2.73,-2.5,0.07,-2.57,-25.7,False,SEIUSDT,1,FADE,BUY,41789,2026-07-27 14:50:00
0.042,0.0425,42234,42415,182,REVERSE_SIGNAL,1.548,1.143,1.214,0.07,1.144,11.44,True,SEIUSDT,1,FADE,BUY,42227,2026-07-29 03:20:00
0.0425,0.0414,42416,42433,18,REVERSE_SIGNAL,0.0,3.176,-2.635,0.1,-2.735,-27.35,False,SEIUSDT,1,TREND,BUY,42415,2026-07-29 19:00:00
0.0414,0.0422,42434,42603,170,REVERSE_SIGNAL,0.821,2.199,-1.836,0.1,-1.936,-19.36,False,SEIUSDT,1,TREND,SELL,42433,2026-07-29 20:30:00
0.0416,0.0413,43364,43482,119,REVERSE_SIGNAL,0.789,0.655,0.644,0.07,0.574,5.74,True,SEIUSDT,1,FADE,SELL,43356,2026-08-02 01:25:00
0.0416,0.0414,43793,44005,213,REVERSE_SIGNAL,0.789,0.824,0.476,0.07,0.406,4.06,True,SEIUSDT,1,FADE,SELL,43789,2026-08-03 13:30:00
0.0416,0.0409,44562,44607,46,REVERSE_SIGNAL,1.583,0.078,1.534,0.07,1.464,14.64,True,SEIUSDT,1,FADE,SELL,44559,2026-08-06 05:40:00
0.0419,0.0412,44683,44766,84,REVERSE_SIGNAL,1.806,0.486,1.663,0.07,1.593,15.93,True,SEIUSDT,1,FADE,SELL,44665,2026-08-06 14:30:00
0.0419,0.0413,45559,45636,78,REVERSE_SIGNAL,1.448,0.772,1.352,0.07,1.282,12.82,True,SEIUSDT,1,FADE,SELL,45549,2026-08-09 16:10:00
0.0419,0.0415,45734,45901,168,REVERSE_SIGNAL,1.352,0.199,1.018,0.07,0.948,9.48,True,SEIUSDT,1,FADE,SELL,45733,2026-08-10 07:30:00
0.0403,0.0395,46363,46482,120,TP,2.273,0.73,2.0,0.07,1.93,19.3,True,SEIUSDT,1,FADE,SELL,46362,2026-08-12 11:55:00
0.0398,0.0404,46485,46540,56,REVERSE_SIGNAL,1.51,0.074,1.485,0.07,1.415,14.15,True,SEIUSDT,1,FADE,BUY,46484,2026-08-12 22:05:00
0.0472,0.0462,49168,49219,52,TP,2.331,2.416,2.0,0.1,1.9,19.0,True,SEIUSDT,1,TREND,SELL,49167,2026-08-22 05:40:00
0.0463,0.0453,49416,49435,20,TP,2.745,0.886,2.0,0.1,1.9,19.0,True,SEIUSDT,1,TREND,SELL,49415,2026-08-23 02:20:00
0.0468,0.0479,49698,49829,132,REVERSE_SIGNAL,1.304,2.459,-2.437,0.1,-2.537,-25.37,False,SEIUSDT,1,TREND,SELL,49697,2026-08-24 01:50:00
0.048,0.0478,49996,49999,4,REVERSE_SIGNAL,0.563,0.104,0.354,0.07,0.284,2.84,True,SEIUSDT,1,FADE,SELL,49995,2026-08-25 02:40:00
92.73,89.4756,267,322,56,SL,0.194,3.656,-3.51,0.1,-3.61,-36.1,False,SOLUSDT,1,TREND,BUY,266,2026-03-05 10:30:00
84.338,82.6512,1332,1377,46,TP,2.084,0.287,2.0,0.07,1.93,19.3,True,SOLUSDT,1,FADE,SELL,1331,2026-03-09 03:15:00
86.45,85.81,2040,2183,144,REVERSE_SIGNAL,1.862,2.267,-0.74,0.1,-0.84,-8.4,False,SOLUSDT,1,TREND,BUY,2039,2026-03-11 14:15:00
90.72,89.97,5459,5650,192,REVERSE_SIGNAL,1.675,2.69,-0.827,0.1,-0.927,-9.27,False,SOLUSDT,1,TREND,BUY,5458,2026-03-23 11:10:00
89.9,90.3,5781,5885,105,REVERSE_SIGNAL,1.724,0.923,-0.445,0.1,-0.545,-5.45,False,SOLUSDT,1,TREND,SELL,5780,2026-03-24 14:00:00
81.72,79.677,7042,7325,284,SL,1.799,3.61,-2.5,0.07,-2.57,-25.7,False,SOLUSDT,1,FADE,BUY,7028,2026-03-28 22:00:00
82.72,83.8155,8086,8101,16,SL,0.097,1.366,-1.324,0.1,-1.424,-14.24,False,SOLUSDT,1,TREND,SELL,8085,2026-04-01 14:05:00
79.3133,80.0,9142,9293,152,REVERSE_SIGNAL,1.257,1.089,0.866,0.07,0.796,7.96,True,SOLUSDT,1,FADE,BUY,9129,2026-04-05 05:05:00
82.84,83.7,10107,10411,305,REVERSE_SIGNAL,1.787,1.606,-1.038,0.1,-1.138,-11.38,False,SOLUSDT,1,TREND,SELL,10106,2026-04-08 14:30:00
82.68,84.3336,10549,10660,112,TP,2.068,0.06,2.0,0.07,1.93,19.3,True,SOLUSDT,1,FADE,BUY,10548,2026-04-10 03:20:00
83.94,84.61,10868,10992,125,REVERSE_SIGNAL,1.072,0.226,0.798,0.07,0.728,7.28,True,SOLUSDT,1,FADE,BUY,10850,2026-04-11 04:30:00
85.154,86.15,14605,14679,75,REVERSE_SIGNAL,1.275,0.427,1.17,0.07,1.1,11.0,True,SOLUSDT,1,FADE,BUY,14604,2026-04-24 05:20:00
86.5845,85.78,14686,15027,342,REVERSE_SIGNAL,1.299,0.387,0.929,0.07,0.859,8.59,True,SOLUSDT,1,FADE,SELL,14679,2026-04-24 11:35:00
85.955,86.8,15275,15341,67,REVERSE_SIGNAL,1.181,0.041,0.983,0.07,0.913,9.13,True,SOLUSDT,1,FADE,BUY,15273,2026-04-26 13:05:00
90.095,88.2931,18375,18458,84,TP,2.192,0.339,2.0,0.07,1.93,19.3,True,SOLUSDT,1,FADE,SELL,18372,2026-05-07 07:20:00
94.5867,96.9513,19256,19629,374,SL,1.91,3.239,-2.5,0.07,-2.57,-25.7,False,SOLUSDT,1,FADE,SELL,19245,2026-05-10 08:05:00
86.987,86.28,21225,21334,110,REVERSE_SIGNAL,0.905,0.302,0.813,0.07,0.743,7.43,True,SOLUSDT,1,FADE,SELL,21221,2026-05-17 04:45:00
84.39,84.75,21868,22100,233,REVERSE_SIGNAL,0.806,0.912,0.427,0.07,0.357,3.57,True,SOLUSDT,1,FADE,BUY,21865,2026-05-19 10:25:00
85.4367,87.1454,22466,22523,58,TP,2.064,0.207,2.0,0.07,1.93,19.3,True,SOLUSDT,1,FADE,BUY,22449,2026-05-21 11:05:00
87.9417,86.54,22526,22681,156,REVERSE_SIGNAL,1.685,0.044,1.594,0.07,1.524,15.24,True,SOLUSDT,1,FADE,SELL,22525,2026-05-21 17:25:00
85.99,85.43,23531,23718,188,REVERSE_SIGNAL,0.861,0.581,0.651,0.07,0.581,5.81,True,SOLUSDT,1,FADE,SELL,23530,2026-05-25 05:10:00
82.6417,81.33,24549,24771,223,REVERSE_SIGNAL,1.587,0.409,1.587,0.07,1.517,15.17,True,SOLUSDT,1,FADE,SELL,24537,2026-05-28 17:05:00
83.1018,82.34,24826,25029,204,REVERSE_SIGNAL,1.891,0.13,0.917,0.07,0.847,8.47,True,SOLUSDT,1,FADE,SELL,24815,2026-05-29 16:15:00
82.326,82.83,25039,25110,72,REVERSE_SIGNAL,0.697,0.202,0.612,0.07,0.542,5.42,True,SOLUSDT,1,FADE,BUY,25029,2026-05-30 10:05:00
73.41,71.9418,26248,26257,10,TP,2.03,0.354,2.0,0.1,1.9,19.0,True,SOLUSDT,1,TREND,SELL,26247,2026-06-03 15:35:00
63.72,64.9944,27230,27315,86,TP,2.26,1.099,2.0,0.1,1.9,19.0,True,SOLUSDT,1,TREND,BUY,27229,2026-06-07 01:25:00
66.27,67.5954,27485,27682,198,TP,2.279,2.037,2.0,0.1,1.9,19.0,True,SOLUSDT,1,TREND,BUY,27484,2026-06-07 22:40:00
67.19,65.81,27856,27947,92,REVERSE_SIGNAL,0.387,2.128,-2.054,0.1,-2.154,-21.54,False,SOLUSDT,1,TREND,BUY,27855,2026-06-09 05:35:00
62.92,64.79,28332,28385,54,REVERSE_SIGNAL,1.001,3.481,-2.972,0.1,-3.072,-30.72,False,SOLUSDT,1,TREND,SELL,28331,2026-06-10 21:15:00
66.43,67.34,28928,29054,127,REVERSE_SIGNAL,1.686,0.0,1.37,0.07,1.3,13.0,True,SOLUSDT,1,FADE,BUY,28921,2026-06-12 22:25:00
72.64,73.78,29979,30285,307,REVERSE_SIGNAL,1.514,2.478,-1.569,0.1,-1.669,-16.69,False,SOLUSDT,1,TREND,SELL,29978,2026-06-16 14:30:00
74.418,72.9296,30289,30308,20,TP,2.201,0.325,2.0,0.07,1.93,19.3,True,SOLUSDT,1,FADE,SELL,30285,2026-06-17 16:05:00
71.91,70.4718,30334,30563,230,TP,2.587,1.015,2.0,0.1,1.9,19.0,True,SOLUSDT,1,TREND,SELL,30333,2026-06-17 20:05:00
72.65,73.97,31500,31598,99,REVERSE_SIGNAL,0.537,3.193,-1.817,0.1,-1.917,-19.17,False,SOLUSDT,1,TREND,SELL,31499,2026-06-21 21:15:00
72.1125,70.6702,33365,33497,133,TP,2.666,0.371,2.0,0.07,1.93,19.3,True,SOLUSDT,1,FADE,SELL,33364,2026-06-28 08:40:00
73.82,71.9745,33886,33992,107,SL,0.555,2.669,-2.5,0.07,-2.57,-25.7,False,SOLUSDT,1,FADE,BUY,33884,2026-06-30 04:00:00
74.12,75.6024,34151,34170,20,TP,2.037,0.108,2.0,0.1,1.9,19.0,True,SOLUSDT,1,TREND,BUY,34150,2026-07-01 02:10:00
82.32,80.85,36049,36107,59,REVERSE_SIGNAL,0.534,1.944,-1.786,0.1,-1.886,-18.86,False,SOLUSDT,1,TREND,BUY,36048,2026-07-07 16:20:00
80.4575,78.4461,36116,36170,55,SL,0.799,2.706,-2.5,0.07,-2.57,-25.7,False,SOLUSDT,1,FADE,BUY,36107,2026-07-07 21:15:00
77.3383,78.13,36890,37167,278,REVERSE_SIGNAL,1.412,0.399,1.024,0.07,0.954,9.54,True,SOLUSDT,1,FADE,BUY,36888,2026-07-10 14:20:00
75.4267,77.3123,37934,38028,95,SL,0.831,3.027,-2.5,0.07,-2.57,-25.7,False,SOLUSDT,1,FADE,SELL,37933,2026-07-14 05:25:00
77.261,78.8062,40245,40357,113,TP,2.057,0.415,2.0,0.07,1.93,19.3,True,SOLUSDT,1,FADE,BUY,40242,2026-07-22 05:50:00
78.7057,77.55,40358,40511,154,REVERSE_SIGNAL,1.837,0.094,1.468,0.07,1.398,13.98,True,SOLUSDT,1,FADE,SELL,40357,2026-07-22 15:25:00
75.21,73.3297,41798,41913,116,SL,1.33,3.204,-2.5,0.07,-2.57,-25.7,False,SOLUSDT,1,FADE,BUY,41791,2026-07-27 14:55:00
74.436,73.34,42102,42179,78,REVERSE_SIGNAL,1.647,0.14,1.472,0.07,1.402,14.02,True,SOLUSDT,1,FADE,SELL,42089,2026-07-28 15:45:00
73.32,74.05,42180,42301,122,REVERSE_SIGNAL,1.337,0.9,0.996,0.07,0.926,9.26,True,SOLUSDT,1,FADE,BUY,42179,2026-07-28 23:15:00
73.74,71.8965,42816,43262,447,SL,1.044,2.834,-2.5,0.07,-2.57,-25.7,False,SOLUSDT,1,FADE,BUY,42815,2026-07-31 04:15:00
73.2155,73.92,44026,44059,34,REVERSE_SIGNAL,1.003,0.212,0.962,0.07,0.892,8.92,True,SOLUSDT,1,FADE,BUY,44024,2026-08-04 09:00:00
73.2155,73.3,44611,44888,278,REVERSE_SIGNAL,0.512,1.264,0.115,0.07,0.045,0.45,True,SOLUSDT,1,FADE,BUY,44610,2026-08-06 09:50:00
76.4014,75.33,46678,46708,31,REVERSE_SIGNAL,1.782,0.208,1.402,0.07,1.332,13.32,True,SOLUSDT,1,FADE,SELL,46673,2026-08-13 13:45:00
75.2914,76.34,46709,46780,72,REVERSE_SIGNAL,1.486,0.068,1.393,0.07,1.323,13.23,True,SOLUSDT,1,FADE,BUY,46708,2026-08-13 16:40:00
75.5746,75.12,47115,47187,73,REVERSE_SIGNAL,0.641,0.14,0.601,0.07,0.531,5.31,True,SOLUSDT,1,FADE,SELL,47114,2026-08-15 02:30:00
75.5746,75.14,47567,47598,32,REVERSE_SIGNAL,0.76,0.153,0.575,0.07,0.505,5.05,True,SOLUSDT,1,FADE,SELL,47562,2026-08-16 15:50:00
96.61,93.2287,49398,49437,40,SL,1.76,3.561,-3.5,0.1,-3.6,-36.0,False,SOLUSDT,1,TREND,BUY,49397,2026-08-23 00:45:00
92.38,94.76,49461,49540,80,REVERSE_SIGNAL,0.639,2.674,-2.576,0.1,-2.676,-26.76,False,SOLUSDT,1,TREND,SELL,49460,2026-08-23 06:00:00
95.99,97.9098,49828,49946,119,TP,2.375,1.823,2.0,0.1,1.9,19.0,True,SOLUSDT,1,TREND,BUY,49827,2026-08-24 12:35:00
0.3333,0.3442,349,392,44,REVERSE_SIGNAL,0.69,3.36,-3.27,0.1,-3.37,-33.7,False,TIAUSDT,1,TREND,SELL,348,2026-03-05 17:20:00
0.3371,0.3304,581,603,23,TP,2.937,1.483,2.0,0.1,1.9,19.0,True,TIAUSDT,1,TREND,SELL,580,2026-03-06 12:40:00
0.3252,0.3317,1361,1525,165,TP,2.337,2.645,2.0,0.1,1.9,19.0,True,TIAUSDT,1,TREND,BUY,1360,2026-03-09 05:40:00
0.3305,0.3355,2198,2387,190,REVERSE_SIGNAL,1.815,1.634,-1.513,0.1,-1.613,-16.13,False,TIAUSDT,1,TREND,SELL,2197,2026-03-12 03:25:00
0.3355,0.3422,2388,2432,45,TP,2.683,0.119,2.0,0.1,1.9,19.0,True,TIAUSDT,1,TREND,BUY,2387,2026-03-12 19:15:00
0.3432,0.3475,2987,3032,46,REVERSE_SIGNAL,1.559,0.102,1.238,0.07,1.168,11.68,True,TIAUSDT,1,FADE,BUY,2979,2026-03-14 20:35:00
0.3702,0.3738,3653,3858,206,REVERSE_SIGNAL,1.216,1.567,-0.972,0.1,-1.072,-10.72,False,TIAUSDT,1,TREND,SELL,3652,2026-03-17 04:40:00
0.3308,0.335,4640,4816,177,REVERSE_SIGNAL,1.759,0.659,1.276,0.07,1.206,12.06,True,TIAUSDT,1,FADE,BUY,4629,2026-03-20 14:05:00
0.3106,0.3208,5413,5457,45,SL,0.161,5.666,-3.278,0.1,-3.378,-33.78,False,TIAUSDT,1,TREND,SELL,5412,2026-03-23 07:20:00
0.3249,0.3314,5460,5707,248,TP,2.308,1.385,2.0,0.1,1.9,19.0,True,TIAUSDT,1,TREND,BUY,5459,2026-03-23 11:15:00
0.2935,0.2937,7049,7312,264,REVERSE_SIGNAL,0.92,1.84,0.068,0.07,-0.002,-0.02,False,TIAUSDT,1,FADE,BUY,7041,2026-03-28 23:05:00
0.2911,0.298,7743,7834,92,SL,0.653,2.679,-2.386,0.1,-2.486,-24.86,False,TIAUSDT,1,TREND,SELL,7742,2026-03-31 09:30:00
0.2978,0.3052,7879,8068,190,SL,1.805,3.232,-2.5,0.07,-2.57,-25.7,False,TIAUSDT,1,FADE,SELL,7875,2026-03-31 20:35:00
0.286,0.2917,9353,9365,13,TP,2.063,0.0,2.0,0.1,1.9,19.0,True,TIAUSDT,1,TREND,BUY,9352,2026-04-05 23:40:00
0.292,0.2978,11359,11537,179,TP,2.058,0.545,2.0,0.07,1.93,19.3,True,TIAUSDT,1,FADE,BUY,11357,2026-04-12 22:45:00
0.415,0.4067,12932,12942,11,TP,2.241,0.0,2.0,0.1,1.9,19.0,True,TIAUSDT,1,TREND,SELL,12931,2026-04-18 09:55:00
0.4029,0.3948,13211,13220,10,TP,2.308,0.0,2.0,0.07,1.93,19.3,True,TIAUSDT,1,FADE,SELL,13196,2026-04-19 08:00:00
0.3887,0.3809,13289,13310,22,TP,2.598,0.515,2.0,0.1,1.9,19.0,True,TIAUSDT,1,TREND,SELL,13288,2026-04-19 15:40:00
0.3826,0.3903,13421,13476,56,TP,2.248,1.777,2.0,0.1,1.9,19.0,True,TIAUSDT,1,TREND,BUY,13420,2026-04-20 02:40:00
0.3743,0.3775,13680,13968,289,REVERSE_SIGNAL,1.854,2.047,0.866,0.07,0.796,7.96,True,TIAUSDT,1,FADE,BUY,13664,2026-04-20 23:00:00
0.3642,0.3537,14440,14464,25,SL,0.686,2.965,-2.892,0.1,-2.992,-29.92,False,TIAUSDT,1,TREND,BUY,14439,2026-04-23 15:35:00
0.3561,0.3472,14912,15027,116,SL,0.917,2.677,-2.5,0.07,-2.57,-25.7,False,TIAUSDT,1,FADE,BUY,14910,2026-04-25 06:50:00
0.3461,0.353,15482,15580,99,TP,2.074,0.15,2.0,0.07,1.93,19.3,True,TIAUSDT,1,FADE,BUY,15469,2026-04-27 05:25:00
0.3687,0.3761,15880,15888,9,TP,2.034,1.193,2.0,0.1,1.9,19.0,True,TIAUSDT,1,TREND,BUY,15879,2026-04-28 15:35:00
0.3638,0.3565,16129,16162,34,TP,2.804,0.55,2.0,0.1,1.9,19.0,True,TIAUSDT,1,TREND,SELL,16128,2026-04-29 12:20:00
0.3549,0.362,16316,16359,44,TP,2.311,1.183,2.0,0.1,1.9,19.0,True,TIAUSDT,1,TREND,BUY,16315,2026-04-30 03:55:00
0.3578,0.3509,16600,16806,207,REVERSE_SIGNAL,0.922,2.264,-1.928,0.1,-2.028,-20.28,False,TIAUSDT,1,TREND,BUY,16599,2026-05-01 03:35:00
0.3447,0.3516,17422,17443,22,TP,2.072,0.801,2.0,0.07,1.93,19.3,True,TIAUSDT,1,FADE,BUY,17420,2026-05-04 00:00:00
0.3545,0.3427,17450,17544,95,REVERSE_SIGNAL,1.89,3.611,-3.329,0.1,-3.429,-34.29,False,TIAUSDT,1,TREND,BUY,17449,2026-05-04 02:25:00
0.3586,0.3658,17677,17722,46,TP,2.482,1.171,2.0,0.1,1.9,19.0,True,TIAUSDT,1,TREND,BUY,17676,2026-05-04 21:20:00
0.3587,0.3679,17885,17966,82,REVERSE_SIGNAL,0.53,3.373,-2.565,0.1,-2.665,-26.65,False,TIAUSDT,1,TREND,SELL,17884,2026-05-05 14:40:00
0.3751,0.3899,18469,18577,109,REVERSE_SIGNAL,0.56,4.132,-3.946,0.1,-4.046,-40.46,False,TIAUSDT,1,TREND,SELL,18468,2026-05-07 15:20:00
0.3899,0.3977,18578,18614,37,TP,2.411,1.513,2.0,0.1,1.9,19.0,True,TIAUSDT,1,TREND,BUY,18577,2026-05-08 00:25:00
0.4336,0.4414,19024,19124,101,REVERSE_SIGNAL,1.499,2.514,-1.799,0.1,-1.899,-18.99,False,TIAUSDT,1,TREND,SELL,19023,2026-05-09 13:35:00
0.4414,0.4331,19125,19169,45,REVERSE_SIGNAL,0.634,2.537,-1.88,0.1,-1.98,-19.8,False,TIAUSDT,1,TREND,BUY,19124,2026-05-09 22:00:00
0.4387,0.4475,19282,19344,63,TP,2.553,1.14,2.0,0.1,1.9,19.0,True,TIAUSDT,1,TREND,BUY,19281,2026-05-10 11:05:00
0.4373,0.4286,19467,19479,13,TP,2.15,0.206,2.0,0.1,1.9,19.0,True,TIAUSDT,1,TREND,SELL,19466,2026-05-11 02:30:00
0.4487,0.4577,19558,19559,2,TP,3.41,0.022,2.0,0.1,1.9,19.0,True,TIAUSDT,1,TREND,BUY,19557,2026-05-11 10:05:00
0.4414,0.4545,19748,19779,32,SL,0.136,3.217,-2.963,0.1,-3.063,-30.63,False,TIAUSDT,1,TREND,SELL,19747,2026-05-12 01:55:00
0.459,0.4429,19792,19874,83,SL,0.588,4.074,-3.5,0.1,-3.6,-36.0,False,TIAUSDT,1,TREND,BUY,19791,2026-05-12 05:35:00
0.4393,0.4305,19887,19897,11,TP,2.049,0.341,2.0,0.1,1.9,19.0,True,TIAUSDT,1,TREND,SELL,19886,2026-05-12 13:30:00
0.4558,0.4649,19958,19976,19,TP,2.062,0.044,2.0,0.1,1.9,19.0,True,TIAUSDT,1,TREND,BUY,19957,2026-05-12 19:25:00
0.4776,0.468,20170,20180,11,TP,2.052,0.796,2.0,0.1,1.9,19.0,True,TIAUSDT,1,TREND,SELL,20169,2026-05-13 13:05:00
0.4679,0.4773,20475,20482,8,TP,2.137,0.085,2.0,0.1,1.9,19.0,True,TIAUSDT,1,TREND,BUY,20474,2026-05-14 14:30:00
0.4555,0.4464,20618,20654,37,TP,2.13,1.142,2.0,0.1,1.9,19.0,True,TIAUSDT,1,TREND,SELL,20617,2026-05-15 02:25:00
0.4021,0.4117,22431,22522,92,SL,1.865,2.959,-2.392,0.1,-2.492,-24.92,False,TIAUSDT,1,TREND,SELL,22430,2026-05-21 09:30:00
0.4134,0.4217,22523,22525,3,TP,2.008,0.266,2.0,0.1,1.9,19.0,True,TIAUSDT,1,TREND,BUY,22522,2026-05-21 17:10:00
0.4279,0.4193,22832,22838,7,TP,2.15,0.538,2.0,0.1,1.9,19.0,True,TIAUSDT,1,TREND,SELL,22831,2026-05-22 18:55:00
0.4118,0.42,23054,23083,30,TP,2.088,0.729,2.0,0.1,1.9,19.0,True,TIAUSDT,1,TREND,BUY,23053,2026-05-23 13:25:00
0.4189,0.4273,23478,23525,48,TP,2.029,0.859,2.0,0.1,1.9,19.0,True,TIAUSDT,1,TREND,BUY,23477,2026-05-25 00:45:00
0.4587,0.4495,24072,24098,27,TP,2.507,0.872,2.0,0.1,1.9,19.0,True,TIAUSDT,1,TREND,SELL,24071,2026-05-27 02:15:00
0.4516,0.4664,24165,24237,73,REVERSE_SIGNAL,1.816,4.052,-3.277,0.1,-3.377,-33.77,False,TIAUSDT,1,TREND,SELL,24164,2026-05-27 10:00:00
0.4664,0.4501,24238,24259,22,SL,0.086,3.709,-3.5,0.1,-3.6,-36.0,False,TIAUSDT,1,TREND,BUY,24237,2026-05-27 16:05:00
0.4375,0.4287,24307,24371,65,TP,3.497,1.303,2.0,0.1,1.9,19.0,True,TIAUSDT,1,TREND,SELL,24306,2026-05-27 21:50:00
0.4231,0.4083,24636,24670,35,SL,0.662,3.545,-3.5,0.1,-3.6,-36.0,False,TIAUSDT,1,TREND,BUY,24635,2026-05-29 01:15:00
0.4061,0.4203,24766,24802,37,SL,1.551,3.62,-3.5,0.1,-3.6,-36.0,False,TIAUSDT,1,TREND,SELL,24765,2026-05-29 12:05:00
0.4227,0.4312,24810,24831,22,TP,3.549,1.869,2.0,0.1,1.9,19.0,True,TIAUSDT,1,TREND,BUY,24809,2026-05-29 15:45:00
0.4019,0.3938,25471,25506,36,TP,2.134,0.479,2.0,0.07,1.93,19.3,True,TIAUSDT,1,FADE,SELL,25463,2026-05-31 22:15:00
0.3877,0.3799,25559,25630,72,TP,2.347,0.748,2.0,0.1,1.9,19.0,True,TIAUSDT,1,TREND,SELL,25558,2026-06-01 06:10:00
0.3869,0.3975,25855,25933,79,REVERSE_SIGNAL,1.189,3.36,-2.74,0.1,-2.84,-28.4,False,TIAUSDT,1,TREND,SELL,25854,2026-06-02 06:50:00
0.3485,0.3363,26538,26603,66,SL,0.717,3.501,-3.5,0.1,-3.6,-36.0,False,TIAUSDT,1,TREND,BUY,26537,2026-06-04 15:45:00
0.333,0.3263,26611,26671,61,TP,2.523,2.462,2.0,0.1,1.9,19.0,True,TIAUSDT,1,TREND,SELL,26610,2026-06-04 21:50:00
0.2899,0.2841,26974,26978,5,TP,3.311,0.345,2.0,0.1,1.9,19.0,True,TIAUSDT,1,TREND,SELL,26973,2026-06-06 04:05:00
0.3031,0.3092,27448,27456,9,TP,2.062,0.247,2.0,0.07,1.93,19.3,True,TIAUSDT,1,FADE,BUY,27445,2026-06-07 19:25:00
0.3202,0.3266,27483,27695,213,TP,2.436,2.686,2.0,0.1,1.9,19.0,True,TIAUSDT,1,TREND,BUY,27482,2026-06-07 22:30:00
0.3168,0.3105,27783,27795,13,TP,2.557,0.379,2.0,0.1,1.9,19.0,True,TIAUSDT,1,TREND,SELL,27782,2026-06-08 23:30:00
0.3197,0.3261,27857,27945,89,TP,2.69,1.408,2.0,0.1,1.9,19.0,True,TIAUSDT,1,TREND,BUY,27856,2026-06-09 05:40:00
0.3283,0.3217,28079,28095,17,TP,2.288,0.27,2.0,0.07,1.93,19.3,True,TIAUSDT,1,FADE,SELL,28060,2026-06-09 22:40:00
0.3079,0.3017,28315,28330,16,TP,2.241,0.52,2.0,0.1,1.9,19.0,True,TIAUSDT,1,TREND,SELL,28314,2026-06-10 19:50:00
0.3167,0.323,28408,28411,4,TP,2.463,0.126,2.0,0.1,1.9,19.0,True,TIAUSDT,1,TREND,BUY,28407,2026-06-11 03:35:00
0.3287,0.3353,28770,28807,38,TP,3.438,1.126,2.0,0.1,1.9,19.0,True,TIAUSDT,1,TREND,BUY,28769,2026-06-12 09:45:00
0.3207,0.3272,28934,28960,27,TP,2.385,0.016,2.0,0.07,1.93,19.3,True,TIAUSDT,1,FADE,BUY,28933,2026-06-12 23:25:00
0.3304,0.337,29021,29029,9,TP,2.149,0.03,2.0,0.1,1.9,19.0,True,TIAUSDT,1,TREND,BUY,29020,2026-06-13 06:40:00
0.3976,0.3896,30231,30269,39,TP,2.364,1.459,2.0,0.1,1.9,19.0,True,TIAUSDT,1,TREND,SELL,30230,2026-06-17 11:30:00
0.3771,0.3903,30727,30833,107,SL,1.034,4.349,-3.5,0.1,-3.6,-36.0,False,TIAUSDT,1,TREND,SELL,30726,2026-06-19 04:50:00
0.3926,0.3791,30835,30890,56,REVERSE_SIGNAL,1.019,3.795,-3.439,0.1,-3.539,-35.39,False,TIAUSDT,1,TREND,BUY,30834,2026-06-19 13:50:00
0.3815,0.3891,31801,31831,31,TP,2.032,0.223,2.0,0.07,1.93,19.3,True,TIAUSDT,1,FADE,BUY,31794,2026-06-22 21:50:00
0.3981,0.38,31846,31896,51,SL,1.507,4.898,-4.539,0.1,-4.639,-46.39,False,TIAUSDT,1,TREND,BUY,31845,2026-06-23 02:05:00
0.3829,0.3752,31900,31919,20,TP,3.395,0.34,2.0,0.1,1.9,19.0,True,TIAUSDT,1,TREND,SELL,31899,2026-06-23 06:35:00
0.3883,0.3762,31995,32108,114,REVERSE_SIGNAL,0.618,3.219,-3.116,0.1,-3.216,-32.16,False,TIAUSDT,1,TREND,BUY,31994,2026-06-23 14:30:00
0.3629,0.3702,32369,32388,20,TP,2.342,0.524,2.0,0.1,1.9,19.0,True,TIAUSDT,1,TREND,BUY,32368,2026-06-24 21:40:00
0.3646,0.3573,32546,32560,15,TP,2.03,2.222,2.0,0.1,1.9,19.0,True,TIAUSDT,1,TREND,SELL,32545,2026-06-25 12:25:00
0.3612,0.3684,32772,32869,98,TP,2.159,3.184,2.0,0.1,1.9,19.0,True,TIAUSDT,1,TREND,BUY,32771,2026-06-26 07:15:00
0.384,0.3724,33082,33118,37,REVERSE_SIGNAL,0.0,3.307,-3.021,0.1,-3.121,-31.21,False,TIAUSDT,1,TREND,BUY,33081,2026-06-27 09:05:00
0.37,0.3773,33124,33142,19,TP,2.041,0.149,2.0,0.07,1.93,19.3,True,TIAUSDT,1,FADE,BUY,33118,2026-06-27 12:10:00
0.3683,0.3799,33470,33550,81,SL,1.466,3.313,-3.141,0.1,-3.241,-32.41,False,TIAUSDT,1,TREND,SELL,33469,2026-06-28 17:25:00
0.3759,0.3834,33571,33586,16,TP,2.394,1.676,2.0,0.1,1.9,19.0,True,TIAUSDT,1,TREND,BUY,33570,2026-06-29 01:50:00
0.3675,0.3749,34174,34227,54,TP,2.095,1.66,2.0,0.1,1.9,19.0,True,TIAUSDT,1,TREND,BUY,34173,2026-07-01 04:05:00
0.3632,0.3559,34357,34412,56,TP,2.395,1.322,2.0,0.1,1.9,19.0,True,TIAUSDT,1,TREND,SELL,34356,2026-07-01 19:20:00
0.3658,0.3731,34470,34557,88,TP,3.007,1.968,2.0,0.1,1.9,19.0,True,TIAUSDT,1,TREND,BUY,34469,2026-07-02 04:45:00
0.389,0.3993,35087,35177,91,REVERSE_SIGNAL,0.746,3.111,-2.648,0.1,-2.748,-27.48,False,TIAUSDT,1,TREND,SELL,35086,2026-07-04 08:10:00
0.3993,0.4073,35178,35188,11,TP,2.905,0.426,2.0,0.1,1.9,19.0,True,TIAUSDT,1,TREND,BUY,35177,2026-07-04 15:45:00
0.3957,0.4036,35503,35518,16,TP,2.098,0.531,2.0,0.1,1.9,19.0,True,TIAUSDT,1,TREND,BUY,35502,2026-07-05 18:50:00
0.3856,0.3779,35632,35667,36,TP,2.282,0.934,2.0,0.1,1.9,19.0,True,TIAUSDT,1,TREND,SELL,35631,2026-07-06 05:35:00
0.3796,0.3866,35878,35968,91,REVERSE_SIGNAL,1.528,2.081,-1.844,0.1,-1.944,-19.44,False,TIAUSDT,1,TREND,SELL,35877,2026-07-07 02:05:00
0.38,0.3724,36113,36116,4,TP,2.026,0.368,2.0,0.1,1.9,19.0,True,TIAUSDT,1,TREND,SELL,36112,2026-07-07 21:40:00
0.3896,0.3821,36224,36242,19,SL,1.643,1.925,-1.918,0.1,-2.018,-20.18,False,TIAUSDT,1,TREND,BUY,36223,2026-07-08 06:55:00
0.4081,0.3999,36876,36890,15,TP,2.45,0.686,2.0,0.1,1.9,19.0,True,TIAUSDT,1,TREND,SELL,36875,2026-07-10 13:15:00
0.3956,0.4035,37298,37319,22,TP,2.048,0.329,2.0,0.07,1.93,19.3,True,TIAUSDT,1,FADE,BUY,37293,2026-07-12 00:05:00
0.4115,0.4018,37382,37463,82,SL,0.996,2.795,-2.358,0.1,-2.458,-24.58,False,TIAUSDT,1,TREND,BUY,37381,2026-07-12 07:25:00
0.4054,0.4135,37669,37706,38,TP,2.023,0.814,2.0,0.1,1.9,19.0,True,TIAUSDT,1,TREND,BUY,37668,2026-07-13 07:20:00
0.3981,0.4055,37831,37922,92,SL,1.231,2.462,-1.861,0.1,-1.961,-19.61,False,TIAUSDT,1,TREND,SELL,37830,2026-07-13 20:50:00
0.399,0.4067,38013,38139,127,REVERSE_SIGNAL,0.401,2.556,-1.93,0.1,-2.03,-20.3,False,TIAUSDT,1,TREND,SELL,38012,2026-07-14 12:00:00
0.4067,0.4148,38140,38178,39,TP,2.016,0.516,2.0,0.1,1.9,19.0,True,TIAUSDT,1,TREND,BUY,38139,2026-07-14 22:35:00
0.415,0.4233,38284,38312,29,TP,2.072,0.795,2.0,0.1,1.9,19.0,True,TIAUSDT,1,TREND,BUY,38283,2026-07-15 10:35:00
0.3923,0.4002,38733,38744,12,TP,2.179,0.217,2.0,0.07,1.93,19.3,True,TIAUSDT,1,FADE,BUY,38726,2026-07-16 23:30:00
0.3881,0.3767,38937,38998,62,REVERSE_SIGNAL,0.18,3.375,-2.937,0.1,-3.037,-30.37,False,TIAUSDT,1,TREND,BUY,38936,2026-07-17 17:00:00
0.3537,0.3608,39454,39547,94,TP,2.476,1.001,2.0,0.07,1.93,19.3,True,TIAUSDT,1,FADE,BUY,39449,2026-07-19 11:45:00
0.3556,0.3627,39863,39953,91,TP,2.531,0.253,2.0,0.07,1.93,19.3,True,TIAUSDT,1,FADE,BUY,39858,2026-07-20 21:50:00
0.3416,0.3501,41258,41596,339,SL,1.434,3.044,-2.5,0.07,-2.57,-25.7,False,TIAUSDT,1,FADE,SELL,41252,2026-07-25 18:00:00
0.3356,0.3272,41788,41885,98,SL,1.505,2.786,-2.5,0.07,-2.57,-25.7,False,TIAUSDT,1,FADE,BUY,41786,2026-07-27 14:30:00
0.3318,0.3252,41997,42063,67,TP,2.511,0.201,2.0,0.07,1.93,19.3,True,TIAUSDT,1,FADE,SELL,41995,2026-07-28 07:55:00
0.325,0.3307,42065,42084,20,SL,0.492,2.923,-1.752,0.1,-1.852,-18.52,False,TIAUSDT,1,TREND,SELL,42064,2026-07-28 13:40:00
0.3239,0.332,43076,43162,87,SL,0.333,2.631,-2.5,0.07,-2.57,-25.7,False,TIAUSDT,1,FADE,SELL,43068,2026-08-01 01:20:00
0.3185,0.3249,43277,43352,76,TP,2.059,0.672,2.0,0.07,1.93,19.3,True,TIAUSDT,1,FADE,BUY,43274,2026-08-01 18:30:00
0.3312,0.3258,43569,43647,79,REVERSE_SIGNAL,1.834,0.4,1.623,0.07,1.553,15.53,True,TIAUSDT,1,FADE,SELL,43563,2026-08-02 18:35:00
0.3269,0.3334,44612,44749,138,TP,2.244,0.938,2.0,0.07,1.93,19.3,True,TIAUSDT,1,FADE,BUY,44609,2026-08-06 09:45:00
0.3342,0.3409,44750,44754,5,TP,2.274,0.0,2.0,0.1,1.9,19.0,True,TIAUSDT,1,TREND,BUY,44749,2026-08-06 21:25:00
0.3303,0.3237,45547,45629,83,TP,2.369,0.204,2.0,0.07,1.93,19.3,True,TIAUSDT,1,FADE,SELL,45539,2026-08-09 15:15:00
0.3046,0.299,47907,47978,72,REVERSE_SIGNAL,1.981,0.153,1.849,0.07,1.779,17.79,True,TIAUSDT,1,FADE,SELL,47904,2026-08-17 20:20:00
0.2979,0.3018,48243,48336,94,REVERSE_SIGNAL,1.336,0.376,1.302,0.07,1.232,12.32,True,TIAUSDT,1,FADE,BUY,48242,2026-08-19 00:30:00
0.331,0.3376,48624,48704,81,TP,2.538,0.846,2.0,0.1,1.9,19.0,True,TIAUSDT,1,TREND,BUY,48623,2026-08-20 08:15:00
0.3846,0.3769,49166,49222,57,TP,2.47,3.224,2.0,0.1,1.9,19.0,True,TIAUSDT,1,TREND,SELL,49165,2026-08-22 05:25:00
0.3742,0.3817,49517,49547,31,TP,2.753,0.615,2.0,0.1,1.9,19.0,True,TIAUSDT,1,TREND,BUY,49516,2026-08-23 10:40:00
0.3707,0.3633,49702,49840,139,TP,2.536,2.671,2.0,0.1,1.9,19.0,True,TIAUSDT,1,TREND,SELL,49701,2026-08-24 02:05:00
0.3765,0.3808,49986,49999,14,REVERSE_SIGNAL,1.912,0.505,1.142,0.1,1.042,10.42,True,TIAUSDT,1,TREND,BUY,49985,2026-08-25 01:45:00
1.3555,1.3594,903,1100,198,REVERSE_SIGNAL,0.627,1.107,0.288,0.07,0.218,2.18,True,XRPUSDT,1,FADE,BUY,901,2026-03-07 15:25:00
1.3611,1.3451,1114,1166,53,REVERSE_SIGNAL,1.533,0.693,1.173,0.07,1.103,11.03,True,XRPUSDT,1,FADE,SELL,1100,2026-03-08 08:00:00
1.3712,1.4055,1456,1684,229,SL,1.174,2.91,-2.5,0.07,-2.57,-25.7,False,XRPUSDT,1,FADE,SELL,1453,2026-03-09 13:25:00
1.4027,1.3955,2641,3002,362,REVERSE_SIGNAL,1.461,0.841,0.513,0.1,0.413,4.13,True,XRPUSDT,1,TREND,SELL,2640,2026-03-13 16:20:00
1.5122,1.5343,3666,3824,159,REVERSE_SIGNAL,1.25,2.024,-1.461,0.1,-1.561,-15.61,False,XRPUSDT,1,TREND,SELL,3665,2026-03-17 05:45:00
1.4358,1.4534,4326,4427,102,REVERSE_SIGNAL,1.443,1.008,1.228,0.07,1.158,11.58,True,XRPUSDT,1,FADE,BUY,4322,2026-03-19 12:30:00
1.438,1.402,4859,5035,177,SL,0.567,2.702,-2.5,0.07,-2.57,-25.7,False,XRPUSDT,1,FADE,BUY,4858,2026-03-21 09:10:00
1.4269,1.4554,5459,5503,45,TP,2.046,1.822,2.0,0.1,1.9,19.0,True,XRPUSDT,1,TREND,BUY,5458,2026-03-23 11:10:00
1.3331,1.2998,7043,7325,283,SL,0.707,2.954,-2.5,0.07,-2.57,-25.7,False,XRPUSDT,1,FADE,BUY,7042,2026-03-28 23:10:00
1.3256,1.2991,8224,8343,120,TP,2.007,0.279,2.0,0.1,1.9,19.0,True,XRPUSDT,1,TREND,SELL,8223,2026-04-02 01:35:00
1.3209,1.3132,8451,8805,355,REVERSE_SIGNAL,1.388,1.11,0.585,0.07,0.515,5.15,True,XRPUSDT,1,FADE,SELL,8439,2026-04-02 19:35:00
1.2979,1.2987,9140,9263,124,REVERSE_SIGNAL,0.598,1.613,0.059,0.07,-0.011,-0.11,False,XRPUSDT,1,FADE,BUY,9133,2026-04-05 05:25:00
1.3535,1.3264,10109,10236,128,TP,2.01,0.717,2.0,0.1,1.9,19.0,True,XRPUSDT,1,TREND,SELL,10108,2026-04-08 14:40:00
1.3395,1.3518,10594,10685,92,REVERSE_SIGNAL,1.224,0.411,0.918,0.07,0.848,8.48,True,XRPUSDT,1,FADE,BUY,10591,2026-04-10 06:55:00
1.3361,1.3246,11339,11419,81,REVERSE_SIGNAL,1.083,0.062,0.858,0.07,0.788,7.88,True,XRPUSDT,1,FADE,SELL,11337,2026-04-12 21:05:00
1.3206,1.3345,11430,11453,24,REVERSE_SIGNAL,1.204,0.151,1.053,0.07,0.983,9.83,True,XRPUSDT,1,FADE,BUY,11419,2026-04-13 03:55:00
1.4405,1.432,14686,14891,206,REVERSE_SIGNAL,0.92,0.684,0.587,0.07,0.517,5.17,True,XRPUSDT,1,FADE,SELL,14679,2026-04-24 11:35:00
1.4303,1.4262,14905,15185,281,REVERSE_SIGNAL,0.406,0.93,-0.287,0.07,-0.357,-3.57,False,XRPUSDT,1,FADE,BUY,14891,2026-04-25 05:15:00
1.3641,1.3776,16542,16598,57,REVERSE_SIGNAL,1.156,0.046,0.988,0.07,0.918,9.18,True,XRPUSDT,1,FADE,BUY,16541,2026-04-30 22:45:00
1.3932,1.3845,17025,17147,123,REVERSE_SIGNAL,0.644,0.483,0.623,0.07,0.553,5.53,True,XRPUSDT,1,FADE,SELL,17006,2026-05-02 13:30:00
1.3816,1.3887,17158,17260,103,REVERSE_SIGNAL,0.61,0.084,0.516,0.07,0.446,4.46,True,XRPUSDT,1,FADE,BUY,17147,2026-05-03 01:15:00
1.3932,1.387,17272,17422,151,REVERSE_SIGNAL,0.58,0.741,0.443,0.07,0.373,3.73,True,XRPUSDT,1,FADE,SELL,17260,2026-05-03 10:40:00
1.3926,1.4274,18722,18872,151,SL,0.706,2.511,-2.5,0.07,-2.57,-25.7,False,XRPUSDT,1,FADE,SELL,18708,2026-05-08 11:20:00
1.423,1.4117,19136,19165,30,REVERSE_SIGNAL,0.826,0.102,0.798,0.07,0.728,7.28,True,XRPUSDT,1,FADE,SELL,19135,2026-05-09 22:55:00
1.4357,1.4716,20369,20477,109,SL,0.684,2.554,-2.5,0.07,-2.57,-25.7,False,XRPUSDT,1,FADE,SELL,20360,2026-05-14 05:00:00
1.3092,1.3354,24522,24551,30,TP,2.108,0.26,2.0,0.1,1.9,19.0,True,XRPUSDT,1,TREND,BUY,24521,2026-05-28 15:45:00
1.3269,1.3534,24819,24921,103,TP,2.238,1.259,2.0,0.1,1.9,19.0,True,XRPUSDT,1,TREND,BUY,24818,2026-05-29 16:30:00
1.2457,1.2208,26140,26243,104,TP,2.011,0.221,2.0,0.07,1.93,19.3,True,XRPUSDT,1,FADE,SELL,26134,2026-06-03 06:10:00
1.2102,1.186,26257,26311,55,TP,2.016,1.487,2.0,0.1,1.9,19.0,True,XRPUSDT,1,TREND,SELL,26256,2026-06-03 16:20:00
1.1222,1.1503,27245,27319,75,SL,1.123,3.11,-2.5,0.07,-2.57,-25.7,False,XRPUSDT,1,FADE,SELL,27229,2026-06-07 01:25:00
1.1581,1.1813,27485,27682,198,TP,2.271,2.331,2.0,0.1,1.9,19.0,True,XRPUSDT,1,TREND,BUY,27484,2026-06-07 22:40:00
1.153,1.1752,27798,27863,66,REVERSE_SIGNAL,0.911,1.986,-1.925,0.1,-2.025,-20.25,False,XRPUSDT,1,TREND,SELL,27797,2026-06-09 00:45:00
1.1051,1.1272,28573,28574,2,TP,2.362,0.027,2.0,0.07,1.93,19.3,True,XRPUSDT,1,FADE,BUY,28572,2026-06-11 17:20:00
1.1489,1.1289,28598,28733,136,REVERSE_SIGNAL,1.911,0.151,1.737,0.07,1.667,16.67,True,XRPUSDT,1,FADE,SELL,28580,2026-06-11 18:00:00
1.129,1.1516,28820,28832,13,TP,2.07,0.056,2.0,0.07,1.93,19.3,True,XRPUSDT,1,FADE,BUY,28819,2026-06-12 13:55:00
1.1433,1.1583,29319,29484,166,REVERSE_SIGNAL,1.397,1.525,1.309,0.07,1.239,12.39,True,XRPUSDT,1,FADE,BUY,29318,2026-06-14 07:30:00
1.2116,1.1874,29978,30229,252,TP,2.03,1.543,2.0,0.1,1.9,19.0,True,XRPUSDT,1,TREND,SELL,29977,2026-06-16 14:25:00
1.1787,1.1551,30331,30545,215,TP,2.036,1.086,2.0,0.1,1.9,19.0,True,XRPUSDT,1,TREND,SELL,30330,2026-06-17 19:50:00
1.1389,1.1525,31124,31224,101,REVERSE_SIGNAL,1.414,0.465,1.194,0.07,1.124,11.24,True,XRPUSDT,1,FADE,BUY,31123,2026-06-20 13:55:00
1.0502,1.0292,32774,32802,29,TP,2.1,0.205,2.0,0.07,1.93,19.3,True,XRPUSDT,1,FADE,SELL,32770,2026-06-26 07:10:00
1.0476,1.0686,32884,33152,269,TP,2.024,0.983,2.0,0.1,1.9,19.0,True,XRPUSDT,1,TREND,BUY,32883,2026-06-26 16:35:00
1.0525,1.0633,33206,33694,489,REVERSE_SIGNAL,1.26,2.017,1.023,0.07,0.953,9.53,True,XRPUSDT,1,FADE,BUY,33188,2026-06-27 18:00:00
1.0508,1.0365,34167,34268,102,REVERSE_SIGNAL,1.404,0.309,1.356,0.07,1.286,12.86,True,XRPUSDT,1,FADE,SELL,34160,2026-07-01 03:00:00
1.0945,1.0999,37293,37449,157,REVERSE_SIGNAL,0.574,0.769,0.492,0.07,0.422,4.22,True,XRPUSDT,1,FADE,BUY,37281,2026-07-11 23:05:00
1.1007,1.0882,37469,37557,89,REVERSE_SIGNAL,1.308,0.273,1.136,0.07,1.066,10.66,True,XRPUSDT,1,FADE,SELL,37449,2026-07-12 13:05:00
1.0852,1.058,37559,37798,240,SL,1.607,2.623,-2.5,0.07,-2.57,-25.7,False,XRPUSDT,1,FADE,BUY,37557,2026-07-12 22:05:00
1.0711,1.0979,37929,38028,100,SL,0.414,3.115,-2.5,0.07,-2.57,-25.7,False,XRPUSDT,1,FADE,SELL,37928,2026-07-14 05:00:00
1.1,1.0725,38543,38889,347,SL,1.609,2.6,-2.5,0.07,-2.57,-25.7,False,XRPUSDT,1,FADE,BUY,38538,2026-07-16 07:50:00
1.0865,1.1033,39668,39736,69,REVERSE_SIGNAL,1.736,0.39,1.542,0.07,1.472,14.72,True,XRPUSDT,1,FADE,BUY,39667,2026-07-20 05:55:00
1.0865,1.0594,41788,41910,123,SL,0.825,2.581,-2.5,0.07,-2.57,-25.7,False,XRPUSDT,1,FADE,BUY,41787,2026-07-27 14:35:00
0.9986,1.0028,47435,47710,276,REVERSE_SIGNAL,0.597,1.116,0.416,0.07,0.346,3.46,True,XRPUSDT,1,FADE,BUY,47426,2026-08-16 04:30:00
1.0029,0.9964,47720,47777,58,REVERSE_SIGNAL,0.72,0.397,0.65,0.07,0.58,5.8,True,XRPUSDT,1,FADE,SELL,47710,2026-08-17 04:10:00
0.9908,0.9993,47981,48088,108,REVERSE_SIGNAL,1.118,0.285,0.855,0.07,0.785,7.85,True,XRPUSDT,1,FADE,BUY,47974,2026-08-18 02:10:00
1.0094,1.0346,48339,48416,78,SL,0.654,2.625,-2.5,0.07,-2.57,-25.7,False,XRPUSDT,1,FADE,SELL,48323,2026-08-19 07:15:00
1.2429,1.2864,48773,48829,57,SL,0.378,3.814,-3.5,0.1,-3.6,-36.0,False,XRPUSDT,1,TREND,SELL,48772,2026-08-20 20:40:00
1.2958,1.3217,48836,48901,66,TP,2.006,1.119,2.0,0.1,1.9,19.0,True,XRPUSDT,1,TREND,BUY,48835,2026-08-21 01:55:00
1.5165,1.5468,49554,49558,5,TP,2.235,0.158,2.0,0.1,1.9,19.0,True,XRPUSDT,1,TREND,BUY,49553,2026-08-23 13:45:00
1.5174,1.4643,49834,49885,52,SL,0.85,3.572,-3.5,0.1,-3.6,-36.0,False,XRPUSDT,1,TREND,BUY,49833,2026-08-24 13:05:00
