entry_price,exit_price,entry_bar,exit_bar,duration_bars,exit_reason,max_roe_pct,max_sl_pct,gross_pnl_pct,fee_pct,net_pnl_pct,net_profit_usd,is_win,symbol,strategy_mode,trade_type,direction,signal_bar,signal_datetime
0.2746,0.2547,145,1126,982,REVERSE_SIGNAL,9.213,1.202,7.247,0.1,7.147,71.47,True,ADAUSDT,2,TREND,SELL,144,2026-03-05 00:20:00
0.2547,0.2503,1127,1184,58,REVERSE_SIGNAL,2.042,0.982,1.728,0.1,1.628,16.28,True,ADAUSDT,2,FADE,SELL,1126,2026-03-08 10:10:00
0.2503,0.2526,1185,1244,60,REVERSE_SIGNAL,1.518,0.999,0.919,0.1,0.819,8.19,True,ADAUSDT,2,FADE,BUY,1184,2026-03-08 15:00:00
0.2526,0.2504,1245,1258,14,SL,0.713,0.871,-0.871,0.1,-0.971,-9.71,False,ADAUSDT,2,TREND,BUY,1244,2026-03-08 20:00:00
0.2628,0.2633,1817,2027,211,REVERSE_SIGNAL,0.685,2.435,0.19,0.1,0.09,0.9,True,ADAUSDT,2,FADE,BUY,1816,2026-03-10 19:40:00
0.2633,0.2609,2028,2180,153,REVERSE_SIGNAL,1.671,1.595,-0.912,0.1,-1.012,-10.12,False,ADAUSDT,2,TREND,BUY,2027,2026-03-11 13:15:00
0.2609,0.2632,2181,2284,104,REVERSE_SIGNAL,1.112,1.227,0.882,0.1,0.782,7.82,True,ADAUSDT,2,FADE,BUY,2180,2026-03-12 02:00:00
0.2632,0.2594,2285,2330,46,SL,0.342,1.634,-1.444,0.1,-1.544,-15.44,False,ADAUSDT,2,TREND,BUY,2284,2026-03-12 10:40:00
0.2693,0.2624,2655,3015,361,REVERSE_SIGNAL,4.196,0.037,2.562,0.1,2.462,24.62,True,ADAUSDT,2,TREND,SELL,2654,2026-03-13 17:30:00
0.2624,0.2633,3016,3256,241,REVERSE_SIGNAL,0.534,1.791,-0.343,0.1,-0.443,-4.43,False,ADAUSDT,2,FADE,SELL,3015,2026-03-14 23:35:00
0.2633,0.2689,3257,3291,35,REVERSE_SIGNAL,2.241,0.342,2.127,0.1,2.027,20.27,True,ADAUSDT,2,FADE,BUY,3256,2026-03-15 19:40:00
0.2689,0.2842,3292,3659,368,REVERSE_SIGNAL,9.186,0.446,5.69,0.1,5.59,55.9,True,ADAUSDT,2,TREND,BUY,3291,2026-03-15 22:35:00
0.2842,0.2898,3660,3816,157,REVERSE_SIGNAL,2.357,0.915,1.97,0.1,1.87,18.7,True,ADAUSDT,2,FADE,BUY,3659,2026-03-17 05:15:00
0.2898,0.2821,3817,4022,206,REVERSE_SIGNAL,2.899,1.967,2.657,0.1,2.557,25.57,True,ADAUSDT,2,FADE,SELL,3816,2026-03-17 18:20:00
0.2821,0.2679,4023,4428,406,REVERSE_SIGNAL,7.019,0.071,5.034,0.1,4.934,49.34,True,ADAUSDT,2,TREND,SELL,4022,2026-03-18 11:30:00
0.2679,0.2671,4429,4610,182,REVERSE_SIGNAL,1.866,0.896,-0.299,0.1,-0.399,-3.99,False,ADAUSDT,2,TREND,BUY,4428,2026-03-19 21:20:00
0.2671,0.266,4611,4999,389,REVERSE_SIGNAL,0.524,2.097,-0.412,0.1,-0.512,-5.12,False,ADAUSDT,2,FADE,BUY,4610,2026-03-20 12:30:00
0.266,0.2589,5000,5034,35,REVERSE_SIGNAL,3.459,0.075,2.669,0.1,2.569,25.69,True,ADAUSDT,2,FADE,SELL,4999,2026-03-21 20:55:00
0.2589,0.2617,5035,5458,424,REVERSE_SIGNAL,4.403,2.124,-1.081,0.1,-1.181,-11.81,False,ADAUSDT,2,TREND,SELL,5034,2026-03-21 23:50:00
0.2617,0.2588,5459,5643,185,REVERSE_SIGNAL,2.025,1.911,-1.108,0.1,-1.208,-12.08,False,ADAUSDT,2,TREND,BUY,5458,2026-03-23 11:10:00
0.2588,0.2644,5644,5706,63,REVERSE_SIGNAL,2.202,0.193,2.164,0.1,2.064,20.64,True,ADAUSDT,2,FADE,BUY,5643,2026-03-24 02:35:00
0.2644,0.2601,5707,5784,78,REVERSE_SIGNAL,1.815,1.475,1.626,0.1,1.526,15.26,True,ADAUSDT,2,FADE,SELL,5706,2026-03-24 07:50:00
0.2601,0.2646,5785,5862,78,REVERSE_SIGNAL,2.076,0.884,1.73,0.1,1.63,16.3,True,ADAUSDT,2,FADE,BUY,5784,2026-03-24 14:20:00
0.2646,0.2725,5863,6020,158,SL,0.454,3.326,-3.0,0.1,-3.1,-31.0,False,ADAUSDT,2,FADE,SELL,5862,2026-03-24 20:50:00
0.2693,0.2483,6196,6859,664,REVERSE_SIGNAL,9.432,0.371,7.798,0.1,7.698,76.98,True,ADAUSDT,2,TREND,SELL,6195,2026-03-26 00:35:00
0.2483,0.248,6860,7040,181,REVERSE_SIGNAL,0.765,1.812,0.121,0.1,0.021,0.21,True,ADAUSDT,2,FADE,SELL,6859,2026-03-28 07:55:00
0.248,0.2441,7041,7370,330,REVERSE_SIGNAL,6.29,0.04,1.573,0.1,1.473,14.73,True,ADAUSDT,2,TREND,SELL,7040,2026-03-28 23:00:00
0.2441,0.2514,7371,7443,73,SL,0.123,3.073,-3.0,0.1,-3.1,-31.0,False,ADAUSDT,2,FADE,SELL,7370,2026-03-30 02:30:00
0.2463,0.2473,7552,7654,103,REVERSE_SIGNAL,1.624,1.299,-0.406,0.1,-0.506,-5.06,False,ADAUSDT,2,TREND,SELL,7551,2026-03-30 17:35:00
0.2473,0.2441,7655,7688,34,SL,0.687,1.456,-1.294,0.1,-1.394,-13.94,False,ADAUSDT,2,TREND,BUY,7654,2026-03-31 02:10:00
0.2438,0.2441,7721,7954,234,REVERSE_SIGNAL,3.938,0.656,-0.123,0.1,-0.223,-2.23,False,ADAUSDT,2,TREND,SELL,7720,2026-03-31 07:40:00
0.2441,0.2418,7955,8224,270,REVERSE_SIGNAL,4.342,1.065,-0.942,0.1,-1.042,-10.42,False,ADAUSDT,2,TREND,BUY,7954,2026-04-01 03:10:00
0.2418,0.2413,8225,8384,160,REVERSE_SIGNAL,2.978,0.744,0.207,0.1,0.107,1.07,True,ADAUSDT,2,TREND,SELL,8224,2026-04-02 01:40:00
0.2413,0.2456,8385,8784,400,REVERSE_SIGNAL,4.144,1.45,1.782,0.1,1.682,16.82,True,ADAUSDT,2,TREND,BUY,8384,2026-04-02 15:00:00
0.2456,0.2465,8785,8986,202,REVERSE_SIGNAL,0.651,1.14,0.366,0.1,0.266,2.66,True,ADAUSDT,2,FADE,BUY,8784,2026-04-04 00:20:00
0.2465,0.2447,8987,9133,147,REVERSE_SIGNAL,0.73,1.379,0.73,0.1,0.63,6.3,True,ADAUSDT,2,FADE,SELL,8986,2026-04-04 17:10:00
0.2447,0.2442,9134,9318,185,REVERSE_SIGNAL,0.45,2.125,-0.204,0.1,-0.304,-3.04,False,ADAUSDT,2,FADE,BUY,9133,2026-04-05 05:25:00
0.2442,0.2421,9319,9327,9,SL,0.041,0.942,-0.86,0.1,-0.96,-9.6,False,ADAUSDT,2,TREND,BUY,9318,2026-04-05 20:50:00
0.2533,0.2472,9556,9884,329,REVERSE_SIGNAL,5.369,0.395,2.408,0.1,2.308,23.08,True,ADAUSDT,2,TREND,SELL,9555,2026-04-06 16:35:00
0.2472,0.2574,9885,10070,186,REVERSE_SIGNAL,7.727,0.647,4.126,0.1,4.026,40.26,True,ADAUSDT,2,TREND,BUY,9884,2026-04-07 20:00:00
0.2574,0.2537,10071,10407,337,REVERSE_SIGNAL,3.924,0.894,1.437,0.1,1.337,13.37,True,ADAUSDT,2,TREND,SELL,10070,2026-04-08 11:30:00
0.2537,0.252,10408,10547,140,REVERSE_SIGNAL,0.985,2.917,0.67,0.1,0.57,5.7,True,ADAUSDT,2,FADE,SELL,10407,2026-04-09 15:35:00
0.252,0.2544,10548,10684,137,REVERSE_SIGNAL,1.429,0.952,0.952,0.1,0.852,8.52,True,ADAUSDT,2,FADE,BUY,10547,2026-04-10 03:15:00
0.2544,0.253,10685,10808,124,REVERSE_SIGNAL,0.59,1.73,0.55,0.1,0.45,4.5,True,ADAUSDT,2,FADE,SELL,10684,2026-04-10 14:40:00
0.253,0.2524,10809,11023,215,REVERSE_SIGNAL,0.83,2.648,-0.237,0.1,-0.337,-3.37,False,ADAUSDT,2,FADE,BUY,10808,2026-04-11 01:00:00
0.2524,0.2493,11024,11090,67,REVERSE_SIGNAL,1.704,1.387,1.228,0.1,1.128,11.28,True,ADAUSDT,2,FADE,SELL,11023,2026-04-11 18:55:00
0.2493,0.241,11091,11527,437,REVERSE_SIGNAL,5.696,0.401,3.329,0.1,3.229,32.29,True,ADAUSDT,2,TREND,SELL,11090,2026-04-12 00:30:00
0.241,0.2373,11528,11590,63,SL,0.913,1.535,-1.535,0.1,-1.635,-16.35,False,ADAUSDT,2,TREND,BUY,11527,2026-04-13 12:55:00
0.2425,0.245,11730,11745,16,SL,0.742,1.155,-1.031,0.1,-1.131,-11.31,False,ADAUSDT,2,TREND,SELL,11729,2026-04-14 05:45:00
0.2483,0.2392,11828,11892,65,REVERSE_SIGNAL,3.625,0.483,3.665,0.1,3.565,35.65,True,ADAUSDT,2,FADE,SELL,11827,2026-04-14 13:55:00
0.2392,0.2421,11893,12101,209,REVERSE_SIGNAL,1.421,0.502,1.212,0.1,1.112,11.12,True,ADAUSDT,2,FADE,BUY,11892,2026-04-14 19:20:00
0.2421,0.2547,12102,12580,479,REVERSE_SIGNAL,8.013,0.991,5.204,0.1,5.104,51.04,True,ADAUSDT,2,TREND,BUY,12101,2026-04-15 12:45:00
0.2547,0.2576,12581,12626,46,SL,1.099,1.178,-1.139,0.1,-1.239,-12.39,False,ADAUSDT,2,TREND,SELL,12580,2026-04-17 04:40:00
0.2567,0.2583,12636,12804,169,REVERSE_SIGNAL,4.363,0.974,0.623,0.1,0.523,5.23,True,ADAUSDT,2,TREND,BUY,12635,2026-04-17 09:15:00
0.2583,0.2498,12805,13261,457,REVERSE_SIGNAL,5.497,0.465,3.291,0.1,3.191,31.91,True,ADAUSDT,2,TREND,SELL,12804,2026-04-17 23:20:00
0.2498,0.2448,13262,13344,83,REVERSE_SIGNAL,2.282,0.4,2.002,0.1,1.902,19.02,True,ADAUSDT,2,FADE,SELL,13261,2026-04-19 13:25:00
0.2448,0.2479,13345,13476,132,SL,1.675,1.757,-1.266,0.1,-1.366,-13.66,False,ADAUSDT,2,TREND,SELL,13344,2026-04-19 20:20:00
0.246,0.2443,13481,13883,403,REVERSE_SIGNAL,0.813,2.561,0.691,0.1,0.591,5.91,True,ADAUSDT,2,FADE,SELL,13480,2026-04-20 07:40:00
0.2443,0.2503,13884,13973,90,REVERSE_SIGNAL,2.62,0.205,2.456,0.1,2.356,23.56,True,ADAUSDT,2,FADE,BUY,13883,2026-04-21 17:15:00
0.2503,0.2517,13974,14199,226,REVERSE_SIGNAL,2.877,0.679,0.559,0.1,0.459,4.59,True,ADAUSDT,2,TREND,BUY,13973,2026-04-22 00:45:00
0.2517,0.2491,14200,14431,232,REVERSE_SIGNAL,2.821,0.318,1.033,0.1,0.933,9.33,True,ADAUSDT,2,TREND,SELL,14199,2026-04-22 19:35:00
0.2491,0.2462,14432,14463,32,SL,0.682,1.485,-1.164,0.1,-1.264,-12.64,False,ADAUSDT,2,TREND,BUY,14431,2026-04-23 14:55:00
0.2464,0.2506,14472,14543,72,REVERSE_SIGNAL,1.745,0.446,1.705,0.1,1.605,16.05,True,ADAUSDT,2,FADE,BUY,14471,2026-04-23 18:15:00
0.2506,0.2506,14544,15014,471,REVERSE_SIGNAL,1.437,1.277,0.0,0.1,-0.1,-1.0,False,ADAUSDT,2,FADE,SELL,14543,2026-04-24 00:15:00
0.2506,0.2515,15015,15195,181,REVERSE_SIGNAL,0.399,1.077,0.359,0.1,0.259,2.59,True,ADAUSDT,2,FADE,BUY,15014,2026-04-25 15:30:00
0.2515,0.2484,15196,15471,276,REVERSE_SIGNAL,1.59,1.829,1.233,0.1,1.133,11.33,True,ADAUSDT,2,FADE,SELL,15195,2026-04-26 06:35:00
0.2484,0.2476,15472,15689,218,REVERSE_SIGNAL,0.201,2.254,-0.322,0.1,-0.422,-4.22,False,ADAUSDT,2,FADE,BUY,15471,2026-04-27 05:35:00
0.2476,0.2456,15690,15835,146,REVERSE_SIGNAL,1.09,0.444,0.808,0.1,0.708,7.08,True,ADAUSDT,2,FADE,SELL,15689,2026-04-27 23:45:00
0.2456,0.2477,15836,16017,182,REVERSE_SIGNAL,0.977,0.651,0.855,0.1,0.755,7.55,True,ADAUSDT,2,FADE,BUY,15835,2026-04-28 11:55:00
0.2477,0.2487,16018,16133,116,REVERSE_SIGNAL,2.543,0.04,0.404,0.1,0.304,3.04,True,ADAUSDT,2,TREND,BUY,16017,2026-04-29 03:05:00
0.2487,0.2468,16134,16278,145,REVERSE_SIGNAL,4.262,0.241,0.764,0.1,0.664,6.64,True,ADAUSDT,2,TREND,SELL,16133,2026-04-29 12:45:00
0.2468,0.2475,16279,16838,560,REVERSE_SIGNAL,1.823,1.013,0.284,0.1,0.184,1.84,True,ADAUSDT,2,TREND,BUY,16278,2026-04-30 00:50:00
0.2475,0.2494,16839,17017,179,REVERSE_SIGNAL,0.768,0.323,0.768,0.1,0.668,6.68,True,ADAUSDT,2,FADE,BUY,16838,2026-05-01 23:30:00
0.2494,0.2483,17018,17153,136,REVERSE_SIGNAL,0.561,1.363,0.441,0.1,0.341,3.41,True,ADAUSDT,2,FADE,SELL,17017,2026-05-02 14:25:00
0.2483,0.2503,17154,17280,127,REVERSE_SIGNAL,1.007,0.443,0.805,0.1,0.705,7.05,True,ADAUSDT,2,FADE,BUY,17153,2026-05-03 01:45:00
0.2503,0.2476,17281,17424,144,REVERSE_SIGNAL,1.278,0.559,1.079,0.1,0.979,9.79,True,ADAUSDT,2,FADE,SELL,17280,2026-05-03 12:20:00
0.2476,0.2521,17425,17449,25,REVERSE_SIGNAL,2.342,0.121,1.817,0.1,1.717,17.17,True,ADAUSDT,2,FADE,BUY,17424,2026-05-04 00:20:00
0.2521,0.2476,17450,17545,96,REVERSE_SIGNAL,2.142,1.15,1.785,0.1,1.685,16.85,True,ADAUSDT,2,FADE,SELL,17449,2026-05-04 02:25:00
0.2476,0.2522,17546,17637,92,REVERSE_SIGNAL,2.262,0.162,1.858,0.1,1.758,17.58,True,ADAUSDT,2,FADE,BUY,17545,2026-05-04 10:25:00
0.2522,0.2495,17638,17666,29,SL,0.079,1.11,-1.071,0.1,-1.171,-11.71,False,ADAUSDT,2,TREND,BUY,17637,2026-05-04 18:05:00
0.2645,0.2681,18166,18382,217,REVERSE_SIGNAL,1.588,0.567,1.361,0.1,1.261,12.61,True,ADAUSDT,2,FADE,BUY,18165,2026-05-06 14:05:00
0.2681,0.2654,18383,18449,67,SL,0.783,1.119,-1.007,0.1,-1.107,-11.07,False,ADAUSDT,2,TREND,BUY,18382,2026-05-07 08:10:00
0.2633,0.2634,18461,18696,236,REVERSE_SIGNAL,0.456,1.481,0.038,0.1,-0.062,-0.62,False,ADAUSDT,2,FADE,BUY,18460,2026-05-07 14:40:00
0.2634,0.2713,18697,18781,85,SL,0.304,3.037,-3.0,0.1,-3.1,-31.0,False,ADAUSDT,2,FADE,SELL,18696,2026-05-08 10:20:00
0.2725,0.2731,18981,19254,274,REVERSE_SIGNAL,0.55,1.578,0.22,0.1,0.12,1.2,True,ADAUSDT,2,FADE,BUY,18980,2026-05-09 10:00:00
0.2731,0.2813,19255,19337,83,SL,0.769,3.442,-3.0,0.1,-3.1,-31.0,False,ADAUSDT,2,FADE,SELL,19254,2026-05-10 08:50:00
0.2787,0.2797,19404,19602,199,REVERSE_SIGNAL,1.794,1.722,0.359,0.1,0.259,2.59,True,ADAUSDT,2,FADE,BUY,19403,2026-05-10 21:15:00
0.2797,0.2778,19603,19767,165,REVERSE_SIGNAL,1.287,1.359,0.679,0.1,0.579,5.79,True,ADAUSDT,2,FADE,SELL,19602,2026-05-11 13:50:00
0.2778,0.2695,19768,19898,131,SL,0.18,3.204,-3.0,0.1,-3.1,-31.0,False,ADAUSDT,2,FADE,BUY,19767,2026-05-12 03:35:00
0.274,0.2706,20057,20155,99,REVERSE_SIGNAL,1.46,1.35,1.241,0.1,1.141,11.41,True,ADAUSDT,2,FADE,SELL,20056,2026-05-13 03:40:00
0.2706,0.2671,20156,20460,305,REVERSE_SIGNAL,3.548,0.296,1.293,0.1,1.193,11.93,True,ADAUSDT,2,TREND,SELL,20155,2026-05-13 11:55:00
0.2671,0.2705,20461,20628,168,REVERSE_SIGNAL,4.942,0.899,1.273,0.1,1.173,11.73,True,ADAUSDT,2,TREND,BUY,20460,2026-05-14 13:20:00
0.2705,0.2566,20629,21254,626,REVERSE_SIGNAL,6.876,0.037,5.139,0.1,5.039,50.39,True,ADAUSDT,2,TREND,SELL,20628,2026-05-15 03:20:00
0.2566,0.2542,21255,21335,81,SL,0.585,1.247,-0.935,0.1,-1.035,-10.35,False,ADAUSDT,2,TREND,BUY,21254,2026-05-17 07:30:00
0.2552,0.2475,21351,21448,98,SL,0.274,3.997,-3.0,0.1,-3.1,-31.0,False,ADAUSDT,2,FADE,BUY,21350,2026-05-17 15:30:00
0.2502,0.2487,21706,21876,171,REVERSE_SIGNAL,0.719,1.279,0.6,0.1,0.5,5.0,True,ADAUSDT,2,FADE,SELL,21705,2026-05-18 21:05:00
0.2487,0.2501,21877,22099,223,REVERSE_SIGNAL,0.965,0.804,0.563,0.1,0.463,4.63,True,ADAUSDT,2,FADE,BUY,21876,2026-05-19 11:20:00
0.2501,0.2491,22100,22392,293,REVERSE_SIGNAL,1.24,1.0,0.4,0.1,0.3,3.0,True,ADAUSDT,2,FADE,SELL,22099,2026-05-20 05:55:00
0.2491,0.2522,22393,22528,136,REVERSE_SIGNAL,1.485,1.485,1.244,0.1,1.144,11.44,True,ADAUSDT,2,FADE,BUY,22392,2026-05-21 06:20:00
0.2522,0.2491,22529,22785,257,REVERSE_SIGNAL,1.388,0.912,1.229,0.1,1.129,11.29,True,ADAUSDT,2,FADE,SELL,22528,2026-05-21 17:40:00
0.2491,0.2416,22786,22889,104,SL,0.442,3.372,-3.0,0.1,-3.1,-31.0,False,ADAUSDT,2,FADE,BUY,22785,2026-05-22 15:05:00
0.2407,0.2443,23060,23345,286,REVERSE_SIGNAL,4.196,0.208,1.496,0.1,1.396,13.96,True,ADAUSDT,2,TREND,BUY,23059,2026-05-23 13:55:00
0.2443,0.243,23346,23533,188,REVERSE_SIGNAL,2.456,0.0,0.532,0.1,0.432,4.32,True,ADAUSDT,2,TREND,SELL,23345,2026-05-24 13:45:00
0.243,0.2426,23534,23738,205,REVERSE_SIGNAL,0.329,1.934,0.165,0.1,0.065,0.65,True,ADAUSDT,2,FADE,SELL,23533,2026-05-25 05:25:00
0.2426,0.245,23739,23884,146,REVERSE_SIGNAL,1.195,1.401,0.989,0.1,0.889,8.89,True,ADAUSDT,2,FADE,BUY,23738,2026-05-25 22:30:00
0.245,0.2395,23885,23964,80,REVERSE_SIGNAL,2.367,0.939,2.245,0.1,2.145,21.45,True,ADAUSDT,2,FADE,SELL,23884,2026-05-26 10:40:00
0.2395,0.2323,23965,24378,414,SL,1.628,3.09,-3.0,0.1,-3.1,-31.0,False,ADAUSDT,2,FADE,BUY,23964,2026-05-26 17:20:00
0.2343,0.2326,24533,24769,237,REVERSE_SIGNAL,1.408,0.854,-0.726,0.1,-0.826,-8.26,False,ADAUSDT,2,TREND,BUY,24532,2026-05-28 16:40:00
0.2326,0.235,24770,24805,36,SL,1.29,1.419,-1.032,0.1,-1.132,-11.32,False,ADAUSDT,2,TREND,SELL,24769,2026-05-29 12:25:00
0.2348,0.2319,24834,24901,68,REVERSE_SIGNAL,1.874,0.128,1.235,0.1,1.135,11.35,True,ADAUSDT,2,FADE,SELL,24833,2026-05-29 17:45:00
0.2319,0.2356,24902,24923,22,REVERSE_SIGNAL,1.639,0.043,1.596,0.1,1.496,14.96,True,ADAUSDT,2,FADE,BUY,24901,2026-05-29 23:25:00
0.2356,0.2346,24924,25012,89,REVERSE_SIGNAL,0.849,1.613,0.424,0.1,0.324,3.24,True,ADAUSDT,2,FADE,SELL,24923,2026-05-30 01:15:00
0.2346,0.2371,25013,25123,111,REVERSE_SIGNAL,1.151,0.384,1.066,0.1,0.966,9.66,True,ADAUSDT,2,FADE,BUY,25012,2026-05-30 08:40:00
0.2371,0.2342,25124,25369,246,REVERSE_SIGNAL,1.771,0.633,1.223,0.1,1.123,11.23,True,ADAUSDT,2,FADE,SELL,25123,2026-05-30 17:55:00
0.2342,0.2361,25370,25473,104,REVERSE_SIGNAL,1.153,1.067,0.811,0.1,0.711,7.11,True,ADAUSDT,2,FADE,BUY,25369,2026-05-31 14:25:00
0.2361,0.2328,25474,25567,94,REVERSE_SIGNAL,1.821,0.593,1.398,0.1,1.298,12.98,True,ADAUSDT,2,FADE,SELL,25473,2026-05-31 23:05:00
0.2328,0.2258,25568,25667,100,SL,0.129,3.136,-3.0,0.1,-3.1,-31.0,False,ADAUSDT,2,FADE,BUY,25567,2026-06-01 06:55:00
0.2164,0.2122,26141,26249,109,REVERSE_SIGNAL,2.311,0.878,1.941,0.1,1.841,18.41,True,ADAUSDT,2,FADE,SELL,26140,2026-06-03 06:40:00
0.2122,0.1582,26250,27040,791,REVERSE_SIGNAL,30.019,0.047,25.448,0.1,25.348,253.48,True,ADAUSDT,2,TREND,SELL,26249,2026-06-03 15:45:00
0.1582,0.1549,27041,27044,4,SL,0.0,2.402,-2.086,0.1,-2.186,-21.86,False,ADAUSDT,2,TREND,BUY,27040,2026-06-06 09:40:00
0.159,0.1649,27444,27483,40,REVERSE_SIGNAL,6.164,0.692,3.711,0.1,3.611,36.11,True,ADAUSDT,2,FADE,BUY,27443,2026-06-07 19:15:00
0.1649,0.1667,27484,27799,316,REVERSE_SIGNAL,5.761,3.093,1.092,0.1,0.992,9.92,True,ADAUSDT,2,TREND,BUY,27483,2026-06-07 22:35:00
0.1667,0.1617,27800,27983,184,SL,2.519,3.119,-3.0,0.1,-3.1,-31.0,False,ADAUSDT,2,FADE,BUY,27799,2026-06-09 00:55:00
0.1647,0.1601,28245,28288,44,SL,1.336,2.854,-2.793,0.1,-2.893,-28.93,False,ADAUSDT,2,TREND,BUY,28244,2026-06-10 14:00:00
0.1682,0.1735,28743,28835,93,REVERSE_SIGNAL,3.686,0.476,3.151,0.1,3.051,30.51,True,ADAUSDT,2,FADE,BUY,28742,2026-06-12 07:30:00
0.1735,0.1718,28836,29199,364,REVERSE_SIGNAL,2.882,1.268,0.98,0.1,0.88,8.8,True,ADAUSDT,2,FADE,SELL,28835,2026-06-12 15:15:00
0.1718,0.1666,29200,29402,203,SL,1.048,3.492,-3.0,0.1,-3.1,-31.0,False,ADAUSDT,2,FADE,BUY,29199,2026-06-13 21:35:00
0.1711,0.1799,29486,29768,283,REVERSE_SIGNAL,10.988,0.234,5.143,0.1,5.043,50.43,True,ADAUSDT,2,TREND,BUY,29485,2026-06-14 21:25:00
0.1799,0.1809,29769,29911,143,REVERSE_SIGNAL,2.613,0.834,-0.556,0.1,-0.656,-6.56,False,ADAUSDT,2,TREND,SELL,29768,2026-06-15 21:00:00
0.1809,0.1769,29912,29962,51,SL,0.221,2.266,-2.211,0.1,-2.311,-23.11,False,ADAUSDT,2,TREND,BUY,29911,2026-06-16 08:55:00
0.1736,0.1684,29980,30224,245,SL,1.671,3.053,-3.0,0.1,-3.1,-31.0,False,ADAUSDT,2,FADE,BUY,29979,2026-06-16 14:35:00
0.1622,0.1601,30845,31125,281,REVERSE_SIGNAL,1.418,1.726,1.295,0.1,1.195,11.95,True,ADAUSDT,2,FADE,SELL,30844,2026-06-19 14:40:00
0.1601,0.1633,31126,31233,108,REVERSE_SIGNAL,2.124,0.187,1.999,0.1,1.899,18.99,True,ADAUSDT,2,FADE,BUY,31125,2026-06-20 14:05:00
0.1633,0.1613,31234,31300,67,SL,0.306,1.225,-1.225,0.1,-1.325,-13.25,False,ADAUSDT,2,TREND,BUY,31233,2026-06-20 23:05:00
0.1604,0.1615,31306,31626,321,REVERSE_SIGNAL,1.559,2.681,0.686,0.1,0.586,5.86,True,ADAUSDT,2,FADE,BUY,31305,2026-06-21 05:05:00
0.1615,0.1586,31627,31741,115,REVERSE_SIGNAL,1.92,0.991,1.796,0.1,1.696,16.96,True,ADAUSDT,2,FADE,SELL,31626,2026-06-22 07:50:00
0.1586,0.1538,31742,31896,155,SL,0.883,3.279,-3.0,0.1,-3.1,-31.0,False,ADAUSDT,2,FADE,BUY,31741,2026-06-22 17:25:00
0.1528,0.1508,32120,32216,97,REVERSE_SIGNAL,1.767,0.982,1.309,0.1,1.209,12.09,True,ADAUSDT,2,FADE,SELL,32119,2026-06-24 00:55:00
0.1508,0.1457,32217,32363,147,REVERSE_SIGNAL,7.56,0.066,3.382,0.1,3.282,32.82,True,ADAUSDT,2,TREND,SELL,32216,2026-06-24 09:00:00
0.1457,0.1474,32364,32531,168,REVERSE_SIGNAL,3.432,0.137,1.167,0.1,1.067,10.67,True,ADAUSDT,2,TREND,BUY,32363,2026-06-24 21:15:00
0.1474,0.1468,32532,32770,239,REVERSE_SIGNAL,6.309,0.814,0.407,0.1,0.307,3.07,True,ADAUSDT,2,TREND,SELL,32531,2026-06-25 11:15:00
0.1468,0.1418,32771,32843,73,SL,0.272,3.951,-3.406,0.1,-3.506,-35.06,False,ADAUSDT,2,TREND,BUY,32770,2026-06-26 07:10:00
0.1473,0.1488,33105,33149,45,REVERSE_SIGNAL,1.154,0.747,1.018,0.1,0.918,9.18,True,ADAUSDT,2,FADE,BUY,33104,2026-06-27 11:00:00
0.1488,0.1465,33150,33193,44,REVERSE_SIGNAL,1.882,0.403,1.546,0.1,1.446,14.46,True,ADAUSDT,2,FADE,SELL,33149,2026-06-27 14:45:00
0.1465,0.1457,33194,33625,432,REVERSE_SIGNAL,3.754,0.341,0.546,0.1,0.446,4.46,True,ADAUSDT,2,TREND,SELL,33193,2026-06-27 18:25:00
0.1457,0.1446,33626,33842,217,REVERSE_SIGNAL,1.853,2.128,0.755,0.1,0.655,6.55,True,ADAUSDT,2,FADE,SELL,33625,2026-06-29 06:25:00
0.1446,0.1458,33843,34055,213,REVERSE_SIGNAL,1.245,1.798,0.83,0.1,0.73,7.3,True,ADAUSDT,2,FADE,BUY,33842,2026-06-30 00:30:00
0.1458,0.1433,34056,34129,74,SL,0.0,1.783,-1.715,0.1,-1.815,-18.15,False,ADAUSDT,2,TREND,BUY,34055,2026-06-30 18:15:00
0.153,0.1555,34419,34456,38,SL,0.327,1.83,-1.634,0.1,-1.734,-17.34,False,ADAUSDT,2,TREND,SELL,34418,2026-07-02 00:30:00
0.1565,0.1759,34519,35083,565,REVERSE_SIGNAL,16.997,0.575,12.396,0.1,12.296,122.96,True,ADAUSDT,2,TREND,BUY,34518,2026-07-02 08:50:00
0.1759,0.1798,35084,35157,74,REVERSE_SIGNAL,2.445,0.512,2.217,0.1,2.117,21.17,True,ADAUSDT,2,FADE,BUY,35083,2026-07-04 07:55:00
0.1798,0.189,35158,35348,191,REVERSE_SIGNAL,11.179,0.056,5.117,0.1,5.017,50.17,True,ADAUSDT,2,TREND,BUY,35157,2026-07-04 14:05:00
0.189,0.1922,35349,35363,15,SL,0.212,1.746,-1.693,0.1,-1.793,-17.93,False,ADAUSDT,2,TREND,SELL,35348,2026-07-05 06:00:00
0.1913,0.1876,35545,35569,25,SL,0.68,1.934,-1.934,0.1,-2.034,-20.34,False,ADAUSDT,2,TREND,BUY,35544,2026-07-05 22:20:00
0.1855,0.184,35630,35801,172,REVERSE_SIGNAL,4.097,0.539,0.809,0.1,0.709,7.09,True,ADAUSDT,2,TREND,SELL,35629,2026-07-06 05:25:00
0.184,0.1822,35802,35882,81,SL,1.685,1.304,-0.978,0.1,-1.078,-10.78,False,ADAUSDT,2,TREND,BUY,35801,2026-07-06 19:45:00
0.1819,0.1675,35890,36493,604,REVERSE_SIGNAL,9.456,0.055,7.916,0.1,7.816,78.16,True,ADAUSDT,2,TREND,SELL,35889,2026-07-07 03:05:00
0.1675,0.1654,36494,36627,134,REVERSE_SIGNAL,1.433,1.493,1.254,0.1,1.154,11.54,True,ADAUSDT,2,FADE,SELL,36493,2026-07-09 05:25:00
0.1654,0.1686,36628,36747,120,REVERSE_SIGNAL,2.6,0.302,1.935,0.1,1.835,18.35,True,ADAUSDT,2,FADE,BUY,36627,2026-07-09 16:35:00
0.1686,0.1661,36748,36902,155,REVERSE_SIGNAL,2.195,0.712,1.483,0.1,1.383,13.83,True,ADAUSDT,2,FADE,SELL,36747,2026-07-10 02:35:00
0.1661,0.1678,36903,37120,218,REVERSE_SIGNAL,1.385,0.361,1.023,0.1,0.923,9.23,True,ADAUSDT,2,FADE,BUY,36902,2026-07-10 15:30:00
0.1678,0.1728,37121,37190,70,SL,0.596,3.933,-3.0,0.1,-3.1,-31.0,False,ADAUSDT,2,FADE,SELL,37120,2026-07-11 09:40:00
0.1677,0.1594,37282,37932,651,REVERSE_SIGNAL,7.394,0.298,4.949,0.1,4.849,48.49,True,ADAUSDT,2,TREND,SELL,37281,2026-07-11 23:05:00
0.1594,0.1641,37933,38386,454,REVERSE_SIGNAL,6.211,0.878,2.949,0.1,2.849,28.49,True,ADAUSDT,2,TREND,BUY,37932,2026-07-14 05:20:00
0.1641,0.1641,38387,38619,233,REVERSE_SIGNAL,1.402,1.95,0.0,0.1,-0.1,-1.0,False,ADAUSDT,2,FADE,BUY,38386,2026-07-15 19:10:00
0.1641,0.1625,38620,38626,7,SL,0.244,0.975,-0.975,0.1,-1.075,-10.75,False,ADAUSDT,2,TREND,BUY,38619,2026-07-16 14:35:00
0.1609,0.161,38720,38856,137,REVERSE_SIGNAL,0.684,2.051,0.062,0.1,-0.038,-0.38,False,ADAUSDT,2,FADE,BUY,38719,2026-07-16 22:55:00
0.161,0.1586,38857,38893,37,REVERSE_SIGNAL,1.863,0.807,1.491,0.1,1.391,13.91,True,ADAUSDT,2,FADE,SELL,38856,2026-07-17 10:20:00
0.1586,0.1628,38894,38911,18,REVERSE_SIGNAL,2.774,0.631,2.648,0.1,2.548,25.48,True,ADAUSDT,2,FADE,BUY,38893,2026-07-17 13:25:00
0.1628,0.1658,38912,39159,248,REVERSE_SIGNAL,3.931,1.106,1.843,0.1,1.743,17.43,True,ADAUSDT,2,TREND,BUY,38911,2026-07-17 14:55:00
0.1658,0.1662,39160,39269,110,REVERSE_SIGNAL,0.543,1.508,0.241,0.1,0.141,1.41,True,ADAUSDT,2,FADE,BUY,39159,2026-07-18 11:35:00
0.1662,0.1647,39270,39420,151,REVERSE_SIGNAL,1.023,1.504,0.903,0.1,0.803,8.03,True,ADAUSDT,2,FADE,SELL,39269,2026-07-18 20:45:00
0.1647,0.1668,39421,39486,66,SL,0.182,1.336,-1.275,0.1,-1.375,-13.75,False,ADAUSDT,2,TREND,SELL,39420,2026-07-19 09:20:00
0.1671,0.1646,39610,39618,9,SL,0.06,1.795,-1.496,0.1,-1.596,-15.96,False,ADAUSDT,2,TREND,BUY,39609,2026-07-20 01:05:00
0.1625,0.1659,39664,39737,74,SL,1.231,2.215,-2.092,0.1,-2.192,-21.92,False,ADAUSDT,2,TREND,SELL,39663,2026-07-20 05:35:00
0.1641,0.1623,39744,39763,20,SL,0.183,1.097,-1.097,0.1,-1.197,-11.97,False,ADAUSDT,2,TREND,BUY,39743,2026-07-20 12:15:00
0.1728,0.1734,40147,40302,156,REVERSE_SIGNAL,1.447,1.447,0.347,0.1,0.247,2.47,True,ADAUSDT,2,FADE,BUY,40146,2026-07-21 21:50:00
0.1734,0.1719,40303,40321,19,SL,0.115,0.865,-0.865,0.1,-0.965,-9.65,False,ADAUSDT,2,TREND,BUY,40302,2026-07-22 10:50:00
0.1736,0.1684,40454,40640,187,SL,1.728,3.168,-3.0,0.1,-3.1,-31.0,False,ADAUSDT,2,FADE,BUY,40453,2026-07-22 23:25:00
0.1636,0.1641,41196,41575,380,REVERSE_SIGNAL,2.017,0.367,0.306,0.1,0.206,2.06,True,ADAUSDT,2,TREND,BUY,41195,2026-07-25 13:15:00
0.1641,0.1651,41576,41582,7,SL,0.0,0.609,-0.609,0.1,-0.709,-7.09,False,ADAUSDT,2,TREND,SELL,41575,2026-07-26 20:55:00
0.1657,0.1632,41601,41761,161,REVERSE_SIGNAL,1.69,0.905,1.509,0.1,1.409,14.09,True,ADAUSDT,2,FADE,SELL,41600,2026-07-26 23:00:00
0.1632,0.1656,41762,41777,16,SL,0.49,1.471,-1.471,0.1,-1.571,-15.71,False,ADAUSDT,2,TREND,SELL,41761,2026-07-27 12:25:00
0.1572,0.1619,42008,42165,158,SL,1.336,3.308,-3.0,0.1,-3.1,-31.0,False,ADAUSDT,2,FADE,SELL,42007,2026-07-28 08:55:00
0.1621,0.1646,42445,42585,141,REVERSE_SIGNAL,1.912,0.432,1.542,0.1,1.442,14.42,True,ADAUSDT,2,FADE,BUY,42444,2026-07-29 21:20:00
0.1646,0.1696,42586,42814,229,REVERSE_SIGNAL,7.047,0.668,3.038,0.1,2.938,29.38,True,ADAUSDT,2,TREND,BUY,42585,2026-07-30 09:05:00
0.1696,0.1715,42815,42869,55,SL,1.297,1.297,-1.12,0.1,-1.22,-12.2,False,ADAUSDT,2,TREND,SELL,42814,2026-07-31 04:10:00
0.1721,0.1679,42992,43037,46,REVERSE_SIGNAL,2.557,0.291,2.44,0.1,2.34,23.4,True,ADAUSDT,2,FADE,SELL,42991,2026-07-31 18:55:00
0.1679,0.171,43038,43110,73,REVERSE_SIGNAL,2.025,0.179,1.846,0.1,1.746,17.46,True,ADAUSDT,2,FADE,BUY,43037,2026-07-31 22:45:00
0.171,0.1761,43111,43215,105,SL,0.994,3.45,-3.0,0.1,-3.1,-31.0,False,ADAUSDT,2,FADE,SELL,43110,2026-08-01 04:50:00
0.1858,0.1882,43649,43755,107,REVERSE_SIGNAL,2.26,1.346,-1.292,0.1,-1.392,-13.92,False,ADAUSDT,2,TREND,SELL,43648,2026-08-03 01:40:00
0.1882,0.1917,43756,44088,333,REVERSE_SIGNAL,6.004,1.328,1.86,0.1,1.76,17.6,True,ADAUSDT,2,TREND,BUY,43755,2026-08-03 10:35:00
0.1917,0.194,44089,44307,219,REVERSE_SIGNAL,1.669,1.043,1.2,0.1,1.1,11.0,True,ADAUSDT,2,FADE,BUY,44088,2026-08-04 14:20:00
0.194,0.1907,44308,44366,59,SL,2.68,2.01,-1.701,0.1,-1.801,-18.01,False,ADAUSDT,2,TREND,BUY,44307,2026-08-05 08:35:00
0.189,0.1916,44396,44637,242,REVERSE_SIGNAL,1.958,1.799,1.376,0.1,1.276,12.76,True,ADAUSDT,2,FADE,BUY,44395,2026-08-05 15:55:00
0.1916,0.2001,44638,44801,164,REVERSE_SIGNAL,10.491,0.783,4.436,0.1,4.336,43.36,True,ADAUSDT,2,TREND,BUY,44637,2026-08-06 12:05:00
0.2001,0.2033,44802,44855,54,SL,0.8,1.899,-1.599,0.1,-1.699,-16.99,False,ADAUSDT,2,TREND,SELL,44801,2026-08-07 01:45:00
0.2022,0.1988,45034,45186,153,REVERSE_SIGNAL,1.929,0.297,1.682,0.1,1.582,15.82,True,ADAUSDT,2,FADE,SELL,45033,2026-08-07 21:05:00
0.1988,0.1987,45187,45613,427,REVERSE_SIGNAL,1.056,1.66,-0.05,0.1,-0.15,-1.5,False,ADAUSDT,2,FADE,BUY,45186,2026-08-08 09:50:00
0.1987,0.1945,45614,45639,26,REVERSE_SIGNAL,3.02,0.352,2.114,0.1,2.014,20.14,True,ADAUSDT,2,FADE,SELL,45613,2026-08-09 21:25:00
0.1945,0.1986,45640,45734,95,REVERSE_SIGNAL,2.468,0.566,2.108,0.1,2.008,20.08,True,ADAUSDT,2,FADE,BUY,45639,2026-08-09 23:35:00
0.1986,0.196,45735,45752,18,SL,0.05,1.309,-1.309,0.1,-1.409,-14.09,False,ADAUSDT,2,TREND,BUY,45734,2026-08-10 07:30:00
0.1948,0.189,45768,45932,165,SL,1.181,3.08,-3.0,0.1,-3.1,-31.0,False,ADAUSDT,2,FADE,BUY,45767,2026-08-10 10:15:00
0.1872,0.1855,46249,46308,60,REVERSE_SIGNAL,1.175,0.588,0.908,0.1,0.808,8.08,True,ADAUSDT,2,FADE,SELL,46248,2026-08-12 02:20:00
0.1855,0.1838,46309,46555,247,REVERSE_SIGNAL,1.024,2.749,-0.916,0.1,-1.016,-10.16,False,ADAUSDT,2,FADE,BUY,46308,2026-08-12 07:20:00
0.1838,0.182,46556,46701,146,REVERSE_SIGNAL,1.034,1.469,0.979,0.1,0.879,8.79,True,ADAUSDT,2,FADE,SELL,46555,2026-08-13 03:55:00
0.182,0.1813,46702,47119,418,REVERSE_SIGNAL,2.253,0.824,0.385,0.1,0.285,2.85,True,ADAUSDT,2,TREND,SELL,46701,2026-08-13 16:05:00
0.1813,0.1787,47120,47186,67,REVERSE_SIGNAL,1.434,0.221,1.434,0.1,1.334,13.34,True,ADAUSDT,2,FADE,SELL,47119,2026-08-15 02:55:00
0.1787,0.1786,47187,47608,422,REVERSE_SIGNAL,0.448,2.238,-0.056,0.1,-0.156,-1.56,False,ADAUSDT,2,FADE,BUY,47186,2026-08-15 08:30:00
0.1786,0.1757,47609,47631,23,SL,0.224,1.68,-1.624,0.1,-1.724,-17.24,False,ADAUSDT,2,TREND,BUY,47608,2026-08-16 19:40:00
0.175,0.1751,47655,48116,462,REVERSE_SIGNAL,1.543,2.229,0.057,0.1,-0.043,-0.43,False,ADAUSDT,2,FADE,BUY,47654,2026-08-16 23:30:00
0.1751,0.1729,48117,48205,89,REVERSE_SIGNAL,1.428,1.028,1.256,0.1,1.156,11.56,True,ADAUSDT,2,FADE,SELL,48116,2026-08-18 14:00:00
0.1729,0.1744,48206,48228,23,SL,0.174,0.925,-0.868,0.1,-0.968,-9.68,False,ADAUSDT,2,TREND,SELL,48205,2026-08-18 21:25:00
0.175,0.1802,48284,48421,138,SL,0.857,4.686,-3.0,0.1,-3.1,-31.0,False,ADAUSDT,2,FADE,SELL,48283,2026-08-19 03:55:00
0.1826,0.1864,48567,48622,56,SL,0.493,2.683,-2.081,0.1,-2.181,-21.81,False,ADAUSDT,2,TREND,SELL,48566,2026-08-20 03:30:00
0.1897,0.2283,48629,49201,573,REVERSE_SIGNAL,36.426,0.843,20.348,0.1,20.248,202.48,True,ADAUSDT,2,TREND,BUY,48628,2026-08-20 08:40:00
0.2283,0.2321,49202,49347,146,REVERSE_SIGNAL,4.774,2.628,-1.664,0.1,-1.764,-17.64,False,ADAUSDT,2,TREND,SELL,49201,2026-08-22 08:25:00
0.2321,0.2262,49348,49358,11,SL,0.259,2.585,-2.542,0.1,-2.642,-26.42,False,ADAUSDT,2,TREND,BUY,49347,2026-08-22 20:35:00
0.2225,0.2244,49418,49534,117,REVERSE_SIGNAL,4.135,1.348,-0.854,0.1,-0.954,-9.54,False,ADAUSDT,2,TREND,SELL,49417,2026-08-23 02:25:00
0.2244,0.2198,49535,49695,161,SL,2.763,2.05,-2.05,0.1,-2.15,-21.5,False,ADAUSDT,2,TREND,BUY,49534,2026-08-23 12:10:00
0.2183,0.2256,49700,49832,133,REVERSE_SIGNAL,0.779,3.756,-3.344,0.1,-3.444,-34.44,False,ADAUSDT,2,TREND,SELL,49699,2026-08-24 01:55:00
0.2256,0.2194,49833,49841,9,SL,0.887,2.881,-2.748,0.1,-2.848,-28.48,False,ADAUSDT,2,TREND,BUY,49832,2026-08-24 13:00:00
0.9928,1.0079,211,447,237,REVERSE_SIGNAL,2.699,2.981,1.521,0.1,1.421,14.21,True,APTUSDT,2,FADE,BUY,210,2026-03-05 05:50:00
1.0079,0.993,448,571,124,REVERSE_SIGNAL,1.865,1.617,1.478,0.1,1.378,13.78,True,APTUSDT,2,FADE,SELL,447,2026-03-06 01:35:00
0.993,0.9423,572,1120,549,REVERSE_SIGNAL,7.422,1.108,5.106,0.1,5.006,50.06,True,APTUSDT,2,TREND,SELL,571,2026-03-06 11:55:00
0.9423,0.9299,1121,1185,65,SL,1.995,1.348,-1.316,0.1,-1.416,-14.16,False,APTUSDT,2,TREND,BUY,1120,2026-03-08 09:40:00
0.9248,0.9468,1224,1350,127,REVERSE_SIGNAL,3.536,1.676,2.379,0.1,2.279,22.79,True,APTUSDT,2,FADE,BUY,1223,2026-03-08 18:15:00
0.9468,0.9609,1351,1807,457,REVERSE_SIGNAL,5.556,1.088,1.489,0.1,1.389,13.89,True,APTUSDT,2,TREND,BUY,1350,2026-03-09 04:50:00
0.9609,0.9612,1808,2027,220,REVERSE_SIGNAL,0.5,2.779,0.031,0.1,-0.069,-0.69,False,APTUSDT,2,FADE,BUY,1807,2026-03-10 18:55:00
0.9612,0.9418,2028,2054,27,SL,1.457,2.788,-2.018,0.1,-2.118,-21.18,False,APTUSDT,2,TREND,BUY,2027,2026-03-11 13:15:00
0.9376,0.9095,2115,2329,215,SL,1.312,3.338,-3.0,0.1,-3.1,-31.0,False,APTUSDT,2,FADE,BUY,2114,2026-03-11 20:30:00
0.9233,0.9203,2452,2559,108,REVERSE_SIGNAL,2.935,0.921,-0.325,0.1,-0.425,-4.25,False,APTUSDT,2,TREND,BUY,2451,2026-03-13 00:35:00
0.9203,0.9434,2560,2599,40,REVERSE_SIGNAL,3.803,0.337,2.51,0.1,2.41,24.1,True,APTUSDT,2,FADE,BUY,2559,2026-03-13 09:35:00
0.9434,0.9238,2600,2712,113,SL,3.35,2.247,-2.078,0.1,-2.178,-21.78,False,APTUSDT,2,TREND,BUY,2599,2026-03-13 12:55:00
0.9225,0.9198,2715,3019,305,REVERSE_SIGNAL,2.298,1.854,-0.293,0.1,-0.393,-3.93,False,APTUSDT,2,FADE,BUY,2714,2026-03-13 22:30:00
0.9198,0.9474,3020,3350,331,SL,1.131,4.207,-3.0,0.1,-3.1,-31.0,False,APTUSDT,2,FADE,SELL,3019,2026-03-14 23:55:00
0.9901,1.0109,3650,3852,203,REVERSE_SIGNAL,2.222,1.0,2.101,0.1,2.001,20.01,True,APTUSDT,2,FADE,BUY,3649,2026-03-17 04:25:00
1.0109,0.983,3853,4027,175,REVERSE_SIGNAL,2.978,0.603,2.76,0.1,2.66,26.6,True,APTUSDT,2,FADE,SELL,3852,2026-03-17 21:20:00
0.983,0.9797,4028,4140,113,REVERSE_SIGNAL,4.659,0.02,0.336,0.1,0.236,2.36,True,APTUSDT,2,TREND,SELL,4027,2026-03-18 11:55:00
0.9797,0.9649,4141,4275,135,REVERSE_SIGNAL,1.46,2.337,-1.511,0.1,-1.611,-16.11,False,APTUSDT,2,TREND,BUY,4140,2026-03-18 21:20:00
0.9649,0.9563,4276,4475,200,REVERSE_SIGNAL,4.446,0.839,0.891,0.1,0.791,7.91,True,APTUSDT,2,TREND,SELL,4275,2026-03-19 08:35:00
0.9563,0.9873,4476,4796,321,REVERSE_SIGNAL,7.236,0.084,3.242,0.1,3.142,31.42,True,APTUSDT,2,TREND,BUY,4475,2026-03-20 01:15:00
0.9873,1.0038,4797,4821,25,REVERSE_SIGNAL,1.691,0.658,1.671,0.1,1.571,15.71,True,APTUSDT,2,FADE,BUY,4796,2026-03-21 04:00:00
1.0038,1.0005,4822,4997,176,REVERSE_SIGNAL,2.152,1.146,-0.329,0.1,-0.429,-4.29,False,APTUSDT,2,TREND,BUY,4821,2026-03-21 06:05:00
1.0005,0.9385,4998,5336,339,REVERSE_SIGNAL,8.916,0.13,6.197,0.1,6.097,60.97,True,APTUSDT,2,TREND,SELL,4997,2026-03-21 20:45:00
0.9385,0.9219,5337,5403,67,SL,1.673,1.907,-1.769,0.1,-1.869,-18.69,False,APTUSDT,2,TREND,BUY,5336,2026-03-23 01:00:00
0.9213,0.9543,5407,5459,53,REVERSE_SIGNAL,5.177,1.813,3.582,0.1,3.482,34.82,True,APTUSDT,2,FADE,BUY,5406,2026-03-23 06:50:00
0.9543,1.0301,5460,5789,330,REVERSE_SIGNAL,13.853,2.001,7.943,0.1,7.843,78.43,True,APTUSDT,2,TREND,BUY,5459,2026-03-23 11:15:00
1.0301,1.0599,5790,5847,58,SL,0.709,2.99,-2.893,0.1,-2.993,-29.93,False,APTUSDT,2,TREND,SELL,5789,2026-03-24 14:45:00
1.0846,1.0609,5860,5946,87,REVERSE_SIGNAL,3.706,2.517,-2.185,0.1,-2.285,-22.85,False,APTUSDT,2,TREND,BUY,5859,2026-03-24 20:35:00
1.0609,1.0819,5947,6030,84,SL,1.103,2.13,-1.979,0.1,-2.079,-20.79,False,APTUSDT,2,TREND,SELL,5946,2026-03-25 03:50:00
1.0749,1.0661,6124,6144,21,SL,0.344,0.902,-0.819,0.1,-0.919,-9.19,False,APTUSDT,2,TREND,BUY,6123,2026-03-25 18:35:00
1.0578,1.0261,6163,6268,106,SL,0.851,3.054,-3.0,0.1,-3.1,-31.0,False,APTUSDT,2,FADE,BUY,6162,2026-03-25 21:50:00
0.9267,0.9133,7315,7328,14,REVERSE_SIGNAL,3.734,0.151,1.446,0.1,1.346,13.46,True,APTUSDT,2,FADE,SELL,7314,2026-03-29 21:50:00
0.9133,0.9277,7329,7343,15,SL,0.23,2.65,-1.577,0.1,-1.677,-16.77,False,APTUSDT,2,TREND,SELL,7328,2026-03-29 23:00:00
0.9445,0.9221,7374,7516,143,REVERSE_SIGNAL,2.732,0.603,2.372,0.1,2.272,22.72,True,APTUSDT,2,FADE,SELL,7373,2026-03-30 02:45:00
0.9221,0.9047,7517,7686,170,REVERSE_SIGNAL,4.685,0.792,1.887,0.1,1.787,17.87,True,APTUSDT,2,TREND,SELL,7516,2026-03-30 14:40:00
0.9047,0.8941,7687,7746,60,SL,1.127,1.26,-1.172,0.1,-1.272,-12.72,False,APTUSDT,2,TREND,BUY,7686,2026-03-31 04:50:00
0.8848,0.9063,7808,7982,175,SL,1.526,2.486,-2.43,0.1,-2.53,-25.3,False,APTUSDT,2,TREND,SELL,7807,2026-03-31 14:55:00
0.9047,0.8948,7988,8186,199,REVERSE_SIGNAL,1.47,1.349,1.094,0.1,0.994,9.94,True,APTUSDT,2,FADE,SELL,7987,2026-04-01 05:55:00
0.8948,0.8606,8187,8524,338,REVERSE_SIGNAL,5.722,0.168,3.822,0.1,3.722,37.22,True,APTUSDT,2,TREND,SELL,8186,2026-04-01 22:30:00
0.8606,0.8524,8525,8657,133,REVERSE_SIGNAL,1.081,1.383,0.953,0.1,0.853,8.53,True,APTUSDT,2,FADE,SELL,8524,2026-04-03 02:40:00
0.8524,0.8515,8658,8962,305,REVERSE_SIGNAL,0.974,1.842,-0.106,0.1,-0.206,-2.06,False,APTUSDT,2,FADE,BUY,8657,2026-04-03 13:45:00
0.8515,0.8422,8963,9136,174,REVERSE_SIGNAL,1.186,0.141,1.092,0.1,0.992,9.92,True,APTUSDT,2,FADE,SELL,8962,2026-04-04 15:10:00
0.8422,0.8474,9137,9347,211,SL,2.102,0.867,-0.617,0.1,-0.717,-7.17,False,APTUSDT,2,TREND,SELL,9136,2026-04-05 05:40:00
0.8451,0.8705,9349,9467,119,SL,0.296,3.124,-3.0,0.1,-3.1,-31.0,False,APTUSDT,2,FADE,SELL,9348,2026-04-05 23:20:00
0.8564,0.8307,9563,9633,71,SL,0.747,3.048,-3.0,0.1,-3.1,-31.0,False,APTUSDT,2,FADE,BUY,9562,2026-04-06 17:10:00
0.8377,0.8607,9891,10073,183,REVERSE_SIGNAL,5.479,0.728,2.746,0.1,2.646,26.46,True,APTUSDT,2,TREND,BUY,9890,2026-04-07 20:30:00
0.8607,0.8349,10074,10160,87,SL,0.465,3.021,-3.0,0.1,-3.1,-31.0,False,APTUSDT,2,FADE,BUY,10073,2026-04-08 11:45:00
0.8343,0.8365,10406,10548,143,REVERSE_SIGNAL,4.279,0.096,0.264,0.1,0.164,1.64,True,APTUSDT,2,TREND,BUY,10405,2026-04-09 15:25:00
0.8365,0.8485,10549,10679,131,SL,0.634,1.518,-1.435,0.1,-1.535,-15.35,False,APTUSDT,2,TREND,SELL,10548,2026-04-10 03:20:00
0.8513,0.8545,10684,10846,163,REVERSE_SIGNAL,3.066,0.446,0.376,0.1,0.276,2.76,True,APTUSDT,2,TREND,BUY,10683,2026-04-10 14:35:00
0.8545,0.8633,10847,10991,145,REVERSE_SIGNAL,1.381,1.053,-1.03,0.1,-1.13,-11.3,False,APTUSDT,2,TREND,SELL,10846,2026-04-11 04:10:00
0.8633,0.8604,10992,11094,103,REVERSE_SIGNAL,1.946,0.521,-0.336,0.1,-0.436,-4.36,False,APTUSDT,2,TREND,BUY,10991,2026-04-11 16:15:00
0.8604,0.8224,11095,11510,416,REVERSE_SIGNAL,6.392,0.279,4.417,0.1,4.317,43.17,True,APTUSDT,2,TREND,SELL,11094,2026-04-12 00:50:00
0.8224,0.8589,11511,11802,292,REVERSE_SIGNAL,6.554,0.195,4.438,0.1,4.338,43.38,True,APTUSDT,2,TREND,BUY,11510,2026-04-13 11:30:00
0.8589,0.879,11803,11853,51,REVERSE_SIGNAL,2.655,0.338,2.34,0.1,2.24,22.4,True,APTUSDT,2,FADE,BUY,11802,2026-04-14 11:50:00
0.879,0.8575,11854,11880,27,SL,0.0,2.548,-2.446,0.1,-2.546,-25.46,False,APTUSDT,2,TREND,BUY,11853,2026-04-14 16:05:00
0.8511,0.8676,11892,11997,106,REVERSE_SIGNAL,2.209,0.446,1.939,0.1,1.839,18.39,True,APTUSDT,2,FADE,BUY,11891,2026-04-14 19:15:00
0.8676,0.8529,11998,12039,42,REVERSE_SIGNAL,1.775,0.553,1.694,0.1,1.594,15.94,True,APTUSDT,2,FADE,SELL,11997,2026-04-15 04:05:00
0.8529,0.8691,12040,12081,42,REVERSE_SIGNAL,2.134,0.141,1.899,0.1,1.799,17.99,True,APTUSDT,2,FADE,BUY,12039,2026-04-15 07:35:00
0.8691,0.9676,12082,12592,511,REVERSE_SIGNAL,15.925,0.058,11.334,0.1,11.234,112.34,True,APTUSDT,2,TREND,BUY,12081,2026-04-15 11:05:00
0.9676,0.9831,12593,12608,16,SL,0.455,1.674,-1.602,0.1,-1.702,-17.02,False,APTUSDT,2,TREND,SELL,12592,2026-04-17 05:40:00
0.9983,0.975,12616,12666,51,SL,1.743,2.995,-2.334,0.1,-2.434,-24.34,False,APTUSDT,2,TREND,BUY,12615,2026-04-17 07:35:00
0.9912,0.9408,12842,13239,398,REVERSE_SIGNAL,7.173,0.424,5.085,0.1,4.985,49.85,True,APTUSDT,2,TREND,SELL,12841,2026-04-18 02:25:00
0.9408,0.9283,13240,13287,48,SL,2.158,1.509,-1.329,0.1,-1.429,-14.29,False,APTUSDT,2,TREND,BUY,13239,2026-04-19 11:35:00
0.9252,0.9289,13314,13488,175,REVERSE_SIGNAL,1.07,1.837,0.4,0.1,0.3,3.0,True,APTUSDT,2,FADE,BUY,13313,2026-04-19 17:45:00
0.9289,0.927,13489,13701,213,REVERSE_SIGNAL,2.315,0.549,-0.205,0.1,-0.305,-3.05,False,APTUSDT,2,TREND,BUY,13488,2026-04-20 08:20:00
0.927,0.94,13702,13804,103,REVERSE_SIGNAL,1.456,0.345,1.402,0.1,1.302,13.02,True,APTUSDT,2,FADE,BUY,13701,2026-04-21 02:05:00
0.94,0.9195,13805,13883,79,REVERSE_SIGNAL,2.255,0.926,2.181,0.1,2.081,20.81,True,APTUSDT,2,FADE,SELL,13804,2026-04-21 10:40:00
0.9195,0.9384,13884,13971,88,REVERSE_SIGNAL,0.326,2.295,-2.055,0.1,-2.155,-21.55,False,APTUSDT,2,TREND,SELL,13883,2026-04-21 17:15:00
0.9384,0.9666,13972,14062,91,SL,0.853,3.048,-3.0,0.1,-3.1,-31.0,False,APTUSDT,2,FADE,SELL,13971,2026-04-22 00:35:00
0.9581,0.953,14197,14332,136,REVERSE_SIGNAL,0.303,2.766,-0.532,0.1,-0.632,-6.32,False,APTUSDT,2,FADE,BUY,14196,2026-04-22 19:20:00
0.953,0.9313,14333,14466,134,REVERSE_SIGNAL,3.043,0.86,2.277,0.1,2.177,21.77,True,APTUSDT,2,FADE,SELL,14332,2026-04-23 06:40:00
0.9313,0.9538,14467,14536,70,REVERSE_SIGNAL,2.459,0.666,2.416,0.1,2.316,23.16,True,APTUSDT,2,FADE,BUY,14466,2026-04-23 17:50:00
0.9538,0.9824,14537,14791,255,SL,1.436,3.04,-3.0,0.1,-3.1,-31.0,False,APTUSDT,2,FADE,SELL,14536,2026-04-23 23:40:00
0.9706,0.9741,14965,15180,216,REVERSE_SIGNAL,1.607,0.546,-0.361,0.1,-0.461,-4.61,False,APTUSDT,2,TREND,SELL,14964,2026-04-25 11:20:00
0.9741,0.966,15181,15470,290,REVERSE_SIGNAL,2.844,1.273,-0.832,0.1,-0.932,-9.32,False,APTUSDT,2,TREND,BUY,15180,2026-04-26 05:20:00
0.966,0.9646,15471,15684,214,REVERSE_SIGNAL,0.238,2.857,-0.145,0.1,-0.245,-2.45,False,APTUSDT,2,FADE,BUY,15470,2026-04-27 05:30:00
0.9646,0.9585,15685,15787,103,REVERSE_SIGNAL,3.12,1.047,-0.632,0.1,-0.732,-7.32,False,APTUSDT,2,TREND,BUY,15684,2026-04-27 23:20:00
0.9585,0.9736,15788,16017,230,REVERSE_SIGNAL,1.575,0.376,1.575,0.1,1.475,14.75,True,APTUSDT,2,FADE,BUY,15787,2026-04-28 07:55:00
0.9736,0.9798,16018,16160,143,REVERSE_SIGNAL,3.728,0.0,0.637,0.1,0.537,5.37,True,APTUSDT,2,TREND,BUY,16017,2026-04-29 03:05:00
0.9798,0.9954,16161,16237,77,SL,3.491,1.715,-1.592,0.1,-1.692,-16.92,False,APTUSDT,2,TREND,SELL,16160,2026-04-29 15:00:00
0.9967,1.0266,16239,16290,52,SL,1.435,3.03,-3.0,0.1,-3.1,-31.0,False,APTUSDT,2,FADE,SELL,16238,2026-04-29 21:30:00
0.9868,1.0118,16440,16569,130,REVERSE_SIGNAL,2.615,0.801,2.533,0.1,2.433,24.33,True,APTUSDT,2,FADE,BUY,16439,2026-04-30 14:15:00
1.0118,1.0131,16570,16676,107,REVERSE_SIGNAL,3.558,0.277,0.128,0.1,0.028,0.28,True,APTUSDT,2,TREND,BUY,16569,2026-05-01 01:05:00
1.0131,1.0061,16677,16865,189,REVERSE_SIGNAL,2.714,0.878,0.691,0.1,0.591,5.91,True,APTUSDT,2,TREND,SELL,16676,2026-05-01 10:00:00
1.0061,0.9936,16866,16881,16,SL,1.272,1.292,-1.242,0.1,-1.342,-13.42,False,APTUSDT,2,TREND,BUY,16865,2026-05-02 01:45:00
0.9926,1.0002,16992,17032,41,SL,0.242,0.917,-0.766,0.1,-0.866,-8.66,False,APTUSDT,2,TREND,SELL,16991,2026-05-02 12:15:00
1.0044,0.9924,17040,17142,103,REVERSE_SIGNAL,1.304,0.986,1.195,0.1,1.095,10.95,True,APTUSDT,2,FADE,SELL,17039,2026-05-02 16:15:00
0.9924,0.994,17143,17284,142,REVERSE_SIGNAL,1.955,0.433,-0.161,0.1,-0.261,-2.61,False,APTUSDT,2,TREND,SELL,17142,2026-05-03 00:50:00
0.994,0.979,17285,17423,139,REVERSE_SIGNAL,1.71,0.865,1.509,0.1,1.409,14.09,True,APTUSDT,2,FADE,SELL,17284,2026-05-03 12:40:00
0.979,1.0084,17424,17448,25,REVERSE_SIGNAL,3.412,0.48,3.003,0.1,2.903,29.03,True,APTUSDT,2,FADE,BUY,17423,2026-05-04 00:15:00
1.0084,0.9885,17449,17522,74,REVERSE_SIGNAL,2.063,1.18,1.973,0.1,1.873,18.73,True,APTUSDT,2,FADE,SELL,17448,2026-05-04 02:20:00
0.9885,0.9795,17523,17830,308,REVERSE_SIGNAL,3.126,0.991,0.91,0.1,0.81,8.1,True,APTUSDT,2,TREND,SELL,17522,2026-05-04 08:30:00
0.9795,0.9683,17831,17903,73,SL,1.889,1.164,-1.143,0.1,-1.243,-12.43,False,APTUSDT,2,TREND,BUY,17830,2026-05-05 10:10:00
0.9614,0.9898,17909,17959,51,REVERSE_SIGNAL,3.079,0.104,2.954,0.1,2.854,28.54,True,APTUSDT,2,FADE,BUY,17908,2026-05-05 16:40:00
0.9898,1.0195,17960,18038,79,SL,0.859,3.92,-3.0,0.1,-3.1,-31.0,False,APTUSDT,2,FADE,SELL,17959,2026-05-05 20:55:00
1.0118,1.0301,18166,18368,203,REVERSE_SIGNAL,2.263,1.739,1.809,0.1,1.709,17.09,True,APTUSDT,2,FADE,BUY,18165,2026-05-06 14:05:00
1.0301,1.004,18369,18479,111,REVERSE_SIGNAL,3.019,0.757,2.534,0.1,2.434,24.34,True,APTUSDT,2,FADE,SELL,18368,2026-05-07 07:00:00
1.004,1.0266,18480,18506,27,SL,0.01,2.361,-2.251,0.1,-2.351,-23.51,False,APTUSDT,2,TREND,SELL,18479,2026-05-07 16:15:00
1.0317,1.102,18586,18975,390,REVERSE_SIGNAL,11.001,1.25,6.814,0.1,6.714,67.14,True,APTUSDT,2,TREND,BUY,18585,2026-05-08 01:05:00
1.102,1.1145,18976,19256,281,REVERSE_SIGNAL,1.452,1.915,1.134,0.1,1.034,10.34,True,APTUSDT,2,FADE,BUY,18975,2026-05-09 09:35:00
1.1145,1.1479,19257,19350,94,SL,1.373,3.167,-3.0,0.1,-3.1,-31.0,False,APTUSDT,2,FADE,SELL,19256,2026-05-10 09:00:00
1.1153,1.0949,19465,20031,567,REVERSE_SIGNAL,5.29,2.484,1.829,0.1,1.729,17.29,True,APTUSDT,2,TREND,SELL,19464,2026-05-11 02:20:00
1.0949,1.0899,20032,20161,130,REVERSE_SIGNAL,2.968,0.758,-0.457,0.1,-0.557,-5.57,False,APTUSDT,2,TREND,BUY,20031,2026-05-13 01:35:00
1.0899,1.0589,20162,20478,317,REVERSE_SIGNAL,6.377,0.064,2.844,0.1,2.744,27.44,True,APTUSDT,2,TREND,SELL,20161,2026-05-13 12:25:00
1.0589,1.0437,20479,20616,138,REVERSE_SIGNAL,1.794,2.012,-1.435,0.1,-1.535,-15.35,False,APTUSDT,2,TREND,BUY,20478,2026-05-14 14:50:00
1.0437,0.9548,20617,21252,636,REVERSE_SIGNAL,10.606,0.642,8.518,0.1,8.418,84.18,True,APTUSDT,2,TREND,SELL,20616,2026-05-15 02:20:00
0.9548,0.9451,21253,21328,76,REVERSE_SIGNAL,1.592,1.477,1.016,0.1,0.916,9.16,True,APTUSDT,2,FADE,SELL,21252,2026-05-17 07:20:00
0.9451,0.951,21329,21424,96,REVERSE_SIGNAL,0.995,1.661,0.624,0.1,0.524,5.24,True,APTUSDT,2,FADE,BUY,21328,2026-05-17 13:40:00
0.951,0.9357,21425,21443,19,REVERSE_SIGNAL,1.935,0.074,1.609,0.1,1.509,15.09,True,APTUSDT,2,FADE,SELL,21424,2026-05-17 21:40:00
0.9357,0.9408,21444,21604,161,REVERSE_SIGNAL,5.13,0.556,-0.545,0.1,-0.645,-6.45,False,APTUSDT,2,TREND,SELL,21443,2026-05-17 23:15:00
0.9408,0.9183,21605,21676,72,REVERSE_SIGNAL,2.721,0.117,2.392,0.1,2.292,22.92,True,APTUSDT,2,FADE,SELL,21604,2026-05-18 12:40:00
0.9183,0.9401,21677,21694,18,REVERSE_SIGNAL,2.472,0.479,2.374,0.1,2.274,22.74,True,APTUSDT,2,FADE,BUY,21676,2026-05-18 18:40:00
0.9401,0.9397,21695,21894,200,REVERSE_SIGNAL,0.904,1.596,0.043,0.1,-0.057,-0.57,False,APTUSDT,2,FADE,SELL,21694,2026-05-18 20:10:00
0.9397,0.9456,21895,21903,9,SL,0.245,0.724,-0.628,0.1,-0.728,-7.28,False,APTUSDT,2,TREND,SELL,21894,2026-05-19 12:50:00
0.9413,0.9695,22094,22414,321,SL,1.381,3.017,-3.0,0.1,-3.1,-31.0,False,APTUSDT,2,FADE,SELL,22093,2026-05-20 05:25:00
0.9483,0.9741,22448,22528,81,REVERSE_SIGNAL,2.816,0.538,2.721,0.1,2.621,26.21,True,APTUSDT,2,FADE,BUY,22447,2026-05-21 10:55:00
0.9741,0.9694,22529,22826,298,REVERSE_SIGNAL,2.854,1.191,-0.482,0.1,-0.582,-5.82,False,APTUSDT,2,TREND,BUY,22528,2026-05-21 17:40:00
0.9694,0.9284,22827,23057,231,REVERSE_SIGNAL,7.334,0.031,4.229,0.1,4.129,41.29,True,APTUSDT,2,TREND,SELL,22826,2026-05-22 18:30:00
0.9284,0.9568,23058,23242,185,REVERSE_SIGNAL,7.809,0.495,3.059,0.1,2.959,29.59,True,APTUSDT,2,TREND,BUY,23057,2026-05-23 13:45:00
0.9568,0.9553,23243,23531,289,REVERSE_SIGNAL,3.292,1.233,0.157,0.1,0.057,0.57,True,APTUSDT,2,TREND,SELL,23242,2026-05-24 05:10:00
0.9553,0.984,23532,23669,138,SL,0.335,3.36,-3.0,0.1,-3.1,-31.0,False,APTUSDT,2,FADE,SELL,23531,2026-05-25 05:15:00
0.964,0.9785,23762,23824,63,REVERSE_SIGNAL,2.033,1.494,1.504,0.1,1.404,14.04,True,APTUSDT,2,FADE,BUY,23761,2026-05-26 00:25:00
0.9785,1.0079,23825,23929,105,SL,1.155,3.199,-3.0,0.1,-3.1,-31.0,False,APTUSDT,2,FADE,SELL,23824,2026-05-26 05:40:00
0.9658,0.9815,23990,24146,157,REVERSE_SIGNAL,2.071,1.367,1.626,0.1,1.526,15.26,True,APTUSDT,2,FADE,BUY,23989,2026-05-26 19:25:00
0.9815,0.9627,24147,24213,67,REVERSE_SIGNAL,3.505,0.326,1.915,0.1,1.815,18.15,True,APTUSDT,2,FADE,SELL,24146,2026-05-27 08:30:00
0.9627,0.9775,24214,24226,13,SL,0.789,1.569,-1.537,0.1,-1.637,-16.37,False,APTUSDT,2,TREND,SELL,24213,2026-05-27 14:05:00
0.9954,0.9638,24233,24259,27,SL,0.563,3.235,-3.175,0.1,-3.275,-32.75,False,APTUSDT,2,TREND,BUY,24232,2026-05-27 15:40:00
0.9494,0.9209,24308,24371,64,SL,0.632,3.581,-3.0,0.1,-3.1,-31.0,False,APTUSDT,2,FADE,BUY,24307,2026-05-27 21:55:00
0.937,0.9169,24489,24500,12,SL,0.021,2.753,-2.145,0.1,-2.245,-22.45,False,APTUSDT,2,TREND,BUY,24488,2026-05-28 13:00:00
0.9185,0.9417,24672,24805,134,SL,3.473,2.733,-2.526,0.1,-2.626,-26.26,False,APTUSDT,2,TREND,SELL,24671,2026-05-29 04:15:00
0.9358,0.9426,24811,24970,160,REVERSE_SIGNAL,4.114,1.678,0.727,0.1,0.627,6.27,True,APTUSDT,2,TREND,BUY,24810,2026-05-29 15:50:00
0.9426,0.9533,24971,25257,287,REVERSE_SIGNAL,1.305,0.997,1.135,0.1,1.035,10.35,True,APTUSDT,2,FADE,BUY,24970,2026-05-30 05:10:00
0.9533,0.9411,25258,25280,23,SL,0.147,1.29,-1.28,0.1,-1.38,-13.8,False,APTUSDT,2,TREND,BUY,25257,2026-05-31 05:05:00
0.9303,0.9418,25321,25457,137,REVERSE_SIGNAL,1.397,1.774,1.236,0.1,1.136,11.36,True,APTUSDT,2,FADE,BUY,25320,2026-05-31 10:20:00
0.9418,0.93,25458,25568,111,REVERSE_SIGNAL,2.081,1.943,1.253,0.1,1.153,11.53,True,APTUSDT,2,FADE,SELL,25457,2026-05-31 21:45:00
0.93,0.9425,25569,25703,135,REVERSE_SIGNAL,3.312,1.634,-1.344,0.1,-1.444,-14.44,False,APTUSDT,2,TREND,SELL,25568,2026-06-01 07:00:00
0.9425,0.9194,25704,25794,91,SL,0.838,2.493,-2.451,0.1,-2.551,-25.51,False,APTUSDT,2,TREND,BUY,25703,2026-06-01 18:15:00
0.9063,0.8791,25800,25944,145,SL,3.509,3.398,-3.0,0.1,-3.1,-31.0,False,APTUSDT,2,FADE,BUY,25799,2026-06-02 02:15:00
0.8507,0.8251,26147,26256,110,REVERSE_SIGNAL,3.221,2.386,3.009,0.1,2.909,29.09,True,APTUSDT,2,FADE,SELL,26146,2026-06-03 07:10:00
0.8251,0.771,26257,26543,287,REVERSE_SIGNAL,11.708,1.963,6.557,0.1,6.457,64.57,True,APTUSDT,2,TREND,SELL,26256,2026-06-03 16:20:00
0.771,0.7395,26544,26611,68,REVERSE_SIGNAL,4.228,1.089,4.086,0.1,3.986,39.86,True,APTUSDT,2,FADE,SELL,26543,2026-06-04 16:15:00
0.7395,0.6639,26612,27034,423,REVERSE_SIGNAL,16.903,2.299,10.223,0.1,10.123,101.23,True,APTUSDT,2,TREND,SELL,26611,2026-06-04 21:55:00
0.6639,0.6468,27035,27045,11,SL,0.618,2.772,-2.576,0.1,-2.676,-26.76,False,APTUSDT,2,TREND,BUY,27034,2026-06-06 09:10:00
0.6447,0.6733,27170,27227,58,REVERSE_SIGNAL,4.56,0.155,4.436,0.1,4.336,43.36,True,APTUSDT,2,FADE,BUY,27169,2026-06-06 20:25:00
0.6733,0.661,27228,27365,138,REVERSE_SIGNAL,2.064,2.763,-1.827,0.1,-1.927,-19.27,False,APTUSDT,2,TREND,BUY,27227,2026-06-07 01:15:00
0.661,0.6766,27366,27386,21,SL,0.182,2.632,-2.36,0.1,-2.46,-24.6,False,APTUSDT,2,TREND,SELL,27365,2026-06-07 12:45:00
0.6749,0.6698,27486,27790,305,REVERSE_SIGNAL,2.578,3.156,-0.756,0.1,-0.856,-8.56,False,APTUSDT,2,TREND,BUY,27485,2026-06-07 22:45:00
0.6698,0.6697,27791,27854,64,REVERSE_SIGNAL,4.733,0.403,0.015,0.1,-0.085,-0.85,False,APTUSDT,2,TREND,SELL,27790,2026-06-09 00:10:00
0.6697,0.651,27855,27960,106,SL,0.926,2.986,-2.792,0.1,-2.892,-28.92,False,APTUSDT,2,TREND,BUY,27854,2026-06-09 05:30:00
0.6436,0.6243,27984,28326,343,SL,4.304,3.108,-3.0,0.1,-3.1,-31.0,False,APTUSDT,2,FADE,BUY,27983,2026-06-09 16:15:00
0.6376,0.625,28416,28512,97,SL,0.878,2.337,-1.976,0.1,-2.076,-20.76,False,APTUSDT,2,TREND,BUY,28415,2026-06-11 04:15:00
0.6216,0.6354,28573,28574,2,SL,0.064,3.137,-2.22,0.1,-2.32,-23.2,False,APTUSDT,2,TREND,SELL,28572,2026-06-11 17:20:00
0.6507,0.6361,28584,28731,148,REVERSE_SIGNAL,2.628,1.107,2.244,0.1,2.144,21.44,True,APTUSDT,2,FADE,SELL,28583,2026-06-11 18:15:00
0.6361,0.6494,28732,28764,33,SL,0.597,2.327,-2.091,0.1,-2.191,-21.91,False,APTUSDT,2,TREND,SELL,28731,2026-06-12 06:35:00
0.661,0.6405,28769,28844,76,SL,1.271,3.374,-3.101,0.1,-3.201,-32.01,False,APTUSDT,2,TREND,BUY,28768,2026-06-12 09:40:00
0.6397,0.6546,28926,28987,62,REVERSE_SIGNAL,2.767,0.672,2.329,0.1,2.229,22.29,True,APTUSDT,2,FADE,BUY,28925,2026-06-12 22:45:00
0.6546,0.6742,28988,29029,42,SL,0.901,3.269,-3.0,0.1,-3.1,-31.0,False,APTUSDT,2,FADE,SELL,28987,2026-06-13 03:55:00
0.6636,0.6678,29285,29484,200,REVERSE_SIGNAL,2.923,1.206,-0.633,0.1,-0.733,-7.33,False,APTUSDT,2,TREND,SELL,29284,2026-06-14 04:40:00
0.6678,0.6827,29485,29755,271,REVERSE_SIGNAL,7.158,0.21,2.231,0.1,2.131,21.31,True,APTUSDT,2,TREND,BUY,29484,2026-06-14 21:20:00
0.6827,0.6622,29756,29833,78,SL,1.831,3.208,-3.0,0.1,-3.1,-31.0,False,APTUSDT,2,FADE,BUY,29755,2026-06-15 19:55:00
0.6834,0.6728,29900,29962,63,SL,1.858,2.136,-1.551,0.1,-1.651,-16.51,False,APTUSDT,2,TREND,BUY,29899,2026-06-16 07:55:00
0.6645,0.6871,29977,30120,144,SL,1.776,3.476,-3.401,0.1,-3.501,-35.01,False,APTUSDT,2,TREND,SELL,29976,2026-06-16 14:20:00
0.6902,0.6567,30122,30196,75,REVERSE_SIGNAL,4.984,0.029,4.854,0.1,4.754,47.54,True,APTUSDT,2,FADE,SELL,30121,2026-06-17 02:25:00
0.6567,0.6918,30197,30281,85,REVERSE_SIGNAL,5.451,0.503,5.345,0.1,5.245,52.45,True,APTUSDT,2,FADE,BUY,30196,2026-06-17 08:40:00
0.6918,0.6635,30282,30339,58,REVERSE_SIGNAL,5.478,0.578,4.091,0.1,3.991,39.91,True,APTUSDT,2,FADE,SELL,30281,2026-06-17 15:45:00
0.6635,0.6452,30340,30679,340,REVERSE_SIGNAL,6.797,2.306,2.758,0.1,2.658,26.58,True,APTUSDT,2,TREND,SELL,30339,2026-06-17 20:35:00
0.6452,0.6357,30680,30707,28,SL,0.635,2.588,-1.472,0.1,-1.572,-15.72,False,APTUSDT,2,TREND,BUY,30679,2026-06-19 00:55:00
0.6222,0.6373,30723,30836,114,REVERSE_SIGNAL,2.877,1.511,2.427,0.1,2.327,23.27,True,APTUSDT,2,FADE,BUY,30722,2026-06-19 04:30:00
0.6373,0.6236,30837,30993,157,REVERSE_SIGNAL,2.385,0.894,2.15,0.1,2.05,20.5,True,APTUSDT,2,FADE,SELL,30836,2026-06-19 14:00:00
0.6236,0.6353,30994,31039,46,REVERSE_SIGNAL,2.582,0.08,1.876,0.1,1.776,17.76,True,APTUSDT,2,FADE,BUY,30993,2026-06-20 03:05:00
0.6353,0.6544,31040,31282,243,SL,1.48,3.164,-3.0,0.1,-3.1,-31.0,False,APTUSDT,2,FADE,SELL,31039,2026-06-20 06:55:00
0.6472,0.6595,31531,31535,5,SL,0.139,2.086,-1.9,0.1,-2.0,-20.0,False,APTUSDT,2,TREND,SELL,31530,2026-06-21 23:50:00
0.6691,0.6615,31546,31765,220,REVERSE_SIGNAL,1.988,2.511,1.136,0.1,1.036,10.36,True,APTUSDT,2,FADE,SELL,31545,2026-06-22 01:05:00
0.6615,0.6407,31766,31995,230,REVERSE_SIGNAL,7.09,0.529,3.144,0.1,3.044,30.44,True,APTUSDT,2,TREND,SELL,31765,2026-06-22 19:25:00
0.6407,0.6297,31996,32009,14,SL,0.109,1.826,-1.717,0.1,-1.817,-18.17,False,APTUSDT,2,TREND,BUY,31995,2026-06-23 14:35:00
0.638,0.6189,32235,32296,62,SL,1.16,3.48,-3.0,0.1,-3.1,-31.0,False,APTUSDT,2,FADE,BUY,32234,2026-06-24 10:30:00
0.6296,0.6259,32358,32533,176,REVERSE_SIGNAL,1.572,1.636,-0.588,0.1,-0.688,-6.88,False,APTUSDT,2,TREND,BUY,32357,2026-06-24 20:45:00
0.6259,0.6029,32534,32770,237,REVERSE_SIGNAL,9.331,0.863,3.675,0.1,3.575,35.75,True,APTUSDT,2,TREND,SELL,32533,2026-06-25 11:25:00
0.6029,0.5864,32771,32815,45,REVERSE_SIGNAL,2.919,0.514,2.737,0.1,2.637,26.37,True,APTUSDT,2,FADE,SELL,32770,2026-06-26 07:10:00
0.5864,0.5958,32816,32851,36,SL,2.115,1.603,-1.603,0.1,-1.703,-17.03,False,APTUSDT,2,TREND,SELL,32815,2026-06-26 10:55:00
0.6039,0.5952,32882,33110,229,REVERSE_SIGNAL,1.689,1.672,1.441,0.1,1.341,13.41,True,APTUSDT,2,FADE,SELL,32881,2026-06-26 16:25:00
0.5952,0.6026,33111,33142,32,SL,0.286,1.26,-1.243,0.1,-1.343,-13.43,False,APTUSDT,2,TREND,SELL,33110,2026-06-27 11:30:00
0.6067,0.5972,33161,33176,16,SL,0.016,1.928,-1.566,0.1,-1.666,-16.66,False,APTUSDT,2,TREND,BUY,33160,2026-06-27 15:40:00
0.5945,0.5825,33187,33631,445,REVERSE_SIGNAL,5.299,0.084,2.019,0.1,1.919,19.19,True,APTUSDT,2,TREND,SELL,33186,2026-06-27 17:50:00
0.5825,0.5786,33632,33838,207,REVERSE_SIGNAL,2.06,2.386,0.67,0.1,0.57,5.7,True,APTUSDT,2,FADE,SELL,33631,2026-06-29 06:55:00
0.5786,0.5612,33839,33982,144,SL,0.138,3.042,-3.0,0.1,-3.1,-31.0,False,APTUSDT,2,FADE,BUY,33838,2026-06-30 00:10:00
0.5729,0.5901,34073,34289,217,SL,2.618,3.142,-3.0,0.1,-3.1,-31.0,False,APTUSDT,2,FADE,SELL,34072,2026-06-30 19:40:00
0.5847,0.5987,34414,34433,20,REVERSE_SIGNAL,2.634,0.222,2.394,0.1,2.294,22.94,True,APTUSDT,2,FADE,BUY,34413,2026-07-02 00:05:00
0.5987,0.6167,34434,34546,113,SL,0.718,3.023,-3.0,0.1,-3.1,-31.0,False,APTUSDT,2,FADE,SELL,34433,2026-07-02 01:45:00
0.6246,0.6338,35079,35168,90,SL,0.528,1.553,-1.473,0.1,-1.573,-15.73,False,APTUSDT,2,TREND,SELL,35078,2026-07-04 07:30:00
0.6371,0.6287,35171,35272,102,REVERSE_SIGNAL,1.821,1.114,1.318,0.1,1.218,12.18,True,APTUSDT,2,FADE,SELL,35170,2026-07-04 15:10:00
0.6287,0.626,35273,35467,195,REVERSE_SIGNAL,2.768,0.064,0.429,0.1,0.329,3.29,True,APTUSDT,2,TREND,SELL,35272,2026-07-04 23:40:00
0.626,0.617,35468,35629,162,SL,2.396,1.677,-1.438,0.1,-1.538,-15.38,False,APTUSDT,2,TREND,BUY,35467,2026-07-05 15:55:00
0.616,0.6283,35630,35761,132,REVERSE_SIGNAL,2.906,2.37,1.997,0.1,1.897,18.97,True,APTUSDT,2,FADE,BUY,35629,2026-07-06 05:25:00
0.6283,0.6197,35762,35890,129,REVERSE_SIGNAL,2.69,1.448,-1.369,0.1,-1.469,-14.69,False,APTUSDT,2,TREND,BUY,35761,2026-07-06 16:25:00
0.6197,0.636,35891,35941,51,REVERSE_SIGNAL,3.001,0.226,2.63,0.1,2.53,25.3,True,APTUSDT,2,FADE,BUY,35890,2026-07-07 03:10:00
0.636,0.6252,35942,36027,86,SL,2.028,1.95,-1.698,0.1,-1.798,-17.98,False,APTUSDT,2,TREND,BUY,35941,2026-07-07 07:25:00
0.6295,0.6106,36085,36171,87,SL,2.573,3.177,-3.0,0.1,-3.1,-31.0,False,APTUSDT,2,FADE,BUY,36084,2026-07-07 19:20:00
0.633,0.6113,36238,36292,55,REVERSE_SIGNAL,3.618,0.142,3.428,0.1,3.328,33.28,True,APTUSDT,2,FADE,SELL,36237,2026-07-08 08:05:00
0.6113,0.612,36293,36355,63,REVERSE_SIGNAL,2.895,0.867,-0.115,0.1,-0.215,-2.15,False,APTUSDT,2,TREND,SELL,36292,2026-07-08 12:40:00
0.612,0.6207,36356,36725,370,REVERSE_SIGNAL,4.15,0.474,1.422,0.1,1.322,13.22,True,APTUSDT,2,TREND,BUY,36355,2026-07-08 17:55:00
0.6207,0.6356,36726,36750,25,REVERSE_SIGNAL,2.626,0.048,2.401,0.1,2.301,23.01,True,APTUSDT,2,FADE,BUY,36725,2026-07-10 00:45:00
0.6356,0.6246,36751,36888,138,SL,0.173,1.888,-1.731,0.1,-1.831,-18.31,False,APTUSDT,2,TREND,BUY,36750,2026-07-10 02:50:00
0.6274,0.6334,36940,37141,202,REVERSE_SIGNAL,1.116,0.765,0.956,0.1,0.856,8.56,True,APTUSDT,2,FADE,BUY,36939,2026-07-10 18:35:00
0.6334,0.6364,37142,37276,135,REVERSE_SIGNAL,2.147,0.047,0.474,0.1,0.374,3.74,True,APTUSDT,2,TREND,BUY,37141,2026-07-11 11:25:00
0.6364,0.5945,37277,37892,616,REVERSE_SIGNAL,9.444,0.047,6.584,0.1,6.484,64.84,True,APTUSDT,2,TREND,SELL,37276,2026-07-11 22:40:00
0.5945,0.6114,37893,38245,353,REVERSE_SIGNAL,5.702,0.892,2.843,0.1,2.743,27.43,True,APTUSDT,2,TREND,BUY,37892,2026-07-14 02:00:00
0.6114,0.622,38246,38294,49,SL,0.049,2.012,-1.734,0.1,-1.834,-18.34,False,APTUSDT,2,TREND,SELL,38245,2026-07-15 07:25:00
0.6247,0.6191,38310,38489,180,REVERSE_SIGNAL,1.201,1.217,0.896,0.1,0.796,7.96,True,APTUSDT,2,FADE,SELL,38309,2026-07-15 12:45:00
0.6191,0.6187,38490,38711,222,REVERSE_SIGNAL,0.42,2.891,-0.065,0.1,-0.165,-1.65,False,APTUSDT,2,FADE,BUY,38489,2026-07-16 03:45:00
0.6187,0.6093,38712,38728,17,REVERSE_SIGNAL,2.02,0.048,1.519,0.1,1.419,14.19,True,APTUSDT,2,FADE,SELL,38711,2026-07-16 22:15:00
0.6093,0.6092,38729,38933,205,REVERSE_SIGNAL,1.264,2.971,-0.016,0.1,-0.116,-1.16,False,APTUSDT,2,FADE,BUY,38728,2026-07-16 23:40:00
0.6092,0.6133,38934,39123,190,REVERSE_SIGNAL,3.037,0.279,0.673,0.1,0.573,5.73,True,APTUSDT,2,TREND,BUY,38933,2026-07-17 16:45:00
0.6133,0.5951,39124,39783,660,REVERSE_SIGNAL,5.56,0.016,2.968,0.1,2.868,28.68,True,APTUSDT,2,TREND,SELL,39123,2026-07-18 08:35:00
0.5951,0.613,39784,39947,164,SL,0.134,3.075,-3.0,0.1,-3.1,-31.0,False,APTUSDT,2,FADE,SELL,39783,2026-07-20 15:35:00
0.6088,0.6127,40159,40340,182,REVERSE_SIGNAL,0.706,1.429,0.641,0.1,0.541,5.41,True,APTUSDT,2,FADE,BUY,40158,2026-07-21 22:50:00
0.6127,0.6207,40341,40585,245,REVERSE_SIGNAL,3.362,0.898,1.306,0.1,1.206,12.06,True,APTUSDT,2,TREND,BUY,40340,2026-07-22 14:00:00
0.6207,0.621,40586,40752,167,REVERSE_SIGNAL,1.047,2.497,0.048,0.1,-0.052,-0.52,False,APTUSDT,2,FADE,BUY,40585,2026-07-23 10:25:00
0.621,0.6115,40753,40872,120,REVERSE_SIGNAL,1.643,1.176,1.53,0.1,1.43,14.3,True,APTUSDT,2,FADE,SELL,40752,2026-07-24 00:20:00
0.6115,0.6042,40873,41185,313,REVERSE_SIGNAL,3.074,0.638,1.194,0.1,1.094,10.94,True,APTUSDT,2,TREND,SELL,40872,2026-07-24 10:20:00
0.6042,0.6057,41186,41349,164,REVERSE_SIGNAL,2.085,0.364,0.248,0.1,0.148,1.48,True,APTUSDT,2,TREND,BUY,41185,2026-07-25 12:25:00
0.6057,0.614,41350,41415,66,REVERSE_SIGNAL,1.981,0.017,1.37,0.1,1.27,12.7,True,APTUSDT,2,FADE,BUY,41349,2026-07-26 02:05:00
0.614,0.6235,41416,41575,160,REVERSE_SIGNAL,3.893,0.016,1.547,0.1,1.447,14.47,True,APTUSDT,2,TREND,BUY,41415,2026-07-26 07:35:00
0.6235,0.627,41576,41588,13,SL,0.273,1.139,-0.561,0.1,-0.661,-6.61,False,APTUSDT,2,TREND,SELL,41575,2026-07-26 20:55:00
0.6315,0.6211,41617,41758,142,REVERSE_SIGNAL,1.932,0.238,1.647,0.1,1.547,15.47,True,APTUSDT,2,FADE,SELL,41616,2026-07-27 00:20:00
0.6211,0.57,41759,42503,745,REVERSE_SIGNAL,11.447,0.998,8.227,0.1,8.127,81.27,True,APTUSDT,2,TREND,SELL,41758,2026-07-27 12:10:00
0.57,0.57,42504,42757,254,REVERSE_SIGNAL,1.719,2.404,0.0,0.1,-0.1,-1.0,False,APTUSDT,2,FADE,SELL,42503,2026-07-30 02:15:00
0.57,0.5529,42758,42933,176,SL,1.123,3.193,-3.0,0.1,-3.1,-31.0,False,APTUSDT,2,FADE,BUY,42757,2026-07-30 23:25:00
0.5576,0.5623,43355,43593,239,REVERSE_SIGNAL,0.269,2.475,-0.843,0.1,-0.943,-9.43,False,APTUSDT,2,FADE,SELL,43354,2026-08-02 01:10:00
0.5623,0.5654,43594,43788,195,REVERSE_SIGNAL,1.103,1.529,0.551,0.1,0.451,4.51,True,APTUSDT,2,FADE,BUY,43593,2026-08-02 21:05:00
0.5654,0.5725,43789,44071,283,REVERSE_SIGNAL,2.777,0.743,1.256,0.1,1.156,11.56,True,APTUSDT,2,TREND,BUY,43788,2026-08-03 13:20:00
0.5725,0.58,44072,44146,75,REVERSE_SIGNAL,1.38,0.419,1.31,0.1,1.21,12.1,True,APTUSDT,2,FADE,BUY,44071,2026-08-04 12:55:00
0.58,0.5902,44147,44616,470,REVERSE_SIGNAL,4.414,0.724,1.759,0.1,1.659,16.59,True,APTUSDT,2,TREND,BUY,44146,2026-08-04 19:10:00
0.5902,0.5907,44617,44764,148,REVERSE_SIGNAL,0.813,0.83,0.085,0.1,-0.015,-0.15,False,APTUSDT,2,FADE,BUY,44616,2026-08-06 10:20:00
0.5907,0.5859,44765,44840,76,REVERSE_SIGNAL,1.134,0.762,0.813,0.1,0.713,7.13,True,APTUSDT,2,FADE,SELL,44764,2026-08-06 22:40:00
0.5859,0.5941,44841,44925,85,REVERSE_SIGNAL,1.656,0.358,1.4,0.1,1.3,13.0,True,APTUSDT,2,FADE,BUY,44840,2026-08-07 05:00:00
0.5941,0.5871,44926,44957,32,SL,0.37,1.229,-1.178,0.1,-1.278,-12.78,False,APTUSDT,2,TREND,BUY,44925,2026-08-07 12:05:00
0.5812,0.5856,44989,45111,123,REVERSE_SIGNAL,1.187,0.912,-0.757,0.1,-0.857,-8.57,False,APTUSDT,2,TREND,SELL,44988,2026-08-07 17:20:00
0.5856,0.6033,45112,45342,231,REVERSE_SIGNAL,4.508,0.051,3.023,0.1,2.923,29.23,True,APTUSDT,2,TREND,BUY,45111,2026-08-08 03:35:00
0.6033,0.6099,45343,45363,21,REVERSE_SIGNAL,1.144,0.315,1.094,0.1,0.994,9.94,True,APTUSDT,2,FADE,BUY,45342,2026-08-08 22:50:00
0.6099,0.598,45364,45423,60,REVERSE_SIGNAL,2.066,1.017,1.951,0.1,1.851,18.51,True,APTUSDT,2,FADE,SELL,45363,2026-08-09 00:35:00
0.598,0.598,45424,45740,317,REVERSE_SIGNAL,1.823,0.903,0.0,0.1,-0.1,-1.0,False,APTUSDT,2,TREND,SELL,45423,2026-08-09 05:35:00
0.598,0.5895,45741,45763,23,REVERSE_SIGNAL,1.455,0.167,1.421,0.1,1.321,13.21,True,APTUSDT,2,FADE,SELL,45740,2026-08-10 08:00:00
0.5895,0.5718,45764,46120,357,SL,1.408,3.291,-3.0,0.1,-3.1,-31.0,False,APTUSDT,2,FADE,BUY,45763,2026-08-10 09:55:00
0.5825,0.5731,46183,46228,46,REVERSE_SIGNAL,1.665,0.258,1.614,0.1,1.514,15.14,True,APTUSDT,2,FADE,SELL,46182,2026-08-11 20:50:00
0.5731,0.5559,46229,46483,255,SL,0.855,3.35,-3.0,0.1,-3.1,-31.0,False,APTUSDT,2,FADE,BUY,46228,2026-08-12 00:40:00
0.5656,0.5611,46553,46652,100,SL,0.495,0.796,-0.796,0.1,-0.896,-8.96,False,APTUSDT,2,TREND,BUY,46552,2026-08-13 03:40:00
0.5632,0.5463,46667,46844,178,SL,0.87,3.072,-3.0,0.1,-3.1,-31.0,False,APTUSDT,2,FADE,BUY,46666,2026-08-13 13:10:00
0.5425,0.5403,47090,47220,131,REVERSE_SIGNAL,0.719,0.811,-0.406,0.1,-0.506,-5.06,False,APTUSDT,2,TREND,BUY,47089,2026-08-15 00:25:00
0.5403,0.5436,47221,47272,52,REVERSE_SIGNAL,0.87,0.426,0.611,0.1,0.511,5.11,True,APTUSDT,2,FADE,BUY,47220,2026-08-15 11:20:00
0.5436,0.5394,47273,47284,12,SL,0.055,0.773,-0.773,0.1,-0.873,-8.73,False,APTUSDT,2,TREND,BUY,47272,2026-08-15 15:40:00
0.5351,0.5418,47306,47351,46,SL,0.0,1.346,-1.252,0.1,-1.352,-13.52,False,APTUSDT,2,TREND,SELL,47305,2026-08-15 18:25:00
0.5354,0.5295,47565,47599,35,REVERSE_SIGNAL,1.195,0.187,1.102,0.1,1.002,10.02,True,APTUSDT,2,FADE,SELL,47564,2026-08-16 16:00:00
0.5295,0.5267,47600,47870,271,REVERSE_SIGNAL,2.946,0.34,0.529,0.1,0.429,4.29,True,APTUSDT,2,TREND,SELL,47599,2026-08-16 18:55:00
0.5267,0.5198,47871,47985,115,REVERSE_SIGNAL,1.766,1.405,1.31,0.1,1.21,12.1,True,APTUSDT,2,FADE,SELL,47870,2026-08-17 17:30:00
0.5198,0.5259,47986,48094,109,REVERSE_SIGNAL,1.751,0.635,1.174,0.1,1.074,10.74,True,APTUSDT,2,FADE,BUY,47985,2026-08-18 03:05:00
0.5259,0.5417,48095,48420,326,SL,0.913,3.176,-3.0,0.1,-3.1,-31.0,False,APTUSDT,2,FADE,SELL,48094,2026-08-18 12:10:00
0.6245,0.6325,49055,49066,12,SL,0.0,1.473,-1.281,0.1,-1.381,-13.81,False,APTUSDT,2,TREND,SELL,49054,2026-08-21 20:10:00
0.6454,0.6253,49076,49162,87,SL,10.784,7.034,-3.114,0.1,-3.214,-32.14,False,APTUSDT,2,TREND,BUY,49075,2026-08-21 21:55:00
0.6442,0.6316,49175,49524,350,REVERSE_SIGNAL,7.606,2.406,1.956,0.1,1.856,18.56,True,APTUSDT,2,TREND,SELL,49174,2026-08-22 06:10:00
0.6316,0.6293,49525,49686,162,REVERSE_SIGNAL,5.241,1.757,-0.364,0.1,-0.464,-4.64,False,APTUSDT,2,TREND,BUY,49524,2026-08-23 11:20:00
0.6293,0.6146,49687,49999,313,REVERSE_SIGNAL,4.815,0.62,2.336,0.1,2.236,22.36,True,APTUSDT,2,TREND,SELL,49686,2026-08-24 00:50:00
0.103,0.1048,163,313,151,REVERSE_SIGNAL,2.33,1.068,1.748,0.1,1.648,16.48,True,ARBUSDT,2,FADE,BUY,162,2026-03-05 01:50:00
0.1048,0.1011,314,354,41,REVERSE_SIGNAL,4.103,1.145,3.531,0.1,3.431,34.31,True,ARBUSDT,2,FADE,SELL,313,2026-03-05 14:25:00
0.1011,0.1043,355,386,32,SL,0.495,3.264,-3.165,0.1,-3.265,-32.65,False,ARBUSDT,2,TREND,SELL,354,2026-03-05 17:50:00
0.1041,0.1023,474,571,98,REVERSE_SIGNAL,1.825,0.961,1.729,0.1,1.629,16.29,True,ARBUSDT,2,FADE,SELL,473,2026-03-06 03:45:00
0.1023,0.0969,572,1156,585,REVERSE_SIGNAL,7.722,1.369,5.279,0.1,5.179,51.79,True,ARBUSDT,2,TREND,SELL,571,2026-03-06 11:55:00
0.0969,0.0998,1157,1524,368,SL,3.715,3.096,-3.0,0.1,-3.1,-31.0,False,ARBUSDT,2,FADE,SELL,1156,2026-03-08 12:40:00
0.098,0.0994,1815,1999,185,REVERSE_SIGNAL,1.735,1.122,1.429,0.1,1.329,13.29,True,ARBUSDT,2,FADE,BUY,1814,2026-03-10 19:30:00
0.0994,0.0992,2000,2187,188,REVERSE_SIGNAL,4.024,0.604,-0.201,0.1,-0.301,-3.01,False,ARBUSDT,2,TREND,BUY,1999,2026-03-11 10:55:00
0.0992,0.1004,2188,2419,232,REVERSE_SIGNAL,1.915,1.512,-1.21,0.1,-1.31,-13.1,False,ARBUSDT,2,TREND,SELL,2187,2026-03-12 02:35:00
0.1004,0.1039,2420,2696,277,REVERSE_SIGNAL,6.873,0.199,3.486,0.1,3.386,33.86,True,ARBUSDT,2,TREND,BUY,2419,2026-03-12 21:55:00
0.1039,0.1017,2697,3044,348,REVERSE_SIGNAL,4.427,0.385,2.117,0.1,2.017,20.17,True,ARBUSDT,2,TREND,SELL,2696,2026-03-13 21:00:00
0.1017,0.1048,3045,3348,304,SL,0.59,3.245,-3.0,0.1,-3.1,-31.0,False,ARBUSDT,2,FADE,SELL,3044,2026-03-15 02:00:00
0.107,0.1089,3652,3856,205,REVERSE_SIGNAL,2.15,0.28,1.776,0.1,1.676,16.76,True,ARBUSDT,2,FADE,BUY,3651,2026-03-17 04:35:00
0.1089,0.1071,3857,4012,156,REVERSE_SIGNAL,1.837,0.367,1.653,0.1,1.553,15.53,True,ARBUSDT,2,FADE,SELL,3856,2026-03-17 21:40:00
0.1071,0.1005,4013,4480,468,REVERSE_SIGNAL,8.87,0.654,6.162,0.1,6.062,60.62,True,ARBUSDT,2,TREND,SELL,4012,2026-03-18 10:40:00
0.1005,0.0995,4481,4670,190,REVERSE_SIGNAL,1.692,0.995,0.995,0.1,0.895,8.95,True,ARBUSDT,2,FADE,SELL,4480,2026-03-20 01:40:00
0.0995,0.1001,4671,4994,324,REVERSE_SIGNAL,1.307,1.106,0.603,0.1,0.503,5.03,True,ARBUSDT,2,FADE,BUY,4670,2026-03-20 17:30:00
0.1001,0.0969,4995,5034,40,REVERSE_SIGNAL,3.996,0.1,3.197,0.1,3.097,30.97,True,ARBUSDT,2,FADE,SELL,4994,2026-03-21 20:30:00
0.0969,0.0942,5035,5363,329,REVERSE_SIGNAL,6.089,0.31,2.786,0.1,2.686,26.86,True,ARBUSDT,2,TREND,SELL,5034,2026-03-21 23:50:00
0.0942,0.0917,5364,5412,49,REVERSE_SIGNAL,2.76,0.425,2.654,0.1,2.554,25.54,True,ARBUSDT,2,FADE,SELL,5363,2026-03-23 03:15:00
0.0917,0.0952,5413,5460,48,REVERSE_SIGNAL,6.107,0.545,3.817,0.1,3.717,37.17,True,ARBUSDT,2,FADE,BUY,5412,2026-03-23 07:20:00
0.0952,0.0953,5461,5827,367,REVERSE_SIGNAL,3.151,1.891,0.105,0.1,0.005,0.05,True,ARBUSDT,2,TREND,BUY,5460,2026-03-23 11:20:00
0.0953,0.0971,5828,5856,29,SL,0.21,2.623,-1.889,0.1,-1.989,-19.89,False,ARBUSDT,2,TREND,SELL,5827,2026-03-24 17:55:00
0.0974,0.0977,5870,6226,357,REVERSE_SIGNAL,0.616,2.669,-0.308,0.1,-0.408,-4.08,False,ARBUSDT,2,FADE,SELL,5869,2026-03-24 21:25:00
0.0977,0.0949,6227,6502,276,REVERSE_SIGNAL,5.425,0.0,2.866,0.1,2.766,27.66,True,ARBUSDT,2,TREND,SELL,6226,2026-03-26 03:10:00
0.0949,0.0926,6503,6586,84,REVERSE_SIGNAL,2.74,0.211,2.424,0.1,2.324,23.24,True,ARBUSDT,2,FADE,SELL,6502,2026-03-27 02:10:00
0.0926,0.0902,6587,6908,322,REVERSE_SIGNAL,4.428,0.648,2.592,0.1,2.492,24.92,True,ARBUSDT,2,TREND,SELL,6586,2026-03-27 09:10:00
0.0902,0.0907,6909,7035,127,REVERSE_SIGNAL,2.439,0.222,0.554,0.1,0.454,4.54,True,ARBUSDT,2,TREND,BUY,6908,2026-03-28 12:00:00
0.0907,0.0905,7036,7365,330,REVERSE_SIGNAL,5.733,0.11,0.221,0.1,0.121,1.21,True,ARBUSDT,2,TREND,SELL,7035,2026-03-28 22:35:00
0.0905,0.0913,7366,7555,190,REVERSE_SIGNAL,3.536,0.331,0.884,0.1,0.784,7.84,True,ARBUSDT,2,TREND,BUY,7365,2026-03-30 02:05:00
0.0913,0.0927,7556,7645,90,SL,1.424,1.752,-1.533,0.1,-1.633,-16.33,False,ARBUSDT,2,TREND,SELL,7555,2026-03-30 17:55:00
0.0935,0.0963,7647,8068,422,SL,3.102,3.636,-3.0,0.1,-3.1,-31.0,False,ARBUSDT,2,FADE,SELL,7646,2026-03-31 01:30:00
0.0925,0.0925,8223,8541,319,REVERSE_SIGNAL,3.243,0.541,0.0,0.1,-0.1,-1.0,False,ARBUSDT,2,TREND,SELL,8222,2026-04-02 01:30:00
0.0925,0.0924,8542,8705,164,REVERSE_SIGNAL,2.486,0.541,-0.108,0.1,-0.208,-2.08,False,ARBUSDT,2,TREND,BUY,8541,2026-04-03 04:05:00
0.0924,0.0925,8706,8967,262,REVERSE_SIGNAL,0.866,1.19,0.108,0.1,0.008,0.08,True,ARBUSDT,2,FADE,BUY,8705,2026-04-03 17:45:00
0.0925,0.0919,8968,9115,148,REVERSE_SIGNAL,0.865,1.405,0.649,0.1,0.549,5.49,True,ARBUSDT,2,FADE,SELL,8967,2026-04-04 15:35:00
0.0919,0.0914,9116,9317,202,REVERSE_SIGNAL,2.503,0.0,0.544,0.1,0.444,4.44,True,ARBUSDT,2,TREND,SELL,9115,2026-04-05 03:55:00
0.0914,0.0956,9318,9587,270,REVERSE_SIGNAL,8.206,0.766,4.595,0.1,4.495,44.95,True,ARBUSDT,2,TREND,BUY,9317,2026-04-05 20:45:00
0.0956,0.0927,9588,9669,82,SL,0.418,3.243,-3.0,0.1,-3.1,-31.0,False,ARBUSDT,2,FADE,BUY,9587,2026-04-06 19:15:00
0.0951,0.0932,9752,9794,43,REVERSE_SIGNAL,2.419,0.736,1.998,0.1,1.898,18.98,True,ARBUSDT,2,FADE,SELL,9751,2026-04-07 08:55:00
0.0932,0.0952,9795,9866,72,REVERSE_SIGNAL,2.361,0.429,2.146,0.1,2.046,20.46,True,ARBUSDT,2,FADE,BUY,9794,2026-04-07 12:30:00
0.0952,0.1012,9867,10081,215,REVERSE_SIGNAL,9.769,0.525,6.303,0.1,6.203,62.03,True,ARBUSDT,2,TREND,BUY,9866,2026-04-07 18:30:00
0.1012,0.1021,10082,10183,102,REVERSE_SIGNAL,1.581,1.285,-0.889,0.1,-0.989,-9.89,False,ARBUSDT,2,TREND,SELL,10081,2026-04-08 12:25:00
0.1021,0.1007,10184,10237,54,SL,4.31,1.567,-1.371,0.1,-1.471,-14.71,False,ARBUSDT,2,TREND,BUY,10183,2026-04-08 20:55:00
0.1008,0.1043,10240,10408,169,REVERSE_SIGNAL,4.365,0.298,3.472,0.1,3.372,33.72,True,ARBUSDT,2,FADE,BUY,10239,2026-04-09 01:35:00
0.1043,0.1147,10409,10882,474,REVERSE_SIGNAL,17.546,1.822,9.971,0.1,9.871,98.71,True,ARBUSDT,2,TREND,BUY,10408,2026-04-09 15:40:00
0.1147,0.1174,10883,11027,145,REVERSE_SIGNAL,2.616,1.308,2.354,0.1,2.254,22.54,True,ARBUSDT,2,FADE,BUY,10882,2026-04-11 07:10:00
0.1174,0.1127,11028,11105,78,REVERSE_SIGNAL,4.174,0.426,4.003,0.1,3.903,39.03,True,ARBUSDT,2,FADE,SELL,11027,2026-04-11 19:15:00
0.1127,0.1128,11106,11302,197,REVERSE_SIGNAL,3.283,1.154,-0.089,0.1,-0.189,-1.89,False,ARBUSDT,2,TREND,SELL,11105,2026-04-12 01:45:00
0.1128,0.1106,11303,11348,46,SL,0.089,2.216,-1.95,0.1,-2.05,-20.5,False,ARBUSDT,2,TREND,BUY,11302,2026-04-12 18:10:00
0.1101,0.1129,11565,11645,81,REVERSE_SIGNAL,2.997,0.363,2.543,0.1,2.443,24.43,True,ARBUSDT,2,FADE,BUY,11564,2026-04-13 16:00:00
0.1129,0.1112,11646,11794,149,REVERSE_SIGNAL,1.771,0.709,1.506,0.1,1.406,14.06,True,ARBUSDT,2,FADE,SELL,11645,2026-04-13 22:45:00
0.1112,0.1119,11795,11974,180,REVERSE_SIGNAL,1.259,2.068,0.629,0.1,0.529,5.29,True,ARBUSDT,2,FADE,BUY,11794,2026-04-14 11:10:00
0.1119,0.1305,11975,12840,866,REVERSE_SIGNAL,22.163,0.626,16.622,0.1,16.522,165.22,True,ARBUSDT,2,TREND,BUY,11974,2026-04-15 02:10:00
0.1305,0.1326,12841,12891,51,SL,0.843,1.839,-1.609,0.1,-1.709,-17.09,False,ARBUSDT,2,TREND,SELL,12840,2026-04-18 02:20:00
0.1338,0.131,12898,12914,17,SL,0.374,2.242,-2.093,0.1,-2.193,-21.93,False,ARBUSDT,2,TREND,BUY,12897,2026-04-18 07:05:00
0.1303,0.1277,12926,13264,339,REVERSE_SIGNAL,4.682,0.614,1.995,0.1,1.895,18.95,True,ARBUSDT,2,TREND,SELL,12925,2026-04-18 09:25:00
0.1277,0.1236,13265,13316,52,REVERSE_SIGNAL,3.289,0.783,3.211,0.1,3.111,31.11,True,ARBUSDT,2,FADE,SELL,13264,2026-04-19 13:40:00
0.1236,0.1261,13317,13410,94,REVERSE_SIGNAL,2.023,2.023,-2.023,0.1,-2.123,-21.23,False,ARBUSDT,2,TREND,SELL,13316,2026-04-19 18:00:00
0.1261,0.1257,13411,13701,291,REVERSE_SIGNAL,1.903,2.617,0.317,0.1,0.217,2.17,True,ARBUSDT,2,FADE,SELL,13410,2026-04-20 01:50:00
0.1257,0.1276,13702,13998,297,REVERSE_SIGNAL,2.546,2.466,1.512,0.1,1.412,14.12,True,ARBUSDT,2,FADE,BUY,13701,2026-04-21 02:05:00
0.1276,0.1269,13999,14257,259,REVERSE_SIGNAL,4.859,1.646,-0.549,0.1,-0.649,-6.49,False,ARBUSDT,2,TREND,BUY,13998,2026-04-22 02:50:00
0.1269,0.1269,14258,14432,175,REVERSE_SIGNAL,2.679,0.788,0.0,0.1,-0.1,-1.0,False,ARBUSDT,2,TREND,SELL,14257,2026-04-23 00:25:00
0.1269,0.1247,14433,14463,31,SL,1.891,1.891,-1.734,0.1,-1.834,-18.34,False,ARBUSDT,2,TREND,BUY,14432,2026-04-23 15:00:00
0.125,0.1282,14469,14518,50,REVERSE_SIGNAL,3.12,0.16,2.56,0.1,2.46,24.6,True,ARBUSDT,2,FADE,BUY,14468,2026-04-23 18:00:00
0.1282,0.1282,14519,14815,297,REVERSE_SIGNAL,3.276,0.702,0.0,0.1,-0.1,-1.0,False,ARBUSDT,2,TREND,BUY,14518,2026-04-23 22:10:00
0.1282,0.1311,14816,14845,30,REVERSE_SIGNAL,2.496,0.234,2.262,0.1,2.162,21.62,True,ARBUSDT,2,FADE,BUY,14815,2026-04-24 22:55:00
0.1311,0.1294,14846,14978,133,REVERSE_SIGNAL,1.526,1.449,1.297,0.1,1.197,11.97,True,ARBUSDT,2,FADE,SELL,14845,2026-04-25 01:25:00
0.1294,0.1311,14979,15178,200,REVERSE_SIGNAL,1.546,1.7,1.314,0.1,1.214,12.14,True,ARBUSDT,2,FADE,BUY,14978,2026-04-25 12:30:00
0.1311,0.1299,15179,15318,140,REVERSE_SIGNAL,1.297,1.22,0.915,0.1,0.815,8.15,True,ARBUSDT,2,FADE,SELL,15178,2026-04-26 05:10:00
0.1299,0.1325,15319,15445,127,REVERSE_SIGNAL,2.002,1.232,2.002,0.1,1.902,19.02,True,ARBUSDT,2,FADE,BUY,15318,2026-04-26 16:50:00
0.1325,0.1276,15446,15470,25,REVERSE_SIGNAL,4.302,0.302,3.698,0.1,3.598,35.98,True,ARBUSDT,2,FADE,SELL,15445,2026-04-27 03:25:00
0.1276,0.1263,15471,15687,217,REVERSE_SIGNAL,3.448,0.235,1.019,0.1,0.919,9.19,True,ARBUSDT,2,TREND,SELL,15470,2026-04-27 05:30:00
0.1263,0.1242,15688,15811,124,REVERSE_SIGNAL,1.9,0.95,1.663,0.1,1.563,15.63,True,ARBUSDT,2,FADE,SELL,15687,2026-04-27 23:35:00
0.1242,0.1259,15812,16026,215,REVERSE_SIGNAL,1.53,1.047,1.369,0.1,1.269,12.69,True,ARBUSDT,2,FADE,BUY,15811,2026-04-28 09:55:00
0.1259,0.1262,16027,16149,123,REVERSE_SIGNAL,5.481,0.238,0.238,0.1,0.138,1.38,True,ARBUSDT,2,TREND,BUY,16026,2026-04-29 03:50:00
0.1262,0.1278,16150,16276,127,REVERSE_SIGNAL,4.517,1.506,-1.268,0.1,-1.368,-13.68,False,ARBUSDT,2,TREND,SELL,16149,2026-04-29 14:05:00
0.1278,0.1246,16277,16327,51,SL,0.939,2.504,-2.504,0.1,-2.604,-26.04,False,ARBUSDT,2,TREND,BUY,16276,2026-04-30 00:40:00
0.125,0.1271,16330,16386,57,REVERSE_SIGNAL,2.0,0.88,1.68,0.1,1.58,15.8,True,ARBUSDT,2,FADE,BUY,16329,2026-04-30 05:05:00
0.1271,0.1248,16387,16476,90,REVERSE_SIGNAL,1.967,1.259,1.81,0.1,1.71,17.1,True,ARBUSDT,2,FADE,SELL,16386,2026-04-30 09:50:00
0.1248,0.1259,16477,16608,132,REVERSE_SIGNAL,1.683,1.282,0.881,0.1,0.781,7.81,True,ARBUSDT,2,FADE,BUY,16476,2026-04-30 17:20:00
0.1259,0.1235,16609,16834,226,REVERSE_SIGNAL,1.986,1.191,1.906,0.1,1.806,18.06,True,ARBUSDT,2,FADE,SELL,16608,2026-05-01 04:20:00
0.1235,0.1234,16835,17045,211,REVERSE_SIGNAL,0.729,1.619,-0.081,0.1,-0.181,-1.81,False,ARBUSDT,2,FADE,BUY,16834,2026-05-01 23:10:00
0.1234,0.1212,17046,17136,91,REVERSE_SIGNAL,2.431,0.891,1.783,0.1,1.683,16.83,True,ARBUSDT,2,FADE,SELL,17045,2026-05-02 16:45:00
0.1212,0.1183,17137,17464,328,REVERSE_SIGNAL,4.785,0.578,2.393,0.1,2.293,22.93,True,ARBUSDT,2,TREND,SELL,17136,2026-05-03 00:20:00
0.1183,0.1169,17465,17533,69,SL,1.86,1.183,-1.183,0.1,-1.283,-12.83,False,ARBUSDT,2,TREND,BUY,17464,2026-05-04 03:40:00
0.1145,0.1177,17543,17681,139,REVERSE_SIGNAL,2.795,0.699,2.795,0.1,2.695,26.95,True,ARBUSDT,2,FADE,BUY,17542,2026-05-04 10:10:00
0.1177,0.1212,17682,17960,279,SL,1.869,3.229,-3.0,0.1,-3.1,-31.0,False,ARBUSDT,2,FADE,SELL,17681,2026-05-04 21:45:00
0.1235,0.1282,18318,18370,53,REVERSE_SIGNAL,4.13,0.486,3.806,0.1,3.706,37.06,True,ARBUSDT,2,FADE,BUY,18317,2026-05-07 02:45:00
0.1282,0.1247,18371,18459,89,SL,1.716,2.73,-2.73,0.1,-2.83,-28.3,False,ARBUSDT,2,TREND,BUY,18370,2026-05-07 07:10:00
0.1257,0.1298,18517,18622,106,REVERSE_SIGNAL,3.262,0.875,3.262,0.1,3.162,31.62,True,ARBUSDT,2,FADE,BUY,18516,2026-05-07 19:20:00
0.1298,0.1337,18623,18682,60,SL,2.234,3.159,-3.0,0.1,-3.1,-31.0,False,ARBUSDT,2,FADE,SELL,18622,2026-05-08 04:10:00
0.1418,0.1423,19021,19256,236,REVERSE_SIGNAL,2.398,0.987,-0.353,0.1,-0.453,-4.53,False,ARBUSDT,2,TREND,SELL,19020,2026-05-09 13:20:00
0.1423,0.1402,19257,19397,141,SL,2.6,2.6,-1.476,0.1,-1.576,-15.76,False,ARBUSDT,2,TREND,BUY,19256,2026-05-10 09:00:00
0.1417,0.1447,19408,19418,11,SL,0.565,2.329,-2.117,0.1,-2.217,-22.17,False,ARBUSDT,2,TREND,SELL,19407,2026-05-10 21:35:00
0.1392,0.1385,20032,20158,127,REVERSE_SIGNAL,2.945,0.79,-0.503,0.1,-0.603,-6.03,False,ARBUSDT,2,TREND,BUY,20031,2026-05-13 01:35:00
0.1385,0.1331,20159,20480,322,REVERSE_SIGNAL,7.365,0.072,3.899,0.1,3.799,37.99,True,ARBUSDT,2,TREND,SELL,20158,2026-05-13 12:10:00
0.1331,0.131,20481,20609,129,REVERSE_SIGNAL,2.029,1.953,-1.578,0.1,-1.678,-16.78,False,ARBUSDT,2,TREND,BUY,20480,2026-05-14 15:00:00
0.131,0.1208,20610,21074,465,REVERSE_SIGNAL,10.153,0.305,7.786,0.1,7.686,76.86,True,ARBUSDT,2,TREND,SELL,20609,2026-05-15 01:45:00
0.1208,0.1194,21075,21147,73,SL,0.331,1.159,-1.159,0.1,-1.259,-12.59,False,ARBUSDT,2,TREND,BUY,21074,2026-05-16 16:30:00
0.119,0.1206,21175,21229,55,REVERSE_SIGNAL,1.849,0.672,1.345,0.1,1.245,12.45,True,ARBUSDT,2,FADE,BUY,21174,2026-05-17 00:50:00
0.1206,0.1191,21230,21323,94,SL,1.493,1.244,-1.244,0.1,-1.344,-13.44,False,ARBUSDT,2,TREND,BUY,21229,2026-05-17 05:25:00
0.1196,0.116,21334,21448,115,SL,0.167,5.936,-3.0,0.1,-3.1,-31.0,False,ARBUSDT,2,FADE,BUY,21333,2026-05-17 14:05:00
0.1174,0.1154,21712,21868,157,REVERSE_SIGNAL,1.107,1.789,-1.704,0.1,-1.804,-18.04,False,ARBUSDT,2,TREND,BUY,21711,2026-05-18 21:35:00
0.1154,0.1119,21869,22191,323,SL,0.953,3.553,-3.0,0.1,-3.1,-31.0,False,ARBUSDT,2,FADE,BUY,21868,2026-05-19 10:40:00
0.1127,0.1105,22364,22432,69,REVERSE_SIGNAL,2.307,0.71,1.952,0.1,1.852,18.52,True,ARBUSDT,2,FADE,SELL,22363,2026-05-21 03:55:00
0.1105,0.1123,22433,22500,68,SL,1.991,1.629,-1.629,0.1,-1.729,-17.29,False,ARBUSDT,2,TREND,SELL,22432,2026-05-21 09:40:00
0.1122,0.1117,22508,22613,106,REVERSE_SIGNAL,3.209,1.248,-0.446,0.1,-0.546,-5.46,False,ARBUSDT,2,TREND,BUY,22507,2026-05-21 15:55:00
0.1117,0.1135,22614,22640,27,SL,0.269,1.611,-1.611,0.1,-1.711,-17.11,False,ARBUSDT,2,TREND,SELL,22613,2026-05-22 00:45:00
0.115,0.1116,22656,22788,133,REVERSE_SIGNAL,2.957,0.609,2.957,0.1,2.857,28.57,True,ARBUSDT,2,FADE,SELL,22655,2026-05-22 04:15:00
0.1116,0.1083,22789,22838,50,SL,1.792,3.315,-3.0,0.1,-3.1,-31.0,False,ARBUSDT,2,FADE,BUY,22788,2026-05-22 15:20:00
0.1072,0.1076,23073,23290,218,REVERSE_SIGNAL,4.664,0.28,0.373,0.1,0.273,2.73,True,ARBUSDT,2,TREND,BUY,23072,2026-05-23 15:00:00
0.1076,0.1073,23291,23536,246,REVERSE_SIGNAL,3.903,0.743,0.279,0.1,0.179,1.79,True,ARBUSDT,2,TREND,SELL,23290,2026-05-24 09:10:00
0.1073,0.1071,23537,23768,232,REVERSE_SIGNAL,3.448,0.746,-0.186,0.1,-0.286,-2.86,False,ARBUSDT,2,TREND,BUY,23536,2026-05-25 05:40:00
0.1071,0.1097,23769,23854,86,REVERSE_SIGNAL,2.708,0.747,2.428,0.1,2.328,23.28,True,ARBUSDT,2,FADE,BUY,23768,2026-05-26 01:00:00
0.1097,0.1078,23855,23965,111,SL,3.008,1.914,-1.732,0.1,-1.832,-18.32,False,ARBUSDT,2,TREND,BUY,23854,2026-05-26 08:10:00
0.1077,0.1101,23966,24235,270,REVERSE_SIGNAL,2.786,1.207,2.228,0.1,2.128,21.28,True,ARBUSDT,2,FADE,BUY,23965,2026-05-26 17:25:00
0.1101,0.1067,24236,24310,75,REVERSE_SIGNAL,4.087,0.908,3.088,0.1,2.988,29.88,True,ARBUSDT,2,FADE,SELL,24235,2026-05-27 15:55:00
0.1067,0.1049,24311,24547,237,REVERSE_SIGNAL,5.811,0.843,1.687,0.1,1.587,15.87,True,ARBUSDT,2,TREND,SELL,24310,2026-05-27 22:10:00
0.1049,0.1035,24548,24672,125,REVERSE_SIGNAL,1.144,1.907,-1.335,0.1,-1.435,-14.35,False,ARBUSDT,2,TREND,BUY,24547,2026-05-28 17:55:00
0.1035,0.105,24673,24694,22,SL,0.0,1.643,-1.449,0.1,-1.549,-15.49,False,ARBUSDT,2,TREND,SELL,24672,2026-05-29 04:20:00
0.1062,0.1036,24707,24764,58,REVERSE_SIGNAL,2.825,0.0,2.448,0.1,2.348,23.48,True,ARBUSDT,2,FADE,SELL,24706,2026-05-29 07:10:00
0.1036,0.1051,24765,24805,41,SL,3.089,1.834,-1.448,0.1,-1.548,-15.48,False,ARBUSDT,2,TREND,SELL,24764,2026-05-29 12:00:00
0.1055,0.1031,24832,24850,19,SL,0.095,2.37,-2.275,0.1,-2.375,-23.75,False,ARBUSDT,2,TREND,BUY,24831,2026-05-29 17:35:00
0.1034,0.1003,25180,25367,188,SL,1.644,3.095,-3.0,0.1,-3.1,-31.0,False,ARBUSDT,2,FADE,BUY,25179,2026-05-30 22:35:00
0.1032,0.1008,25463,25583,121,REVERSE_SIGNAL,2.81,1.163,2.326,0.1,2.226,22.26,True,ARBUSDT,2,FADE,SELL,25462,2026-05-31 22:10:00
0.1008,0.1033,25584,25707,124,REVERSE_SIGNAL,2.877,2.579,2.48,0.1,2.38,23.8,True,ARBUSDT,2,FADE,BUY,25583,2026-06-01 08:15:00
0.1033,0.1001,25708,25791,84,SL,0.484,3.098,-3.098,0.1,-3.198,-31.98,False,ARBUSDT,2,TREND,BUY,25707,2026-06-01 18:35:00
0.1005,0.0938,25811,26130,320,REVERSE_SIGNAL,11.244,1.194,6.667,0.1,6.567,65.67,True,ARBUSDT,2,TREND,SELL,25810,2026-06-02 03:10:00
0.0938,0.0939,26131,26279,149,REVERSE_SIGNAL,4.478,0.853,0.107,0.1,0.007,0.07,True,ARBUSDT,2,TREND,BUY,26130,2026-06-03 05:50:00
0.0939,0.0912,26280,26535,256,REVERSE_SIGNAL,9.372,1.597,2.875,0.1,2.775,27.75,True,ARBUSDT,2,TREND,SELL,26279,2026-06-03 18:15:00
0.0912,0.0886,26536,26605,70,SL,0.768,2.961,-2.851,0.1,-2.951,-29.51,False,ARBUSDT,2,TREND,BUY,26535,2026-06-04 15:35:00
0.0878,0.0805,26615,27037,423,REVERSE_SIGNAL,15.831,2.278,8.314,0.1,8.214,82.14,True,ARBUSDT,2,TREND,SELL,26614,2026-06-04 22:10:00
0.0805,0.0829,27038,27287,250,SL,3.354,3.354,-3.0,0.1,-3.1,-31.0,False,ARBUSDT,2,FADE,SELL,27037,2026-06-06 09:25:00
0.0816,0.0827,27410,27478,69,SL,2.941,3.431,-1.348,0.1,-1.448,-14.48,False,ARBUSDT,2,TREND,SELL,27409,2026-06-07 16:25:00
0.0831,0.0817,27485,27790,306,REVERSE_SIGNAL,1.805,2.768,-1.685,0.1,-1.785,-17.85,False,ARBUSDT,2,TREND,BUY,27484,2026-06-07 22:40:00
0.0817,0.0805,27791,28243,453,REVERSE_SIGNAL,4.969,0.734,1.518,0.1,1.418,14.18,True,ARBUSDT,2,TREND,SELL,27790,2026-06-09 00:10:00
0.0805,0.0786,28244,28277,34,SL,1.578,2.312,-2.312,0.1,-2.412,-24.12,False,ARBUSDT,2,TREND,BUY,28243,2026-06-10 13:55:00
0.0771,0.0798,28328,28411,84,SL,2.024,7.577,-3.529,0.1,-3.629,-36.29,False,ARBUSDT,2,TREND,SELL,28327,2026-06-10 20:55:00
0.0805,0.0821,28412,28733,322,REVERSE_SIGNAL,7.552,0.894,2.012,0.1,1.912,19.12,True,ARBUSDT,2,TREND,BUY,28411,2026-06-11 03:55:00
0.0821,0.0834,28734,28751,18,SL,0.28,1.644,-1.546,0.1,-1.646,-16.46,False,ARBUSDT,2,TREND,SELL,28733,2026-06-12 06:45:00
0.084,0.0826,28763,28816,54,SL,1.297,2.558,-1.713,0.1,-1.813,-18.13,False,ARBUSDT,2,TREND,BUY,28762,2026-06-12 09:10:00
0.0843,0.0818,29237,29404,168,SL,0.474,3.084,-3.0,0.1,-3.1,-31.0,False,ARBUSDT,2,FADE,BUY,29236,2026-06-14 00:40:00
0.0839,0.0869,29485,29765,281,REVERSE_SIGNAL,7.178,0.203,3.66,0.1,3.56,35.6,True,ARBUSDT,2,TREND,BUY,29484,2026-06-14 21:20:00
0.0869,0.0876,29766,29911,146,REVERSE_SIGNAL,2.749,0.966,-0.771,0.1,-0.871,-8.71,False,ARBUSDT,2,TREND,SELL,29765,2026-06-15 20:45:00
0.0876,0.0858,29912,29962,51,SL,0.457,2.386,-2.066,0.1,-2.166,-21.66,False,ARBUSDT,2,TREND,BUY,29911,2026-06-16 08:55:00
0.084,0.0862,29979,30098,120,REVERSE_SIGNAL,3.07,0.167,2.63,0.1,2.53,25.3,True,ARBUSDT,2,FADE,BUY,29978,2026-06-16 14:30:00
0.0862,0.0862,30099,30222,124,REVERSE_SIGNAL,4.174,0.464,-0.081,0.1,-0.181,-1.81,False,ARBUSDT,2,TREND,BUY,30098,2026-06-17 00:30:00
0.0862,0.0888,30223,30289,67,REVERSE_SIGNAL,3.365,1.219,3.075,0.1,2.975,29.75,True,ARBUSDT,2,FADE,BUY,30222,2026-06-17 10:50:00
0.0888,0.0846,30290,30331,42,REVERSE_SIGNAL,5.303,0.023,4.751,0.1,4.651,46.51,True,ARBUSDT,2,FADE,SELL,30289,2026-06-17 16:25:00
0.0846,0.0877,30332,30409,78,REVERSE_SIGNAL,3.747,0.887,3.617,0.1,3.517,35.17,True,ARBUSDT,2,FADE,BUY,30331,2026-06-17 19:55:00
0.0877,0.0844,30410,30431,22,REVERSE_SIGNAL,3.73,0.068,3.685,0.1,3.585,35.85,True,ARBUSDT,2,FADE,SELL,30409,2026-06-18 02:25:00
0.0844,0.0819,30432,30568,137,SL,1.777,3.056,-3.0,0.1,-3.1,-31.0,False,ARBUSDT,2,FADE,BUY,30431,2026-06-18 04:15:00
0.085,0.0836,30628,30730,103,REVERSE_SIGNAL,2.518,1.906,1.659,0.1,1.559,15.59,True,ARBUSDT,2,FADE,SELL,30627,2026-06-18 20:35:00
0.0836,0.085,30731,30834,104,REVERSE_SIGNAL,1.866,1.818,-1.675,0.1,-1.775,-17.75,False,ARBUSDT,2,TREND,SELL,30730,2026-06-19 05:10:00
0.085,0.083,30835,30907,73,REVERSE_SIGNAL,2.483,0.435,2.377,0.1,2.277,22.77,True,ARBUSDT,2,FADE,SELL,30834,2026-06-19 13:50:00
0.083,0.0841,30908,30961,54,SL,0.217,1.567,-1.362,0.1,-1.462,-14.62,False,ARBUSDT,2,TREND,SELL,30907,2026-06-19 19:55:00
0.0842,0.0825,31037,31116,80,REVERSE_SIGNAL,2.056,0.642,1.996,0.1,1.896,18.96,True,ARBUSDT,2,FADE,SELL,31036,2026-06-20 06:40:00
0.0825,0.0846,31117,31226,110,REVERSE_SIGNAL,2.862,0.885,2.607,0.1,2.507,25.07,True,ARBUSDT,2,FADE,BUY,31116,2026-06-20 13:20:00
0.0846,0.0829,31227,31307,81,REVERSE_SIGNAL,2.127,0.567,2.021,0.1,1.921,19.21,True,ARBUSDT,2,FADE,SELL,31226,2026-06-20 22:30:00
0.0829,0.0847,31308,31368,61,REVERSE_SIGNAL,2.28,0.241,2.135,0.1,2.035,20.35,True,ARBUSDT,2,FADE,BUY,31307,2026-06-21 05:15:00
0.0847,0.0832,31369,31492,124,REVERSE_SIGNAL,1.866,0.106,1.748,0.1,1.648,16.48,True,ARBUSDT,2,FADE,SELL,31368,2026-06-21 10:20:00
0.0832,0.084,31493,31548,56,SL,2.031,1.37,-0.962,0.1,-1.062,-10.62,False,ARBUSDT,2,TREND,SELL,31492,2026-06-21 20:40:00
0.0845,0.0836,31553,31761,209,REVERSE_SIGNAL,2.851,1.987,-1.124,0.1,-1.224,-12.24,False,ARBUSDT,2,TREND,BUY,31552,2026-06-22 01:40:00
0.0836,0.0811,31762,31893,132,SL,0.694,3.53,-3.0,0.1,-3.1,-31.0,False,ARBUSDT,2,FADE,BUY,31761,2026-06-22 19:05:00
0.0804,0.078,31992,32149,158,REVERSE_SIGNAL,3.359,0.075,2.936,0.1,2.836,28.36,True,ARBUSDT,2,FADE,SELL,31991,2026-06-23 14:15:00
0.078,0.0757,32150,32296,147,SL,1.295,3.038,-3.0,0.1,-3.1,-31.0,False,ARBUSDT,2,FADE,BUY,32149,2026-06-24 03:25:00
0.0765,0.0761,32374,32532,159,REVERSE_SIGNAL,1.516,1.216,0.562,0.1,0.462,4.62,True,ARBUSDT,2,FADE,SELL,32373,2026-06-24 22:05:00
0.0761,0.0768,32533,32546,14,SL,0.933,1.091,-0.96,0.1,-1.06,-10.6,False,ARBUSDT,2,TREND,SELL,32532,2026-06-25 11:20:00
0.0741,0.0724,32774,32801,28,SL,0.243,2.335,-2.294,0.1,-2.394,-23.94,False,ARBUSDT,2,TREND,BUY,32773,2026-06-26 07:25:00
0.0721,0.0731,32810,32852,43,SL,2.122,1.526,-1.387,0.1,-1.487,-14.87,False,ARBUSDT,2,TREND,SELL,32809,2026-06-26 10:25:00
0.0741,0.0744,32883,33106,224,REVERSE_SIGNAL,2.052,0.796,0.405,0.1,0.305,3.05,True,ARBUSDT,2,TREND,BUY,32882,2026-06-26 16:30:00
0.0744,0.0756,33107,33136,30,REVERSE_SIGNAL,1.721,0.551,1.613,0.1,1.513,15.13,True,ARBUSDT,2,FADE,BUY,33106,2026-06-27 11:10:00
0.0756,0.0745,33137,33188,52,SL,0.37,1.627,-1.429,0.1,-1.529,-15.29,False,ARBUSDT,2,TREND,BUY,33136,2026-06-27 13:40:00
0.0743,0.0742,33195,33396,202,REVERSE_SIGNAL,1.602,2.127,-0.108,0.1,-0.208,-2.08,False,ARBUSDT,2,FADE,BUY,33194,2026-06-27 18:30:00
0.0742,0.0732,33397,33477,81,REVERSE_SIGNAL,1.968,0.512,1.294,0.1,1.194,11.94,True,ARBUSDT,2,FADE,SELL,33396,2026-06-28 11:20:00
0.0732,0.0752,33478,33584,107,REVERSE_SIGNAL,2.649,1.283,2.622,0.1,2.522,25.22,True,ARBUSDT,2,FADE,BUY,33477,2026-06-28 18:05:00
0.0752,0.0774,33585,33754,170,SL,1.197,3.22,-3.0,0.1,-3.1,-31.0,False,ARBUSDT,2,FADE,SELL,33584,2026-06-29 03:00:00
0.076,0.0737,33852,33981,130,SL,1.171,3.0,-3.0,0.1,-3.1,-31.0,False,ARBUSDT,2,FADE,BUY,33851,2026-06-30 01:15:00
0.0755,0.0766,34044,34414,371,REVERSE_SIGNAL,5.089,0.848,1.577,0.1,1.477,14.77,True,ARBUSDT,2,TREND,BUY,34043,2026-06-30 17:15:00
0.0766,0.0786,34415,34461,47,REVERSE_SIGNAL,2.74,0.47,2.57,0.1,2.47,24.7,True,ARBUSDT,2,FADE,BUY,34414,2026-07-02 00:10:00
0.0786,0.0772,34462,34702,241,REVERSE_SIGNAL,2.925,1.221,1.832,0.1,1.732,17.32,True,ARBUSDT,2,FADE,SELL,34461,2026-07-02 04:05:00
0.0772,0.078,34703,34778,76,REVERSE_SIGNAL,1.581,0.829,1.088,0.1,0.988,9.88,True,ARBUSDT,2,FADE,BUY,34702,2026-07-03 00:10:00
0.078,0.0804,34779,34861,83,SL,0.423,3.179,-3.0,0.1,-3.1,-31.0,False,ARBUSDT,2,FADE,SELL,34778,2026-07-03 06:30:00
0.0794,0.0808,35080,35173,94,REVERSE_SIGNAL,2.002,0.529,1.75,0.1,1.65,16.5,True,ARBUSDT,2,FADE,BUY,35079,2026-07-04 07:35:00
0.0808,0.0799,35174,35281,108,REVERSE_SIGNAL,1.373,1.596,1.076,0.1,0.976,9.76,True,ARBUSDT,2,FADE,SELL,35173,2026-07-04 15:25:00
0.0799,0.0793,35282,35496,215,REVERSE_SIGNAL,3.177,0.225,0.863,0.1,0.763,7.63,True,ARBUSDT,2,TREND,SELL,35281,2026-07-05 00:25:00
0.0793,0.079,35497,35638,142,REVERSE_SIGNAL,2.65,0.858,-0.303,0.1,-0.403,-4.03,False,ARBUSDT,2,TREND,BUY,35496,2026-07-05 18:20:00
0.079,0.0801,35639,35757,119,SL,3.847,1.683,-1.367,0.1,-1.467,-14.67,False,ARBUSDT,2,TREND,SELL,35638,2026-07-06 06:10:00
0.0802,0.079,35759,35883,125,REVERSE_SIGNAL,2.07,1.796,-1.534,0.1,-1.634,-16.34,False,ARBUSDT,2,TREND,BUY,35758,2026-07-06 16:10:00
0.079,0.0795,35884,36052,169,REVERSE_SIGNAL,2.317,0.874,-0.709,0.1,-0.809,-8.09,False,ARBUSDT,2,TREND,SELL,35883,2026-07-07 02:35:00
0.0795,0.0785,36053,36077,25,SL,0.39,1.66,-1.295,0.1,-1.395,-13.95,False,ARBUSDT,2,TREND,BUY,36052,2026-07-07 16:40:00
0.0776,0.0753,36083,36170,88,SL,0.876,3.195,-3.0,0.1,-3.1,-31.0,False,ARBUSDT,2,FADE,BUY,36082,2026-07-07 19:10:00
0.0776,0.0757,36220,36253,34,REVERSE_SIGNAL,2.81,1.173,2.398,0.1,2.298,22.98,True,ARBUSDT,2,FADE,SELL,36219,2026-07-08 06:35:00
0.0757,0.0771,36254,36440,187,REVERSE_SIGNAL,2.588,0.621,1.823,0.1,1.723,17.23,True,ARBUSDT,2,FADE,BUY,36253,2026-07-08 09:25:00
0.0771,0.091,36441,36907,467,REVERSE_SIGNAL,24.514,0.013,17.99,0.1,17.89,178.9,True,ARBUSDT,2,TREND,BUY,36440,2026-07-09 01:00:00
0.091,0.0934,36908,36975,68,REVERSE_SIGNAL,3.133,1.121,2.704,0.1,2.604,26.04,True,ARBUSDT,2,FADE,BUY,36907,2026-07-10 15:55:00
0.0934,0.0908,36976,37049,74,SL,0.407,2.911,-2.815,0.1,-2.915,-29.15,False,ARBUSDT,2,TREND,BUY,36975,2026-07-10 21:35:00
0.0904,0.0925,37055,37133,79,SL,0.83,2.677,-2.334,0.1,-2.434,-24.34,False,ARBUSDT,2,TREND,SELL,37054,2026-07-11 04:10:00
0.0925,0.0953,37137,37175,39,SL,1.437,5.058,-3.0,0.1,-3.1,-31.0,False,ARBUSDT,2,FADE,SELL,37136,2026-07-11 11:00:00
0.0949,0.1003,37292,37334,43,REVERSE_SIGNAL,6.372,0.337,5.625,0.1,5.525,55.25,True,ARBUSDT,2,FADE,BUY,37291,2026-07-11 23:55:00
0.1003,0.096,37335,37401,67,REVERSE_SIGNAL,4.448,1.047,4.268,0.1,4.168,41.68,True,ARBUSDT,2,FADE,SELL,37334,2026-07-12 03:30:00
0.096,0.0934,37402,37698,297,REVERSE_SIGNAL,6.219,0.823,2.687,0.1,2.587,25.87,True,ARBUSDT,2,TREND,SELL,37401,2026-07-12 09:05:00
0.0934,0.0908,37699,37784,86,REVERSE_SIGNAL,3.072,2.569,2.826,0.1,2.726,27.26,True,ARBUSDT,2,FADE,SELL,37698,2026-07-13 09:50:00
0.0908,0.0881,37785,37839,55,SL,0.474,3.018,-3.0,0.1,-3.1,-31.0,False,ARBUSDT,2,FADE,BUY,37784,2026-07-13 17:00:00
0.0914,0.0898,38025,38213,189,REVERSE_SIGNAL,2.605,2.003,-1.696,0.1,-1.796,-17.96,False,ARBUSDT,2,TREND,BUY,38024,2026-07-14 13:00:00
0.0898,0.0906,38214,38311,98,REVERSE_SIGNAL,1.381,2.661,0.913,0.1,0.813,8.13,True,ARBUSDT,2,FADE,BUY,38213,2026-07-15 04:45:00
0.0906,0.0876,38312,38354,43,REVERSE_SIGNAL,3.718,0.662,3.398,0.1,3.298,32.98,True,ARBUSDT,2,FADE,SELL,38311,2026-07-15 12:55:00
0.0876,0.0886,38355,38615,261,REVERSE_SIGNAL,1.633,2.615,1.222,0.1,1.122,11.22,True,ARBUSDT,2,FADE,BUY,38354,2026-07-15 16:30:00
0.0886,0.0876,38616,38757,142,REVERSE_SIGNAL,1.264,2.663,1.196,0.1,1.096,10.96,True,ARBUSDT,2,FADE,SELL,38615,2026-07-16 14:15:00
0.0876,0.0895,38758,38769,12,SL,0.24,2.638,-2.204,0.1,-2.304,-23.04,False,ARBUSDT,2,TREND,SELL,38757,2026-07-17 02:05:00
0.0899,0.0876,38781,38892,112,REVERSE_SIGNAL,2.938,1.113,2.504,0.1,2.404,24.04,True,ARBUSDT,2,FADE,SELL,38780,2026-07-17 04:00:00
0.0876,0.0895,38893,38928,36,SL,0.616,2.591,-2.157,0.1,-2.257,-22.57,False,ARBUSDT,2,TREND,SELL,38892,2026-07-17 13:20:00
0.0899,0.0893,38942,39135,194,REVERSE_SIGNAL,3.148,1.034,-0.69,0.1,-0.79,-7.9,False,ARBUSDT,2,TREND,BUY,38941,2026-07-17 17:25:00
0.0893,0.0905,39136,39142,7,SL,0.123,1.434,-1.366,0.1,-1.466,-14.66,False,ARBUSDT,2,TREND,SELL,39135,2026-07-18 09:35:00
0.0891,0.088,39415,39525,111,SL,1.314,1.269,-1.179,0.1,-1.279,-12.79,False,ARBUSDT,2,TREND,BUY,39414,2026-07-19 08:50:00
0.0867,0.0884,39647,39741,95,REVERSE_SIGNAL,2.146,1.742,1.95,0.1,1.85,18.5,True,ARBUSDT,2,FADE,BUY,39646,2026-07-20 04:10:00
0.0884,0.0893,39742,40069,328,REVERSE_SIGNAL,3.938,0.69,1.086,0.1,0.986,9.86,True,ARBUSDT,2,TREND,BUY,39741,2026-07-20 12:05:00
0.0893,0.0898,40070,40179,110,REVERSE_SIGNAL,1.422,0.649,-0.593,0.1,-0.693,-6.93,False,ARBUSDT,2,TREND,SELL,40069,2026-07-21 15:25:00
0.0898,0.0889,40180,40323,144,REVERSE_SIGNAL,1.981,1.224,-1.102,0.1,-1.202,-12.02,False,ARBUSDT,2,TREND,BUY,40179,2026-07-22 00:35:00
0.0889,0.091,40324,40357,34,REVERSE_SIGNAL,3.061,0.686,2.42,0.1,2.32,23.2,True,ARBUSDT,2,FADE,BUY,40323,2026-07-22 12:35:00
0.091,0.0888,40358,40452,95,REVERSE_SIGNAL,3.143,1.077,2.428,0.1,2.328,23.28,True,ARBUSDT,2,FADE,SELL,40357,2026-07-22 15:25:00
0.0888,0.0861,40453,40641,189,SL,2.793,3.412,-3.0,0.1,-3.1,-31.0,False,ARBUSDT,2,FADE,BUY,40452,2026-07-22 23:20:00
0.0831,0.0824,41183,41322,140,REVERSE_SIGNAL,0.855,0.506,0.795,0.1,0.695,6.95,True,ARBUSDT,2,FADE,SELL,41182,2026-07-25 12:10:00
0.0824,0.0835,41323,41595,273,REVERSE_SIGNAL,1.505,0.595,1.371,0.1,1.271,12.71,True,ARBUSDT,2,FADE,BUY,41322,2026-07-25 23:50:00
0.0835,0.082,41596,41638,43,REVERSE_SIGNAL,2.263,0.192,1.868,0.1,1.768,17.68,True,ARBUSDT,2,FADE,SELL,41595,2026-07-26 22:35:00
0.082,0.0795,41639,41787,149,SL,0.866,3.086,-3.0,0.1,-3.1,-31.0,False,ARBUSDT,2,FADE,BUY,41638,2026-07-27 02:10:00
0.0783,0.0775,42060,42063,4,SL,0.0,1.277,-1.009,0.1,-1.109,-11.09,False,ARBUSDT,2,TREND,BUY,42059,2026-07-28 13:15:00
0.0774,0.0789,42234,42413,180,REVERSE_SIGNAL,2.908,0.827,2.017,0.1,1.917,19.17,True,ARBUSDT,2,FADE,BUY,42233,2026-07-29 03:45:00
0.0789,0.0783,42414,42613,200,REVERSE_SIGNAL,2.471,1.546,0.76,0.1,0.66,6.6,True,ARBUSDT,2,FADE,SELL,42413,2026-07-29 18:45:00
0.0783,0.076,42614,42876,263,SL,0.511,3.064,-3.0,0.1,-3.1,-31.0,False,ARBUSDT,2,FADE,BUY,42613,2026-07-30 11:25:00
0.0771,0.0774,42968,43276,309,REVERSE_SIGNAL,0.311,2.413,-0.415,0.1,-0.515,-5.15,False,ARBUSDT,2,FADE,SELL,42967,2026-07-31 16:55:00
0.0774,0.0794,43277,43321,45,REVERSE_SIGNAL,3.01,0.465,2.545,0.1,2.445,24.45,True,ARBUSDT,2,FADE,BUY,43276,2026-08-01 18:40:00
0.0794,0.0803,43322,43521,200,REVERSE_SIGNAL,3.641,0.907,1.172,0.1,1.072,10.72,True,ARBUSDT,2,TREND,BUY,43321,2026-08-01 22:25:00
0.0803,0.0813,43522,43569,48,REVERSE_SIGNAL,1.818,0.075,1.283,0.1,1.183,11.83,True,ARBUSDT,2,FADE,BUY,43521,2026-08-02 15:05:00
0.0813,0.0806,43570,43652,83,REVERSE_SIGNAL,0.91,0.701,0.873,0.1,0.773,7.73,True,ARBUSDT,2,FADE,SELL,43569,2026-08-02 19:05:00
0.0806,0.0814,43653,43801,149,REVERSE_SIGNAL,1.588,1.017,1.017,0.1,0.917,9.17,True,ARBUSDT,2,FADE,BUY,43652,2026-08-03 02:00:00
0.0814,0.0839,43802,43945,144,SL,0.528,3.008,-3.0,0.1,-3.1,-31.0,False,ARBUSDT,2,FADE,SELL,43801,2026-08-03 14:25:00
0.0824,0.079,44025,44699,675,REVERSE_SIGNAL,6.432,0.243,4.163,0.1,4.063,40.63,True,ARBUSDT,2,TREND,SELL,44024,2026-08-04 09:00:00
0.079,0.0782,44700,44764,65,SL,0.519,1.0,-0.975,0.1,-1.075,-10.75,False,ARBUSDT,2,TREND,BUY,44699,2026-08-06 17:15:00
0.0781,0.0788,44785,45014,230,REVERSE_SIGNAL,1.049,1.139,0.806,0.1,0.706,7.06,True,ARBUSDT,2,FADE,BUY,44784,2026-08-07 00:20:00
0.0788,0.0789,45015,45301,287,REVERSE_SIGNAL,0.85,1.587,-0.127,0.1,-0.227,-2.27,False,ARBUSDT,2,FADE,SELL,45014,2026-08-07 19:30:00
0.0789,0.0781,45302,45537,236,REVERSE_SIGNAL,2.89,0.101,1.002,0.1,0.902,9.02,True,ARBUSDT,2,TREND,SELL,45301,2026-08-08 19:25:00
0.0781,0.0778,45538,45641,104,REVERSE_SIGNAL,3.329,0.448,-0.32,0.1,-0.42,-4.2,False,ARBUSDT,2,TREND,BUY,45537,2026-08-09 15:05:00
0.0778,0.0798,45642,45716,75,REVERSE_SIGNAL,2.762,0.54,2.531,0.1,2.431,24.31,True,ARBUSDT,2,FADE,BUY,45641,2026-08-09 23:45:00
0.0798,0.0796,45717,45912,196,REVERSE_SIGNAL,0.952,1.366,0.263,0.1,0.163,1.63,True,ARBUSDT,2,FADE,SELL,45716,2026-08-10 06:00:00
0.0796,0.0808,45913,45942,30,REVERSE_SIGNAL,1.947,0.276,1.533,0.1,1.433,14.33,True,ARBUSDT,2,FADE,BUY,45912,2026-08-10 22:20:00
0.0808,0.08,45943,46001,59,REVERSE_SIGNAL,1.411,0.854,1.064,0.1,0.964,9.64,True,ARBUSDT,2,FADE,SELL,45942,2026-08-11 00:50:00
0.08,0.0776,46002,46111,110,SL,0.625,3.164,-3.0,0.1,-3.1,-31.0,False,ARBUSDT,2,FADE,BUY,46001,2026-08-11 05:45:00
0.0789,0.0788,46203,46298,96,REVERSE_SIGNAL,2.471,0.405,-0.215,0.1,-0.315,-3.15,False,ARBUSDT,2,TREND,BUY,46202,2026-08-11 22:30:00
0.0788,0.0758,46299,46556,258,REVERSE_SIGNAL,6.717,0.99,3.695,0.1,3.595,35.95,True,ARBUSDT,2,TREND,SELL,46298,2026-08-12 06:30:00
0.0758,0.0749,46557,46613,57,REVERSE_SIGNAL,1.068,1.503,-1.279,0.1,-1.379,-13.79,False,ARBUSDT,2,TREND,BUY,46556,2026-08-13 04:00:00
0.0749,0.0756,46614,46781,168,REVERSE_SIGNAL,1.496,1.162,0.988,0.1,0.888,8.88,True,ARBUSDT,2,FADE,BUY,46613,2026-08-13 08:45:00
0.0756,0.0745,46782,46919,138,REVERSE_SIGNAL,1.944,0.304,1.442,0.1,1.342,13.42,True,ARBUSDT,2,FADE,SELL,46781,2026-08-13 22:45:00
0.0745,0.0746,46920,47088,169,REVERSE_SIGNAL,0.939,2.429,0.161,0.1,0.061,0.61,True,ARBUSDT,2,FADE,BUY,46919,2026-08-14 10:15:00
0.0746,0.0742,47089,47182,94,REVERSE_SIGNAL,0.589,1.112,0.549,0.1,0.449,4.49,True,ARBUSDT,2,FADE,SELL,47088,2026-08-15 00:20:00
0.0742,0.0734,47183,47465,283,REVERSE_SIGNAL,2.869,0.418,1.091,0.1,0.991,9.91,True,ARBUSDT,2,TREND,SELL,47182,2026-08-15 08:10:00
0.0734,0.0738,47466,47627,162,REVERSE_SIGNAL,0.272,2.234,-0.463,0.1,-0.563,-5.63,False,ARBUSDT,2,FADE,SELL,47465,2026-08-16 07:45:00
0.0738,0.0748,47628,47677,50,REVERSE_SIGNAL,1.437,1.505,1.356,0.1,1.256,12.56,True,ARBUSDT,2,FADE,BUY,47627,2026-08-16 21:15:00
0.0748,0.0749,47678,47938,261,REVERSE_SIGNAL,1.003,1.498,-0.134,0.1,-0.234,-2.34,False,ARBUSDT,2,FADE,SELL,47677,2026-08-17 01:25:00
0.0749,0.0752,47939,47942,4,SL,0.053,0.681,-0.454,0.1,-0.554,-5.54,False,ARBUSDT,2,TREND,SELL,47938,2026-08-17 23:10:00
0.0753,0.0775,48053,48341,289,SL,0.651,3.135,-3.0,0.1,-3.1,-31.0,False,ARBUSDT,2,FADE,SELL,48052,2026-08-18 08:40:00
0.1004,0.1003,49189,49342,154,REVERSE_SIGNAL,4.631,0.886,0.129,0.1,0.029,0.29,True,ARBUSDT,2,TREND,SELL,49188,2026-08-22 07:20:00
0.1003,0.0968,49343,49362,20,REVERSE_SIGNAL,3.759,0.07,3.43,0.1,3.33,33.3,True,ARBUSDT,2,FADE,SELL,49342,2026-08-22 20:10:00
0.0968,0.0987,49363,49508,146,REVERSE_SIGNAL,3.841,2.767,1.931,0.1,1.831,18.31,True,ARBUSDT,2,FADE,BUY,49362,2026-08-22 21:50:00
0.0987,0.0992,49509,49696,188,REVERSE_SIGNAL,5.187,0.172,0.496,0.1,0.396,3.96,True,ARBUSDT,2,TREND,BUY,49508,2026-08-23 10:00:00
0.0992,0.0982,49697,49986,290,REVERSE_SIGNAL,3.679,1.815,1.038,0.1,0.938,9.38,True,ARBUSDT,2,TREND,SELL,49696,2026-08-24 01:40:00
0.0982,0.0986,49987,49999,13,REVERSE_SIGNAL,1.935,0.469,0.387,0.1,0.287,2.87,True,ARBUSDT,2,TREND,BUY,49986,2026-08-25 01:50:00
1.863,1.8828,210,264,55,SL,0.429,1.127,-1.063,0.1,-1.163,-11.63,False,ATOMUSDT,2,TREND,SELL,209,2026-03-05 05:50:00
1.813,1.7952,700,884,185,SL,0.993,1.103,-0.982,0.1,-1.082,-10.82,False,ATOMUSDT,2,TREND,BUY,699,2026-03-06 22:40:00
1.792,1.7382,903,1160,258,SL,0.614,3.237,-3.0,0.1,-3.1,-31.0,False,ATOMUSDT,2,FADE,BUY,902,2026-03-07 15:35:00
1.753,1.8056,1368,1751,384,SL,1.711,3.137,-3.0,0.1,-3.1,-31.0,False,ATOMUSDT,2,FADE,SELL,1367,2026-03-09 06:20:00
1.792,1.809,1828,1912,85,REVERSE_SIGNAL,1.06,1.172,0.949,0.1,0.849,8.49,True,ATOMUSDT,2,FADE,BUY,1827,2026-03-10 20:40:00
1.809,1.811,1913,2220,308,REVERSE_SIGNAL,2.488,0.553,0.111,0.1,0.011,0.11,True,ATOMUSDT,2,TREND,BUY,1912,2026-03-11 03:45:00
1.811,1.841,2221,2431,211,REVERSE_SIGNAL,1.822,0.331,1.657,0.1,1.557,15.57,True,ATOMUSDT,2,FADE,BUY,2220,2026-03-12 05:25:00
1.841,1.849,2432,2718,287,REVERSE_SIGNAL,0.598,2.988,-0.435,0.1,-0.535,-5.35,False,ATOMUSDT,2,FADE,SELL,2431,2026-03-12 23:00:00
1.849,1.881,2719,2772,54,REVERSE_SIGNAL,1.839,0.108,1.731,0.1,1.631,16.31,True,ATOMUSDT,2,FADE,BUY,2718,2026-03-13 22:55:00
1.881,1.855,2773,3027,255,REVERSE_SIGNAL,1.648,0.425,1.382,0.1,1.282,12.82,True,ATOMUSDT,2,FADE,SELL,2772,2026-03-14 03:25:00
1.855,1.869,3028,3155,128,REVERSE_SIGNAL,0.916,0.863,0.755,0.1,0.655,6.55,True,ATOMUSDT,2,FADE,BUY,3027,2026-03-15 00:40:00
1.869,1.9251,3156,3504,349,SL,1.391,3.05,-3.0,0.1,-3.1,-31.0,False,ATOMUSDT,2,FADE,SELL,3155,2026-03-15 11:20:00
1.945,1.961,3644,3854,211,REVERSE_SIGNAL,1.131,0.823,-0.823,0.1,-0.923,-9.23,False,ATOMUSDT,2,TREND,SELL,3643,2026-03-17 04:00:00
1.961,1.9439,3855,4028,174,SL,3.57,0.969,-0.872,0.1,-0.972,-9.72,False,ATOMUSDT,2,TREND,BUY,3854,2026-03-17 21:35:00
1.951,1.832,4029,4529,501,REVERSE_SIGNAL,7.996,0.666,6.099,0.1,5.999,59.99,True,ATOMUSDT,2,TREND,SELL,4028,2026-03-18 12:05:00
1.832,1.799,4530,4620,91,REVERSE_SIGNAL,1.801,0.491,1.801,0.1,1.701,17.01,True,ATOMUSDT,2,FADE,SELL,4529,2026-03-20 05:50:00
1.799,1.821,4621,4729,109,REVERSE_SIGNAL,1.89,0.889,1.223,0.1,1.123,11.23,True,ATOMUSDT,2,FADE,BUY,4620,2026-03-20 13:25:00
1.821,1.831,4730,4979,250,REVERSE_SIGNAL,2.087,0.329,0.549,0.1,0.449,4.49,True,ATOMUSDT,2,TREND,BUY,4729,2026-03-20 22:30:00
1.831,1.798,4980,5227,248,REVERSE_SIGNAL,3.714,0.055,1.802,0.1,1.702,17.02,True,ATOMUSDT,2,TREND,SELL,4979,2026-03-21 19:20:00
1.798,1.769,5228,5288,61,REVERSE_SIGNAL,2.28,0.167,1.613,0.1,1.513,15.13,True,ATOMUSDT,2,FADE,SELL,5227,2026-03-22 16:00:00
1.769,1.816,5289,5457,169,REVERSE_SIGNAL,3.448,1.074,2.657,0.1,2.557,25.57,True,ATOMUSDT,2,FADE,BUY,5288,2026-03-22 21:05:00
1.816,1.768,5458,5522,65,REVERSE_SIGNAL,1.432,2.643,-2.643,0.1,-2.743,-27.43,False,ATOMUSDT,2,TREND,BUY,5457,2026-03-23 11:10:00
1.768,1.789,5523,5904,382,REVERSE_SIGNAL,1.584,1.131,1.188,0.1,1.088,10.88,True,ATOMUSDT,2,FADE,BUY,5522,2026-03-23 16:35:00
1.789,1.781,5905,6072,168,REVERSE_SIGNAL,0.838,0.95,0.447,0.1,0.347,3.47,True,ATOMUSDT,2,FADE,SELL,5904,2026-03-25 00:25:00
1.781,1.71,6073,6498,426,REVERSE_SIGNAL,6.12,0.112,3.987,0.1,3.887,38.87,True,ATOMUSDT,2,TREND,SELL,6072,2026-03-25 14:25:00
1.71,1.693,6499,6596,98,REVERSE_SIGNAL,1.053,1.228,0.994,0.1,0.894,8.94,True,ATOMUSDT,2,FADE,SELL,6498,2026-03-27 01:55:00
1.693,1.685,6597,6856,260,REVERSE_SIGNAL,2.481,0.236,0.473,0.1,0.373,3.73,True,ATOMUSDT,2,TREND,SELL,6596,2026-03-27 10:05:00
1.685,1.6675,6857,6914,58,SL,0.831,1.068,-1.039,0.1,-1.139,-11.39,False,ATOMUSDT,2,TREND,BUY,6856,2026-03-28 07:45:00
1.669,1.688,6918,6988,71,REVERSE_SIGNAL,1.618,0.12,1.138,0.1,1.038,10.38,True,ATOMUSDT,2,FADE,BUY,6917,2026-03-28 12:50:00
1.688,1.669,6989,7045,57,REVERSE_SIGNAL,1.363,0.118,1.126,0.1,1.026,10.26,True,ATOMUSDT,2,FADE,SELL,6988,2026-03-28 18:45:00
1.669,1.6189,7046,7324,279,SL,0.06,3.954,-3.0,0.1,-3.1,-31.0,False,ATOMUSDT,2,FADE,BUY,7045,2026-03-28 23:30:00
1.662,1.665,7369,7564,196,REVERSE_SIGNAL,0.12,2.286,-0.181,0.1,-0.281,-2.81,False,ATOMUSDT,2,FADE,SELL,7368,2026-03-30 02:25:00
1.665,1.6844,7565,7644,80,SL,0.36,1.321,-1.165,0.1,-1.265,-12.65,False,ATOMUSDT,2,TREND,SELL,7564,2026-03-30 18:45:00
1.687,1.675,7647,7764,118,REVERSE_SIGNAL,1.482,1.186,-0.711,0.1,-0.811,-8.11,False,ATOMUSDT,2,TREND,BUY,7646,2026-03-31 01:35:00
1.675,1.701,7765,7856,92,REVERSE_SIGNAL,2.03,0.537,1.552,0.1,1.452,14.52,True,ATOMUSDT,2,FADE,BUY,7764,2026-03-31 11:25:00
1.701,1.693,7857,8051,195,REVERSE_SIGNAL,0.588,2.293,0.47,0.1,0.37,3.7,True,ATOMUSDT,2,FADE,SELL,7856,2026-03-31 19:05:00
1.693,1.6422,8052,8230,179,SL,1.299,3.012,-3.0,0.1,-3.1,-31.0,False,ATOMUSDT,2,FADE,BUY,8051,2026-04-01 11:20:00
1.644,1.6933,8385,8537,153,SL,0.547,3.041,-3.0,0.1,-3.1,-31.0,False,ATOMUSDT,2,FADE,SELL,8384,2026-04-02 15:05:00
1.687,1.7034,8768,8924,157,SL,0.474,1.008,-0.972,0.1,-1.072,-10.72,False,ATOMUSDT,2,TREND,SELL,8767,2026-04-03 23:00:00
1.704,1.698,8925,9147,223,REVERSE_SIGNAL,0.822,1.174,0.352,0.1,0.252,2.52,True,ATOMUSDT,2,FADE,SELL,8924,2026-04-04 12:05:00
1.698,1.694,9148,9350,203,REVERSE_SIGNAL,2.061,0.118,0.236,0.1,0.136,1.36,True,ATOMUSDT,2,TREND,SELL,9147,2026-04-05 06:40:00
1.694,1.716,9351,9554,204,REVERSE_SIGNAL,3.66,0.295,1.299,0.1,1.199,11.99,True,ATOMUSDT,2,TREND,BUY,9350,2026-04-05 23:35:00
1.716,1.714,9555,9837,283,REVERSE_SIGNAL,0.874,2.564,-0.117,0.1,-0.217,-2.17,False,ATOMUSDT,2,FADE,BUY,9554,2026-04-06 16:35:00
1.714,1.766,9838,10079,242,REVERSE_SIGNAL,5.484,0.992,3.034,0.1,2.934,29.34,True,ATOMUSDT,2,TREND,BUY,9837,2026-04-07 16:10:00
1.766,1.7909,10080,10121,42,SL,1.019,1.642,-1.41,0.1,-1.51,-15.1,False,ATOMUSDT,2,TREND,SELL,10079,2026-04-08 12:20:00
1.789,1.8427,10140,10565,426,SL,1.733,3.186,-3.0,0.1,-3.1,-31.0,False,ATOMUSDT,2,FADE,SELL,10139,2026-04-08 17:20:00
1.808,1.746,10772,11300,529,REVERSE_SIGNAL,5.088,0.111,3.429,0.1,3.329,33.29,True,ATOMUSDT,2,TREND,SELL,10771,2026-04-10 22:00:00
1.746,1.7286,11301,11347,47,SL,0.229,1.088,-0.997,0.1,-1.097,-10.97,False,ATOMUSDT,2,TREND,BUY,11300,2026-04-12 18:05:00
1.722,1.74,11365,11532,168,REVERSE_SIGNAL,1.103,0.987,1.045,0.1,0.945,9.45,True,ATOMUSDT,2,FADE,BUY,11364,2026-04-12 23:25:00
1.74,1.748,11533,11881,349,REVERSE_SIGNAL,1.264,2.701,-0.46,0.1,-0.56,-5.6,False,ATOMUSDT,2,FADE,SELL,11532,2026-04-13 13:25:00
1.748,1.764,11882,12107,226,REVERSE_SIGNAL,1.03,1.087,0.915,0.1,0.815,8.15,True,ATOMUSDT,2,FADE,BUY,11881,2026-04-14 18:30:00
1.764,1.8169,12108,12394,287,SL,2.154,3.061,-3.0,0.1,-3.1,-31.0,False,ATOMUSDT,2,FADE,SELL,12107,2026-04-15 13:20:00
1.786,1.817,12451,12471,21,REVERSE_SIGNAL,1.848,0.112,1.736,0.1,1.636,16.36,True,ATOMUSDT,2,FADE,BUY,12450,2026-04-16 17:55:00
1.817,1.785,12472,12588,117,REVERSE_SIGNAL,1.871,0.275,1.761,0.1,1.661,16.61,True,ATOMUSDT,2,FADE,SELL,12471,2026-04-16 19:40:00
1.785,1.816,12589,12664,76,REVERSE_SIGNAL,2.185,0.112,1.737,0.1,1.637,16.37,True,ATOMUSDT,2,FADE,BUY,12588,2026-04-17 05:25:00
1.816,1.812,12665,12920,256,REVERSE_SIGNAL,2.698,0.606,-0.22,0.1,-0.32,-3.2,False,ATOMUSDT,2,TREND,BUY,12664,2026-04-17 11:45:00
1.812,1.7576,12921,13187,267,SL,0.607,3.256,-3.0,0.1,-3.1,-31.0,False,ATOMUSDT,2,FADE,BUY,12920,2026-04-18 09:05:00
1.792,1.756,13260,13374,115,REVERSE_SIGNAL,2.288,0.502,2.009,0.1,1.909,19.09,True,ATOMUSDT,2,FADE,SELL,13259,2026-04-19 13:20:00
1.756,1.783,13375,13477,103,REVERSE_SIGNAL,2.335,0.285,1.538,0.1,1.438,14.38,True,ATOMUSDT,2,FADE,BUY,13374,2026-04-19 22:55:00
1.783,1.784,13478,13748,271,REVERSE_SIGNAL,0.729,1.907,-0.056,0.1,-0.156,-1.56,False,ATOMUSDT,2,FADE,SELL,13477,2026-04-20 07:30:00
1.784,1.812,13749,13806,58,REVERSE_SIGNAL,1.626,0.168,1.57,0.1,1.47,14.7,True,ATOMUSDT,2,FADE,BUY,13748,2026-04-21 06:05:00
1.812,1.8664,13807,13989,183,SL,3.091,3.642,-3.0,0.1,-3.1,-31.0,False,ATOMUSDT,2,FADE,SELL,13806,2026-04-21 10:55:00
1.876,1.874,14137,14403,267,REVERSE_SIGNAL,2.239,1.119,0.107,0.1,0.007,0.07,True,ATOMUSDT,2,TREND,SELL,14136,2026-04-22 14:25:00
1.874,1.9302,14404,14562,159,SL,1.067,3.042,-3.0,0.1,-3.1,-31.0,False,ATOMUSDT,2,FADE,SELL,14403,2026-04-23 12:40:00
2.016,1.9555,15088,15467,380,SL,0.942,3.175,-3.0,0.1,-3.1,-31.0,False,ATOMUSDT,2,FADE,BUY,15087,2026-04-25 21:40:00
1.991,1.963,15553,15808,256,REVERSE_SIGNAL,1.406,0.352,1.406,0.1,1.306,13.06,True,ATOMUSDT,2,FADE,SELL,15552,2026-04-27 12:25:00
1.963,1.964,15809,15987,179,REVERSE_SIGNAL,1.681,0.458,-0.051,0.1,-0.151,-1.51,False,ATOMUSDT,2,TREND,SELL,15808,2026-04-28 09:45:00
1.964,1.958,15988,16088,101,REVERSE_SIGNAL,0.356,1.222,0.305,0.1,0.205,2.05,True,ATOMUSDT,2,FADE,SELL,15987,2026-04-29 00:40:00
1.958,1.892,16089,16708,620,REVERSE_SIGNAL,4.545,0.715,3.371,0.1,3.271,32.71,True,ATOMUSDT,2,TREND,SELL,16088,2026-04-29 09:05:00
1.892,1.888,16709,16837,129,REVERSE_SIGNAL,0.264,1.268,0.211,0.1,0.111,1.11,True,ATOMUSDT,2,FADE,SELL,16708,2026-05-01 12:45:00
1.888,1.887,16838,17084,247,REVERSE_SIGNAL,0.953,1.43,-0.053,0.1,-0.153,-1.53,False,ATOMUSDT,2,FADE,BUY,16837,2026-05-01 23:30:00
1.887,1.865,17085,17141,57,REVERSE_SIGNAL,1.378,0.689,1.166,0.1,1.066,10.66,True,ATOMUSDT,2,FADE,SELL,17084,2026-05-02 20:05:00
1.865,1.883,17142,17201,60,REVERSE_SIGNAL,1.072,0.697,0.965,0.1,0.865,8.65,True,ATOMUSDT,2,FADE,BUY,17141,2026-05-03 00:50:00
1.883,1.873,17202,17418,217,REVERSE_SIGNAL,0.743,0.637,0.531,0.1,0.431,4.31,True,ATOMUSDT,2,FADE,SELL,17201,2026-05-03 05:50:00
1.873,1.911,17419,17442,24,REVERSE_SIGNAL,2.136,0.16,2.029,0.1,1.929,19.29,True,ATOMUSDT,2,FADE,BUY,17418,2026-05-03 23:55:00
1.911,1.895,17443,17533,91,REVERSE_SIGNAL,1.099,0.628,0.837,0.1,0.737,7.37,True,ATOMUSDT,2,FADE,SELL,17442,2026-05-04 01:55:00
1.895,1.906,17534,17721,188,REVERSE_SIGNAL,0.686,1.9,0.58,0.1,0.48,4.8,True,ATOMUSDT,2,FADE,BUY,17533,2026-05-04 09:30:00
1.906,1.891,17722,17884,163,REVERSE_SIGNAL,1.049,0.839,0.787,0.1,0.687,6.87,True,ATOMUSDT,2,FADE,SELL,17721,2026-05-05 01:10:00
1.891,1.883,17885,17962,78,REVERSE_SIGNAL,2.856,0.264,0.423,0.1,0.323,3.23,True,ATOMUSDT,2,TREND,SELL,17884,2026-05-05 14:45:00
1.883,1.907,17963,18190,228,REVERSE_SIGNAL,4.78,0.637,1.275,0.1,1.175,11.75,True,ATOMUSDT,2,TREND,BUY,17962,2026-05-05 21:15:00
1.907,1.926,18191,18365,175,REVERSE_SIGNAL,1.049,1.94,0.996,0.1,0.896,8.96,True,ATOMUSDT,2,FADE,BUY,18190,2026-05-06 16:15:00
1.926,1.89,18366,18458,93,SL,1.09,1.921,-1.869,0.1,-1.969,-19.69,False,ATOMUSDT,2,TREND,BUY,18365,2026-05-07 06:50:00
1.876,1.891,18469,18759,291,REVERSE_SIGNAL,1.013,1.333,0.8,0.1,0.7,7.0,True,ATOMUSDT,2,FADE,BUY,18468,2026-05-07 15:25:00
1.891,1.95,18760,19023,264,REVERSE_SIGNAL,5.341,0.053,3.12,0.1,3.02,30.2,True,ATOMUSDT,2,TREND,BUY,18759,2026-05-08 15:40:00
1.95,1.931,19024,19249,226,REVERSE_SIGNAL,0.154,2.923,-0.974,0.1,-1.074,-10.74,False,ATOMUSDT,2,FADE,BUY,19023,2026-05-09 13:40:00
1.931,1.9889,19250,19330,81,SL,0.207,4.039,-3.0,0.1,-3.1,-31.0,False,ATOMUSDT,2,FADE,SELL,19249,2026-05-10 08:30:00
1.99,2.045,19616,19719,104,REVERSE_SIGNAL,3.065,0.201,2.764,0.1,2.664,26.64,True,ATOMUSDT,2,FADE,BUY,19615,2026-05-11 15:00:00
2.045,2.0109,19720,19743,24,SL,0.0,1.907,-1.667,0.1,-1.767,-17.67,False,ATOMUSDT,2,TREND,BUY,19719,2026-05-11 23:40:00
1.998,2.073,19891,19938,48,REVERSE_SIGNAL,3.954,1.051,3.754,0.1,3.654,36.54,True,ATOMUSDT,2,FADE,BUY,19890,2026-05-12 13:55:00
2.073,2.107,19939,20153,215,REVERSE_SIGNAL,7.718,0.145,1.64,0.1,1.54,15.4,True,ATOMUSDT,2,TREND,BUY,19938,2026-05-12 17:55:00
2.107,2.044,20154,20481,328,REVERSE_SIGNAL,5.363,0.475,2.99,0.1,2.89,28.9,True,ATOMUSDT,2,TREND,SELL,20153,2026-05-13 11:50:00
2.044,2.023,20482,20624,143,REVERSE_SIGNAL,1.37,1.614,-1.027,0.1,-1.127,-11.27,False,ATOMUSDT,2,TREND,BUY,20481,2026-05-14 15:10:00
2.023,1.969,20625,21016,392,REVERSE_SIGNAL,5.734,0.247,2.669,0.1,2.569,25.69,True,ATOMUSDT,2,TREND,SELL,20624,2026-05-15 03:05:00
1.969,2.047,21017,21387,371,REVERSE_SIGNAL,8.583,0.508,3.961,0.1,3.861,38.61,True,ATOMUSDT,2,TREND,BUY,21016,2026-05-16 11:45:00
2.047,2.0741,21388,21510,123,SL,2.98,1.466,-1.324,0.1,-1.424,-14.24,False,ATOMUSDT,2,TREND,SELL,21387,2026-05-17 18:40:00
2.053,2.043,21727,21899,173,REVERSE_SIGNAL,1.023,1.851,0.487,0.1,0.387,3.87,True,ATOMUSDT,2,FADE,SELL,21726,2026-05-18 22:55:00
2.043,2.0625,21900,21939,40,SL,1.419,1.028,-0.954,0.1,-1.054,-10.54,False,ATOMUSDT,2,TREND,SELL,21899,2026-05-19 13:20:00
2.082,2.013,21948,22029,82,REVERSE_SIGNAL,3.362,0.096,3.314,0.1,3.214,32.14,True,ATOMUSDT,2,FADE,SELL,21947,2026-05-19 17:20:00
2.013,2.018,22030,22329,300,REVERSE_SIGNAL,0.845,1.788,0.248,0.1,0.148,1.48,True,ATOMUSDT,2,FADE,BUY,22029,2026-05-20 00:10:00
2.018,2.021,22330,22450,121,REVERSE_SIGNAL,3.171,0.099,0.149,0.1,0.049,0.49,True,ATOMUSDT,2,TREND,BUY,22329,2026-05-21 01:10:00
2.021,2.052,22451,22556,106,REVERSE_SIGNAL,1.435,1.633,-1.534,0.1,-1.634,-16.34,False,ATOMUSDT,2,TREND,SELL,22450,2026-05-21 11:15:00
2.052,2.094,22557,22830,274,REVERSE_SIGNAL,6.676,0.731,2.047,0.1,1.947,19.47,True,ATOMUSDT,2,TREND,BUY,22556,2026-05-21 20:05:00
2.094,2.128,22831,22930,100,REVERSE_SIGNAL,1.862,1.91,-1.624,0.1,-1.724,-17.24,False,ATOMUSDT,2,TREND,SELL,22830,2026-05-22 18:55:00
2.128,2.076,22931,22965,35,REVERSE_SIGNAL,2.773,0.376,2.444,0.1,2.344,23.44,True,ATOMUSDT,2,FADE,SELL,22930,2026-05-23 03:15:00
2.076,2.069,22966,23080,115,REVERSE_SIGNAL,3.372,0.337,0.337,0.1,0.237,2.37,True,ATOMUSDT,2,TREND,SELL,22965,2026-05-23 06:10:00
2.069,2.074,23081,23244,164,REVERSE_SIGNAL,3.915,0.532,0.242,0.1,0.142,1.42,True,ATOMUSDT,2,TREND,BUY,23080,2026-05-23 15:45:00
2.074,2.1037,23245,23259,15,SL,0.145,1.446,-1.432,0.1,-1.532,-15.32,False,ATOMUSDT,2,TREND,SELL,23244,2026-05-24 05:25:00
2.115,2.0881,23290,23326,37,SL,0.804,1.513,-1.272,0.1,-1.372,-13.72,False,ATOMUSDT,2,TREND,BUY,23289,2026-05-24 09:10:00
2.072,2.069,23347,23514,168,REVERSE_SIGNAL,3.668,0.145,0.145,0.1,0.045,0.45,True,ATOMUSDT,2,TREND,SELL,23346,2026-05-24 13:55:00
2.069,2.191,23515,23988,474,REVERSE_SIGNAL,11.02,0.193,5.897,0.1,5.797,57.97,True,ATOMUSDT,2,TREND,BUY,23514,2026-05-25 03:55:00
2.191,2.241,23989,24059,71,REVERSE_SIGNAL,3.241,0.73,2.282,0.1,2.182,21.82,True,ATOMUSDT,2,FADE,BUY,23988,2026-05-26 19:25:00
2.241,2.189,24060,24210,151,REVERSE_SIGNAL,3.213,0.892,2.32,0.1,2.22,22.2,True,ATOMUSDT,2,FADE,SELL,24059,2026-05-27 01:20:00
2.189,2.1233,24211,24303,93,SL,0.822,3.563,-3.0,0.1,-3.1,-31.0,False,ATOMUSDT,2,FADE,BUY,24210,2026-05-27 13:55:00
2.064,2.0322,24595,24711,117,SL,2.18,1.55,-1.541,0.1,-1.641,-16.41,False,ATOMUSDT,2,TREND,BUY,24594,2026-05-28 21:55:00
2.026,2.05,24722,24856,135,REVERSE_SIGNAL,2.813,1.234,-1.185,0.1,-1.285,-12.85,False,ATOMUSDT,2,TREND,SELL,24721,2026-05-29 08:30:00
2.05,2.017,24857,25174,318,REVERSE_SIGNAL,2.293,0.927,1.61,0.1,1.51,15.1,True,ATOMUSDT,2,FADE,SELL,24856,2026-05-29 19:45:00
2.017,1.9565,25175,25374,200,SL,0.248,3.123,-3.0,0.1,-3.1,-31.0,False,ATOMUSDT,2,FADE,BUY,25174,2026-05-30 22:15:00
1.967,1.94,25491,25507,17,SL,0.407,1.525,-1.373,0.1,-1.473,-14.73,False,ATOMUSDT,2,TREND,BUY,25490,2026-06-01 00:35:00
1.931,1.893,25610,25932,323,REVERSE_SIGNAL,3.884,0.57,1.968,0.1,1.868,18.68,True,ATOMUSDT,2,TREND,SELL,25609,2026-06-01 10:30:00
1.893,1.844,25933,25946,14,REVERSE_SIGNAL,4.015,0.0,2.588,0.1,2.488,24.88,True,ATOMUSDT,2,FADE,SELL,25932,2026-06-02 13:25:00
1.844,1.863,25947,26121,175,REVERSE_SIGNAL,3.308,1.193,-1.03,0.1,-1.13,-11.3,False,ATOMUSDT,2,TREND,SELL,25946,2026-06-02 14:35:00
1.863,1.862,26122,26261,140,REVERSE_SIGNAL,3.06,0.751,-0.054,0.1,-0.154,-1.54,False,ATOMUSDT,2,TREND,BUY,26121,2026-06-03 05:10:00
1.862,1.821,26262,26530,269,REVERSE_SIGNAL,7.089,1.557,2.202,0.1,2.102,21.02,True,ATOMUSDT,2,TREND,SELL,26261,2026-06-03 16:50:00
1.821,1.7722,26531,26649,119,SL,1.812,2.691,-2.68,0.1,-2.78,-27.8,False,ATOMUSDT,2,TREND,BUY,26530,2026-06-04 15:15:00
1.788,1.65,26652,27094,443,REVERSE_SIGNAL,13.031,1.51,7.718,0.1,7.618,76.18,True,ATOMUSDT,2,TREND,SELL,26651,2026-06-05 01:20:00
1.65,1.6119,27095,27106,12,SL,0.121,2.545,-2.309,0.1,-2.409,-24.09,False,ATOMUSDT,2,TREND,BUY,27094,2026-06-06 14:15:00
1.668,1.72,27371,27483,113,REVERSE_SIGNAL,4.436,1.199,3.118,0.1,3.018,30.18,True,ATOMUSDT,2,FADE,BUY,27370,2026-06-07 13:15:00
1.72,1.7716,27484,27680,197,SL,1.453,3.14,-3.0,0.1,-3.1,-31.0,False,ATOMUSDT,2,FADE,SELL,27483,2026-06-07 22:40:00
1.745,1.781,27793,27973,181,REVERSE_SIGNAL,2.235,1.318,2.063,0.1,1.963,19.63,True,ATOMUSDT,2,FADE,BUY,27792,2026-06-09 00:25:00
1.781,1.7304,27974,27986,13,SL,1.067,3.874,-2.841,0.1,-2.941,-29.41,False,ATOMUSDT,2,TREND,BUY,27973,2026-06-09 15:30:00
1.746,1.802,28326,28376,51,REVERSE_SIGNAL,0.63,3.207,-3.207,0.1,-3.307,-33.07,False,ATOMUSDT,2,TREND,SELL,28325,2026-06-10 20:50:00
1.802,1.945,28377,28798,422,REVERSE_SIGNAL,13.041,0.999,7.936,0.1,7.836,78.36,True,ATOMUSDT,2,TREND,BUY,28376,2026-06-11 01:05:00
1.945,1.993,28799,28948,150,REVERSE_SIGNAL,2.519,0.823,2.468,0.1,2.368,23.68,True,ATOMUSDT,2,FADE,BUY,28798,2026-06-12 12:15:00
1.993,1.974,28949,29129,181,REVERSE_SIGNAL,1.505,1.305,-0.953,0.1,-1.053,-10.53,False,ATOMUSDT,2,TREND,BUY,28948,2026-06-13 00:45:00
1.974,1.961,29130,29412,283,REVERSE_SIGNAL,0.608,2.736,-0.659,0.1,-0.759,-7.59,False,ATOMUSDT,2,FADE,BUY,29129,2026-06-13 15:50:00
1.961,1.961,29413,29610,198,REVERSE_SIGNAL,2.652,0.306,0.0,0.1,-0.1,-1.0,False,ATOMUSDT,2,TREND,BUY,29412,2026-06-14 15:25:00
1.961,1.998,29611,29654,44,REVERSE_SIGNAL,2.04,0.357,1.887,0.1,1.787,17.87,True,ATOMUSDT,2,FADE,BUY,29610,2026-06-15 07:55:00
1.998,1.974,29655,29723,69,REVERSE_SIGNAL,1.502,1.251,1.201,0.1,1.101,11.01,True,ATOMUSDT,2,FADE,SELL,29654,2026-06-15 11:35:00
1.974,1.996,29724,29892,169,REVERSE_SIGNAL,1.925,1.165,-1.114,0.1,-1.214,-12.14,False,ATOMUSDT,2,TREND,SELL,29723,2026-06-15 17:20:00
1.996,1.965,29893,30194,302,REVERSE_SIGNAL,2.305,1.303,1.553,0.1,1.453,14.53,True,ATOMUSDT,2,FADE,SELL,29892,2026-06-16 07:25:00
1.965,2.0027,30195,30262,68,SL,0.458,1.985,-1.919,0.1,-2.019,-20.19,False,ATOMUSDT,2,TREND,SELL,30194,2026-06-17 08:35:00
1.999,1.977,30290,30301,12,SL,0.15,1.251,-1.101,0.1,-1.201,-12.01,False,ATOMUSDT,2,TREND,BUY,30289,2026-06-17 16:30:00
1.95,1.813,30312,30698,387,REVERSE_SIGNAL,8.923,1.231,7.026,0.1,6.926,69.26,True,ATOMUSDT,2,TREND,SELL,30311,2026-06-17 18:20:00
1.813,1.803,30699,30908,210,REVERSE_SIGNAL,1.158,2.151,0.552,0.1,0.452,4.52,True,ATOMUSDT,2,FADE,SELL,30698,2026-06-19 02:35:00
1.803,1.802,30909,31194,286,REVERSE_SIGNAL,0.721,2.496,-0.055,0.1,-0.155,-1.55,False,ATOMUSDT,2,FADE,BUY,30908,2026-06-19 20:05:00
1.802,1.781,31195,31301,107,REVERSE_SIGNAL,1.332,0.388,1.165,0.1,1.065,10.65,True,ATOMUSDT,2,FADE,SELL,31194,2026-06-20 19:55:00
1.781,1.784,31302,31571,270,REVERSE_SIGNAL,0.618,1.965,0.168,0.1,0.068,0.68,True,ATOMUSDT,2,FADE,BUY,31301,2026-06-21 04:50:00
1.784,1.803,31572,31729,158,REVERSE_SIGNAL,2.859,0.617,1.065,0.1,0.965,9.65,True,ATOMUSDT,2,TREND,BUY,31571,2026-06-22 03:20:00
1.803,1.7489,31730,31895,166,SL,0.499,3.439,-3.0,0.1,-3.1,-31.0,False,ATOMUSDT,2,FADE,BUY,31729,2026-06-22 16:30:00
1.65,1.6369,32384,32406,23,SL,0.242,0.848,-0.794,0.1,-0.894,-8.94,False,ATOMUSDT,2,TREND,BUY,32383,2026-06-24 23:00:00
1.633,1.631,32524,32726,203,REVERSE_SIGNAL,5.328,0.429,0.122,0.1,0.022,0.22,True,ATOMUSDT,2,TREND,SELL,32523,2026-06-25 10:40:00
1.631,1.598,32727,32813,87,REVERSE_SIGNAL,0.92,2.207,-2.023,0.1,-2.123,-21.23,False,ATOMUSDT,2,TREND,BUY,32726,2026-06-26 03:35:00
1.598,1.61,32814,33116,303,REVERSE_SIGNAL,1.439,1.502,0.751,0.1,0.651,6.51,True,ATOMUSDT,2,FADE,BUY,32813,2026-06-26 10:50:00
1.61,1.58,33117,33196,80,REVERSE_SIGNAL,2.05,0.311,1.863,0.1,1.763,17.63,True,ATOMUSDT,2,FADE,SELL,33116,2026-06-27 12:05:00
1.58,1.59,33197,33587,391,REVERSE_SIGNAL,0.696,1.772,0.633,0.1,0.533,5.33,True,ATOMUSDT,2,FADE,BUY,33196,2026-06-27 18:45:00
1.59,1.56,33588,33682,95,REVERSE_SIGNAL,1.95,0.189,1.887,0.1,1.787,17.87,True,ATOMUSDT,2,FADE,SELL,33587,2026-06-29 03:20:00
1.56,1.527,33683,34166,484,REVERSE_SIGNAL,5.256,0.962,2.115,0.1,2.015,20.15,True,ATOMUSDT,2,TREND,SELL,33682,2026-06-29 11:15:00
1.527,1.5071,34167,34199,33,SL,0.393,1.375,-1.303,0.1,-1.403,-14.03,False,ATOMUSDT,2,TREND,BUY,34166,2026-07-01 03:35:00
1.503,1.542,34250,34298,49,REVERSE_SIGNAL,2.595,0.599,2.595,0.1,2.495,24.95,True,ATOMUSDT,2,FADE,BUY,34249,2026-07-01 10:30:00
1.542,1.538,34299,34496,198,REVERSE_SIGNAL,2.464,0.843,-0.259,0.1,-0.359,-3.59,False,ATOMUSDT,2,TREND,BUY,34298,2026-07-01 14:35:00
1.538,1.5539,34497,34526,30,SL,0.065,1.04,-1.034,0.1,-1.134,-11.34,False,ATOMUSDT,2,TREND,SELL,34496,2026-07-02 07:05:00
1.558,1.6047,34567,34892,326,SL,1.22,3.081,-3.0,0.1,-3.1,-31.0,False,ATOMUSDT,2,FADE,SELL,34566,2026-07-02 12:55:00
1.58,1.605,35080,35202,123,REVERSE_SIGNAL,1.646,0.19,1.582,0.1,1.482,14.82,True,ATOMUSDT,2,FADE,BUY,35079,2026-07-04 07:40:00
1.605,1.581,35203,35286,84,REVERSE_SIGNAL,1.745,0.249,1.495,0.1,1.395,13.95,True,ATOMUSDT,2,FADE,SELL,35202,2026-07-04 17:55:00
1.581,1.573,35287,35505,219,REVERSE_SIGNAL,2.593,0.127,0.506,0.1,0.406,4.06,True,ATOMUSDT,2,TREND,SELL,35286,2026-07-05 00:55:00
1.573,1.569,35506,35635,130,REVERSE_SIGNAL,1.653,0.699,-0.254,0.1,-0.354,-3.54,False,ATOMUSDT,2,TREND,BUY,35505,2026-07-05 19:10:00
1.569,1.5842,35636,35655,20,SL,0.127,2.486,-0.969,0.1,-1.069,-10.69,False,ATOMUSDT,2,TREND,SELL,35635,2026-07-06 06:00:00
1.592,1.5729,35663,35706,44,SL,0.126,1.445,-1.2,0.1,-1.3,-13.0,False,ATOMUSDT,2,TREND,BUY,35662,2026-07-06 08:15:00
1.558,1.5898,35712,35756,45,SL,0.449,2.054,-2.041,0.1,-2.141,-21.41,False,ATOMUSDT,2,TREND,SELL,35711,2026-07-06 12:20:00
1.594,1.578,35774,35913,140,REVERSE_SIGNAL,2.196,1.004,-1.004,0.1,-1.104,-11.04,False,ATOMUSDT,2,TREND,BUY,35773,2026-07-06 17:30:00
1.578,1.6067,35914,36053,140,SL,0.253,1.901,-1.819,0.1,-1.919,-19.19,False,ATOMUSDT,2,TREND,SELL,35913,2026-07-07 05:10:00
1.565,1.55,36350,36607,258,REVERSE_SIGNAL,1.214,1.022,0.958,0.1,0.858,8.58,True,ATOMUSDT,2,FADE,SELL,36349,2026-07-08 17:30:00
1.55,1.568,36608,36740,133,REVERSE_SIGNAL,1.548,0.581,1.161,0.1,1.061,10.61,True,ATOMUSDT,2,FADE,BUY,36607,2026-07-09 15:00:00
1.568,1.582,36741,37283,543,REVERSE_SIGNAL,0.829,2.806,-0.893,0.1,-0.993,-9.93,False,ATOMUSDT,2,FADE,SELL,36740,2026-07-10 02:05:00
1.582,1.587,37284,37476,193,REVERSE_SIGNAL,0.442,1.77,0.316,0.1,0.216,2.16,True,ATOMUSDT,2,FADE,BUY,37283,2026-07-11 23:20:00
1.587,1.564,37477,37562,86,REVERSE_SIGNAL,1.575,0.189,1.449,0.1,1.349,13.49,True,ATOMUSDT,2,FADE,SELL,37476,2026-07-12 15:25:00
1.564,1.5171,37563,37907,345,SL,1.215,3.005,-3.0,0.1,-3.1,-31.0,False,ATOMUSDT,2,FADE,BUY,37562,2026-07-12 22:35:00
1.545,1.5914,38023,38311,289,SL,0.194,3.107,-3.0,0.1,-3.1,-31.0,False,ATOMUSDT,2,FADE,SELL,38022,2026-07-14 12:55:00
1.557,1.5103,38389,38650,262,SL,0.642,3.083,-3.0,0.1,-3.1,-31.0,False,ATOMUSDT,2,FADE,BUY,38388,2026-07-15 19:25:00
1.522,1.506,38932,39047,116,REVERSE_SIGNAL,1.314,0.46,1.051,0.1,0.951,9.51,True,ATOMUSDT,2,FADE,SELL,38931,2026-07-17 16:40:00
1.506,1.499,39048,39330,283,REVERSE_SIGNAL,0.133,1.594,-0.465,0.1,-0.565,-5.65,False,ATOMUSDT,2,FADE,BUY,39047,2026-07-18 02:20:00
1.499,1.485,39331,39427,97,REVERSE_SIGNAL,1.001,0.4,0.934,0.1,0.834,8.34,True,ATOMUSDT,2,FADE,SELL,39330,2026-07-19 01:55:00
1.485,1.481,39428,39734,307,REVERSE_SIGNAL,0.539,2.828,-0.269,0.1,-0.369,-3.69,False,ATOMUSDT,2,FADE,BUY,39427,2026-07-19 10:00:00
1.481,1.491,39735,40099,365,REVERSE_SIGNAL,1.08,1.958,-0.675,0.1,-0.775,-7.75,False,ATOMUSDT,2,FADE,SELL,39734,2026-07-20 11:35:00
1.491,1.476,40100,40560,461,REVERSE_SIGNAL,2.951,0.201,1.006,0.1,0.906,9.06,True,ATOMUSDT,2,TREND,SELL,40099,2026-07-21 18:00:00
1.476,1.4564,40561,40600,40,SL,0.0,1.491,-1.328,0.1,-1.428,-14.28,False,ATOMUSDT,2,TREND,BUY,40560,2026-07-23 08:25:00
1.45,1.39,40611,41254,644,REVERSE_SIGNAL,5.655,0.345,4.138,0.1,4.038,40.38,True,ATOMUSDT,2,TREND,SELL,40610,2026-07-23 12:35:00
1.39,1.389,41255,41704,450,REVERSE_SIGNAL,0.791,1.079,0.072,0.1,-0.028,-0.28,False,ATOMUSDT,2,FADE,SELL,41254,2026-07-25 18:15:00
1.389,1.3473,41705,41787,83,SL,0.072,3.024,-3.0,0.1,-3.1,-31.0,False,ATOMUSDT,2,FADE,BUY,41704,2026-07-27 07:45:00
1.308,1.287,42145,42209,65,REVERSE_SIGNAL,1.606,0.535,1.606,0.1,1.506,15.06,True,ATOMUSDT,2,FADE,SELL,42144,2026-07-28 20:25:00
1.287,1.286,42210,42584,375,REVERSE_SIGNAL,2.02,0.855,0.078,0.1,-0.022,-0.22,False,ATOMUSDT,2,TREND,SELL,42209,2026-07-29 01:50:00
1.286,1.282,42585,42755,171,REVERSE_SIGNAL,0.389,1.555,0.311,0.1,0.211,2.11,True,ATOMUSDT,2,FADE,SELL,42584,2026-07-30 09:05:00
1.282,1.236,42756,43228,473,REVERSE_SIGNAL,5.07,0.624,3.588,0.1,3.488,34.88,True,ATOMUSDT,2,TREND,SELL,42755,2026-07-30 23:20:00
1.236,1.22,43229,43273,45,REVERSE_SIGNAL,2.184,0.324,1.294,0.1,1.194,11.94,True,ATOMUSDT,2,FADE,SELL,43228,2026-08-01 14:45:00
1.22,1.2369,43274,43364,91,SL,0.656,1.557,-1.385,0.1,-1.485,-14.85,False,ATOMUSDT,2,TREND,SELL,43273,2026-08-01 18:30:00
1.239,1.363,43368,44149,782,REVERSE_SIGNAL,12.429,0.404,10.008,0.1,9.908,99.08,True,ATOMUSDT,2,TREND,BUY,43367,2026-08-02 02:20:00
1.363,1.376,44150,44191,42,REVERSE_SIGNAL,1.027,0.22,0.954,0.1,0.854,8.54,True,ATOMUSDT,2,FADE,BUY,44149,2026-08-04 19:30:00
1.376,1.36,44192,44249,58,REVERSE_SIGNAL,1.599,0.436,1.163,0.1,1.063,10.63,True,ATOMUSDT,2,FADE,SELL,44191,2026-08-04 23:00:00
1.36,1.357,44250,44503,254,REVERSE_SIGNAL,0.294,1.838,-0.221,0.1,-0.321,-3.21,False,ATOMUSDT,2,FADE,BUY,44249,2026-08-05 03:50:00
1.357,1.337,44504,44526,23,REVERSE_SIGNAL,2.063,0.516,1.474,0.1,1.374,13.74,True,ATOMUSDT,2,FADE,SELL,44503,2026-08-06 01:00:00
1.337,1.35,44527,44674,148,REVERSE_SIGNAL,1.272,0.898,0.972,0.1,0.872,8.72,True,ATOMUSDT,2,FADE,BUY,44526,2026-08-06 02:55:00
1.35,1.351,44675,44772,98,REVERSE_SIGNAL,3.407,0.222,0.074,0.1,-0.026,-0.26,False,ATOMUSDT,2,TREND,BUY,44674,2026-08-06 15:15:00
1.351,1.36,44773,44975,203,REVERSE_SIGNAL,1.184,1.258,0.666,0.1,0.566,5.66,True,ATOMUSDT,2,FADE,BUY,44772,2026-08-06 23:25:00
1.36,1.4008,44976,45230,255,SL,1.176,3.088,-3.0,0.1,-3.1,-31.0,False,ATOMUSDT,2,FADE,SELL,44975,2026-08-07 16:20:00
1.378,1.386,45386,45537,152,REVERSE_SIGNAL,0.871,0.581,0.581,0.1,0.481,4.81,True,ATOMUSDT,2,FADE,BUY,45385,2026-08-09 02:30:00
1.386,1.37,45538,45640,103,REVERSE_SIGNAL,1.371,0.722,1.154,0.1,1.054,10.54,True,ATOMUSDT,2,FADE,SELL,45537,2026-08-09 15:10:00
1.37,1.3881,45641,45817,177,SL,0.219,1.46,-1.321,0.1,-1.421,-14.21,False,ATOMUSDT,2,TREND,SELL,45640,2026-08-09 23:45:00
1.394,1.394,45830,45979,150,REVERSE_SIGNAL,2.582,0.215,0.0,0.1,-0.1,-1.0,False,ATOMUSDT,2,TREND,BUY,45829,2026-08-10 15:30:00
1.394,1.407,45980,46046,67,REVERSE_SIGNAL,1.076,0.502,0.933,0.1,0.833,8.33,True,ATOMUSDT,2,FADE,BUY,45979,2026-08-11 04:00:00
1.407,1.422,46047,46303,257,REVERSE_SIGNAL,2.772,0.0,1.066,0.1,0.966,9.66,True,ATOMUSDT,2,TREND,BUY,46046,2026-08-11 09:35:00
1.422,1.408,46304,46601,298,REVERSE_SIGNAL,0.422,2.18,-0.985,0.1,-1.085,-10.85,False,ATOMUSDT,2,FADE,BUY,46303,2026-08-12 07:00:00
1.408,1.528,46602,46960,359,REVERSE_SIGNAL,11.648,0.142,8.523,0.1,8.423,84.23,True,ATOMUSDT,2,TREND,BUY,46601,2026-08-13 07:50:00
1.528,1.484,46961,47384,424,REVERSE_SIGNAL,4.319,0.393,2.88,0.1,2.78,27.8,True,ATOMUSDT,2,TREND,SELL,46960,2026-08-14 13:45:00
1.484,1.478,47385,47539,155,REVERSE_SIGNAL,0.809,1.348,0.404,0.1,0.304,3.04,True,ATOMUSDT,2,FADE,SELL,47384,2026-08-16 01:05:00
1.478,1.411,47540,48134,595,REVERSE_SIGNAL,6.834,0.541,4.533,0.1,4.433,44.33,True,ATOMUSDT,2,TREND,SELL,47539,2026-08-16 14:00:00
1.411,1.405,48135,48340,206,REVERSE_SIGNAL,3.189,0.567,-0.425,0.1,-0.525,-5.25,False,ATOMUSDT,2,TREND,BUY,48134,2026-08-18 15:35:00
1.405,1.434,48341,48423,83,REVERSE_SIGNAL,2.633,0.854,2.064,0.1,1.964,19.64,True,ATOMUSDT,2,FADE,BUY,48340,2026-08-19 08:45:00
1.434,1.464,48424,48564,141,REVERSE_SIGNAL,5.509,0.837,2.092,0.1,1.992,19.92,True,ATOMUSDT,2,TREND,BUY,48423,2026-08-19 15:40:00
1.464,1.4832,48565,48620,56,SL,0.137,1.639,-1.311,0.1,-1.411,-14.11,False,ATOMUSDT,2,TREND,SELL,48564,2026-08-20 03:25:00
1.497,1.479,48626,48759,134,REVERSE_SIGNAL,1.87,1.67,1.202,0.1,1.102,11.02,True,ATOMUSDT,2,FADE,SELL,48625,2026-08-20 08:30:00
1.479,1.4989,48760,48777,18,SL,0.406,1.42,-1.346,0.1,-1.446,-14.46,False,ATOMUSDT,2,TREND,SELL,48759,2026-08-20 19:40:00
1.511,1.4871,48811,49161,351,SL,13.898,4.831,-1.582,0.1,-1.682,-16.82,False,ATOMUSDT,2,TREND,BUY,48810,2026-08-20 23:55:00
1.597,1.57,49197,49515,319,REVERSE_SIGNAL,5.197,0.564,1.691,0.1,1.591,15.91,True,ATOMUSDT,2,TREND,SELL,49196,2026-08-22 08:05:00
1.57,1.578,49516,49688,173,REVERSE_SIGNAL,3.312,0.701,0.51,0.1,0.41,4.1,True,ATOMUSDT,2,TREND,BUY,49515,2026-08-23 10:40:00
1.578,1.541,49689,49999,311,REVERSE_SIGNAL,4.626,0.507,2.345,0.1,2.245,22.45,True,ATOMUSDT,2,TREND,SELL,49688,2026-08-24 01:05:00
9.461,9.5475,180,266,87,SL,1.3,1.194,-0.914,0.1,-1.014,-10.14,False,AVAXUSDT,2,TREND,SELL,179,2026-03-05 03:15:00
8.936,8.845,1122,1198,77,REVERSE_SIGNAL,1.085,0.94,1.018,0.1,0.918,9.18,True,AVAXUSDT,2,FADE,SELL,1121,2026-03-08 09:45:00
8.845,8.95,1199,1242,44,REVERSE_SIGNAL,1.492,0.441,1.187,0.1,1.087,10.87,True,AVAXUSDT,2,FADE,BUY,1198,2026-03-08 16:10:00
8.95,8.776,1243,1273,31,REVERSE_SIGNAL,3.095,0.436,1.944,0.1,1.844,18.44,True,AVAXUSDT,2,FADE,SELL,1242,2026-03-08 19:50:00
8.776,9.036,1274,1349,76,REVERSE_SIGNAL,3.589,0.387,2.963,0.1,2.863,28.63,True,AVAXUSDT,2,FADE,BUY,1273,2026-03-08 22:25:00
9.036,9.324,1350,1750,401,REVERSE_SIGNAL,6.22,0.631,3.187,0.1,3.087,30.87,True,AVAXUSDT,2,TREND,BUY,1349,2026-03-09 04:45:00
9.324,9.681,1751,1764,14,REVERSE_SIGNAL,5.202,0.193,3.829,0.1,3.729,37.29,True,AVAXUSDT,2,FADE,BUY,1750,2026-03-10 14:10:00
9.681,9.539,1765,1843,79,REVERSE_SIGNAL,2.83,1.839,-1.467,0.1,-1.567,-15.67,False,AVAXUSDT,2,TREND,BUY,1764,2026-03-10 15:20:00
9.539,9.6722,1844,1926,83,SL,0.765,1.583,-1.396,0.1,-1.496,-14.96,False,AVAXUSDT,2,TREND,SELL,1843,2026-03-10 21:55:00
9.65,9.5489,1930,1936,7,SL,0.135,1.596,-1.048,0.1,-1.148,-11.48,False,AVAXUSDT,2,TREND,BUY,1929,2026-03-11 05:05:00
9.494,9.704,1969,2029,61,REVERSE_SIGNAL,2.359,0.021,2.212,0.1,2.112,21.12,True,AVAXUSDT,2,FADE,BUY,1968,2026-03-11 08:20:00
9.704,9.5293,2030,2054,25,SL,1.587,2.113,-1.8,0.1,-1.9,-19.0,False,AVAXUSDT,2,TREND,BUY,2029,2026-03-11 13:25:00
9.547,9.611,2158,2256,99,REVERSE_SIGNAL,1.246,0.964,-0.67,0.1,-0.77,-7.7,False,AVAXUSDT,2,TREND,SELL,2157,2026-03-12 00:05:00
9.611,9.4974,2257,2330,74,SL,0.375,1.249,-1.182,0.1,-1.282,-12.82,False,AVAXUSDT,2,TREND,BUY,2256,2026-03-12 08:20:00
9.908,9.62,2645,3006,362,REVERSE_SIGNAL,3.987,0.192,2.907,0.1,2.807,28.07,True,AVAXUSDT,2,TREND,SELL,2644,2026-03-13 16:40:00
9.62,9.73,3007,3214,208,REVERSE_SIGNAL,2.682,0.052,1.143,0.1,1.043,10.43,True,AVAXUSDT,2,TREND,BUY,3006,2026-03-14 22:50:00
9.73,9.931,3215,3292,78,REVERSE_SIGNAL,2.354,0.647,2.066,0.1,1.966,19.66,True,AVAXUSDT,2,FADE,BUY,3214,2026-03-15 16:10:00
9.931,10.065,3293,3484,192,REVERSE_SIGNAL,5.901,0.594,1.349,0.1,1.249,12.49,True,AVAXUSDT,2,TREND,BUY,3292,2026-03-15 22:40:00
10.065,10.3335,3485,3553,69,SL,0.338,2.961,-2.668,0.1,-2.768,-27.68,False,AVAXUSDT,2,TREND,SELL,3484,2026-03-16 14:40:00
10.408,10.317,3570,3697,128,REVERSE_SIGNAL,1.653,1.297,0.874,0.1,0.774,7.74,True,AVAXUSDT,2,FADE,SELL,3569,2026-03-16 21:45:00
10.317,10.0075,3698,4023,326,SL,0.388,3.606,-3.0,0.1,-3.1,-31.0,False,AVAXUSDT,2,FADE,BUY,3697,2026-03-17 08:25:00
9.513,9.462,4426,4661,236,REVERSE_SIGNAL,1.051,1.041,0.536,0.1,0.436,4.36,True,AVAXUSDT,2,FADE,SELL,4425,2026-03-19 21:05:00
9.462,9.588,4662,4734,73,REVERSE_SIGNAL,1.923,0.571,1.332,0.1,1.232,12.32,True,AVAXUSDT,2,FADE,BUY,4661,2026-03-20 16:45:00
9.588,9.504,4735,4870,136,REVERSE_SIGNAL,0.97,0.459,0.876,0.1,0.776,7.76,True,AVAXUSDT,2,FADE,SELL,4734,2026-03-20 22:50:00
9.504,9.2189,4871,5034,164,SL,0.621,3.662,-3.0,0.1,-3.1,-31.0,False,AVAXUSDT,2,FADE,BUY,4870,2026-03-21 10:10:00
9.148,9.0416,5384,5404,21,SL,0.317,1.563,-1.163,0.1,-1.263,-12.63,False,AVAXUSDT,2,TREND,BUY,5383,2026-03-23 04:55:00
8.963,9.456,5413,5458,46,REVERSE_SIGNAL,6.928,0.547,5.5,0.1,5.4,54.0,True,AVAXUSDT,2,FADE,BUY,5412,2026-03-23 07:20:00
9.456,9.435,5459,5784,326,REVERSE_SIGNAL,3.151,1.227,-0.222,0.1,-0.322,-3.22,False,AVAXUSDT,2,TREND,BUY,5458,2026-03-23 11:10:00
9.435,9.555,5785,5862,78,REVERSE_SIGNAL,1.484,0.901,1.272,0.1,1.172,11.72,True,AVAXUSDT,2,FADE,BUY,5784,2026-03-24 14:20:00
9.555,9.58,5863,6218,356,REVERSE_SIGNAL,2.48,0.492,0.262,0.1,0.162,1.62,True,AVAXUSDT,2,TREND,BUY,5862,2026-03-24 20:50:00
9.58,8.811,6219,6854,636,REVERSE_SIGNAL,9.624,0.292,8.027,0.1,7.927,79.27,True,AVAXUSDT,2,TREND,SELL,6218,2026-03-26 02:30:00
8.811,8.837,6855,7038,184,REVERSE_SIGNAL,0.545,2.1,-0.295,0.1,-0.395,-3.95,False,AVAXUSDT,2,FADE,SELL,6854,2026-03-28 07:30:00
8.837,8.5719,7039,7260,222,SL,0.0,3.067,-3.0,0.1,-3.1,-31.0,False,AVAXUSDT,2,FADE,BUY,7038,2026-03-28 22:50:00
8.806,9.0702,7375,7443,69,SL,0.522,3.1,-3.0,0.1,-3.1,-31.0,False,AVAXUSDT,2,FADE,SELL,7374,2026-03-30 02:50:00
8.843,8.9593,7556,7645,90,SL,1.244,1.38,-1.315,0.1,-1.415,-14.15,False,AVAXUSDT,2,TREND,SELL,7555,2026-03-30 17:55:00
9.051,8.82,7647,7736,90,REVERSE_SIGNAL,2.862,0.177,2.552,0.1,2.452,24.52,True,AVAXUSDT,2,FADE,SELL,7646,2026-03-31 01:30:00
8.82,8.934,7737,7836,100,REVERSE_SIGNAL,1.553,1.497,1.293,0.1,1.193,11.93,True,AVAXUSDT,2,FADE,BUY,7736,2026-03-31 09:00:00
8.934,9.202,7837,7989,153,SL,1.489,4.119,-3.0,0.1,-3.1,-31.0,False,AVAXUSDT,2,FADE,SELL,7836,2026-03-31 17:20:00
9.162,8.8871,8055,8222,168,SL,1.583,3.362,-3.0,0.1,-3.1,-31.0,False,AVAXUSDT,2,FADE,BUY,8054,2026-04-01 11:30:00
8.785,9.0486,8510,8642,133,SL,0.603,3.244,-3.0,0.1,-3.1,-31.0,False,AVAXUSDT,2,FADE,SELL,8509,2026-04-03 01:25:00
8.907,8.934,8767,8967,201,REVERSE_SIGNAL,0.853,0.696,-0.303,0.1,-0.403,-4.03,False,AVAXUSDT,2,TREND,SELL,8766,2026-04-03 22:50:00
8.934,8.925,8968,9129,162,REVERSE_SIGNAL,1.948,0.19,-0.101,0.1,-0.201,-2.01,False,AVAXUSDT,2,TREND,BUY,8967,2026-04-04 15:35:00
8.925,8.866,9130,9266,137,REVERSE_SIGNAL,2.062,0.336,0.661,0.1,0.561,5.61,True,AVAXUSDT,2,TREND,SELL,9129,2026-04-05 05:05:00
8.866,9.351,9267,9520,254,REVERSE_SIGNAL,8.989,0.654,5.47,0.1,5.37,53.7,True,AVAXUSDT,2,TREND,BUY,9266,2026-04-05 16:30:00
9.351,8.791,9521,9883,363,REVERSE_SIGNAL,9.528,0.545,5.989,0.1,5.889,58.89,True,AVAXUSDT,2,TREND,SELL,9520,2026-04-06 13:40:00
8.791,9.279,9884,10077,194,REVERSE_SIGNAL,9.419,0.626,5.551,0.1,5.451,54.51,True,AVAXUSDT,2,TREND,BUY,9883,2026-04-07 19:55:00
9.279,9.4088,10078,10089,12,SL,0.129,1.714,-1.399,0.1,-1.499,-14.99,False,AVAXUSDT,2,TREND,SELL,10077,2026-04-08 12:05:00
9.132,9.284,10326,10597,272,REVERSE_SIGNAL,6.22,0.975,1.664,0.1,1.564,15.64,True,AVAXUSDT,2,TREND,BUY,10325,2026-04-09 08:45:00
9.284,9.446,10598,10682,85,REVERSE_SIGNAL,1.853,0.474,1.745,0.1,1.645,16.45,True,AVAXUSDT,2,FADE,BUY,10597,2026-04-10 07:25:00
9.446,9.374,10683,10798,116,REVERSE_SIGNAL,1.207,1.037,-0.762,0.1,-0.862,-8.62,False,AVAXUSDT,2,TREND,BUY,10682,2026-04-10 14:30:00
9.374,9.352,10799,10988,190,REVERSE_SIGNAL,0.096,2.027,-0.235,0.1,-0.335,-3.35,False,AVAXUSDT,2,FADE,BUY,10798,2026-04-11 00:10:00
9.352,9.342,10989,11085,97,REVERSE_SIGNAL,2.759,0.267,-0.107,0.1,-0.207,-2.07,False,AVAXUSDT,2,TREND,BUY,10988,2026-04-11 16:00:00
9.342,9.131,11086,11301,216,REVERSE_SIGNAL,4.474,0.471,2.259,0.1,2.159,21.59,True,AVAXUSDT,2,TREND,SELL,11085,2026-04-12 00:05:00
9.131,8.993,11302,11504,203,REVERSE_SIGNAL,1.676,0.668,1.511,0.1,1.411,14.11,True,AVAXUSDT,2,FADE,SELL,11301,2026-04-12 18:05:00
8.993,9.241,11505,11538,34,REVERSE_SIGNAL,3.18,0.356,2.758,0.1,2.658,26.58,True,AVAXUSDT,2,FADE,BUY,11504,2026-04-13 11:00:00
9.241,9.408,11539,11726,188,REVERSE_SIGNAL,5.14,1.104,1.807,0.1,1.707,17.07,True,AVAXUSDT,2,TREND,BUY,11538,2026-04-13 13:50:00
9.408,9.5204,11727,11834,108,SL,0.574,1.307,-1.195,0.1,-1.295,-12.95,False,AVAXUSDT,2,TREND,SELL,11726,2026-04-14 05:30:00
9.427,9.375,12103,12369,267,REVERSE_SIGNAL,1.124,2.026,0.552,0.1,0.452,4.52,True,AVAXUSDT,2,FADE,SELL,12102,2026-04-15 12:50:00
9.375,9.575,12370,12396,27,REVERSE_SIGNAL,2.336,0.011,2.133,0.1,2.033,20.33,True,AVAXUSDT,2,FADE,BUY,12369,2026-04-16 11:05:00
9.575,9.8622,12397,12475,79,SL,3.321,3.039,-3.0,0.1,-3.1,-31.0,False,AVAXUSDT,2,FADE,SELL,12396,2026-04-16 13:20:00
9.579,9.637,12563,12622,60,REVERSE_SIGNAL,1.441,0.731,-0.605,0.1,-0.705,-7.05,False,AVAXUSDT,2,TREND,SELL,12562,2026-04-17 03:10:00
9.637,9.5257,12623,12652,30,SL,0.851,1.307,-1.155,0.1,-1.255,-12.55,False,AVAXUSDT,2,TREND,BUY,12622,2026-04-17 08:10:00
9.696,9.328,12832,13261,430,REVERSE_SIGNAL,5.93,0.433,3.795,0.1,3.695,36.95,True,AVAXUSDT,2,TREND,SELL,12831,2026-04-18 01:35:00
9.328,9.165,13262,13321,60,REVERSE_SIGNAL,2.176,0.279,1.747,0.1,1.647,16.47,True,AVAXUSDT,2,FADE,SELL,13261,2026-04-19 13:25:00
9.165,9.2773,13322,13476,155,SL,2.226,1.724,-1.225,0.1,-1.325,-13.25,False,AVAXUSDT,2,TREND,SELL,13321,2026-04-19 18:25:00
9.284,9.182,13477,13912,436,REVERSE_SIGNAL,1.508,2.671,1.099,0.1,0.999,9.99,True,AVAXUSDT,2,FADE,SELL,13476,2026-04-20 07:20:00
9.182,9.411,13913,13971,59,REVERSE_SIGNAL,2.614,0.207,2.494,0.1,2.394,23.94,True,AVAXUSDT,2,FADE,BUY,13912,2026-04-21 19:40:00
9.411,9.516,13972,14168,197,REVERSE_SIGNAL,2.784,0.521,1.116,0.1,1.016,10.16,True,AVAXUSDT,2,TREND,BUY,13971,2026-04-22 00:35:00
9.516,9.368,14169,14434,266,REVERSE_SIGNAL,3.478,0.546,1.555,0.1,1.455,14.55,True,AVAXUSDT,2,TREND,SELL,14168,2026-04-22 17:00:00
9.368,9.204,14435,14465,31,REVERSE_SIGNAL,2.412,0.833,1.751,0.1,1.651,16.51,True,AVAXUSDT,2,FADE,SELL,14434,2026-04-23 15:10:00
9.204,9.397,14466,14545,80,REVERSE_SIGNAL,2.271,0.174,2.097,0.1,1.997,19.97,True,AVAXUSDT,2,FADE,BUY,14465,2026-04-23 17:45:00
9.397,9.388,14546,14972,427,REVERSE_SIGNAL,1.277,1.075,0.096,0.1,-0.004,-0.04,False,AVAXUSDT,2,FADE,SELL,14545,2026-04-24 00:25:00
9.388,9.413,14973,15178,206,REVERSE_SIGNAL,0.447,1.172,0.266,0.1,0.166,1.66,True,AVAXUSDT,2,FADE,BUY,14972,2026-04-25 12:00:00
9.413,9.305,15179,15469,291,REVERSE_SIGNAL,1.232,1.562,1.147,0.1,1.047,10.47,True,AVAXUSDT,2,FADE,SELL,15178,2026-04-26 05:10:00
9.305,9.245,15470,15685,216,REVERSE_SIGNAL,2.461,0.064,0.645,0.1,0.545,5.45,True,AVAXUSDT,2,TREND,SELL,15469,2026-04-27 05:25:00
9.245,9.147,15686,15779,94,REVERSE_SIGNAL,1.19,0.346,1.06,0.1,0.96,9.6,True,AVAXUSDT,2,FADE,SELL,15685,2026-04-27 23:25:00
9.147,9.25,15780,16024,245,REVERSE_SIGNAL,1.214,0.481,1.126,0.1,1.026,10.26,True,AVAXUSDT,2,FADE,BUY,15779,2026-04-28 07:15:00
9.25,9.221,16025,16130,106,REVERSE_SIGNAL,0.595,2.076,0.314,0.1,0.214,2.14,True,AVAXUSDT,2,FADE,SELL,16024,2026-04-29 03:40:00
9.221,9.181,16131,16284,154,REVERSE_SIGNAL,3.394,0.553,0.434,0.1,0.334,3.34,True,AVAXUSDT,2,TREND,SELL,16130,2026-04-29 12:30:00
9.181,9.102,16285,16335,51,REVERSE_SIGNAL,1.492,0.403,0.86,0.1,0.76,7.6,True,AVAXUSDT,2,FADE,SELL,16284,2026-04-30 01:20:00
9.102,9.191,16336,16384,49,REVERSE_SIGNAL,1.307,0.308,0.978,0.1,0.878,8.78,True,AVAXUSDT,2,FADE,BUY,16335,2026-04-30 05:35:00
9.191,9.082,16385,16476,92,REVERSE_SIGNAL,1.284,0.152,1.186,0.1,1.086,10.86,True,AVAXUSDT,2,FADE,SELL,16384,2026-04-30 09:40:00
9.082,9.164,16477,16599,123,REVERSE_SIGNAL,1.321,0.275,0.903,0.1,0.803,8.03,True,AVAXUSDT,2,FADE,BUY,16476,2026-04-30 17:20:00
9.164,9.0833,16600,16636,37,SL,0.098,0.906,-0.881,0.1,-0.981,-9.81,False,AVAXUSDT,2,TREND,BUY,16599,2026-05-01 03:35:00
9.078,9.123,16807,17021,215,REVERSE_SIGNAL,0.639,0.264,0.496,0.1,0.396,3.96,True,AVAXUSDT,2,FADE,BUY,16806,2026-05-01 20:50:00
9.123,9.096,17022,17149,128,REVERSE_SIGNAL,0.395,1.337,0.296,0.1,0.196,1.96,True,AVAXUSDT,2,FADE,SELL,17021,2026-05-02 14:45:00
9.096,9.103,17150,17312,163,REVERSE_SIGNAL,1.462,0.319,-0.077,0.1,-0.177,-1.77,False,AVAXUSDT,2,TREND,SELL,17149,2026-05-03 01:25:00
9.103,9.01,17313,17425,113,REVERSE_SIGNAL,1.274,1.011,1.022,0.1,0.922,9.22,True,AVAXUSDT,2,FADE,SELL,17312,2026-05-03 15:00:00
9.01,9.227,17426,17447,22,REVERSE_SIGNAL,2.642,0.155,2.408,0.1,2.308,23.08,True,AVAXUSDT,2,FADE,BUY,17425,2026-05-04 00:25:00
9.227,9.0361,17448,17544,97,SL,1.626,2.157,-2.069,0.1,-2.169,-21.69,False,AVAXUSDT,2,TREND,BUY,17447,2026-05-04 02:15:00
9.034,9.254,17545,17639,95,REVERSE_SIGNAL,2.922,0.089,2.435,0.1,2.335,23.35,True,AVAXUSDT,2,FADE,BUY,17544,2026-05-04 10:20:00
9.254,9.5316,17640,18037,398,SL,1.394,3.307,-3.0,0.1,-3.1,-31.0,False,AVAXUSDT,2,FADE,SELL,17639,2026-05-04 18:15:00
9.518,9.663,18166,18372,207,REVERSE_SIGNAL,1.681,0.746,1.523,0.1,1.423,14.23,True,AVAXUSDT,2,FADE,BUY,18165,2026-05-06 14:05:00
9.663,9.519,18373,18456,84,REVERSE_SIGNAL,1.78,0.362,1.49,0.1,1.39,13.9,True,AVAXUSDT,2,FADE,SELL,18372,2026-05-07 07:20:00
9.519,9.547,18457,18679,223,REVERSE_SIGNAL,1.628,0.63,-0.294,0.1,-0.394,-3.94,False,AVAXUSDT,2,TREND,SELL,18456,2026-05-07 14:20:00
9.547,9.8334,18680,18782,103,SL,0.513,3.268,-3.0,0.1,-3.1,-31.0,False,AVAXUSDT,2,FADE,SELL,18679,2026-05-08 08:55:00
9.899,9.956,18975,19091,117,REVERSE_SIGNAL,0.768,1.081,0.576,0.1,0.476,4.76,True,AVAXUSDT,2,FADE,BUY,18974,2026-05-09 09:30:00
9.956,9.877,19092,19169,78,REVERSE_SIGNAL,1.045,0.482,0.793,0.1,0.693,6.93,True,AVAXUSDT,2,FADE,SELL,19091,2026-05-09 19:15:00
9.877,10.039,19170,19248,79,REVERSE_SIGNAL,1.66,0.314,1.64,0.1,1.54,15.4,True,AVAXUSDT,2,FADE,BUY,19169,2026-05-10 01:45:00
10.039,10.054,19249,19402,154,REVERSE_SIGNAL,4.423,1.076,0.149,0.1,0.049,0.49,True,AVAXUSDT,2,TREND,BUY,19248,2026-05-10 08:20:00
10.054,10.239,19403,19629,227,REVERSE_SIGNAL,2.417,0.875,1.84,0.1,1.74,17.4,True,AVAXUSDT,2,FADE,BUY,19402,2026-05-10 21:10:00
10.239,10.02,19630,19747,118,REVERSE_SIGNAL,2.608,0.283,2.139,0.1,2.039,20.39,True,AVAXUSDT,2,FADE,SELL,19629,2026-05-11 16:05:00
10.02,9.869,19748,20023,276,REVERSE_SIGNAL,3.503,0.549,1.507,0.1,1.407,14.07,True,AVAXUSDT,2,TREND,SELL,19747,2026-05-12 01:55:00
9.869,9.931,20024,20161,138,REVERSE_SIGNAL,2.868,0.0,0.628,0.1,0.528,5.28,True,AVAXUSDT,2,TREND,BUY,20023,2026-05-13 00:55:00
9.931,9.8,20162,20464,303,REVERSE_SIGNAL,3.202,0.01,1.319,0.1,1.219,12.19,True,AVAXUSDT,2,TREND,SELL,20161,2026-05-13 12:25:00
9.8,9.868,20465,20613,149,REVERSE_SIGNAL,3.398,0.633,0.694,0.1,0.594,5.94,True,AVAXUSDT,2,TREND,BUY,20464,2026-05-14 13:40:00
9.868,9.353,20614,21088,475,REVERSE_SIGNAL,6.921,0.578,5.219,0.1,5.119,51.19,True,AVAXUSDT,2,TREND,SELL,20613,2026-05-15 02:05:00
9.353,9.2844,21089,21152,64,SL,0.171,0.738,-0.733,0.1,-0.833,-8.33,False,AVAXUSDT,2,TREND,BUY,21088,2026-05-16 17:40:00
9.254,9.331,21174,21226,53,REVERSE_SIGNAL,1.091,0.864,0.832,0.1,0.732,7.32,True,AVAXUSDT,2,FADE,BUY,21173,2026-05-17 00:45:00
9.331,9.276,21227,21339,113,REVERSE_SIGNAL,0.857,0.879,0.589,0.1,0.489,4.89,True,AVAXUSDT,2,FADE,SELL,21226,2026-05-17 05:10:00
9.276,8.9977,21340,21448,109,SL,0.668,3.708,-3.0,0.1,-3.1,-31.0,False,AVAXUSDT,2,FADE,BUY,21339,2026-05-17 14:35:00
9.201,9.15,21698,21870,173,REVERSE_SIGNAL,0.761,1.228,0.554,0.1,0.454,4.54,True,AVAXUSDT,2,FADE,SELL,21697,2026-05-18 20:25:00
9.15,9.183,21871,22096,226,REVERSE_SIGNAL,0.623,1.475,0.361,0.1,0.261,2.61,True,AVAXUSDT,2,FADE,BUY,21870,2026-05-19 10:50:00
9.183,9.318,22097,22447,351,REVERSE_SIGNAL,3.604,0.392,1.47,0.1,1.37,13.7,True,AVAXUSDT,2,TREND,BUY,22096,2026-05-20 05:40:00
9.318,9.4297,22448,22523,76,SL,0.816,1.341,-1.199,0.1,-1.299,-12.99,False,AVAXUSDT,2,TREND,SELL,22447,2026-05-21 10:55:00
9.495,9.428,22531,22785,255,REVERSE_SIGNAL,1.243,1.095,0.706,0.1,0.606,6.06,True,AVAXUSDT,2,FADE,SELL,22530,2026-05-21 17:50:00
9.428,9.1452,22786,22838,53,SL,0.35,3.055,-3.0,0.1,-3.1,-31.0,False,AVAXUSDT,2,FADE,BUY,22785,2026-05-22 15:05:00
8.984,9.339,23056,23252,197,REVERSE_SIGNAL,6.745,0.134,3.951,0.1,3.851,38.51,True,AVAXUSDT,2,TREND,BUY,23055,2026-05-23 13:35:00
9.339,9.284,23253,23530,278,REVERSE_SIGNAL,0.46,2.977,-0.589,0.1,-0.689,-6.89,False,AVAXUSDT,2,FADE,BUY,23252,2026-05-24 06:00:00
9.284,9.366,23531,23721,191,REVERSE_SIGNAL,0.183,2.38,-0.883,0.1,-0.983,-9.83,False,AVAXUSDT,2,FADE,SELL,23530,2026-05-25 05:10:00
9.366,9.4325,23722,23882,161,SL,2.189,0.811,-0.71,0.1,-0.81,-8.1,False,AVAXUSDT,2,TREND,SELL,23721,2026-05-25 21:05:00
9.432,9.259,23883,23954,72,REVERSE_SIGNAL,2.364,0.594,1.834,0.1,1.734,17.34,True,AVAXUSDT,2,FADE,SELL,23882,2026-05-26 10:30:00
9.259,9.265,23955,24230,276,REVERSE_SIGNAL,0.313,2.387,0.065,0.1,-0.035,-0.35,False,AVAXUSDT,2,FADE,BUY,23954,2026-05-26 16:30:00
9.265,9.1164,24231,24251,21,SL,0.173,1.619,-1.604,0.1,-1.704,-17.04,False,AVAXUSDT,2,TREND,BUY,24230,2026-05-27 15:30:00
9.119,9.1945,24269,24276,8,SL,0.011,0.855,-0.828,0.1,-0.928,-9.28,False,AVAXUSDT,2,TREND,SELL,24268,2026-05-27 18:40:00
8.93,8.878,24537,24676,140,REVERSE_SIGNAL,1.153,1.579,0.582,0.1,0.482,4.82,True,AVAXUSDT,2,FADE,SELL,24536,2026-05-28 17:00:00
8.878,8.9388,24677,24692,16,SL,0.0,0.845,-0.685,0.1,-0.785,-7.85,False,AVAXUSDT,2,TREND,SELL,24676,2026-05-29 04:40:00
8.923,8.8388,24929,24962,34,SL,1.367,1.21,-0.944,0.1,-1.044,-10.44,False,AVAXUSDT,2,TREND,BUY,24928,2026-05-30 01:40:00
8.906,8.974,25013,25091,79,REVERSE_SIGNAL,0.966,0.303,0.764,0.1,0.664,6.64,True,AVAXUSDT,2,FADE,BUY,25012,2026-05-30 08:40:00
8.974,8.913,25092,25192,101,REVERSE_SIGNAL,0.702,0.435,0.68,0.1,0.58,5.8,True,AVAXUSDT,2,FADE,SELL,25091,2026-05-30 15:15:00
8.913,8.996,25193,25246,54,REVERSE_SIGNAL,1.391,0.0,0.931,0.1,0.831,8.31,True,AVAXUSDT,2,FADE,BUY,25192,2026-05-30 23:40:00
8.996,8.899,25247,25370,124,REVERSE_SIGNAL,2.09,0.945,1.078,0.1,0.978,9.78,True,AVAXUSDT,2,FADE,SELL,25246,2026-05-31 04:10:00
8.899,8.954,25371,25463,93,REVERSE_SIGNAL,0.865,1.214,0.618,0.1,0.518,5.18,True,AVAXUSDT,2,FADE,BUY,25370,2026-05-31 14:30:00
8.954,8.851,25464,25561,98,REVERSE_SIGNAL,1.262,1.307,1.15,0.1,1.05,10.5,True,AVAXUSDT,2,FADE,SELL,25463,2026-05-31 22:15:00
8.851,8.891,25562,25714,153,REVERSE_SIGNAL,1.107,2.034,0.452,0.1,0.352,3.52,True,AVAXUSDT,2,FADE,BUY,25561,2026-06-01 06:25:00
8.891,8.8145,25715,25790,76,SL,1.046,0.877,-0.86,0.1,-0.96,-9.6,False,AVAXUSDT,2,TREND,BUY,25714,2026-06-01 19:10:00
8.707,8.4458,25800,25945,146,SL,2.125,3.629,-3.0,0.1,-3.1,-31.0,False,AVAXUSDT,2,FADE,BUY,25799,2026-06-02 02:15:00
8.322,8.107,26151,26255,105,REVERSE_SIGNAL,2.764,0.553,2.584,0.1,2.484,24.84,True,AVAXUSDT,2,FADE,SELL,26150,2026-06-03 07:30:00
8.107,7.8638,26256,26364,109,SL,1.036,3.96,-3.0,0.1,-3.1,-31.0,False,AVAXUSDT,2,FADE,BUY,26255,2026-06-03 16:15:00
6.717,6.578,27033,27169,137,REVERSE_SIGNAL,1.712,2.293,-2.069,0.1,-2.169,-21.69,False,AVAXUSDT,2,TREND,BUY,27032,2026-06-06 09:00:00
6.578,6.815,27170,27230,61,REVERSE_SIGNAL,3.861,0.243,3.603,0.1,3.503,35.03,True,AVAXUSDT,2,FADE,BUY,27169,2026-06-06 20:25:00
6.815,6.607,27231,27364,134,REVERSE_SIGNAL,3.375,0.998,3.052,0.1,2.952,29.52,True,AVAXUSDT,2,FADE,SELL,27230,2026-06-07 01:30:00
6.607,6.8,27365,27484,120,REVERSE_SIGNAL,5.449,1.574,2.921,0.1,2.821,28.21,True,AVAXUSDT,2,FADE,BUY,27364,2026-06-07 12:40:00
6.8,6.5608,27485,27563,79,SL,0.882,3.559,-3.518,0.1,-3.618,-36.18,False,AVAXUSDT,2,TREND,BUY,27484,2026-06-07 22:40:00
6.63,6.752,27795,27871,77,REVERSE_SIGNAL,0.694,2.398,-1.84,0.1,-1.94,-19.4,False,AVAXUSDT,2,TREND,SELL,27794,2026-06-09 00:30:00
6.752,6.594,27872,27960,89,REVERSE_SIGNAL,2.932,0.474,2.34,0.1,2.24,22.4,True,AVAXUSDT,2,FADE,SELL,27871,2026-06-09 06:55:00
6.594,6.574,27961,28267,307,REVERSE_SIGNAL,2.76,1.577,0.303,0.1,0.203,2.03,True,AVAXUSDT,2,TREND,SELL,27960,2026-06-09 14:20:00
6.574,6.46,28268,28277,10,SL,0.061,1.856,-1.734,0.1,-1.834,-18.34,False,AVAXUSDT,2,TREND,BUY,28267,2026-06-10 15:55:00
6.374,6.52,28336,28406,71,SL,1.286,2.447,-2.291,0.1,-2.391,-23.91,False,AVAXUSDT,2,TREND,SELL,28335,2026-06-10 21:35:00
6.592,6.534,28412,28730,319,REVERSE_SIGNAL,1.866,1.714,0.88,0.1,0.78,7.8,True,AVAXUSDT,2,FADE,SELL,28411,2026-06-11 03:55:00
6.534,6.636,28731,28775,45,REVERSE_SIGNAL,1.974,0.153,1.561,0.1,1.461,14.61,True,AVAXUSDT,2,FADE,BUY,28730,2026-06-12 06:30:00
6.636,6.564,28776,28923,148,REVERSE_SIGNAL,1.838,0.889,1.085,0.1,0.985,9.85,True,AVAXUSDT,2,FADE,SELL,28775,2026-06-12 10:15:00
6.564,6.671,28924,29029,106,REVERSE_SIGNAL,1.843,0.472,1.63,0.1,1.53,15.3,True,AVAXUSDT,2,FADE,BUY,28923,2026-06-12 22:35:00
6.671,6.654,29030,29294,265,REVERSE_SIGNAL,0.69,1.514,0.255,0.1,0.155,1.55,True,AVAXUSDT,2,FADE,SELL,29029,2026-06-13 07:25:00
6.654,6.4544,29295,29444,150,SL,0.571,3.141,-3.0,0.1,-3.1,-31.0,False,AVAXUSDT,2,FADE,BUY,29294,2026-06-14 05:30:00
6.614,6.879,29486,29780,295,REVERSE_SIGNAL,6.985,0.015,4.007,0.1,3.907,39.07,True,AVAXUSDT,2,TREND,BUY,29485,2026-06-14 21:25:00
6.879,6.891,29781,29893,113,REVERSE_SIGNAL,2.064,0.233,-0.174,0.1,-0.274,-2.74,False,AVAXUSDT,2,TREND,SELL,29780,2026-06-15 22:00:00
6.891,6.8065,29894,29975,82,SL,2.264,1.567,-1.226,0.1,-1.326,-13.26,False,AVAXUSDT,2,TREND,BUY,29893,2026-06-16 07:25:00
6.791,6.941,29977,30057,81,REVERSE_SIGNAL,2.312,1.237,2.209,0.1,2.109,21.09,True,AVAXUSDT,2,FADE,BUY,29976,2026-06-16 14:20:00
6.941,6.807,30058,30198,141,REVERSE_SIGNAL,2.233,1.109,1.931,0.1,1.831,18.31,True,AVAXUSDT,2,FADE,SELL,30057,2026-06-16 21:05:00
6.807,6.958,30199,30288,90,REVERSE_SIGNAL,2.468,0.646,2.218,0.1,2.118,21.18,True,AVAXUSDT,2,FADE,BUY,30198,2026-06-17 08:50:00
6.958,6.741,30289,30332,44,REVERSE_SIGNAL,3.852,0.848,3.119,0.1,3.019,30.19,True,AVAXUSDT,2,FADE,SELL,30288,2026-06-17 16:20:00
6.741,6.167,30333,30841,509,REVERSE_SIGNAL,11.526,0.86,8.515,0.1,8.415,84.15,True,AVAXUSDT,2,TREND,SELL,30332,2026-06-17 20:00:00
6.167,6.0462,30842,30882,41,SL,0.097,2.627,-1.959,0.1,-2.059,-20.59,False,AVAXUSDT,2,TREND,BUY,30841,2026-06-19 14:25:00
5.786,6.008,30893,31024,132,REVERSE_SIGNAL,1.953,4.528,-3.837,0.1,-3.937,-39.37,False,AVAXUSDT,2,TREND,SELL,30892,2026-06-19 18:40:00
6.008,5.9234,31025,31038,14,SL,0.583,1.498,-1.408,0.1,-1.508,-15.08,False,AVAXUSDT,2,TREND,BUY,31024,2026-06-20 05:40:00
6.195,6.2763,31494,31549,56,SL,1.679,2.211,-1.312,0.1,-1.412,-14.12,False,AVAXUSDT,2,TREND,SELL,31493,2026-06-21 20:45:00
6.235,6.4221,31559,31697,139,SL,0.658,3.657,-3.0,0.1,-3.1,-31.0,False,AVAXUSDT,2,FADE,SELL,31558,2026-06-22 02:10:00
6.264,6.0761,31787,31897,111,SL,1.07,3.177,-3.0,0.1,-3.1,-31.0,False,AVAXUSDT,2,FADE,BUY,31786,2026-06-22 21:10:00
6.285,6.332,31969,32268,300,REVERSE_SIGNAL,4.057,1.161,0.748,0.1,0.648,6.48,True,AVAXUSDT,2,TREND,BUY,31968,2026-06-23 12:20:00
6.332,6.33,32269,32356,88,REVERSE_SIGNAL,5.417,0.9,0.032,0.1,-0.068,-0.68,False,AVAXUSDT,2,TREND,SELL,32268,2026-06-24 13:20:00
6.33,6.424,32357,32528,172,REVERSE_SIGNAL,4.818,0.474,1.485,0.1,1.385,13.85,True,AVAXUSDT,2,TREND,BUY,32356,2026-06-24 20:40:00
6.424,6.218,32529,32692,164,REVERSE_SIGNAL,7.441,0.265,3.207,0.1,3.107,31.07,True,AVAXUSDT,2,TREND,SELL,32528,2026-06-25 11:00:00
6.218,6.1691,32693,32700,8,SL,0.129,0.965,-0.786,0.1,-0.886,-8.86,False,AVAXUSDT,2,TREND,BUY,32692,2026-06-26 00:40:00
6.117,6.2035,32709,32763,55,SL,2.616,1.7,-1.414,0.1,-1.514,-15.14,False,AVAXUSDT,2,TREND,SELL,32708,2026-06-26 02:00:00
6.27,6.0856,32769,32836,68,SL,0.989,3.27,-2.941,0.1,-3.041,-30.41,False,AVAXUSDT,2,TREND,BUY,32768,2026-06-26 07:00:00
6.106,6.2299,32838,32851,14,SL,1.114,2.489,-2.029,0.1,-2.129,-21.29,False,AVAXUSDT,2,TREND,SELL,32837,2026-06-26 12:45:00
6.37,6.452,32876,33109,234,REVERSE_SIGNAL,4.694,0.863,1.287,0.1,1.187,11.87,True,AVAXUSDT,2,TREND,BUY,32875,2026-06-26 15:55:00
6.452,6.5657,33110,33115,6,SL,0.031,1.937,-1.762,0.1,-1.862,-18.62,False,AVAXUSDT,2,TREND,SELL,33109,2026-06-27 11:25:00
6.604,6.499,33149,33197,49,REVERSE_SIGNAL,1.666,0.999,1.59,0.1,1.49,14.9,True,AVAXUSDT,2,FADE,SELL,33148,2026-06-27 14:40:00
6.499,6.437,33198,33507,310,REVERSE_SIGNAL,3.585,0.277,0.954,0.1,0.854,8.54,True,AVAXUSDT,2,TREND,SELL,33197,2026-06-27 18:45:00
6.437,6.3039,33508,33521,14,SL,0.062,2.19,-2.068,0.1,-2.168,-21.68,False,AVAXUSDT,2,TREND,BUY,33507,2026-06-28 20:35:00
6.61,6.4117,33886,33984,99,SL,0.62,3.041,-3.0,0.1,-3.1,-31.0,False,AVAXUSDT,2,FADE,BUY,33885,2026-06-30 04:05:00
6.57,6.4789,34074,34138,65,SL,0.304,2.268,-1.387,0.1,-1.487,-14.87,False,AVAXUSDT,2,TREND,BUY,34073,2026-06-30 19:45:00
6.637,6.76,34416,34531,116,REVERSE_SIGNAL,2.079,0.452,1.853,0.1,1.753,17.53,True,AVAXUSDT,2,FADE,BUY,34415,2026-07-02 00:15:00
6.76,6.868,34532,35010,479,REVERSE_SIGNAL,4.157,0.695,1.598,0.1,1.498,14.98,True,AVAXUSDT,2,TREND,BUY,34531,2026-07-02 09:55:00
6.868,6.912,35011,35165,155,REVERSE_SIGNAL,1.136,0.815,0.641,0.1,0.541,5.41,True,AVAXUSDT,2,FADE,BUY,35010,2026-07-04 01:50:00
6.912,6.918,35166,35283,118,REVERSE_SIGNAL,2.894,0.174,0.087,0.1,-0.013,-0.13,False,AVAXUSDT,2,TREND,BUY,35165,2026-07-04 14:45:00
6.918,6.876,35284,35414,131,REVERSE_SIGNAL,2.501,0.188,0.607,0.1,0.507,5.07,True,AVAXUSDT,2,TREND,SELL,35283,2026-07-05 00:35:00
6.876,6.86,35415,35639,225,REVERSE_SIGNAL,1.891,0.727,-0.233,0.1,-0.333,-3.33,False,AVAXUSDT,2,TREND,BUY,35414,2026-07-05 11:30:00
6.86,6.945,35640,35762,123,REVERSE_SIGNAL,1.88,2.245,1.239,0.1,1.139,11.39,True,AVAXUSDT,2,FADE,BUY,35639,2026-07-06 06:15:00
6.945,6.867,35763,35864,102,REVERSE_SIGNAL,1.123,2.059,1.123,0.1,1.023,10.23,True,AVAXUSDT,2,FADE,SELL,35762,2026-07-06 16:30:00
6.867,6.464,35865,36401,537,REVERSE_SIGNAL,8.097,0.32,5.869,0.1,5.769,57.69,True,AVAXUSDT,2,TREND,SELL,35864,2026-07-07 01:00:00
6.464,6.676,36402,36724,323,REVERSE_SIGNAL,5.337,0.634,3.28,0.1,3.18,31.8,True,AVAXUSDT,2,TREND,BUY,36401,2026-07-08 21:45:00
6.676,6.7311,36725,36737,13,SL,0.15,2.052,-0.825,0.1,-0.925,-9.25,False,AVAXUSDT,2,TREND,SELL,36724,2026-07-10 00:40:00
6.79,6.677,36744,36890,147,REVERSE_SIGNAL,2.091,0.633,1.664,0.1,1.564,15.64,True,AVAXUSDT,2,FADE,SELL,36743,2026-07-10 02:15:00
6.677,6.76,36891,37177,287,REVERSE_SIGNAL,0.105,1.393,-1.243,0.1,-1.343,-13.43,False,AVAXUSDT,2,TREND,SELL,36890,2026-07-10 14:30:00
6.76,6.693,37178,37275,98,REVERSE_SIGNAL,1.021,0.414,0.991,0.1,0.891,8.91,True,AVAXUSDT,2,FADE,SELL,37177,2026-07-11 14:25:00
6.693,6.452,37276,37471,196,REVERSE_SIGNAL,6.29,0.12,3.601,0.1,3.501,35.01,True,AVAXUSDT,2,TREND,SELL,37275,2026-07-11 22:35:00
6.452,6.374,37472,37565,94,REVERSE_SIGNAL,1.348,0.403,1.209,0.1,1.109,11.09,True,AVAXUSDT,2,FADE,SELL,37471,2026-07-12 14:55:00
6.374,6.4462,37566,37581,16,SL,0.031,1.318,-1.133,0.1,-1.233,-12.33,False,AVAXUSDT,2,TREND,SELL,37565,2026-07-12 22:45:00
6.51,6.4004,37586,37604,19,SL,0.031,1.69,-1.684,0.1,-1.784,-17.84,False,AVAXUSDT,2,TREND,BUY,37585,2026-07-13 00:25:00
6.499,6.492,37785,37954,170,REVERSE_SIGNAL,2.585,0.215,0.108,0.1,0.008,0.08,True,AVAXUSDT,2,TREND,SELL,37784,2026-07-13 17:00:00
6.492,6.6868,37955,38054,100,SL,1.171,3.358,-3.0,0.1,-3.1,-31.0,False,AVAXUSDT,2,FADE,SELL,37954,2026-07-14 07:10:00
6.626,6.728,38197,38234,38,REVERSE_SIGNAL,1.554,0.0,1.539,0.1,1.439,14.39,True,AVAXUSDT,2,FADE,BUY,38196,2026-07-15 03:20:00
6.728,6.625,38235,38536,302,REVERSE_SIGNAL,1.813,0.639,1.531,0.1,1.431,14.31,True,AVAXUSDT,2,FADE,SELL,38234,2026-07-15 06:30:00
6.625,6.557,38537,38935,399,REVERSE_SIGNAL,3.925,0.438,1.026,0.1,0.926,9.26,True,AVAXUSDT,2,TREND,SELL,38536,2026-07-16 07:40:00
6.557,6.528,38936,39133,198,REVERSE_SIGNAL,0.458,1.571,0.442,0.1,0.342,3.42,True,AVAXUSDT,2,FADE,SELL,38935,2026-07-17 16:55:00
6.528,6.587,39134,39295,162,REVERSE_SIGNAL,0.306,1.103,-0.904,0.1,-1.004,-10.04,False,AVAXUSDT,2,TREND,SELL,39133,2026-07-18 09:25:00
6.587,6.5,39296,39419,124,REVERSE_SIGNAL,1.488,0.714,1.321,0.1,1.221,12.21,True,AVAXUSDT,2,FADE,SELL,39295,2026-07-18 22:55:00
6.5,6.537,39420,39599,180,REVERSE_SIGNAL,1.769,0.769,-0.569,0.1,-0.669,-6.69,False,AVAXUSDT,2,TREND,SELL,39419,2026-07-19 09:15:00
6.537,6.608,39600,40110,511,REVERSE_SIGNAL,2.264,1.484,1.086,0.1,0.986,9.86,True,AVAXUSDT,2,TREND,BUY,39599,2026-07-20 00:15:00
6.608,6.546,40111,40346,236,REVERSE_SIGNAL,0.242,2.285,-0.938,0.1,-1.038,-10.38,False,AVAXUSDT,2,FADE,BUY,40110,2026-07-21 18:50:00
6.546,6.555,40347,40497,151,REVERSE_SIGNAL,1.772,0.076,0.137,0.1,0.037,0.37,True,AVAXUSDT,2,TREND,BUY,40346,2026-07-22 14:30:00
6.555,6.308,40498,41024,527,REVERSE_SIGNAL,6.468,0.824,3.768,0.1,3.668,36.68,True,AVAXUSDT,2,TREND,SELL,40497,2026-07-23 03:05:00
6.308,6.698,41025,41479,455,REVERSE_SIGNAL,8.497,1.284,6.183,0.1,6.083,60.83,True,AVAXUSDT,2,TREND,BUY,41024,2026-07-24 23:00:00
6.698,6.718,41480,41598,119,REVERSE_SIGNAL,0.627,0.851,0.299,0.1,0.199,1.99,True,AVAXUSDT,2,FADE,BUY,41479,2026-07-26 12:55:00
6.718,6.6731,41599,41654,56,SL,0.521,0.685,-0.668,0.1,-0.768,-7.68,False,AVAXUSDT,2,TREND,BUY,41598,2026-07-26 22:50:00
6.615,6.486,41721,42056,336,REVERSE_SIGNAL,3.961,1.194,1.95,0.1,1.85,18.5,True,AVAXUSDT,2,TREND,SELL,41720,2026-07-27 09:00:00
6.486,6.4271,42057,42062,6,SL,0.0,1.187,-0.908,0.1,-1.008,-10.08,False,AVAXUSDT,2,TREND,BUY,42056,2026-07-28 13:00:00
6.503,6.469,42224,42416,193,REVERSE_SIGNAL,3.06,0.077,0.523,0.1,0.423,4.23,True,AVAXUSDT,2,TREND,SELL,42223,2026-07-29 02:55:00
6.469,6.382,42417,42421,5,SL,0.0,1.391,-1.345,0.1,-1.445,-14.45,False,AVAXUSDT,2,TREND,BUY,42416,2026-07-29 19:00:00
6.404,6.2119,42854,43274,421,SL,1.843,3.107,-3.0,0.1,-3.1,-31.0,False,AVAXUSDT,2,FADE,BUY,42853,2026-07-31 07:25:00
6.273,6.551,43366,43627,262,REVERSE_SIGNAL,6.584,0.0,4.432,0.1,4.332,43.32,True,AVAXUSDT,2,TREND,BUY,43365,2026-08-02 02:05:00
6.551,6.522,43628,43794,167,REVERSE_SIGNAL,2.855,0.153,0.443,0.1,0.343,3.43,True,AVAXUSDT,2,TREND,SELL,43627,2026-08-02 23:55:00
6.522,6.703,43795,44088,294,REVERSE_SIGNAL,7.114,0.383,2.775,0.1,2.675,26.75,True,AVAXUSDT,2,TREND,BUY,43794,2026-08-03 13:50:00
6.703,6.461,44089,44923,835,REVERSE_SIGNAL,5.445,0.85,3.61,0.1,3.51,35.1,True,AVAXUSDT,2,TREND,SELL,44088,2026-08-04 14:20:00
6.461,6.397,44924,44992,69,REVERSE_SIGNAL,1.641,1.022,0.991,0.1,0.891,8.91,True,AVAXUSDT,2,FADE,SELL,44923,2026-08-07 11:55:00
6.397,6.485,44993,45086,94,REVERSE_SIGNAL,1.376,0.313,1.376,0.1,1.276,12.76,True,AVAXUSDT,2,FADE,BUY,44992,2026-08-07 17:40:00
6.485,6.479,45087,45333,247,REVERSE_SIGNAL,1.65,0.247,-0.093,0.1,-0.193,-1.93,False,AVAXUSDT,2,TREND,BUY,45086,2026-08-08 01:30:00
6.479,6.504,45334,45540,207,REVERSE_SIGNAL,0.602,0.787,0.386,0.1,0.286,2.86,True,AVAXUSDT,2,FADE,BUY,45333,2026-08-08 22:05:00
6.504,6.474,45541,45636,96,REVERSE_SIGNAL,0.677,1.307,0.461,0.1,0.361,3.61,True,AVAXUSDT,2,FADE,SELL,45540,2026-08-09 15:20:00
6.474,6.5537,45637,45713,77,SL,1.792,1.437,-1.231,0.1,-1.331,-13.31,False,AVAXUSDT,2,TREND,SELL,45636,2026-08-09 23:20:00
6.52,6.444,45729,45842,114,REVERSE_SIGNAL,1.196,0.92,1.166,0.1,1.066,10.66,True,AVAXUSDT,2,FADE,SELL,45728,2026-08-10 07:00:00
6.444,6.523,45843,45948,106,REVERSE_SIGNAL,1.288,0.59,1.226,0.1,1.126,11.26,True,AVAXUSDT,2,FADE,BUY,45842,2026-08-10 16:30:00
6.523,6.449,45949,46092,144,REVERSE_SIGNAL,1.18,0.506,1.134,0.1,1.034,10.34,True,AVAXUSDT,2,FADE,SELL,45948,2026-08-11 01:20:00
6.449,6.313,46093,46365,273,REVERSE_SIGNAL,5.381,0.109,2.109,0.1,2.009,20.09,True,AVAXUSDT,2,TREND,SELL,46092,2026-08-11 13:20:00
6.313,6.424,46366,46698,333,REVERSE_SIGNAL,3.754,0.649,1.758,0.1,1.658,16.58,True,AVAXUSDT,2,TREND,BUY,46365,2026-08-12 12:05:00
6.424,6.46,46699,46798,100,REVERSE_SIGNAL,0.763,1.059,0.56,0.1,0.46,4.6,True,AVAXUSDT,2,FADE,BUY,46698,2026-08-13 15:50:00
6.46,6.387,46799,46877,79,REVERSE_SIGNAL,1.238,0.387,1.13,0.1,1.03,10.3,True,AVAXUSDT,2,FADE,SELL,46798,2026-08-14 00:10:00
6.387,6.434,46878,46991,114,REVERSE_SIGNAL,0.971,0.673,0.736,0.1,0.636,6.36,True,AVAXUSDT,2,FADE,BUY,46877,2026-08-14 06:45:00
6.434,6.627,46992,47118,127,SL,0.793,6.916,-3.0,0.1,-3.1,-31.0,False,AVAXUSDT,2,FADE,SELL,46991,2026-08-14 16:15:00
6.598,6.4001,47193,47355,163,SL,0.015,3.213,-3.0,0.1,-3.1,-31.0,False,AVAXUSDT,2,FADE,BUY,47192,2026-08-15 09:00:00
6.377,6.341,47505,47591,87,REVERSE_SIGNAL,0.91,0.69,-0.565,0.1,-0.665,-6.65,False,AVAXUSDT,2,TREND,BUY,47504,2026-08-16 11:00:00
6.341,6.379,47592,47712,121,REVERSE_SIGNAL,0.93,1.104,0.599,0.1,0.499,4.99,True,AVAXUSDT,2,FADE,BUY,47591,2026-08-16 18:15:00
6.379,6.314,47713,47766,54,REVERSE_SIGNAL,1.176,0.172,1.019,0.1,0.919,9.19,True,AVAXUSDT,2,FADE,SELL,47712,2026-08-17 04:20:00
6.314,6.37,47767,47958,192,REVERSE_SIGNAL,1.109,0.396,0.887,0.1,0.787,7.87,True,AVAXUSDT,2,FADE,BUY,47766,2026-08-17 08:50:00
6.37,6.259,47959,47982,24,REVERSE_SIGNAL,2.041,1.272,1.743,0.1,1.643,16.43,True,AVAXUSDT,2,FADE,SELL,47958,2026-08-18 00:50:00
6.259,6.352,47983,48027,45,REVERSE_SIGNAL,1.726,0.447,1.486,0.1,1.386,13.86,True,AVAXUSDT,2,FADE,BUY,47982,2026-08-18 02:50:00
6.352,6.5426,48028,48421,394,SL,1.165,5.982,-3.0,0.1,-3.1,-31.0,False,AVAXUSDT,2,FADE,SELL,48027,2026-08-18 06:35:00
7.697,7.527,49171,49536,366,REVERSE_SIGNAL,5.496,0.546,2.209,0.1,2.109,21.09,True,AVAXUSDT,2,TREND,SELL,49170,2026-08-22 05:50:00
7.527,7.414,49537,49700,164,SL,2.006,1.82,-1.501,0.1,-1.601,-16.01,False,AVAXUSDT,2,TREND,BUY,49536,2026-08-23 12:20:00
7.443,7.585,49702,49856,155,REVERSE_SIGNAL,2.324,0.524,1.908,0.1,1.808,18.08,True,AVAXUSDT,2,FADE,BUY,49701,2026-08-24 02:05:00
7.585,7.68,49857,49999,143,REVERSE_SIGNAL,1.345,1.951,-1.252,0.1,-1.352,-13.52,False,AVAXUSDT,2,FADE,SELL,49856,2026-08-24 15:00:00
653.53,665.13,182,266,85,REVERSE_SIGNAL,1.83,0.741,1.775,0.1,1.675,16.75,True,BNBUSDT,2,FADE,BUY,181,2026-03-05 03:25:00
665.13,647.9,267,333,67,REVERSE_SIGNAL,2.59,0.077,2.59,0.1,2.49,24.9,True,BNBUSDT,2,FADE,SELL,266,2026-03-05 10:30:00
647.9,628.463,334,603,270,SL,1.046,3.144,-3.0,0.1,-3.1,-31.0,False,BNBUSDT,2,FADE,BUY,333,2026-03-05 16:05:00
623.19,614.22,1129,1167,39,REVERSE_SIGNAL,1.666,0.141,1.439,0.1,1.339,13.39,True,BNBUSDT,2,FADE,SELL,1128,2026-03-08 10:20:00
614.22,618.8,1168,1250,83,REVERSE_SIGNAL,0.444,0.897,-0.746,0.1,-0.846,-8.46,False,BNBUSDT,2,TREND,SELL,1167,2026-03-08 13:35:00
618.8,614.03,1251,1282,32,REVERSE_SIGNAL,1.816,0.183,0.771,0.1,0.671,6.71,True,BNBUSDT,2,FADE,SELL,1250,2026-03-08 20:30:00
614.03,622.94,1283,1337,55,REVERSE_SIGNAL,2.319,0.533,1.451,0.1,1.351,13.51,True,BNBUSDT,2,FADE,BUY,1282,2026-03-08 23:10:00
622.94,641.6282,1338,1490,153,SL,0.761,3.02,-3.0,0.1,-3.1,-31.0,False,BNBUSDT,2,FADE,SELL,1337,2026-03-09 03:45:00
640.48,651.8,1842,2031,190,REVERSE_SIGNAL,1.844,0.981,1.767,0.1,1.667,16.67,True,BNBUSDT,2,FADE,BUY,1841,2026-03-10 21:45:00
651.8,645.55,2032,2185,154,REVERSE_SIGNAL,1.528,0.746,0.959,0.1,0.859,8.59,True,BNBUSDT,2,FADE,SELL,2031,2026-03-11 13:35:00
645.55,650.11,2186,2279,94,REVERSE_SIGNAL,0.875,0.598,0.706,0.1,0.606,6.06,True,BNBUSDT,2,FADE,BUY,2185,2026-03-12 02:25:00
650.11,663.31,2280,2644,365,REVERSE_SIGNAL,4.535,0.7,2.03,0.1,1.93,19.3,True,BNBUSDT,2,TREND,BUY,2279,2026-03-12 10:15:00
663.31,654.8,2645,3002,358,REVERSE_SIGNAL,2.011,0.21,1.283,0.1,1.183,11.83,True,BNBUSDT,2,TREND,SELL,2644,2026-03-13 16:40:00
654.8,660.0,3003,3188,186,REVERSE_SIGNAL,0.073,1.807,-0.794,0.1,-0.894,-8.94,False,BNBUSDT,2,FADE,SELL,3002,2026-03-14 22:30:00
660.0,663.97,3189,3275,87,REVERSE_SIGNAL,0.826,0.298,0.602,0.1,0.502,5.02,True,BNBUSDT,2,FADE,BUY,3188,2026-03-15 14:00:00
663.97,671.93,3276,3500,225,REVERSE_SIGNAL,3.598,0.002,1.199,0.1,1.099,10.99,True,BNBUSDT,2,TREND,BUY,3275,2026-03-15 21:15:00
671.93,683.12,3501,3579,79,REVERSE_SIGNAL,1.912,0.015,1.665,0.1,1.565,15.65,True,BNBUSDT,2,FADE,BUY,3500,2026-03-16 16:00:00
683.12,672.42,3580,3651,72,REVERSE_SIGNAL,1.616,0.509,1.566,0.1,1.466,14.66,True,BNBUSDT,2,FADE,SELL,3579,2026-03-16 22:35:00
672.42,673.27,3652,3852,201,REVERSE_SIGNAL,0.711,1.371,0.126,0.1,0.026,0.26,True,BNBUSDT,2,FADE,BUY,3651,2026-03-17 04:35:00
673.27,668.0,3853,3887,35,REVERSE_SIGNAL,0.964,0.151,0.783,0.1,0.683,6.83,True,BNBUSDT,2,FADE,SELL,3852,2026-03-17 21:20:00
668.0,672.5831,3888,3924,37,SL,0.382,0.76,-0.686,0.1,-0.786,-7.86,False,BNBUSDT,2,TREND,SELL,3887,2026-03-18 00:15:00
673.42,661.71,3959,4023,65,REVERSE_SIGNAL,1.804,0.425,1.739,0.1,1.639,16.39,True,BNBUSDT,2,FADE,SELL,3958,2026-03-18 06:10:00
661.71,641.79,4024,4439,416,REVERSE_SIGNAL,4.339,0.372,3.01,0.1,2.91,29.1,True,BNBUSDT,2,TREND,SELL,4023,2026-03-18 11:35:00
641.79,639.07,4440,4626,187,REVERSE_SIGNAL,0.605,0.863,0.424,0.1,0.324,3.24,True,BNBUSDT,2,FADE,SELL,4439,2026-03-19 22:15:00
639.07,642.46,4627,4815,189,REVERSE_SIGNAL,0.836,0.465,0.53,0.1,0.43,4.3,True,BNBUSDT,2,FADE,BUY,4626,2026-03-20 13:50:00
642.46,641.07,4816,4954,139,REVERSE_SIGNAL,0.3,0.605,0.216,0.1,0.116,1.16,True,BNBUSDT,2,FADE,SELL,4815,2026-03-21 05:35:00
641.07,631.54,4955,5395,441,REVERSE_SIGNAL,3.043,0.24,1.487,0.1,1.387,13.87,True,BNBUSDT,2,TREND,SELL,4954,2026-03-21 17:10:00
631.54,626.6895,5396,5403,8,SL,0.002,1.283,-0.768,0.1,-0.868,-8.68,False,BNBUSDT,2,TREND,BUY,5395,2026-03-23 05:55:00
621.14,647.24,5409,5458,50,REVERSE_SIGNAL,4.756,0.184,4.202,0.1,4.102,41.02,True,BNBUSDT,2,FADE,BUY,5408,2026-03-23 07:00:00
647.24,635.43,5459,5627,169,REVERSE_SIGNAL,2.225,0.508,1.825,0.1,1.725,17.25,True,BNBUSDT,2,FADE,SELL,5458,2026-03-23 11:10:00
635.43,635.68,5628,5705,78,REVERSE_SIGNAL,1.306,0.236,-0.039,0.1,-0.139,-1.39,False,BNBUSDT,2,TREND,SELL,5627,2026-03-24 01:15:00
635.68,631.7,5706,5786,81,REVERSE_SIGNAL,1.008,0.669,0.626,0.1,0.526,5.26,True,BNBUSDT,2,FADE,SELL,5705,2026-03-24 07:45:00
631.7,636.63,5787,5862,76,REVERSE_SIGNAL,0.91,0.798,0.78,0.1,0.68,6.8,True,BNBUSDT,2,FADE,BUY,5786,2026-03-24 14:30:00
636.63,643.65,5863,6222,360,REVERSE_SIGNAL,2.6,0.254,1.103,0.1,1.003,10.03,True,BNBUSDT,2,TREND,BUY,5862,2026-03-24 20:50:00
643.65,628.98,6223,6442,220,REVERSE_SIGNAL,3.266,0.044,2.279,0.1,2.179,21.79,True,BNBUSDT,2,TREND,SELL,6222,2026-03-26 02:50:00
628.98,626.54,6443,6527,85,REVERSE_SIGNAL,0.676,0.456,0.388,0.1,0.288,2.88,True,BNBUSDT,2,FADE,SELL,6442,2026-03-26 21:10:00
626.54,613.2,6528,6768,241,REVERSE_SIGNAL,3.361,0.533,2.129,0.1,2.029,20.29,True,BNBUSDT,2,TREND,SELL,6527,2026-03-27 04:15:00
613.2,612.07,6769,7044,276,REVERSE_SIGNAL,0.566,0.913,0.184,0.1,0.084,0.84,True,BNBUSDT,2,FADE,SELL,6768,2026-03-28 00:20:00
612.07,614.05,7045,7367,323,REVERSE_SIGNAL,0.544,2.624,0.323,0.1,0.223,2.23,True,BNBUSDT,2,FADE,BUY,7044,2026-03-28 23:20:00
614.05,613.79,7368,7554,187,REVERSE_SIGNAL,0.35,1.254,0.042,0.1,-0.058,-0.58,False,BNBUSDT,2,FADE,SELL,7367,2026-03-30 02:15:00
613.79,618.5564,7555,7646,92,SL,1.07,0.995,-0.777,0.1,-0.877,-8.77,False,BNBUSDT,2,TREND,SELL,7554,2026-03-30 17:50:00
616.78,607.53,7651,7732,82,REVERSE_SIGNAL,1.545,0.156,1.5,0.1,1.4,14.0,True,BNBUSDT,2,FADE,SELL,7650,2026-03-31 01:50:00
607.53,613.5914,7733,7794,62,SL,1.47,1.055,-0.998,0.1,-1.098,-10.98,False,BNBUSDT,2,TREND,SELL,7732,2026-03-31 08:40:00
615.29,611.71,7800,8082,283,REVERSE_SIGNAL,1.416,1.198,0.582,0.1,0.482,4.82,True,BNBUSDT,2,FADE,SELL,7799,2026-03-31 14:15:00
611.71,593.3587,8083,8248,166,SL,1.352,3.222,-3.0,0.1,-3.1,-31.0,False,BNBUSDT,2,FADE,BUY,8082,2026-04-01 13:50:00
583.08,588.88,8443,9142,700,REVERSE_SIGNAL,2.368,0.264,0.995,0.1,0.895,8.95,True,BNBUSDT,2,TREND,BUY,8442,2026-04-02 19:50:00
588.88,594.18,9143,9203,61,REVERSE_SIGNAL,1.131,0.178,0.9,0.1,0.8,8.0,True,BNBUSDT,2,FADE,BUY,9142,2026-04-05 06:10:00
594.18,589.66,9204,9224,21,REVERSE_SIGNAL,0.838,0.012,0.761,0.1,0.661,6.61,True,BNBUSDT,2,FADE,SELL,9203,2026-04-05 11:15:00
589.66,593.2,9225,9261,37,REVERSE_SIGNAL,1.192,0.405,0.6,0.1,0.5,5.0,True,BNBUSDT,2,FADE,BUY,9224,2026-04-05 13:00:00
593.2,601.91,9262,9630,369,REVERSE_SIGNAL,2.967,0.421,1.468,0.1,1.368,13.68,True,BNBUSDT,2,TREND,BUY,9261,2026-04-05 16:05:00
601.91,602.99,9631,9752,122,REVERSE_SIGNAL,0.927,0.206,-0.179,0.1,-0.279,-2.79,False,BNBUSDT,2,TREND,SELL,9630,2026-04-06 22:50:00
602.99,597.97,9753,9776,24,REVERSE_SIGNAL,1.0,0.614,0.833,0.1,0.733,7.33,True,BNBUSDT,2,FADE,SELL,9752,2026-04-07 09:00:00
597.97,602.04,9777,9851,75,REVERSE_SIGNAL,0.855,0.962,0.681,0.1,0.581,5.81,True,BNBUSDT,2,FADE,BUY,9776,2026-04-07 11:00:00
602.04,612.71,9852,10055,204,REVERSE_SIGNAL,3.877,0.096,1.772,0.1,1.672,16.72,True,BNBUSDT,2,TREND,BUY,9851,2026-04-07 17:15:00
612.71,603.6,10056,10375,320,REVERSE_SIGNAL,0.579,2.541,-1.487,0.1,-1.587,-15.87,False,BNBUSDT,2,FADE,BUY,10055,2026-04-08 10:15:00
603.6,600.5252,10376,10387,12,SL,0.058,0.532,-0.509,0.1,-0.609,-6.09,False,BNBUSDT,2,TREND,BUY,10375,2026-04-09 12:55:00
602.43,606.73,10510,10680,171,REVERSE_SIGNAL,0.725,0.772,0.714,0.1,0.614,6.14,True,BNBUSDT,2,FADE,BUY,10509,2026-04-10 00:05:00
606.73,605.15,10681,10806,126,REVERSE_SIGNAL,0.582,0.663,0.26,0.1,0.16,1.6,True,BNBUSDT,2,FADE,SELL,10680,2026-04-10 14:20:00
605.15,608.52,10807,11015,209,REVERSE_SIGNAL,0.661,0.236,0.557,0.1,0.457,4.57,True,BNBUSDT,2,FADE,BUY,10806,2026-04-11 00:50:00
608.52,606.66,11016,11091,76,REVERSE_SIGNAL,0.383,0.994,0.306,0.1,0.206,2.06,True,BNBUSDT,2,FADE,SELL,11015,2026-04-11 18:15:00
606.66,595.54,11092,11338,247,REVERSE_SIGNAL,2.883,0.203,1.833,0.1,1.733,17.33,True,BNBUSDT,2,TREND,SELL,11091,2026-04-12 00:35:00
595.54,592.0131,11339,11353,15,SL,0.076,0.673,-0.592,0.1,-0.692,-6.92,False,BNBUSDT,2,TREND,BUY,11338,2026-04-12 21:10:00
613.91,618.0,11896,12076,181,REVERSE_SIGNAL,1.051,0.5,0.666,0.1,0.566,5.66,True,BNBUSDT,2,FADE,BUY,11895,2026-04-14 19:35:00
618.0,620.86,12077,12360,284,REVERSE_SIGNAL,0.282,1.649,-0.463,0.1,-0.563,-5.63,False,BNBUSDT,2,FADE,SELL,12076,2026-04-15 10:40:00
620.86,626.58,12361,12435,75,REVERSE_SIGNAL,1.214,0.929,0.921,0.1,0.821,8.21,True,BNBUSDT,2,FADE,BUY,12360,2026-04-16 10:20:00
626.58,628.91,12436,12553,118,REVERSE_SIGNAL,1.826,0.434,0.372,0.1,0.272,2.72,True,BNBUSDT,2,TREND,BUY,12435,2026-04-16 16:35:00
628.91,634.4508,12554,12637,84,SL,0.301,1.026,-0.881,0.1,-0.981,-9.81,False,BNBUSDT,2,TREND,SELL,12553,2026-04-17 02:25:00
633.32,636.92,12671,12914,244,REVERSE_SIGNAL,2.506,0.129,0.568,0.1,0.468,4.68,True,BNBUSDT,2,TREND,BUY,12670,2026-04-17 12:10:00
636.92,625.79,12915,13263,349,REVERSE_SIGNAL,0.141,2.941,-1.747,0.1,-1.847,-18.47,False,BNBUSDT,2,FADE,BUY,12914,2026-04-18 08:30:00
625.79,616.84,13264,13364,101,REVERSE_SIGNAL,1.528,0.452,1.43,0.1,1.33,13.3,True,BNBUSDT,2,FADE,SELL,13263,2026-04-19 13:35:00
616.84,624.61,13365,13471,107,REVERSE_SIGNAL,1.302,0.276,1.26,0.1,1.16,11.6,True,BNBUSDT,2,FADE,BUY,13364,2026-04-19 22:00:00
624.61,631.63,13472,13833,362,REVERSE_SIGNAL,0.552,2.589,-1.124,0.1,-1.224,-12.24,False,BNBUSDT,2,FADE,SELL,13471,2026-04-20 06:55:00
631.63,633.02,13834,13978,145,REVERSE_SIGNAL,0.621,1.031,0.22,0.1,0.12,1.2,True,BNBUSDT,2,FADE,BUY,13833,2026-04-21 13:05:00
633.02,641.76,13979,14208,230,REVERSE_SIGNAL,3.455,0.248,1.381,0.1,1.281,12.81,True,BNBUSDT,2,TREND,BUY,13978,2026-04-22 01:10:00
641.76,638.53,14209,14437,229,REVERSE_SIGNAL,1.642,0.31,0.503,0.1,0.403,4.03,True,BNBUSDT,2,TREND,SELL,14208,2026-04-22 20:20:00
638.53,634.65,14438,14583,146,REVERSE_SIGNAL,1.132,0.34,0.608,0.1,0.508,5.08,True,BNBUSDT,2,FADE,SELL,14437,2026-04-23 15:25:00
634.65,638.09,14584,14682,99,REVERSE_SIGNAL,0.707,0.377,0.542,0.1,0.442,4.42,True,BNBUSDT,2,FADE,BUY,14583,2026-04-24 03:35:00
638.09,634.73,14683,14969,287,REVERSE_SIGNAL,0.536,0.437,0.527,0.1,0.427,4.27,True,BNBUSDT,2,FADE,SELL,14682,2026-04-24 11:50:00
634.73,632.32,14970,15180,211,REVERSE_SIGNAL,0.121,1.194,-0.38,0.1,-0.48,-4.8,False,BNBUSDT,2,FADE,BUY,14969,2026-04-25 11:45:00
632.32,631.14,15181,15468,288,REVERSE_SIGNAL,0.454,1.275,0.187,0.1,0.087,0.87,True,BNBUSDT,2,FADE,SELL,15180,2026-04-26 05:20:00
631.14,627.52,15469,15690,222,REVERSE_SIGNAL,0.067,1.962,-0.574,0.1,-0.674,-6.74,False,BNBUSDT,2,FADE,BUY,15468,2026-04-27 05:20:00
627.52,623.63,15691,15780,90,REVERSE_SIGNAL,0.88,0.073,0.62,0.1,0.52,5.2,True,BNBUSDT,2,FADE,SELL,15690,2026-04-27 23:50:00
623.63,625.16,15781,15983,203,REVERSE_SIGNAL,0.335,0.694,0.245,0.1,0.145,1.45,True,BNBUSDT,2,FADE,BUY,15780,2026-04-28 07:20:00
625.16,622.77,15984,16130,147,REVERSE_SIGNAL,0.441,0.758,0.382,0.1,0.282,2.82,True,BNBUSDT,2,FADE,SELL,15983,2026-04-29 00:15:00
622.77,620.15,16131,16281,151,REVERSE_SIGNAL,0.265,2.004,-0.421,0.1,-0.521,-5.21,False,BNBUSDT,2,FADE,BUY,16130,2026-04-29 12:30:00
620.15,616.5558,16282,16299,18,SL,0.121,0.632,-0.58,0.1,-0.68,-6.8,False,BNBUSDT,2,TREND,BUY,16281,2026-04-30 01:05:00
614.95,618.474,16328,16361,34,SL,0.205,0.592,-0.573,0.1,-0.673,-6.73,False,BNBUSDT,2,TREND,SELL,16327,2026-04-30 04:55:00
618.45,615.63,16510,16540,31,REVERSE_SIGNAL,0.501,0.089,0.456,0.1,0.356,3.56,True,BNBUSDT,2,FADE,SELL,16509,2026-04-30 20:05:00
615.63,620.73,16541,16596,56,REVERSE_SIGNAL,0.992,0.101,0.828,0.1,0.728,7.28,True,BNBUSDT,2,FADE,BUY,16540,2026-04-30 22:40:00
620.73,617.31,16597,16807,211,REVERSE_SIGNAL,0.393,0.719,-0.551,0.1,-0.651,-6.51,False,BNBUSDT,2,TREND,BUY,16596,2026-05-01 03:20:00
617.31,617.58,16808,17015,208,REVERSE_SIGNAL,0.138,0.536,0.044,0.1,-0.056,-0.56,False,BNBUSDT,2,FADE,BUY,16807,2026-05-01 20:55:00
617.58,616.52,17016,17153,138,REVERSE_SIGNAL,0.243,0.75,0.172,0.1,0.072,0.72,True,BNBUSDT,2,FADE,SELL,17015,2026-05-02 14:15:00
616.52,619.32,17154,17243,90,REVERSE_SIGNAL,0.47,0.195,0.454,0.1,0.354,3.54,True,BNBUSDT,2,FADE,BUY,17153,2026-05-03 01:45:00
619.32,616.2,17244,17424,181,REVERSE_SIGNAL,0.567,0.552,0.504,0.1,0.404,4.04,True,BNBUSDT,2,FADE,SELL,17243,2026-05-03 09:15:00
616.2,620.3675,17425,17438,14,SL,0.055,0.784,-0.676,0.1,-0.776,-7.76,False,BNBUSDT,2,TREND,SELL,17424,2026-05-04 00:20:00
624.81,620.8,17448,17544,97,REVERSE_SIGNAL,2.361,0.725,-0.642,0.1,-0.742,-7.42,False,BNBUSDT,2,TREND,BUY,17447,2026-05-04 02:15:00
620.8,626.96,17545,17761,217,REVERSE_SIGNAL,1.364,0.056,0.992,0.1,0.892,8.92,True,BNBUSDT,2,FADE,BUY,17544,2026-05-04 10:20:00
626.96,645.7688,17762,18102,341,SL,0.153,3.005,-3.0,0.1,-3.1,-31.0,False,BNBUSDT,2,FADE,SELL,17761,2026-05-05 04:25:00
643.8,652.63,18297,18374,78,REVERSE_SIGNAL,1.387,0.295,1.372,0.1,1.272,12.72,True,BNBUSDT,2,FADE,BUY,18296,2026-05-07 01:00:00
652.63,645.7063,18375,18449,75,SL,0.202,1.07,-1.061,0.1,-1.161,-11.61,False,BNBUSDT,2,TREND,BUY,18374,2026-05-07 07:30:00
643.02,640.78,18462,18717,256,REVERSE_SIGNAL,0.398,1.435,-0.348,0.1,-0.448,-4.48,False,BNBUSDT,2,FADE,BUY,18461,2026-05-07 14:45:00
640.78,638.1071,18718,18733,16,SL,0.119,0.468,-0.417,0.1,-0.517,-5.17,False,BNBUSDT,2,TREND,BUY,18717,2026-05-08 12:05:00
649.02,652.21,18982,19114,133,REVERSE_SIGNAL,0.569,0.364,0.492,0.1,0.392,3.92,True,BNBUSDT,2,FADE,BUY,18981,2026-05-09 10:05:00
652.21,649.4465,19115,19148,34,SL,0.054,0.439,-0.424,0.1,-0.524,-5.24,False,BNBUSDT,2,TREND,BUY,19114,2026-05-09 21:10:00
647.39,651.29,19160,19259,100,REVERSE_SIGNAL,0.655,0.338,0.602,0.1,0.502,5.02,True,BNBUSDT,2,FADE,BUY,19159,2026-05-10 00:55:00
651.29,651.23,19260,19402,143,REVERSE_SIGNAL,0.524,1.838,0.009,0.1,-0.091,-0.91,False,BNBUSDT,2,FADE,SELL,19259,2026-05-10 09:15:00
651.23,665.97,19403,19422,20,REVERSE_SIGNAL,2.446,0.021,2.263,0.1,2.163,21.63,True,BNBUSDT,2,FADE,BUY,19402,2026-05-10 21:10:00
665.97,656.15,19423,19470,48,REVERSE_SIGNAL,1.757,0.194,1.475,0.1,1.375,13.75,True,BNBUSDT,2,FADE,SELL,19422,2026-05-10 22:50:00
656.15,657.35,19471,19617,147,REVERSE_SIGNAL,0.184,0.985,0.183,0.1,0.083,0.83,True,BNBUSDT,2,FADE,BUY,19470,2026-05-11 02:50:00
657.35,661.61,19618,19802,185,REVERSE_SIGNAL,2.471,0.067,0.648,0.1,0.548,5.48,True,BNBUSDT,2,TREND,BUY,19617,2026-05-11 15:05:00
661.61,661.92,19803,19953,151,REVERSE_SIGNAL,0.555,1.696,0.047,0.1,-0.053,-0.53,False,BNBUSDT,2,FADE,BUY,19802,2026-05-12 06:30:00
661.92,672.78,19954,20164,211,REVERSE_SIGNAL,3.659,0.026,1.641,0.1,1.541,15.41,True,BNBUSDT,2,TREND,BUY,19953,2026-05-12 19:05:00
672.78,674.96,20165,20310,146,REVERSE_SIGNAL,0.74,1.289,0.324,0.1,0.224,2.24,True,BNBUSDT,2,FADE,BUY,20164,2026-05-13 12:40:00
674.96,670.7949,20311,20334,24,SL,0.246,0.802,-0.617,0.1,-0.717,-7.17,False,BNBUSDT,2,TREND,BUY,20310,2026-05-14 00:50:00
666.28,678.59,20346,20455,110,REVERSE_SIGNAL,1.881,0.099,1.848,0.1,1.748,17.48,True,BNBUSDT,2,FADE,BUY,20345,2026-05-14 03:45:00
678.59,676.61,20456,20659,204,REVERSE_SIGNAL,0.676,1.446,0.292,0.1,0.192,1.92,True,BNBUSDT,2,FADE,SELL,20455,2026-05-14 12:55:00
676.61,685.0,20660,20681,22,REVERSE_SIGNAL,1.938,0.083,1.24,0.1,1.14,11.4,True,BNBUSDT,2,FADE,BUY,20659,2026-05-15 05:55:00
685.0,678.8332,20682,20750,69,SL,0.81,1.109,-0.9,0.1,-1.0,-10.0,False,BNBUSDT,2,TREND,BUY,20681,2026-05-15 07:45:00
675.82,655.5454,20753,20987,235,SL,0.204,3.485,-3.0,0.1,-3.1,-31.0,False,BNBUSDT,2,FADE,BUY,20752,2026-05-15 13:40:00
656.99,651.99,21132,21172,41,REVERSE_SIGNAL,0.836,0.149,0.761,0.1,0.661,6.61,True,BNBUSDT,2,FADE,SELL,21131,2026-05-16 21:15:00
651.99,656.36,21173,21403,231,REVERSE_SIGNAL,0.896,0.262,0.67,0.1,0.57,5.7,True,BNBUSDT,2,FADE,BUY,21172,2026-05-17 00:40:00
656.36,645.34,21404,21448,45,REVERSE_SIGNAL,2.493,0.233,1.679,0.1,1.579,15.79,True,BNBUSDT,2,FADE,SELL,21403,2026-05-17 19:55:00
645.34,645.1,21449,21692,244,REVERSE_SIGNAL,0.738,1.691,-0.037,0.1,-0.137,-1.37,False,BNBUSDT,2,FADE,BUY,21448,2026-05-17 23:40:00
645.1,641.29,21693,21857,165,REVERSE_SIGNAL,0.775,0.367,0.591,0.1,0.491,4.91,True,BNBUSDT,2,FADE,SELL,21692,2026-05-18 20:00:00
641.29,642.66,21858,22102,245,REVERSE_SIGNAL,0.413,0.753,0.214,0.1,0.114,1.14,True,BNBUSDT,2,FADE,BUY,21857,2026-05-19 09:45:00
642.66,648.78,22103,22447,345,REVERSE_SIGNAL,0.162,2.149,-0.952,0.1,-1.052,-10.52,False,BNBUSDT,2,FADE,SELL,22102,2026-05-20 06:10:00
648.78,658.46,22448,22527,80,REVERSE_SIGNAL,1.729,0.33,1.492,0.1,1.392,13.92,True,BNBUSDT,2,FADE,BUY,22447,2026-05-21 10:55:00
658.46,656.48,22528,22735,208,REVERSE_SIGNAL,0.548,0.509,0.301,0.1,0.201,2.01,True,BNBUSDT,2,FADE,SELL,22527,2026-05-21 17:35:00
656.48,661.41,22736,22762,27,REVERSE_SIGNAL,0.81,0.12,0.751,0.1,0.651,6.51,True,BNBUSDT,2,FADE,BUY,22735,2026-05-22 10:55:00
661.41,655.32,22763,22828,66,REVERSE_SIGNAL,0.962,0.535,0.921,0.1,0.821,8.21,True,BNBUSDT,2,FADE,SELL,22762,2026-05-22 13:10:00
655.32,645.46,22829,23067,239,REVERSE_SIGNAL,3.101,0.002,1.505,0.1,1.405,14.05,True,BNBUSDT,2,TREND,SELL,22828,2026-05-22 18:40:00
645.46,656.87,23068,23355,288,REVERSE_SIGNAL,2.934,0.023,1.768,0.1,1.668,16.68,True,BNBUSDT,2,TREND,BUY,23067,2026-05-23 14:35:00
656.87,659.03,23356,23477,122,REVERSE_SIGNAL,1.046,0.489,-0.329,0.1,-0.429,-4.29,False,BNBUSDT,2,TREND,SELL,23355,2026-05-24 14:35:00
659.03,662.35,23478,23680,203,REVERSE_SIGNAL,0.451,2.197,-0.504,0.1,-0.604,-6.04,False,BNBUSDT,2,FADE,SELL,23477,2026-05-25 00:45:00
662.35,664.29,23681,23885,205,REVERSE_SIGNAL,0.397,1.019,0.293,0.1,0.193,1.93,True,BNBUSDT,2,FADE,BUY,23680,2026-05-25 17:40:00
664.29,658.2542,23886,23946,61,SL,0.634,1.003,-0.909,0.1,-1.009,-10.09,False,BNBUSDT,2,TREND,BUY,23885,2026-05-26 10:45:00
656.85,658.2,23971,24235,265,REVERSE_SIGNAL,0.431,0.967,0.206,0.1,0.106,1.06,True,BNBUSDT,2,FADE,BUY,23970,2026-05-26 17:50:00
658.2,653.0905,24236,24250,15,SL,0.34,0.895,-0.776,0.1,-0.876,-8.76,False,BNBUSDT,2,TREND,BUY,24235,2026-05-27 15:55:00
649.39,640.39,24305,24538,234,REVERSE_SIGNAL,3.229,0.176,1.386,0.1,1.286,12.86,True,BNBUSDT,2,TREND,SELL,24304,2026-05-27 21:40:00
640.39,635.23,24539,24648,110,REVERSE_SIGNAL,0.406,0.814,-0.806,0.1,-0.906,-9.06,False,BNBUSDT,2,TREND,BUY,24538,2026-05-28 17:10:00
635.23,641.35,24649,24742,94,REVERSE_SIGNAL,0.979,0.17,0.963,0.1,0.863,8.63,True,BNBUSDT,2,FADE,BUY,24648,2026-05-29 02:20:00
641.35,636.14,24743,24770,28,REVERSE_SIGNAL,0.936,0.023,0.812,0.1,0.712,7.12,True,BNBUSDT,2,FADE,SELL,24742,2026-05-29 10:10:00
636.14,644.35,24771,24822,52,REVERSE_SIGNAL,1.317,0.784,1.291,0.1,1.191,11.91,True,BNBUSDT,2,FADE,BUY,24770,2026-05-29 12:30:00
644.35,721.81,24823,25293,471,REVERSE_SIGNAL,15.867,1.03,12.021,0.1,11.921,119.21,True,BNBUSDT,2,TREND,BUY,24822,2026-05-29 16:50:00
721.81,700.1557,25294,25504,211,SL,1.735,3.964,-3.0,0.1,-3.1,-31.0,False,BNBUSDT,2,FADE,BUY,25293,2026-05-31 08:05:00
718.31,690.7957,25601,25630,30,SL,1.822,4.467,-3.83,0.1,-3.93,-39.3,False,BNBUSDT,2,TREND,BUY,25600,2026-06-01 09:40:00
682.81,698.94,25656,25726,71,REVERSE_SIGNAL,1.268,2.43,-2.362,0.1,-2.462,-24.62,False,BNBUSDT,2,TREND,SELL,25655,2026-06-01 14:15:00
698.94,688.4922,25727,25790,64,SL,0.438,1.701,-1.495,0.1,-1.595,-15.95,False,BNBUSDT,2,TREND,BUY,25726,2026-06-01 20:10:00
685.63,665.0611,25838,25958,121,SL,0.219,3.295,-3.0,0.1,-3.1,-31.0,False,BNBUSDT,2,FADE,BUY,25837,2026-06-02 05:25:00
608.86,596.25,26579,26671,93,REVERSE_SIGNAL,2.268,0.266,2.071,0.1,1.971,19.71,True,BNBUSDT,2,FADE,SELL,26578,2026-06-04 19:10:00
596.25,580.04,26672,27235,564,REVERSE_SIGNAL,6.603,1.174,2.719,0.1,2.619,26.19,True,BNBUSDT,2,TREND,SELL,26671,2026-06-05 02:55:00
580.04,592.75,27236,27568,333,REVERSE_SIGNAL,5.37,0.478,2.191,0.1,2.091,20.91,True,BNBUSDT,2,TREND,BUY,27235,2026-06-07 01:55:00
592.75,604.02,27569,27680,112,REVERSE_SIGNAL,2.055,0.086,1.901,0.1,1.801,18.01,True,BNBUSDT,2,FADE,BUY,27568,2026-06-08 05:40:00
604.02,601.17,27681,27790,110,REVERSE_SIGNAL,0.487,1.121,0.472,0.1,0.372,3.72,True,BNBUSDT,2,FADE,SELL,27680,2026-06-08 15:00:00
601.17,603.91,27791,27876,86,REVERSE_SIGNAL,0.772,1.324,0.456,0.1,0.356,3.56,True,BNBUSDT,2,FADE,BUY,27790,2026-06-09 00:10:00
603.91,597.18,27877,27938,62,REVERSE_SIGNAL,1.255,0.149,1.114,0.1,1.014,10.14,True,BNBUSDT,2,FADE,SELL,27876,2026-06-09 07:20:00
597.18,594.85,27939,28239,301,REVERSE_SIGNAL,2.726,0.316,0.39,0.1,0.29,2.9,True,BNBUSDT,2,TREND,SELL,27938,2026-06-09 12:30:00
594.85,582.62,28240,28343,104,REVERSE_SIGNAL,2.106,0.676,2.056,0.1,1.956,19.56,True,BNBUSDT,2,FADE,SELL,28239,2026-06-10 13:35:00
582.62,591.1496,28344,28378,35,SL,0.021,1.61,-1.464,0.1,-1.564,-15.64,False,BNBUSDT,2,TREND,SELL,28343,2026-06-10 22:15:00
591.82,599.13,28399,28729,331,REVERSE_SIGNAL,2.732,0.032,1.235,0.1,1.135,11.35,True,BNBUSDT,2,TREND,BUY,28398,2026-06-11 02:50:00
599.13,605.08,28730,28757,28,REVERSE_SIGNAL,1.072,0.392,0.993,0.1,0.893,8.93,True,BNBUSDT,2,FADE,BUY,28729,2026-06-12 06:25:00
605.08,603.39,28758,28918,161,REVERSE_SIGNAL,0.413,1.458,0.279,0.1,0.179,1.79,True,BNBUSDT,2,FADE,SELL,28757,2026-06-12 08:45:00
603.39,605.67,28919,29068,150,REVERSE_SIGNAL,0.527,0.612,0.378,0.1,0.278,2.78,True,BNBUSDT,2,FADE,BUY,28918,2026-06-12 22:10:00
605.67,605.58,29069,29406,338,REVERSE_SIGNAL,0.109,1.283,0.015,0.1,-0.085,-0.85,False,BNBUSDT,2,FADE,SELL,29068,2026-06-13 10:40:00
605.58,614.5,29407,29486,80,REVERSE_SIGNAL,1.519,0.426,1.473,0.1,1.373,13.73,True,BNBUSDT,2,FADE,BUY,29406,2026-06-14 14:50:00
614.5,619.93,29487,29767,281,REVERSE_SIGNAL,3.037,0.402,0.884,0.1,0.784,7.84,True,BNBUSDT,2,TREND,BUY,29486,2026-06-14 21:30:00
619.93,619.41,29768,29912,145,REVERSE_SIGNAL,0.224,1.407,-0.084,0.1,-0.184,-1.84,False,BNBUSDT,2,FADE,BUY,29767,2026-06-15 20:55:00
619.41,605.69,29913,29966,54,REVERSE_SIGNAL,3.009,0.0,2.215,0.1,2.115,21.15,True,BNBUSDT,2,FADE,SELL,29912,2026-06-16 09:00:00
605.69,609.59,29967,30249,283,REVERSE_SIGNAL,1.108,0.75,0.644,0.1,0.544,5.44,True,BNBUSDT,2,FADE,BUY,29966,2026-06-16 13:30:00
609.59,599.03,30250,30331,82,REVERSE_SIGNAL,2.005,0.543,1.732,0.1,1.632,16.32,True,BNBUSDT,2,FADE,SELL,30249,2026-06-17 13:05:00
599.03,578.38,30332,30844,513,REVERSE_SIGNAL,4.731,0.92,3.447,0.1,3.347,33.47,True,BNBUSDT,2,TREND,SELL,30331,2026-06-17 19:55:00
578.38,587.18,30845,31398,554,REVERSE_SIGNAL,0.323,2.402,-1.521,0.1,-1.621,-16.21,False,BNBUSDT,2,FADE,SELL,30844,2026-06-19 14:40:00
587.18,591.89,31399,31470,72,REVERSE_SIGNAL,0.846,0.031,0.802,0.1,0.702,7.02,True,BNBUSDT,2,FADE,BUY,31398,2026-06-21 12:50:00
591.89,586.36,31471,31499,29,REVERSE_SIGNAL,1.08,0.164,0.934,0.1,0.834,8.34,True,BNBUSDT,2,FADE,SELL,31470,2026-06-21 18:50:00
586.36,593.7,31500,31557,58,REVERSE_SIGNAL,1.634,0.428,1.252,0.1,1.152,11.52,True,BNBUSDT,2,FADE,BUY,31499,2026-06-21 21:15:00
593.7,591.58,31558,31762,205,REVERSE_SIGNAL,0.721,1.531,0.357,0.1,0.257,2.57,True,BNBUSDT,2,FADE,SELL,31557,2026-06-22 02:05:00
591.58,573.8326,31763,31920,158,SL,0.304,3.262,-3.0,0.1,-3.1,-31.0,False,BNBUSDT,2,FADE,BUY,31762,2026-06-22 19:10:00
579.9,574.7781,32111,32160,50,SL,0.319,0.943,-0.883,0.1,-0.983,-9.83,False,BNBUSDT,2,TREND,BUY,32110,2026-06-24 00:10:00
574.27,578.6538,32244,32249,6,SL,0.028,1.405,-0.763,0.1,-0.863,-8.63,False,BNBUSDT,2,TREND,SELL,32243,2026-06-24 11:15:00
563.45,564.03,32378,32526,149,REVERSE_SIGNAL,1.643,0.154,0.103,0.1,0.003,0.03,True,BNBUSDT,2,TREND,BUY,32377,2026-06-24 22:25:00
564.03,560.32,32527,32667,141,REVERSE_SIGNAL,4.172,0.849,0.658,0.1,0.558,5.58,True,BNBUSDT,2,TREND,SELL,32526,2026-06-25 10:50:00
560.32,551.23,32668,32712,45,REVERSE_SIGNAL,1.747,0.775,1.622,0.1,1.522,15.22,True,BNBUSDT,2,FADE,SELL,32667,2026-06-25 22:35:00
551.23,561.3223,32713,32729,17,SL,0.062,1.925,-1.831,0.1,-1.931,-19.31,False,BNBUSDT,2,TREND,SELL,32712,2026-06-26 02:20:00
567.94,556.43,32772,32835,64,REVERSE_SIGNAL,2.051,0.493,2.027,0.1,1.927,19.27,True,BNBUSDT,2,FADE,SELL,32771,2026-06-26 07:15:00
556.43,567.17,32836,32924,89,REVERSE_SIGNAL,2.324,0.758,1.93,0.1,1.83,18.3,True,BNBUSDT,2,FADE,BUY,32835,2026-06-26 12:35:00
567.17,563.17,32925,33108,184,REVERSE_SIGNAL,0.79,0.333,0.705,0.1,0.605,6.05,True,BNBUSDT,2,FADE,SELL,32924,2026-06-26 20:00:00
563.17,566.5444,33109,33154,46,SL,0.082,0.771,-0.599,0.1,-0.699,-6.99,False,BNBUSDT,2,TREND,SELL,33108,2026-06-27 11:20:00
560.25,555.99,33757,33849,93,REVERSE_SIGNAL,0.837,0.537,0.76,0.1,0.66,6.6,True,BNBUSDT,2,FADE,SELL,33756,2026-06-29 17:20:00
555.99,550.12,33850,34159,310,REVERSE_SIGNAL,2.867,0.311,1.056,0.1,0.956,9.56,True,BNBUSDT,2,TREND,SELL,33849,2026-06-30 01:05:00
550.12,545.18,34160,34226,67,REVERSE_SIGNAL,1.04,0.589,0.898,0.1,0.798,7.98,True,BNBUSDT,2,FADE,SELL,34159,2026-07-01 02:55:00
545.18,549.434,34227,34289,63,SL,1.444,1.115,-0.78,0.1,-0.88,-8.8,False,BNBUSDT,2,TREND,SELL,34226,2026-07-01 08:30:00
551.7,548.37,34295,34415,121,REVERSE_SIGNAL,1.506,0.649,-0.604,0.1,-0.704,-7.04,False,BNBUSDT,2,TREND,BUY,34294,2026-07-01 14:10:00
548.37,554.6589,34416,34458,43,SL,0.337,1.379,-1.147,0.1,-1.247,-12.47,False,BNBUSDT,2,TREND,SELL,34415,2026-07-02 00:15:00
553.61,550.3659,34466,34493,28,SL,0.311,0.713,-0.586,0.1,-0.686,-6.86,False,BNBUSDT,2,TREND,BUY,34465,2026-07-02 04:25:00
557.12,560.8223,34680,34714,35,SL,0.12,0.761,-0.665,0.1,-0.765,-7.65,False,BNBUSDT,2,TREND,SELL,34679,2026-07-02 22:15:00
561.26,578.0978,34754,35170,417,SL,0.112,3.107,-3.0,0.1,-3.1,-31.0,False,BNBUSDT,2,FADE,SELL,34753,2026-07-03 04:25:00
572.22,576.1,35294,35374,81,REVERSE_SIGNAL,0.869,0.636,0.678,0.1,0.578,5.78,True,BNBUSDT,2,FADE,BUY,35293,2026-07-05 01:25:00
576.1,593.383,35375,35546,172,SL,0.524,3.078,-3.0,0.1,-3.1,-31.0,False,BNBUSDT,2,FADE,SELL,35374,2026-07-05 08:10:00
584.89,586.76,35608,35759,152,REVERSE_SIGNAL,2.464,0.35,-0.32,0.1,-0.42,-4.2,False,BNBUSDT,2,TREND,SELL,35607,2026-07-06 03:35:00
586.76,582.69,35760,35879,120,REVERSE_SIGNAL,0.711,0.995,0.694,0.1,0.594,5.94,True,BNBUSDT,2,FADE,SELL,35759,2026-07-06 16:15:00
582.69,585.53,35880,36041,162,REVERSE_SIGNAL,1.222,0.568,-0.487,0.1,-0.587,-5.87,False,BNBUSDT,2,TREND,SELL,35879,2026-07-07 02:15:00
585.53,579.37,36042,36113,72,REVERSE_SIGNAL,1.218,0.331,1.052,0.1,0.952,9.52,True,BNBUSDT,2,FADE,SELL,36041,2026-07-07 15:45:00
579.37,568.24,36114,36409,296,REVERSE_SIGNAL,3.243,0.1,1.921,0.1,1.821,18.21,True,BNBUSDT,2,TREND,SELL,36113,2026-07-07 21:45:00
568.24,569.05,36410,36715,306,REVERSE_SIGNAL,1.542,0.445,0.143,0.1,0.043,0.43,True,BNBUSDT,2,TREND,BUY,36409,2026-07-08 22:25:00
569.05,575.29,36716,36740,25,REVERSE_SIGNAL,1.402,0.114,1.097,0.1,0.997,9.97,True,BNBUSDT,2,FADE,BUY,36715,2026-07-09 23:55:00
575.29,576.87,36741,37285,545,REVERSE_SIGNAL,0.926,1.413,-0.275,0.1,-0.375,-3.75,False,BNBUSDT,2,FADE,SELL,36740,2026-07-10 02:00:00
576.87,576.0,37286,37429,144,REVERSE_SIGNAL,0.002,1.149,-0.151,0.1,-0.251,-2.51,False,BNBUSDT,2,FADE,BUY,37285,2026-07-11 23:25:00
576.0,576.82,37430,37554,125,REVERSE_SIGNAL,0.002,1.575,-0.142,0.1,-0.242,-2.42,False,BNBUSDT,2,FADE,SELL,37429,2026-07-12 11:25:00
576.82,569.32,37555,37880,326,REVERSE_SIGNAL,0.586,2.479,-1.3,0.1,-1.4,-14.0,False,BNBUSDT,2,FADE,BUY,37554,2026-07-12 21:50:00
569.32,577.39,37881,38250,370,REVERSE_SIGNAL,0.258,2.754,-1.417,0.1,-1.517,-15.17,False,BNBUSDT,2,FADE,SELL,37880,2026-07-14 01:00:00
577.39,583.84,38251,38314,64,REVERSE_SIGNAL,1.318,0.208,1.117,0.1,1.017,10.17,True,BNBUSDT,2,FADE,BUY,38250,2026-07-15 07:50:00
583.84,576.42,38315,38542,228,REVERSE_SIGNAL,1.343,0.428,1.271,0.1,1.171,11.71,True,BNBUSDT,2,FADE,SELL,38314,2026-07-15 13:10:00
576.42,559.1274,38543,38889,347,SL,0.906,3.194,-3.0,0.1,-3.1,-31.0,False,BNBUSDT,2,FADE,BUY,38542,2026-07-16 08:10:00
567.95,569.46,38958,39355,398,REVERSE_SIGNAL,0.349,0.907,-0.266,0.1,-0.366,-3.66,False,BNBUSDT,2,FADE,SELL,38957,2026-07-17 18:45:00
569.46,571.3,39356,39497,142,REVERSE_SIGNAL,0.323,0.379,0.323,0.1,0.223,2.23,True,BNBUSDT,2,FADE,BUY,39355,2026-07-19 03:55:00
571.3,566.45,39498,39663,166,REVERSE_SIGNAL,1.253,0.544,0.849,0.1,0.749,7.49,True,BNBUSDT,2,FADE,SELL,39497,2026-07-19 15:45:00
566.45,570.6951,39664,39735,72,SL,0.607,0.906,-0.749,0.1,-0.849,-8.49,False,BNBUSDT,2,TREND,SELL,39663,2026-07-20 05:35:00
571.31,573.84,39738,40091,354,REVERSE_SIGNAL,1.052,1.556,-0.443,0.1,-0.543,-5.43,False,BNBUSDT,2,FADE,SELL,39737,2026-07-20 11:45:00
573.84,572.75,40092,40338,247,REVERSE_SIGNAL,0.38,1.129,-0.19,0.1,-0.29,-2.9,False,BNBUSDT,2,FADE,BUY,40091,2026-07-21 17:15:00
572.75,570.01,40339,40518,180,REVERSE_SIGNAL,0.62,0.538,0.478,0.1,0.378,3.78,True,BNBUSDT,2,FADE,SELL,40338,2026-07-22 13:50:00
570.01,568.9,40519,40802,284,REVERSE_SIGNAL,0.325,1.067,-0.195,0.1,-0.295,-2.95,False,BNBUSDT,2,FADE,BUY,40518,2026-07-23 04:50:00
568.9,566.49,40803,40883,81,REVERSE_SIGNAL,0.457,0.478,0.424,0.1,0.324,3.24,True,BNBUSDT,2,FADE,SELL,40802,2026-07-24 04:30:00
566.49,565.49,40884,40983,100,REVERSE_SIGNAL,1.831,0.132,0.177,0.1,0.077,0.77,True,BNBUSDT,2,TREND,SELL,40883,2026-07-24 11:15:00
565.49,572.92,40984,41727,744,REVERSE_SIGNAL,0.304,2.142,-1.314,0.1,-1.414,-14.14,False,BNBUSDT,2,FADE,SELL,40983,2026-07-24 19:35:00
572.92,574.82,41728,41834,107,REVERSE_SIGNAL,0.773,1.213,0.332,0.1,0.232,2.32,True,BNBUSDT,2,FADE,BUY,41727,2026-07-27 09:35:00
574.82,567.48,41835,41886,52,REVERSE_SIGNAL,1.32,0.275,1.277,0.1,1.177,11.77,True,BNBUSDT,2,FADE,SELL,41834,2026-07-27 18:30:00
567.48,568.79,41887,42055,169,REVERSE_SIGNAL,0.285,0.879,0.231,0.1,0.131,1.31,True,BNBUSDT,2,FADE,BUY,41886,2026-07-27 22:50:00
568.79,566.1217,42056,42063,8,SL,0.127,0.749,-0.469,0.1,-0.569,-5.69,False,BNBUSDT,2,TREND,BUY,42055,2026-07-28 12:55:00
569.41,572.37,42182,42194,13,REVERSE_SIGNAL,0.669,0.002,0.52,0.1,0.42,4.2,True,BNBUSDT,2,FADE,BUY,42181,2026-07-28 23:25:00
572.37,567.75,42195,42235,41,REVERSE_SIGNAL,0.879,0.26,0.807,0.1,0.707,7.07,True,BNBUSDT,2,FADE,SELL,42194,2026-07-29 00:30:00
567.75,573.12,42236,42304,69,REVERSE_SIGNAL,1.036,0.255,0.946,0.1,0.846,8.46,True,BNBUSDT,2,FADE,BUY,42235,2026-07-29 03:55:00
573.12,569.78,42305,42343,39,REVERSE_SIGNAL,0.761,0.085,0.583,0.1,0.483,4.83,True,BNBUSDT,2,FADE,SELL,42304,2026-07-29 09:40:00
569.78,575.1,42344,42496,153,REVERSE_SIGNAL,0.978,0.748,0.934,0.1,0.834,8.34,True,BNBUSDT,2,FADE,BUY,42343,2026-07-29 12:55:00
575.1,592.353,42497,42668,172,SL,0.555,3.159,-3.0,0.1,-3.1,-31.0,False,BNBUSDT,2,FADE,SELL,42496,2026-07-30 01:40:00
588.68,592.86,42795,42872,78,REVERSE_SIGNAL,0.851,0.454,0.71,0.1,0.61,6.1,True,BNBUSDT,2,FADE,BUY,42794,2026-07-31 02:30:00
592.86,588.06,42873,42941,69,REVERSE_SIGNAL,1.307,0.506,0.81,0.1,0.71,7.1,True,BNBUSDT,2,FADE,SELL,42872,2026-07-31 09:00:00
588.06,590.8,42942,43084,143,REVERSE_SIGNAL,0.519,0.627,0.466,0.1,0.366,3.66,True,BNBUSDT,2,FADE,BUY,42941,2026-07-31 14:45:00
590.8,586.9,43085,43155,71,REVERSE_SIGNAL,0.741,0.415,0.66,0.1,0.56,5.6,True,BNBUSDT,2,FADE,SELL,43084,2026-08-01 02:40:00
586.9,581.4,43156,43367,212,REVERSE_SIGNAL,2.249,0.073,0.937,0.1,0.837,8.37,True,BNBUSDT,2,TREND,SELL,43155,2026-08-01 08:35:00
581.4,585.15,43368,43636,269,REVERSE_SIGNAL,1.753,0.268,0.645,0.1,0.545,5.45,True,BNBUSDT,2,TREND,BUY,43367,2026-08-02 02:15:00
585.15,587.2,43637,43760,124,REVERSE_SIGNAL,0.496,0.636,0.35,0.1,0.25,2.5,True,BNBUSDT,2,FADE,BUY,43636,2026-08-03 00:40:00
587.2,589.42,43761,44034,274,REVERSE_SIGNAL,0.405,1.289,-0.378,0.1,-0.478,-4.78,False,BNBUSDT,2,FADE,SELL,43760,2026-08-03 11:00:00
589.42,594.29,44035,44094,60,REVERSE_SIGNAL,0.981,0.2,0.826,0.1,0.726,7.26,True,BNBUSDT,2,FADE,BUY,44034,2026-08-04 09:50:00
594.29,596.8,44095,44327,233,REVERSE_SIGNAL,0.434,1.984,-0.422,0.1,-0.522,-5.22,False,BNBUSDT,2,FADE,SELL,44094,2026-08-04 14:50:00
596.8,602.56,44328,44391,64,REVERSE_SIGNAL,1.245,0.049,0.965,0.1,0.865,8.65,True,BNBUSDT,2,FADE,BUY,44327,2026-08-05 10:15:00
602.56,596.84,44392,44460,69,REVERSE_SIGNAL,1.047,0.051,0.949,0.1,0.849,8.49,True,BNBUSDT,2,FADE,SELL,44391,2026-08-05 15:35:00
596.84,594.66,44461,44822,362,REVERSE_SIGNAL,0.317,1.128,-0.365,0.1,-0.465,-4.65,False,BNBUSDT,2,FADE,BUY,44460,2026-08-05 21:20:00
594.66,588.67,44823,44835,13,REVERSE_SIGNAL,1.033,0.0,1.007,0.1,0.907,9.07,True,BNBUSDT,2,FADE,SELL,44822,2026-08-07 03:30:00
588.67,592.72,44836,44925,90,REVERSE_SIGNAL,0.688,0.522,0.688,0.1,0.588,5.88,True,BNBUSDT,2,FADE,BUY,44835,2026-08-07 04:35:00
592.72,591.21,44926,45077,152,REVERSE_SIGNAL,0.341,0.359,0.255,0.1,0.155,1.55,True,BNBUSDT,2,FADE,SELL,44925,2026-08-07 12:05:00
591.21,592.9396,45078,45109,32,SL,0.022,0.294,-0.293,0.1,-0.393,-3.93,False,BNBUSDT,2,TREND,SELL,45077,2026-08-08 00:45:00
593.57,611.3771,45115,45242,128,SL,0.091,3.182,-3.0,0.1,-3.1,-31.0,False,BNBUSDT,2,FADE,SELL,45114,2026-08-08 03:50:00
601.26,604.9,45340,45484,145,REVERSE_SIGNAL,0.622,0.143,0.605,0.1,0.505,5.05,True,BNBUSDT,2,FADE,BUY,45339,2026-08-08 22:35:00
604.9,605.68,45485,45634,150,REVERSE_SIGNAL,0.231,1.189,-0.129,0.1,-0.229,-2.29,False,BNBUSDT,2,FADE,SELL,45484,2026-08-09 10:40:00
605.68,603.9,45635,46029,395,REVERSE_SIGNAL,0.251,1.332,-0.294,0.1,-0.394,-3.94,False,BNBUSDT,2,FADE,BUY,45634,2026-08-09 23:10:00
603.9,610.92,46030,46295,266,REVERSE_SIGNAL,2.812,0.023,1.162,0.1,1.062,10.62,True,BNBUSDT,2,TREND,BUY,46029,2026-08-11 08:05:00
610.92,614.74,46296,46572,277,REVERSE_SIGNAL,0.822,0.331,0.625,0.1,0.525,5.25,True,BNBUSDT,2,FADE,BUY,46295,2026-08-12 06:15:00
614.74,610.81,46573,46636,64,REVERSE_SIGNAL,0.683,0.013,0.639,0.1,0.539,5.39,True,BNBUSDT,2,FADE,SELL,46572,2026-08-13 05:20:00
610.81,612.66,46637,46830,194,REVERSE_SIGNAL,0.309,0.946,0.303,0.1,0.203,2.03,True,BNBUSDT,2,FADE,BUY,46636,2026-08-13 10:40:00
612.66,608.29,46831,46873,43,REVERSE_SIGNAL,0.715,0.098,0.713,0.1,0.613,6.13,True,BNBUSDT,2,FADE,SELL,46830,2026-08-14 02:50:00
608.29,608.14,46874,47092,219,REVERSE_SIGNAL,0.201,0.853,-0.025,0.1,-0.125,-1.25,False,BNBUSDT,2,FADE,BUY,46873,2026-08-14 06:25:00
608.14,609.51,47093,47360,268,REVERSE_SIGNAL,0.043,0.835,-0.225,0.1,-0.325,-3.25,False,BNBUSDT,2,FADE,SELL,47092,2026-08-15 00:40:00
609.51,607.94,47361,47519,159,REVERSE_SIGNAL,0.011,0.81,-0.258,0.1,-0.358,-3.58,False,BNBUSDT,2,FADE,BUY,47360,2026-08-15 23:00:00
607.94,606.5482,47520,47587,68,SL,0.122,0.266,-0.229,0.1,-0.329,-3.29,False,BNBUSDT,2,TREND,BUY,47519,2026-08-16 12:15:00
605.62,606.81,47599,47743,145,REVERSE_SIGNAL,0.34,0.718,0.196,0.1,0.096,0.96,True,BNBUSDT,2,FADE,BUY,47598,2026-08-16 18:50:00
606.81,605.04,47744,47966,223,REVERSE_SIGNAL,0.496,0.25,0.292,0.1,0.192,1.92,True,BNBUSDT,2,FADE,SELL,47743,2026-08-17 06:55:00
605.04,603.66,47967,48141,175,REVERSE_SIGNAL,0.083,0.803,-0.228,0.1,-0.328,-3.28,False,BNBUSDT,2,FADE,BUY,47966,2026-08-18 01:30:00
603.66,602.34,48142,48280,139,REVERSE_SIGNAL,0.308,0.253,0.219,0.1,0.119,1.19,True,BNBUSDT,2,FADE,SELL,48141,2026-08-18 16:05:00
602.34,605.57,48281,48389,109,REVERSE_SIGNAL,0.545,0.118,0.536,0.1,0.436,4.36,True,BNBUSDT,2,FADE,BUY,48280,2026-08-19 03:40:00
605.57,699.06,48390,49180,791,REVERSE_SIGNAL,20.077,0.211,15.438,0.1,15.338,153.38,True,BNBUSDT,2,TREND,BUY,48389,2026-08-19 12:45:00
699.06,695.39,49181,49531,351,REVERSE_SIGNAL,3.114,1.701,0.525,0.1,0.425,4.25,True,BNBUSDT,2,TREND,SELL,49180,2026-08-22 06:40:00
695.39,694.8,49532,49778,247,REVERSE_SIGNAL,0.741,1.78,0.085,0.1,-0.015,-0.15,False,BNBUSDT,2,FADE,SELL,49531,2026-08-23 11:55:00
694.8,701.4703,49779,49796,18,SL,0.026,1.025,-0.96,0.1,-1.06,-10.6,False,BNBUSDT,2,TREND,SELL,49778,2026-08-24 08:30:00
703.96,697.4804,49826,49841,16,SL,0.663,1.017,-0.92,0.1,-1.02,-10.2,False,BNBUSDT,2,TREND,BUY,49825,2026-08-24 12:25:00
72085.8,72937.015,214,264,51,SL,0.513,1.24,-1.181,0.1,-1.281,-12.81,False,BTCUSDT,2,TREND,SELL,213,2026-03-05 06:05:00
73346.9,71603.4,272,327,56,REVERSE_SIGNAL,3.014,0.087,2.377,0.1,2.277,22.77,True,BTCUSDT,2,FADE,SELL,271,2026-03-05 10:55:00
71603.4,69455.298,328,595,268,SL,0.219,3.385,-3.0,0.1,-3.1,-31.0,False,BTCUSDT,2,FADE,BUY,327,2026-03-05 15:35:00
67746.9,67304.1,1116,1183,68,REVERSE_SIGNAL,1.501,0.627,0.654,0.1,0.554,5.54,True,BTCUSDT,2,FADE,SELL,1115,2026-03-08 09:15:00
67304.1,67420.9,1184,1349,166,REVERSE_SIGNAL,0.508,2.578,0.174,0.1,0.074,0.74,True,BTCUSDT,2,FADE,BUY,1183,2026-03-08 14:55:00
67420.9,69443.527,1350,1468,119,SL,0.871,3.008,-3.0,0.1,-3.1,-31.0,False,BTCUSDT,2,FADE,SELL,1349,2026-03-09 04:45:00
69896.8,70410.5,1838,2032,195,REVERSE_SIGNAL,1.665,1.379,0.735,0.1,0.635,6.35,True,BTCUSDT,2,FADE,BUY,1837,2026-03-10 21:25:00
70410.5,69802.2,2033,2177,145,REVERSE_SIGNAL,1.125,1.243,0.864,0.1,0.764,7.64,True,BTCUSDT,2,FADE,SELL,2032,2026-03-11 13:40:00
69802.2,70340.9,2178,2284,107,REVERSE_SIGNAL,0.885,0.934,0.772,0.1,0.672,6.72,True,BTCUSDT,2,FADE,BUY,2177,2026-03-12 01:45:00
70340.9,69505.7075,2285,2332,48,SL,0.591,1.433,-1.187,0.1,-1.287,-12.87,False,BTCUSDT,2,TREND,BUY,2284,2026-03-12 10:40:00
71608.7,71060.3,2643,3014,372,REVERSE_SIGNAL,0.847,1.889,-0.766,0.1,-0.866,-8.66,False,BTCUSDT,2,FADE,BUY,2642,2026-03-13 16:30:00
71060.3,73192.109,3015,3297,283,SL,0.344,3.011,-3.0,0.1,-3.1,-31.0,False,BTCUSDT,2,FADE,SELL,3014,2026-03-14 23:30:00
73888.7,74373.9,3665,3817,153,REVERSE_SIGNAL,0.756,1.309,-0.657,0.1,-0.757,-7.57,False,BTCUSDT,2,TREND,SELL,3664,2026-03-17 05:40:00
74373.9,73651.6,3818,3888,71,REVERSE_SIGNAL,1.014,0.542,0.971,0.1,0.871,8.71,True,BTCUSDT,2,FADE,SELL,3817,2026-03-17 18:25:00
73651.6,71442.052,3889,4062,174,SL,1.332,3.227,-3.0,0.1,-3.1,-31.0,False,BTCUSDT,2,FADE,BUY,3888,2026-03-18 00:20:00
70543.0,69990.0,4420,4622,203,REVERSE_SIGNAL,1.227,1.133,0.784,0.1,0.684,6.84,True,BTCUSDT,2,FADE,SELL,4419,2026-03-19 20:35:00
69990.0,70859.6103,4623,4725,103,SL,0.914,1.25,-1.242,0.1,-1.342,-13.42,False,BTCUSDT,2,TREND,SELL,4622,2026-03-20 13:30:00
70612.6,70221.5,4731,4953,223,REVERSE_SIGNAL,0.637,0.659,0.554,0.1,0.454,4.54,True,BTCUSDT,2,FADE,SELL,4730,2026-03-20 22:30:00
70221.5,68641.0,4954,5390,437,REVERSE_SIGNAL,4.16,0.403,2.251,0.1,2.151,21.51,True,BTCUSDT,2,TREND,SELL,4953,2026-03-21 17:05:00
68641.0,67769.7,5391,5413,23,REVERSE_SIGNAL,1.725,0.337,1.269,0.1,1.169,11.69,True,BTCUSDT,2,FADE,SELL,5390,2026-03-23 05:30:00
67769.7,68560.2779,5414,5422,9,SL,0.045,1.299,-1.167,0.1,-1.267,-12.67,False,BTCUSDT,2,TREND,SELL,5413,2026-03-23 07:25:00
70932.6,70170.5,5459,5672,214,REVERSE_SIGNAL,1.817,1.208,1.074,0.1,0.974,9.74,True,BTCUSDT,2,FADE,SELL,5458,2026-03-23 11:10:00
70170.5,70837.1,5673,5703,31,REVERSE_SIGNAL,1.182,0.135,0.95,0.1,0.85,8.5,True,BTCUSDT,2,FADE,BUY,5672,2026-03-24 05:00:00
70837.1,70284.5,5704,5781,78,REVERSE_SIGNAL,1.34,0.763,0.78,0.1,0.68,6.8,True,BTCUSDT,2,FADE,SELL,5703,2026-03-24 07:35:00
70284.5,70478.3,5782,5877,96,REVERSE_SIGNAL,1.992,0.338,-0.276,0.1,-0.376,-3.76,False,BTCUSDT,2,TREND,SELL,5781,2026-03-24 14:05:00
70478.3,70935.3,5878,6121,244,REVERSE_SIGNAL,0.559,2.159,-0.648,0.1,-0.748,-7.48,False,BTCUSDT,2,FADE,SELL,5877,2026-03-24 22:05:00
70935.3,68807.241,6122,6370,249,SL,0.946,3.001,-3.0,0.1,-3.1,-31.0,False,BTCUSDT,2,FADE,BUY,6121,2026-03-25 18:25:00
66395.6,66352.5,6775,7045,271,REVERSE_SIGNAL,0.765,1.338,0.065,0.1,-0.035,-0.35,False,BTCUSDT,2,FADE,SELL,6774,2026-03-28 00:50:00
66352.5,66879.3,7046,7102,57,REVERSE_SIGNAL,1.127,0.176,0.794,0.1,0.694,6.94,True,BTCUSDT,2,FADE,BUY,7045,2026-03-28 23:25:00
66879.3,66576.2981,7103,7117,15,SL,0.0,0.46,-0.453,0.1,-0.553,-5.53,False,BTCUSDT,2,TREND,BUY,7102,2026-03-29 04:10:00
66425.0,67193.5,7241,7382,142,REVERSE_SIGNAL,1.6,2.268,1.157,0.1,1.057,10.57,True,BTCUSDT,2,FADE,BUY,7240,2026-03-29 15:40:00
67193.5,66817.8,7383,7548,166,REVERSE_SIGNAL,1.421,0.619,-0.559,0.1,-0.659,-6.59,False,BTCUSDT,2,TREND,BUY,7382,2026-03-30 03:30:00
66817.8,67752.6178,7549,7644,96,SL,0.924,1.437,-1.399,0.1,-1.499,-14.99,False,BTCUSDT,2,TREND,SELL,7548,2026-03-30 17:20:00
67743.0,66828.4,7646,7736,91,REVERSE_SIGNAL,1.606,0.936,1.35,0.1,1.25,12.5,True,BTCUSDT,2,FADE,SELL,7645,2026-03-31 01:25:00
66828.4,67571.304,7737,7799,63,SL,1.332,1.403,-1.112,0.1,-1.212,-12.12,False,BTCUSDT,2,TREND,SELL,7736,2026-03-31 09:00:00
67692.7,66576.8122,7802,7806,5,SL,0.029,1.867,-1.648,0.1,-1.748,-17.48,False,BTCUSDT,2,TREND,BUY,7801,2026-03-31 14:25:00
68060.4,67126.6,8138,8404,267,REVERSE_SIGNAL,3.503,0.85,1.372,0.1,1.272,12.72,True,BTCUSDT,2,TREND,SELL,8137,2026-04-01 18:25:00
67126.6,66555.0,8405,8537,133,REVERSE_SIGNAL,0.407,1.321,-0.852,0.1,-0.952,-9.52,False,BTCUSDT,2,TREND,BUY,8404,2026-04-02 16:40:00
66555.0,67240.7,8538,8589,52,REVERSE_SIGNAL,1.056,0.27,1.03,0.1,0.93,9.3,True,BTCUSDT,2,FADE,BUY,8537,2026-04-03 03:45:00
67240.7,67078.6,8590,9090,501,REVERSE_SIGNAL,1.134,0.467,0.241,0.1,0.141,1.41,True,BTCUSDT,2,FADE,SELL,8589,2026-04-03 08:05:00
67078.6,67370.7,9091,9255,165,REVERSE_SIGNAL,1.118,0.75,0.435,0.1,0.335,3.35,True,BTCUSDT,2,FADE,BUY,9090,2026-04-05 01:50:00
67370.7,69146.7,9256,9629,374,REVERSE_SIGNAL,4.396,0.354,2.636,0.1,2.536,25.36,True,BTCUSDT,2,TREND,BUY,9255,2026-04-05 15:35:00
69146.7,69121.1,9630,9758,129,REVERSE_SIGNAL,1.329,0.104,0.037,0.1,-0.063,-0.63,False,BTCUSDT,2,TREND,SELL,9629,2026-04-06 22:45:00
69121.1,68603.5504,9759,9771,13,SL,0.142,0.94,-0.749,0.1,-0.849,-8.49,False,BTCUSDT,2,TREND,BUY,9758,2026-04-07 09:30:00
68160.3,68912.0423,9777,9855,79,SL,0.659,1.226,-1.103,0.1,-1.203,-12.03,False,BTCUSDT,2,TREND,SELL,9776,2026-04-07 11:00:00
69326.3,71151.5,9885,10117,233,REVERSE_SIGNAL,5.095,0.283,2.633,0.1,2.533,25.33,True,BTCUSDT,2,TREND,BUY,9884,2026-04-07 20:00:00
71151.5,71420.0,10118,10344,227,REVERSE_SIGNAL,1.1,1.017,0.377,0.1,0.277,2.77,True,BTCUSDT,2,FADE,BUY,10117,2026-04-08 15:25:00
71420.0,70918.4321,10345,10382,38,SL,0.014,0.773,-0.702,0.1,-0.802,-8.02,False,BTCUSDT,2,TREND,BUY,10344,2026-04-09 10:20:00
70663.8,72195.9,10393,10410,18,REVERSE_SIGNAL,2.344,0.274,2.168,0.1,2.068,20.68,True,BTCUSDT,2,FADE,BUY,10392,2026-04-09 14:20:00
72195.9,71410.0,10411,10602,192,REVERSE_SIGNAL,1.127,1.291,1.089,0.1,0.989,9.89,True,BTCUSDT,2,FADE,SELL,10410,2026-04-09 15:50:00
71410.0,72200.2,10603,10647,45,REVERSE_SIGNAL,1.147,0.021,1.107,0.1,1.007,10.07,True,BTCUSDT,2,FADE,BUY,10602,2026-04-10 07:50:00
72200.2,72680.8,10648,10901,254,REVERSE_SIGNAL,0.459,1.731,-0.666,0.1,-0.766,-7.66,False,BTCUSDT,2,FADE,SELL,10647,2026-04-10 11:35:00
72680.8,73120.6,10902,11006,105,REVERSE_SIGNAL,0.687,0.315,0.605,0.1,0.505,5.05,True,BTCUSDT,2,FADE,BUY,10901,2026-04-11 08:45:00
73120.6,72683.2623,11007,11102,96,SL,0.893,0.77,-0.598,0.1,-0.698,-6.98,False,BTCUSDT,2,TREND,BUY,11006,2026-04-11 17:30:00
72196.2,71623.0,11104,11539,436,REVERSE_SIGNAL,0.005,2.407,-0.794,0.1,-0.894,-8.94,False,BTCUSDT,2,FADE,BUY,11103,2026-04-12 01:35:00
71623.0,74176.5,11540,11899,360,REVERSE_SIGNAL,6.124,0.414,3.565,0.1,3.465,34.65,True,BTCUSDT,2,TREND,BUY,11539,2026-04-13 13:55:00
74176.5,74603.2,11900,12179,280,REVERSE_SIGNAL,0.759,0.981,0.575,0.1,0.475,4.75,True,BTCUSDT,2,FADE,BUY,11899,2026-04-14 19:55:00
74603.2,74415.4,12180,12361,182,REVERSE_SIGNAL,1.102,0.463,-0.252,0.1,-0.352,-3.52,False,BTCUSDT,2,TREND,BUY,12179,2026-04-15 19:15:00
74415.4,75337.7,12362,12474,113,REVERSE_SIGNAL,1.287,1.557,1.239,0.1,1.139,11.39,True,BTCUSDT,2,FADE,BUY,12361,2026-04-16 10:25:00
75337.7,77597.831,12475,12696,222,SL,1.138,3.114,-3.0,0.1,-3.1,-31.0,False,BTCUSDT,2,FADE,SELL,12474,2026-04-16 19:50:00
76939.6,75615.6,12869,13245,377,REVERSE_SIGNAL,2.749,0.382,1.721,0.1,1.621,16.21,True,BTCUSDT,2,TREND,SELL,12868,2026-04-18 04:40:00
75615.6,74742.3,13246,13315,70,REVERSE_SIGNAL,1.396,0.773,1.155,0.1,1.055,10.55,True,BTCUSDT,2,FADE,SELL,13245,2026-04-19 12:05:00
74742.3,75336.7,13316,13476,161,REVERSE_SIGNAL,1.066,1.436,0.795,0.1,0.695,6.95,True,BTCUSDT,2,FADE,BUY,13315,2026-04-19 17:55:00
75336.7,75924.8,13477,13870,394,REVERSE_SIGNAL,1.027,2.206,-0.781,0.1,-0.881,-8.81,False,BTCUSDT,2,FADE,SELL,13476,2026-04-20 07:20:00
75924.8,76264.8,13871,13964,94,REVERSE_SIGNAL,0.621,1.511,0.448,0.1,0.348,3.48,True,BTCUSDT,2,FADE,BUY,13870,2026-04-21 16:10:00
76264.8,78101.4,13965,14253,289,REVERSE_SIGNAL,4.169,0.244,2.408,0.1,2.308,23.08,True,BTCUSDT,2,TREND,BUY,13964,2026-04-22 00:00:00
78101.4,78439.7,14254,14440,187,REVERSE_SIGNAL,2.045,0.7,-0.433,0.1,-0.533,-5.33,False,BTCUSDT,2,TREND,SELL,14253,2026-04-23 00:05:00
78439.7,77777.5,14441,14592,152,REVERSE_SIGNAL,1.963,0.136,0.844,0.1,0.744,7.44,True,BTCUSDT,2,FADE,SELL,14440,2026-04-23 15:40:00
77777.5,78326.4,14593,14678,86,REVERSE_SIGNAL,0.731,0.542,0.706,0.1,0.606,6.06,True,BTCUSDT,2,FADE,BUY,14592,2026-04-24 04:20:00
78326.4,77625.1,14679,14790,112,REVERSE_SIGNAL,1.3,0.136,0.895,0.1,0.795,7.95,True,BTCUSDT,2,FADE,SELL,14678,2026-04-24 11:30:00
77625.1,77768.0,14791,14952,162,REVERSE_SIGNAL,0.184,0.539,0.184,0.1,0.084,0.84,True,BTCUSDT,2,FADE,BUY,14790,2026-04-24 20:50:00
77768.0,77407.5,14953,15022,70,REVERSE_SIGNAL,0.665,0.102,0.464,0.1,0.364,3.64,True,BTCUSDT,2,FADE,SELL,14952,2026-04-25 10:20:00
77407.5,77559.9,15023,15112,90,REVERSE_SIGNAL,0.269,0.397,0.197,0.1,0.097,0.97,True,BTCUSDT,2,FADE,BUY,15022,2026-04-25 16:10:00
77559.9,77780.0,15113,15469,357,REVERSE_SIGNAL,0.361,2.443,-0.284,0.1,-0.384,-3.84,False,BTCUSDT,2,FADE,SELL,15112,2026-04-25 23:40:00
77780.0,77319.6,15470,15699,230,REVERSE_SIGNAL,0.581,1.774,-0.592,0.1,-0.692,-6.92,False,BTCUSDT,2,FADE,BUY,15469,2026-04-27 05:25:00
77319.6,76924.2572,15700,15722,23,SL,0.169,0.576,-0.511,0.1,-0.611,-6.11,False,BTCUSDT,2,TREND,BUY,15699,2026-04-28 00:35:00
76790.0,76523.8,15738,16007,270,REVERSE_SIGNAL,0.446,1.503,-0.347,0.1,-0.447,-4.47,False,BTCUSDT,2,FADE,BUY,15737,2026-04-28 03:45:00
76523.8,76639.0,16008,16142,135,REVERSE_SIGNAL,0.226,1.763,-0.151,0.1,-0.251,-2.51,False,BTCUSDT,2,FADE,SELL,16007,2026-04-29 02:15:00
76639.0,76237.6,16143,16287,145,REVERSE_SIGNAL,0.275,2.311,-0.524,0.1,-0.624,-6.24,False,BTCUSDT,2,FADE,BUY,16142,2026-04-29 13:30:00
76237.6,75385.2,16288,16324,37,REVERSE_SIGNAL,1.147,0.272,1.118,0.1,1.018,10.18,True,BTCUSDT,2,FADE,SELL,16287,2026-04-30 01:35:00
75385.2,76042.871,16325,16359,35,SL,0.148,0.879,-0.872,0.1,-0.972,-9.72,False,BTCUSDT,2,TREND,SELL,16324,2026-04-30 04:40:00
76044.9,78326.247,16368,16714,347,SL,0.275,3.097,-3.0,0.1,-3.1,-31.0,False,BTCUSDT,2,FADE,SELL,16367,2026-04-30 08:15:00
77936.0,78396.9,16812,17026,215,REVERSE_SIGNAL,0.729,0.026,0.591,0.1,0.491,4.91,True,BTCUSDT,2,FADE,BUY,16811,2026-05-01 21:15:00
78396.9,78200.0,17027,17155,129,REVERSE_SIGNAL,0.379,0.954,0.251,0.1,0.151,1.51,True,BTCUSDT,2,FADE,SELL,17026,2026-05-02 15:10:00
78200.0,78372.5,17156,17238,83,REVERSE_SIGNAL,0.352,0.221,0.221,0.1,0.121,1.21,True,BTCUSDT,2,FADE,BUY,17155,2026-05-03 01:55:00
78372.5,78358.7,17239,17543,305,REVERSE_SIGNAL,0.175,2.83,0.018,0.1,-0.082,-0.82,False,BTCUSDT,2,FADE,SELL,17238,2026-05-03 08:50:00
78358.7,80065.9,17544,17602,59,REVERSE_SIGNAL,2.77,0.294,2.179,0.1,2.079,20.79,True,BTCUSDT,2,FADE,BUY,17543,2026-05-04 10:15:00
80065.9,82467.877,17603,18131,529,SL,1.023,3.14,-3.0,0.1,-3.1,-31.0,False,BTCUSDT,2,FADE,SELL,17602,2026-05-04 15:10:00
81679.0,81631.0,18171,18374,204,REVERSE_SIGNAL,0.313,1.228,-0.059,0.1,-0.159,-1.59,False,BTCUSDT,2,FADE,BUY,18170,2026-05-06 14:30:00
81631.0,80751.1,18375,18408,34,REVERSE_SIGNAL,1.078,0.005,1.078,0.1,0.978,9.78,True,BTCUSDT,2,FADE,SELL,18374,2026-05-07 07:30:00
80751.1,80117.1,18409,18700,292,REVERSE_SIGNAL,0.505,1.998,-0.785,0.1,-0.885,-8.85,False,BTCUSDT,2,FADE,BUY,18408,2026-05-07 10:20:00
80117.1,80617.7,18701,19402,702,REVERSE_SIGNAL,0.761,1.836,-0.625,0.1,-0.725,-7.25,False,BTCUSDT,2,FADE,SELL,18700,2026-05-08 10:40:00
80617.7,81365.9285,19403,19414,12,SL,0.008,0.962,-0.928,0.1,-1.028,-10.28,False,BTCUSDT,2,TREND,SELL,19402,2026-05-10 21:10:00
82013.2,80854.4924,19424,19474,51,SL,0.545,1.772,-1.413,0.1,-1.513,-15.13,False,BTCUSDT,2,TREND,BUY,19423,2026-05-10 22:55:00
80569.7,81312.1,19475,19626,152,REVERSE_SIGNAL,0.218,1.029,-0.921,0.1,-1.021,-10.21,False,BTCUSDT,2,TREND,SELL,19474,2026-05-11 03:10:00
81312.1,80817.3,19627,19743,117,REVERSE_SIGNAL,0.968,0.667,-0.609,0.1,-0.709,-7.09,False,BTCUSDT,2,TREND,BUY,19626,2026-05-11 15:50:00
80817.3,81069.1,19744,20032,289,REVERSE_SIGNAL,0.596,1.258,0.312,0.1,0.212,2.12,True,BTCUSDT,2,FADE,BUY,19743,2026-05-12 01:35:00
81069.1,80634.0,20033,20145,113,REVERSE_SIGNAL,0.603,0.248,0.537,0.1,0.437,4.37,True,BTCUSDT,2,FADE,SELL,20032,2026-05-13 01:40:00
80634.0,79795.2,20146,20375,230,REVERSE_SIGNAL,2.381,0.031,1.04,0.1,0.94,9.4,True,BTCUSDT,2,TREND,SELL,20145,2026-05-13 11:05:00
79795.2,79362.3343,20376,20437,62,SL,0.131,0.722,-0.542,0.1,-0.642,-6.42,False,BTCUSDT,2,TREND,BUY,20375,2026-05-14 06:15:00
80753.3,78401.0,20650,21286,637,REVERSE_SIGNAL,3.903,0.27,2.913,0.1,2.813,28.13,True,BTCUSDT,2,TREND,SELL,20649,2026-05-15 05:05:00
78401.0,78021.2,21287,21341,55,REVERSE_SIGNAL,0.767,0.208,0.484,0.1,0.384,3.84,True,BTCUSDT,2,FADE,SELL,21286,2026-05-17 10:10:00
78021.2,78327.8336,21342,21400,59,SL,0.269,0.47,-0.393,0.1,-0.493,-4.93,False,BTCUSDT,2,TREND,SELL,21341,2026-05-17 14:45:00
78381.3,77817.5,21426,21442,17,REVERSE_SIGNAL,0.845,0.047,0.719,0.1,0.619,6.19,True,BTCUSDT,2,FADE,SELL,21425,2026-05-17 21:45:00
77817.5,77412.0,21443,21599,157,REVERSE_SIGNAL,0.155,1.649,-0.521,0.1,-0.621,-6.21,False,BTCUSDT,2,FADE,BUY,21442,2026-05-17 23:10:00
77412.0,76844.1727,21600,21615,16,SL,0.446,0.901,-0.734,0.1,-0.834,-8.34,False,BTCUSDT,2,TREND,BUY,21599,2026-05-18 12:15:00
76342.4,77043.0,21627,21699,73,REVERSE_SIGNAL,1.071,0.43,0.918,0.1,0.818,8.18,True,BTCUSDT,2,FADE,BUY,21626,2026-05-18 14:30:00
77043.0,76244.4,21700,21914,215,REVERSE_SIGNAL,1.08,0.443,1.037,0.1,0.937,9.37,True,BTCUSDT,2,FADE,SELL,21699,2026-05-18 20:35:00
76244.4,77263.3,21915,22095,181,REVERSE_SIGNAL,1.384,0.18,1.336,0.1,1.236,12.36,True,BTCUSDT,2,FADE,BUY,21914,2026-05-19 14:30:00
77263.3,77205.0,22096,22443,348,REVERSE_SIGNAL,0.528,1.186,0.075,0.1,-0.025,-0.25,False,BTCUSDT,2,FADE,SELL,22095,2026-05-20 05:35:00
77205.0,77831.0,22444,22531,88,REVERSE_SIGNAL,1.112,0.658,0.811,0.1,0.711,7.11,True,BTCUSDT,2,FADE,BUY,22443,2026-05-21 10:35:00
77831.0,77278.9,22532,22689,158,REVERSE_SIGNAL,0.799,0.076,0.709,0.1,0.609,6.09,True,BTCUSDT,2,FADE,SELL,22531,2026-05-21 17:55:00
77278.9,74960.533,22690,22985,296,SL,0.349,3.065,-3.0,0.1,-3.1,-31.0,False,BTCUSDT,2,FADE,BUY,22689,2026-05-22 07:05:00
75180.8,77436.224,23060,23305,246,SL,0.153,3.218,-3.0,0.1,-3.1,-31.0,False,BTCUSDT,2,FADE,SELL,23059,2026-05-23 13:55:00
76229.0,77202.9,23352,23472,121,REVERSE_SIGNAL,1.32,0.227,1.278,0.1,1.178,11.78,True,BTCUSDT,2,FADE,BUY,23351,2026-05-24 14:15:00
77202.9,77308.0,23473,23726,254,REVERSE_SIGNAL,0.429,0.887,-0.136,0.1,-0.236,-2.36,False,BTCUSDT,2,FADE,SELL,23472,2026-05-25 00:20:00
77308.0,77472.9,23727,23884,158,REVERSE_SIGNAL,1.131,0.311,-0.213,0.1,-0.313,-3.13,False,BTCUSDT,2,TREND,SELL,23726,2026-05-25 21:30:00
77472.9,76304.9,23885,23950,66,REVERSE_SIGNAL,1.68,0.78,1.508,0.1,1.408,14.08,True,BTCUSDT,2,FADE,SELL,23884,2026-05-26 10:40:00
76304.9,74015.753,23951,24371,421,SL,0.49,3.759,-3.0,0.1,-3.1,-31.0,False,BTCUSDT,2,FADE,BUY,23950,2026-05-26 16:10:00
73800.3,73303.5341,24594,24652,59,SL,0.179,0.678,-0.673,0.1,-0.773,-7.73,False,BTCUSDT,2,TREND,BUY,24593,2026-05-28 21:45:00
73254.8,74022.1,24771,24823,53,REVERSE_SIGNAL,1.259,1.118,1.047,0.1,0.947,9.47,True,BTCUSDT,2,FADE,BUY,24770,2026-05-29 12:30:00
74022.1,73138.3693,24824,24846,23,SL,0.366,1.303,-1.194,0.1,-1.294,-12.94,False,BTCUSDT,2,TREND,BUY,24823,2026-05-29 16:55:00
73235.1,73638.6,24964,25061,98,REVERSE_SIGNAL,0.631,0.014,0.551,0.1,0.451,4.51,True,BTCUSDT,2,FADE,BUY,24963,2026-05-30 04:35:00
73638.6,73833.2,25062,25301,240,REVERSE_SIGNAL,0.023,0.83,-0.264,0.1,-0.364,-3.64,False,BTCUSDT,2,FADE,SELL,25061,2026-05-30 12:45:00
73833.2,74040.2,25302,25472,171,REVERSE_SIGNAL,0.47,0.667,0.28,0.1,0.18,1.8,True,BTCUSDT,2,FADE,BUY,25301,2026-05-31 08:45:00
74040.2,73259.4,25473,25558,86,REVERSE_SIGNAL,1.174,0.041,1.055,0.1,0.955,9.55,True,BTCUSDT,2,FADE,SELL,25472,2026-05-31 23:00:00
73259.4,71061.618,25559,25669,111,SL,0.052,3.033,-3.0,0.1,-3.1,-31.0,False,BTCUSDT,2,FADE,BUY,25558,2026-06-01 06:10:00
67283.8,66153.5,26187,26250,64,REVERSE_SIGNAL,1.743,0.143,1.68,0.1,1.58,15.8,True,BTCUSDT,2,FADE,SELL,26186,2026-06-03 10:30:00
66153.5,61552.0,26251,26892,642,REVERSE_SIGNAL,10.693,0.311,6.956,0.1,6.856,68.56,True,BTCUSDT,2,TREND,SELL,26250,2026-06-03 15:50:00
61552.0,60395.3058,26893,26973,81,SL,0.634,1.975,-1.879,0.1,-1.979,-19.79,False,BTCUSDT,2,TREND,BUY,26892,2026-06-05 21:20:00
59481.6,61606.9,26979,27229,251,REVERSE_SIGNAL,3.631,0.015,3.573,0.1,3.473,34.73,True,BTCUSDT,2,FADE,BUY,26978,2026-06-06 04:30:00
61606.9,61689.0,27230,27369,140,REVERSE_SIGNAL,2.168,0.742,0.133,0.1,0.033,0.33,True,BTCUSDT,2,TREND,BUY,27229,2026-06-07 01:25:00
61689.0,62525.3708,27370,27478,109,SL,0.873,3.392,-1.356,0.1,-1.456,-14.56,False,BTCUSDT,2,TREND,SELL,27369,2026-06-07 13:05:00
63002.5,62851.5,27484,27792,309,REVERSE_SIGNAL,1.868,0.993,-0.24,0.1,-0.34,-3.4,False,BTCUSDT,2,TREND,BUY,27483,2026-06-07 22:35:00
62851.5,60965.955,27793,27981,189,SL,1.032,3.091,-3.0,0.1,-3.1,-31.0,False,BTCUSDT,2,FADE,BUY,27792,2026-06-09 00:20:00
62410.1,61119.1696,28242,28343,102,SL,0.689,2.118,-2.068,0.1,-2.168,-21.68,False,BTCUSDT,2,TREND,BUY,28241,2026-06-10 13:45:00
62930.6,63873.6,28732,28766,35,REVERSE_SIGNAL,1.588,0.08,1.498,0.1,1.398,13.98,True,BTCUSDT,2,FADE,BUY,28731,2026-06-12 06:35:00
63873.6,64255.3,28767,29312,546,REVERSE_SIGNAL,1.335,1.353,-0.598,0.1,-0.698,-6.98,False,BTCUSDT,2,FADE,SELL,28766,2026-06-12 09:30:00
64255.3,64762.2,29313,29484,172,REVERSE_SIGNAL,1.159,0.942,0.789,0.1,0.689,6.89,True,BTCUSDT,2,FADE,BUY,29312,2026-06-14 07:00:00
64762.2,66131.1,29485,29785,301,REVERSE_SIGNAL,3.85,0.311,2.114,0.1,2.014,20.14,True,BTCUSDT,2,TREND,BUY,29484,2026-06-14 21:20:00
66131.1,66457.6,29786,29904,119,REVERSE_SIGNAL,0.624,0.792,0.494,0.1,0.394,3.94,True,BTCUSDT,2,FADE,BUY,29785,2026-06-15 22:25:00
66457.6,66044.6519,29905,29962,58,SL,0.751,0.734,-0.621,0.1,-0.721,-7.21,False,BTCUSDT,2,TREND,BUY,29904,2026-06-16 08:20:00
65524.2,65761.0,29978,30285,308,REVERSE_SIGNAL,1.102,1.525,0.361,0.1,0.261,2.61,True,BTCUSDT,2,FADE,BUY,29977,2026-06-16 14:25:00
65761.0,64140.0,30286,30329,44,REVERSE_SIGNAL,2.526,1.001,2.465,0.1,2.365,23.65,True,BTCUSDT,2,FADE,SELL,30285,2026-06-17 16:05:00
64140.0,64559.6,30330,30479,150,REVERSE_SIGNAL,0.998,0.748,0.654,0.1,0.554,5.54,True,BTCUSDT,2,FADE,BUY,30329,2026-06-17 19:45:00
64559.6,63945.3,30480,30515,36,REVERSE_SIGNAL,1.052,0.027,0.952,0.1,0.852,8.52,True,BTCUSDT,2,FADE,SELL,30479,2026-06-18 08:15:00
63945.3,63060.3,30516,30840,325,REVERSE_SIGNAL,0.748,2.679,-1.384,0.1,-1.484,-14.84,False,BTCUSDT,2,FADE,BUY,30515,2026-06-18 11:15:00
63060.3,63185.2,30841,31126,286,REVERSE_SIGNAL,1.322,0.355,0.198,0.1,0.098,0.98,True,BTCUSDT,2,TREND,BUY,30840,2026-06-19 14:20:00
63185.2,63650.1339,31127,31133,7,SL,0.0,1.527,-0.736,0.1,-0.836,-8.36,False,BTCUSDT,2,TREND,SELL,31126,2026-06-20 14:10:00
64194.7,63931.9,31141,31347,207,REVERSE_SIGNAL,0.83,0.582,0.409,0.1,0.309,3.09,True,BTCUSDT,2,FADE,SELL,31140,2026-06-20 15:20:00
63931.9,64356.9,31348,31376,29,REVERSE_SIGNAL,0.816,0.058,0.665,0.1,0.565,5.65,True,BTCUSDT,2,FADE,BUY,31347,2026-06-21 08:35:00
64356.9,63815.0,31377,31494,118,REVERSE_SIGNAL,1.112,0.14,0.842,0.1,0.742,7.42,True,BTCUSDT,2,FADE,SELL,31376,2026-06-21 11:00:00
63815.0,64574.5,31495,31555,61,REVERSE_SIGNAL,1.525,0.932,1.19,0.1,1.09,10.9,True,BTCUSDT,2,FADE,BUY,31494,2026-06-21 20:50:00
64574.5,64313.9,31556,31769,214,REVERSE_SIGNAL,1.584,1.148,-0.404,0.1,-0.504,-5.04,False,BTCUSDT,2,TREND,BUY,31555,2026-06-22 01:55:00
64313.9,62384.483,31770,31919,150,SL,0.503,3.033,-3.0,0.1,-3.1,-31.0,False,BTCUSDT,2,FADE,BUY,31769,2026-06-22 19:45:00
62869.8,62394.4143,32112,32239,128,SL,0.352,0.802,-0.756,0.1,-0.856,-8.56,False,BTCUSDT,2,TREND,BUY,32111,2026-06-24 00:15:00
62334.7,62745.4158,32244,32249,6,SL,0.072,1.404,-0.659,0.1,-0.759,-7.59,False,BTCUSDT,2,TREND,SELL,32243,2026-06-24 11:15:00
60965.5,61044.3,32359,32529,171,REVERSE_SIGNAL,1.584,0.545,0.129,0.1,0.029,0.29,True,BTCUSDT,2,TREND,BUY,32358,2026-06-24 20:50:00
61044.3,61592.2436,32530,32546,17,SL,0.0,1.144,-0.898,0.1,-0.998,-9.98,False,BTCUSDT,2,TREND,SELL,32529,2026-06-25 11:05:00
60184.2,59445.4,32764,32813,50,REVERSE_SIGNAL,0.914,1.423,-1.228,0.1,-1.328,-13.28,False,BTCUSDT,2,TREND,BUY,32763,2026-06-26 06:35:00
59445.4,60146.5658,32814,32851,38,SL,1.779,1.252,-1.18,0.1,-1.28,-12.8,False,BTCUSDT,2,TREND,SELL,32813,2026-06-26 10:45:00
60275.5,60149.9,33002,33211,210,REVERSE_SIGNAL,0.374,1.077,0.208,0.1,0.108,1.08,True,BTCUSDT,2,FADE,SELL,33001,2026-06-27 02:25:00
60149.9,60326.2,33212,33372,161,REVERSE_SIGNAL,0.654,0.723,0.293,0.1,0.193,1.93,True,BTCUSDT,2,FADE,BUY,33211,2026-06-27 19:55:00
60326.2,59741.3,33373,33457,85,REVERSE_SIGNAL,1.129,0.182,0.97,0.1,0.87,8.7,True,BTCUSDT,2,FADE,SELL,33372,2026-06-28 09:20:00
59741.3,60267.9617,33458,33623,166,SL,1.492,0.977,-0.882,0.1,-0.982,-9.82,False,BTCUSDT,2,TREND,SELL,33457,2026-06-28 16:25:00
60107.3,59342.8,33627,33725,99,REVERSE_SIGNAL,1.862,1.083,1.272,0.1,1.172,11.72,True,BTCUSDT,2,FADE,SELL,33626,2026-06-29 06:30:00
59342.8,60269.0174,33726,33754,29,SL,0.464,1.916,-1.561,0.1,-1.661,-16.61,False,BTCUSDT,2,TREND,SELL,33725,2026-06-29 14:45:00
60229.8,59828.4,33771,33845,75,REVERSE_SIGNAL,0.934,0.558,0.666,0.1,0.566,5.66,True,BTCUSDT,2,FADE,SELL,33770,2026-06-29 18:30:00
59828.4,59248.3,33846,34177,332,REVERSE_SIGNAL,3.46,0.328,0.97,0.1,0.87,8.7,True,BTCUSDT,2,TREND,SELL,33845,2026-06-30 00:45:00
59248.3,58631.6,34178,34255,78,REVERSE_SIGNAL,1.346,0.331,1.041,0.1,0.941,9.41,True,BTCUSDT,2,FADE,SELL,34177,2026-07-01 04:25:00
58631.6,59463.0,34256,34291,36,REVERSE_SIGNAL,1.458,0.576,1.418,0.1,1.318,13.18,True,BTCUSDT,2,FADE,BUY,34255,2026-07-01 10:55:00
59463.0,59752.5,34292,34417,126,REVERSE_SIGNAL,3.126,0.375,0.487,0.1,0.387,3.87,True,BTCUSDT,2,TREND,BUY,34291,2026-07-01 13:55:00
59752.5,60781.3,34418,34456,39,REVERSE_SIGNAL,1.729,0.331,1.722,0.1,1.622,16.22,True,BTCUSDT,2,FADE,BUY,34417,2026-07-02 00:25:00
60781.3,62604.739,34457,34943,487,SL,1.152,3.131,-3.0,0.1,-3.1,-31.0,False,BTCUSDT,2,FADE,SELL,34456,2026-07-02 03:40:00
62764.2,63021.8,35302,35541,240,REVERSE_SIGNAL,0.734,0.564,0.41,0.1,0.31,3.1,True,BTCUSDT,2,FADE,BUY,35301,2026-07-05 02:05:00
63021.8,63049.2,35542,35644,103,REVERSE_SIGNAL,1.537,0.173,0.043,0.1,-0.057,-0.57,False,BTCUSDT,2,TREND,BUY,35541,2026-07-05 22:05:00
63049.2,63605.7,35645,35757,113,REVERSE_SIGNAL,1.067,2.779,0.883,0.1,0.783,7.83,True,BTCUSDT,2,FADE,BUY,35644,2026-07-06 06:40:00
63605.7,63300.1,35758,35890,133,REVERSE_SIGNAL,0.598,1.708,0.48,0.1,0.38,3.8,True,BTCUSDT,2,FADE,SELL,35757,2026-07-06 16:05:00
63300.1,63585.1,35891,36004,114,REVERSE_SIGNAL,0.876,0.897,-0.45,0.1,-0.55,-5.5,False,BTCUSDT,2,TREND,SELL,35890,2026-07-07 03:10:00
63585.1,63129.995,36005,36012,8,SL,0.0,0.724,-0.716,0.1,-0.816,-8.16,False,BTCUSDT,2,TREND,BUY,36004,2026-07-07 12:40:00
62985.6,62521.3,36160,36498,339,REVERSE_SIGNAL,2.327,0.324,0.737,0.1,0.637,6.37,True,BTCUSDT,2,TREND,SELL,36159,2026-07-08 01:35:00
62521.3,63961.8,36499,36953,455,REVERSE_SIGNAL,3.453,0.148,2.304,0.1,2.204,22.04,True,BTCUSDT,2,TREND,BUY,36498,2026-07-09 05:50:00
63961.8,64223.2,36954,37103,150,REVERSE_SIGNAL,0.511,0.535,0.409,0.1,0.309,3.09,True,BTCUSDT,2,FADE,BUY,36953,2026-07-10 19:45:00
64223.2,63886.0,37104,37284,181,REVERSE_SIGNAL,0.863,0.427,0.525,0.1,0.425,4.25,True,BTCUSDT,2,FADE,SELL,37103,2026-07-11 08:15:00
63886.0,64143.9,37285,37472,188,REVERSE_SIGNAL,0.604,0.443,0.404,0.1,0.304,3.04,True,BTCUSDT,2,FADE,BUY,37284,2026-07-11 23:20:00
64143.9,63708.3,37473,37556,84,REVERSE_SIGNAL,0.77,0.162,0.679,0.1,0.579,5.79,True,BTCUSDT,2,FADE,SELL,37472,2026-07-12 15:00:00
63708.3,64154.563,37557,37582,26,SL,0.116,0.882,-0.7,0.1,-0.8,-8.0,False,BTCUSDT,2,TREND,SELL,37556,2026-07-12 22:00:00
62500.3,64375.309,37891,38048,158,SL,0.354,3.017,-3.0,0.1,-3.1,-31.0,False,BTCUSDT,2,FADE,SELL,37890,2026-07-14 01:50:00
64721.4,64758.4,38444,38630,187,REVERSE_SIGNAL,0.391,1.373,0.057,0.1,-0.043,-0.43,False,BTCUSDT,2,FADE,BUY,38443,2026-07-15 23:55:00
64758.4,63901.6,38631,38722,92,REVERSE_SIGNAL,1.356,0.064,1.323,0.1,1.223,12.23,True,BTCUSDT,2,FADE,SELL,38630,2026-07-16 15:30:00
63901.6,63649.8,38723,38936,214,REVERSE_SIGNAL,2.185,0.219,0.394,0.1,0.294,2.94,True,BTCUSDT,2,TREND,SELL,38722,2026-07-16 23:10:00
63649.8,64491.0,38937,39426,490,REVERSE_SIGNAL,0.022,2.041,-1.322,0.1,-1.422,-14.22,False,BTCUSDT,2,FADE,SELL,38936,2026-07-17 17:00:00
64491.0,64790.1,39427,39597,171,REVERSE_SIGNAL,0.595,0.359,0.464,0.1,0.364,3.64,True,BTCUSDT,2,FADE,BUY,39426,2026-07-19 09:50:00
64790.1,64150.0,39598,39665,68,REVERSE_SIGNAL,1.148,0.455,0.988,0.1,0.888,8.88,True,BTCUSDT,2,FADE,SELL,39597,2026-07-20 00:05:00
64150.0,64925.7,39666,39737,72,REVERSE_SIGNAL,1.255,0.645,1.209,0.1,1.109,11.09,True,BTCUSDT,2,FADE,BUY,39665,2026-07-20 05:45:00
64925.7,66873.471,39738,40053,316,SL,1.373,3.078,-3.0,0.1,-3.1,-31.0,False,BTCUSDT,2,FADE,SELL,39737,2026-07-20 11:45:00
66052.4,66235.7,40237,40466,230,REVERSE_SIGNAL,0.829,0.471,-0.278,0.1,-0.378,-3.78,False,BTCUSDT,2,TREND,SELL,40236,2026-07-22 05:20:00
66235.7,65870.9417,40467,40475,9,SL,0.006,0.552,-0.551,0.1,-0.651,-6.51,False,BTCUSDT,2,TREND,BUY,40466,2026-07-23 00:30:00
65603.9,65425.5,40499,40795,297,REVERSE_SIGNAL,1.475,0.289,0.272,0.1,0.172,1.72,True,BTCUSDT,2,TREND,SELL,40498,2026-07-23 03:10:00
65425.5,65016.5,40796,40863,68,REVERSE_SIGNAL,0.773,0.542,0.625,0.1,0.525,5.25,True,BTCUSDT,2,FADE,SELL,40795,2026-07-24 03:55:00
65016.5,64166.9,40864,41200,337,REVERSE_SIGNAL,2.077,0.178,1.307,0.1,1.207,12.07,True,BTCUSDT,2,TREND,SELL,40863,2026-07-24 09:35:00
64166.9,64850.0,41201,41762,562,REVERSE_SIGNAL,0.137,2.424,-1.065,0.1,-1.165,-11.65,False,BTCUSDT,2,FADE,SELL,41200,2026-07-25 13:40:00
64850.0,62904.5,41763,42063,301,SL,1.295,3.138,-3.0,0.1,-3.1,-31.0,False,BTCUSDT,2,FADE,BUY,41762,2026-07-27 12:30:00
64019.9,64040.3,42104,42374,271,REVERSE_SIGNAL,0.848,1.087,-0.032,0.1,-0.132,-1.32,False,BTCUSDT,2,FADE,SELL,42103,2026-07-28 16:55:00
64040.3,64219.8,42375,42506,132,REVERSE_SIGNAL,1.036,1.259,0.28,0.1,0.18,1.8,True,BTCUSDT,2,FADE,BUY,42374,2026-07-29 15:30:00
64219.8,64200.9,42507,42796,290,REVERSE_SIGNAL,0.528,1.824,0.029,0.1,-0.071,-0.71,False,BTCUSDT,2,FADE,SELL,42506,2026-07-30 02:30:00
64200.9,63058.5,42797,43118,322,REVERSE_SIGNAL,0.43,2.789,-1.779,0.1,-1.879,-18.79,False,BTCUSDT,2,FADE,BUY,42796,2026-07-31 02:40:00
63058.5,62921.7,43119,43246,128,REVERSE_SIGNAL,0.25,0.108,0.217,0.1,0.117,1.17,True,BTCUSDT,2,FADE,SELL,43118,2026-08-01 05:30:00
62921.7,62896.3,43247,43353,107,REVERSE_SIGNAL,0.135,1.101,-0.04,0.1,-0.14,-1.4,False,BTCUSDT,2,FADE,BUY,43246,2026-08-01 16:10:00
62896.3,63171.2,43354,43447,94,REVERSE_SIGNAL,1.151,0.0,0.437,0.1,0.337,3.37,True,BTCUSDT,2,TREND,BUY,43353,2026-08-02 01:05:00
63171.2,63482.6,43448,43564,117,REVERSE_SIGNAL,0.67,0.333,0.493,0.1,0.393,3.93,True,BTCUSDT,2,FADE,BUY,43447,2026-08-02 08:55:00
63482.6,63042.4,43565,43672,108,REVERSE_SIGNAL,0.743,0.467,0.693,0.1,0.593,5.93,True,BTCUSDT,2,FADE,SELL,43564,2026-08-02 18:40:00
63042.4,63260.2,43673,43797,125,REVERSE_SIGNAL,0.517,1.228,0.345,0.1,0.245,2.45,True,BTCUSDT,2,FADE,BUY,43672,2026-08-03 03:40:00
63260.2,63522.6,43798,44031,234,REVERSE_SIGNAL,0.201,1.549,-0.415,0.1,-0.515,-5.15,False,BTCUSDT,2,FADE,SELL,43797,2026-08-03 14:05:00
63522.6,63954.5,44032,44067,36,REVERSE_SIGNAL,0.806,0.148,0.68,0.1,0.58,5.8,True,BTCUSDT,2,FADE,BUY,44031,2026-08-04 09:35:00
63954.5,64021.2,44068,44298,231,REVERSE_SIGNAL,0.582,0.873,-0.104,0.1,-0.204,-2.04,False,BTCUSDT,2,FADE,SELL,44067,2026-08-04 12:35:00
64021.2,64306.2,44299,44358,60,REVERSE_SIGNAL,0.865,0.061,0.445,0.1,0.345,3.45,True,BTCUSDT,2,FADE,BUY,44298,2026-08-05 07:50:00
64306.2,64059.9805,44359,44366,8,SL,0.074,0.702,-0.383,0.1,-0.483,-4.83,False,BTCUSDT,2,TREND,BUY,44358,2026-08-05 12:50:00
64442.5,64664.4,44638,44889,252,REVERSE_SIGNAL,0.806,0.514,0.344,0.1,0.244,2.44,True,BTCUSDT,2,FADE,BUY,44637,2026-08-06 12:05:00
64664.4,64970.5,44890,45334,445,REVERSE_SIGNAL,0.27,1.073,-0.473,0.1,-0.573,-5.73,False,BTCUSDT,2,FADE,SELL,44889,2026-08-07 09:05:00
64970.5,64890.8,45335,45455,121,REVERSE_SIGNAL,0.018,0.416,-0.123,0.1,-0.223,-2.23,False,BTCUSDT,2,FADE,BUY,45334,2026-08-08 22:10:00
64890.8,64892.2,45456,45637,182,REVERSE_SIGNAL,0.203,0.912,-0.002,0.1,-0.102,-1.02,False,BTCUSDT,2,FADE,SELL,45455,2026-08-09 08:15:00
64892.2,65300.0,45638,45735,98,REVERSE_SIGNAL,0.742,0.151,0.628,0.1,0.528,5.28,True,BTCUSDT,2,FADE,BUY,45637,2026-08-09 23:25:00
65300.0,65028.1,45736,45768,33,REVERSE_SIGNAL,0.57,0.026,0.416,0.1,0.316,3.16,True,BTCUSDT,2,FADE,SELL,45735,2026-08-10 07:35:00
65028.1,65181.8526,45769,45788,20,SL,0.12,0.297,-0.236,0.1,-0.336,-3.36,False,BTCUSDT,2,TREND,SELL,45768,2026-08-10 10:20:00
64240.1,64002.8038,46050,46104,55,SL,0.358,0.496,-0.369,0.1,-0.469,-4.69,False,BTCUSDT,2,TREND,BUY,46049,2026-08-11 09:45:00
63747.0,63838.9,46112,46245,134,REVERSE_SIGNAL,0.176,0.84,0.144,0.1,0.044,0.44,True,BTCUSDT,2,FADE,BUY,46111,2026-08-11 14:55:00
63838.9,63555.1,46246,46395,150,REVERSE_SIGNAL,0.528,0.957,0.445,0.1,0.345,3.45,True,BTCUSDT,2,FADE,SELL,46245,2026-08-12 02:05:00
63555.1,63904.7,46396,46571,176,REVERSE_SIGNAL,0.685,0.428,0.55,0.1,0.45,4.5,True,BTCUSDT,2,FADE,BUY,46395,2026-08-12 14:35:00
63904.7,63410.0,46572,46645,74,REVERSE_SIGNAL,0.774,0.072,0.774,0.1,0.674,6.74,True,BTCUSDT,2,FADE,SELL,46571,2026-08-13 05:15:00
63410.0,63801.1,46646,46690,45,REVERSE_SIGNAL,0.9,0.145,0.617,0.1,0.517,5.17,True,BTCUSDT,2,FADE,BUY,46645,2026-08-13 11:25:00
63801.1,63152.3,46691,46709,19,REVERSE_SIGNAL,1.569,0.105,1.017,0.1,0.917,9.17,True,BTCUSDT,2,FADE,SELL,46690,2026-08-13 15:10:00
63152.3,63194.5,46710,47004,295,REVERSE_SIGNAL,0.73,1.058,0.067,0.1,-0.033,-0.33,False,BTCUSDT,2,FADE,BUY,46709,2026-08-13 16:45:00
63194.5,62894.3,47005,47192,188,REVERSE_SIGNAL,0.67,0.0,0.475,0.1,0.375,3.75,True,BTCUSDT,2,FADE,SELL,47004,2026-08-14 17:20:00
62894.3,63049.9,47193,47278,86,REVERSE_SIGNAL,0.322,0.0,0.247,0.1,0.147,1.47,True,BTCUSDT,2,FADE,BUY,47192,2026-08-15 09:00:00
63049.9,63033.0,47279,47378,100,REVERSE_SIGNAL,0.061,0.145,0.027,0.1,-0.073,-0.73,False,BTCUSDT,2,FADE,SELL,47278,2026-08-15 16:10:00
63033.0,63115.9,47379,47424,46,REVERSE_SIGNAL,0.157,0.091,0.132,0.1,0.032,0.32,True,BTCUSDT,2,FADE,BUY,47378,2026-08-16 00:30:00
63115.9,63027.7,47425,47443,19,REVERSE_SIGNAL,0.172,0.011,0.14,0.1,0.04,0.4,True,BTCUSDT,2,FADE,SELL,47424,2026-08-16 04:20:00
63027.7,63036.1,47444,47539,96,REVERSE_SIGNAL,0.045,0.157,0.013,0.1,-0.087,-0.87,False,BTCUSDT,2,FADE,BUY,47443,2026-08-16 05:55:00
63036.1,63003.4,47540,47629,90,REVERSE_SIGNAL,0.076,0.53,0.052,0.1,-0.048,-0.48,False,BTCUSDT,2,FADE,SELL,47539,2026-08-16 13:55:00
63003.4,63362.6,47630,47697,68,REVERSE_SIGNAL,0.76,0.512,0.57,0.1,0.47,4.7,True,BTCUSDT,2,FADE,BUY,47629,2026-08-16 21:25:00
63362.6,64090.2,47698,47988,291,REVERSE_SIGNAL,0.17,1.954,-1.148,0.1,-1.248,-12.48,False,BTCUSDT,2,FADE,SELL,47697,2026-08-17 03:05:00
64090.2,64315.0334,47989,48025,37,SL,0.132,0.378,-0.351,0.1,-0.451,-4.51,False,BTCUSDT,2,TREND,SELL,47988,2026-08-18 03:20:00
64325.9,64186.0678,48091,48103,13,SL,0.004,0.242,-0.217,0.1,-0.317,-3.17,False,BTCUSDT,2,TREND,BUY,48090,2026-08-18 11:50:00
64042.4,64273.6989,48110,48116,7,SL,0.099,0.472,-0.361,0.1,-0.461,-4.61,False,BTCUSDT,2,TREND,SELL,48109,2026-08-18 13:25:00
64776.7,64387.2,48123,48256,134,REVERSE_SIGNAL,0.131,0.652,-0.601,0.1,-0.701,-7.01,False,BTCUSDT,2,TREND,BUY,48122,2026-08-18 14:30:00
64387.2,64694.1,48257,48387,131,REVERSE_SIGNAL,0.576,0.397,0.477,0.1,0.377,3.77,True,BTCUSDT,2,FADE,BUY,48256,2026-08-19 01:40:00
64694.1,77342.4,48388,49170,783,REVERSE_SIGNAL,22.972,0.022,19.551,0.1,19.451,194.51,True,BTCUSDT,2,TREND,BUY,48387,2026-08-19 12:35:00
77342.4,77194.8,49171,49529,359,REVERSE_SIGNAL,0.43,2.268,-0.191,0.1,-0.291,-2.91,False,BTCUSDT,2,FADE,BUY,49170,2026-08-22 05:50:00
77194.8,76889.9,49530,49735,206,REVERSE_SIGNAL,0.707,1.118,0.395,0.1,0.295,2.95,True,BTCUSDT,2,FADE,SELL,49529,2026-08-23 11:45:00
76889.9,77959.0,49736,49802,67,REVERSE_SIGNAL,1.465,0.113,1.39,0.1,1.29,12.9,True,BTCUSDT,2,FADE,BUY,49735,2026-08-24 04:55:00
77959.0,80620.2,49803,49999,197,REVERSE_SIGNAL,4.248,0.672,3.414,0.1,3.314,33.14,True,BTCUSDT,2,TREND,BUY,49802,2026-08-24 10:30:00
0.0994,0.0903,136,1126,991,REVERSE_SIGNAL,10.836,0.121,9.176,0.1,9.076,90.76,True,DOGEUSDT,2,TREND,SELL,135,2026-03-04 23:35:00
0.0903,0.0887,1127,1151,25,REVERSE_SIGNAL,2.57,1.108,1.75,0.1,1.65,16.5,True,DOGEUSDT,2,FADE,SELL,1126,2026-03-08 10:10:00
0.0887,0.0894,1152,1262,111,REVERSE_SIGNAL,1.082,1.545,-0.744,0.1,-0.844,-8.44,False,DOGEUSDT,2,TREND,SELL,1151,2026-03-08 12:15:00
0.0893,0.0886,1263,1268,6,SL,0.19,3.156,-0.839,0.1,-0.939,-9.39,False,DOGEUSDT,2,TREND,BUY,1262,2026-03-08 21:30:00
0.0952,0.0923,1812,1899,88,SL,0.105,3.005,-3.0,0.1,-3.1,-31.0,False,DOGEUSDT,2,FADE,BUY,1811,2026-03-10 19:15:00
0.0943,0.0917,2031,2054,24,SL,0.509,3.436,-2.747,0.1,-2.847,-28.47,False,DOGEUSDT,2,TREND,BUY,2030,2026-03-11 13:30:00
0.0923,0.0936,2169,2282,114,REVERSE_SIGNAL,1.593,0.596,1.398,0.1,1.298,12.98,True,DOGEUSDT,2,FADE,BUY,2168,2026-03-12 01:00:00
0.0936,0.096,2283,2657,375,REVERSE_SIGNAL,9.01,0.513,2.64,0.1,2.54,25.4,True,DOGEUSDT,2,TREND,BUY,2282,2026-03-12 10:30:00
0.096,0.0955,2658,2900,243,REVERSE_SIGNAL,0.76,2.176,-0.573,0.1,-0.673,-6.73,False,DOGEUSDT,2,FADE,BUY,2657,2026-03-13 17:45:00
0.0955,0.0947,2901,2908,8,SL,0.136,1.152,-0.817,0.1,-0.917,-9.17,False,DOGEUSDT,2,TREND,BUY,2900,2026-03-14 14:00:00
0.0947,0.0954,2978,3011,34,REVERSE_SIGNAL,1.289,0.053,0.824,0.1,0.724,7.24,True,DOGEUSDT,2,FADE,BUY,2977,2026-03-14 20:25:00
0.0954,0.0954,3012,3190,179,REVERSE_SIGNAL,2.043,0.838,-0.01,0.1,-0.11,-1.1,False,DOGEUSDT,2,TREND,BUY,3011,2026-03-14 23:15:00
0.0954,0.097,3191,3293,103,REVERSE_SIGNAL,1.897,1.079,1.666,0.1,1.566,15.66,True,DOGEUSDT,2,FADE,BUY,3190,2026-03-15 14:10:00
0.097,0.1004,3294,3658,365,REVERSE_SIGNAL,7.658,0.454,3.494,0.1,3.394,33.94,True,DOGEUSDT,2,TREND,BUY,3293,2026-03-15 22:45:00
0.1004,0.101,3659,3850,192,REVERSE_SIGNAL,0.986,2.141,0.588,0.1,0.488,4.88,True,DOGEUSDT,2,FADE,BUY,3658,2026-03-17 05:10:00
0.101,0.0992,3851,3976,126,REVERSE_SIGNAL,1.832,0.822,1.752,0.1,1.652,16.52,True,DOGEUSDT,2,FADE,SELL,3850,2026-03-17 21:10:00
0.0992,0.0937,3977,4462,486,REVERSE_SIGNAL,7.578,0.836,5.543,0.1,5.443,54.43,True,DOGEUSDT,2,TREND,SELL,3976,2026-03-18 07:40:00
0.0937,0.0935,4463,4685,223,REVERSE_SIGNAL,0.79,1.76,0.224,0.1,0.124,1.24,True,DOGEUSDT,2,FADE,SELL,4462,2026-03-20 00:10:00
0.0935,0.0947,4686,4781,96,REVERSE_SIGNAL,1.486,0.834,1.24,0.1,1.14,11.4,True,DOGEUSDT,2,FADE,BUY,4685,2026-03-20 18:45:00
0.0947,0.094,4782,4874,93,REVERSE_SIGNAL,0.845,0.275,0.771,0.1,0.671,6.71,True,DOGEUSDT,2,FADE,SELL,4781,2026-03-21 02:45:00
0.094,0.0911,4875,5034,160,SL,0.703,3.672,-3.0,0.1,-3.1,-31.0,False,DOGEUSDT,2,FADE,BUY,4874,2026-03-21 10:30:00
0.0942,0.094,5459,5605,147,REVERSE_SIGNAL,2.516,1.677,0.191,0.1,0.091,0.91,True,DOGEUSDT,2,FADE,SELL,5458,2026-03-23 11:10:00
0.094,0.0947,5606,5703,98,REVERSE_SIGNAL,0.936,1.479,0.777,0.1,0.677,6.77,True,DOGEUSDT,2,FADE,BUY,5605,2026-03-23 23:25:00
0.0947,0.0934,5704,5786,83,REVERSE_SIGNAL,1.678,0.897,1.362,0.1,1.262,12.62,True,DOGEUSDT,2,FADE,SELL,5703,2026-03-24 07:35:00
0.0935,0.0946,5787,5860,74,REVERSE_SIGNAL,1.166,1.541,-1.188,0.1,-1.288,-12.88,False,DOGEUSDT,2,TREND,SELL,5786,2026-03-24 14:30:00
0.0946,0.0974,5861,5977,117,SL,0.55,3.215,-3.0,0.1,-3.1,-31.0,False,DOGEUSDT,2,FADE,SELL,5860,2026-03-24 20:40:00
0.0963,0.0969,6097,6097,1,SL,0.052,0.758,-0.581,0.1,-0.681,-6.81,False,DOGEUSDT,2,TREND,SELL,6096,2026-03-25 16:20:00
0.0921,0.0911,6444,6579,136,SL,0.64,1.14,-1.129,0.1,-1.229,-12.29,False,DOGEUSDT,2,TREND,BUY,6443,2026-03-26 21:15:00
0.0911,0.0909,6593,6856,264,REVERSE_SIGNAL,2.065,0.099,0.22,0.1,0.12,1.2,True,DOGEUSDT,2,TREND,SELL,6592,2026-03-27 09:40:00
0.0909,0.092,6857,7012,156,REVERSE_SIGNAL,4.909,0.11,1.255,0.1,1.155,11.55,True,DOGEUSDT,2,TREND,BUY,6856,2026-03-28 07:40:00
0.092,0.091,7013,7305,293,REVERSE_SIGNAL,2.37,0.293,1.076,0.1,0.976,9.76,True,DOGEUSDT,2,TREND,SELL,7012,2026-03-28 20:40:00
0.091,0.0882,7306,7325,20,REVERSE_SIGNAL,3.461,0.582,3.055,0.1,2.955,29.55,True,DOGEUSDT,2,FADE,SELL,7305,2026-03-29 21:05:00
0.0882,0.0913,7326,7343,18,SL,0.125,4.273,-3.48,0.1,-3.58,-35.8,False,DOGEUSDT,2,TREND,SELL,7325,2026-03-29 22:45:00
0.0924,0.0917,7377,7553,177,REVERSE_SIGNAL,1.667,0.953,-0.747,0.1,-0.847,-8.47,False,DOGEUSDT,2,TREND,BUY,7376,2026-03-30 03:00:00
0.0917,0.0922,7554,7651,98,REVERSE_SIGNAL,1.494,1.167,-0.545,0.1,-0.645,-6.45,False,DOGEUSDT,2,TREND,SELL,7553,2026-03-30 17:45:00
0.0922,0.0904,7652,7740,89,REVERSE_SIGNAL,2.115,0.152,1.898,0.1,1.798,17.98,True,DOGEUSDT,2,FADE,SELL,7651,2026-03-31 01:55:00
0.0904,0.0917,7741,7799,59,SL,1.261,1.592,-1.404,0.1,-1.504,-15.04,False,DOGEUSDT,2,TREND,SELL,7740,2026-03-31 09:20:00
0.0917,0.0945,7833,8002,170,SL,0.502,3.031,-3.0,0.1,-3.1,-31.0,False,DOGEUSDT,2,FADE,SELL,7832,2026-03-31 17:00:00
0.0922,0.0933,8031,8113,83,SL,0.401,1.291,-1.204,0.1,-1.304,-13.04,False,DOGEUSDT,2,TREND,SELL,8030,2026-04-01 09:30:00
0.0906,0.0913,8541,8785,245,REVERSE_SIGNAL,0.364,2.175,-0.751,0.1,-0.851,-8.51,False,DOGEUSDT,2,FADE,SELL,8540,2026-04-03 04:00:00
0.0913,0.0916,8786,8969,184,REVERSE_SIGNAL,0.679,0.646,0.405,0.1,0.305,3.05,True,DOGEUSDT,2,FADE,BUY,8785,2026-04-04 00:25:00
0.0916,0.0915,8970,9090,121,REVERSE_SIGNAL,1.593,0.316,-0.153,0.1,-0.253,-2.53,False,DOGEUSDT,2,TREND,BUY,8969,2026-04-04 15:45:00
0.0915,0.0912,9091,9341,251,REVERSE_SIGNAL,2.055,0.044,0.361,0.1,0.261,2.61,True,DOGEUSDT,2,TREND,SELL,9090,2026-04-05 01:50:00
0.0912,0.0919,9342,9564,223,REVERSE_SIGNAL,2.665,0.088,0.79,0.1,0.69,6.9,True,DOGEUSDT,2,TREND,BUY,9341,2026-04-05 22:45:00
0.0919,0.0913,9565,9761,197,REVERSE_SIGNAL,2.231,0.348,0.631,0.1,0.531,5.31,True,DOGEUSDT,2,TREND,SELL,9564,2026-04-06 17:20:00
0.0913,0.0905,9762,9769,8,SL,0.066,1.095,-0.887,0.1,-0.987,-9.87,False,DOGEUSDT,2,TREND,BUY,9761,2026-04-07 09:45:00
0.0902,0.091,9816,9854,39,SL,0.222,1.086,-0.865,0.1,-0.965,-9.65,False,DOGEUSDT,2,TREND,SELL,9815,2026-04-07 14:15:00
0.0916,0.0928,9861,10110,250,REVERSE_SIGNAL,4.825,0.797,1.321,0.1,1.221,12.21,True,DOGEUSDT,2,TREND,BUY,9860,2026-04-07 18:00:00
0.0928,0.093,10111,10410,300,REVERSE_SIGNAL,2.101,1.39,-0.172,0.1,-0.272,-2.72,False,DOGEUSDT,2,TREND,SELL,10110,2026-04-08 14:50:00
0.093,0.0922,10411,10511,101,REVERSE_SIGNAL,2.151,0.99,-0.871,0.1,-0.971,-9.71,False,DOGEUSDT,2,TREND,BUY,10410,2026-04-09 15:50:00
0.0922,0.094,10512,10680,169,REVERSE_SIGNAL,2.062,0.326,2.051,0.1,1.951,19.51,True,DOGEUSDT,2,FADE,BUY,10511,2026-04-10 00:15:00
0.094,0.0934,10681,10808,128,REVERSE_SIGNAL,1.085,1.297,0.702,0.1,0.602,6.02,True,DOGEUSDT,2,FADE,SELL,10680,2026-04-10 14:20:00
0.0934,0.0939,10809,11020,212,REVERSE_SIGNAL,0.76,1.296,0.503,0.1,0.403,4.03,True,DOGEUSDT,2,FADE,BUY,10808,2026-04-11 01:00:00
0.0939,0.093,11021,11093,73,REVERSE_SIGNAL,1.449,1.076,0.938,0.1,0.838,8.38,True,DOGEUSDT,2,FADE,SELL,11020,2026-04-11 18:40:00
0.093,0.0913,11094,11339,246,REVERSE_SIGNAL,2.958,0.247,1.764,0.1,1.664,16.64,True,DOGEUSDT,2,TREND,SELL,11093,2026-04-12 00:45:00
0.0913,0.0908,11340,11506,167,REVERSE_SIGNAL,0.996,0.175,0.536,0.1,0.436,4.36,True,DOGEUSDT,2,FADE,SELL,11339,2026-04-12 21:15:00
0.0909,0.0915,11507,11530,24,REVERSE_SIGNAL,1.167,0.055,0.715,0.1,0.615,6.15,True,DOGEUSDT,2,FADE,BUY,11506,2026-04-13 11:10:00
0.0915,0.0908,11531,11533,3,SL,0.0,0.798,-0.765,0.1,-0.865,-8.65,False,DOGEUSDT,2,TREND,BUY,11530,2026-04-13 13:10:00
0.0929,0.0943,11735,11764,30,REVERSE_SIGNAL,1.819,0.011,1.496,0.1,1.396,13.96,True,DOGEUSDT,2,FADE,BUY,11734,2026-04-14 06:10:00
0.0943,0.0971,11765,11827,63,SL,0.732,3.085,-3.0,0.1,-3.1,-31.0,False,DOGEUSDT,2,FADE,SELL,11764,2026-04-14 08:40:00
0.093,0.0939,11888,12125,238,REVERSE_SIGNAL,1.161,0.774,0.935,0.1,0.835,8.35,True,DOGEUSDT,2,FADE,BUY,11887,2026-04-14 18:55:00
0.0939,0.0975,12126,12582,457,REVERSE_SIGNAL,6.303,0.894,3.822,0.1,3.722,37.22,True,DOGEUSDT,2,TREND,BUY,12125,2026-04-15 14:45:00
0.0975,0.0986,12583,12627,45,SL,0.872,1.118,-1.118,0.1,-1.218,-12.18,False,DOGEUSDT,2,TREND,SELL,12582,2026-04-17 04:50:00
0.0995,0.0994,12638,12824,187,REVERSE_SIGNAL,2.715,1.83,-0.09,0.1,-0.19,-1.9,False,DOGEUSDT,2,TREND,BUY,12637,2026-04-17 09:25:00
0.0994,0.095,12825,13249,425,REVERSE_SIGNAL,6.028,0.362,4.448,0.1,4.348,43.48,True,DOGEUSDT,2,TREND,SELL,12824,2026-04-18 01:00:00
0.095,0.0939,13250,13305,56,SL,2.222,1.106,-1.106,0.1,-1.206,-12.06,False,DOGEUSDT,2,TREND,BUY,13249,2026-04-19 12:25:00
0.093,0.0948,13371,13478,108,REVERSE_SIGNAL,2.536,0.634,1.859,0.1,1.759,17.59,True,DOGEUSDT,2,FADE,BUY,13370,2026-04-19 22:30:00
0.0948,0.0948,13479,13872,394,REVERSE_SIGNAL,0.865,1.34,-0.042,0.1,-0.142,-1.42,False,DOGEUSDT,2,FADE,SELL,13478,2026-04-20 07:30:00
0.0948,0.0951,13873,13971,99,REVERSE_SIGNAL,0.527,1.392,0.327,0.1,0.227,2.27,True,DOGEUSDT,2,FADE,BUY,13872,2026-04-21 16:20:00
0.0951,0.0966,13972,14203,232,REVERSE_SIGNAL,3.627,0.326,1.577,0.1,1.477,14.77,True,DOGEUSDT,2,TREND,BUY,13971,2026-04-22 00:35:00
0.0966,0.0967,14204,14400,197,REVERSE_SIGNAL,0.3,1.459,0.052,0.1,-0.048,-0.48,False,DOGEUSDT,2,FADE,BUY,14203,2026-04-22 19:55:00
0.0967,0.0979,14401,14974,574,REVERSE_SIGNAL,1.686,2.927,-1.272,0.1,-1.372,-13.72,False,DOGEUSDT,2,FADE,SELL,14400,2026-04-23 12:20:00
0.0979,0.0985,14975,15190,216,REVERSE_SIGNAL,0.848,0.592,0.582,0.1,0.482,4.82,True,DOGEUSDT,2,FADE,BUY,14974,2026-04-25 12:10:00
0.0985,0.0984,15191,15472,282,REVERSE_SIGNAL,0.406,2.396,0.071,0.1,-0.029,-0.29,False,DOGEUSDT,2,FADE,SELL,15190,2026-04-26 06:10:00
0.0984,0.0986,15473,15680,208,REVERSE_SIGNAL,0.823,1.575,0.234,0.1,0.134,1.34,True,DOGEUSDT,2,FADE,BUY,15472,2026-04-27 05:40:00
0.0986,0.0989,15681,15845,165,REVERSE_SIGNAL,0.446,2.382,-0.243,0.1,-0.343,-3.43,False,DOGEUSDT,2,FADE,SELL,15680,2026-04-27 23:00:00
0.0989,0.0995,15846,15948,103,REVERSE_SIGNAL,1.042,0.88,0.627,0.1,0.527,5.27,True,DOGEUSDT,2,FADE,BUY,15845,2026-04-28 12:45:00
0.0995,0.1025,15949,16036,88,SL,0.724,3.025,-3.0,0.1,-3.1,-31.0,False,DOGEUSDT,2,FADE,SELL,15948,2026-04-28 21:20:00
0.1051,0.1056,16165,16273,109,REVERSE_SIGNAL,4.024,0.514,-0.419,0.1,-0.519,-5.19,False,DOGEUSDT,2,TREND,SELL,16164,2026-04-29 15:20:00
0.1056,0.1083,16274,16884,611,REVERSE_SIGNAL,4.67,1.231,2.567,0.1,2.467,24.67,True,DOGEUSDT,2,TREND,BUY,16273,2026-04-30 00:25:00
0.1083,0.109,16885,17017,133,REVERSE_SIGNAL,0.683,1.081,0.683,0.1,0.583,5.83,True,DOGEUSDT,2,FADE,BUY,16884,2026-05-02 03:20:00
0.109,0.1075,17018,17154,137,REVERSE_SIGNAL,1.468,0.266,1.358,0.1,1.258,12.58,True,DOGEUSDT,2,FADE,SELL,17017,2026-05-02 14:25:00
0.1075,0.1092,17155,17278,124,REVERSE_SIGNAL,1.72,0.456,1.572,0.1,1.472,14.72,True,DOGEUSDT,2,FADE,BUY,17154,2026-05-03 01:50:00
0.1092,0.1125,17279,17443,165,SL,1.556,3.772,-3.0,0.1,-3.1,-31.0,False,DOGEUSDT,2,FADE,SELL,17278,2026-05-03 12:10:00
0.109,0.1125,17544,17598,55,SL,0.413,3.275,-3.192,0.1,-3.292,-32.92,False,DOGEUSDT,2,TREND,SELL,17543,2026-05-04 10:15:00
0.1115,0.1148,17749,17970,222,SL,0.735,3.928,-3.0,0.1,-3.1,-31.0,False,DOGEUSDT,2,FADE,SELL,17748,2026-05-05 03:20:00
0.1127,0.1074,18162,18703,542,REVERSE_SIGNAL,6.346,0.905,4.713,0.1,4.613,46.13,True,DOGEUSDT,2,TREND,SELL,18161,2026-05-06 13:45:00
0.1074,0.1106,18704,18882,179,SL,1.043,3.232,-3.0,0.1,-3.1,-31.0,False,DOGEUSDT,2,FADE,SELL,18703,2026-05-08 10:55:00
0.1094,0.1095,19016,19345,330,REVERSE_SIGNAL,1.536,0.512,-0.11,0.1,-0.21,-2.1,False,DOGEUSDT,2,TREND,SELL,19015,2026-05-09 12:55:00
0.1095,0.1082,19346,19397,52,SL,1.964,3.005,-1.178,0.1,-1.278,-12.78,False,DOGEUSDT,2,TREND,BUY,19345,2026-05-10 16:25:00
0.1079,0.1107,19403,19418,16,SL,0.028,2.614,-2.614,0.1,-2.714,-27.14,False,DOGEUSDT,2,TREND,SELL,19402,2026-05-10 21:10:00
0.1118,0.1089,19427,19484,58,REVERSE_SIGNAL,3.129,0.885,2.665,0.1,2.565,25.65,True,DOGEUSDT,2,FADE,SELL,19426,2026-05-10 23:10:00
0.1089,0.1113,19485,19630,146,REVERSE_SIGNAL,2.499,0.276,2.278,0.1,2.178,21.78,True,DOGEUSDT,2,FADE,BUY,19484,2026-05-11 04:00:00
0.1113,0.11,19631,19773,143,REVERSE_SIGNAL,1.5,0.413,1.213,0.1,1.113,11.13,True,DOGEUSDT,2,FADE,SELL,19630,2026-05-11 16:10:00
0.11,0.1105,19774,19976,203,REVERSE_SIGNAL,1.146,2.327,0.491,0.1,0.391,3.91,True,DOGEUSDT,2,FADE,BUY,19773,2026-05-12 04:05:00
0.1105,0.1119,19977,20192,216,REVERSE_SIGNAL,3.673,0.66,1.221,0.1,1.121,11.21,True,DOGEUSDT,2,TREND,BUY,19976,2026-05-12 21:00:00
0.1119,0.113,20193,20225,33,SL,2.083,1.064,-1.001,0.1,-1.101,-11.01,False,DOGEUSDT,2,TREND,SELL,20192,2026-05-13 15:00:00
0.1142,0.1177,20232,20518,287,SL,2.092,3.134,-3.0,0.1,-3.1,-31.0,False,DOGEUSDT,2,FADE,SELL,20231,2026-05-13 18:15:00
0.1143,0.1102,20652,21225,574,REVERSE_SIGNAL,5.802,1.181,3.579,0.1,3.479,34.79,True,DOGEUSDT,2,TREND,SELL,20651,2026-05-15 05:15:00
0.1102,0.1097,21226,21370,145,REVERSE_SIGNAL,2.36,0.69,-0.399,0.1,-0.499,-4.99,False,DOGEUSDT,2,TREND,BUY,21225,2026-05-17 05:05:00
0.1097,0.1064,21371,21448,78,SL,1.385,4.31,-3.0,0.1,-3.1,-31.0,False,DOGEUSDT,2,FADE,BUY,21370,2026-05-17 17:10:00
0.1051,0.1038,21723,21881,159,REVERSE_SIGNAL,1.589,0.362,1.208,0.1,1.108,11.08,True,DOGEUSDT,2,FADE,SELL,21722,2026-05-18 22:30:00
0.1038,0.104,21882,22110,229,REVERSE_SIGNAL,0.742,1.936,0.154,0.1,0.054,0.54,True,DOGEUSDT,2,FADE,BUY,21881,2026-05-19 11:45:00
0.104,0.1034,22111,22310,200,REVERSE_SIGNAL,1.039,0.904,0.558,0.1,0.458,4.58,True,DOGEUSDT,2,FADE,SELL,22110,2026-05-20 06:50:00
0.1034,0.1047,22311,22330,20,REVERSE_SIGNAL,1.306,0.058,1.286,0.1,1.186,11.86,True,DOGEUSDT,2,FADE,BUY,22310,2026-05-20 23:30:00
0.1047,0.1041,22331,22446,116,REVERSE_SIGNAL,1.547,0.926,-0.573,0.1,-0.673,-6.73,False,DOGEUSDT,2,TREND,BUY,22330,2026-05-21 01:10:00
0.1041,0.1063,22447,22530,84,REVERSE_SIGNAL,2.161,0.346,2.103,0.1,2.003,20.03,True,DOGEUSDT,2,FADE,BUY,22446,2026-05-21 10:50:00
0.1063,0.1039,22531,22829,299,REVERSE_SIGNAL,3.019,0.395,2.239,0.1,2.139,21.39,True,DOGEUSDT,2,FADE,SELL,22530,2026-05-21 17:50:00
0.1039,0.1005,22830,23058,229,REVERSE_SIGNAL,6.533,0.481,3.3,0.1,3.2,32.0,True,DOGEUSDT,2,TREND,SELL,22829,2026-05-22 18:45:00
0.1005,0.1021,23059,23357,299,REVERSE_SIGNAL,4.487,0.398,1.582,0.1,1.482,14.82,True,DOGEUSDT,2,TREND,BUY,23058,2026-05-23 13:50:00
0.1021,0.1028,23358,23531,174,REVERSE_SIGNAL,0.774,1.567,0.666,0.1,0.566,5.66,True,DOGEUSDT,2,FADE,BUY,23357,2026-05-24 14:45:00
0.1028,0.1023,23532,23724,193,REVERSE_SIGNAL,0.477,0.953,0.448,0.1,0.348,3.48,True,DOGEUSDT,2,FADE,SELL,23531,2026-05-25 05:15:00
0.1023,0.1024,23725,23886,162,REVERSE_SIGNAL,1.896,0.205,-0.068,0.1,-0.168,-1.68,False,DOGEUSDT,2,TREND,SELL,23724,2026-05-25 21:20:00
0.1024,0.1013,23887,23978,92,REVERSE_SIGNAL,2.139,1.397,1.113,0.1,1.013,10.13,True,DOGEUSDT,2,FADE,SELL,23886,2026-05-26 10:50:00
0.1013,0.1022,23979,24128,150,REVERSE_SIGNAL,1.047,1.027,0.919,0.1,0.819,8.19,True,DOGEUSDT,2,FADE,BUY,23978,2026-05-26 18:30:00
0.1022,0.1011,24129,24207,79,SL,0.362,1.341,-1.057,0.1,-1.157,-11.57,False,DOGEUSDT,2,TREND,BUY,24128,2026-05-27 07:00:00
0.0998,0.0998,24307,24539,233,REVERSE_SIGNAL,3.446,1.102,0.08,0.1,-0.02,-0.2,False,DOGEUSDT,2,TREND,SELL,24306,2026-05-27 21:50:00
0.0998,0.0989,24540,24768,229,REVERSE_SIGNAL,0.732,1.183,-0.842,0.1,-0.942,-9.42,False,DOGEUSDT,2,TREND,BUY,24539,2026-05-28 17:15:00
0.0989,0.0996,24769,24801,33,SL,1.567,0.718,-0.687,0.1,-0.787,-7.87,False,DOGEUSDT,2,TREND,SELL,24768,2026-05-29 12:20:00
0.1004,0.1006,24810,25181,372,REVERSE_SIGNAL,1.334,1.275,0.169,0.1,0.069,0.69,True,DOGEUSDT,2,TREND,BUY,24809,2026-05-29 15:45:00
0.1006,0.1004,25182,25465,284,REVERSE_SIGNAL,0.775,1.64,-0.219,0.1,-0.319,-3.19,False,DOGEUSDT,2,FADE,BUY,25181,2026-05-30 22:45:00
0.1004,0.0993,25466,25580,115,REVERSE_SIGNAL,1.335,1.156,1.086,0.1,0.986,9.86,True,DOGEUSDT,2,FADE,SELL,25465,2026-05-31 22:25:00
0.0993,0.1006,25581,25723,143,REVERSE_SIGNAL,1.35,1.551,1.309,0.1,1.209,12.09,True,DOGEUSDT,2,FADE,BUY,25580,2026-06-01 08:00:00
0.1006,0.0994,25724,25798,75,SL,0.606,1.203,-1.183,0.1,-1.283,-12.83,False,DOGEUSDT,2,TREND,BUY,25723,2026-06-01 19:55:00
0.0992,0.0939,25853,26142,290,REVERSE_SIGNAL,8.525,0.282,5.381,0.1,5.281,52.81,True,DOGEUSDT,2,TREND,SELL,25852,2026-06-02 06:40:00
0.0939,0.0917,26143,26256,114,REVERSE_SIGNAL,2.439,0.639,2.364,0.1,2.264,22.64,True,DOGEUSDT,2,FADE,SELL,26142,2026-06-03 06:50:00
0.0917,0.0824,26257,27099,843,REVERSE_SIGNAL,15.347,1.691,10.122,0.1,10.022,100.22,True,DOGEUSDT,2,TREND,SELL,26256,2026-06-03 16:20:00
0.0824,0.0849,27100,27307,208,SL,2.415,3.119,-3.0,0.1,-3.1,-31.0,False,DOGEUSDT,2,FADE,SELL,27099,2026-06-06 14:35:00
0.0832,0.0858,27447,27482,36,REVERSE_SIGNAL,5.216,0.337,3.077,0.1,2.977,29.77,True,DOGEUSDT,2,FADE,BUY,27446,2026-06-07 19:30:00
0.0858,0.0852,27483,27794,312,REVERSE_SIGNAL,2.017,1.691,-0.63,0.1,-0.73,-7.3,False,DOGEUSDT,2,TREND,BUY,27482,2026-06-07 22:30:00
0.0852,0.0866,27795,27867,73,REVERSE_SIGNAL,1.76,0.833,1.631,0.1,1.531,15.31,True,DOGEUSDT,2,FADE,BUY,27794,2026-06-09 00:30:00
0.0866,0.0849,27868,27959,92,REVERSE_SIGNAL,2.124,0.046,1.951,0.1,1.851,18.51,True,DOGEUSDT,2,FADE,SELL,27867,2026-06-09 06:35:00
0.0849,0.0845,27960,28255,296,REVERSE_SIGNAL,2.532,0.895,0.506,0.1,0.406,4.06,True,DOGEUSDT,2,TREND,SELL,27959,2026-06-09 14:15:00
0.0845,0.0834,28256,28288,33,SL,1.124,1.385,-1.29,0.1,-1.39,-13.9,False,DOGEUSDT,2,TREND,BUY,28255,2026-06-10 14:55:00
0.0827,0.084,28329,28379,51,SL,1.089,1.621,-1.609,0.1,-1.709,-17.09,False,DOGEUSDT,2,TREND,SELL,28328,2026-06-10 21:00:00
0.0843,0.0868,28386,28577,192,SL,0.842,3.002,-3.0,0.1,-3.1,-31.0,False,DOGEUSDT,2,FADE,SELL,28385,2026-06-11 01:45:00
0.0856,0.087,28741,28771,31,REVERSE_SIGNAL,1.915,0.14,1.577,0.1,1.477,14.77,True,DOGEUSDT,2,FADE,BUY,28740,2026-06-12 07:20:00
0.087,0.0864,28772,28921,150,REVERSE_SIGNAL,6.3,0.793,-0.644,0.1,-0.744,-7.44,False,DOGEUSDT,2,TREND,BUY,28771,2026-06-12 09:55:00
0.0864,0.0872,28922,29039,118,REVERSE_SIGNAL,1.018,1.007,-0.856,0.1,-0.956,-9.56,False,DOGEUSDT,2,TREND,SELL,28921,2026-06-12 22:25:00
0.0872,0.0873,29040,29313,274,REVERSE_SIGNAL,1.87,0.264,0.161,0.1,0.061,0.61,True,DOGEUSDT,2,TREND,BUY,29039,2026-06-13 08:15:00
0.0873,0.0879,29314,29483,170,SL,1.913,0.699,-0.687,0.1,-0.787,-7.87,False,DOGEUSDT,2,TREND,SELL,29313,2026-06-14 07:05:00
0.088,0.0907,29486,29675,190,SL,0.136,3.216,-3.0,0.1,-3.1,-31.0,False,DOGEUSDT,2,FADE,SELL,29485,2026-06-14 21:25:00
0.0882,0.0883,29786,29908,123,REVERSE_SIGNAL,1.713,0.227,-0.181,0.1,-0.281,-2.81,False,DOGEUSDT,2,TREND,SELL,29785,2026-06-15 22:25:00
0.0883,0.0873,29909,29962,54,SL,0.827,1.268,-1.155,0.1,-1.255,-12.55,False,DOGEUSDT,2,TREND,BUY,29908,2026-06-16 08:40:00
0.0865,0.0875,29979,30289,311,REVERSE_SIGNAL,1.78,1.283,1.167,0.1,1.067,10.67,True,DOGEUSDT,2,FADE,BUY,29978,2026-06-16 14:30:00
0.0875,0.0856,30290,30333,44,REVERSE_SIGNAL,3.004,0.366,2.216,0.1,2.116,21.16,True,DOGEUSDT,2,FADE,SELL,30289,2026-06-17 16:25:00
0.0856,0.083,30334,30564,231,SL,1.098,3.002,-3.0,0.1,-3.1,-31.0,False,DOGEUSDT,2,FADE,BUY,30333,2026-06-17 20:05:00
0.0836,0.0822,30706,30722,17,REVERSE_SIGNAL,1.806,0.024,1.699,0.1,1.599,15.99,True,DOGEUSDT,2,FADE,SELL,30705,2026-06-19 03:05:00
0.0822,0.0832,30723,30844,122,REVERSE_SIGNAL,1.558,0.45,1.253,0.1,1.153,11.53,True,DOGEUSDT,2,FADE,BUY,30722,2026-06-19 04:30:00
0.0832,0.0832,30845,31123,279,REVERSE_SIGNAL,0.649,1.286,-0.036,0.1,-0.136,-1.36,False,DOGEUSDT,2,FADE,SELL,30844,2026-06-19 14:40:00
0.0832,0.0839,31124,31230,107,REVERSE_SIGNAL,1.141,0.817,0.745,0.1,0.645,6.45,True,DOGEUSDT,2,FADE,BUY,31123,2026-06-20 13:55:00
0.0839,0.0832,31231,31315,85,REVERSE_SIGNAL,0.93,0.191,0.799,0.1,0.699,6.99,True,DOGEUSDT,2,FADE,SELL,31230,2026-06-20 22:50:00
0.0832,0.0835,31316,31618,303,REVERSE_SIGNAL,1.238,1.334,0.349,0.1,0.249,2.49,True,DOGEUSDT,2,FADE,BUY,31315,2026-06-21 05:55:00
0.0835,0.0831,31619,31741,123,REVERSE_SIGNAL,0.515,1.869,0.503,0.1,0.403,4.03,True,DOGEUSDT,2,FADE,SELL,31618,2026-06-22 07:10:00
0.0831,0.0806,31742,31893,152,SL,0.445,3.239,-3.0,0.1,-3.1,-31.0,False,DOGEUSDT,2,FADE,BUY,31741,2026-06-22 17:25:00
0.0795,0.0782,32132,32242,111,REVERSE_SIGNAL,1.811,0.088,1.723,0.1,1.623,16.23,True,DOGEUSDT,2,FADE,SELL,32131,2026-06-24 01:55:00
0.0782,0.0758,32243,32294,52,SL,1.817,4.516,-3.0,0.1,-3.1,-31.0,False,DOGEUSDT,2,FADE,BUY,32242,2026-06-24 11:10:00
0.0756,0.0762,32360,32527,168,REVERSE_SIGNAL,2.555,0.609,0.834,0.1,0.734,7.34,True,DOGEUSDT,2,TREND,BUY,32359,2026-06-24 20:55:00
0.0762,0.0746,32528,32666,139,REVERSE_SIGNAL,6.275,0.328,2.008,0.1,1.908,19.08,True,DOGEUSDT,2,TREND,SELL,32527,2026-06-25 10:55:00
0.0746,0.0725,32667,32710,44,REVERSE_SIGNAL,2.96,0.844,2.827,0.1,2.727,27.27,True,DOGEUSDT,2,FADE,SELL,32666,2026-06-25 22:30:00
0.0725,0.0753,32711,32882,172,REVERSE_SIGNAL,4.218,0.717,3.805,0.1,3.705,37.05,True,DOGEUSDT,2,FADE,BUY,32710,2026-06-26 02:10:00
0.0753,0.075,32883,33107,225,REVERSE_SIGNAL,0.385,1.076,0.345,0.1,0.245,2.45,True,DOGEUSDT,2,FADE,SELL,32882,2026-06-26 16:30:00
0.075,0.0757,33108,33133,26,SL,0.147,0.893,-0.88,0.1,-0.98,-9.8,False,DOGEUSDT,2,TREND,SELL,33107,2026-06-27 11:15:00
0.0759,0.0751,33145,33203,59,REVERSE_SIGNAL,0.988,0.698,0.988,0.1,0.888,8.88,True,DOGEUSDT,2,FADE,SELL,33144,2026-06-27 14:20:00
0.0751,0.074,33204,33761,558,REVERSE_SIGNAL,4.299,0.08,1.451,0.1,1.351,13.51,True,DOGEUSDT,2,TREND,SELL,33203,2026-06-27 19:15:00
0.074,0.0726,33762,33844,83,REVERSE_SIGNAL,2.12,0.081,1.972,0.1,1.872,18.72,True,DOGEUSDT,2,FADE,SELL,33761,2026-06-29 17:45:00
0.0726,0.0704,33845,33982,138,SL,0.262,3.141,-3.0,0.1,-3.1,-31.0,False,DOGEUSDT,2,FADE,BUY,33844,2026-06-30 00:40:00
0.0723,0.0714,34065,34207,143,REVERSE_SIGNAL,2.572,0.539,1.286,0.1,1.186,11.86,True,DOGEUSDT,2,FADE,SELL,34064,2026-06-30 19:00:00
0.0714,0.0724,34208,34291,84,REVERSE_SIGNAL,1.513,0.911,1.359,0.1,1.259,12.59,True,DOGEUSDT,2,FADE,BUY,34207,2026-07-01 06:55:00
0.0723,0.0722,34292,34411,120,REVERSE_SIGNAL,2.198,0.332,-0.221,0.1,-0.321,-3.21,False,DOGEUSDT,2,TREND,BUY,34291,2026-07-01 13:55:00
0.0722,0.0731,34412,34453,42,SL,0.776,1.302,-1.261,0.1,-1.361,-13.61,False,DOGEUSDT,2,TREND,SELL,34411,2026-07-01 23:55:00
0.073,0.0723,34466,34501,36,SL,0.37,1.014,-0.972,0.1,-1.072,-10.72,False,DOGEUSDT,2,TREND,BUY,34465,2026-07-02 04:25:00
0.0767,0.0773,35116,35148,33,SL,0.026,0.938,-0.73,0.1,-0.83,-8.3,False,DOGEUSDT,2,TREND,SELL,35115,2026-07-04 10:35:00
0.0782,0.0776,35170,35271,102,REVERSE_SIGNAL,1.113,1.483,0.729,0.1,0.629,6.29,True,DOGEUSDT,2,FADE,SELL,35169,2026-07-04 15:05:00
0.0776,0.0766,35272,35434,163,REVERSE_SIGNAL,3.04,0.193,1.34,0.1,1.24,12.4,True,DOGEUSDT,2,TREND,SELL,35271,2026-07-04 23:35:00
0.0766,0.0766,35435,35632,198,REVERSE_SIGNAL,2.885,0.339,0.052,0.1,-0.048,-0.48,False,DOGEUSDT,2,TREND,BUY,35434,2026-07-05 13:10:00
0.0766,0.077,35633,35795,163,REVERSE_SIGNAL,3.014,1.018,-0.457,0.1,-0.557,-5.57,False,DOGEUSDT,2,TREND,SELL,35632,2026-07-06 05:40:00
0.077,0.0759,35796,35870,75,SL,1.754,1.468,-1.403,0.1,-1.503,-15.03,False,DOGEUSDT,2,TREND,BUY,35795,2026-07-06 19:15:00
0.0761,0.0728,35877,36350,474,REVERSE_SIGNAL,6.804,0.013,4.374,0.1,4.274,42.74,True,DOGEUSDT,2,TREND,SELL,35876,2026-07-07 02:00:00
0.0728,0.0746,36351,37279,929,REVERSE_SIGNAL,3.819,1.195,2.486,0.1,2.386,23.86,True,DOGEUSDT,2,TREND,BUY,36350,2026-07-08 17:30:00
0.0746,0.0735,37280,37448,169,REVERSE_SIGNAL,3.19,0.08,1.528,0.1,1.428,14.28,True,DOGEUSDT,2,TREND,SELL,37279,2026-07-11 22:55:00
0.0735,0.0727,37449,37557,109,REVERSE_SIGNAL,1.211,0.544,1.034,0.1,0.934,9.34,True,DOGEUSDT,2,FADE,SELL,37448,2026-07-12 13:00:00
0.0727,0.072,37558,37886,329,REVERSE_SIGNAL,2.008,2.544,-1.004,0.1,-1.104,-11.04,False,DOGEUSDT,2,FADE,BUY,37557,2026-07-12 22:05:00
0.072,0.0741,37887,38042,156,SL,0.806,3.001,-3.0,0.1,-3.1,-31.0,False,DOGEUSDT,2,FADE,SELL,37886,2026-07-14 01:30:00
0.0737,0.0742,38192,38226,35,SL,0.068,0.692,-0.651,0.1,-0.751,-7.51,False,DOGEUSDT,2,TREND,SELL,38191,2026-07-15 02:55:00
0.0747,0.0736,38236,38291,56,REVERSE_SIGNAL,1.688,0.067,1.46,0.1,1.36,13.6,True,DOGEUSDT,2,FADE,SELL,38235,2026-07-15 06:35:00
0.0736,0.075,38292,38314,23,REVERSE_SIGNAL,2.012,0.041,1.93,0.1,1.83,18.3,True,DOGEUSDT,2,FADE,BUY,38291,2026-07-15 11:15:00
0.075,0.0738,38315,38396,82,REVERSE_SIGNAL,2.267,0.333,1.574,0.1,1.474,14.74,True,DOGEUSDT,2,FADE,SELL,38314,2026-07-15 13:10:00
0.0738,0.0716,38397,38801,405,SL,0.908,3.211,-3.0,0.1,-3.1,-31.0,False,DOGEUSDT,2,FADE,BUY,38396,2026-07-15 20:00:00
0.0728,0.0723,38938,39115,178,REVERSE_SIGNAL,1.044,0.192,0.742,0.1,0.642,6.42,True,DOGEUSDT,2,FADE,SELL,38937,2026-07-17 17:05:00
0.0723,0.0724,39116,39312,197,REVERSE_SIGNAL,0.498,0.54,0.249,0.1,0.149,1.49,True,DOGEUSDT,2,FADE,BUY,39115,2026-07-18 07:55:00
0.0725,0.0719,39313,39532,220,REVERSE_SIGNAL,1.215,0.511,0.718,0.1,0.618,6.18,True,DOGEUSDT,2,FADE,SELL,39312,2026-07-19 00:20:00
0.0719,0.0728,39533,39610,78,REVERSE_SIGNAL,1.64,0.125,1.182,0.1,1.082,10.82,True,DOGEUSDT,2,FADE,BUY,39532,2026-07-19 18:40:00
0.0728,0.0717,39611,39669,59,REVERSE_SIGNAL,1.951,0.261,1.511,0.1,1.411,14.11,True,DOGEUSDT,2,FADE,SELL,39610,2026-07-20 01:10:00
0.0717,0.0727,39670,39735,66,REVERSE_SIGNAL,1.674,0.921,1.479,0.1,1.379,13.79,True,DOGEUSDT,2,FADE,BUY,39669,2026-07-20 06:05:00
0.0727,0.0717,39736,39831,96,REVERSE_SIGNAL,1.76,1.155,1.389,0.1,1.289,12.89,True,DOGEUSDT,2,FADE,SELL,39735,2026-07-20 11:35:00
0.0717,0.0727,39832,39929,98,REVERSE_SIGNAL,1.45,0.125,1.366,0.1,1.266,12.66,True,DOGEUSDT,2,FADE,BUY,39831,2026-07-20 19:35:00
0.0727,0.073,39930,40162,233,REVERSE_SIGNAL,0.275,1.527,-0.371,0.1,-0.471,-4.71,False,DOGEUSDT,2,FADE,SELL,39929,2026-07-21 03:45:00
0.073,0.0738,40163,40178,16,REVERSE_SIGNAL,1.22,0.014,1.055,0.1,0.955,9.55,True,DOGEUSDT,2,FADE,BUY,40162,2026-07-21 23:10:00
0.0737,0.0725,40179,40240,62,REVERSE_SIGNAL,1.736,0.149,1.654,0.1,1.554,15.54,True,DOGEUSDT,2,FADE,SELL,40178,2026-07-22 00:30:00
0.0725,0.0731,40241,40360,120,REVERSE_SIGNAL,1.117,0.662,0.813,0.1,0.713,7.13,True,DOGEUSDT,2,FADE,BUY,40240,2026-07-22 05:40:00
0.0731,0.0725,40361,40517,157,REVERSE_SIGNAL,1.313,0.52,0.875,0.1,0.775,7.75,True,DOGEUSDT,2,FADE,SELL,40360,2026-07-22 15:40:00
0.0725,0.0703,40518,40621,104,SL,0.235,3.284,-3.0,0.1,-3.1,-31.0,False,DOGEUSDT,2,FADE,BUY,40517,2026-07-23 04:45:00
0.07,0.0691,40838,40901,64,SL,0.129,1.372,-1.229,0.1,-1.329,-13.29,False,DOGEUSDT,2,TREND,BUY,40837,2026-07-24 07:25:00
0.0689,0.0695,40908,41033,126,REVERSE_SIGNAL,1.161,1.045,0.87,0.1,0.77,7.7,True,DOGEUSDT,2,FADE,BUY,40907,2026-07-24 13:15:00
0.0695,0.0716,41034,41229,196,SL,0.604,3.236,-3.0,0.1,-3.1,-31.0,False,DOGEUSDT,2,FADE,SELL,41033,2026-07-24 23:45:00
0.0717,0.0722,41323,41348,26,SL,0.209,0.683,-0.683,0.1,-0.783,-7.83,False,DOGEUSDT,2,TREND,SELL,41322,2026-07-25 23:50:00
0.0724,0.0725,41364,41555,192,REVERSE_SIGNAL,0.262,2.265,-0.166,0.1,-0.266,-2.66,False,DOGEUSDT,2,FADE,SELL,41363,2026-07-26 03:15:00
0.0725,0.0731,41556,41588,33,SL,0.096,1.075,-0.772,0.1,-0.872,-8.72,False,DOGEUSDT,2,TREND,SELL,41555,2026-07-26 19:15:00
0.0733,0.0723,41601,41721,121,REVERSE_SIGNAL,1.365,0.341,1.283,0.1,1.183,11.83,True,DOGEUSDT,2,FADE,SELL,41600,2026-07-26 23:00:00
0.0723,0.073,41722,41765,44,SL,0.304,0.926,-0.912,0.1,-1.012,-10.12,False,DOGEUSDT,2,TREND,SELL,41721,2026-07-27 09:05:00
0.0709,0.0699,42095,42237,143,SL,0.719,1.411,-1.397,0.1,-1.497,-14.97,False,DOGEUSDT,2,TREND,BUY,42094,2026-07-28 16:10:00
0.0702,0.0708,42374,42404,31,SL,0.313,1.339,-0.869,0.1,-0.969,-9.69,False,DOGEUSDT,2,TREND,SELL,42373,2026-07-29 15:25:00
0.0705,0.0699,42506,42559,54,REVERSE_SIGNAL,1.361,0.156,0.922,0.1,0.822,8.22,True,DOGEUSDT,2,FADE,SELL,42505,2026-07-30 02:25:00
0.0699,0.0705,42560,42675,116,REVERSE_SIGNAL,1.188,0.243,0.944,0.1,0.844,8.44,True,DOGEUSDT,2,FADE,BUY,42559,2026-07-30 06:55:00
0.0705,0.0699,42676,42796,121,REVERSE_SIGNAL,0.992,0.68,0.851,0.1,0.751,7.51,True,DOGEUSDT,2,FADE,SELL,42675,2026-07-30 16:35:00
0.0699,0.0701,42797,42981,185,REVERSE_SIGNAL,0.543,2.202,0.272,0.1,0.172,1.72,True,DOGEUSDT,2,FADE,BUY,42796,2026-07-31 02:40:00
0.0701,0.0695,42982,43266,285,REVERSE_SIGNAL,1.226,0.342,0.898,0.1,0.798,7.98,True,DOGEUSDT,2,FADE,SELL,42981,2026-07-31 18:05:00
0.0695,0.0696,43267,43359,93,REVERSE_SIGNAL,2.734,0.23,-0.072,0.1,-0.172,-1.72,False,DOGEUSDT,2,TREND,SELL,43266,2026-08-01 17:50:00
0.0696,0.07,43360,43644,285,REVERSE_SIGNAL,0.086,2.732,-0.705,0.1,-0.805,-8.05,False,DOGEUSDT,2,FADE,SELL,43359,2026-08-02 01:35:00
0.07,0.0703,43645,43796,152,REVERSE_SIGNAL,1.599,0.571,-0.343,0.1,-0.443,-4.43,False,DOGEUSDT,2,TREND,SELL,43644,2026-08-03 01:20:00
0.0703,0.0698,43797,44213,417,REVERSE_SIGNAL,0.768,0.569,0.626,0.1,0.526,5.26,True,DOGEUSDT,2,FADE,SELL,43796,2026-08-03 14:00:00
0.0698,0.0704,44214,44427,214,REVERSE_SIGNAL,0.859,0.873,0.802,0.1,0.702,7.02,True,DOGEUSDT,2,FADE,BUY,44213,2026-08-05 00:45:00
0.0704,0.0696,44428,44519,92,REVERSE_SIGNAL,1.207,0.199,1.165,0.1,1.065,10.65,True,DOGEUSDT,2,FADE,SELL,44427,2026-08-05 18:35:00
0.0696,0.0692,44520,44810,291,REVERSE_SIGNAL,0.805,2.026,-0.604,0.1,-0.704,-7.04,False,DOGEUSDT,2,FADE,BUY,44519,2026-08-06 02:15:00
0.0692,0.0712,44811,45243,433,SL,0.549,3.036,-3.0,0.1,-3.1,-31.0,False,DOGEUSDT,2,FADE,SELL,44810,2026-08-07 02:30:00
0.0706,0.0703,45342,45523,182,REVERSE_SIGNAL,0.0,1.119,-0.439,0.1,-0.539,-5.39,False,DOGEUSDT,2,FADE,BUY,45341,2026-08-08 22:45:00
0.0703,0.0698,45524,45634,111,REVERSE_SIGNAL,0.811,0.939,0.754,0.1,0.654,6.54,True,DOGEUSDT,2,FADE,SELL,45523,2026-08-09 13:55:00
0.0698,0.0702,45635,45964,330,REVERSE_SIGNAL,0.846,1.061,0.688,0.1,0.588,5.88,True,DOGEUSDT,2,FADE,BUY,45634,2026-08-09 23:10:00
0.0702,0.0723,45965,46195,231,SL,0.541,3.303,-3.0,0.1,-3.1,-31.0,False,DOGEUSDT,2,FADE,SELL,45964,2026-08-11 02:40:00
0.0715,0.0694,46301,46477,177,SL,0.895,3.369,-3.0,0.1,-3.1,-31.0,False,DOGEUSDT,2,FADE,BUY,46300,2026-08-12 06:40:00
0.0701,0.07,46553,46648,96,REVERSE_SIGNAL,0.399,0.941,0.214,0.1,0.114,1.14,True,DOGEUSDT,2,FADE,SELL,46552,2026-08-13 03:40:00
0.07,0.07,46649,47007,359,REVERSE_SIGNAL,0.514,1.186,0.0,0.1,-0.1,-1.0,False,DOGEUSDT,2,FADE,BUY,46648,2026-08-13 11:40:00
0.07,0.0699,47008,47268,261,REVERSE_SIGNAL,0.629,0.743,0.071,0.1,-0.029,-0.29,False,DOGEUSDT,2,FADE,SELL,47007,2026-08-14 17:35:00
0.0699,0.07,47269,47532,264,REVERSE_SIGNAL,0.2,0.672,0.029,0.1,-0.071,-0.71,False,DOGEUSDT,2,FADE,BUY,47268,2026-08-15 15:20:00
0.07,0.0694,47533,47633,101,REVERSE_SIGNAL,1.515,0.286,0.8,0.1,0.7,7.0,True,DOGEUSDT,2,FADE,SELL,47532,2026-08-16 13:20:00
0.0694,0.0701,47634,47673,40,SL,0.216,1.037,-1.009,0.1,-1.109,-11.09,False,DOGEUSDT,2,TREND,SELL,47633,2026-08-16 21:45:00
0.0702,0.0699,47700,47977,278,REVERSE_SIGNAL,0.47,0.527,0.442,0.1,0.342,3.42,True,DOGEUSDT,2,FADE,SELL,47699,2026-08-17 03:15:00
0.0699,0.0703,47978,48121,144,SL,0.486,0.658,-0.587,0.1,-0.687,-6.87,False,DOGEUSDT,2,TREND,SELL,47977,2026-08-18 02:25:00
0.0702,0.0699,48133,48255,123,REVERSE_SIGNAL,0.47,0.427,0.413,0.1,0.313,3.13,True,DOGEUSDT,2,FADE,SELL,48132,2026-08-18 15:20:00
0.0699,0.0702,48256,48379,124,REVERSE_SIGNAL,0.515,0.143,0.415,0.1,0.315,3.15,True,DOGEUSDT,2,FADE,BUY,48255,2026-08-19 01:35:00
0.0702,0.0723,48380,48420,41,SL,0.185,3.062,-3.0,0.1,-3.1,-31.0,False,DOGEUSDT,2,FADE,SELL,48379,2026-08-19 11:55:00
0.0906,0.0931,49209,49319,111,REVERSE_SIGNAL,3.125,3.755,-2.86,0.1,-2.96,-29.6,False,DOGEUSDT,2,TREND,SELL,49208,2026-08-22 09:00:00
0.0931,0.0907,49320,49432,113,SL,2.362,2.781,-2.62,0.1,-2.72,-27.2,False,DOGEUSDT,2,TREND,BUY,49319,2026-08-22 18:15:00
0.0904,0.0929,49445,49512,68,SL,1.88,2.731,-2.72,0.1,-2.82,-28.2,False,DOGEUSDT,2,TREND,SELL,49444,2026-08-23 04:40:00
0.0923,0.0911,49539,49564,26,SL,2.438,1.691,-1.268,0.1,-1.368,-13.68,False,DOGEUSDT,2,TREND,BUY,49538,2026-08-23 12:30:00
0.0911,0.0914,49702,49983,282,REVERSE_SIGNAL,3.438,2.559,-0.351,0.1,-0.451,-4.51,False,DOGEUSDT,2,TREND,SELL,49701,2026-08-24 02:05:00
0.0914,0.092,49984,49999,16,REVERSE_SIGNAL,1.817,0.69,0.657,0.1,0.557,5.57,True,DOGEUSDT,2,TREND,BUY,49983,2026-08-25 01:35:00
2112.63,2148.83,164,273,110,REVERSE_SIGNAL,2.384,0.956,1.714,0.1,1.614,16.14,True,ETHUSDT,2,FADE,BUY,163,2026-03-05 01:55:00
2148.83,2114.0248,274,301,28,SL,0.09,1.703,-1.62,0.1,-1.72,-17.2,False,ETHUSDT,2,TREND,BUY,273,2026-03-05 11:05:00
2074.12,1965.29,327,1126,800,REVERSE_SIGNAL,7.065,1.214,5.247,0.1,5.147,51.47,True,ETHUSDT,2,TREND,SELL,326,2026-03-05 15:30:00
1965.29,1933.79,1127,1151,25,REVERSE_SIGNAL,2.133,0.699,1.603,0.1,1.503,15.03,True,ETHUSDT,2,FADE,SELL,1126,2026-03-08 10:10:00
1933.79,1962.59,1152,1242,91,REVERSE_SIGNAL,1.831,0.565,1.489,0.1,1.389,13.89,True,ETHUSDT,2,FADE,BUY,1151,2026-03-08 12:15:00
1962.59,2021.4677,1243,1407,165,SL,2.851,3.021,-3.0,0.1,-3.1,-31.0,False,ETHUSDT,2,FADE,SELL,1242,2026-03-08 19:50:00
1992.28,2051.99,1580,1613,34,REVERSE_SIGNAL,3.094,0.103,2.997,0.1,2.897,28.97,True,ETHUSDT,2,FADE,BUY,1579,2026-03-09 23:55:00
2051.99,2020.81,1614,1752,139,REVERSE_SIGNAL,1.073,2.155,-1.52,0.1,-1.62,-16.2,False,ETHUSDT,2,TREND,BUY,1613,2026-03-10 02:45:00
2020.81,2082.96,1753,1782,30,REVERSE_SIGNAL,3.325,0.025,3.075,0.1,2.975,29.75,True,ETHUSDT,2,FADE,BUY,1752,2026-03-10 14:20:00
2082.96,2029.27,1783,1840,58,REVERSE_SIGNAL,2.756,0.063,2.578,0.1,2.478,24.78,True,ETHUSDT,2,FADE,SELL,1782,2026-03-10 16:50:00
2029.27,2079.3,1841,2031,191,REVERSE_SIGNAL,2.583,1.152,2.465,0.1,2.365,23.65,True,ETHUSDT,2,FADE,BUY,1840,2026-03-10 21:40:00
2079.3,2039.98,2032,2183,152,REVERSE_SIGNAL,2.427,0.273,1.891,0.1,1.791,17.91,True,ETHUSDT,2,FADE,SELL,2031,2026-03-11 13:35:00
2039.98,2060.29,2184,2272,89,REVERSE_SIGNAL,1.069,1.167,0.996,0.1,0.896,8.96,True,ETHUSDT,2,FADE,BUY,2183,2026-03-12 02:15:00
2060.29,2102.02,2273,2659,387,REVERSE_SIGNAL,7.242,1.17,2.025,0.1,1.925,19.25,True,ETHUSDT,2,TREND,BUY,2272,2026-03-12 09:40:00
2102.02,2081.89,2660,2986,327,REVERSE_SIGNAL,1.995,0.684,0.958,0.1,0.858,8.58,True,ETHUSDT,2,TREND,SELL,2659,2026-03-13 17:55:00
2081.89,2090.36,2987,3182,196,REVERSE_SIGNAL,0.082,1.987,-0.407,0.1,-0.507,-5.07,False,ETHUSDT,2,FADE,SELL,2986,2026-03-14 21:10:00
2090.36,2111.04,3183,3262,80,REVERSE_SIGNAL,1.304,0.252,0.989,0.1,0.889,8.89,True,ETHUSDT,2,FADE,BUY,3182,2026-03-15 13:30:00
2111.04,2303.86,3263,3652,390,REVERSE_SIGNAL,13.014,0.101,9.134,0.1,9.034,90.34,True,ETHUSDT,2,TREND,BUY,3262,2026-03-15 20:10:00
2303.86,2234.7442,3653,4037,385,SL,2.292,3.028,-3.0,0.1,-3.1,-31.0,False,ETHUSDT,2,FADE,BUY,3652,2026-03-17 04:40:00
2157.0,2134.0,4482,4660,179,REVERSE_SIGNAL,1.984,0.864,1.066,0.1,0.966,9.66,True,ETHUSDT,2,FADE,SELL,4481,2026-03-20 01:45:00
2134.0,2159.64,4661,4726,66,REVERSE_SIGNAL,1.571,0.83,1.201,0.1,1.101,11.01,True,ETHUSDT,2,FADE,BUY,4660,2026-03-20 16:40:00
2159.64,2149.24,4727,4967,241,REVERSE_SIGNAL,0.902,0.387,0.482,0.1,0.382,3.82,True,ETHUSDT,2,FADE,SELL,4726,2026-03-20 22:10:00
2149.24,2156.8332,4968,5457,490,SL,5.94,0.792,-0.353,0.1,-0.453,-4.53,False,ETHUSDT,2,TREND,SELL,4967,2026-03-21 18:15:00
2168.9,2138.52,5459,5653,195,REVERSE_SIGNAL,2.928,1.139,1.401,0.1,1.301,13.01,True,ETHUSDT,2,FADE,SELL,5458,2026-03-23 11:10:00
2138.52,2155.3922,5654,5697,44,SL,0.5,0.945,-0.789,0.1,-0.889,-8.89,False,ETHUSDT,2,TREND,SELL,5653,2026-03-24 03:25:00
2154.77,2138.24,5705,5801,97,REVERSE_SIGNAL,1.72,0.925,0.767,0.1,0.667,6.67,True,ETHUSDT,2,FADE,SELL,5704,2026-03-24 07:40:00
2138.24,2143.64,5802,5869,68,REVERSE_SIGNAL,1.695,0.754,-0.253,0.1,-0.353,-3.53,False,ETHUSDT,2,TREND,SELL,5801,2026-03-24 15:45:00
2143.64,2152.69,5870,6216,347,REVERSE_SIGNAL,2.634,0.211,0.422,0.1,0.322,3.22,True,ETHUSDT,2,TREND,BUY,5869,2026-03-24 21:25:00
2152.69,2002.5,6217,6841,625,REVERSE_SIGNAL,8.663,0.103,6.977,0.1,6.877,68.77,True,ETHUSDT,2,TREND,SELL,6216,2026-03-26 02:20:00
2002.5,2010.67,6842,7033,192,REVERSE_SIGNAL,0.564,2.34,-0.408,0.1,-0.508,-5.08,False,ETHUSDT,2,FADE,SELL,6841,2026-03-28 06:25:00
2010.67,1950.3499,7034,7325,292,SL,0.414,3.687,-3.0,0.1,-3.1,-31.0,False,ETHUSDT,2,FADE,BUY,7033,2026-03-28 22:25:00
2037.41,2038.79,7374,7558,185,REVERSE_SIGNAL,0.548,2.433,-0.068,0.1,-0.168,-1.68,False,ETHUSDT,2,FADE,SELL,7373,2026-03-30 02:45:00
2038.79,2066.7326,7559,7646,88,SL,1.307,2.659,-1.371,0.1,-1.471,-14.71,False,ETHUSDT,2,TREND,SELL,7558,2026-03-30 18:10:00
2080.0,2036.63,7648,7738,91,REVERSE_SIGNAL,2.356,0.12,2.085,0.1,1.985,19.85,True,ETHUSDT,2,FADE,SELL,7647,2026-03-31 01:35:00
2036.63,2075.27,7739,7794,56,REVERSE_SIGNAL,2.08,1.246,1.897,0.1,1.797,17.97,True,ETHUSDT,2,FADE,BUY,7738,2026-03-31 09:10:00
2075.27,2137.5281,7795,7990,196,SL,1.878,3.28,-3.0,0.1,-3.1,-31.0,False,ETHUSDT,2,FADE,SELL,7794,2026-03-31 13:50:00
2095.92,2065.07,8227,8405,179,REVERSE_SIGNAL,3.835,0.232,1.472,0.1,1.372,13.72,True,ETHUSDT,2,TREND,SELL,8226,2026-04-02 01:50:00
2065.07,2046.16,8406,8656,251,REVERSE_SIGNAL,1.294,0.918,0.916,0.1,0.816,8.16,True,ETHUSDT,2,FADE,SELL,8405,2026-04-02 16:45:00
2046.16,2058.0,8657,8981,325,REVERSE_SIGNAL,0.757,0.288,0.579,0.1,0.479,4.79,True,ETHUSDT,2,FADE,BUY,8656,2026-04-03 13:40:00
2058.0,2053.65,8982,9094,113,REVERSE_SIGNAL,0.304,1.232,0.211,0.1,0.111,1.11,True,ETHUSDT,2,FADE,SELL,8981,2026-04-04 16:45:00
2053.65,2063.7665,9095,9254,160,SL,1.609,0.76,-0.493,0.1,-0.593,-5.93,False,ETHUSDT,2,TREND,SELL,9094,2026-04-05 02:10:00
2055.81,2117.4843,9258,9347,90,SL,0.427,3.025,-3.0,0.1,-3.1,-31.0,False,ETHUSDT,2,FADE,SELL,9257,2026-04-05 15:45:00
2128.07,2124.25,9629,9756,128,REVERSE_SIGNAL,1.963,0.23,0.18,0.1,0.08,0.8,True,ETHUSDT,2,TREND,SELL,9628,2026-04-06 22:40:00
2124.25,2102.5329,9757,9771,15,SL,0.31,1.262,-1.022,0.1,-1.122,-11.22,False,ETHUSDT,2,TREND,BUY,9756,2026-04-07 09:20:00
2084.51,2119.0,9777,9885,109,REVERSE_SIGNAL,1.933,1.271,1.655,0.1,1.555,15.55,True,ETHUSDT,2,FADE,BUY,9776,2026-04-07 11:00:00
2119.0,2195.15,9886,10110,225,REVERSE_SIGNAL,7.268,0.452,3.594,0.1,3.494,34.94,True,ETHUSDT,2,TREND,BUY,9885,2026-04-07 20:05:00
2195.15,2225.25,10111,10412,302,REVERSE_SIGNAL,1.783,1.982,-1.371,0.1,-1.471,-14.71,False,ETHUSDT,2,TREND,SELL,10110,2026-04-08 14:50:00
2225.25,2187.65,10413,10542,130,REVERSE_SIGNAL,2.312,0.939,1.69,0.1,1.59,15.9,True,ETHUSDT,2,FADE,SELL,10412,2026-04-09 16:00:00
2187.65,2214.52,10543,10644,102,REVERSE_SIGNAL,1.272,0.567,1.228,0.1,1.128,11.28,True,ETHUSDT,2,FADE,BUY,10542,2026-04-10 02:50:00
2214.52,2230.67,10645,10873,229,REVERSE_SIGNAL,1.943,0.35,0.729,0.1,0.629,6.29,True,ETHUSDT,2,TREND,BUY,10644,2026-04-10 11:20:00
2230.67,2242.9354,10874,10907,34,SL,0.043,0.745,-0.55,0.1,-0.65,-6.5,False,ETHUSDT,2,TREND,SELL,10873,2026-04-11 06:25:00
2245.0,2234.6317,10940,10954,15,SL,0.033,0.57,-0.462,0.1,-0.562,-5.62,False,ETHUSDT,2,TREND,BUY,10939,2026-04-11 11:55:00
2226.28,2209.86,11105,11337,233,REVERSE_SIGNAL,2.393,0.297,0.738,0.1,0.638,6.38,True,ETHUSDT,2,TREND,SELL,11104,2026-04-12 01:40:00
2209.86,2190.9702,11338,11348,11,SL,0.077,1.099,-0.855,0.1,-0.955,-9.55,False,ETHUSDT,2,TREND,BUY,11337,2026-04-12 21:05:00
2185.41,2224.7,11465,11548,84,REVERSE_SIGNAL,1.903,0.5,1.798,0.1,1.698,16.98,True,ETHUSDT,2,FADE,BUY,11464,2026-04-13 07:40:00
2224.7,2345.42,11549,11844,296,REVERSE_SIGNAL,8.617,1.198,5.426,0.1,5.326,53.26,True,ETHUSDT,2,TREND,BUY,11548,2026-04-13 14:40:00
2345.42,2342.33,11845,12147,303,REVERSE_SIGNAL,1.868,1.086,0.132,0.1,0.032,0.32,True,ETHUSDT,2,TREND,SELL,11844,2026-04-14 15:20:00
2342.33,2339.36,12148,12336,189,REVERSE_SIGNAL,1.808,0.386,-0.127,0.1,-0.227,-2.27,False,ETHUSDT,2,TREND,BUY,12147,2026-04-15 16:35:00
2339.36,2357.6131,12337,12472,136,SL,2.422,0.869,-0.78,0.1,-0.88,-8.8,False,ETHUSDT,2,TREND,SELL,12336,2026-04-16 08:20:00
2357.99,2325.75,12479,12572,94,REVERSE_SIGNAL,1.511,0.095,1.367,0.1,1.267,12.67,True,ETHUSDT,2,FADE,SELL,12478,2026-04-16 20:10:00
2325.75,2350.1,12573,12629,57,REVERSE_SIGNAL,1.257,0.502,1.047,0.1,0.947,9.47,True,ETHUSDT,2,FADE,BUY,12572,2026-04-17 04:00:00
2350.1,2420.603,12630,12684,55,SL,0.654,3.23,-3.0,0.1,-3.1,-31.0,False,ETHUSDT,2,FADE,SELL,12629,2026-04-17 08:45:00
2401.52,2339.37,12866,13263,398,REVERSE_SIGNAL,4.59,0.452,2.588,0.1,2.488,24.88,True,ETHUSDT,2,TREND,SELL,12865,2026-04-18 04:25:00
2339.37,2316.7638,13264,13287,24,SL,0.098,1.111,-0.966,0.1,-1.066,-10.66,False,ETHUSDT,2,TREND,BUY,13263,2026-04-19 13:35:00
2297.8,2313.74,13315,13477,163,REVERSE_SIGNAL,2.041,1.483,-0.694,0.1,-0.794,-7.94,False,ETHUSDT,2,TREND,SELL,13314,2026-04-19 17:50:00
2313.74,2302.83,13478,13864,387,REVERSE_SIGNAL,1.6,1.431,0.472,0.1,0.372,3.72,True,ETHUSDT,2,FADE,SELL,13477,2026-04-20 07:25:00
2302.83,2354.24,13865,13993,129,REVERSE_SIGNAL,2.396,0.956,2.232,0.1,2.132,21.32,True,ETHUSDT,2,FADE,BUY,13864,2026-04-21 15:40:00
2354.24,2365.99,13994,14253,260,REVERSE_SIGNAL,2.921,0.264,0.499,0.1,0.399,3.99,True,ETHUSDT,2,TREND,BUY,13993,2026-04-22 02:25:00
2365.99,2328.51,14254,14681,428,REVERSE_SIGNAL,3.495,0.67,1.584,0.1,1.484,14.84,True,ETHUSDT,2,TREND,SELL,14253,2026-04-23 00:05:00
2328.51,2306.78,14682,15020,339,REVERSE_SIGNAL,1.268,0.079,0.933,0.1,0.833,8.33,True,ETHUSDT,2,FADE,SELL,14681,2026-04-24 11:45:00
2306.78,2316.94,15021,15101,81,REVERSE_SIGNAL,0.555,0.338,0.44,0.1,0.34,3.4,True,ETHUSDT,2,FADE,BUY,15020,2026-04-25 16:00:00
2316.94,2386.4482,15102,15415,314,SL,0.512,3.24,-3.0,0.1,-3.1,-31.0,False,ETHUSDT,2,FADE,SELL,15101,2026-04-25 22:45:00
2334.56,2264.5232,15469,15588,120,SL,0.165,3.028,-3.0,0.1,-3.1,-31.0,False,ETHUSDT,2,FADE,BUY,15468,2026-04-27 05:20:00
2306.83,2278.55,15703,15771,69,REVERSE_SIGNAL,1.322,0.023,1.226,0.1,1.126,11.26,True,ETHUSDT,2,FADE,SELL,15702,2026-04-28 00:50:00
2278.55,2302.66,15772,15930,159,REVERSE_SIGNAL,1.098,0.988,1.058,0.1,0.958,9.58,True,ETHUSDT,2,FADE,BUY,15771,2026-04-28 06:35:00
2302.66,2311.36,15931,16139,209,REVERSE_SIGNAL,1.07,1.903,-0.378,0.1,-0.478,-4.78,False,ETHUSDT,2,FADE,SELL,15930,2026-04-28 19:50:00
2311.36,2272.88,16140,16290,151,REVERSE_SIGNAL,4.003,0.013,1.665,0.1,1.565,15.65,True,ETHUSDT,2,TREND,SELL,16139,2026-04-29 13:15:00
2272.88,2244.71,16291,16308,18,REVERSE_SIGNAL,1.704,0.013,1.239,0.1,1.139,11.39,True,ETHUSDT,2,FADE,SELL,16290,2026-04-30 01:50:00
2244.71,2264.8014,16309,16382,74,SL,0.651,1.127,-0.895,0.1,-0.995,-9.95,False,ETHUSDT,2,TREND,SELL,16308,2026-04-30 03:20:00
2261.42,2284.35,16385,16808,424,REVERSE_SIGNAL,0.728,2.796,-1.014,0.1,-1.114,-11.14,False,ETHUSDT,2,FADE,SELL,16384,2026-04-30 09:40:00
2284.35,2301.0,16809,16899,91,REVERSE_SIGNAL,1.039,0.036,0.729,0.1,0.629,6.29,True,ETHUSDT,2,FADE,BUY,16808,2026-05-01 21:00:00
2301.0,2299.32,16900,17160,261,REVERSE_SIGNAL,0.255,1.782,0.073,0.1,-0.027,-0.27,False,ETHUSDT,2,FADE,SELL,16899,2026-05-02 04:35:00
2299.32,2320.08,17161,17247,87,REVERSE_SIGNAL,0.984,0.144,0.903,0.1,0.803,8.03,True,ETHUSDT,2,FADE,BUY,17160,2026-05-03 02:20:00
2320.08,2315.41,17248,17433,186,REVERSE_SIGNAL,0.516,1.581,0.201,0.1,0.101,1.01,True,ETHUSDT,2,FADE,SELL,17247,2026-05-03 09:35:00
2315.41,2332.1953,17434,17438,5,SL,0.147,1.043,-0.725,0.1,-0.825,-8.25,False,ETHUSDT,2,TREND,SELL,17433,2026-05-04 01:05:00
2364.29,2327.76,17448,17542,95,REVERSE_SIGNAL,1.463,1.867,-1.545,0.1,-1.645,-16.45,False,ETHUSDT,2,TREND,BUY,17447,2026-05-04 02:15:00
2327.76,2374.8077,17543,17598,56,SL,0.632,2.198,-2.021,0.1,-2.121,-21.21,False,ETHUSDT,2,TREND,SELL,17542,2026-05-04 10:10:00
2368.91,2364.6,17636,17917,282,REVERSE_SIGNAL,1.068,1.265,0.182,0.1,0.082,0.82,True,ETHUSDT,2,FADE,SELL,17635,2026-05-04 17:55:00
2364.6,2390.19,17918,18104,187,REVERSE_SIGNAL,1.327,0.515,1.082,0.1,0.982,9.82,True,ETHUSDT,2,FADE,BUY,17917,2026-05-05 17:25:00
2390.19,2359.45,18105,18164,60,REVERSE_SIGNAL,1.303,1.353,1.286,0.1,1.186,11.86,True,ETHUSDT,2,FADE,SELL,18104,2026-05-06 09:00:00
2359.45,2288.6665,18165,18459,295,SL,0.525,3.071,-3.0,0.1,-3.1,-31.0,False,ETHUSDT,2,FADE,BUY,18164,2026-05-06 14:00:00
2293.66,2303.15,18715,19042,328,REVERSE_SIGNAL,1.105,1.345,-0.414,0.1,-0.514,-5.14,False,ETHUSDT,2,FADE,SELL,18714,2026-05-08 11:50:00
2303.15,2329.54,19043,19066,24,REVERSE_SIGNAL,1.294,0.011,1.146,0.1,1.046,10.46,True,ETHUSDT,2,FADE,BUY,19042,2026-05-09 15:10:00
2329.54,2331.03,19067,19403,337,REVERSE_SIGNAL,0.838,1.714,-0.064,0.1,-0.164,-1.64,False,ETHUSDT,2,FADE,SELL,19066,2026-05-09 17:10:00
2331.03,2378.19,19404,19426,23,REVERSE_SIGNAL,2.181,0.191,2.023,0.1,1.923,19.23,True,ETHUSDT,2,FADE,BUY,19403,2026-05-10 21:15:00
2378.19,2324.74,19427,19476,50,REVERSE_SIGNAL,2.397,0.095,2.248,0.1,2.148,21.48,True,ETHUSDT,2,FADE,SELL,19426,2026-05-10 23:10:00
2324.74,2294.0,19477,20041,565,REVERSE_SIGNAL,0.866,2.993,-1.322,0.1,-1.422,-14.22,False,ETHUSDT,2,FADE,BUY,19476,2026-05-11 03:20:00
2294.0,2275.9413,20042,20163,122,SL,1.25,1.078,-0.787,0.1,-0.887,-8.87,False,ETHUSDT,2,TREND,BUY,20041,2026-05-13 02:25:00
2274.58,2271.51,20164,20376,213,REVERSE_SIGNAL,1.828,0.57,0.135,0.1,0.035,0.35,True,ETHUSDT,2,TREND,SELL,20163,2026-05-13 12:35:00
2271.51,2254.6932,20377,20415,39,SL,0.039,0.892,-0.74,0.1,-0.84,-8.4,False,ETHUSDT,2,TREND,BUY,20376,2026-05-14 06:20:00
2272.03,2203.8691,20614,20756,143,SL,0.293,3.014,-3.0,0.1,-3.1,-31.0,False,ETHUSDT,2,FADE,BUY,20613,2026-05-15 02:05:00
2191.46,2183.02,21226,21381,156,REVERSE_SIGNAL,0.749,0.282,0.385,0.1,0.285,2.85,True,ETHUSDT,2,FADE,SELL,21225,2026-05-17 05:05:00
2183.02,2191.3017,21382,21400,19,SL,0.23,0.451,-0.379,0.1,-0.479,-4.79,False,ETHUSDT,2,TREND,SELL,21381,2026-05-17 18:05:00
2143.85,2114.446,21598,21623,26,SL,0.591,1.405,-1.372,0.1,-1.472,-14.72,False,ETHUSDT,2,TREND,BUY,21597,2026-05-18 12:05:00
2099.03,2124.26,21633,21698,66,REVERSE_SIGNAL,1.18,1.488,-1.202,0.1,-1.302,-13.02,False,ETHUSDT,2,TREND,SELL,21632,2026-05-18 15:00:00
2124.26,2113.2,21699,21858,160,REVERSE_SIGNAL,0.7,1.07,0.521,0.1,0.421,4.21,True,ETHUSDT,2,FADE,SELL,21698,2026-05-18 20:30:00
2113.2,2124.66,21859,22097,239,REVERSE_SIGNAL,0.948,0.788,-0.542,0.1,-0.642,-6.42,False,ETHUSDT,2,TREND,SELL,21858,2026-05-19 09:50:00
2124.66,2128.06,22098,22401,304,REVERSE_SIGNAL,0.572,1.522,-0.16,0.1,-0.26,-2.6,False,ETHUSDT,2,FADE,SELL,22097,2026-05-20 05:45:00
2128.06,2146.18,22402,22528,127,REVERSE_SIGNAL,1.101,1.154,0.851,0.1,0.751,7.51,True,ETHUSDT,2,FADE,BUY,22401,2026-05-21 07:05:00
2146.18,2127.48,22529,22699,171,REVERSE_SIGNAL,1.218,0.308,0.871,0.1,0.771,7.71,True,ETHUSDT,2,FADE,SELL,22528,2026-05-21 17:40:00
2127.48,2063.6556,22700,22838,139,SL,0.463,3.161,-3.0,0.1,-3.1,-31.0,False,ETHUSDT,2,FADE,BUY,22699,2026-05-22 07:55:00
2052.23,2085.01,23069,23351,283,REVERSE_SIGNAL,4.757,0.04,1.597,0.1,1.497,14.97,True,ETHUSDT,2,TREND,BUY,23068,2026-05-23 14:40:00
2085.01,2108.54,23352,23535,184,REVERSE_SIGNAL,1.139,1.327,-1.129,0.1,-1.229,-12.29,False,ETHUSDT,2,TREND,SELL,23351,2026-05-24 14:15:00
2108.54,2107.49,23536,23719,184,REVERSE_SIGNAL,0.496,1.568,0.05,0.1,-0.05,-0.5,False,ETHUSDT,2,FADE,SELL,23535,2026-05-25 05:35:00
2107.49,2123.0,23720,23882,163,REVERSE_SIGNAL,0.913,1.144,0.736,0.1,0.636,6.36,True,ETHUSDT,2,FADE,BUY,23719,2026-05-25 20:55:00
2123.0,2086.14,23883,23947,65,REVERSE_SIGNAL,2.192,0.785,1.736,0.1,1.636,16.36,True,ETHUSDT,2,FADE,SELL,23882,2026-05-26 10:30:00
2086.14,2087.37,23948,24144,197,REVERSE_SIGNAL,0.182,1.589,0.059,0.1,-0.041,-0.41,False,ETHUSDT,2,FADE,BUY,23947,2026-05-26 15:55:00
2087.37,2072.0982,24145,24201,57,SL,0.443,0.784,-0.732,0.1,-0.832,-8.32,False,ETHUSDT,2,TREND,BUY,24144,2026-05-27 08:20:00
2052.72,2014.52,24209,24539,331,REVERSE_SIGNAL,4.25,1.309,1.861,0.1,1.761,17.61,True,ETHUSDT,2,TREND,SELL,24208,2026-05-27 13:40:00
2014.52,1997.76,24540,24772,233,REVERSE_SIGNAL,1.04,0.744,0.832,0.1,0.732,7.32,True,ETHUSDT,2,FADE,SELL,24539,2026-05-28 17:15:00
1997.76,2033.14,24773,24809,37,REVERSE_SIGNAL,2.415,1.121,1.771,0.1,1.671,16.71,True,ETHUSDT,2,FADE,BUY,24772,2026-05-29 12:40:00
2033.14,2010.0,24810,24967,158,REVERSE_SIGNAL,1.589,0.519,1.138,0.1,1.038,10.38,True,ETHUSDT,2,FADE,SELL,24809,2026-05-29 15:45:00
2010.0,2018.78,24968,25072,105,REVERSE_SIGNAL,0.662,0.149,0.437,0.1,0.337,3.37,True,ETHUSDT,2,FADE,BUY,24967,2026-05-30 04:55:00
2018.78,2019.08,25073,25318,246,REVERSE_SIGNAL,0.12,0.93,-0.015,0.1,-0.115,-1.15,False,ETHUSDT,2,FADE,SELL,25072,2026-05-30 13:40:00
2019.08,2016.72,25319,25493,175,REVERSE_SIGNAL,0.328,1.3,-0.117,0.1,-0.217,-2.17,False,ETHUSDT,2,FADE,BUY,25318,2026-05-31 10:10:00
2016.72,1998.7259,25494,25506,13,SL,0.113,1.068,-0.892,0.1,-0.992,-9.92,False,ETHUSDT,2,TREND,BUY,25493,2026-06-01 00:45:00
1987.99,2007.55,25561,25719,159,REVERSE_SIGNAL,1.007,1.689,0.984,0.1,0.884,8.84,True,ETHUSDT,2,FADE,BUY,25560,2026-06-01 06:20:00
2007.55,1987.59,25720,25805,86,REVERSE_SIGNAL,2.303,0.093,0.994,0.1,0.894,8.94,True,ETHUSDT,2,FADE,SELL,25719,2026-06-01 19:35:00
1987.59,2001.6608,25806,25810,5,SL,0.001,0.744,-0.708,0.1,-0.808,-8.08,False,ETHUSDT,2,TREND,SELL,25805,2026-06-02 02:45:00
1887.32,1864.3707,26195,26224,30,SL,0.026,1.351,-1.216,0.1,-1.316,-13.16,False,ETHUSDT,2,TREND,BUY,26194,2026-06-03 11:10:00
1845.04,1591.69,26244,27227,984,REVERSE_SIGNAL,18.506,0.586,13.731,0.1,13.631,136.31,True,ETHUSDT,2,TREND,SELL,26243,2026-06-03 15:15:00
1591.69,1639.4407,27228,27319,92,SL,0.661,3.171,-3.0,0.1,-3.1,-31.0,False,ETHUSDT,2,FADE,SELL,27227,2026-06-07 01:15:00
1647.16,1673.455,27570,27588,19,SL,0.032,1.65,-1.596,0.1,-1.696,-16.96,False,ETHUSDT,2,TREND,SELL,27569,2026-06-08 05:45:00
1694.5,1658.3424,27656,27797,142,SL,1.164,2.151,-2.134,0.1,-2.234,-22.34,False,ETHUSDT,2,TREND,BUY,27655,2026-06-08 12:55:00
1662.0,1612.14,27800,28186,387,SL,2.046,3.008,-3.0,0.1,-3.1,-31.0,False,ETHUSDT,2,FADE,BUY,27799,2026-06-09 00:55:00
1665.71,1618.65,28241,28356,116,REVERSE_SIGNAL,3.822,0.096,2.825,0.1,2.725,27.25,True,ETHUSDT,2,FADE,SELL,28240,2026-06-10 13:40:00
1618.65,1637.8009,28357,28378,22,SL,0.098,1.284,-1.183,0.1,-1.283,-12.83,False,ETHUSDT,2,TREND,SELL,28356,2026-06-10 23:20:00
1644.79,1639.15,28409,28569,161,REVERSE_SIGNAL,0.741,1.751,0.343,0.1,0.243,2.43,True,ETHUSDT,2,FADE,SELL,28408,2026-06-11 03:40:00
1639.15,1659.1083,28570,28574,5,SL,0.478,2.672,-1.218,0.1,-1.318,-13.18,False,ETHUSDT,2,TREND,SELL,28569,2026-06-11 17:05:00
1681.71,1653.26,28581,28730,150,REVERSE_SIGNAL,1.809,0.687,1.692,0.1,1.592,15.92,True,ETHUSDT,2,FADE,SELL,28580,2026-06-11 18:00:00
1653.26,1676.68,28731,28763,33,REVERSE_SIGNAL,1.455,0.126,1.417,0.1,1.317,13.17,True,ETHUSDT,2,FADE,BUY,28730,2026-06-12 06:30:00
1676.68,1661.59,28764,28924,161,REVERSE_SIGNAL,1.442,0.825,0.9,0.1,0.8,8.0,True,ETHUSDT,2,FADE,SELL,28763,2026-06-12 09:15:00
1661.59,1675.51,28925,29035,111,REVERSE_SIGNAL,0.945,0.228,0.838,0.1,0.738,7.38,True,ETHUSDT,2,FADE,BUY,28924,2026-06-12 22:40:00
1675.51,1673.78,29036,29313,278,REVERSE_SIGNAL,0.299,1.348,0.103,0.1,0.003,0.03,True,ETHUSDT,2,FADE,SELL,29035,2026-06-13 07:55:00
1673.78,1695.46,29314,29484,171,REVERSE_SIGNAL,1.328,1.22,1.295,0.1,1.195,11.95,True,ETHUSDT,2,FADE,BUY,29313,2026-06-14 07:05:00
1695.46,1794.2,29485,29786,302,REVERSE_SIGNAL,9.043,0.142,5.824,0.1,5.724,57.24,True,ETHUSDT,2,TREND,BUY,29484,2026-06-14 21:20:00
1794.2,1802.26,29787,29911,125,REVERSE_SIGNAL,2.053,0.731,-0.449,0.1,-0.549,-5.49,False,ETHUSDT,2,TREND,SELL,29786,2026-06-15 22:30:00
1802.26,1768.051,29912,29978,67,SL,2.069,2.224,-1.898,0.1,-1.998,-19.98,False,ETHUSDT,2,TREND,BUY,29911,2026-06-16 08:55:00
1762.87,1746.85,30196,30497,302,REVERSE_SIGNAL,2.381,1.855,0.909,0.1,0.809,8.09,True,ETHUSDT,2,TREND,SELL,30195,2026-06-17 08:35:00
1746.85,1697.72,30498,30568,71,REVERSE_SIGNAL,2.89,0.322,2.812,0.1,2.712,27.12,True,ETHUSDT,2,FADE,SELL,30497,2026-06-18 09:45:00
1697.72,1712.17,30569,30673,105,REVERSE_SIGNAL,1.6,1.114,-0.851,0.1,-0.951,-9.51,False,ETHUSDT,2,TREND,SELL,30568,2026-06-18 15:40:00
1712.17,1688.45,30674,30723,50,REVERSE_SIGNAL,1.877,0.389,1.385,0.1,1.285,12.85,True,ETHUSDT,2,FADE,SELL,30673,2026-06-19 00:25:00
1688.45,1704.79,30724,30917,194,REVERSE_SIGNAL,1.374,0.609,0.968,0.1,0.868,8.68,True,ETHUSDT,2,FADE,BUY,30723,2026-06-19 04:35:00
1704.79,1711.4,30918,31127,210,REVERSE_SIGNAL,0.31,1.655,-0.388,0.1,-0.488,-4.88,False,ETHUSDT,2,FADE,SELL,30917,2026-06-19 20:45:00
1711.4,1741.69,31128,31141,14,REVERSE_SIGNAL,2.205,0.065,1.77,0.1,1.67,16.7,True,ETHUSDT,2,FADE,BUY,31127,2026-06-20 14:15:00
1741.69,1725.29,31142,31347,206,REVERSE_SIGNAL,1.245,0.231,0.942,0.1,0.842,8.42,True,ETHUSDT,2,FADE,SELL,31141,2026-06-20 15:25:00
1725.29,1734.99,31348,31481,134,REVERSE_SIGNAL,0.761,0.538,0.562,0.1,0.462,4.62,True,ETHUSDT,2,FADE,BUY,31347,2026-06-21 08:35:00
1734.99,1704.59,31482,31497,16,REVERSE_SIGNAL,1.995,0.033,1.752,0.1,1.652,16.52,True,ETHUSDT,2,FADE,SELL,31481,2026-06-21 19:45:00
1704.59,1742.91,31498,31555,58,REVERSE_SIGNAL,3.213,0.192,2.248,0.1,2.148,21.48,True,ETHUSDT,2,FADE,BUY,31497,2026-06-21 21:05:00
1742.91,1733.72,31556,31743,188,REVERSE_SIGNAL,2.071,0.995,-0.527,0.1,-0.627,-6.27,False,ETHUSDT,2,TREND,BUY,31555,2026-06-22 01:55:00
1733.72,1681.7084,31744,31896,153,SL,0.765,3.099,-3.0,0.1,-3.1,-31.0,False,ETHUSDT,2,FADE,BUY,31743,2026-06-22 17:35:00
1669.95,1647.29,32117,32272,156,REVERSE_SIGNAL,1.721,1.32,1.357,0.1,1.257,12.57,True,ETHUSDT,2,FADE,SELL,32116,2026-06-24 00:40:00
1647.29,1614.0,32273,32358,86,REVERSE_SIGNAL,5.845,0.571,2.021,0.1,1.921,19.21,True,ETHUSDT,2,TREND,SELL,32272,2026-06-24 13:40:00
1614.0,1628.41,32359,32529,171,REVERSE_SIGNAL,2.885,0.55,0.893,0.1,0.793,7.93,True,ETHUSDT,2,TREND,BUY,32358,2026-06-24 20:50:00
1628.41,1648.002,32530,32546,17,SL,0.332,1.307,-1.203,0.1,-1.303,-13.03,False,ETHUSDT,2,TREND,SELL,32529,2026-06-25 11:05:00
1579.51,1547.4,32775,32820,46,REVERSE_SIGNAL,2.248,0.382,2.033,0.1,1.933,19.33,True,ETHUSDT,2,FADE,SELL,32774,2026-06-26 07:30:00
1547.4,1566.2034,32821,32851,31,SL,1.749,1.523,-1.215,0.1,-1.315,-13.15,False,ETHUSDT,2,TREND,SELL,32820,2026-06-26 11:20:00
1584.27,1578.64,32890,33209,320,REVERSE_SIGNAL,1.083,1.652,0.355,0.1,0.255,2.55,True,ETHUSDT,2,FADE,SELL,32889,2026-06-26 17:05:00
1578.64,1581.33,33210,33375,166,REVERSE_SIGNAL,0.447,1.08,0.17,0.1,0.07,0.7,True,ETHUSDT,2,FADE,BUY,33209,2026-06-27 19:45:00
1581.33,1558.81,33376,33497,122,REVERSE_SIGNAL,1.626,0.439,1.424,0.1,1.324,13.24,True,ETHUSDT,2,FADE,SELL,33375,2026-06-28 09:35:00
1558.81,1580.7,33498,33641,144,REVERSE_SIGNAL,1.932,0.758,1.404,0.1,1.304,13.04,True,ETHUSDT,2,FADE,BUY,33497,2026-06-28 19:45:00
1580.7,1628.121,33642,33755,114,SL,1.528,3.305,-3.0,0.1,-3.1,-31.0,False,ETHUSDT,2,FADE,SELL,33641,2026-06-29 07:45:00
1593.77,1585.72,33848,34159,312,REVERSE_SIGNAL,2.799,0.348,0.505,0.1,0.405,4.05,True,ETHUSDT,2,TREND,SELL,33847,2026-06-30 00:55:00
1585.72,1575.12,34160,34228,69,REVERSE_SIGNAL,1.15,1.178,0.668,0.1,0.568,5.68,True,ETHUSDT,2,FADE,SELL,34159,2026-07-01 02:55:00
1575.12,1595.78,34229,34293,65,REVERSE_SIGNAL,1.435,0.695,1.312,0.1,1.212,12.12,True,ETHUSDT,2,FADE,BUY,34228,2026-07-01 08:40:00
1595.78,1772.85,34294,35286,993,REVERSE_SIGNAL,13.299,0.34,11.096,0.1,10.996,109.96,True,ETHUSDT,2,TREND,BUY,34293,2026-07-01 14:05:00
1772.85,1773.88,35287,35467,181,REVERSE_SIGNAL,0.47,1.443,0.058,0.1,-0.042,-0.42,False,ETHUSDT,2,FADE,BUY,35286,2026-07-05 00:50:00
1773.88,1766.07,35468,35666,199,REVERSE_SIGNAL,1.911,0.576,-0.44,0.1,-0.54,-5.4,False,ETHUSDT,2,TREND,BUY,35467,2026-07-05 15:55:00
1766.07,1803.97,35667,35759,93,REVERSE_SIGNAL,2.173,2.139,2.146,0.1,2.046,20.46,True,ETHUSDT,2,FADE,BUY,35666,2026-07-06 08:30:00
1803.97,1777.69,35760,35887,128,REVERSE_SIGNAL,1.552,1.609,1.457,0.1,1.357,13.57,True,ETHUSDT,2,FADE,SELL,35759,2026-07-06 16:15:00
1777.69,1786.88,35888,36002,115,REVERSE_SIGNAL,1.185,0.905,-0.517,0.1,-0.617,-6.17,False,ETHUSDT,2,TREND,SELL,35887,2026-07-07 02:55:00
1786.88,1771.7771,36003,36012,10,SL,0.027,0.86,-0.845,0.1,-0.945,-9.45,False,ETHUSDT,2,TREND,BUY,36002,2026-07-07 12:30:00
1774.57,1721.3329,36113,36322,210,SL,0.54,3.316,-3.0,0.1,-3.1,-31.0,False,ETHUSDT,2,FADE,BUY,36112,2026-07-07 21:40:00
1751.39,1736.55,36507,36623,117,REVERSE_SIGNAL,1.079,0.635,0.847,0.1,0.747,7.47,True,ETHUSDT,2,FADE,SELL,36506,2026-07-09 06:30:00
1736.55,1767.0,36624,36739,116,REVERSE_SIGNAL,2.328,0.314,1.753,0.1,1.653,16.53,True,ETHUSDT,2,FADE,BUY,36623,2026-07-09 16:15:00
1767.0,1820.01,36740,37186,447,SL,0.185,3.388,-3.0,0.1,-3.1,-31.0,False,ETHUSDT,2,FADE,SELL,36739,2026-07-10 01:55:00
1807.52,1808.34,37283,37451,169,REVERSE_SIGNAL,0.391,1.619,0.045,0.1,-0.055,-0.55,False,ETHUSDT,2,FADE,BUY,37282,2026-07-11 23:10:00
1808.34,1797.5,37452,37559,108,REVERSE_SIGNAL,0.655,0.988,0.599,0.1,0.499,4.99,True,ETHUSDT,2,FADE,SELL,37451,2026-07-12 13:15:00
1797.5,1818.5416,37560,37581,22,SL,0.056,1.339,-1.171,0.1,-1.271,-12.71,False,ETHUSDT,2,TREND,SELL,37559,2026-07-12 22:15:00
1830.78,1802.8266,37586,37604,19,SL,0.111,1.617,-1.527,0.1,-1.627,-16.27,False,ETHUSDT,2,TREND,BUY,37585,2026-07-13 00:25:00
1779.72,1780.31,37627,37874,248,REVERSE_SIGNAL,0.718,1.782,0.033,0.1,-0.067,-0.67,False,ETHUSDT,2,FADE,BUY,37626,2026-07-13 03:50:00
1780.31,1833.7193,37875,38021,147,SL,0.38,4.195,-3.0,0.1,-3.1,-31.0,False,ETHUSDT,2,FADE,SELL,37874,2026-07-14 00:30:00
1884.56,1828.0232,38543,38801,259,SL,0.586,3.212,-3.0,0.1,-3.1,-31.0,False,ETHUSDT,2,FADE,BUY,38542,2026-07-16 08:10:00
1838.52,1858.85,38964,39539,576,REVERSE_SIGNAL,0.235,2.189,-1.106,0.1,-1.206,-12.06,False,ETHUSDT,2,FADE,SELL,38963,2026-07-17 19:15:00
1858.85,1880.0,39540,39604,65,REVERSE_SIGNAL,1.74,0.153,1.138,0.1,1.038,10.38,True,ETHUSDT,2,FADE,BUY,39539,2026-07-19 19:15:00
1880.0,1846.18,39605,39675,71,REVERSE_SIGNAL,2.03,0.502,1.799,0.1,1.699,16.99,True,ETHUSDT,2,FADE,SELL,39604,2026-07-20 00:40:00
1846.18,1890.99,39676,39735,60,REVERSE_SIGNAL,2.623,0.06,2.427,0.1,2.327,23.27,True,ETHUSDT,2,FADE,BUY,39675,2026-07-20 06:35:00
1890.99,1859.3698,39736,39763,28,SL,0.276,1.832,-1.672,0.1,-1.772,-17.72,False,ETHUSDT,2,TREND,BUY,39735,2026-07-20 11:35:00
1918.57,1936.29,40107,40177,71,REVERSE_SIGNAL,1.324,0.159,0.924,0.1,0.824,8.24,True,ETHUSDT,2,FADE,BUY,40106,2026-07-21 18:30:00
1936.29,1916.75,40178,40245,68,REVERSE_SIGNAL,1.044,0.295,1.009,0.1,0.909,9.09,True,ETHUSDT,2,FADE,SELL,40177,2026-07-22 00:25:00
1916.75,1941.12,40246,40340,95,REVERSE_SIGNAL,1.317,0.388,1.271,0.1,1.171,11.71,True,ETHUSDT,2,FADE,BUY,40245,2026-07-22 06:05:00
1941.12,1918.4399,40341,40505,165,SL,0.908,1.212,-1.168,0.1,-1.268,-12.68,False,ETHUSDT,2,TREND,BUY,40340,2026-07-22 14:00:00
1923.3,1865.601,40513,40754,242,SL,0.387,3.395,-3.0,0.1,-3.1,-31.0,False,ETHUSDT,2,FADE,BUY,40512,2026-07-23 04:20:00
1894.62,1876.0482,40834,40859,26,SL,0.776,0.985,-0.98,0.1,-1.08,-10.8,False,ETHUSDT,2,TREND,BUY,40833,2026-07-24 07:05:00
1867.29,1863.49,40908,41199,292,REVERSE_SIGNAL,0.083,1.131,-0.204,0.1,-0.304,-3.04,False,ETHUSDT,2,FADE,BUY,40907,2026-07-24 13:15:00
1863.49,1919.3947,41200,41521,322,SL,0.001,3.138,-3.0,0.1,-3.1,-31.0,False,ETHUSDT,2,FADE,SELL,41199,2026-07-25 13:35:00
1919.87,1862.2739,41789,42063,275,SL,1.803,3.169,-3.0,0.1,-3.1,-31.0,False,ETHUSDT,2,FADE,BUY,41788,2026-07-27 14:40:00
1911.22,1891.96,42086,42235,150,REVERSE_SIGNAL,0.925,1.103,-1.008,0.1,-1.108,-11.08,False,ETHUSDT,2,TREND,BUY,42085,2026-07-28 15:25:00
1891.96,1921.85,42236,42306,71,REVERSE_SIGNAL,1.826,0.453,1.58,0.1,1.48,14.8,True,ETHUSDT,2,FADE,BUY,42235,2026-07-29 03:55:00
1921.85,1902.94,42307,42348,42,REVERSE_SIGNAL,1.137,0.037,0.984,0.1,0.884,8.84,True,ETHUSDT,2,FADE,SELL,42306,2026-07-29 09:50:00
1902.94,1914.74,42349,42505,157,REVERSE_SIGNAL,1.685,1.717,0.62,0.1,0.52,5.2,True,ETHUSDT,2,FADE,BUY,42348,2026-07-29 13:20:00
1914.74,1902.49,42506,42795,290,REVERSE_SIGNAL,0.845,1.14,0.64,0.1,0.54,5.4,True,ETHUSDT,2,FADE,SELL,42505,2026-07-30 02:25:00
1902.49,1874.32,42796,43231,436,REVERSE_SIGNAL,0.428,2.902,-1.481,0.1,-1.581,-15.81,False,ETHUSDT,2,FADE,BUY,42795,2026-07-31 02:35:00
1874.32,1861.18,43232,43267,36,REVERSE_SIGNAL,0.962,0.006,0.701,0.1,0.601,6.01,True,ETHUSDT,2,FADE,SELL,43231,2026-08-01 14:55:00
1861.18,1856.3,43268,43363,96,REVERSE_SIGNAL,2.18,0.05,0.262,0.1,0.162,1.62,True,ETHUSDT,2,TREND,SELL,43267,2026-08-01 17:55:00
1856.3,1855.37,43364,43480,117,REVERSE_SIGNAL,0.186,1.546,0.05,0.1,-0.05,-0.5,False,ETHUSDT,2,FADE,SELL,43363,2026-08-02 01:55:00
1855.37,1868.24,43481,43560,80,REVERSE_SIGNAL,0.388,0.82,-0.694,0.1,-0.794,-7.94,False,ETHUSDT,2,TREND,SELL,43480,2026-08-02 11:40:00
1868.24,1868.87,43561,43656,96,REVERSE_SIGNAL,0.256,1.62,-0.034,0.1,-0.134,-1.34,False,ETHUSDT,2,FADE,SELL,43560,2026-08-02 18:20:00
1868.87,1866.12,43657,43803,147,REVERSE_SIGNAL,2.231,0.052,0.147,0.1,0.047,0.47,True,ETHUSDT,2,TREND,SELL,43656,2026-08-03 02:20:00
1866.12,1852.05,43804,43930,127,REVERSE_SIGNAL,0.998,0.528,0.754,0.1,0.654,6.54,True,ETHUSDT,2,FADE,SELL,43803,2026-08-03 14:35:00
1852.05,1865.5683,43931,43936,6,SL,0.082,0.915,-0.73,0.1,-0.83,-8.3,False,ETHUSDT,2,TREND,SELL,43930,2026-08-04 01:10:00
1871.99,1895.24,44060,44650,591,REVERSE_SIGNAL,0.934,2.949,-1.242,0.1,-1.342,-13.42,False,ETHUSDT,2,FADE,SELL,44059,2026-08-04 11:55:00
1895.24,1910.2769,44651,44659,9,SL,0.144,0.806,-0.793,0.1,-0.893,-8.93,False,ETHUSDT,2,TREND,SELL,44650,2026-08-06 13:10:00
1910.34,1915.06,44894,45345,452,REVERSE_SIGNAL,1.71,0.358,0.247,0.1,0.147,1.47,True,ETHUSDT,2,TREND,BUY,44893,2026-08-07 09:25:00
1915.06,1923.43,45346,45452,107,REVERSE_SIGNAL,0.5,0.207,0.437,0.1,0.337,3.37,True,ETHUSDT,2,FADE,BUY,45345,2026-08-08 23:05:00
1923.43,1908.64,45453,45638,186,REVERSE_SIGNAL,0.818,0.74,0.769,0.1,0.669,6.69,True,ETHUSDT,2,FADE,SELL,45452,2026-08-09 08:00:00
1908.64,1928.163,45639,45666,28,SL,0.191,1.198,-1.023,0.1,-1.123,-11.23,False,ETHUSDT,2,TREND,SELL,45638,2026-08-09 23:30:00
1886.66,1874.3247,46058,46107,50,SL,0.564,0.665,-0.654,0.1,-0.754,-7.54,False,ETHUSDT,2,TREND,BUY,46057,2026-08-11 10:25:00
1859.23,1881.87,46120,46192,73,REVERSE_SIGNAL,1.377,0.377,1.218,0.1,1.118,11.18,True,ETHUSDT,2,FADE,BUY,46119,2026-08-11 15:35:00
1881.87,1886.76,46193,46399,207,REVERSE_SIGNAL,0.202,2.29,-0.26,0.1,-0.36,-3.6,False,ETHUSDT,2,FADE,SELL,46192,2026-08-11 21:40:00
1886.76,1895.54,46400,46569,170,REVERSE_SIGNAL,0.596,0.782,0.465,0.1,0.365,3.65,True,ETHUSDT,2,FADE,BUY,46399,2026-08-12 14:55:00
1895.54,1881.351,46570,46618,49,SL,0.214,0.762,-0.749,0.1,-0.849,-8.49,False,ETHUSDT,2,TREND,BUY,46569,2026-08-13 05:05:00
1883.55,1886.31,46630,47004,375,REVERSE_SIGNAL,0.707,1.138,0.147,0.1,0.047,0.47,True,ETHUSDT,2,FADE,BUY,46629,2026-08-13 10:05:00
1886.31,1879.86,47005,47181,177,REVERSE_SIGNAL,0.722,0.003,0.342,0.1,0.242,2.42,True,ETHUSDT,2,FADE,SELL,47004,2026-08-14 17:20:00
1879.86,1882.89,47182,47249,68,REVERSE_SIGNAL,0.239,0.279,0.161,0.1,0.061,0.61,True,ETHUSDT,2,FADE,BUY,47181,2026-08-15 08:05:00
1882.89,1881.07,47250,47388,139,REVERSE_SIGNAL,0.191,0.152,0.097,0.1,-0.003,-0.03,False,ETHUSDT,2,FADE,SELL,47249,2026-08-15 13:45:00
1881.07,1882.9,47389,47555,167,REVERSE_SIGNAL,0.179,0.269,0.097,0.1,-0.003,-0.03,False,ETHUSDT,2,FADE,BUY,47388,2026-08-16 01:20:00
1882.9,1873.75,47556,47632,77,REVERSE_SIGNAL,0.791,0.48,0.486,0.1,0.386,3.86,True,ETHUSDT,2,FADE,SELL,47555,2026-08-16 15:15:00
1873.75,1892.42,47633,47679,47,REVERSE_SIGNAL,1.259,0.302,0.996,0.1,0.896,8.96,True,ETHUSDT,2,FADE,BUY,47632,2026-08-16 21:40:00
1892.42,1896.72,47680,47977,298,REVERSE_SIGNAL,0.253,1.352,-0.227,0.1,-0.327,-3.27,False,ETHUSDT,2,FADE,SELL,47679,2026-08-17 01:35:00
1896.72,1900.76,47978,48097,120,REVERSE_SIGNAL,0.66,0.502,-0.213,0.1,-0.313,-3.13,False,ETHUSDT,2,TREND,SELL,47977,2026-08-18 02:25:00
1900.76,1957.7828,48098,48414,317,SL,0.405,3.069,-3.0,0.1,-3.1,-31.0,False,ETHUSDT,2,FADE,SELL,48097,2026-08-18 12:25:00
2437.86,2420.07,49166,49522,357,REVERSE_SIGNAL,3.383,0.474,0.73,0.1,0.63,6.3,True,ETHUSDT,2,TREND,SELL,49165,2026-08-22 05:25:00
2420.07,2400.0437,49523,49564,42,SL,2.704,1.366,-0.828,0.1,-0.928,-9.28,False,ETHUSDT,2,TREND,BUY,49522,2026-08-23 11:10:00
0.1538,0.1566,180,270,91,REVERSE_SIGNAL,2.081,1.235,1.821,0.1,1.721,17.21,True,FETUSDT,2,FADE,BUY,179,2026-03-05 03:20:00
0.1566,0.1509,271,335,65,REVERSE_SIGNAL,4.598,0.192,3.64,0.1,3.54,35.4,True,FETUSDT,2,FADE,SELL,270,2026-03-05 10:55:00
0.1509,0.1464,336,595,260,SL,2.584,3.048,-3.0,0.1,-3.1,-31.0,False,FETUSDT,2,FADE,BUY,335,2026-03-05 16:20:00
0.1427,0.1411,1124,1225,102,REVERSE_SIGNAL,1.331,1.331,1.121,0.1,1.021,10.21,True,FETUSDT,2,FADE,SELL,1123,2026-03-08 10:00:00
0.1411,0.1428,1226,1234,9,SL,0.071,1.701,-1.205,0.1,-1.305,-13.05,False,FETUSDT,2,TREND,SELL,1225,2026-03-08 18:30:00
0.1435,0.1409,1251,1320,70,REVERSE_SIGNAL,2.857,0.209,1.812,0.1,1.712,17.12,True,FETUSDT,2,FADE,SELL,1250,2026-03-08 20:35:00
0.1409,0.145,1321,1364,44,REVERSE_SIGNAL,3.478,0.0,2.91,0.1,2.81,28.1,True,FETUSDT,2,FADE,BUY,1320,2026-03-09 02:25:00
0.145,0.1493,1365,1692,328,SL,2.345,3.034,-3.0,0.1,-3.1,-31.0,False,FETUSDT,2,FADE,SELL,1364,2026-03-09 06:05:00
0.1568,0.1606,2219,2301,83,REVERSE_SIGNAL,2.679,0.383,2.423,0.1,2.323,23.23,True,FETUSDT,2,FADE,BUY,2218,2026-03-12 05:15:00
0.1606,0.1578,2302,2331,30,SL,1.37,1.806,-1.743,0.1,-1.843,-18.43,False,FETUSDT,2,TREND,BUY,2301,2026-03-12 12:10:00
0.1789,0.1849,2540,2575,36,SL,0.95,3.466,-3.354,0.1,-3.454,-34.54,False,FETUSDT,2,TREND,SELL,2539,2026-03-13 08:00:00
0.1811,0.1767,2770,2852,83,SL,1.877,2.65,-2.43,0.1,-2.53,-25.3,False,FETUSDT,2,TREND,BUY,2769,2026-03-14 03:10:00
0.1761,0.1782,2856,3008,153,REVERSE_SIGNAL,1.306,1.988,1.193,0.1,1.093,10.93,True,FETUSDT,2,FADE,BUY,2855,2026-03-14 10:20:00
0.1782,0.2298,3009,3639,631,REVERSE_SIGNAL,43.827,0.449,28.956,0.1,28.856,288.56,True,FETUSDT,2,TREND,BUY,3008,2026-03-14 23:05:00
0.2298,0.2386,3640,3682,43,SL,1.48,4.047,-3.829,0.1,-3.929,-39.29,False,FETUSDT,2,TREND,SELL,3639,2026-03-17 03:40:00
0.2399,0.2318,3856,3906,51,SL,2.418,3.543,-3.376,0.1,-3.476,-34.76,False,FETUSDT,2,TREND,BUY,3855,2026-03-17 21:40:00
0.2286,0.2267,3956,4212,257,REVERSE_SIGNAL,6.43,0.306,0.831,0.1,0.731,7.31,True,FETUSDT,2,TREND,SELL,3955,2026-03-18 06:00:00
0.2267,0.2199,4213,4236,24,SL,0.044,3.0,-3.0,0.1,-3.1,-31.0,False,FETUSDT,2,TREND,BUY,4212,2026-03-19 03:25:00
0.2154,0.2136,4262,4411,150,REVERSE_SIGNAL,6.825,1.95,0.836,0.1,0.736,7.36,True,FETUSDT,2,TREND,SELL,4261,2026-03-19 07:30:00
0.2136,0.2223,4412,4607,196,REVERSE_SIGNAL,13.436,2.154,4.073,0.1,3.973,39.73,True,FETUSDT,2,TREND,BUY,4411,2026-03-19 20:00:00
0.2223,0.2294,4608,4722,115,SL,2.294,3.419,-3.194,0.1,-3.294,-32.94,False,FETUSDT,2,TREND,SELL,4607,2026-03-20 12:20:00
0.2311,0.2203,4726,4864,139,SL,2.38,5.063,-4.673,0.1,-4.773,-47.73,False,FETUSDT,2,TREND,BUY,4725,2026-03-20 22:10:00
0.2218,0.2274,4867,4948,82,REVERSE_SIGNAL,1.533,3.472,-2.525,0.1,-2.625,-26.25,False,FETUSDT,2,TREND,SELL,4866,2026-03-21 09:55:00
0.2274,0.2216,4949,5032,84,SL,0.044,3.078,-2.551,0.1,-2.651,-26.51,False,FETUSDT,2,TREND,BUY,4948,2026-03-21 16:45:00
0.2169,0.2169,5036,5458,423,REVERSE_SIGNAL,6.777,3.089,0.0,0.1,-0.1,-1.0,False,FETUSDT,2,TREND,SELL,5035,2026-03-22 00:00:00
0.2169,0.2234,5459,5788,330,REVERSE_SIGNAL,11.941,2.121,2.997,0.1,2.897,28.97,True,FETUSDT,2,TREND,BUY,5458,2026-03-23 11:15:00
0.2234,0.2413,5789,5853,65,REVERSE_SIGNAL,8.057,0.269,8.013,0.1,7.913,79.13,True,FETUSDT,2,FADE,BUY,5788,2026-03-24 14:45:00
0.2413,0.2466,5854,6256,403,REVERSE_SIGNAL,10.692,1.285,2.196,0.1,2.096,20.96,True,FETUSDT,2,TREND,BUY,5853,2026-03-24 20:10:00
0.2466,0.2353,6257,6692,436,REVERSE_SIGNAL,7.989,0.892,4.582,0.1,4.482,44.82,True,FETUSDT,2,TREND,SELL,6256,2026-03-26 05:45:00
0.2353,0.2313,6693,6696,4,SL,0.0,2.21,-1.7,0.1,-1.8,-18.0,False,FETUSDT,2,TREND,BUY,6692,2026-03-27 18:05:00
0.2288,0.2319,6735,6860,126,REVERSE_SIGNAL,2.054,1.486,-1.355,0.1,-1.455,-14.55,False,FETUSDT,2,TREND,SELL,6734,2026-03-27 21:35:00
0.2319,0.2403,6861,7027,167,REVERSE_SIGNAL,10.608,0.086,3.622,0.1,3.522,35.22,True,FETUSDT,2,TREND,BUY,6860,2026-03-28 08:05:00
0.2403,0.2449,7028,7121,94,REVERSE_SIGNAL,2.122,2.622,-1.914,0.1,-2.014,-20.14,False,FETUSDT,2,TREND,SELL,7027,2026-03-28 22:00:00
0.2449,0.2362,7122,7215,94,REVERSE_SIGNAL,4.042,0.204,3.552,0.1,3.452,34.52,True,FETUSDT,2,FADE,SELL,7121,2026-03-29 05:50:00
0.2362,0.2375,7216,7379,164,REVERSE_SIGNAL,6.224,2.117,-0.55,0.1,-0.65,-6.5,False,FETUSDT,2,TREND,SELL,7215,2026-03-29 13:40:00
0.2375,0.2354,7380,7514,135,REVERSE_SIGNAL,5.263,1.516,-0.884,0.1,-0.984,-9.84,False,FETUSDT,2,TREND,BUY,7379,2026-03-30 03:20:00
0.2354,0.2338,7515,7837,323,REVERSE_SIGNAL,4.588,1.232,0.68,0.1,0.58,5.8,True,FETUSDT,2,TREND,SELL,7514,2026-03-30 14:35:00
0.2338,0.2271,7838,7846,9,SL,2.01,2.994,-2.866,0.1,-2.966,-29.66,False,FETUSDT,2,TREND,BUY,7837,2026-03-31 17:30:00
0.2389,0.2426,8193,8209,17,SL,0.251,1.632,-1.549,0.1,-1.649,-16.49,False,FETUSDT,2,TREND,SELL,8192,2026-04-01 23:05:00
0.2328,0.2398,8412,8635,224,SL,3.351,3.093,-3.0,0.1,-3.1,-31.0,False,FETUSDT,2,FADE,SELL,8411,2026-04-02 17:20:00
0.2331,0.2364,8756,8761,6,SL,0.215,1.931,-1.416,0.1,-1.516,-15.16,False,FETUSDT,2,TREND,SELL,8755,2026-04-03 22:00:00
0.2379,0.2347,8794,9061,268,REVERSE_SIGNAL,1.429,1.513,1.345,0.1,1.245,12.45,True,FETUSDT,2,FADE,SELL,8793,2026-04-04 01:10:00
0.2347,0.2306,9062,9265,204,REVERSE_SIGNAL,4.474,0.597,1.747,0.1,1.647,16.47,True,FETUSDT,2,TREND,SELL,9061,2026-04-04 23:30:00
0.2306,0.2265,9266,9288,23,SL,0.217,1.778,-1.778,0.1,-1.878,-18.78,False,FETUSDT,2,TREND,BUY,9265,2026-04-05 16:30:00
0.2365,0.2419,9436,9477,42,SL,0.93,2.622,-2.283,0.1,-2.383,-23.83,False,FETUSDT,2,TREND,SELL,9435,2026-04-06 06:40:00
0.233,0.231,9735,9809,75,REVERSE_SIGNAL,2.918,2.06,-0.858,0.1,-0.958,-9.58,False,FETUSDT,2,TREND,BUY,9734,2026-04-07 07:35:00
0.231,0.2366,9810,9888,79,REVERSE_SIGNAL,2.814,1.688,2.424,0.1,2.324,23.24,True,FETUSDT,2,FADE,BUY,9809,2026-04-07 13:50:00
0.2366,0.2479,9889,10113,225,REVERSE_SIGNAL,9.172,0.254,4.776,0.1,4.676,46.76,True,FETUSDT,2,TREND,BUY,9888,2026-04-07 20:25:00
0.2479,0.2397,10114,10329,216,REVERSE_SIGNAL,6.374,1.129,3.308,0.1,3.208,32.08,True,FETUSDT,2,TREND,SELL,10113,2026-04-08 15:10:00
0.2397,0.2412,10330,10516,187,REVERSE_SIGNAL,5.465,0.918,0.626,0.1,0.526,5.26,True,FETUSDT,2,TREND,BUY,10329,2026-04-09 09:10:00
0.2412,0.2409,10517,10740,224,REVERSE_SIGNAL,3.69,1.907,0.124,0.1,0.024,0.24,True,FETUSDT,2,TREND,SELL,10516,2026-04-10 00:45:00
0.2409,0.2361,10741,10815,75,REVERSE_SIGNAL,2.781,0.249,1.993,0.1,1.893,18.93,True,FETUSDT,2,FADE,SELL,10740,2026-04-10 19:25:00
0.2361,0.241,10816,10992,177,REVERSE_SIGNAL,2.202,0.762,2.075,0.1,1.975,19.75,True,FETUSDT,2,FADE,BUY,10815,2026-04-11 01:40:00
0.241,0.2482,10993,11031,39,SL,1.079,3.071,-3.0,0.1,-3.1,-31.0,False,FETUSDT,2,FADE,SELL,10992,2026-04-11 16:25:00
0.2342,0.2272,11107,11475,369,SL,1.751,3.16,-3.0,0.1,-3.1,-31.0,False,FETUSDT,2,FADE,BUY,11106,2026-04-12 01:55:00
0.2324,0.2394,11549,11641,93,SL,1.42,3.184,-3.0,0.1,-3.1,-31.0,False,FETUSDT,2,FADE,SELL,11548,2026-04-13 14:45:00
0.2326,0.2288,11819,12152,334,REVERSE_SIGNAL,4.041,1.161,1.634,0.1,1.534,15.34,True,FETUSDT,2,TREND,SELL,11818,2026-04-14 13:15:00
0.2288,0.2334,12153,12557,405,REVERSE_SIGNAL,6.556,1.093,2.01,0.1,1.91,19.1,True,FETUSDT,2,TREND,BUY,12152,2026-04-15 17:05:00
0.2334,0.2363,12558,12685,128,REVERSE_SIGNAL,2.142,1.799,-1.243,0.1,-1.343,-13.43,False,FETUSDT,2,TREND,SELL,12557,2026-04-17 02:50:00
0.2363,0.2327,12686,12782,97,REVERSE_SIGNAL,2.37,1.989,-1.523,0.1,-1.623,-16.23,False,FETUSDT,2,TREND,BUY,12685,2026-04-17 13:30:00
0.2327,0.2179,12783,13244,462,REVERSE_SIGNAL,9.067,0.988,6.36,0.1,6.26,62.6,True,FETUSDT,2,TREND,SELL,12782,2026-04-17 21:35:00
0.2179,0.2142,13245,13304,60,SL,1.79,1.744,-1.698,0.1,-1.798,-17.98,False,FETUSDT,2,TREND,BUY,13244,2026-04-19 12:05:00
0.2128,0.2064,13314,13448,135,SL,0.987,3.195,-3.0,0.1,-3.1,-31.0,False,FETUSDT,2,FADE,BUY,13313,2026-04-19 17:50:00
0.2124,0.2089,13546,13702,157,REVERSE_SIGNAL,1.789,1.365,1.648,0.1,1.548,15.48,True,FETUSDT,2,FADE,SELL,13545,2026-04-20 13:10:00
0.2089,0.213,13703,13747,45,REVERSE_SIGNAL,2.25,0.335,1.963,0.1,1.863,18.63,True,FETUSDT,2,FADE,BUY,13702,2026-04-21 02:15:00
0.213,0.2099,13748,13862,115,REVERSE_SIGNAL,1.925,1.127,1.455,0.1,1.355,13.55,True,FETUSDT,2,FADE,SELL,13747,2026-04-21 06:00:00
0.2099,0.2122,13863,13990,128,REVERSE_SIGNAL,2.716,1.477,-1.096,0.1,-1.196,-11.96,False,FETUSDT,2,TREND,SELL,13862,2026-04-21 15:35:00
0.2122,0.2106,13991,14194,204,REVERSE_SIGNAL,2.545,0.943,-0.754,0.1,-0.854,-8.54,False,FETUSDT,2,TREND,BUY,13990,2026-04-22 02:15:00
0.2106,0.2097,14195,14430,236,REVERSE_SIGNAL,3.324,0.332,0.427,0.1,0.327,3.27,True,FETUSDT,2,TREND,SELL,14194,2026-04-22 19:15:00
0.2097,0.2078,14431,14811,381,REVERSE_SIGNAL,2.098,0.954,0.906,0.1,0.806,8.06,True,FETUSDT,2,FADE,SELL,14430,2026-04-23 14:55:00
0.2078,0.2102,14812,14904,93,REVERSE_SIGNAL,1.492,0.433,1.155,0.1,1.055,10.55,True,FETUSDT,2,FADE,BUY,14811,2026-04-24 22:40:00
0.2102,0.2065,14905,15037,133,REVERSE_SIGNAL,1.903,0.238,1.76,0.1,1.66,16.6,True,FETUSDT,2,FADE,SELL,14904,2026-04-25 06:25:00
0.2065,0.2084,15038,15160,123,REVERSE_SIGNAL,1.211,0.484,0.92,0.1,0.82,8.2,True,FETUSDT,2,FADE,BUY,15037,2026-04-25 17:30:00
0.2084,0.2147,15161,15415,255,SL,0.048,3.359,-3.0,0.1,-3.1,-31.0,False,FETUSDT,2,FADE,SELL,15160,2026-04-26 03:45:00
0.2087,0.2024,15471,15722,252,SL,0.383,3.067,-3.0,0.1,-3.1,-31.0,False,FETUSDT,2,FADE,BUY,15470,2026-04-27 05:35:00
0.1997,0.1981,16020,16142,123,REVERSE_SIGNAL,2.654,1.052,-0.801,0.1,-0.901,-9.01,False,FETUSDT,2,TREND,BUY,16019,2026-04-29 03:20:00
0.1981,0.1988,16143,16273,131,REVERSE_SIGNAL,3.735,0.707,-0.353,0.1,-0.453,-4.53,False,FETUSDT,2,TREND,SELL,16142,2026-04-29 13:35:00
0.1988,0.1958,16274,16332,59,SL,1.056,1.559,-1.509,0.1,-1.609,-16.09,False,FETUSDT,2,TREND,BUY,16273,2026-04-30 00:30:00
0.1967,0.1984,16358,16604,247,REVERSE_SIGNAL,0.966,1.017,0.864,0.1,0.764,7.64,True,FETUSDT,2,FADE,BUY,16357,2026-04-30 07:30:00
0.1984,0.198,16605,16815,211,REVERSE_SIGNAL,0.806,1.663,0.202,0.1,0.102,1.02,True,FETUSDT,2,FADE,SELL,16604,2026-05-01 04:05:00
0.198,0.2003,16816,17008,193,REVERSE_SIGNAL,1.313,0.556,1.162,0.1,1.062,10.62,True,FETUSDT,2,FADE,BUY,16815,2026-05-01 21:40:00
0.2003,0.204,17009,17157,149,REVERSE_SIGNAL,4.693,0.05,1.847,0.1,1.747,17.47,True,FETUSDT,2,TREND,BUY,17008,2026-05-02 13:45:00
0.204,0.2084,17158,17222,65,REVERSE_SIGNAL,2.157,0.49,2.157,0.1,2.057,20.57,True,FETUSDT,2,FADE,BUY,17157,2026-05-03 02:10:00
0.2084,0.2067,17223,17394,172,REVERSE_SIGNAL,1.392,1.488,0.816,0.1,0.716,7.16,True,FETUSDT,2,FADE,SELL,17222,2026-05-03 07:35:00
0.2067,0.209,17395,17448,54,SL,1.548,1.209,-1.113,0.1,-1.213,-12.13,False,FETUSDT,2,TREND,SELL,17394,2026-05-03 21:55:00
0.2101,0.2021,17452,17544,93,REVERSE_SIGNAL,4.188,0.619,3.808,0.1,3.708,37.08,True,FETUSDT,2,FADE,SELL,17451,2026-05-04 02:40:00
0.2021,0.2079,17545,17732,188,REVERSE_SIGNAL,0.742,3.018,-2.87,0.1,-2.97,-29.7,False,FETUSDT,2,TREND,SELL,17544,2026-05-04 10:25:00
0.2079,0.217,17733,18163,431,REVERSE_SIGNAL,9.38,0.866,4.377,0.1,4.277,42.77,True,FETUSDT,2,TREND,BUY,17732,2026-05-05 02:05:00
0.217,0.2239,18164,18184,21,SL,0.737,3.41,-3.18,0.1,-3.28,-32.8,False,FETUSDT,2,TREND,SELL,18163,2026-05-06 14:00:00
0.224,0.2188,18244,18309,66,REVERSE_SIGNAL,2.411,1.518,2.321,0.1,2.221,22.21,True,FETUSDT,2,FADE,SELL,18243,2026-05-06 20:40:00
0.2188,0.2244,18310,18345,36,SL,0.183,2.788,-2.559,0.1,-2.659,-26.59,False,FETUSDT,2,TREND,SELL,18309,2026-05-07 02:10:00
0.229,0.221,18369,18457,89,SL,1.747,3.624,-3.493,0.1,-3.593,-35.93,False,FETUSDT,2,TREND,BUY,18368,2026-05-07 07:05:00
0.2209,0.2257,18458,18621,164,REVERSE_SIGNAL,2.173,1.403,2.173,0.1,2.073,20.73,True,FETUSDT,2,FADE,BUY,18457,2026-05-07 14:30:00
0.2257,0.2325,18622,18781,160,SL,1.861,3.589,-3.0,0.1,-3.1,-31.0,False,FETUSDT,2,FADE,SELL,18621,2026-05-08 04:10:00
0.2341,0.2396,18984,19004,21,REVERSE_SIGNAL,2.691,0.085,2.349,0.1,2.249,22.49,True,FETUSDT,2,FADE,BUY,18983,2026-05-09 10:20:00
0.2396,0.2365,19005,19030,26,SL,0.459,1.628,-1.294,0.1,-1.394,-13.94,False,FETUSDT,2,TREND,BUY,19004,2026-05-09 12:05:00
0.232,0.2344,19038,19245,208,REVERSE_SIGNAL,1.595,1.638,-1.034,0.1,-1.134,-11.34,False,FETUSDT,2,TREND,SELL,19037,2026-05-09 14:50:00
0.2344,0.2414,19246,19356,111,SL,1.621,3.072,-3.0,0.1,-3.1,-31.0,False,FETUSDT,2,FADE,SELL,19245,2026-05-10 08:10:00
0.2376,0.2379,19454,19575,122,REVERSE_SIGNAL,2.82,1.263,-0.126,0.1,-0.226,-2.26,False,FETUSDT,2,TREND,SELL,19453,2026-05-11 01:30:00
0.2379,0.2359,19576,19581,6,SL,0.084,0.967,-0.841,0.1,-0.941,-9.41,False,FETUSDT,2,TREND,BUY,19575,2026-05-11 11:40:00
0.2348,0.2278,19700,19836,137,SL,0.596,3.024,-3.0,0.1,-3.1,-31.0,False,FETUSDT,2,FADE,BUY,19699,2026-05-11 22:00:00
0.2286,0.2236,20040,20102,63,REVERSE_SIGNAL,2.231,0.219,2.187,0.1,2.087,20.87,True,FETUSDT,2,FADE,SELL,20039,2026-05-13 02:20:00
0.2236,0.2169,20103,20162,60,SL,1.789,3.175,-3.0,0.1,-3.1,-31.0,False,FETUSDT,2,FADE,BUY,20102,2026-05-13 07:35:00
0.2162,0.2116,20478,20616,139,REVERSE_SIGNAL,1.665,2.22,-2.128,0.1,-2.228,-22.28,False,FETUSDT,2,TREND,BUY,20477,2026-05-14 14:50:00
0.2116,0.2053,20617,20749,133,SL,1.134,3.025,-3.0,0.1,-3.1,-31.0,False,FETUSDT,2,FADE,BUY,20616,2026-05-15 02:25:00
0.1977,0.1959,21098,21140,43,SL,0.152,1.366,-0.91,0.1,-1.01,-10.1,False,FETUSDT,2,TREND,BUY,21097,2026-05-16 18:30:00
0.1951,0.1961,21152,21222,71,REVERSE_SIGNAL,0.82,1.23,0.513,0.1,0.413,4.13,True,FETUSDT,2,FADE,BUY,21151,2026-05-16 23:00:00
0.1961,0.1945,21223,21330,108,REVERSE_SIGNAL,0.969,1.122,0.816,0.1,0.716,7.16,True,FETUSDT,2,FADE,SELL,21222,2026-05-17 04:55:00
0.1945,0.1887,21331,21447,117,SL,1.337,5.553,-3.0,0.1,-3.1,-31.0,False,FETUSDT,2,FADE,BUY,21330,2026-05-17 13:55:00
0.1916,0.1894,21605,21913,309,REVERSE_SIGNAL,2.557,2.14,1.148,0.1,1.048,10.48,True,FETUSDT,2,FADE,SELL,21604,2026-05-18 12:45:00
0.1894,0.1908,21914,22108,195,REVERSE_SIGNAL,1.69,1.214,0.739,0.1,0.639,6.39,True,FETUSDT,2,FADE,BUY,21913,2026-05-19 14:30:00
0.1908,0.189,22109,22168,60,SL,0.367,1.048,-0.943,0.1,-1.043,-10.43,False,FETUSDT,2,TREND,BUY,22108,2026-05-20 06:45:00
0.191,0.1953,22443,22523,81,SL,0.419,2.461,-2.251,0.1,-2.351,-23.51,False,FETUSDT,2,TREND,SELL,22442,2026-05-21 10:35:00
0.1948,0.2006,22558,22640,83,SL,1.335,3.029,-3.0,0.1,-3.1,-31.0,False,FETUSDT,2,FADE,SELL,22557,2026-05-21 20:10:00
0.2075,0.2001,22781,23056,276,REVERSE_SIGNAL,7.904,2.41,3.566,0.1,3.466,34.66,True,FETUSDT,2,TREND,SELL,22780,2026-05-22 14:45:00
0.2001,0.2083,23057,23345,289,REVERSE_SIGNAL,8.946,0.65,4.098,0.1,3.998,39.98,True,FETUSDT,2,TREND,BUY,23056,2026-05-23 13:45:00
0.2083,0.2133,23346,23525,180,REVERSE_SIGNAL,3.409,1.68,2.4,0.1,2.3,23.0,True,FETUSDT,2,FADE,BUY,23345,2026-05-24 13:50:00
0.2133,0.2197,23526,23636,111,SL,1.313,3.0,-3.0,0.1,-3.1,-31.0,False,FETUSDT,2,FADE,SELL,23525,2026-05-25 04:50:00
0.2432,0.2318,24073,24546,474,REVERSE_SIGNAL,11.02,2.508,4.687,0.1,4.587,45.87,True,FETUSDT,2,TREND,SELL,24072,2026-05-27 02:25:00
0.2318,0.2315,24547,24776,230,REVERSE_SIGNAL,7.506,2.632,-0.129,0.1,-0.229,-2.29,False,FETUSDT,2,TREND,BUY,24546,2026-05-28 17:55:00
0.2315,0.2411,24777,24800,24,SL,0.734,4.19,-4.147,0.1,-4.247,-42.47,False,FETUSDT,2,TREND,SELL,24776,2026-05-29 13:05:00
0.2488,0.2417,24818,24913,96,REVERSE_SIGNAL,6.23,3.537,-2.854,0.1,-2.954,-29.54,False,FETUSDT,2,TREND,BUY,24817,2026-05-29 16:30:00
0.2417,0.2445,24914,24993,80,REVERSE_SIGNAL,3.393,1.986,-1.158,0.1,-1.258,-12.58,False,FETUSDT,2,TREND,SELL,24913,2026-05-30 00:30:00
0.2445,0.2671,24994,25274,281,REVERSE_SIGNAL,16.074,0.368,9.243,0.1,9.143,91.43,True,FETUSDT,2,TREND,BUY,24993,2026-05-30 07:10:00
0.2671,0.2766,25275,25440,166,SL,3.519,4.755,-3.557,0.1,-3.657,-36.57,False,FETUSDT,2,TREND,SELL,25274,2026-05-31 06:35:00
0.279,0.2658,25441,25503,63,REVERSE_SIGNAL,5.448,1.147,4.731,0.1,4.631,46.31,True,FETUSDT,2,FADE,SELL,25440,2026-05-31 20:25:00
0.2658,0.2737,25504,25510,7,SL,0.527,3.536,-2.972,0.1,-3.072,-30.72,False,FETUSDT,2,TREND,SELL,25503,2026-06-01 01:40:00
0.2849,0.2674,25518,25636,119,SL,1.369,6.143,-6.143,0.1,-6.243,-62.43,False,FETUSDT,2,TREND,BUY,25517,2026-06-01 02:50:00
0.2675,0.2796,25643,25700,58,SL,4.598,4.935,-4.523,0.1,-4.623,-46.23,False,FETUSDT,2,TREND,SELL,25642,2026-06-01 13:15:00
0.2652,0.2566,26121,26344,224,REVERSE_SIGNAL,2.941,4.864,-3.243,0.1,-3.343,-33.43,False,FETUSDT,2,TREND,BUY,26120,2026-06-03 05:05:00
0.2566,0.2008,26345,26888,544,REVERSE_SIGNAL,28.8,0.663,21.746,0.1,21.646,216.46,True,FETUSDT,2,TREND,SELL,26344,2026-06-03 23:45:00
0.2008,0.1891,26889,26972,84,REVERSE_SIGNAL,6.026,1.345,5.827,0.1,5.727,57.27,True,FETUSDT,2,FADE,SELL,26888,2026-06-05 21:05:00
0.1891,0.1994,26973,27031,59,SL,2.433,5.605,-5.447,0.1,-5.547,-55.47,False,FETUSDT,2,TREND,SELL,26972,2026-06-06 04:05:00
0.198,0.2043,27185,27451,267,REVERSE_SIGNAL,9.495,1.515,3.182,0.1,3.082,30.82,True,FETUSDT,2,TREND,BUY,27184,2026-06-06 21:45:00
0.2043,0.2122,27452,27489,38,REVERSE_SIGNAL,6.559,0.196,3.867,0.1,3.767,37.67,True,FETUSDT,2,FADE,BUY,27451,2026-06-07 20:00:00
0.2122,0.2059,27490,27516,27,SL,1.084,3.016,-2.969,0.1,-3.069,-30.69,False,FETUSDT,2,TREND,BUY,27489,2026-06-07 23:10:00
0.2079,0.1893,27793,28428,636,REVERSE_SIGNAL,12.314,2.068,8.947,0.1,8.847,88.47,True,FETUSDT,2,TREND,SELL,27792,2026-06-09 00:25:00
0.1893,0.1863,28429,28511,83,SL,1.955,2.007,-1.585,0.1,-1.685,-16.85,False,FETUSDT,2,TREND,BUY,28428,2026-06-11 05:25:00
0.1846,0.1927,28554,28588,35,REVERSE_SIGNAL,4.821,0.813,4.388,0.1,4.288,42.88,True,FETUSDT,2,FADE,BUY,28553,2026-06-11 15:50:00
0.1927,0.1882,28589,28730,142,REVERSE_SIGNAL,1.92,3.062,-2.335,0.1,-2.435,-24.35,False,FETUSDT,2,TREND,BUY,28588,2026-06-11 18:45:00
0.1882,0.1932,28731,28837,107,REVERSE_SIGNAL,3.507,0.797,2.657,0.1,2.557,25.57,True,FETUSDT,2,FADE,BUY,28730,2026-06-12 06:35:00
0.1932,0.1863,28838,28922,85,REVERSE_SIGNAL,3.623,0.88,3.571,0.1,3.471,34.71,True,FETUSDT,2,FADE,SELL,28837,2026-06-12 15:30:00
0.1863,0.1903,28923,29028,106,SL,1.557,2.147,-2.147,0.1,-2.247,-22.47,False,FETUSDT,2,TREND,SELL,28922,2026-06-12 22:35:00
0.19,0.2046,29031,29382,352,REVERSE_SIGNAL,13.105,1.053,7.684,0.1,7.584,75.84,True,FETUSDT,2,TREND,BUY,29030,2026-06-13 07:35:00
0.2046,0.209,29383,29484,102,REVERSE_SIGNAL,3.372,2.248,-2.151,0.1,-2.251,-22.51,False,FETUSDT,2,TREND,SELL,29382,2026-06-14 12:55:00
0.209,0.2107,29485,29789,305,REVERSE_SIGNAL,6.603,0.622,0.813,0.1,0.713,7.13,True,FETUSDT,2,TREND,BUY,29484,2026-06-14 21:25:00
0.2107,0.2104,29790,30289,500,REVERSE_SIGNAL,3.512,3.275,0.142,0.1,0.042,0.42,True,FETUSDT,2,TREND,SELL,29789,2026-06-15 22:50:00
0.2104,0.2058,30290,30307,18,SL,0.523,2.329,-2.186,0.1,-2.286,-22.86,False,FETUSDT,2,TREND,BUY,30289,2026-06-17 16:30:00
0.2023,0.1964,30332,30664,333,REVERSE_SIGNAL,6.723,0.346,2.916,0.1,2.816,28.16,True,FETUSDT,2,TREND,SELL,30331,2026-06-17 20:00:00
0.1964,0.1936,30665,30721,57,SL,2.037,1.68,-1.426,0.1,-1.526,-15.26,False,FETUSDT,2,TREND,BUY,30664,2026-06-18 23:45:00
0.1929,0.197,30754,30832,79,SL,1.555,2.54,-2.125,0.1,-2.225,-22.25,False,FETUSDT,2,TREND,SELL,30753,2026-06-19 07:10:00
0.1962,0.1917,30838,30890,53,SL,0.714,2.294,-2.294,0.1,-2.394,-23.94,False,FETUSDT,2,TREND,BUY,30837,2026-06-19 14:10:00
0.1913,0.1856,30903,31124,222,SL,1.202,3.241,-3.0,0.1,-3.1,-31.0,False,FETUSDT,2,FADE,BUY,30902,2026-06-19 19:35:00
0.1889,0.1822,31370,31498,129,REVERSE_SIGNAL,4.447,0.953,3.547,0.1,3.447,34.47,True,FETUSDT,2,FADE,SELL,31369,2026-06-21 10:30:00
0.1822,0.1869,31499,31678,180,REVERSE_SIGNAL,2.744,2.634,-2.58,0.1,-2.68,-26.8,False,FETUSDT,2,TREND,SELL,31498,2026-06-21 21:15:00
0.1869,0.1821,31679,31723,45,SL,1.498,2.622,-2.568,0.1,-2.668,-26.68,False,FETUSDT,2,TREND,BUY,31678,2026-06-22 12:15:00
0.1824,0.1857,31734,31829,96,SL,2.193,2.083,-1.809,0.1,-1.909,-19.09,False,FETUSDT,2,TREND,SELL,31733,2026-06-22 16:50:00
0.1853,0.1788,31833,31892,60,REVERSE_SIGNAL,3.67,0.108,3.508,0.1,3.408,34.08,True,FETUSDT,2,FADE,SELL,31832,2026-06-23 01:05:00
0.1788,0.1758,31893,32178,286,REVERSE_SIGNAL,5.593,0.336,1.678,0.1,1.578,15.78,True,FETUSDT,2,TREND,SELL,31892,2026-06-23 06:05:00
0.1758,0.1735,32179,32222,44,SL,1.365,1.422,-1.308,0.1,-1.408,-14.08,False,FETUSDT,2,TREND,BUY,32178,2026-06-24 05:55:00
0.1722,0.167,32239,32296,58,SL,1.974,3.484,-3.0,0.1,-3.1,-31.0,False,FETUSDT,2,FADE,BUY,32238,2026-06-24 10:55:00
0.172,0.1732,32367,32532,166,REVERSE_SIGNAL,3.895,0.465,0.698,0.1,0.598,5.98,True,FETUSDT,2,TREND,BUY,32366,2026-06-24 21:35:00
0.1732,0.1693,32533,32774,242,REVERSE_SIGNAL,7.91,0.173,2.252,0.1,2.152,21.52,True,FETUSDT,2,TREND,SELL,32532,2026-06-25 11:25:00
0.1693,0.1654,32775,32810,36,SL,0.0,2.304,-2.304,0.1,-2.404,-24.04,False,FETUSDT,2,TREND,BUY,32774,2026-06-26 07:35:00
0.1754,0.1771,33181,33499,319,REVERSE_SIGNAL,3.022,1.311,-0.969,0.1,-1.069,-10.69,False,FETUSDT,2,TREND,SELL,33180,2026-06-27 17:25:00
0.1771,0.1748,33500,33745,246,REVERSE_SIGNAL,3.106,1.976,-1.299,0.1,-1.399,-13.99,False,FETUSDT,2,TREND,BUY,33499,2026-06-28 20:00:00
0.1748,0.1696,33746,33978,233,SL,3.204,3.261,-3.0,0.1,-3.1,-31.0,False,FETUSDT,2,FADE,BUY,33745,2026-06-29 16:30:00
0.1721,0.1773,34047,34232,186,SL,2.615,3.312,-3.0,0.1,-3.1,-31.0,False,FETUSDT,2,FADE,SELL,34046,2026-06-30 17:35:00
0.1774,0.1849,34522,34574,53,REVERSE_SIGNAL,4.397,0.225,4.228,0.1,4.128,41.28,True,FETUSDT,2,FADE,BUY,34521,2026-07-02 09:10:00
0.1849,0.1904,34575,34961,387,SL,1.893,3.137,-3.0,0.1,-3.1,-31.0,False,FETUSDT,2,FADE,SELL,34574,2026-07-02 13:35:00
0.1857,0.1862,35013,35207,195,REVERSE_SIGNAL,1.292,1.562,0.269,0.1,0.169,1.69,True,FETUSDT,2,FADE,BUY,35012,2026-07-04 02:05:00
0.1862,0.1828,35208,35271,64,REVERSE_SIGNAL,2.202,1.343,1.826,0.1,1.726,17.26,True,FETUSDT,2,FADE,SELL,35207,2026-07-04 18:20:00
0.1828,0.1791,35272,35542,271,REVERSE_SIGNAL,4.923,0.055,2.024,0.1,1.924,19.24,True,FETUSDT,2,TREND,SELL,35271,2026-07-04 23:40:00
0.1791,0.1754,35543,35584,42,SL,1.005,2.066,-2.066,0.1,-2.166,-21.66,False,FETUSDT,2,TREND,BUY,35542,2026-07-05 22:15:00
0.1734,0.1725,35604,35778,175,REVERSE_SIGNAL,4.729,0.461,0.519,0.1,0.419,4.19,True,FETUSDT,2,TREND,SELL,35603,2026-07-06 03:20:00
0.1725,0.1699,35779,35869,91,SL,2.783,1.507,-1.507,0.1,-1.607,-16.07,False,FETUSDT,2,TREND,BUY,35778,2026-07-06 17:55:00
0.1703,0.1592,35875,36407,533,REVERSE_SIGNAL,9.278,0.059,6.518,0.1,6.418,64.18,True,FETUSDT,2,TREND,SELL,35874,2026-07-07 01:55:00
0.1592,0.1573,36408,36466,59,SL,1.508,1.256,-1.193,0.1,-1.293,-12.93,False,FETUSDT,2,TREND,BUY,36407,2026-07-08 22:20:00
0.1617,0.1634,36911,37178,268,REVERSE_SIGNAL,1.361,1.113,1.051,0.1,0.951,9.51,True,FETUSDT,2,FADE,BUY,36910,2026-07-10 16:15:00
0.1634,0.161,37179,37276,98,REVERSE_SIGNAL,1.652,0.49,1.469,0.1,1.369,13.69,True,FETUSDT,2,FADE,SELL,37178,2026-07-11 14:35:00
0.161,0.1602,37277,37680,404,REVERSE_SIGNAL,3.292,0.248,0.497,0.1,0.397,3.97,True,FETUSDT,2,TREND,SELL,37276,2026-07-11 22:45:00
0.1602,0.1578,37681,37828,148,REVERSE_SIGNAL,1.623,0.437,1.498,0.1,1.398,13.98,True,FETUSDT,2,FADE,SELL,37680,2026-07-13 08:25:00
0.1578,0.16,37829,37883,55,REVERSE_SIGNAL,1.521,1.711,1.394,0.1,1.294,12.94,True,FETUSDT,2,FADE,BUY,37828,2026-07-13 20:45:00
0.16,0.1604,37884,38188,305,REVERSE_SIGNAL,0.875,2.313,-0.25,0.1,-0.35,-3.5,False,FETUSDT,2,FADE,SELL,37883,2026-07-14 01:20:00
0.1604,0.1634,38189,38313,125,REVERSE_SIGNAL,2.182,0.312,1.87,0.1,1.77,17.7,True,FETUSDT,2,FADE,BUY,38188,2026-07-15 02:45:00
0.1634,0.1598,38314,38451,138,REVERSE_SIGNAL,2.326,0.367,2.203,0.1,2.103,21.03,True,FETUSDT,2,FADE,SELL,38313,2026-07-15 13:10:00
0.1598,0.1603,38452,38618,167,REVERSE_SIGNAL,0.814,1.564,0.313,0.1,0.213,2.13,True,FETUSDT,2,FADE,BUY,38451,2026-07-16 00:40:00
0.1603,0.1579,38619,38730,112,REVERSE_SIGNAL,1.809,0.312,1.497,0.1,1.397,13.97,True,FETUSDT,2,FADE,SELL,38618,2026-07-16 14:35:00
0.1579,0.1597,38731,38856,126,REVERSE_SIGNAL,1.203,1.013,1.14,0.1,1.04,10.4,True,FETUSDT,2,FADE,BUY,38730,2026-07-16 23:55:00
0.1597,0.1565,38857,38893,37,REVERSE_SIGNAL,2.004,0.501,2.004,0.1,1.904,19.04,True,FETUSDT,2,FADE,SELL,38856,2026-07-17 10:25:00
0.1565,0.1601,38894,38928,35,REVERSE_SIGNAL,2.748,0.319,2.3,0.1,2.2,22.0,True,FETUSDT,2,FADE,BUY,38893,2026-07-17 13:30:00
0.1601,0.1587,38929,39095,167,REVERSE_SIGNAL,1.187,0.812,0.874,0.1,0.774,7.74,True,FETUSDT,2,FADE,SELL,38928,2026-07-17 16:25:00
0.1587,0.1582,39096,39298,203,REVERSE_SIGNAL,0.0,1.575,-0.315,0.1,-0.415,-4.15,False,FETUSDT,2,FADE,BUY,39095,2026-07-18 06:20:00
0.1582,0.157,39299,39400,102,REVERSE_SIGNAL,0.822,0.695,0.759,0.1,0.659,6.59,True,FETUSDT,2,FADE,SELL,39298,2026-07-18 23:15:00
0.157,0.1523,39401,39623,223,SL,0.701,3.121,-3.0,0.1,-3.1,-31.0,False,FETUSDT,2,FADE,BUY,39400,2026-07-19 07:45:00
0.1545,0.1574,39788,40105,318,REVERSE_SIGNAL,3.883,1.165,1.877,0.1,1.777,17.77,True,FETUSDT,2,TREND,BUY,39787,2026-07-20 16:00:00
0.1574,0.1566,40106,40377,272,REVERSE_SIGNAL,2.478,0.381,0.508,0.1,0.408,4.08,True,FETUSDT,2,TREND,SELL,40105,2026-07-21 18:30:00
0.1566,0.1539,40378,40503,126,REVERSE_SIGNAL,1.788,0.128,1.724,0.1,1.624,16.24,True,FETUSDT,2,FADE,SELL,40377,2026-07-22 17:10:00
0.1539,0.1541,40504,40794,291,REVERSE_SIGNAL,0.91,1.949,0.13,0.1,0.03,0.3,True,FETUSDT,2,FADE,BUY,40503,2026-07-23 03:40:00
0.1541,0.1522,40795,40903,109,REVERSE_SIGNAL,1.233,1.103,1.233,0.1,1.133,11.33,True,FETUSDT,2,FADE,SELL,40794,2026-07-24 03:55:00
0.1522,0.1521,40904,41044,141,REVERSE_SIGNAL,0.263,1.445,-0.066,0.1,-0.166,-1.66,False,FETUSDT,2,FADE,BUY,40903,2026-07-24 13:00:00
0.1521,0.1512,41045,41061,17,SL,0.263,0.986,-0.592,0.1,-0.692,-6.92,False,FETUSDT,2,TREND,BUY,41044,2026-07-25 00:45:00
0.1507,0.1516,41121,41188,68,SL,0.464,0.597,-0.597,0.1,-0.697,-6.97,False,FETUSDT,2,TREND,SELL,41120,2026-07-25 07:05:00
0.1521,0.1569,41194,41478,285,REVERSE_SIGNAL,5.72,0.066,3.156,0.1,3.056,30.56,True,FETUSDT,2,TREND,BUY,41193,2026-07-25 13:10:00
0.1569,0.1579,41479,41592,114,REVERSE_SIGNAL,1.02,0.574,0.637,0.1,0.537,5.37,True,FETUSDT,2,FADE,BUY,41478,2026-07-26 12:55:00
0.1579,0.1576,41593,41714,122,REVERSE_SIGNAL,1.71,0.253,-0.19,0.1,-0.29,-2.9,False,FETUSDT,2,TREND,BUY,41592,2026-07-26 22:25:00
0.1576,0.1374,41715,42329,615,REVERSE_SIGNAL,16.18,0.063,12.817,0.1,12.717,127.17,True,FETUSDT,2,TREND,SELL,41714,2026-07-27 08:35:00
0.1374,0.1343,42330,42439,110,SL,1.965,2.256,-2.256,0.1,-2.356,-23.56,False,FETUSDT,2,TREND,BUY,42329,2026-07-29 11:50:00
0.1415,0.1373,42800,43273,474,SL,1.484,3.392,-3.0,0.1,-3.1,-31.0,False,FETUSDT,2,FADE,BUY,42799,2026-07-31 03:00:00
0.1404,0.1404,43362,43646,285,REVERSE_SIGNAL,1.852,0.499,0.0,0.1,-0.1,-1.0,False,FETUSDT,2,TREND,BUY,43361,2026-08-02 01:50:00
0.1404,0.1416,43647,43797,151,REVERSE_SIGNAL,1.068,1.353,0.855,0.1,0.755,7.55,True,FETUSDT,2,FADE,BUY,43646,2026-08-03 01:35:00
0.1416,0.1458,43798,43871,74,SL,0.636,3.037,-3.0,0.1,-3.1,-31.0,False,FETUSDT,2,FADE,SELL,43797,2026-08-03 14:10:00
0.1496,0.1349,44369,44926,558,REVERSE_SIGNAL,12.299,0.401,9.826,0.1,9.726,97.26,True,FETUSDT,2,TREND,SELL,44368,2026-08-05 13:45:00
0.1349,0.1332,44927,44940,14,SL,0.667,1.483,-1.26,0.1,-1.36,-13.6,False,FETUSDT,2,TREND,BUY,44926,2026-08-07 12:15:00
0.1373,0.1378,45325,45545,221,REVERSE_SIGNAL,0.874,1.165,0.364,0.1,0.264,2.64,True,FETUSDT,2,FADE,BUY,45324,2026-08-08 21:25:00
0.1378,0.1359,45546,45638,93,REVERSE_SIGNAL,1.669,0.363,1.379,0.1,1.279,12.79,True,FETUSDT,2,FADE,SELL,45545,2026-08-09 15:50:00
0.1359,0.1375,45639,45723,85,SL,0.957,1.177,-1.177,0.1,-1.277,-12.77,False,FETUSDT,2,TREND,SELL,45638,2026-08-09 23:35:00
0.1385,0.1358,45729,45825,97,SL,0.794,2.31,-1.949,0.1,-2.049,-20.49,False,FETUSDT,2,TREND,BUY,45728,2026-08-10 07:05:00
0.1358,0.1356,45828,46240,413,REVERSE_SIGNAL,3.093,0.663,0.147,0.1,0.047,0.47,True,FETUSDT,2,TREND,SELL,45827,2026-08-10 15:20:00
0.1356,0.1341,46241,46418,178,REVERSE_SIGNAL,1.549,0.442,1.106,0.1,1.006,10.06,True,FETUSDT,2,FADE,SELL,46240,2026-08-12 01:45:00
0.1341,0.1353,46419,46555,137,REVERSE_SIGNAL,1.119,1.417,0.895,0.1,0.795,7.95,True,FETUSDT,2,FADE,BUY,46418,2026-08-12 16:35:00
0.1353,0.1345,46556,46705,150,REVERSE_SIGNAL,0.887,1.552,0.591,0.1,0.491,4.91,True,FETUSDT,2,FADE,SELL,46555,2026-08-13 04:00:00
0.1345,0.1364,46706,46809,104,REVERSE_SIGNAL,1.487,0.669,1.413,0.1,1.313,13.13,True,FETUSDT,2,FADE,BUY,46705,2026-08-13 16:30:00
0.1364,0.135,46810,46985,176,REVERSE_SIGNAL,1.906,1.393,1.026,0.1,0.926,9.26,True,FETUSDT,2,FADE,SELL,46809,2026-08-14 01:10:00
0.135,0.122,46986,47832,847,REVERSE_SIGNAL,11.778,0.296,9.63,0.1,9.53,95.3,True,FETUSDT,2,TREND,SELL,46985,2026-08-14 15:50:00
0.122,0.1215,47833,47974,142,REVERSE_SIGNAL,2.049,0.656,-0.41,0.1,-0.51,-5.1,False,FETUSDT,2,TREND,BUY,47832,2026-08-17 14:25:00
0.1215,0.1231,47975,48028,54,REVERSE_SIGNAL,1.399,1.893,1.317,0.1,1.217,12.17,True,FETUSDT,2,FADE,BUY,47974,2026-08-18 02:15:00
0.1231,0.1212,48029,48044,16,SL,0.0,1.543,-1.543,0.1,-1.643,-16.43,False,FETUSDT,2,TREND,BUY,48028,2026-08-18 06:45:00
0.1205,0.1216,48150,48241,92,REVERSE_SIGNAL,1.992,0.747,0.913,0.1,0.813,8.13,True,FETUSDT,2,FADE,BUY,48149,2026-08-18 16:50:00
0.1216,0.1252,48242,48416,175,SL,0.822,3.536,-3.0,0.1,-3.1,-31.0,False,FETUSDT,2,FADE,SELL,48241,2026-08-19 00:30:00
0.1673,0.1628,49166,49513,348,REVERSE_SIGNAL,9.085,2.212,2.69,0.1,2.59,25.9,True,FETUSDT,2,TREND,SELL,49165,2026-08-22 05:30:00
0.1628,0.1625,49514,49714,201,REVERSE_SIGNAL,4.484,1.72,-0.184,0.1,-0.284,-2.84,False,FETUSDT,2,TREND,BUY,49513,2026-08-23 10:30:00
0.1625,0.1662,49715,49737,23,SL,0.615,2.646,-2.277,0.1,-2.377,-23.77,False,FETUSDT,2,TREND,SELL,49714,2026-08-24 03:15:00
0.1689,0.1762,49826,49999,174,REVERSE_SIGNAL,6.157,1.243,4.322,0.1,4.222,42.22,True,FETUSDT,2,TREND,BUY,49825,2026-08-24 12:30:00
1.003,0.9729,336,602,267,SL,2.393,3.49,-3.0,0.1,-3.1,-31.0,False,FILUSDT,2,FADE,BUY,335,2026-03-05 16:20:00
0.947,0.935,1131,1431,301,REVERSE_SIGNAL,3.062,2.64,1.267,0.1,1.167,11.67,True,FILUSDT,2,FADE,SELL,1130,2026-03-08 10:35:00
0.935,0.907,1432,1798,367,SL,4.813,5.348,-3.0,0.1,-3.1,-31.0,False,FILUSDT,2,FADE,BUY,1431,2026-03-09 11:40:00
0.879,0.87,1961,2167,207,REVERSE_SIGNAL,3.868,1.479,-1.024,0.1,-1.124,-11.24,False,FILUSDT,2,TREND,BUY,1960,2026-03-11 07:45:00
0.87,0.879,2168,2440,273,REVERSE_SIGNAL,1.149,2.414,1.034,0.1,0.934,9.34,True,FILUSDT,2,FADE,BUY,2167,2026-03-12 01:00:00
0.879,0.875,2441,2679,239,REVERSE_SIGNAL,2.958,0.91,-0.455,0.1,-0.555,-5.55,False,FILUSDT,2,TREND,BUY,2440,2026-03-12 23:45:00
0.875,0.887,2680,2953,274,REVERSE_SIGNAL,1.714,1.486,-1.371,0.1,-1.471,-14.71,False,FILUSDT,2,TREND,SELL,2679,2026-03-13 19:40:00
0.887,0.96,2954,3657,704,REVERSE_SIGNAL,14.431,2.48,8.23,0.1,8.13,81.3,True,FILUSDT,2,TREND,BUY,2953,2026-03-14 18:30:00
0.96,0.973,3658,3876,219,REVERSE_SIGNAL,3.125,0.833,1.354,0.1,1.254,12.54,True,FILUSDT,2,FADE,BUY,3657,2026-03-17 05:10:00
0.973,0.945,3877,4025,149,REVERSE_SIGNAL,3.494,1.439,2.878,0.1,2.778,27.78,True,FILUSDT,2,FADE,SELL,3876,2026-03-17 23:25:00
0.945,0.905,4026,4481,456,REVERSE_SIGNAL,7.407,0.212,4.233,0.1,4.133,41.33,True,FILUSDT,2,TREND,SELL,4025,2026-03-18 11:50:00
0.905,0.9322,4482,4921,440,SL,1.768,3.094,-3.0,0.1,-3.1,-31.0,False,FILUSDT,2,FADE,SELL,4481,2026-03-20 01:50:00
0.929,0.891,5004,5457,454,REVERSE_SIGNAL,10.011,0.323,4.09,0.1,3.99,39.9,True,FILUSDT,2,TREND,SELL,5003,2026-03-21 21:20:00
0.891,0.912,5458,5767,310,REVERSE_SIGNAL,6.397,1.122,2.357,0.1,2.257,22.57,True,FILUSDT,2,TREND,BUY,5457,2026-03-23 11:10:00
0.912,0.9235,5768,5780,13,SL,0.329,1.535,-1.261,0.1,-1.361,-13.61,False,FILUSDT,2,TREND,SELL,5767,2026-03-24 13:00:00
0.93,0.913,5862,5981,120,REVERSE_SIGNAL,2.258,0.753,1.828,0.1,1.728,17.28,True,FILUSDT,2,FADE,SELL,5861,2026-03-24 20:50:00
0.913,0.9228,5982,6000,19,SL,0.219,1.205,-1.073,0.1,-1.173,-11.73,False,FILUSDT,2,TREND,SELL,5981,2026-03-25 06:50:00
0.931,0.91,6030,6215,186,REVERSE_SIGNAL,2.363,0.752,2.256,0.1,2.156,21.56,True,FILUSDT,2,FADE,SELL,6029,2026-03-25 10:50:00
0.91,0.809,6216,7319,1104,REVERSE_SIGNAL,12.967,0.549,11.099,0.1,10.999,109.99,True,FILUSDT,2,TREND,SELL,6215,2026-03-26 02:20:00
0.809,0.8037,7320,7323,4,SL,0.124,1.36,-0.655,0.1,-0.755,-7.55,False,FILUSDT,2,TREND,BUY,7319,2026-03-29 22:20:00
0.794,0.8131,7335,7342,8,SL,0.0,2.897,-2.406,0.1,-2.506,-25.06,False,FILUSDT,2,TREND,SELL,7334,2026-03-29 23:35:00
0.82,0.827,7384,7522,139,REVERSE_SIGNAL,5.244,0.0,0.854,0.1,0.754,7.54,True,FILUSDT,2,TREND,BUY,7383,2026-03-30 03:40:00
0.827,0.831,7523,7656,134,REVERSE_SIGNAL,2.177,0.967,-0.484,0.1,-0.584,-5.84,False,FILUSDT,2,TREND,SELL,7522,2026-03-30 15:15:00
0.831,0.817,7657,7759,103,REVERSE_SIGNAL,1.444,1.805,-1.685,0.1,-1.785,-17.85,False,FILUSDT,2,TREND,BUY,7656,2026-03-31 02:25:00
0.817,0.835,7760,7869,110,REVERSE_SIGNAL,2.938,0.367,2.203,0.1,2.103,21.03,True,FILUSDT,2,FADE,BUY,7759,2026-03-31 11:00:00
0.835,0.8249,7870,7933,64,SL,0.12,1.557,-1.21,0.1,-1.31,-13.1,False,FILUSDT,2,TREND,BUY,7869,2026-03-31 20:10:00
0.821,0.818,8222,8466,245,REVERSE_SIGNAL,0.609,2.923,-0.365,0.1,-0.465,-4.65,False,FILUSDT,2,FADE,BUY,8221,2026-04-02 01:30:00
0.818,0.832,8467,9079,613,REVERSE_SIGNAL,4.523,0.733,1.711,0.1,1.611,16.11,True,FILUSDT,2,TREND,BUY,8466,2026-04-02 21:55:00
0.832,0.838,9080,9343,264,REVERSE_SIGNAL,2.524,0.962,-0.721,0.1,-0.821,-8.21,False,FILUSDT,2,TREND,SELL,9079,2026-04-05 01:00:00
0.838,0.863,9344,9628,285,REVERSE_SIGNAL,8.234,0.119,2.983,0.1,2.883,28.83,True,FILUSDT,2,TREND,BUY,9343,2026-04-05 23:00:00
0.863,0.872,9629,9763,135,REVERSE_SIGNAL,1.738,1.39,-1.043,0.1,-1.143,-11.43,False,FILUSDT,2,TREND,SELL,9628,2026-04-06 22:45:00
0.872,0.8557,9764,9788,25,SL,0.0,2.408,-1.869,0.1,-1.969,-19.69,False,FILUSDT,2,TREND,BUY,9763,2026-04-07 10:00:00
0.852,0.874,9841,9889,49,REVERSE_SIGNAL,2.817,0.704,2.582,0.1,2.482,24.82,True,FILUSDT,2,FADE,BUY,9840,2026-04-07 16:25:00
0.874,0.892,9890,10157,268,REVERSE_SIGNAL,6.293,0.458,2.059,0.1,1.959,19.59,True,FILUSDT,2,TREND,BUY,9889,2026-04-07 20:30:00
0.892,0.9,10158,10409,252,REVERSE_SIGNAL,2.354,1.345,-0.897,0.1,-0.997,-9.97,False,FILUSDT,2,TREND,SELL,10157,2026-04-08 18:50:00
0.9,0.901,10410,10813,404,REVERSE_SIGNAL,2.889,1.0,0.111,0.1,0.011,0.11,True,FILUSDT,2,TREND,BUY,10409,2026-04-09 15:50:00
0.901,0.908,10814,10996,183,REVERSE_SIGNAL,1.11,1.776,0.777,0.1,0.677,6.77,True,FILUSDT,2,FADE,BUY,10813,2026-04-11 01:30:00
0.908,0.896,10997,11084,88,REVERSE_SIGNAL,1.762,1.542,-1.322,0.1,-1.422,-14.22,False,FILUSDT,2,TREND,BUY,10996,2026-04-11 16:45:00
0.896,0.879,11085,11299,215,REVERSE_SIGNAL,4.464,0.223,1.897,0.1,1.797,17.97,True,FILUSDT,2,TREND,SELL,11084,2026-04-12 00:05:00
0.879,0.858,11300,11359,60,REVERSE_SIGNAL,2.617,0.0,2.389,0.1,2.289,22.89,True,FILUSDT,2,FADE,SELL,11299,2026-04-12 18:00:00
0.858,0.877,11360,11550,191,REVERSE_SIGNAL,2.214,0.699,2.214,0.1,2.114,21.14,True,FILUSDT,2,FADE,BUY,11359,2026-04-12 23:00:00
0.877,0.9033,11551,11609,59,SL,1.482,3.079,-3.0,0.1,-3.1,-31.0,False,FILUSDT,2,FADE,SELL,11550,2026-04-13 14:55:00
0.9,0.901,11743,11995,253,REVERSE_SIGNAL,1.556,2.667,0.111,0.1,0.011,0.11,True,FILUSDT,2,FADE,BUY,11742,2026-04-14 06:55:00
0.901,0.928,11996,12265,270,SL,1.221,3.441,-3.0,0.1,-3.1,-31.0,False,FILUSDT,2,FADE,SELL,11995,2026-04-15 04:00:00
0.976,0.9959,12582,12612,31,SL,0.717,2.459,-2.039,0.1,-2.139,-21.39,False,FILUSDT,2,TREND,SELL,12581,2026-04-17 04:50:00
1.006,0.981,12620,12811,192,REVERSE_SIGNAL,2.684,0.696,2.485,0.1,2.385,23.85,True,FILUSDT,2,FADE,SELL,12619,2026-04-17 08:00:00
0.981,0.9516,12812,12945,134,SL,1.325,3.16,-3.0,0.1,-3.1,-31.0,False,FILUSDT,2,FADE,BUY,12811,2026-04-18 00:00:00
0.925,0.914,13508,13894,387,REVERSE_SIGNAL,1.622,1.297,1.189,0.1,1.089,10.89,True,FILUSDT,2,FADE,SELL,13507,2026-04-20 10:00:00
0.914,0.929,13895,13971,77,REVERSE_SIGNAL,1.751,0.985,1.641,0.1,1.541,15.41,True,FILUSDT,2,FADE,BUY,13894,2026-04-21 18:15:00
0.929,0.938,13972,14213,242,REVERSE_SIGNAL,3.66,0.646,0.969,0.1,0.869,8.69,True,FILUSDT,2,TREND,BUY,13971,2026-04-22 00:40:00
0.938,0.933,14214,14435,222,REVERSE_SIGNAL,2.878,0.64,0.533,0.1,0.433,4.33,True,FILUSDT,2,TREND,SELL,14213,2026-04-22 20:50:00
0.933,0.9185,14436,14460,25,SL,0.214,1.715,-1.554,0.1,-1.654,-16.54,False,FILUSDT,2,TREND,BUY,14435,2026-04-23 15:20:00
0.911,0.929,14466,14521,56,REVERSE_SIGNAL,2.415,0.11,1.976,0.1,1.876,18.76,True,FILUSDT,2,FADE,BUY,14465,2026-04-23 17:50:00
0.929,0.9569,14522,14867,346,SL,0.969,3.014,-3.0,0.1,-3.1,-31.0,False,FILUSDT,2,FADE,SELL,14521,2026-04-23 22:30:00
0.942,0.949,15007,15177,171,REVERSE_SIGNAL,1.486,0.743,-0.743,0.1,-0.843,-8.43,False,FILUSDT,2,TREND,SELL,15006,2026-04-25 14:55:00
0.949,0.94,15178,15320,143,REVERSE_SIGNAL,1.37,0.843,0.948,0.1,0.848,8.48,True,FILUSDT,2,FADE,SELL,15177,2026-04-26 05:10:00
0.94,0.953,15321,15438,118,REVERSE_SIGNAL,1.809,0.319,1.383,0.1,1.283,12.83,True,FILUSDT,2,FADE,BUY,15320,2026-04-26 17:05:00
0.953,0.9421,15439,15465,27,SL,0.315,1.259,-1.144,0.1,-1.244,-12.44,False,FILUSDT,2,TREND,BUY,15438,2026-04-27 02:55:00
0.93,0.92,15472,15715,244,REVERSE_SIGNAL,3.548,0.215,1.075,0.1,0.975,9.75,True,FILUSDT,2,TREND,SELL,15471,2026-04-27 05:40:00
0.92,0.909,15716,15836,121,REVERSE_SIGNAL,1.304,1.304,1.196,0.1,1.096,10.96,True,FILUSDT,2,FADE,SELL,15715,2026-04-28 02:00:00
0.909,0.93,15837,16019,183,REVERSE_SIGNAL,2.42,0.44,2.31,0.1,2.21,22.1,True,FILUSDT,2,FADE,BUY,15836,2026-04-28 12:05:00
0.93,0.9157,16020,16161,142,SL,6.559,1.72,-1.538,0.1,-1.638,-16.38,False,FILUSDT,2,TREND,BUY,16019,2026-04-29 03:20:00
0.916,0.914,16162,16267,106,REVERSE_SIGNAL,4.913,0.873,0.218,0.1,0.118,1.18,True,FILUSDT,2,TREND,SELL,16161,2026-04-29 15:10:00
0.914,0.917,16268,16680,413,REVERSE_SIGNAL,2.735,0.656,0.328,0.1,0.228,2.28,True,FILUSDT,2,TREND,BUY,16267,2026-04-30 00:00:00
0.917,0.928,16681,16733,53,REVERSE_SIGNAL,2.181,0.218,1.2,0.1,1.1,11.0,True,FILUSDT,2,FADE,BUY,16680,2026-05-01 10:25:00
0.928,0.917,16734,16834,101,REVERSE_SIGNAL,1.509,0.754,1.185,0.1,1.085,10.85,True,FILUSDT,2,FADE,SELL,16733,2026-05-01 14:50:00
0.917,0.929,16835,17032,198,REVERSE_SIGNAL,1.418,0.545,1.309,0.1,1.209,12.09,True,FILUSDT,2,FADE,BUY,16834,2026-05-01 23:15:00
0.929,0.917,17033,17152,120,REVERSE_SIGNAL,1.615,1.292,1.292,0.1,1.192,11.92,True,FILUSDT,2,FADE,SELL,17032,2026-05-02 15:45:00
0.917,0.926,17153,17350,198,REVERSE_SIGNAL,1.418,0.436,0.981,0.1,0.881,8.81,True,FILUSDT,2,FADE,BUY,17152,2026-05-03 01:45:00
0.926,0.9538,17351,17443,93,SL,1.404,3.024,-3.0,0.1,-3.1,-31.0,False,FILUSDT,2,FADE,SELL,17350,2026-05-03 18:15:00
0.923,0.951,17544,17794,251,REVERSE_SIGNAL,3.142,0.108,3.034,0.1,2.934,29.34,True,FILUSDT,2,FADE,BUY,17543,2026-05-04 10:20:00
0.951,0.9795,17795,17957,163,SL,1.367,4.311,-3.0,0.1,-3.1,-31.0,False,FILUSDT,2,FADE,SELL,17794,2026-05-05 07:15:00
1.063,1.0972,18172,18279,108,SL,1.223,3.575,-3.217,0.1,-3.317,-33.17,False,FILUSDT,2,TREND,SELL,18171,2026-05-06 14:40:00
1.103,1.0658,18282,18295,14,SL,1.995,3.536,-3.373,0.1,-3.473,-34.73,False,FILUSDT,2,TREND,BUY,18281,2026-05-06 23:50:00
1.229,1.111,18979,20029,1051,REVERSE_SIGNAL,13.181,0.488,9.601,0.1,9.501,95.01,True,FILUSDT,2,TREND,SELL,18978,2026-05-09 09:55:00
1.111,1.0908,20030,20078,49,SL,0.18,2.16,-1.818,0.1,-1.918,-19.18,False,FILUSDT,2,TREND,BUY,20029,2026-05-13 01:30:00
1.082,1.059,20160,20482,323,REVERSE_SIGNAL,5.545,0.185,2.126,0.1,2.026,20.26,True,FILUSDT,2,TREND,SELL,20159,2026-05-13 12:20:00
1.059,1.0379,20483,20617,135,SL,0.85,2.455,-1.992,0.1,-2.092,-20.92,False,FILUSDT,2,TREND,BUY,20482,2026-05-14 15:15:00
1.041,0.978,20643,21257,615,REVERSE_SIGNAL,9.03,0.288,6.052,0.1,5.952,59.52,True,FILUSDT,2,TREND,SELL,20642,2026-05-15 04:35:00
0.978,0.9689,21258,21319,62,SL,0.307,1.125,-0.93,0.1,-1.03,-10.3,False,FILUSDT,2,TREND,BUY,21257,2026-05-17 07:50:00
0.963,0.9341,21333,21447,115,SL,0.935,6.438,-3.0,0.1,-3.1,-31.0,False,FILUSDT,2,FADE,BUY,21332,2026-05-17 14:05:00
0.956,0.953,21696,21897,202,REVERSE_SIGNAL,1.36,1.255,0.314,0.1,0.214,2.14,True,FILUSDT,2,FADE,SELL,21695,2026-05-18 20:20:00
0.953,0.957,21898,22094,197,REVERSE_SIGNAL,2.518,0.63,-0.42,0.1,-0.52,-5.2,False,FILUSDT,2,TREND,SELL,21897,2026-05-19 13:10:00
0.957,0.9857,22095,22352,258,SL,1.567,3.135,-3.0,0.1,-3.1,-31.0,False,FILUSDT,2,FADE,SELL,22094,2026-05-20 05:35:00
0.975,1.003,22480,22529,50,REVERSE_SIGNAL,3.077,0.103,2.872,0.1,2.772,27.72,True,FILUSDT,2,FADE,BUY,22479,2026-05-21 13:40:00
1.003,0.9797,22530,22828,299,SL,3.49,2.592,-2.323,0.1,-2.423,-24.23,False,FILUSDT,2,TREND,BUY,22529,2026-05-21 17:50:00
0.99,0.955,22831,23072,242,REVERSE_SIGNAL,8.182,0.404,3.535,0.1,3.435,34.35,True,FILUSDT,2,TREND,SELL,22830,2026-05-22 18:55:00
0.955,0.964,23073,23244,172,REVERSE_SIGNAL,6.073,0.524,0.942,0.1,0.842,8.42,True,FILUSDT,2,TREND,BUY,23072,2026-05-23 15:05:00
0.964,0.968,23245,23528,284,REVERSE_SIGNAL,3.423,1.556,-0.415,0.1,-0.515,-5.15,False,FILUSDT,2,TREND,SELL,23244,2026-05-24 05:25:00
0.968,0.997,23529,23668,140,SL,0.517,3.926,-3.0,0.1,-3.1,-31.0,False,FILUSDT,2,FADE,SELL,23528,2026-05-25 05:05:00
0.972,0.995,23768,23861,94,REVERSE_SIGNAL,2.881,0.617,2.366,0.1,2.266,22.66,True,FILUSDT,2,FADE,BUY,23767,2026-05-26 01:00:00
0.995,0.9765,23862,24097,236,SL,5.628,2.211,-1.859,0.1,-1.959,-19.59,False,FILUSDT,2,TREND,BUY,23861,2026-05-26 08:50:00
0.988,1.0236,24101,24113,13,SL,0.202,3.947,-3.603,0.1,-3.703,-37.03,False,FILUSDT,2,TREND,SELL,24100,2026-05-27 04:45:00
1.057,1.0887,24123,24211,89,SL,3.027,3.027,-3.0,0.1,-3.1,-31.0,False,FILUSDT,2,FADE,SELL,24122,2026-05-27 06:35:00
1.035,1.0572,24338,24356,19,SL,0.58,2.319,-2.145,0.1,-2.245,-22.45,False,FILUSDT,2,TREND,SELL,24337,2026-05-28 00:30:00
0.974,0.95,24554,24752,199,REVERSE_SIGNAL,3.08,1.643,2.464,0.1,2.364,23.64,True,FILUSDT,2,FADE,SELL,24553,2026-05-28 18:30:00
0.95,0.9658,24753,24801,49,SL,2.947,2.105,-1.663,0.1,-1.763,-17.63,False,FILUSDT,2,TREND,SELL,24752,2026-05-29 11:05:00
0.972,0.968,24811,25182,372,REVERSE_SIGNAL,4.527,2.675,-0.412,0.1,-0.512,-5.12,False,FILUSDT,2,TREND,BUY,24810,2026-05-29 15:55:00
0.968,0.9839,25183,25254,72,SL,1.033,1.756,-1.643,0.1,-1.743,-17.43,False,FILUSDT,2,TREND,SELL,25182,2026-05-30 22:55:00
0.95,0.9234,25489,25561,73,SL,0.947,2.842,-2.8,0.1,-2.9,-29.0,False,FILUSDT,2,TREND,BUY,25488,2026-06-01 00:25:00
0.92,0.8924,25577,25650,74,SL,0.87,3.152,-3.0,0.1,-3.1,-31.0,False,FILUSDT,2,FADE,BUY,25576,2026-06-01 07:45:00
0.943,0.929,25697,25849,153,REVERSE_SIGNAL,3.287,2.015,-1.485,0.1,-1.585,-15.85,False,FILUSDT,2,TREND,BUY,25696,2026-06-01 17:45:00
0.929,0.902,25850,26139,290,REVERSE_SIGNAL,9.473,1.722,2.906,0.1,2.806,28.06,True,FILUSDT,2,TREND,SELL,25849,2026-06-02 06:30:00
0.902,0.9291,26140,26190,51,SL,1.33,5.432,-3.0,0.1,-3.1,-31.0,False,FILUSDT,2,FADE,SELL,26139,2026-06-03 06:40:00
0.903,0.886,26363,26540,178,REVERSE_SIGNAL,8.638,0.775,1.883,0.1,1.783,17.83,True,FILUSDT,2,TREND,SELL,26362,2026-06-04 01:15:00
0.886,0.855,26541,26615,75,REVERSE_SIGNAL,4.628,1.919,3.499,0.1,3.399,33.99,True,FILUSDT,2,FADE,SELL,26540,2026-06-04 16:05:00
0.855,0.732,26616,27033,418,REVERSE_SIGNAL,21.871,2.339,14.386,0.1,14.286,142.86,True,FILUSDT,2,TREND,SELL,26615,2026-06-04 22:20:00
0.732,0.7127,27034,27043,10,SL,0.956,3.005,-2.637,0.1,-2.737,-27.37,False,FILUSDT,2,TREND,BUY,27033,2026-06-06 09:10:00
0.743,0.773,27450,27482,33,REVERSE_SIGNAL,7.941,0.538,4.038,0.1,3.938,39.38,True,FILUSDT,2,FADE,BUY,27449,2026-06-07 19:50:00
0.773,0.756,27483,27794,312,REVERSE_SIGNAL,2.458,2.458,-2.199,0.1,-2.299,-22.99,False,FILUSDT,2,TREND,BUY,27482,2026-06-07 22:35:00
0.756,0.758,27795,28411,617,REVERSE_SIGNAL,4.894,3.439,-0.265,0.1,-0.365,-3.65,False,FILUSDT,2,TREND,SELL,27794,2026-06-09 00:35:00
0.758,0.744,28412,28729,318,REVERSE_SIGNAL,2.111,2.243,1.847,0.1,1.747,17.47,True,FILUSDT,2,FADE,SELL,28411,2026-06-11 04:00:00
0.744,0.762,28730,28961,232,REVERSE_SIGNAL,2.823,0.672,2.419,0.1,2.319,23.19,True,FILUSDT,2,FADE,BUY,28729,2026-06-12 06:30:00
0.762,0.7849,28962,29053,92,SL,1.05,3.018,-3.0,0.1,-3.1,-31.0,False,FILUSDT,2,FADE,SELL,28961,2026-06-13 01:50:00
0.775,0.779,29270,29484,215,REVERSE_SIGNAL,2.968,0.774,-0.516,0.1,-0.616,-6.16,False,FILUSDT,2,TREND,SELL,29269,2026-06-14 03:30:00
0.779,0.789,29485,29784,300,REVERSE_SIGNAL,5.777,0.128,1.284,0.1,1.184,11.84,True,FILUSDT,2,TREND,BUY,29484,2026-06-14 21:25:00
0.789,0.811,29785,29910,126,REVERSE_SIGNAL,2.788,0.887,2.788,0.1,2.688,26.88,True,FILUSDT,2,FADE,BUY,29784,2026-06-15 22:25:00
0.811,0.7918,29911,29961,51,SL,0.0,2.959,-2.367,0.1,-2.467,-24.67,False,FILUSDT,2,TREND,BUY,29910,2026-06-16 08:55:00
0.78,0.82,29979,30051,73,REVERSE_SIGNAL,5.128,0.513,5.128,0.1,5.028,50.28,True,FILUSDT,2,FADE,BUY,29978,2026-06-16 14:35:00
0.82,0.785,30052,30330,279,REVERSE_SIGNAL,4.878,1.463,4.268,0.1,4.168,41.68,True,FILUSDT,2,FADE,SELL,30051,2026-06-16 20:40:00
0.785,0.7614,30331,30567,237,SL,2.93,3.185,-3.0,0.1,-3.1,-31.0,False,FILUSDT,2,FADE,BUY,30330,2026-06-17 19:55:00
0.799,0.776,30626,30730,105,REVERSE_SIGNAL,3.88,0.626,2.879,0.1,2.779,27.79,True,FILUSDT,2,FADE,SELL,30625,2026-06-18 20:30:00
0.776,0.789,30731,30839,109,REVERSE_SIGNAL,1.933,1.933,1.675,0.1,1.575,15.75,True,FILUSDT,2,FADE,BUY,30730,2026-06-19 05:15:00
0.789,0.773,30840,31125,286,REVERSE_SIGNAL,2.408,2.028,-2.028,0.1,-2.128,-21.28,False,FILUSDT,2,TREND,BUY,30839,2026-06-19 14:20:00
0.773,0.795,31126,31289,164,REVERSE_SIGNAL,2.975,0.0,2.846,0.1,2.746,27.46,True,FILUSDT,2,FADE,BUY,31125,2026-06-20 14:10:00
0.795,0.7814,31290,31496,207,SL,3.899,1.887,-1.711,0.1,-1.811,-18.11,False,FILUSDT,2,TREND,BUY,31289,2026-06-21 03:50:00
0.784,0.813,31499,31553,55,REVERSE_SIGNAL,4.592,0.765,3.699,0.1,3.599,35.99,True,FILUSDT,2,FADE,BUY,31498,2026-06-21 21:15:00
0.813,0.791,31554,31762,209,REVERSE_SIGNAL,2.952,0.738,2.706,0.1,2.606,26.06,True,FILUSDT,2,FADE,SELL,31553,2026-06-22 01:50:00
0.791,0.7673,31763,31895,133,SL,1.643,3.413,-3.0,0.1,-3.1,-31.0,False,FILUSDT,2,FADE,BUY,31762,2026-06-22 19:15:00
0.779,0.774,31990,32212,223,REVERSE_SIGNAL,3.466,2.311,-0.642,0.1,-0.742,-7.42,False,FILUSDT,2,TREND,BUY,31989,2026-06-23 14:10:00
0.774,0.7508,32213,32269,57,SL,1.034,3.23,-3.0,0.1,-3.1,-31.0,False,FILUSDT,2,FADE,BUY,32212,2026-06-24 08:45:00
0.742,0.7237,32370,32560,191,SL,4.178,4.043,-2.466,0.1,-2.566,-25.66,False,FILUSDT,2,TREND,BUY,32369,2026-06-24 21:50:00
0.718,0.741,32561,32773,213,REVERSE_SIGNAL,4.596,3.76,-3.203,0.1,-3.303,-33.03,False,FILUSDT,2,TREND,SELL,32560,2026-06-25 13:45:00
0.741,0.7218,32774,32801,28,SL,0.54,2.699,-2.591,0.1,-2.691,-26.91,False,FILUSDT,2,TREND,BUY,32773,2026-06-26 07:30:00
0.715,0.7343,32837,32851,15,SL,0.979,3.077,-2.699,0.1,-2.799,-27.99,False,FILUSDT,2,TREND,SELL,32836,2026-06-26 12:45:00
0.751,0.73,32891,33206,316,REVERSE_SIGNAL,0.932,3.063,-2.796,0.1,-2.896,-28.96,False,FILUSDT,2,TREND,BUY,32890,2026-06-26 17:15:00
0.73,0.7081,33207,33520,314,SL,1.233,4.11,-3.0,0.1,-3.1,-31.0,False,FILUSDT,2,FADE,BUY,33206,2026-06-27 19:35:00
0.741,0.721,33756,33862,107,REVERSE_SIGNAL,2.969,0.81,2.699,0.1,2.599,25.99,True,FILUSDT,2,FADE,SELL,33755,2026-06-29 17:20:00
0.721,0.727,33863,34164,302,REVERSE_SIGNAL,3.051,2.913,0.832,0.1,0.732,7.32,True,FILUSDT,2,FADE,BUY,33862,2026-06-30 02:15:00
0.727,0.7488,34165,34307,143,SL,1.513,3.576,-3.0,0.1,-3.1,-31.0,False,FILUSDT,2,FADE,SELL,34164,2026-07-01 03:25:00
0.791,0.798,35292,35531,240,REVERSE_SIGNAL,1.643,2.149,0.885,0.1,0.785,7.85,True,FILUSDT,2,FADE,BUY,35291,2026-07-05 01:20:00
0.798,0.78,35532,35632,101,REVERSE_SIGNAL,2.632,1.128,2.256,0.1,2.156,21.56,True,FILUSDT,2,FADE,SELL,35531,2026-07-05 21:20:00
0.78,0.8,35633,35756,124,REVERSE_SIGNAL,2.821,2.821,2.564,0.1,2.464,24.64,True,FILUSDT,2,FADE,BUY,35632,2026-07-06 05:45:00
0.8,0.782,35757,35889,133,REVERSE_SIGNAL,2.375,1.875,2.25,0.1,2.15,21.5,True,FILUSDT,2,FADE,SELL,35756,2026-07-06 16:05:00
0.782,0.7966,35890,36041,152,SL,1.279,1.918,-1.867,0.1,-1.967,-19.67,False,FILUSDT,2,TREND,SELL,35889,2026-07-07 03:10:00
0.795,0.78,36043,36100,58,REVERSE_SIGNAL,2.39,0.881,1.887,0.1,1.787,17.87,True,FILUSDT,2,FADE,SELL,36042,2026-07-07 15:55:00
0.78,0.7566,36101,36158,58,SL,0.513,3.205,-3.0,0.1,-3.1,-31.0,False,FILUSDT,2,FADE,BUY,36100,2026-07-07 20:45:00
0.7654,0.7884,36349,36610,262,SL,1.672,3.279,-3.0,0.1,-3.1,-31.0,False,FILUSDT,2,FADE,SELL,36348,2026-07-08 17:25:00
0.7887,0.7928,36955,37166,212,REVERSE_SIGNAL,0.837,0.811,0.52,0.1,0.42,4.2,True,FILUSDT,2,FADE,BUY,36954,2026-07-10 19:55:00
0.7928,0.7882,37167,37271,105,SL,0.87,1.968,-0.58,0.1,-0.68,-6.8,False,FILUSDT,2,TREND,BUY,37166,2026-07-11 13:35:00
0.7825,0.7868,37274,37388,115,REVERSE_SIGNAL,1.086,2.16,0.55,0.1,0.45,4.5,True,FILUSDT,2,FADE,BUY,37273,2026-07-11 22:30:00
0.7868,0.7747,37389,37480,92,REVERSE_SIGNAL,2.135,0.407,1.538,0.1,1.438,14.38,True,FILUSDT,2,FADE,SELL,37388,2026-07-12 08:05:00
0.7747,0.7515,37481,37750,270,SL,1.523,3.188,-3.0,0.1,-3.1,-31.0,False,FILUSDT,2,FADE,BUY,37480,2026-07-12 15:45:00
0.7538,0.7887,37883,38446,564,REVERSE_SIGNAL,6.951,0.478,4.63,0.1,4.53,45.3,True,FILUSDT,2,TREND,BUY,37882,2026-07-14 01:15:00
0.7887,0.7533,38447,39338,892,REVERSE_SIGNAL,6.847,0.19,4.488,0.1,4.388,43.88,True,FILUSDT,2,TREND,SELL,38446,2026-07-16 00:15:00
0.7533,0.7438,39339,39394,56,REVERSE_SIGNAL,1.327,0.013,1.261,0.1,1.161,11.61,True,FILUSDT,2,FADE,SELL,39338,2026-07-19 02:35:00
0.7438,0.7192,39395,39768,374,REVERSE_SIGNAL,5.889,0.094,3.307,0.1,3.207,32.07,True,FILUSDT,2,TREND,SELL,39394,2026-07-19 07:15:00
0.7192,0.7663,39769,40287,519,REVERSE_SIGNAL,8.996,0.445,6.549,0.1,6.449,64.49,True,FILUSDT,2,TREND,BUY,39768,2026-07-20 14:25:00
0.7663,0.7739,40288,40297,10,SL,0.0,1.083,-0.992,0.1,-1.092,-10.92,False,FILUSDT,2,TREND,SELL,40287,2026-07-22 09:40:00
0.7345,0.7161,40827,40904,78,REVERSE_SIGNAL,2.995,0.572,2.505,0.1,2.405,24.05,True,FILUSDT,2,FADE,SELL,40826,2026-07-24 06:35:00
0.7161,0.7239,40905,41095,191,REVERSE_SIGNAL,0.824,1.801,-1.089,0.1,-1.189,-11.89,False,FILUSDT,2,TREND,SELL,40904,2026-07-24 13:05:00
0.7239,0.7195,41096,41112,17,SL,0.014,0.622,-0.608,0.1,-0.708,-7.08,False,FILUSDT,2,TREND,BUY,41095,2026-07-25 05:00:00
0.7152,0.7228,41133,41220,88,REVERSE_SIGNAL,1.216,0.126,1.063,0.1,0.963,9.63,True,FILUSDT,2,FADE,BUY,41132,2026-07-25 08:05:00
0.7228,0.7373,41221,41558,338,REVERSE_SIGNAL,4.192,0.623,2.006,0.1,1.906,19.06,True,FILUSDT,2,TREND,BUY,41220,2026-07-25 15:25:00
0.7373,0.7475,41559,41636,78,REVERSE_SIGNAL,1.614,0.42,1.383,0.1,1.283,12.83,True,FILUSDT,2,FADE,BUY,41558,2026-07-26 19:35:00
0.7475,0.7403,41637,41712,76,REVERSE_SIGNAL,1.204,1.124,0.963,0.1,0.863,8.63,True,FILUSDT,2,FADE,SELL,41636,2026-07-27 02:05:00
0.7403,0.7181,41713,41787,75,SL,1.526,3.201,-3.0,0.1,-3.1,-31.0,False,FILUSDT,2,FADE,BUY,41712,2026-07-27 08:25:00
0.7028,0.6932,42093,42214,122,SL,1.209,1.522,-1.366,0.1,-1.466,-14.66,False,FILUSDT,2,TREND,BUY,42092,2026-07-28 16:05:00
0.6986,0.6808,42217,42480,264,REVERSE_SIGNAL,6.513,0.2,2.548,0.1,2.448,24.48,True,FILUSDT,2,TREND,SELL,42216,2026-07-29 02:25:00
0.6808,0.7012,42481,42664,184,SL,0.911,3.628,-3.0,0.1,-3.1,-31.0,False,FILUSDT,2,FADE,SELL,42480,2026-07-30 00:25:00
0.7112,0.7172,42806,42838,33,SL,0.056,0.9,-0.844,0.1,-0.944,-9.44,False,FILUSDT,2,TREND,SELL,42805,2026-07-31 03:30:00
0.7219,0.7132,42923,43179,257,REVERSE_SIGNAL,2.396,0.928,1.205,0.1,1.105,11.05,True,FILUSDT,2,FADE,SELL,42922,2026-07-31 13:15:00
0.7132,0.6918,43180,43273,94,SL,0.07,3.309,-3.0,0.1,-3.1,-31.0,False,FILUSDT,2,FADE,BUY,43179,2026-08-01 10:40:00
0.7076,0.7132,43360,43647,288,REVERSE_SIGNAL,2.544,0.226,0.791,0.1,0.691,6.91,True,FILUSDT,2,TREND,BUY,43359,2026-08-02 01:40:00
0.7132,0.7183,43648,43789,142,REVERSE_SIGNAL,1.346,1.346,0.715,0.1,0.615,6.15,True,FILUSDT,2,FADE,BUY,43647,2026-08-03 01:40:00
0.7183,0.7171,43790,44001,212,REVERSE_SIGNAL,2.214,0.348,-0.167,0.1,-0.267,-2.67,False,FILUSDT,2,TREND,BUY,43789,2026-08-03 13:30:00
0.7171,0.7188,44002,44173,172,REVERSE_SIGNAL,1.548,0.753,-0.237,0.1,-0.337,-3.37,False,FILUSDT,2,TREND,SELL,44001,2026-08-04 07:10:00
0.7188,0.7122,44174,44248,75,REVERSE_SIGNAL,1.155,0.904,0.918,0.1,0.818,8.18,True,FILUSDT,2,FADE,SELL,44173,2026-08-04 21:30:00
0.7122,0.72,44249,44384,136,REVERSE_SIGNAL,1.222,1.208,1.095,0.1,0.995,9.95,True,FILUSDT,2,FADE,BUY,44248,2026-08-05 03:45:00
0.72,0.7104,44385,44517,133,REVERSE_SIGNAL,1.375,1.5,1.333,0.1,1.233,12.33,True,FILUSDT,2,FADE,SELL,44384,2026-08-05 15:05:00
0.7104,0.6891,44518,44611,94,SL,1.126,4.519,-3.0,0.1,-3.1,-31.0,False,FILUSDT,2,FADE,BUY,44517,2026-08-06 02:10:00
0.7033,0.6885,44686,44826,141,SL,4.962,2.545,-2.104,0.1,-2.204,-22.04,False,FILUSDT,2,TREND,BUY,44685,2026-08-06 16:10:00
0.6913,0.6706,44827,44985,159,SL,1.36,3.37,-3.0,0.1,-3.1,-31.0,False,FILUSDT,2,FADE,BUY,44826,2026-08-07 03:55:00
0.69,0.7098,45088,45343,256,REVERSE_SIGNAL,5.319,0.217,2.87,0.1,2.77,27.7,True,FILUSDT,2,TREND,BUY,45087,2026-08-08 01:40:00
0.7098,0.7136,45344,45619,276,REVERSE_SIGNAL,0.789,0.676,0.535,0.1,0.435,4.35,True,FILUSDT,2,FADE,BUY,45343,2026-08-08 23:00:00
0.7136,0.7032,45620,45633,14,REVERSE_SIGNAL,2.144,0.476,1.457,0.1,1.357,13.57,True,FILUSDT,2,FADE,SELL,45619,2026-08-09 22:00:00
0.7032,0.7078,45634,45957,324,REVERSE_SIGNAL,1.863,0.867,-0.654,0.1,-0.754,-7.54,False,FILUSDT,2,TREND,SELL,45633,2026-08-09 23:10:00
0.7078,0.6993,45958,46028,71,REVERSE_SIGNAL,1.625,0.268,1.201,0.1,1.101,11.01,True,FILUSDT,2,FADE,SELL,45957,2026-08-11 02:10:00
0.6993,0.7103,46029,46171,143,REVERSE_SIGNAL,1.673,1.873,1.573,0.1,1.473,14.73,True,FILUSDT,2,FADE,BUY,46028,2026-08-11 08:05:00
0.7103,0.7012,46172,46297,126,REVERSE_SIGNAL,1.366,1.014,1.281,0.1,1.181,11.81,True,FILUSDT,2,FADE,SELL,46171,2026-08-11 20:00:00
0.7012,0.6767,46298,46778,481,REVERSE_SIGNAL,6.318,0.884,3.494,0.1,3.394,33.94,True,FILUSDT,2,TREND,SELL,46297,2026-08-12 06:30:00
0.6767,0.6705,46779,46862,84,REVERSE_SIGNAL,1.241,0.31,0.916,0.1,0.816,8.16,True,FILUSDT,2,FADE,SELL,46778,2026-08-13 22:35:00
0.6705,0.6791,46863,47002,140,REVERSE_SIGNAL,1.581,1.372,1.283,0.1,1.183,11.83,True,FILUSDT,2,FADE,BUY,46862,2026-08-14 05:35:00
0.6791,0.6995,47003,47086,84,SL,1.384,3.078,-3.0,0.1,-3.1,-31.0,False,FILUSDT,2,FADE,SELL,47002,2026-08-14 17:15:00
0.6878,0.6946,47191,47239,49,REVERSE_SIGNAL,1.047,0.145,0.989,0.1,0.889,8.89,True,FILUSDT,2,FADE,BUY,47190,2026-08-15 08:55:00
0.6946,0.6864,47240,47302,63,REVERSE_SIGNAL,1.296,0.043,1.181,0.1,1.081,10.81,True,FILUSDT,2,FADE,SELL,47239,2026-08-15 13:00:00
0.6864,0.6817,47303,47491,189,REVERSE_SIGNAL,0.321,2.244,-0.685,0.1,-0.785,-7.85,False,FILUSDT,2,FADE,BUY,47302,2026-08-15 18:15:00
0.6817,0.6741,47492,47624,133,REVERSE_SIGNAL,1.57,0.469,1.115,0.1,1.015,10.15,True,FILUSDT,2,FADE,SELL,47491,2026-08-16 10:00:00
0.6741,0.6698,47625,47879,255,REVERSE_SIGNAL,2.566,0.193,0.638,0.1,0.538,5.38,True,FILUSDT,2,TREND,SELL,47624,2026-08-16 21:05:00
0.6698,0.6621,47880,47970,91,REVERSE_SIGNAL,1.807,1.06,1.15,0.1,1.05,10.5,True,FILUSDT,2,FADE,SELL,47879,2026-08-17 18:20:00
0.6621,0.6345,47971,48170,200,REVERSE_SIGNAL,8.231,0.06,4.169,0.1,4.069,40.69,True,FILUSDT,2,TREND,SELL,47970,2026-08-18 01:55:00
0.6345,0.6683,48171,48571,401,REVERSE_SIGNAL,10.26,1.592,5.327,0.1,5.227,52.27,True,FILUSDT,2,TREND,BUY,48170,2026-08-18 18:35:00
0.6683,0.6759,48572,48620,49,SL,0.135,1.496,-1.137,0.1,-1.237,-12.37,False,FILUSDT,2,TREND,SELL,48571,2026-08-20 04:00:00
0.6829,0.7919,48627,49164,538,REVERSE_SIGNAL,25.934,0.22,15.961,0.1,15.861,158.61,True,FILUSDT,2,TREND,BUY,48626,2026-08-20 08:35:00
0.7919,0.7646,49165,49524,360,REVERSE_SIGNAL,7.993,1.768,3.447,0.1,3.347,33.47,True,FILUSDT,2,TREND,SELL,49164,2026-08-22 05:25:00
0.7646,0.7484,49525,49698,174,SL,2.354,2.707,-2.119,0.1,-2.219,-22.19,False,FILUSDT,2,TREND,BUY,49524,2026-08-23 11:25:00
0.7574,0.7705,49702,49860,159,REVERSE_SIGNAL,2.139,1.901,-1.73,0.1,-1.83,-18.3,False,FILUSDT,2,TREND,SELL,49701,2026-08-24 02:10:00
0.7705,0.7514,49861,49884,24,SL,0.117,2.933,-2.479,0.1,-2.579,-25.79,False,FILUSDT,2,TREND,BUY,49860,2026-08-24 15:25:00
3.064,2.9721,182,571,390,SL,2.154,3.003,-3.0,0.1,-3.1,-31.0,False,INJUSDT,2,FADE,BUY,181,2026-03-05 03:30:00
2.841,2.798,1095,1191,97,REVERSE_SIGNAL,1.619,1.197,1.514,0.1,1.414,14.14,True,INJUSDT,2,FADE,SELL,1094,2026-03-08 07:35:00
2.798,2.849,1192,1333,142,REVERSE_SIGNAL,2.931,1.608,1.823,0.1,1.723,17.23,True,INJUSDT,2,FADE,BUY,1191,2026-03-08 15:40:00
2.849,2.942,1334,1836,503,REVERSE_SIGNAL,6.283,0.562,3.264,0.1,3.164,31.64,True,INJUSDT,2,TREND,BUY,1333,2026-03-09 03:30:00
2.942,2.968,1837,2018,182,REVERSE_SIGNAL,1.666,1.598,0.884,0.1,0.784,7.84,True,INJUSDT,2,FADE,BUY,1836,2026-03-10 21:25:00
2.968,2.957,2019,2219,201,REVERSE_SIGNAL,1.988,0.775,-0.371,0.1,-0.471,-4.71,False,INJUSDT,2,TREND,BUY,2018,2026-03-11 12:35:00
2.957,3.016,2220,2284,65,REVERSE_SIGNAL,2.232,0.0,1.995,0.1,1.895,18.95,True,INJUSDT,2,FADE,BUY,2219,2026-03-12 05:20:00
3.016,3.1065,2285,2447,163,SL,1.989,3.05,-3.0,0.1,-3.1,-31.0,False,INJUSDT,2,FADE,SELL,2284,2026-03-12 10:45:00
3.104,3.038,2694,3021,328,REVERSE_SIGNAL,3.254,0.483,2.126,0.1,2.026,20.26,True,INJUSDT,2,TREND,SELL,2693,2026-03-13 20:50:00
3.038,3.227,3022,3649,628,REVERSE_SIGNAL,9.941,0.724,6.221,0.1,6.121,61.21,True,INJUSDT,2,TREND,BUY,3021,2026-03-15 00:10:00
3.227,3.242,3650,3873,224,REVERSE_SIGNAL,0.837,0.961,0.465,0.1,0.365,3.65,True,INJUSDT,2,FADE,BUY,3649,2026-03-17 04:30:00
3.242,3.205,3874,4012,139,REVERSE_SIGNAL,1.357,0.956,1.141,0.1,1.041,10.41,True,INJUSDT,2,FADE,SELL,3873,2026-03-17 23:10:00
3.205,3.012,4013,4413,401,REVERSE_SIGNAL,8.019,0.281,6.022,0.1,5.922,59.22,True,INJUSDT,2,TREND,SELL,4012,2026-03-18 10:45:00
3.012,3.112,4414,4597,184,REVERSE_SIGNAL,7.769,0.1,3.32,0.1,3.22,32.2,True,INJUSDT,2,TREND,BUY,4413,2026-03-19 20:10:00
3.112,3.099,4598,4839,242,REVERSE_SIGNAL,0.643,2.024,-0.418,0.1,-0.518,-5.18,False,INJUSDT,2,FADE,BUY,4597,2026-03-20 11:30:00
3.099,3.031,4840,5034,195,REVERSE_SIGNAL,2.969,1.742,2.194,0.1,2.094,20.94,True,INJUSDT,2,FADE,SELL,4839,2026-03-21 07:40:00
3.031,2.9401,5035,5178,144,SL,0.99,3.035,-3.0,0.1,-3.1,-31.0,False,INJUSDT,2,FADE,BUY,5034,2026-03-21 23:55:00
2.991,2.9581,5386,5401,16,SL,0.0,1.17,-1.1,0.1,-1.2,-12.0,False,INJUSDT,2,TREND,BUY,5385,2026-03-23 05:10:00
2.937,3.046,5411,5457,47,REVERSE_SIGNAL,4.869,1.362,3.711,0.1,3.611,36.11,True,INJUSDT,2,FADE,BUY,5410,2026-03-23 07:15:00
3.046,3.043,5458,5806,349,REVERSE_SIGNAL,2.035,2.035,0.098,0.1,-0.002,-0.02,False,INJUSDT,2,FADE,SELL,5457,2026-03-23 11:10:00
3.043,3.044,5807,5880,74,REVERSE_SIGNAL,1.84,0.69,-0.033,0.1,-0.133,-1.33,False,INJUSDT,2,TREND,SELL,5806,2026-03-24 16:15:00
3.044,3.068,5881,6167,287,REVERSE_SIGNAL,0.23,2.76,-0.788,0.1,-0.888,-8.88,False,INJUSDT,2,FADE,SELL,5880,2026-03-24 22:25:00
3.068,3.0897,6168,6170,3,SL,0.0,0.717,-0.707,0.1,-0.807,-8.07,False,INJUSDT,2,TREND,SELL,6167,2026-03-25 22:20:00
2.973,2.929,6500,6586,87,REVERSE_SIGNAL,1.985,0.538,1.48,0.1,1.38,13.8,True,INJUSDT,2,FADE,SELL,6499,2026-03-27 02:00:00
2.929,2.882,6587,6856,270,REVERSE_SIGNAL,3.346,0.239,1.605,0.1,1.505,15.05,True,INJUSDT,2,TREND,SELL,6586,2026-03-27 09:15:00
2.882,2.862,6857,6904,48,REVERSE_SIGNAL,0.937,0.451,0.694,0.1,0.594,5.94,True,INJUSDT,2,FADE,SELL,6856,2026-03-28 07:45:00
2.862,2.8783,6905,6927,23,SL,0.384,1.468,-0.57,0.1,-0.67,-6.7,False,INJUSDT,2,TREND,SELL,6904,2026-03-28 11:45:00
2.903,2.869,6940,7027,88,REVERSE_SIGNAL,1.378,0.861,1.171,0.1,1.071,10.71,True,INJUSDT,2,FADE,SELL,6939,2026-03-28 14:40:00
2.869,2.824,7028,7314,287,REVERSE_SIGNAL,3.067,0.279,1.568,0.1,1.468,14.68,True,INJUSDT,2,TREND,SELL,7027,2026-03-28 22:00:00
2.824,2.7992,7315,7320,6,SL,0.035,0.885,-0.878,0.1,-0.978,-9.78,False,INJUSDT,2,TREND,BUY,7314,2026-03-29 21:55:00
2.785,2.851,7328,7363,36,REVERSE_SIGNAL,2.585,0.144,2.37,0.1,2.27,22.7,True,INJUSDT,2,FADE,BUY,7327,2026-03-29 23:00:00
2.851,2.881,7364,7553,190,REVERSE_SIGNAL,3.613,0.14,1.052,0.1,0.952,9.52,True,INJUSDT,2,TREND,BUY,7363,2026-03-30 02:00:00
2.881,2.897,7554,7649,96,REVERSE_SIGNAL,1.388,1.284,-0.555,0.1,-0.655,-6.55,False,INJUSDT,2,TREND,SELL,7553,2026-03-30 17:50:00
2.897,2.847,7650,7740,91,REVERSE_SIGNAL,1.899,0.38,1.726,0.1,1.626,16.26,True,INJUSDT,2,FADE,SELL,7649,2026-03-31 01:50:00
2.847,2.8927,7741,7795,55,SL,0.738,1.686,-1.605,0.1,-1.705,-17.05,False,INJUSDT,2,TREND,SELL,7740,2026-03-31 09:25:00
2.906,2.884,7834,8141,308,REVERSE_SIGNAL,1.824,1.961,0.757,0.1,0.657,6.57,True,INJUSDT,2,FADE,SELL,7833,2026-03-31 17:10:00
2.884,2.7975,8142,8227,86,SL,0.52,3.051,-3.0,0.1,-3.1,-31.0,False,INJUSDT,2,FADE,BUY,8141,2026-04-01 18:50:00
2.78,2.781,8526,8723,198,REVERSE_SIGNAL,0.108,2.482,-0.036,0.1,-0.136,-1.36,False,INJUSDT,2,FADE,SELL,8525,2026-04-03 02:50:00
2.781,2.808,8724,8877,154,REVERSE_SIGNAL,1.259,0.252,0.971,0.1,0.871,8.71,True,INJUSDT,2,FADE,BUY,8723,2026-04-03 19:20:00
2.808,2.797,8878,9097,220,REVERSE_SIGNAL,0.783,1.068,0.392,0.1,0.292,2.92,True,INJUSDT,2,FADE,SELL,8877,2026-04-04 08:10:00
2.797,2.8121,9098,9346,249,SL,1.859,0.858,-0.54,0.1,-0.64,-6.4,False,INJUSDT,2,TREND,SELL,9097,2026-04-05 02:30:00
2.819,2.896,9347,9611,265,REVERSE_SIGNAL,5.498,0.461,2.731,0.1,2.631,26.31,True,INJUSDT,2,TREND,BUY,9346,2026-04-05 23:15:00
2.896,2.872,9612,9752,141,REVERSE_SIGNAL,3.246,0.069,0.829,0.1,0.729,7.29,True,INJUSDT,2,TREND,SELL,9611,2026-04-06 21:20:00
2.872,2.8417,9753,9778,26,SL,0.487,1.079,-1.055,0.1,-1.155,-11.55,False,INJUSDT,2,TREND,BUY,9752,2026-04-07 09:05:00
2.812,2.876,9789,9883,95,REVERSE_SIGNAL,2.56,0.782,2.276,0.1,2.176,21.76,True,INJUSDT,2,FADE,BUY,9788,2026-04-07 12:05:00
2.876,2.967,9884,10100,217,REVERSE_SIGNAL,5.946,0.556,3.164,0.1,3.064,30.64,True,INJUSDT,2,TREND,BUY,9883,2026-04-07 20:00:00
2.967,2.922,10101,10323,223,REVERSE_SIGNAL,3.404,0.506,1.517,0.1,1.417,14.17,True,INJUSDT,2,TREND,SELL,10100,2026-04-08 14:05:00
2.922,3.0097,10324,10486,163,SL,0.89,3.799,-3.0,0.1,-3.1,-31.0,False,INJUSDT,2,FADE,SELL,10323,2026-04-09 08:40:00
3.018,3.031,10815,11005,191,REVERSE_SIGNAL,0.762,1.392,0.431,0.1,0.331,3.31,True,INJUSDT,2,FADE,BUY,10814,2026-04-11 01:35:00
3.031,3.002,11006,11083,78,REVERSE_SIGNAL,1.023,1.782,0.957,0.1,0.857,8.57,True,INJUSDT,2,FADE,SELL,11005,2026-04-11 17:30:00
3.002,2.933,11084,11301,218,REVERSE_SIGNAL,4.097,0.7,2.298,0.1,2.198,21.98,True,INJUSDT,2,TREND,SELL,11083,2026-04-12 00:00:00
2.933,2.9014,11302,11347,46,SL,0.102,1.398,-1.077,0.1,-1.177,-11.77,False,INJUSDT,2,TREND,BUY,11301,2026-04-12 18:10:00
2.888,2.9254,11366,11446,81,SL,0.069,1.524,-1.295,0.1,-1.395,-13.95,False,INJUSDT,2,TREND,SELL,11365,2026-04-12 23:30:00
2.947,3.005,11537,11752,216,REVERSE_SIGNAL,4.004,1.154,1.968,0.1,1.868,18.68,True,INJUSDT,2,TREND,BUY,11536,2026-04-13 13:45:00
3.005,3.004,11753,12004,252,REVERSE_SIGNAL,1.431,1.963,-0.033,0.1,-0.133,-1.33,False,INJUSDT,2,FADE,BUY,11752,2026-04-14 07:45:00
3.004,3.0941,12005,12125,121,SL,0.666,3.562,-3.0,0.1,-3.1,-31.0,False,INJUSDT,2,FADE,SELL,12004,2026-04-15 04:45:00
3.373,3.458,12608,12687,80,REVERSE_SIGNAL,2.668,0.415,2.52,0.1,2.42,24.2,True,INJUSDT,2,FADE,BUY,12607,2026-04-17 07:00:00
3.458,3.3762,12688,12762,75,SL,1.186,2.487,-2.366,0.1,-2.466,-24.66,False,INJUSDT,2,TREND,BUY,12687,2026-04-17 13:40:00
3.361,3.239,12770,13231,462,REVERSE_SIGNAL,6.129,0.863,3.63,0.1,3.53,35.3,True,INJUSDT,2,TREND,SELL,12769,2026-04-17 20:30:00
3.239,3.234,13232,13304,73,REVERSE_SIGNAL,3.118,0.525,-0.154,0.1,-0.254,-2.54,False,INJUSDT,2,TREND,BUY,13231,2026-04-19 11:00:00
3.234,3.271,13305,13440,136,REVERSE_SIGNAL,2.257,1.484,-1.144,0.1,-1.244,-12.44,False,INJUSDT,2,TREND,SELL,13304,2026-04-19 17:05:00
3.271,3.278,13441,13675,235,REVERSE_SIGNAL,1.773,2.751,-0.214,0.1,-0.314,-3.14,False,INJUSDT,2,FADE,SELL,13440,2026-04-20 04:25:00
3.278,3.302,13676,13788,113,REVERSE_SIGNAL,1.342,0.946,0.732,0.1,0.632,6.32,True,INJUSDT,2,FADE,BUY,13675,2026-04-21 00:00:00
3.302,3.257,13789,13838,50,REVERSE_SIGNAL,1.454,1.06,1.363,0.1,1.263,12.63,True,INJUSDT,2,FADE,SELL,13788,2026-04-21 09:25:00
3.257,3.272,13839,13971,133,REVERSE_SIGNAL,1.32,1.873,0.461,0.1,0.361,3.61,True,INJUSDT,2,FADE,BUY,13838,2026-04-21 13:35:00
3.272,3.305,13972,14234,263,REVERSE_SIGNAL,3.209,0.611,1.009,0.1,0.909,9.09,True,INJUSDT,2,TREND,BUY,13971,2026-04-22 00:40:00
3.305,3.315,14235,14430,196,REVERSE_SIGNAL,2.027,0.484,-0.303,0.1,-0.403,-4.03,False,INJUSDT,2,TREND,SELL,14234,2026-04-22 22:35:00
3.315,3.27,14431,14463,33,SL,1.176,1.659,-1.357,0.1,-1.457,-14.57,False,INJUSDT,2,TREND,BUY,14430,2026-04-23 14:55:00
3.504,3.5681,15066,15170,105,SL,0.143,1.941,-1.829,0.1,-1.929,-19.29,False,INJUSDT,2,TREND,SELL,15065,2026-04-25 19:50:00
3.574,3.655,15175,15293,119,REVERSE_SIGNAL,12.367,0.028,2.266,0.1,2.166,21.66,True,INJUSDT,2,TREND,BUY,15174,2026-04-26 04:55:00
3.655,3.6974,15294,15337,44,SL,0.766,1.176,-1.16,0.1,-1.26,-12.6,False,INJUSDT,2,TREND,SELL,15293,2026-04-26 14:50:00
3.756,3.679,15351,15488,138,REVERSE_SIGNAL,4.1,2.236,-2.05,0.1,-2.15,-21.5,False,INJUSDT,2,TREND,BUY,15350,2026-04-26 19:35:00
3.679,3.597,15489,15694,206,REVERSE_SIGNAL,4.512,0.979,2.229,0.1,2.129,21.29,True,INJUSDT,2,TREND,SELL,15488,2026-04-27 07:05:00
3.597,3.566,15695,15781,87,REVERSE_SIGNAL,1.39,1.696,0.862,0.1,0.762,7.62,True,INJUSDT,2,FADE,SELL,15694,2026-04-28 00:15:00
3.566,3.574,15782,15938,157,REVERSE_SIGNAL,1.626,2.664,0.224,0.1,0.124,1.24,True,INJUSDT,2,FADE,BUY,15781,2026-04-28 07:30:00
3.574,3.556,15939,16083,145,REVERSE_SIGNAL,1.567,0.783,-0.504,0.1,-0.604,-6.04,False,INJUSDT,2,TREND,BUY,15938,2026-04-28 20:35:00
3.556,3.5939,16084,16094,11,SL,0.225,1.209,-1.066,0.1,-1.166,-11.66,False,INJUSDT,2,TREND,SELL,16083,2026-04-29 08:40:00
3.48,3.434,16382,16485,104,REVERSE_SIGNAL,1.523,1.006,1.322,0.1,1.222,12.22,True,INJUSDT,2,FADE,SELL,16381,2026-04-30 09:30:00
3.434,3.476,16486,16598,113,REVERSE_SIGNAL,1.631,0.961,1.223,0.1,1.123,11.23,True,INJUSDT,2,FADE,BUY,16485,2026-04-30 18:10:00
3.476,3.736,16599,17157,559,REVERSE_SIGNAL,12.083,1.467,7.48,0.1,7.38,73.8,True,INJUSDT,2,TREND,BUY,16598,2026-05-01 03:35:00
3.736,3.788,17158,17305,148,REVERSE_SIGNAL,1.499,0.91,1.392,0.1,1.292,12.92,True,INJUSDT,2,FADE,BUY,17157,2026-05-03 02:10:00
3.788,3.726,17306,17422,117,REVERSE_SIGNAL,2.033,0.449,1.637,0.1,1.537,15.37,True,INJUSDT,2,FADE,SELL,17305,2026-05-03 14:30:00
3.726,3.7614,17423,17442,20,SL,0.429,1.422,-0.95,0.1,-1.05,-10.5,False,INJUSDT,2,TREND,SELL,17422,2026-05-04 00:15:00
3.794,3.699,17469,17544,76,REVERSE_SIGNAL,3.031,0.422,2.504,0.1,2.404,24.04,True,INJUSDT,2,FADE,SELL,17468,2026-05-04 04:05:00
3.699,3.735,17545,17799,255,REVERSE_SIGNAL,0.973,1.541,-0.973,0.1,-1.073,-10.73,False,INJUSDT,2,TREND,SELL,17544,2026-05-04 10:25:00
3.735,3.847,17800,17947,148,SL,1.044,3.695,-3.0,0.1,-3.1,-31.0,False,INJUSDT,2,FADE,SELL,17799,2026-05-05 07:40:00
3.834,3.887,18220,18375,156,REVERSE_SIGNAL,1.93,1.252,1.382,0.1,1.282,12.82,True,INJUSDT,2,FADE,BUY,18219,2026-05-06 18:40:00
3.887,3.819,18376,18474,99,REVERSE_SIGNAL,2.495,1.698,1.749,0.1,1.649,16.49,True,INJUSDT,2,FADE,SELL,18375,2026-05-07 07:40:00
3.819,3.904,18475,18625,151,REVERSE_SIGNAL,2.514,0.576,2.226,0.1,2.126,21.26,True,INJUSDT,2,FADE,BUY,18474,2026-05-07 15:55:00
3.904,4.0211,18626,18666,41,SL,1.178,3.458,-3.0,0.1,-3.1,-31.0,False,INJUSDT,2,FADE,SELL,18625,2026-05-08 04:30:00
4.227,4.1002,18990,19224,235,SL,1.23,3.217,-3.0,0.1,-3.1,-31.0,False,INJUSDT,2,FADE,BUY,18989,2026-05-09 10:50:00
4.176,4.215,19307,19468,162,REVERSE_SIGNAL,5.244,0.359,0.934,0.1,0.834,8.34,True,INJUSDT,2,TREND,BUY,19306,2026-05-10 13:15:00
4.215,4.332,19469,19534,66,REVERSE_SIGNAL,2.823,1.091,2.776,0.1,2.676,26.76,True,INJUSDT,2,FADE,BUY,19468,2026-05-11 02:45:00
4.332,5.371,19535,20210,676,REVERSE_SIGNAL,40.259,0.9,23.984,0.1,23.884,238.84,True,INJUSDT,2,TREND,BUY,19534,2026-05-11 08:15:00
5.371,5.286,20211,20429,219,REVERSE_SIGNAL,8.658,1.88,1.583,0.1,1.483,14.83,True,INJUSDT,2,TREND,SELL,20210,2026-05-13 16:35:00
5.286,4.985,20430,20656,227,REVERSE_SIGNAL,6.319,0.7,5.694,0.1,5.594,55.94,True,INJUSDT,2,FADE,SELL,20429,2026-05-14 10:50:00
4.985,4.8354,20657,20751,95,SL,4.433,3.29,-3.0,0.1,-3.1,-31.0,False,INJUSDT,2,FADE,BUY,20656,2026-05-15 05:45:00
4.701,4.653,21076,21185,110,REVERSE_SIGNAL,2.51,1.319,-1.021,0.1,-1.121,-11.21,False,INJUSDT,2,TREND,BUY,21075,2026-05-16 16:40:00
4.653,4.773,21186,21218,33,REVERSE_SIGNAL,2.665,0.838,2.579,0.1,2.479,24.79,True,INJUSDT,2,FADE,BUY,21185,2026-05-17 01:50:00
4.773,4.735,21219,21328,110,REVERSE_SIGNAL,4.253,1.236,-0.796,0.1,-0.896,-8.96,False,INJUSDT,2,TREND,BUY,21218,2026-05-17 04:35:00
4.735,4.702,21329,21606,278,REVERSE_SIGNAL,6.441,1.098,0.697,0.1,0.597,5.97,True,INJUSDT,2,TREND,SELL,21328,2026-05-17 13:45:00
4.702,4.8431,21607,21701,95,SL,3.318,3.275,-3.0,0.1,-3.1,-31.0,False,INJUSDT,2,FADE,SELL,21606,2026-05-18 12:55:00
5.006,5.08,21821,21943,123,REVERSE_SIGNAL,3.496,1.718,-1.478,0.1,-1.578,-15.78,False,INJUSDT,2,TREND,SELL,21820,2026-05-19 06:45:00
5.08,4.906,21944,21979,36,REVERSE_SIGNAL,4.075,0.039,3.425,0.1,3.325,33.25,True,INJUSDT,2,FADE,SELL,21943,2026-05-19 17:00:00
4.906,5.061,21980,22095,116,REVERSE_SIGNAL,3.322,0.652,3.159,0.1,3.059,30.59,True,INJUSDT,2,FADE,BUY,21979,2026-05-19 20:00:00
5.061,5.2128,22096,22210,115,SL,3.043,3.893,-3.0,0.1,-3.1,-31.0,False,INJUSDT,2,FADE,SELL,22095,2026-05-20 05:40:00
4.797,5.006,22292,22369,78,REVERSE_SIGNAL,1.105,4.565,-4.357,0.1,-4.457,-44.57,False,INJUSDT,2,TREND,SELL,22291,2026-05-20 22:00:00
5.006,4.8566,22370,22440,71,SL,0.499,3.456,-2.984,0.1,-3.084,-30.84,False,INJUSDT,2,TREND,BUY,22369,2026-05-21 04:30:00
5.083,5.259,22668,22711,44,REVERSE_SIGNAL,3.522,0.63,3.463,0.1,3.363,33.63,True,INJUSDT,2,FADE,BUY,22667,2026-05-22 05:20:00
5.259,5.1179,22712,22888,177,SL,7.53,3.366,-2.683,0.1,-2.783,-27.83,False,INJUSDT,2,TREND,BUY,22711,2026-05-22 09:00:00
5.171,5.087,22893,23051,159,REVERSE_SIGNAL,8.528,3.732,1.624,0.1,1.524,15.24,True,INJUSDT,2,TREND,SELL,22892,2026-05-23 00:05:00
5.087,5.217,23052,23211,160,REVERSE_SIGNAL,8.571,2.005,2.556,0.1,2.456,24.56,True,INJUSDT,2,TREND,BUY,23051,2026-05-23 13:20:00
5.217,5.268,23212,23399,188,REVERSE_SIGNAL,3.316,1.399,-0.978,0.1,-1.078,-10.78,False,INJUSDT,2,TREND,SELL,23211,2026-05-24 02:40:00
5.268,5.123,23400,23457,58,REVERSE_SIGNAL,3.948,0.323,2.752,0.1,2.652,26.52,True,INJUSDT,2,FADE,SELL,23399,2026-05-24 18:20:00
5.123,5.2115,23458,23528,71,SL,1.718,1.874,-1.728,0.1,-1.828,-18.28,False,INJUSDT,2,TREND,SELL,23457,2026-05-24 23:10:00
5.219,5.3756,23537,23596,60,SL,1.092,3.257,-3.0,0.1,-3.1,-31.0,False,INJUSDT,2,FADE,SELL,23536,2026-05-25 05:45:00
5.484,5.6605,23847,23881,35,SL,0.547,3.392,-3.218,0.1,-3.318,-33.18,False,INJUSDT,2,TREND,SELL,23846,2026-05-26 07:35:00
5.802,5.723,23894,24004,111,REVERSE_SIGNAL,5.188,4.068,-1.362,0.1,-1.462,-14.62,False,INJUSDT,2,TREND,BUY,23893,2026-05-26 11:30:00
5.723,5.8151,24005,24123,119,SL,3.355,1.765,-1.609,0.1,-1.709,-17.09,False,INJUSDT,2,TREND,SELL,24004,2026-05-26 20:45:00
5.821,5.654,24130,24156,27,SL,2.817,2.989,-2.869,0.1,-2.969,-29.69,False,INJUSDT,2,TREND,BUY,24129,2026-05-27 07:10:00
5.595,5.4271,24209,24303,95,SL,4.486,3.038,-3.0,0.1,-3.1,-31.0,False,INJUSDT,2,FADE,BUY,24208,2026-05-27 13:45:00
5.579,5.3963,24421,24432,12,SL,0.914,3.495,-3.275,0.1,-3.375,-33.75,False,INJUSDT,2,TREND,BUY,24420,2026-05-28 07:25:00
5.312,5.5019,24504,24544,41,SL,1.035,3.709,-3.575,0.1,-3.675,-36.75,False,INJUSDT,2,TREND,SELL,24503,2026-05-28 14:20:00
5.595,5.7629,24557,24679,123,SL,3.414,3.539,-3.0,0.1,-3.1,-31.0,False,INJUSDT,2,FADE,SELL,24556,2026-05-28 18:45:00
6.538,6.3419,25178,25386,209,SL,3.227,3.151,-3.0,0.1,-3.1,-31.0,False,INJUSDT,2,FADE,BUY,25177,2026-05-30 22:30:00
6.558,6.919,25474,25785,312,REVERSE_SIGNAL,11.985,2.348,5.505,0.1,5.405,54.05,True,INJUSDT,2,TREND,BUY,25473,2026-05-31 23:10:00
6.919,7.0765,25786,25802,17,SL,1.214,2.428,-2.276,0.1,-2.376,-23.76,False,INJUSDT,2,TREND,SELL,25785,2026-06-02 01:10:00
7.254,6.811,25815,25960,146,REVERSE_SIGNAL,7.031,1.089,6.107,0.1,6.007,60.07,True,INJUSDT,2,FADE,SELL,25814,2026-06-02 03:35:00
6.811,6.812,25961,26139,179,REVERSE_SIGNAL,7.224,3.201,-0.015,0.1,-0.115,-1.15,False,INJUSDT,2,TREND,SELL,25960,2026-06-02 15:45:00
6.812,6.4613,26140,26265,126,SL,2.422,5.461,-5.148,0.1,-5.248,-52.48,False,INJUSDT,2,TREND,BUY,26139,2026-06-03 06:40:00
6.502,6.3069,26271,26364,94,SL,4.183,3.061,-3.0,0.1,-3.1,-31.0,False,INJUSDT,2,FADE,BUY,26270,2026-06-03 17:35:00
5.253,4.869,26896,26979,84,REVERSE_SIGNAL,7.443,0.076,7.31,0.1,7.21,72.1,True,INJUSDT,2,FADE,SELL,26895,2026-06-05 21:40:00
4.869,5.1322,26980,26995,16,SL,0.678,6.264,-5.406,0.1,-5.506,-55.06,False,INJUSDT,2,TREND,SELL,26979,2026-06-06 04:40:00
5.285,5.0132,27026,27141,116,SL,2.725,5.279,-5.143,0.1,-5.243,-52.43,False,INJUSDT,2,TREND,BUY,27025,2026-06-06 08:30:00
5.047,5.283,27161,27227,67,REVERSE_SIGNAL,4.914,0.812,4.676,0.1,4.576,45.76,True,INJUSDT,2,FADE,BUY,27160,2026-06-06 19:45:00
5.283,5.189,27228,27343,116,REVERSE_SIGNAL,2.726,2.063,-1.779,0.1,-1.879,-18.79,False,INJUSDT,2,TREND,BUY,27227,2026-06-07 01:20:00
5.189,5.305,27344,27385,42,SL,2.004,2.679,-2.235,0.1,-2.335,-23.35,False,INJUSDT,2,TREND,SELL,27343,2026-06-07 11:00:00
5.346,5.535,27393,27793,401,REVERSE_SIGNAL,10.812,3.255,3.535,0.1,3.435,34.35,True,INJUSDT,2,TREND,BUY,27392,2026-06-07 15:05:00
5.535,5.7432,27794,27893,100,SL,1.951,3.776,-3.762,0.1,-3.862,-38.62,False,INJUSDT,2,TREND,SELL,27793,2026-06-09 00:30:00
5.72,5.5381,27896,27974,79,SL,2.115,3.531,-3.18,0.1,-3.28,-32.8,False,INJUSDT,2,TREND,BUY,27895,2026-06-09 09:00:00
5.493,5.3282,27985,28123,139,SL,3.605,3.004,-3.0,0.1,-3.1,-31.0,False,INJUSDT,2,FADE,BUY,27984,2026-06-09 16:25:00
5.326,5.1319,28269,28285,17,SL,0.0,3.661,-3.644,0.1,-3.744,-37.44,False,INJUSDT,2,TREND,BUY,28268,2026-06-10 16:05:00
4.995,5.1854,28328,28410,83,SL,2.242,8.549,-3.812,0.1,-3.912,-39.12,False,INJUSDT,2,TREND,SELL,28327,2026-06-10 21:00:00
5.208,5.054,28414,28570,157,REVERSE_SIGNAL,2.554,3.245,-2.957,0.1,-3.057,-30.57,False,INJUSDT,2,TREND,BUY,28413,2026-06-11 04:10:00
5.054,5.328,28571,28594,24,REVERSE_SIGNAL,6.549,0.0,5.421,0.1,5.321,53.21,True,INJUSDT,2,FADE,BUY,28570,2026-06-11 17:15:00
5.328,5.364,28595,28789,195,REVERSE_SIGNAL,5.8,1.351,0.676,0.1,0.576,5.76,True,INJUSDT,2,TREND,BUY,28594,2026-06-11 19:15:00
5.364,5.295,28790,29032,243,REVERSE_SIGNAL,6.394,1.603,1.286,0.1,1.186,11.86,True,INJUSDT,2,TREND,SELL,28789,2026-06-12 11:30:00
5.295,5.144,29033,29286,254,REVERSE_SIGNAL,1.114,2.984,-2.852,0.1,-2.952,-29.52,False,INJUSDT,2,TREND,BUY,29032,2026-06-13 07:45:00
5.144,4.9897,29287,29402,116,SL,0.719,3.188,-3.0,0.1,-3.1,-31.0,False,INJUSDT,2,FADE,BUY,29286,2026-06-14 04:55:00
5.217,5.3735,29488,29645,158,SL,2.722,4.811,-3.0,0.1,-3.1,-31.0,False,INJUSDT,2,FADE,SELL,29487,2026-06-14 21:40:00
5.624,5.4553,29995,30197,203,SL,2.151,3.947,-3.0,0.1,-3.1,-31.0,False,INJUSDT,2,FADE,BUY,29994,2026-06-16 15:55:00
5.335,5.1687,30625,30706,82,SL,1.612,4.292,-3.117,0.1,-3.217,-32.17,False,INJUSDT,2,TREND,BUY,30624,2026-06-18 20:25:00
5.099,5.14,30711,31032,322,REVERSE_SIGNAL,1.628,2.314,0.804,0.1,0.704,7.04,True,INJUSDT,2,FADE,BUY,30710,2026-06-19 03:35:00
5.14,5.0724,31033,31040,8,SL,0.0,1.401,-1.315,0.1,-1.415,-14.15,False,INJUSDT,2,TREND,BUY,31032,2026-06-20 06:25:00
4.96,5.074,31118,31230,113,REVERSE_SIGNAL,2.661,1.512,2.298,0.1,2.198,21.98,True,INJUSDT,2,FADE,BUY,31117,2026-06-20 13:30:00
5.074,4.99,31231,31384,154,REVERSE_SIGNAL,2.188,1.084,1.655,0.1,1.555,15.55,True,INJUSDT,2,FADE,SELL,31230,2026-06-20 22:55:00
4.99,4.8403,31385,31496,112,SL,0.721,4.87,-3.0,0.1,-3.1,-31.0,False,INJUSDT,2,FADE,BUY,31384,2026-06-21 11:45:00
4.972,4.8791,31557,31584,28,SL,0.563,1.951,-1.868,0.1,-1.968,-19.68,False,INJUSDT,2,TREND,BUY,31556,2026-06-22 02:05:00
4.824,4.6793,31723,31875,153,SL,1.866,3.918,-3.0,0.1,-3.1,-31.0,False,INJUSDT,2,FADE,BUY,31722,2026-06-22 15:55:00
4.26,4.1912,32514,32527,14,SL,0.023,1.737,-1.615,0.1,-1.715,-17.15,False,INJUSDT,2,TREND,BUY,32513,2026-06-25 09:50:00
4.138,4.2672,32606,32653,48,SL,0.121,3.335,-3.122,0.1,-3.222,-32.22,False,INJUSDT,2,TREND,SELL,32605,2026-06-25 17:30:00
4.316,4.1946,32688,32709,22,SL,0.324,3.174,-2.813,0.1,-2.913,-29.13,False,INJUSDT,2,TREND,BUY,32687,2026-06-26 00:20:00
4.846,4.9542,33118,33139,22,SL,0.083,2.291,-2.233,0.1,-2.333,-23.33,False,INJUSDT,2,TREND,SELL,33117,2026-06-27 12:10:00
4.657,4.656,33629,33942,314,REVERSE_SIGNAL,4.144,1.009,-0.021,0.1,-0.121,-1.21,False,INJUSDT,2,TREND,BUY,33628,2026-06-29 06:45:00
4.656,4.7317,33943,34158,216,SL,3.866,2.083,-1.626,0.1,-1.726,-17.26,False,INJUSDT,2,TREND,SELL,33942,2026-06-30 08:55:00
4.658,4.579,34161,34400,240,REVERSE_SIGNAL,4.68,1.868,-1.696,0.1,-1.796,-17.96,False,INJUSDT,2,TREND,BUY,34160,2026-07-01 03:05:00
4.579,4.648,34401,34573,173,REVERSE_SIGNAL,3.341,1.638,-1.507,0.1,-1.607,-16.07,False,INJUSDT,2,TREND,SELL,34400,2026-07-01 23:05:00
4.648,4.792,34574,35083,510,REVERSE_SIGNAL,6.476,1.355,3.098,0.1,2.998,29.98,True,INJUSDT,2,TREND,BUY,34573,2026-07-02 13:30:00
4.792,4.868,35084,35201,118,REVERSE_SIGNAL,1.92,0.981,1.586,0.1,1.486,14.86,True,INJUSDT,2,FADE,BUY,35083,2026-07-04 08:00:00
4.868,4.752,35202,35291,90,REVERSE_SIGNAL,2.486,0.247,2.383,0.1,2.283,22.83,True,INJUSDT,2,FADE,SELL,35201,2026-07-04 17:50:00
4.752,4.733,35292,35532,241,REVERSE_SIGNAL,3.388,0.989,0.4,0.1,0.3,3.0,True,INJUSDT,2,TREND,SELL,35291,2026-07-05 01:20:00
4.733,4.682,35533,35719,187,REVERSE_SIGNAL,3.528,1.416,-1.078,0.1,-1.178,-11.78,False,INJUSDT,2,TREND,BUY,35532,2026-07-05 21:25:00
4.682,4.928,35720,35769,50,REVERSE_SIGNAL,5.297,0.15,5.254,0.1,5.154,51.54,True,INJUSDT,2,FADE,BUY,35719,2026-07-06 13:00:00
4.928,4.787,35770,35879,110,REVERSE_SIGNAL,3.145,1.197,2.861,0.1,2.761,27.61,True,INJUSDT,2,FADE,SELL,35769,2026-07-06 17:10:00
4.787,4.8714,35880,36046,167,SL,2.507,1.943,-1.763,0.1,-1.863,-18.63,False,INJUSDT,2,TREND,SELL,35879,2026-07-07 02:20:00
4.867,4.7276,36047,36071,25,SL,0.431,3.226,-2.864,0.1,-2.964,-29.64,False,INJUSDT,2,TREND,BUY,36046,2026-07-07 16:15:00
4.698,4.689,36118,36422,305,REVERSE_SIGNAL,3.64,1.575,0.192,0.1,0.092,0.92,True,INJUSDT,2,TREND,SELL,36117,2026-07-07 22:10:00
4.689,4.843,36423,36726,304,REVERSE_SIGNAL,5.843,0.107,3.284,0.1,3.184,31.84,True,INJUSDT,2,TREND,BUY,36422,2026-07-08 23:35:00
4.843,4.93,36727,36840,114,REVERSE_SIGNAL,2.189,1.218,1.796,0.1,1.696,16.96,True,INJUSDT,2,FADE,BUY,36726,2026-07-10 00:55:00
4.93,5.0779,36841,37011,171,SL,2.941,3.124,-3.0,0.1,-3.1,-31.0,False,INJUSDT,2,FADE,SELL,36840,2026-07-10 10:25:00
4.957,4.931,37285,37585,301,REVERSE_SIGNAL,3.167,0.323,0.525,0.1,0.425,4.25,True,INJUSDT,2,TREND,SELL,37284,2026-07-11 23:25:00
4.931,4.8507,37586,37601,16,SL,0.203,1.906,-1.628,0.1,-1.728,-17.28,False,INJUSDT,2,TREND,BUY,37585,2026-07-13 00:30:00
4.769,4.6259,37608,37838,231,SL,0.587,3.313,-3.0,0.1,-3.1,-31.0,False,INJUSDT,2,FADE,BUY,37607,2026-07-13 02:20:00
4.734,4.967,37907,38216,310,REVERSE_SIGNAL,8.175,0.296,4.922,0.1,4.822,48.22,True,INJUSDT,2,TREND,BUY,37906,2026-07-14 03:15:00
4.967,5.02,38217,38292,76,REVERSE_SIGNAL,1.107,1.51,1.067,0.1,0.967,9.67,True,INJUSDT,2,FADE,BUY,38216,2026-07-15 05:05:00
5.02,5.059,38293,38560,268,REVERSE_SIGNAL,4.183,0.279,0.777,0.1,0.677,6.77,True,INJUSDT,2,TREND,BUY,38292,2026-07-15 11:25:00
5.059,4.939,38561,38856,296,REVERSE_SIGNAL,4.823,1.087,2.372,0.1,2.272,22.72,True,INJUSDT,2,TREND,SELL,38560,2026-07-16 09:45:00
4.939,4.8666,38857,38894,38,SL,0.992,1.478,-1.466,0.1,-1.566,-15.66,False,INJUSDT,2,TREND,BUY,38856,2026-07-17 10:25:00
5.07,5.136,39084,39181,98,REVERSE_SIGNAL,1.46,1.026,1.302,0.1,1.202,12.02,True,INJUSDT,2,FADE,BUY,39083,2026-07-18 05:20:00
5.136,5.091,39182,39351,170,REVERSE_SIGNAL,1.012,1.46,0.876,0.1,0.776,7.76,True,INJUSDT,2,FADE,SELL,39181,2026-07-18 13:30:00
5.091,5.103,39352,39522,171,REVERSE_SIGNAL,1.021,1.296,0.236,0.1,0.136,1.36,True,INJUSDT,2,FADE,BUY,39351,2026-07-19 03:40:00
5.103,5.0626,39523,39524,2,SL,0.02,1.019,-0.792,0.1,-0.892,-8.92,False,INJUSDT,2,TREND,BUY,39522,2026-07-19 17:55:00
5.283,5.382,40057,40208,152,REVERSE_SIGNAL,1.969,0.341,1.874,0.1,1.774,17.74,True,INJUSDT,2,FADE,BUY,40056,2026-07-21 14:25:00
5.382,5.212,40209,40247,39,REVERSE_SIGNAL,3.326,0.818,3.159,0.1,3.059,30.59,True,INJUSDT,2,FADE,SELL,40208,2026-07-22 03:05:00
5.212,5.18,40248,40570,323,REVERSE_SIGNAL,2.609,1.113,0.614,0.1,0.514,5.14,True,INJUSDT,2,TREND,SELL,40247,2026-07-22 06:20:00
5.18,5.103,40571,40678,108,REVERSE_SIGNAL,1.911,0.579,1.486,0.1,1.386,13.86,True,INJUSDT,2,FADE,SELL,40570,2026-07-23 09:15:00
5.103,5.216,40679,40749,71,REVERSE_SIGNAL,2.352,0.098,2.214,0.1,2.114,21.14,True,INJUSDT,2,FADE,BUY,40678,2026-07-23 18:15:00
5.216,5.226,40750,40906,157,REVERSE_SIGNAL,4.563,0.268,0.192,0.1,0.092,0.92,True,INJUSDT,2,TREND,BUY,40749,2026-07-24 00:10:00
5.226,5.242,40907,41055,149,REVERSE_SIGNAL,2.315,0.938,-0.306,0.1,-0.406,-4.06,False,INJUSDT,2,TREND,SELL,40906,2026-07-24 13:15:00
5.242,5.1644,41056,41131,76,SL,2.022,1.545,-1.48,0.1,-1.58,-15.8,False,INJUSDT,2,TREND,BUY,41055,2026-07-25 01:40:00
5.2,4.994,41139,41589,451,REVERSE_SIGNAL,6.846,0.846,3.962,0.1,3.862,38.62,True,INJUSDT,2,TREND,SELL,41138,2026-07-25 08:35:00
4.994,4.912,41590,41705,116,REVERSE_SIGNAL,0.761,1.942,-1.642,0.1,-1.742,-17.42,False,INJUSDT,2,TREND,BUY,41589,2026-07-26 22:10:00
4.912,4.7646,41706,41871,166,SL,1.16,3.094,-3.0,0.1,-3.1,-31.0,False,INJUSDT,2,FADE,BUY,41705,2026-07-27 07:50:00
4.615,4.7534,42308,42552,245,SL,2.839,3.142,-3.0,0.1,-3.1,-31.0,False,INJUSDT,2,FADE,SELL,42307,2026-07-29 10:00:00
4.843,4.87,42898,43065,168,REVERSE_SIGNAL,1.838,0.929,-0.558,0.1,-0.658,-6.58,False,INJUSDT,2,TREND,SELL,42897,2026-07-31 11:10:00
4.87,5.0161,43066,43562,497,SL,1.17,4.107,-3.0,0.1,-3.1,-31.0,False,INJUSDT,2,FADE,SELL,43065,2026-08-01 01:10:00
5.025,4.975,43656,43830,175,REVERSE_SIGNAL,2.468,0.338,0.995,0.1,0.895,8.95,True,INJUSDT,2,TREND,SELL,43655,2026-08-03 02:20:00
4.975,4.956,43831,43895,65,REVERSE_SIGNAL,0.905,1.367,0.382,0.1,0.282,2.82,True,INJUSDT,2,FADE,SELL,43830,2026-08-03 16:55:00
4.956,4.991,43896,43944,49,REVERSE_SIGNAL,1.009,0.726,0.706,0.1,0.606,6.06,True,INJUSDT,2,FADE,BUY,43895,2026-08-03 22:20:00
4.991,4.972,43945,44029,85,REVERSE_SIGNAL,0.561,0.902,0.381,0.1,0.281,2.81,True,INJUSDT,2,FADE,SELL,43944,2026-08-04 02:25:00
4.972,4.899,44030,44330,301,REVERSE_SIGNAL,3.278,0.141,1.468,0.1,1.368,13.68,True,INJUSDT,2,TREND,SELL,44029,2026-08-04 09:30:00
4.899,4.877,44331,44469,139,REVERSE_SIGNAL,1.082,1.694,0.449,0.1,0.349,3.49,True,INJUSDT,2,FADE,SELL,44330,2026-08-05 10:35:00
4.877,4.7307,44470,44527,58,SL,0.267,3.035,-3.0,0.1,-3.1,-31.0,False,INJUSDT,2,FADE,BUY,44469,2026-08-05 22:10:00
4.527,4.475,45076,45144,69,REVERSE_SIGNAL,1.259,1.016,1.149,0.1,1.049,10.49,True,INJUSDT,2,FADE,SELL,45075,2026-08-08 00:40:00
4.475,4.446,45145,45445,301,REVERSE_SIGNAL,0.603,2.972,-0.648,0.1,-0.748,-7.48,False,INJUSDT,2,FADE,BUY,45144,2026-08-08 06:25:00
4.446,4.377,45446,45628,183,REVERSE_SIGNAL,1.597,0.63,1.552,0.1,1.452,14.52,True,INJUSDT,2,FADE,SELL,45445,2026-08-09 07:30:00
4.377,4.416,45629,45712,84,REVERSE_SIGNAL,2.262,1.371,-0.891,0.1,-0.991,-9.91,False,INJUSDT,2,TREND,SELL,45628,2026-08-09 22:45:00
4.416,4.404,45713,45912,200,REVERSE_SIGNAL,1.019,2.627,0.272,0.1,0.172,1.72,True,INJUSDT,2,FADE,SELL,45712,2026-08-10 05:45:00
4.404,4.452,45913,45991,79,REVERSE_SIGNAL,0.976,1.226,-1.09,0.1,-1.19,-11.9,False,INJUSDT,2,TREND,SELL,45912,2026-08-10 22:25:00
4.452,4.548,45992,46374,383,REVERSE_SIGNAL,5.526,0.517,2.156,0.1,2.056,20.56,True,INJUSDT,2,TREND,BUY,45991,2026-08-11 05:00:00
4.548,4.617,46375,46442,68,REVERSE_SIGNAL,0.901,1.539,-1.517,0.1,-1.617,-16.17,False,INJUSDT,2,TREND,SELL,46374,2026-08-12 12:55:00
4.617,4.574,46443,46603,161,REVERSE_SIGNAL,0.953,1.494,0.931,0.1,0.831,8.31,True,INJUSDT,2,FADE,SELL,46442,2026-08-12 18:35:00
4.574,4.631,46604,46685,82,REVERSE_SIGNAL,1.596,0.875,1.246,0.1,1.146,11.46,True,INJUSDT,2,FADE,BUY,46603,2026-08-13 08:00:00
4.631,4.586,46686,46807,122,REVERSE_SIGNAL,1.166,0.281,0.972,0.1,0.872,8.72,True,INJUSDT,2,FADE,SELL,46685,2026-08-13 14:50:00
4.586,4.4484,46808,46929,122,SL,0.305,3.336,-3.0,0.1,-3.1,-31.0,False,INJUSDT,2,FADE,BUY,46807,2026-08-14 01:00:00
4.213,4.1724,47383,47389,7,SL,0.142,1.092,-0.964,0.1,-1.064,-10.64,False,INJUSDT,2,TREND,BUY,47382,2026-08-16 00:55:00
4.096,4.131,47448,47587,140,REVERSE_SIGNAL,1.392,1.074,0.854,0.1,0.754,7.54,True,INJUSDT,2,FADE,BUY,47447,2026-08-16 06:20:00
4.131,4.0907,47588,47617,30,SL,0.073,0.992,-0.976,0.1,-1.076,-10.76,False,INJUSDT,2,TREND,BUY,47587,2026-08-16 18:00:00
4.065,4.15,47625,47697,73,REVERSE_SIGNAL,2.14,0.836,2.091,0.1,1.991,19.91,True,INJUSDT,2,FADE,BUY,47624,2026-08-16 21:05:00
4.15,4.092,47698,47764,67,REVERSE_SIGNAL,2.12,0.94,1.398,0.1,1.298,12.98,True,INJUSDT,2,FADE,SELL,47697,2026-08-17 03:10:00
4.092,3.9692,47765,47982,218,SL,1.393,3.519,-3.0,0.1,-3.1,-31.0,False,INJUSDT,2,FADE,BUY,47764,2026-08-17 08:45:00
4.074,4.1962,48092,48318,227,SL,1.055,4.811,-3.0,0.1,-3.1,-31.0,False,INJUSDT,2,FADE,SELL,48091,2026-08-18 12:00:00
4.692,4.7764,48748,48778,31,SL,0.107,1.812,-1.799,0.1,-1.899,-18.99,False,INJUSDT,2,TREND,SELL,48747,2026-08-20 18:40:00
4.811,4.7311,48888,49161,274,SL,10.871,6.464,-1.661,0.1,-1.761,-17.61,False,INJUSDT,2,TREND,BUY,48887,2026-08-21 06:20:00
4.905,4.926,49168,49317,150,REVERSE_SIGNAL,4.016,1.937,-0.428,0.1,-0.528,-5.28,False,INJUSDT,2,TREND,SELL,49167,2026-08-22 05:40:00
4.926,4.788,49318,49447,130,REVERSE_SIGNAL,3.147,1.482,2.801,0.1,2.701,27.01,True,INJUSDT,2,FADE,SELL,49317,2026-08-22 18:10:00
4.788,4.9397,49448,49498,51,SL,1.232,3.175,-3.168,0.1,-3.268,-32.68,False,INJUSDT,2,TREND,SELL,49447,2026-08-23 05:00:00
4.985,5.956,49512,49999,488,REVERSE_SIGNAL,20.542,0.582,19.478,0.1,19.378,193.78,True,INJUSDT,2,TREND,BUY,49511,2026-08-23 10:20:00
9.253,9.4146,163,266,104,SL,0.854,2.032,-1.746,0.1,-1.846,-18.46,False,LINKUSDT,2,TREND,SELL,162,2026-03-05 01:50:00
9.426,9.2517,273,321,49,SL,0.594,1.888,-1.849,0.1,-1.949,-19.49,False,LINKUSDT,2,TREND,BUY,272,2026-03-05 11:00:00
9.116,8.8425,335,603,269,SL,2.216,3.521,-3.0,0.1,-3.1,-31.0,False,LINKUSDT,2,FADE,BUY,334,2026-03-05 16:10:00
8.682,8.6144,1124,1149,26,SL,1.048,0.841,-0.779,0.1,-0.879,-8.79,False,LINKUSDT,2,TREND,BUY,1123,2026-03-08 09:55:00
8.59,8.743,1171,1346,176,REVERSE_SIGNAL,2.445,2.375,1.781,0.1,1.681,16.81,True,LINKUSDT,2,FADE,BUY,1170,2026-03-08 13:50:00
8.743,9.0053,1347,1525,179,SL,1.155,3.946,-3.0,0.1,-3.1,-31.0,False,LINKUSDT,2,FADE,SELL,1346,2026-03-09 04:30:00
8.931,9.115,1754,2030,277,REVERSE_SIGNAL,2.788,0.773,2.06,0.1,1.96,19.6,True,LINKUSDT,2,FADE,BUY,1753,2026-03-10 14:25:00
9.115,8.947,2031,2177,147,REVERSE_SIGNAL,2.436,0.581,1.843,0.1,1.743,17.43,True,LINKUSDT,2,FADE,SELL,2030,2026-03-11 13:30:00
8.947,9.002,2178,2279,102,REVERSE_SIGNAL,1.107,1.352,0.615,0.1,0.515,5.15,True,LINKUSDT,2,FADE,BUY,2177,2026-03-12 01:45:00
9.002,9.2721,2280,2448,169,SL,1.233,3.455,-3.0,0.1,-3.1,-31.0,False,LINKUSDT,2,FADE,SELL,2279,2026-03-12 10:15:00
9.151,9.035,2657,2937,281,REVERSE_SIGNAL,2.612,0.514,1.268,0.1,1.168,11.68,True,LINKUSDT,2,TREND,SELL,2656,2026-03-13 17:40:00
9.035,9.189,2938,3190,253,REVERSE_SIGNAL,3.132,0.553,1.704,0.1,1.604,16.04,True,LINKUSDT,2,TREND,BUY,2937,2026-03-14 17:05:00
9.189,9.292,3191,3282,92,REVERSE_SIGNAL,1.589,0.816,1.121,0.1,1.021,10.21,True,LINKUSDT,2,FADE,BUY,3190,2026-03-15 14:10:00
9.292,9.771,3283,3659,377,REVERSE_SIGNAL,8.448,0.667,5.155,0.1,5.055,50.55,True,LINKUSDT,2,TREND,BUY,3282,2026-03-15 21:50:00
9.771,9.9005,3660,3776,117,SL,0.962,1.637,-1.325,0.1,-1.425,-14.25,False,LINKUSDT,2,TREND,SELL,3659,2026-03-17 05:15:00
9.876,9.732,3811,4016,206,REVERSE_SIGNAL,1.529,0.466,1.458,0.1,1.358,13.58,True,LINKUSDT,2,FADE,SELL,3810,2026-03-17 17:50:00
9.732,9.072,4017,4431,415,REVERSE_SIGNAL,8.683,0.503,6.782,0.1,6.682,66.82,True,LINKUSDT,2,TREND,SELL,4016,2026-03-18 11:00:00
9.072,9.007,4432,4648,217,REVERSE_SIGNAL,1.179,1.51,0.716,0.1,0.616,6.16,True,LINKUSDT,2,FADE,SELL,4431,2026-03-19 21:35:00
9.007,9.134,4649,4734,86,REVERSE_SIGNAL,1.71,0.611,1.41,0.1,1.31,13.1,True,LINKUSDT,2,FADE,BUY,4648,2026-03-20 15:40:00
9.134,9.059,4735,4931,197,REVERSE_SIGNAL,0.942,0.427,0.821,0.1,0.721,7.21,True,LINKUSDT,2,FADE,SELL,4734,2026-03-20 22:50:00
9.059,8.7872,4932,5035,104,SL,0.508,3.323,-3.0,0.1,-3.1,-31.0,False,LINKUSDT,2,FADE,BUY,4931,2026-03-21 15:15:00
9.132,9.097,5459,5814,356,REVERSE_SIGNAL,1.686,2.519,-0.383,0.1,-0.483,-4.83,False,LINKUSDT,2,TREND,BUY,5458,2026-03-23 11:10:00
9.097,9.18,5815,5865,51,REVERSE_SIGNAL,1.605,0.989,0.912,0.1,0.812,8.12,True,LINKUSDT,2,FADE,BUY,5814,2026-03-24 16:50:00
9.18,9.4554,5866,6038,173,SL,0.283,3.061,-3.0,0.1,-3.1,-31.0,False,LINKUSDT,2,FADE,SELL,5865,2026-03-24 21:05:00
9.241,8.964,6220,6500,281,REVERSE_SIGNAL,4.718,0.303,2.998,0.1,2.898,28.98,True,LINKUSDT,2,TREND,SELL,6219,2026-03-26 02:35:00
8.964,8.873,6501,6561,61,REVERSE_SIGNAL,1.394,0.156,1.015,0.1,0.915,9.15,True,LINKUSDT,2,FADE,SELL,6500,2026-03-27 02:00:00
8.873,8.591,6562,6856,295,REVERSE_SIGNAL,4.463,0.541,3.178,0.1,3.078,30.78,True,LINKUSDT,2,TREND,SELL,6561,2026-03-27 07:05:00
8.591,8.525,6857,6880,24,REVERSE_SIGNAL,0.838,0.221,0.768,0.1,0.668,6.68,True,LINKUSDT,2,FADE,SELL,6856,2026-03-28 07:40:00
8.525,8.605,6881,6932,52,REVERSE_SIGNAL,1.748,0.598,0.938,0.1,0.838,8.38,True,LINKUSDT,2,FADE,BUY,6880,2026-03-28 09:40:00
8.605,8.436,6933,7042,110,REVERSE_SIGNAL,2.801,1.023,1.964,0.1,1.864,18.64,True,LINKUSDT,2,FADE,SELL,6932,2026-03-28 14:00:00
8.436,8.553,7043,7365,323,REVERSE_SIGNAL,1.873,2.987,1.387,0.1,1.287,12.87,True,LINKUSDT,2,FADE,BUY,7042,2026-03-28 23:10:00
8.553,8.667,7366,7557,192,REVERSE_SIGNAL,4.373,0.246,1.333,0.1,1.233,12.33,True,LINKUSDT,2,TREND,BUY,7365,2026-03-30 02:05:00
8.667,8.8397,7558,7646,89,SL,1.177,2.169,-1.993,0.1,-2.093,-20.93,False,LINKUSDT,2,TREND,SELL,7557,2026-03-30 18:05:00
8.777,8.627,7650,7737,88,REVERSE_SIGNAL,1.8,0.501,1.709,0.1,1.609,16.09,True,LINKUSDT,2,FADE,SELL,7649,2026-03-31 01:45:00
8.627,8.7414,7738,7793,56,SL,1.495,1.333,-1.326,0.1,-1.426,-14.26,False,LINKUSDT,2,TREND,SELL,7737,2026-03-31 09:05:00
8.792,9.0558,7800,7995,196,SL,2.354,3.173,-3.0,0.1,-3.1,-31.0,False,LINKUSDT,2,FADE,SELL,7799,2026-03-31 14:15:00
8.935,8.64,8210,8411,202,REVERSE_SIGNAL,5.809,0.795,3.302,0.1,3.202,32.02,True,LINKUSDT,2,TREND,SELL,8209,2026-04-02 00:25:00
8.64,8.646,8412,8774,363,REVERSE_SIGNAL,1.412,1.933,-0.069,0.1,-0.169,-1.69,False,LINKUSDT,2,FADE,SELL,8411,2026-04-02 17:15:00
8.646,8.709,8775,8978,204,REVERSE_SIGNAL,0.856,0.474,0.729,0.1,0.629,6.29,True,LINKUSDT,2,FADE,BUY,8774,2026-04-03 23:30:00
8.709,8.657,8979,9097,119,REVERSE_SIGNAL,0.873,0.792,0.597,0.1,0.497,4.97,True,LINKUSDT,2,FADE,SELL,8978,2026-04-04 16:30:00
8.657,8.612,9098,9260,163,REVERSE_SIGNAL,0.243,2.149,-0.52,0.1,-0.62,-6.2,False,LINKUSDT,2,FADE,BUY,9097,2026-04-05 02:25:00
8.612,8.8704,9261,9350,90,SL,0.615,3.019,-3.0,0.1,-3.1,-31.0,False,LINKUSDT,2,FADE,SELL,9260,2026-04-05 16:00:00
8.954,8.861,9617,9756,140,REVERSE_SIGNAL,2.636,0.168,1.039,0.1,0.939,9.39,True,LINKUSDT,2,TREND,SELL,9616,2026-04-06 21:40:00
8.861,8.765,9757,9769,13,SL,0.192,1.298,-1.083,0.1,-1.183,-11.83,False,LINKUSDT,2,TREND,BUY,9756,2026-04-07 09:20:00
8.692,8.8236,9777,9897,121,SL,1.45,1.68,-1.514,0.1,-1.614,-16.14,False,LINKUSDT,2,TREND,SELL,9776,2026-04-07 11:00:00
8.832,9.003,9898,10106,209,REVERSE_SIGNAL,6.624,0.566,1.936,0.1,1.836,18.36,True,LINKUSDT,2,TREND,BUY,9897,2026-04-07 21:05:00
9.003,8.941,10107,10410,304,REVERSE_SIGNAL,3.554,1.233,0.689,0.1,0.589,5.89,True,LINKUSDT,2,TREND,SELL,10106,2026-04-08 14:30:00
8.941,8.999,10411,10858,448,REVERSE_SIGNAL,2.707,0.906,0.649,0.1,0.549,5.49,True,LINKUSDT,2,TREND,BUY,10410,2026-04-09 15:50:00
8.999,9.0966,10859,10996,138,SL,0.611,1.345,-1.085,0.1,-1.185,-11.85,False,LINKUSDT,2,TREND,SELL,10858,2026-04-11 05:10:00
9.104,9.043,10998,11084,87,REVERSE_SIGNAL,1.999,0.758,-0.67,0.1,-0.77,-7.7,False,LINKUSDT,2,TREND,BUY,10997,2026-04-11 16:45:00
9.043,8.815,11085,11340,256,REVERSE_SIGNAL,4.025,0.376,2.521,0.1,2.421,24.21,True,LINKUSDT,2,TREND,SELL,11084,2026-04-12 00:00:00
8.815,8.725,11341,11466,126,REVERSE_SIGNAL,1.237,0.204,1.021,0.1,0.921,9.21,True,LINKUSDT,2,FADE,SELL,11340,2026-04-12 21:20:00
8.725,8.864,11467,11548,82,REVERSE_SIGNAL,1.673,0.539,1.593,0.1,1.493,14.93,True,LINKUSDT,2,FADE,BUY,11466,2026-04-13 07:50:00
8.864,9.178,11549,11790,242,REVERSE_SIGNAL,6.442,1.038,3.542,0.1,3.442,34.42,True,LINKUSDT,2,TREND,BUY,11548,2026-04-13 14:40:00
9.178,9.137,11791,12090,300,REVERSE_SIGNAL,1.253,2.789,-0.447,0.1,-0.547,-5.47,False,LINKUSDT,2,FADE,BUY,11790,2026-04-14 10:50:00
9.137,9.431,12091,12568,478,REVERSE_SIGNAL,5.91,0.405,3.218,0.1,3.118,31.18,True,LINKUSDT,2,TREND,BUY,12090,2026-04-15 11:50:00
9.431,9.5288,12569,12626,58,SL,1.029,1.103,-1.037,0.1,-1.137,-11.37,False,LINKUSDT,2,TREND,SELL,12568,2026-04-17 03:40:00
9.528,9.8138,12630,12692,63,SL,0.819,3.107,-3.0,0.1,-3.1,-31.0,False,LINKUSDT,2,FADE,SELL,12629,2026-04-17 08:45:00
9.616,9.242,12822,13246,425,REVERSE_SIGNAL,5.418,0.322,3.889,0.1,3.789,37.89,True,LINKUSDT,2,TREND,SELL,12821,2026-04-18 00:45:00
9.242,9.138,13247,13321,75,REVERSE_SIGNAL,1.482,1.385,1.125,0.1,1.025,10.25,True,LINKUSDT,2,FADE,SELL,13246,2026-04-19 12:10:00
9.138,9.312,13322,13476,155,REVERSE_SIGNAL,2.418,1.587,1.904,0.1,1.804,18.04,True,LINKUSDT,2,FADE,BUY,13321,2026-04-19 18:25:00
9.312,9.342,13477,13938,462,REVERSE_SIGNAL,1.944,1.879,-0.322,0.1,-0.422,-4.22,False,LINKUSDT,2,FADE,SELL,13476,2026-04-20 07:20:00
9.342,9.394,13939,13988,50,REVERSE_SIGNAL,0.867,0.61,0.557,0.1,0.457,4.57,True,LINKUSDT,2,FADE,BUY,13938,2026-04-21 21:50:00
9.394,9.401,13989,14198,210,REVERSE_SIGNAL,1.725,0.096,0.075,0.1,-0.025,-0.25,False,LINKUSDT,2,TREND,BUY,13988,2026-04-22 02:00:00
9.401,9.282,14199,14403,205,REVERSE_SIGNAL,2.787,0.202,1.266,0.1,1.166,11.66,True,LINKUSDT,2,TREND,SELL,14198,2026-04-22 19:30:00
9.282,9.2059,14404,14463,60,SL,1.11,1.196,-0.82,0.1,-0.92,-9.2,False,LINKUSDT,2,TREND,BUY,14403,2026-04-23 12:35:00
9.243,9.367,14603,14678,76,REVERSE_SIGNAL,1.471,0.032,1.342,0.1,1.242,12.42,True,LINKUSDT,2,FADE,BUY,14602,2026-04-24 05:10:00
9.367,9.343,14679,15017,339,REVERSE_SIGNAL,0.843,0.811,0.256,0.1,0.156,1.56,True,LINKUSDT,2,FADE,SELL,14678,2026-04-24 11:30:00
9.343,9.401,15018,15181,164,REVERSE_SIGNAL,0.739,0.653,0.621,0.1,0.521,5.21,True,LINKUSDT,2,FADE,BUY,15017,2026-04-25 15:45:00
9.401,9.359,15182,15471,290,REVERSE_SIGNAL,0.766,1.989,0.447,0.1,0.347,3.47,True,LINKUSDT,2,FADE,SELL,15181,2026-04-26 05:25:00
9.359,9.296,15472,15689,218,REVERSE_SIGNAL,0.182,2.276,-0.673,0.1,-0.773,-7.73,False,LINKUSDT,2,FADE,BUY,15471,2026-04-27 05:35:00
9.296,9.227,15690,15781,92,REVERSE_SIGNAL,1.011,0.355,0.742,0.1,0.642,6.42,True,LINKUSDT,2,FADE,SELL,15689,2026-04-27 23:45:00
9.227,9.281,15782,16022,241,REVERSE_SIGNAL,0.878,0.943,0.585,0.1,0.485,4.85,True,LINKUSDT,2,FADE,BUY,15781,2026-04-28 07:25:00
9.281,9.268,16023,16132,110,REVERSE_SIGNAL,0.506,1.433,0.14,0.1,0.04,0.4,True,LINKUSDT,2,FADE,SELL,16022,2026-04-29 03:30:00
9.268,9.167,16133,16288,156,REVERSE_SIGNAL,3.927,0.151,1.09,0.1,0.99,9.9,True,LINKUSDT,2,TREND,SELL,16132,2026-04-29 12:40:00
9.167,9.0858,16289,16298,10,SL,0.196,1.015,-0.886,0.1,-0.986,-9.86,False,LINKUSDT,2,TREND,BUY,16288,2026-04-30 01:40:00
9.037,9.1215,16327,16362,36,SL,0.255,0.941,-0.935,0.1,-1.035,-10.35,False,LINKUSDT,2,TREND,SELL,16326,2026-04-30 04:50:00
9.136,9.126,16406,16803,398,REVERSE_SIGNAL,0.635,1.532,0.109,0.1,0.009,0.09,True,LINKUSDT,2,FADE,SELL,16405,2026-04-30 11:25:00
9.126,9.145,16804,17025,222,REVERSE_SIGNAL,0.23,0.723,0.208,0.1,0.108,1.08,True,LINKUSDT,2,FADE,BUY,16803,2026-05-01 20:35:00
9.145,9.107,17026,17148,123,REVERSE_SIGNAL,0.514,1.192,0.416,0.1,0.316,3.16,True,LINKUSDT,2,FADE,SELL,17025,2026-05-02 15:05:00
9.107,9.142,17149,17254,106,REVERSE_SIGNAL,0.472,0.483,0.384,0.1,0.284,2.84,True,LINKUSDT,2,FADE,BUY,17148,2026-05-03 01:20:00
9.142,9.106,17255,17428,174,REVERSE_SIGNAL,0.645,0.875,0.394,0.1,0.294,2.94,True,LINKUSDT,2,FADE,SELL,17254,2026-05-03 10:10:00
9.106,9.267,17429,17446,18,REVERSE_SIGNAL,2.108,0.022,1.768,0.1,1.668,16.68,True,LINKUSDT,2,FADE,BUY,17428,2026-05-04 00:40:00
9.267,9.545,17447,17535,89,SL,0.151,3.55,-3.0,0.1,-3.1,-31.0,False,LINKUSDT,2,FADE,SELL,17446,2026-05-04 02:10:00
9.323,9.478,17671,17738,68,REVERSE_SIGNAL,1.92,0.032,1.663,0.1,1.563,15.63,True,LINKUSDT,2,FADE,BUY,17670,2026-05-04 20:50:00
9.478,9.7623,17739,17854,116,SL,0.264,3.323,-3.0,0.1,-3.1,-31.0,False,LINKUSDT,2,FADE,SELL,17738,2026-05-05 02:30:00
9.969,10.062,18179,18368,190,REVERSE_SIGNAL,1.063,1.244,0.933,0.1,0.833,8.33,True,LINKUSDT,2,FADE,BUY,18178,2026-05-06 15:10:00
10.062,9.866,18369,18458,90,REVERSE_SIGNAL,1.998,0.666,1.948,0.1,1.848,18.48,True,LINKUSDT,2,FADE,SELL,18368,2026-05-07 07:00:00
9.866,9.941,18459,18717,259,REVERSE_SIGNAL,0.831,1.064,0.76,0.1,0.66,6.6,True,LINKUSDT,2,FADE,BUY,18458,2026-05-07 14:30:00
9.941,10.406,18718,19021,304,REVERSE_SIGNAL,6.689,0.624,4.678,0.1,4.578,45.78,True,LINKUSDT,2,TREND,BUY,18717,2026-05-08 12:05:00
10.406,10.412,19022,19136,115,REVERSE_SIGNAL,0.452,1.268,0.058,0.1,-0.042,-0.42,False,LINKUSDT,2,FADE,BUY,19021,2026-05-09 13:25:00
10.412,10.3678,19137,19139,3,SL,0.019,0.442,-0.425,0.1,-0.525,-5.25,False,LINKUSDT,2,TREND,BUY,19136,2026-05-09 23:00:00
10.293,10.451,19167,19240,74,REVERSE_SIGNAL,1.545,0.136,1.535,0.1,1.435,14.35,True,LINKUSDT,2,FADE,BUY,19166,2026-05-10 01:30:00
10.451,10.56,19241,19407,167,REVERSE_SIGNAL,4.009,0.421,1.043,0.1,0.943,9.43,True,LINKUSDT,2,TREND,BUY,19240,2026-05-10 07:40:00
10.56,10.634,19408,19658,251,REVERSE_SIGNAL,1.951,1.648,0.701,0.1,0.601,6.01,True,LINKUSDT,2,FADE,BUY,19407,2026-05-10 21:35:00
10.634,10.482,19659,19745,87,REVERSE_SIGNAL,2.304,0.668,1.429,0.1,1.329,13.29,True,LINKUSDT,2,FADE,SELL,19658,2026-05-11 18:30:00
10.482,10.1675,19746,19898,153,SL,0.372,3.034,-3.0,0.1,-3.1,-31.0,False,LINKUSDT,2,FADE,BUY,19745,2026-05-12 01:45:00
10.358,10.357,20026,20162,137,REVERSE_SIGNAL,4.287,0.656,-0.01,0.1,-0.11,-1.1,False,LINKUSDT,2,TREND,BUY,20025,2026-05-13 01:05:00
10.357,10.296,20163,20373,211,REVERSE_SIGNAL,3.148,0.145,0.589,0.1,0.489,4.89,True,LINKUSDT,2,TREND,SELL,20162,2026-05-13 12:30:00
10.296,10.1829,20374,20415,42,SL,0.262,1.166,-1.098,0.1,-1.198,-11.98,False,LINKUSDT,2,TREND,BUY,20373,2026-05-14 06:05:00
10.466,9.755,20607,21113,507,REVERSE_SIGNAL,8.188,0.344,6.793,0.1,6.693,66.93,True,LINKUSDT,2,TREND,SELL,20606,2026-05-15 01:30:00
9.755,9.679,21114,21179,66,REVERSE_SIGNAL,1.138,0.164,0.779,0.1,0.679,6.79,True,LINKUSDT,2,FADE,SELL,21113,2026-05-16 19:45:00
9.679,9.769,21180,21216,37,REVERSE_SIGNAL,0.971,0.589,0.93,0.1,0.83,8.3,True,LINKUSDT,2,FADE,BUY,21179,2026-05-17 01:15:00
9.769,9.712,21217,21357,141,REVERSE_SIGNAL,1.228,0.809,0.583,0.1,0.483,4.83,True,LINKUSDT,2,FADE,SELL,21216,2026-05-17 04:20:00
9.712,9.4206,21358,21448,91,SL,0.607,4.047,-3.0,0.1,-3.1,-31.0,False,LINKUSDT,2,FADE,BUY,21357,2026-05-17 16:05:00
9.587,9.376,21604,21633,30,REVERSE_SIGNAL,2.524,0.156,2.201,0.1,2.101,21.01,True,LINKUSDT,2,FADE,SELL,21603,2026-05-18 12:35:00
9.376,9.526,21634,21696,63,REVERSE_SIGNAL,1.749,0.832,1.6,0.1,1.5,15.0,True,LINKUSDT,2,FADE,BUY,21633,2026-05-18 15:05:00
9.526,9.599,21697,21862,166,REVERSE_SIGNAL,3.097,0.63,0.766,0.1,0.666,6.66,True,LINKUSDT,2,TREND,BUY,21696,2026-05-18 20:20:00
9.599,9.599,21863,22095,233,REVERSE_SIGNAL,2.365,0.26,0.0,0.1,-0.1,-1.0,False,LINKUSDT,2,TREND,SELL,21862,2026-05-19 10:10:00
9.599,9.635,22096,22405,310,REVERSE_SIGNAL,1.792,1.281,0.375,0.1,0.275,2.75,True,LINKUSDT,2,TREND,BUY,22095,2026-05-20 05:35:00
9.635,9.79,22406,22527,122,REVERSE_SIGNAL,1.796,1.277,1.609,0.1,1.509,15.09,True,LINKUSDT,2,FADE,BUY,22405,2026-05-21 07:25:00
9.79,9.763,22528,22803,276,REVERSE_SIGNAL,1.021,2.462,0.276,0.1,0.176,1.76,True,LINKUSDT,2,FADE,SELL,22527,2026-05-21 17:35:00
9.763,9.263,22804,23059,256,REVERSE_SIGNAL,7.467,0.942,5.121,0.1,5.021,50.21,True,LINKUSDT,2,TREND,SELL,22803,2026-05-22 16:35:00
9.263,9.483,23060,23349,290,REVERSE_SIGNAL,5.581,0.281,2.375,0.1,2.275,22.75,True,LINKUSDT,2,TREND,BUY,23059,2026-05-23 13:55:00
9.483,9.491,23350,23532,183,REVERSE_SIGNAL,2.541,0.274,-0.084,0.1,-0.184,-1.84,False,LINKUSDT,2,TREND,SELL,23349,2026-05-24 14:05:00
9.491,9.499,23533,23719,187,REVERSE_SIGNAL,1.865,0.158,0.084,0.1,-0.016,-0.16,False,LINKUSDT,2,TREND,BUY,23532,2026-05-25 05:20:00
9.499,9.538,23720,23824,105,REVERSE_SIGNAL,1.526,0.642,-0.411,0.1,-0.511,-5.11,False,LINKUSDT,2,TREND,SELL,23719,2026-05-25 20:55:00
9.538,9.4284,23825,23946,122,SL,1.51,1.447,-1.149,0.1,-1.249,-12.49,False,LINKUSDT,2,TREND,BUY,23824,2026-05-26 05:40:00
9.407,9.1248,23967,24320,354,SL,0.776,3.083,-3.0,0.1,-3.1,-31.0,False,LINKUSDT,2,FADE,BUY,23966,2026-05-26 17:30:00
9.006,8.951,24540,24675,136,REVERSE_SIGNAL,0.911,1.144,-0.611,0.1,-0.711,-7.11,False,LINKUSDT,2,TREND,BUY,24539,2026-05-28 17:15:00
8.951,9.053,24676,24810,135,REVERSE_SIGNAL,2.033,1.855,1.14,0.1,1.04,10.4,True,LINKUSDT,2,FADE,BUY,24675,2026-05-29 04:35:00
9.053,9.121,24811,25019,209,REVERSE_SIGNAL,1.535,2.839,-0.751,0.1,-0.851,-8.51,False,LINKUSDT,2,FADE,SELL,24810,2026-05-29 15:50:00
9.121,9.211,25020,25094,75,REVERSE_SIGNAL,1.25,0.164,0.987,0.1,0.887,8.87,True,LINKUSDT,2,FADE,BUY,25019,2026-05-30 09:15:00
9.211,9.096,25095,25368,274,REVERSE_SIGNAL,1.976,0.945,1.249,0.1,1.149,11.49,True,LINKUSDT,2,FADE,SELL,25094,2026-05-30 15:30:00
9.096,9.154,25369,25469,101,REVERSE_SIGNAL,1.231,0.748,-0.638,0.1,-0.738,-7.38,False,LINKUSDT,2,TREND,SELL,25368,2026-05-31 14:20:00
9.154,9.0628,25470,25506,37,SL,0.699,1.136,-0.996,0.1,-1.096,-10.96,False,LINKUSDT,2,TREND,BUY,25469,2026-05-31 22:45:00
8.971,9.075,25565,25718,154,REVERSE_SIGNAL,1.527,1.449,1.159,0.1,1.059,10.59,True,LINKUSDT,2,FADE,BUY,25564,2026-06-01 06:40:00
9.075,8.821,25719,25797,79,REVERSE_SIGNAL,3.019,0.187,2.799,0.1,2.699,26.99,True,LINKUSDT,2,FADE,SELL,25718,2026-06-01 19:30:00
8.821,8.5564,25798,25957,160,SL,2.369,3.152,-3.0,0.1,-3.1,-31.0,False,LINKUSDT,2,FADE,BUY,25797,2026-06-02 02:05:00
8.497,8.333,26136,26254,119,REVERSE_SIGNAL,2.189,1.4,1.93,0.1,1.83,18.3,True,LINKUSDT,2,FADE,SELL,26135,2026-06-03 06:15:00
8.333,7.492,26255,26899,645,REVERSE_SIGNAL,14.653,1.56,10.092,0.1,9.992,99.92,True,LINKUSDT,2,TREND,SELL,26254,2026-06-03 16:10:00
7.492,7.172,26900,26973,74,REVERSE_SIGNAL,4.285,0.04,4.271,0.1,4.171,41.71,True,LINKUSDT,2,FADE,SELL,26899,2026-06-05 21:55:00
7.172,7.4299,26974,27025,52,SL,2.579,4.127,-3.596,0.1,-3.696,-36.96,False,LINKUSDT,2,TREND,SELL,26973,2026-06-06 04:05:00
7.427,7.6498,27030,27274,245,SL,3.178,3.003,-3.0,0.1,-3.1,-31.0,False,LINKUSDT,2,FADE,SELL,27029,2026-06-06 08:45:00
7.57,7.871,27447,27481,35,REVERSE_SIGNAL,6.209,0.264,3.976,0.1,3.876,38.76,True,LINKUSDT,2,FADE,BUY,27446,2026-06-07 19:30:00
7.871,7.858,27482,27794,313,REVERSE_SIGNAL,3.202,1.969,-0.165,0.1,-0.265,-2.65,False,LINKUSDT,2,TREND,BUY,27481,2026-06-07 22:25:00
7.858,8.002,27795,27863,69,REVERSE_SIGNAL,2.087,0.865,1.833,0.1,1.733,17.33,True,LINKUSDT,2,FADE,BUY,27794,2026-06-09 00:30:00
8.002,7.858,27864,27923,60,REVERSE_SIGNAL,2.024,0.2,1.8,0.1,1.7,17.0,True,LINKUSDT,2,FADE,SELL,27863,2026-06-09 06:15:00
7.858,7.6223,27924,28188,265,SL,1.158,3.054,-3.0,0.1,-3.1,-31.0,False,LINKUSDT,2,FADE,BUY,27923,2026-06-09 11:15:00
7.894,7.575,28241,28328,88,REVERSE_SIGNAL,4.168,0.038,4.041,0.1,3.941,39.41,True,LINKUSDT,2,FADE,SELL,28240,2026-06-10 13:40:00
7.575,7.715,28329,28407,79,REVERSE_SIGNAL,2.099,1.307,1.848,0.1,1.748,17.48,True,LINKUSDT,2,FADE,BUY,28328,2026-06-10 21:00:00
7.715,7.691,28408,28571,164,REVERSE_SIGNAL,2.113,0.415,-0.311,0.1,-0.411,-4.11,False,LINKUSDT,2,TREND,BUY,28407,2026-06-11 03:35:00
7.691,7.8127,28572,28574,3,SL,0.13,2.431,-1.582,0.1,-1.682,-16.82,False,LINKUSDT,2,TREND,SELL,28571,2026-06-11 17:15:00
7.941,7.813,28584,28727,144,REVERSE_SIGNAL,1.7,0.491,1.612,0.1,1.512,15.12,True,LINKUSDT,2,FADE,SELL,28583,2026-06-11 18:15:00
7.813,7.897,28728,28763,36,SL,0.858,1.075,-1.075,0.1,-1.175,-11.75,False,LINKUSDT,2,TREND,SELL,28727,2026-06-12 06:15:00
7.921,7.911,28769,29286,518,REVERSE_SIGNAL,1.818,1.717,0.126,0.1,0.026,0.26,True,LINKUSDT,2,FADE,SELL,28768,2026-06-12 09:40:00
7.911,7.985,29287,29484,198,REVERSE_SIGNAL,1.112,1.669,0.935,0.1,0.835,8.35,True,LINKUSDT,2,FADE,BUY,29286,2026-06-14 04:50:00
7.985,8.342,29485,29783,299,REVERSE_SIGNAL,7.927,0.1,4.471,0.1,4.371,43.71,True,LINKUSDT,2,TREND,BUY,29484,2026-06-14 21:20:00
8.342,8.332,29784,29905,122,REVERSE_SIGNAL,2.374,0.012,0.12,0.1,0.02,0.2,True,LINKUSDT,2,TREND,SELL,29783,2026-06-15 22:15:00
8.332,8.2227,29906,29975,70,SL,1.728,1.992,-1.312,0.1,-1.412,-14.12,False,LINKUSDT,2,TREND,BUY,29905,2026-06-16 08:25:00
8.127,8.29,29979,30077,99,REVERSE_SIGNAL,2.732,0.049,2.006,0.1,1.906,19.06,True,LINKUSDT,2,FADE,BUY,29978,2026-06-16 14:30:00
8.29,8.2439,30078,30190,113,SL,1.484,0.579,-0.556,0.1,-0.656,-6.56,False,LINKUSDT,2,TREND,BUY,30077,2026-06-16 22:45:00
8.168,8.304,30197,30290,94,REVERSE_SIGNAL,2.436,1.139,1.665,0.1,1.565,15.65,True,LINKUSDT,2,FADE,BUY,30196,2026-06-17 08:40:00
8.304,8.032,30291,30331,41,REVERSE_SIGNAL,3.685,0.241,3.276,0.1,3.176,31.76,True,LINKUSDT,2,FADE,SELL,30290,2026-06-17 16:30:00
8.032,8.084,30332,30533,202,REVERSE_SIGNAL,1.843,1.245,-0.647,0.1,-0.747,-7.47,False,LINKUSDT,2,TREND,SELL,30331,2026-06-17 19:55:00
8.084,7.797,30534,30570,37,REVERSE_SIGNAL,3.723,0.507,3.55,0.1,3.45,34.5,True,LINKUSDT,2,FADE,SELL,30533,2026-06-18 12:45:00
7.797,7.979,30571,30640,70,REVERSE_SIGNAL,2.527,0.436,2.334,0.1,2.234,22.34,True,LINKUSDT,2,FADE,BUY,30570,2026-06-18 15:50:00
7.979,7.902,30641,30707,67,SL,0.765,2.043,-0.965,0.1,-1.065,-10.65,False,LINKUSDT,2,TREND,BUY,30640,2026-06-18 21:40:00
7.838,7.917,30717,30944,228,REVERSE_SIGNAL,1.416,0.982,1.008,0.1,0.908,9.08,True,LINKUSDT,2,FADE,BUY,30716,2026-06-19 04:00:00
7.917,7.879,30945,31119,175,REVERSE_SIGNAL,0.808,1.187,0.48,0.1,0.38,3.8,True,LINKUSDT,2,FADE,SELL,30944,2026-06-19 23:00:00
7.879,7.99,31120,31227,108,REVERSE_SIGNAL,1.701,0.774,1.409,0.1,1.309,13.09,True,LINKUSDT,2,FADE,BUY,31119,2026-06-20 13:35:00
7.99,7.885,31228,31494,267,REVERSE_SIGNAL,1.527,0.238,1.314,0.1,1.214,12.14,True,LINKUSDT,2,FADE,SELL,31227,2026-06-20 22:35:00
7.885,7.936,31495,31598,104,REVERSE_SIGNAL,1.687,1.56,0.647,0.1,0.547,5.47,True,LINKUSDT,2,FADE,BUY,31494,2026-06-21 20:50:00
7.936,7.907,31599,31758,160,REVERSE_SIGNAL,2.734,0.517,-0.365,0.1,-0.465,-4.65,False,LINKUSDT,2,TREND,BUY,31598,2026-06-22 05:30:00
7.907,7.6698,31759,31896,138,SL,0.354,3.503,-3.0,0.1,-3.1,-31.0,False,LINKUSDT,2,FADE,BUY,31758,2026-06-22 18:50:00
7.644,7.54,32182,32246,65,REVERSE_SIGNAL,1.452,0.105,1.361,0.1,1.261,12.61,True,LINKUSDT,2,FADE,SELL,32181,2026-06-24 06:05:00
7.54,7.6165,32247,32249,3,SL,0.027,2.095,-1.015,0.1,-1.115,-11.15,False,LINKUSDT,2,TREND,SELL,32246,2026-06-24 11:30:00
7.393,7.421,32360,32537,178,REVERSE_SIGNAL,2.097,0.46,0.379,0.1,0.279,2.79,True,LINKUSDT,2,TREND,BUY,32359,2026-06-24 20:55:00
7.421,7.4924,32538,32546,9,SL,0.485,1.105,-0.962,0.1,-1.062,-10.62,False,LINKUSDT,2,TREND,SELL,32537,2026-06-25 11:45:00
7.316,7.1702,32773,32804,32,SL,0.301,2.078,-1.993,0.1,-2.093,-20.93,False,LINKUSDT,2,TREND,BUY,32772,2026-06-26 07:20:00
7.181,7.2574,32817,32851,35,SL,1.81,1.253,-1.064,0.1,-1.164,-11.64,False,LINKUSDT,2,TREND,SELL,32816,2026-06-26 11:00:00
7.344,7.317,32879,33207,329,REVERSE_SIGNAL,0.817,1.757,0.368,0.1,0.268,2.68,True,LINKUSDT,2,FADE,SELL,32878,2026-06-26 16:10:00
7.317,7.359,33208,33589,382,REVERSE_SIGNAL,0.642,2.255,0.574,0.1,0.474,4.74,True,LINKUSDT,2,FADE,BUY,33207,2026-06-27 19:35:00
7.359,7.329,33590,33841,252,REVERSE_SIGNAL,2.242,1.902,0.408,0.1,0.308,3.08,True,LINKUSDT,2,FADE,SELL,33589,2026-06-29 03:25:00
7.329,7.1091,33842,34138,297,SL,0.068,3.534,-3.0,0.1,-3.1,-31.0,False,LINKUSDT,2,FADE,BUY,33841,2026-06-30 00:25:00
7.232,7.187,34164,34226,63,REVERSE_SIGNAL,0.857,1.493,0.622,0.1,0.522,5.22,True,LINKUSDT,2,FADE,SELL,34163,2026-07-01 03:15:00
7.187,7.368,34227,34294,68,REVERSE_SIGNAL,2.56,0.056,2.518,0.1,2.418,24.18,True,LINKUSDT,2,FADE,BUY,34226,2026-07-01 08:30:00
7.368,7.318,34295,34418,124,REVERSE_SIGNAL,0.964,2.239,0.679,0.1,0.579,5.79,True,LINKUSDT,2,FADE,SELL,34294,2026-07-01 14:10:00
7.318,7.4216,34419,34431,13,SL,0.232,1.421,-1.416,0.1,-1.516,-15.16,False,LINKUSDT,2,TREND,SELL,34418,2026-07-02 00:30:00
7.497,7.7219,34456,34562,107,SL,0.987,3.268,-3.0,0.1,-3.1,-31.0,False,LINKUSDT,2,FADE,SELL,34455,2026-07-02 03:35:00
7.699,7.809,34689,34723,35,REVERSE_SIGNAL,1.689,0.013,1.429,0.1,1.329,13.29,True,LINKUSDT,2,FADE,BUY,34688,2026-07-02 23:00:00
7.809,7.897,34724,35078,355,REVERSE_SIGNAL,1.076,2.92,-1.127,0.1,-1.227,-12.27,False,LINKUSDT,2,FADE,SELL,34723,2026-07-03 01:55:00
7.897,7.968,35079,35161,83,REVERSE_SIGNAL,1.266,0.291,0.899,0.1,0.799,7.99,True,LINKUSDT,2,FADE,BUY,35078,2026-07-04 07:30:00
7.968,7.992,35162,35267,106,REVERSE_SIGNAL,2.585,0.126,0.301,0.1,0.201,2.01,True,LINKUSDT,2,TREND,BUY,35161,2026-07-04 14:25:00
7.992,7.952,35268,35452,185,REVERSE_SIGNAL,1.977,0.3,0.501,0.1,0.401,4.01,True,LINKUSDT,2,TREND,SELL,35267,2026-07-04 23:15:00
7.952,7.96,35453,35626,174,REVERSE_SIGNAL,2.477,0.189,0.101,0.1,0.001,0.01,True,LINKUSDT,2,TREND,BUY,35452,2026-07-05 14:40:00
7.96,8.071,35627,35759,133,REVERSE_SIGNAL,1.533,2.563,1.394,0.1,1.294,12.94,True,LINKUSDT,2,FADE,BUY,35626,2026-07-06 05:10:00
8.071,7.921,35760,35882,123,REVERSE_SIGNAL,1.933,1.251,1.859,0.1,1.759,17.59,True,LINKUSDT,2,FADE,SELL,35759,2026-07-06 16:15:00
7.921,7.999,35883,36044,162,REVERSE_SIGNAL,1.616,1.262,-0.985,0.1,-1.085,-10.85,False,LINKUSDT,2,TREND,SELL,35882,2026-07-07 02:30:00
7.999,7.8772,36045,36082,38,SL,0.588,1.575,-1.523,0.1,-1.623,-16.23,False,LINKUSDT,2,TREND,BUY,36044,2026-07-07 16:00:00
7.882,7.6455,36102,36218,117,SL,0.381,3.007,-3.0,0.1,-3.1,-31.0,False,LINKUSDT,2,FADE,BUY,36101,2026-07-07 20:45:00
7.675,8.004,36488,37273,786,REVERSE_SIGNAL,5.759,0.287,4.287,0.1,4.187,41.87,True,LINKUSDT,2,TREND,BUY,36487,2026-07-09 04:55:00
8.004,8.03,37274,37338,65,REVERSE_SIGNAL,1.874,0.487,-0.325,0.1,-0.425,-4.25,False,LINKUSDT,2,TREND,SELL,37273,2026-07-11 22:25:00
8.03,7.95,37339,37559,221,REVERSE_SIGNAL,1.333,0.884,0.996,0.1,0.896,8.96,True,LINKUSDT,2,FADE,SELL,37338,2026-07-12 03:50:00
7.95,8.078,37560,37590,31,REVERSE_SIGNAL,2.314,0.113,1.61,0.1,1.51,15.1,True,LINKUSDT,2,FADE,BUY,37559,2026-07-12 22:15:00
8.078,7.9761,37591,37603,13,SL,0.384,1.386,-1.261,0.1,-1.361,-13.61,False,LINKUSDT,2,TREND,BUY,37590,2026-07-13 00:50:00
7.907,7.907,37637,37875,239,REVERSE_SIGNAL,1.328,1.505,0.0,0.1,-0.1,-1.0,False,LINKUSDT,2,FADE,BUY,37636,2026-07-13 04:40:00
7.907,8.1442,37876,38021,146,SL,0.594,3.01,-3.0,0.1,-3.1,-31.0,False,LINKUSDT,2,FADE,SELL,37875,2026-07-14 00:35:00
8.459,8.2052,38548,38801,254,SL,0.39,3.286,-3.0,0.1,-3.1,-31.0,False,LINKUSDT,2,FADE,BUY,38547,2026-07-16 08:35:00
8.246,8.314,38939,39533,595,REVERSE_SIGNAL,0.679,1.746,-0.825,0.1,-0.925,-9.25,False,LINKUSDT,2,FADE,SELL,38938,2026-07-17 17:10:00
8.314,8.418,39534,39597,64,REVERSE_SIGNAL,1.311,0.204,1.251,0.1,1.151,11.51,True,LINKUSDT,2,FADE,BUY,39533,2026-07-19 18:45:00
8.418,8.3134,39598,39674,77,SL,1.342,1.33,-1.243,0.1,-1.343,-13.43,False,LINKUSDT,2,TREND,BUY,39597,2026-07-20 00:05:00
8.305,8.477,39680,39736,57,REVERSE_SIGNAL,2.264,0.181,2.071,0.1,1.971,19.71,True,LINKUSDT,2,FADE,BUY,39679,2026-07-20 06:55:00
8.477,8.3536,39737,39763,27,SL,0.46,1.616,-1.456,0.1,-1.556,-15.56,False,LINKUSDT,2,TREND,BUY,39736,2026-07-20 11:40:00
8.628,8.712,40102,40178,77,REVERSE_SIGNAL,1.02,0.394,0.974,0.1,0.874,8.74,True,LINKUSDT,2,FADE,BUY,40101,2026-07-21 18:05:00
8.712,8.628,40179,40247,69,REVERSE_SIGNAL,1.022,0.367,0.964,0.1,0.864,8.64,True,LINKUSDT,2,FADE,SELL,40178,2026-07-22 00:30:00
8.628,8.709,40248,40361,114,REVERSE_SIGNAL,1.53,0.753,0.939,0.1,0.839,8.39,True,LINKUSDT,2,FADE,BUY,40247,2026-07-22 06:15:00
8.709,8.6102,40362,40394,33,SL,0.276,1.343,-1.134,0.1,-1.234,-12.34,False,LINKUSDT,2,TREND,BUY,40361,2026-07-22 15:45:00
8.598,8.619,40505,40578,74,REVERSE_SIGNAL,0.535,0.93,0.244,0.1,0.144,1.44,True,LINKUSDT,2,FADE,BUY,40504,2026-07-23 03:40:00
8.619,8.514,40579,40618,40,REVERSE_SIGNAL,1.323,0.441,1.218,0.1,1.118,11.18,True,LINKUSDT,2,FADE,SELL,40578,2026-07-23 09:50:00
8.514,8.541,40619,40836,218,REVERSE_SIGNAL,1.468,0.763,-0.317,0.1,-0.417,-4.17,False,LINKUSDT,2,TREND,SELL,40618,2026-07-23 13:10:00
8.541,8.37,40837,40905,69,REVERSE_SIGNAL,2.365,0.246,2.002,0.1,1.902,19.02,True,LINKUSDT,2,FADE,SELL,40836,2026-07-24 07:20:00
8.37,8.368,40906,41191,286,REVERSE_SIGNAL,0.346,1.29,-0.024,0.1,-0.124,-1.24,False,LINKUSDT,2,FADE,BUY,40905,2026-07-24 13:05:00
8.368,8.619,41192,41516,325,SL,0.359,3.047,-3.0,0.1,-3.1,-31.0,False,LINKUSDT,2,FADE,SELL,41191,2026-07-25 12:55:00
8.616,8.3575,41787,41896,110,SL,0.487,3.169,-3.0,0.1,-3.1,-31.0,False,LINKUSDT,2,FADE,BUY,41786,2026-07-27 14:30:00
8.374,8.327,42141,42236,96,REVERSE_SIGNAL,1.648,0.633,-0.561,0.1,-0.661,-6.61,False,LINKUSDT,2,TREND,BUY,42140,2026-07-28 20:00:00
8.327,8.464,42237,42309,73,REVERSE_SIGNAL,1.825,0.528,1.645,0.1,1.545,15.45,True,LINKUSDT,2,FADE,BUY,42236,2026-07-29 04:00:00
8.464,8.344,42310,42341,32,REVERSE_SIGNAL,1.524,0.012,1.418,0.1,1.318,13.18,True,LINKUSDT,2,FADE,SELL,42309,2026-07-29 10:05:00
8.344,8.4269,42342,42414,73,SL,1.282,1.163,-0.994,0.1,-1.094,-10.94,False,LINKUSDT,2,TREND,SELL,42341,2026-07-29 12:45:00
8.378,8.2726,42501,42557,57,SL,0.191,1.397,-1.258,0.1,-1.358,-13.58,False,LINKUSDT,2,TREND,BUY,42500,2026-07-30 02:00:00
8.278,8.373,42574,42597,24,REVERSE_SIGNAL,1.281,0.0,1.148,0.1,1.048,10.48,True,LINKUSDT,2,FADE,BUY,42573,2026-07-30 08:05:00
8.373,8.384,42598,42793,196,REVERSE_SIGNAL,1.971,0.167,0.131,0.1,0.031,0.31,True,LINKUSDT,2,TREND,BUY,42597,2026-07-30 10:05:00
8.384,8.232,42794,43079,286,REVERSE_SIGNAL,4.401,0.06,1.813,0.1,1.713,17.13,True,LINKUSDT,2,TREND,SELL,42793,2026-07-31 02:25:00
8.232,8.147,43080,43142,63,REVERSE_SIGNAL,1.081,0.146,1.033,0.1,0.933,9.33,True,LINKUSDT,2,FADE,SELL,43079,2026-08-01 02:15:00
8.147,7.9026,43143,43277,135,SL,0.037,3.179,-3.0,0.1,-3.1,-31.0,False,LINKUSDT,2,FADE,BUY,43142,2026-08-01 07:30:00
8.117,8.274,43354,43483,130,REVERSE_SIGNAL,3.684,0.062,1.934,0.1,1.834,18.34,True,LINKUSDT,2,TREND,BUY,43353,2026-08-02 01:05:00
8.274,8.333,43484,43578,95,REVERSE_SIGNAL,1.172,0.363,0.713,0.1,0.613,6.13,True,LINKUSDT,2,FADE,BUY,43483,2026-08-02 11:55:00
8.333,8.2852,43579,43665,87,SL,1.44,0.6,-0.574,0.1,-0.674,-6.74,False,LINKUSDT,2,TREND,BUY,43578,2026-08-02 19:50:00
8.264,8.304,43674,43803,130,REVERSE_SIGNAL,1.295,0.593,-0.484,0.1,-0.584,-5.84,False,LINKUSDT,2,TREND,SELL,43673,2026-08-03 03:45:00
8.304,8.176,43804,43905,102,REVERSE_SIGNAL,1.602,0.145,1.541,0.1,1.441,14.41,True,LINKUSDT,2,FADE,SELL,43803,2026-08-03 14:35:00
8.176,8.235,43906,44095,190,REVERSE_SIGNAL,1.052,0.783,0.722,0.1,0.622,6.22,True,LINKUSDT,2,FADE,BUY,43905,2026-08-03 23:05:00
8.235,8.135,44096,44211,116,REVERSE_SIGNAL,1.421,0.182,1.214,0.1,1.114,11.14,True,LINKUSDT,2,FADE,SELL,44095,2026-08-04 14:55:00
8.135,8.195,44212,44307,96,REVERSE_SIGNAL,0.811,0.59,0.738,0.1,0.638,6.38,True,LINKUSDT,2,FADE,BUY,44211,2026-08-05 00:35:00
8.195,8.132,44308,44514,207,REVERSE_SIGNAL,1.623,0.708,0.769,0.1,0.669,6.69,True,LINKUSDT,2,FADE,SELL,44307,2026-08-05 08:35:00
8.132,8.216,44515,44556,42,REVERSE_SIGNAL,1.144,0.48,1.033,0.1,0.933,9.33,True,LINKUSDT,2,FADE,BUY,44514,2026-08-06 01:50:00
8.216,8.1362,44557,44602,46,SL,0.0,1.485,-0.971,0.1,-1.071,-10.71,False,LINKUSDT,2,TREND,BUY,44556,2026-08-06 05:20:00
8.067,8.1879,44609,44667,59,SL,0.062,1.624,-1.499,0.1,-1.599,-15.99,False,LINKUSDT,2,TREND,SELL,44608,2026-08-06 09:40:00
8.228,8.1205,44674,44828,155,SL,1.349,1.544,-1.307,0.1,-1.407,-14.07,False,LINKUSDT,2,TREND,BUY,44673,2026-08-06 15:05:00
8.121,8.226,44829,44916,88,REVERSE_SIGNAL,1.515,0.099,1.293,0.1,1.193,11.93,True,LINKUSDT,2,FADE,BUY,44828,2026-08-07 04:00:00
8.226,8.178,44917,45047,131,REVERSE_SIGNAL,0.802,1.082,0.584,0.1,0.484,4.84,True,LINKUSDT,2,FADE,SELL,44916,2026-08-07 11:20:00
8.178,8.2271,45048,45110,63,SL,0.33,0.917,-0.6,0.1,-0.7,-7.0,False,LINKUSDT,2,TREND,SELL,45047,2026-08-07 22:15:00
8.24,8.296,45114,45347,234,REVERSE_SIGNAL,0.061,1.905,-0.68,0.1,-0.78,-7.8,False,LINKUSDT,2,FADE,SELL,45113,2026-08-08 03:45:00
8.296,8.343,45348,45441,94,REVERSE_SIGNAL,0.639,0.482,0.567,0.1,0.467,4.67,True,LINKUSDT,2,FADE,BUY,45347,2026-08-08 23:15:00
8.343,8.282,45442,45510,69,REVERSE_SIGNAL,0.827,0.156,0.731,0.1,0.631,6.31,True,LINKUSDT,2,FADE,SELL,45441,2026-08-09 07:05:00
8.282,8.336,45511,45549,39,REVERSE_SIGNAL,0.99,0.036,0.652,0.1,0.552,5.52,True,LINKUSDT,2,FADE,BUY,45510,2026-08-09 12:50:00
8.336,8.239,45550,45634,85,REVERSE_SIGNAL,1.5,0.624,1.164,0.1,1.064,10.64,True,LINKUSDT,2,FADE,SELL,45549,2026-08-09 16:05:00
8.239,8.301,45635,45779,145,REVERSE_SIGNAL,0.801,0.959,0.753,0.1,0.653,6.53,True,LINKUSDT,2,FADE,BUY,45634,2026-08-09 23:10:00
8.301,8.55,45780,46042,263,SL,1.181,3.18,-3.0,0.1,-3.1,-31.0,False,LINKUSDT,2,FADE,SELL,45779,2026-08-10 11:15:00
8.738,8.745,46451,46563,113,REVERSE_SIGNAL,1.659,0.458,-0.08,0.1,-0.18,-1.8,False,LINKUSDT,2,TREND,SELL,46450,2026-08-12 19:10:00
8.745,8.676,46564,46644,81,REVERSE_SIGNAL,0.846,0.778,0.789,0.1,0.689,6.89,True,LINKUSDT,2,FADE,SELL,46563,2026-08-13 04:35:00
8.676,8.7602,46645,46658,14,SL,0.058,1.06,-0.97,0.1,-1.07,-10.7,False,LINKUSDT,2,TREND,SELL,46644,2026-08-13 11:20:00
8.816,8.771,46672,46872,201,REVERSE_SIGNAL,1.588,0.998,0.51,0.1,0.41,4.1,True,LINKUSDT,2,FADE,SELL,46671,2026-08-13 13:35:00
8.771,8.866,46873,46948,76,REVERSE_SIGNAL,1.266,0.57,1.083,0.1,0.983,9.83,True,LINKUSDT,2,FADE,BUY,46872,2026-08-14 06:20:00
8.866,8.757,46949,46976,28,SL,0.079,1.229,-1.229,0.1,-1.329,-13.29,False,LINKUSDT,2,TREND,BUY,46948,2026-08-14 12:40:00
9.285,9.4528,47190,47237,48,SL,0.689,1.809,-1.807,0.1,-1.907,-19.07,False,LINKUSDT,2,TREND,SELL,47189,2026-08-15 08:45:00
9.474,9.432,47243,47375,133,REVERSE_SIGNAL,1.647,1.003,-0.443,0.1,-0.543,-5.43,False,LINKUSDT,2,TREND,BUY,47242,2026-08-15 13:10:00
9.432,9.449,47376,47610,235,REVERSE_SIGNAL,0.795,1.516,0.18,0.1,0.08,0.8,True,LINKUSDT,2,FADE,BUY,47375,2026-08-16 00:15:00
9.449,9.392,47611,47761,151,REVERSE_SIGNAL,1.217,1.228,0.603,0.1,0.503,5.03,True,LINKUSDT,2,FADE,SELL,47610,2026-08-16 19:50:00
9.392,9.495,47762,47796,35,REVERSE_SIGNAL,1.416,0.117,1.097,0.1,0.997,9.97,True,LINKUSDT,2,FADE,BUY,47761,2026-08-17 08:25:00
9.495,9.397,47797,47978,182,REVERSE_SIGNAL,1.085,0.79,1.032,0.1,0.932,9.32,True,LINKUSDT,2,FADE,SELL,47796,2026-08-17 11:20:00
9.397,9.522,47979,48149,171,REVERSE_SIGNAL,1.713,0.841,1.33,0.1,1.23,12.3,True,LINKUSDT,2,FADE,BUY,47978,2026-08-18 02:30:00
9.522,9.8077,48150,48339,190,SL,0.798,3.34,-3.0,0.1,-3.1,-31.0,False,LINKUSDT,2,FADE,SELL,48149,2026-08-18 16:45:00
11.819,11.61,49174,49551,378,REVERSE_SIGNAL,6.608,1.134,1.768,0.1,1.668,16.68,True,LINKUSDT,2,TREND,SELL,49173,2026-08-22 06:05:00
11.61,11.364,49552,49721,170,REVERSE_SIGNAL,3.196,1.111,2.119,0.1,2.019,20.19,True,LINKUSDT,2,FADE,SELL,49551,2026-08-23 13:35:00
11.364,11.5698,49722,49738,17,SL,0.194,2.094,-1.811,0.1,-1.911,-19.11,False,LINKUSDT,2,TREND,SELL,49721,2026-08-24 03:45:00
11.724,11.791,49816,49999,184,REVERSE_SIGNAL,2.729,2.525,-0.571,0.1,-0.671,-6.71,False,LINKUSDT,2,FADE,SELL,49815,2026-08-24 11:35:00
1.309,1.314,77,247,171,REVERSE_SIGNAL,5.042,1.681,-0.382,0.1,-0.482,-4.82,False,NEARUSDT,2,TREND,SELL,76,2026-03-04 18:40:00
1.314,1.257,248,350,103,REVERSE_SIGNAL,4.642,0.837,4.338,0.1,4.238,42.38,True,NEARUSDT,2,FADE,SELL,247,2026-03-05 08:55:00
1.257,1.2193,351,639,289,SL,3.341,3.58,-3.0,0.1,-3.1,-31.0,False,NEARUSDT,2,FADE,BUY,350,2026-03-05 17:30:00
1.23,1.207,926,953,28,REVERSE_SIGNAL,1.87,0.244,1.87,0.1,1.77,17.7,True,NEARUSDT,2,FADE,SELL,925,2026-03-07 17:25:00
1.207,1.227,954,1119,166,REVERSE_SIGNAL,1.74,1.16,1.657,0.1,1.557,15.57,True,NEARUSDT,2,FADE,BUY,953,2026-03-07 19:45:00
1.227,1.207,1120,1205,86,REVERSE_SIGNAL,2.037,2.282,1.63,0.1,1.53,15.3,True,NEARUSDT,2,FADE,SELL,1119,2026-03-08 09:35:00
1.207,1.2305,1206,1235,30,SL,0.083,2.486,-1.947,0.1,-2.047,-20.47,False,NEARUSDT,2,TREND,SELL,1205,2026-03-08 16:45:00
1.24,1.221,1337,1566,230,REVERSE_SIGNAL,3.387,1.855,-1.532,0.1,-1.632,-16.32,False,NEARUSDT,2,TREND,BUY,1336,2026-03-09 03:40:00
1.221,1.2524,1567,1610,44,SL,0.082,2.703,-2.572,0.1,-2.672,-26.72,False,NEARUSDT,2,TREND,SELL,1566,2026-03-09 22:50:00
1.269,1.274,1636,1840,205,REVERSE_SIGNAL,4.965,1.024,0.394,0.1,0.294,2.94,True,NEARUSDT,2,TREND,BUY,1635,2026-03-10 04:35:00
1.274,1.302,1841,2025,185,REVERSE_SIGNAL,2.512,0.706,2.198,0.1,2.098,20.98,True,NEARUSDT,2,FADE,BUY,1840,2026-03-10 21:40:00
1.302,1.2765,2026,2221,196,SL,1.613,1.997,-1.959,0.1,-2.059,-20.59,False,NEARUSDT,2,TREND,BUY,2025,2026-03-11 13:05:00
1.347,1.3066,2534,2849,316,SL,2.153,3.044,-3.0,0.1,-3.1,-31.0,False,NEARUSDT,2,FADE,BUY,2533,2026-03-13 07:25:00
1.319,1.444,3014,3657,644,REVERSE_SIGNAL,14.405,0.227,9.477,0.1,9.377,93.77,True,NEARUSDT,2,TREND,BUY,3013,2026-03-14 23:25:00
1.444,1.4007,3658,4051,394,SL,2.147,3.116,-3.0,0.1,-3.1,-31.0,False,NEARUSDT,2,FADE,BUY,3657,2026-03-17 05:05:00
1.356,1.331,4481,4614,134,REVERSE_SIGNAL,2.212,0.664,1.844,0.1,1.744,17.44,True,NEARUSDT,2,FADE,SELL,4480,2026-03-20 01:40:00
1.331,1.322,4615,4946,332,REVERSE_SIGNAL,2.029,0.977,0.676,0.1,0.576,5.76,True,NEARUSDT,2,TREND,SELL,4614,2026-03-20 12:50:00
1.322,1.284,4947,5034,88,REVERSE_SIGNAL,3.631,0.454,2.874,0.1,2.774,27.74,True,NEARUSDT,2,FADE,SELL,4946,2026-03-21 16:30:00
1.284,1.316,5035,5459,425,REVERSE_SIGNAL,3.738,2.648,2.492,0.1,2.392,23.92,True,NEARUSDT,2,FADE,BUY,5034,2026-03-21 23:50:00
1.316,1.299,5460,5757,298,REVERSE_SIGNAL,2.204,0.988,1.292,0.1,1.192,11.92,True,NEARUSDT,2,FADE,SELL,5459,2026-03-23 11:15:00
1.299,1.301,5758,6029,272,REVERSE_SIGNAL,0.539,2.694,0.154,0.1,0.054,0.54,True,NEARUSDT,2,FADE,BUY,5757,2026-03-24 12:05:00
1.301,1.275,6030,6127,98,REVERSE_SIGNAL,2.306,0.769,1.998,0.1,1.898,18.98,True,NEARUSDT,2,FADE,SELL,6029,2026-03-25 10:45:00
1.275,1.2367,6128,6253,126,SL,0.941,3.216,-3.0,0.1,-3.1,-31.0,False,NEARUSDT,2,FADE,BUY,6127,2026-03-25 18:55:00
1.231,1.2144,6482,6585,104,SL,0.731,1.381,-1.348,0.1,-1.448,-14.48,False,NEARUSDT,2,TREND,BUY,6481,2026-03-27 00:25:00
1.213,1.181,6597,6941,345,REVERSE_SIGNAL,4.369,0.082,2.638,0.1,2.538,25.38,True,NEARUSDT,2,TREND,SELL,6596,2026-03-27 10:00:00
1.181,1.17,6942,7054,113,REVERSE_SIGNAL,1.439,0.847,0.931,0.1,0.831,8.31,True,NEARUSDT,2,FADE,SELL,6941,2026-03-28 14:45:00
1.17,1.172,7055,7311,257,REVERSE_SIGNAL,0.598,1.966,0.171,0.1,0.071,0.71,True,NEARUSDT,2,FADE,BUY,7054,2026-03-29 00:10:00
1.172,1.2072,7312,7437,126,SL,3.669,3.157,-3.0,0.1,-3.1,-31.0,False,NEARUSDT,2,FADE,SELL,7311,2026-03-29 21:35:00
1.184,1.189,7515,7645,131,REVERSE_SIGNAL,3.041,0.507,-0.422,0.1,-0.522,-5.22,False,NEARUSDT,2,TREND,SELL,7514,2026-03-30 14:30:00
1.189,1.2247,7646,7996,351,SL,2.439,3.028,-3.0,0.1,-3.1,-31.0,False,NEARUSDT,2,FADE,SELL,7645,2026-03-31 01:25:00
1.192,1.1562,8184,8237,54,SL,1.091,3.02,-3.0,0.1,-3.1,-31.0,False,NEARUSDT,2,FADE,BUY,8183,2026-04-01 22:15:00
1.175,1.253,8538,9097,560,REVERSE_SIGNAL,9.532,0.17,6.638,0.1,6.538,65.38,True,NEARUSDT,2,TREND,BUY,8537,2026-04-03 03:45:00
1.253,1.2657,9098,9120,23,SL,0.08,1.038,-1.014,0.1,-1.114,-11.14,False,NEARUSDT,2,TREND,SELL,9097,2026-04-05 02:25:00
1.259,1.273,9362,9589,228,REVERSE_SIGNAL,3.415,0.397,1.112,0.1,1.012,10.12,True,NEARUSDT,2,TREND,BUY,9361,2026-04-06 00:25:00
1.273,1.25,9590,9761,172,REVERSE_SIGNAL,3.771,0.471,1.807,0.1,1.707,17.07,True,NEARUSDT,2,TREND,SELL,9589,2026-04-06 19:25:00
1.25,1.2356,9762,9772,11,SL,0.48,1.28,-1.152,0.1,-1.252,-12.52,False,NEARUSDT,2,TREND,BUY,9761,2026-04-07 09:45:00
1.222,1.268,9826,9884,59,REVERSE_SIGNAL,3.928,0.082,3.764,0.1,3.664,36.64,True,NEARUSDT,2,FADE,BUY,9825,2026-04-07 15:05:00
1.268,1.34,9885,10162,278,REVERSE_SIGNAL,9.7,0.473,5.678,0.1,5.578,55.78,True,NEARUSDT,2,TREND,BUY,9884,2026-04-07 20:00:00
1.34,1.3605,10163,10403,241,SL,1.567,1.716,-1.53,0.1,-1.63,-16.3,False,NEARUSDT,2,TREND,SELL,10162,2026-04-08 19:10:00
1.361,1.351,10406,10770,365,REVERSE_SIGNAL,2.425,1.323,-0.735,0.1,-0.835,-8.35,False,NEARUSDT,2,TREND,BUY,10405,2026-04-09 15:25:00
1.351,1.358,10771,10961,191,REVERSE_SIGNAL,0.962,1.628,0.518,0.1,0.418,4.18,True,NEARUSDT,2,FADE,BUY,10770,2026-04-10 21:50:00
1.358,1.345,10962,11105,144,REVERSE_SIGNAL,4.86,1.031,-0.957,0.1,-1.057,-10.57,False,NEARUSDT,2,TREND,BUY,10961,2026-04-11 13:45:00
1.345,1.346,11106,11287,182,REVERSE_SIGNAL,0.669,1.636,0.074,0.1,-0.026,-0.26,False,NEARUSDT,2,FADE,BUY,11105,2026-04-12 01:45:00
1.346,1.394,11288,11825,538,REVERSE_SIGNAL,6.835,0.371,3.566,0.1,3.466,34.66,True,NEARUSDT,2,TREND,BUY,11287,2026-04-12 16:55:00
1.394,1.372,11826,12086,261,REVERSE_SIGNAL,3.802,0.43,1.578,0.1,1.478,14.78,True,NEARUSDT,2,TREND,SELL,11825,2026-04-14 13:45:00
1.372,1.404,12087,12373,287,REVERSE_SIGNAL,5.102,0.146,2.332,0.1,2.232,22.32,True,NEARUSDT,2,TREND,BUY,12086,2026-04-15 11:30:00
1.404,1.431,12374,12475,102,REVERSE_SIGNAL,2.137,2.778,1.923,0.1,1.823,18.23,True,NEARUSDT,2,FADE,BUY,12373,2026-04-16 11:25:00
1.431,1.4004,12476,12581,106,SL,0.699,2.586,-2.138,0.1,-2.238,-22.38,False,NEARUSDT,2,TREND,BUY,12475,2026-04-16 19:55:00
1.394,1.43,12586,12698,113,REVERSE_SIGNAL,2.726,1.722,2.582,0.1,2.482,24.82,True,NEARUSDT,2,FADE,BUY,12585,2026-04-17 05:05:00
1.43,1.4003,12699,12813,115,SL,0.769,2.168,-2.077,0.1,-2.177,-21.77,False,NEARUSDT,2,TREND,BUY,12698,2026-04-17 14:30:00
1.392,1.3502,12819,13036,218,SL,2.083,3.089,-3.0,0.1,-3.1,-31.0,False,NEARUSDT,2,FADE,BUY,12818,2026-04-18 00:30:00
1.355,1.349,13240,13355,116,REVERSE_SIGNAL,2.435,1.033,-0.443,0.1,-0.543,-5.43,False,NEARUSDT,2,TREND,BUY,13239,2026-04-19 11:35:00
1.349,1.3612,13356,13436,81,SL,2.076,0.964,-0.904,0.1,-1.004,-10.04,False,NEARUSDT,2,TREND,SELL,13355,2026-04-19 21:15:00
1.357,1.3977,13512,13806,295,SL,1.769,3.021,-3.0,0.1,-3.1,-31.0,False,NEARUSDT,2,FADE,SELL,13511,2026-04-20 10:15:00
1.365,1.38,13840,13981,142,REVERSE_SIGNAL,1.612,1.172,1.099,0.1,0.999,9.99,True,NEARUSDT,2,FADE,BUY,13839,2026-04-21 13:35:00
1.38,1.4,13982,14253,272,REVERSE_SIGNAL,3.696,0.072,1.449,0.1,1.349,13.49,True,NEARUSDT,2,TREND,BUY,13981,2026-04-22 01:25:00
1.4,1.391,14254,14421,168,REVERSE_SIGNAL,0.571,2.214,-0.643,0.1,-0.743,-7.43,False,NEARUSDT,2,FADE,BUY,14253,2026-04-23 00:05:00
1.391,1.403,14422,14820,399,REVERSE_SIGNAL,1.078,2.948,-0.863,0.1,-0.963,-9.63,False,NEARUSDT,2,FADE,SELL,14421,2026-04-23 14:05:00
1.403,1.4156,14821,14873,53,SL,0.143,0.998,-0.898,0.1,-0.998,-9.98,False,NEARUSDT,2,TREND,SELL,14820,2026-04-24 23:20:00
1.404,1.389,15201,15284,84,REVERSE_SIGNAL,1.211,0.641,1.068,0.1,0.968,9.68,True,NEARUSDT,2,FADE,SELL,15200,2026-04-26 07:00:00
1.389,1.411,15285,15427,143,REVERSE_SIGNAL,1.728,0.792,1.584,0.1,1.484,14.84,True,NEARUSDT,2,FADE,BUY,15284,2026-04-26 14:00:00
1.411,1.3873,15428,15465,38,SL,0.0,1.772,-1.68,0.1,-1.78,-17.8,False,NEARUSDT,2,TREND,BUY,15427,2026-04-27 01:55:00
1.372,1.365,15474,15757,284,REVERSE_SIGNAL,2.405,0.729,0.51,0.1,0.41,4.1,True,NEARUSDT,2,TREND,SELL,15473,2026-04-27 05:45:00
1.365,1.3525,15758,15772,15,SL,0.0,1.099,-0.916,0.1,-1.016,-10.16,False,NEARUSDT,2,TREND,BUY,15757,2026-04-28 05:25:00
1.347,1.361,15799,16021,223,REVERSE_SIGNAL,1.114,1.411,1.039,0.1,0.939,9.39,True,NEARUSDT,2,FADE,BUY,15798,2026-04-28 08:50:00
1.361,1.3437,16022,16142,121,SL,0.955,1.396,-1.271,0.1,-1.371,-13.71,False,NEARUSDT,2,TREND,BUY,16021,2026-04-29 03:25:00
1.342,1.3017,16143,16197,55,SL,0.596,3.8,-3.0,0.1,-3.1,-31.0,False,NEARUSDT,2,FADE,BUY,16142,2026-04-29 13:30:00
1.339,1.3224,16290,16299,10,SL,0.149,1.27,-1.24,0.1,-1.34,-13.4,False,NEARUSDT,2,TREND,BUY,16289,2026-04-30 01:45:00
1.319,1.2794,16333,16837,505,SL,0.91,3.26,-3.0,0.1,-3.1,-31.0,False,NEARUSDT,2,FADE,BUY,16332,2026-04-30 05:20:00
1.297,1.2846,17076,17158,83,SL,0.463,1.311,-0.956,0.1,-1.056,-10.56,False,NEARUSDT,2,TREND,BUY,17075,2026-05-02 19:15:00
1.278,1.2946,17171,17452,282,SL,1.33,1.33,-1.299,0.1,-1.399,-13.99,False,NEARUSDT,2,TREND,SELL,17170,2026-05-03 03:10:00
1.293,1.273,17454,17529,76,REVERSE_SIGNAL,1.624,1.469,1.547,0.1,1.447,14.47,True,NEARUSDT,2,FADE,SELL,17453,2026-05-04 02:45:00
1.273,1.279,17530,17637,108,REVERSE_SIGNAL,0.943,2.278,0.471,0.1,0.371,3.71,True,NEARUSDT,2,FADE,BUY,17529,2026-05-04 09:05:00
1.279,1.266,17638,17724,87,REVERSE_SIGNAL,1.798,0.547,1.016,0.1,0.916,9.16,True,NEARUSDT,2,FADE,SELL,17637,2026-05-04 18:05:00
1.266,1.287,17725,17859,135,REVERSE_SIGNAL,1.975,0.79,1.659,0.1,1.559,15.59,True,NEARUSDT,2,FADE,BUY,17724,2026-05-05 01:20:00
1.287,1.3256,17860,18081,222,SL,1.943,3.186,-3.0,0.1,-3.1,-31.0,False,NEARUSDT,2,FADE,SELL,17859,2026-05-05 12:35:00
1.473,1.499,18404,18661,258,REVERSE_SIGNAL,2.105,1.494,1.765,0.1,1.665,16.65,True,NEARUSDT,2,FADE,BUY,18403,2026-05-07 09:55:00
1.499,1.57,18662,18985,324,REVERSE_SIGNAL,7.872,0.067,4.736,0.1,4.636,46.36,True,NEARUSDT,2,TREND,BUY,18661,2026-05-08 07:25:00
1.57,1.574,18986,19257,272,REVERSE_SIGNAL,1.401,1.656,0.255,0.1,0.155,1.55,True,NEARUSDT,2,FADE,BUY,18985,2026-05-09 10:25:00
1.574,1.5518,19258,19397,140,SL,3.621,2.541,-1.41,0.1,-1.51,-15.1,False,NEARUSDT,2,TREND,BUY,19257,2026-05-10 09:05:00
1.553,1.56,19402,19562,161,REVERSE_SIGNAL,2.447,2.254,-0.451,0.1,-0.551,-5.51,False,NEARUSDT,2,TREND,SELL,19401,2026-05-10 21:05:00
1.56,1.531,19563,19607,45,REVERSE_SIGNAL,2.692,0.256,1.859,0.1,1.759,17.59,True,NEARUSDT,2,FADE,SELL,19562,2026-05-11 10:30:00
1.531,1.557,19608,19685,78,REVERSE_SIGNAL,1.894,1.372,1.698,0.1,1.598,15.98,True,NEARUSDT,2,FADE,BUY,19607,2026-05-11 14:15:00
1.557,1.5291,19686,19739,54,SL,0.064,2.055,-1.792,0.1,-1.892,-18.92,False,NEARUSDT,2,TREND,BUY,19685,2026-05-11 20:45:00
1.514,1.5462,19746,19798,53,SL,0.264,2.378,-2.127,0.1,-2.227,-22.27,False,NEARUSDT,2,TREND,SELL,19745,2026-05-12 01:45:00
1.551,1.5268,19801,19874,74,SL,3.482,1.612,-1.56,0.1,-1.66,-16.6,False,NEARUSDT,2,TREND,BUY,19800,2026-05-12 06:20:00
1.542,1.632,19929,19953,25,REVERSE_SIGNAL,6.42,0.13,5.837,0.1,5.737,57.37,True,NEARUSDT,2,FADE,BUY,19928,2026-05-12 17:00:00
1.632,1.681,19954,20031,78,SL,3.309,3.248,-3.0,0.1,-3.1,-31.0,False,NEARUSDT,2,FADE,SELL,19953,2026-05-12 19:05:00
1.593,1.614,20129,20325,197,REVERSE_SIGNAL,2.385,2.762,1.318,0.1,1.218,12.18,True,NEARUSDT,2,FADE,BUY,20128,2026-05-13 09:40:00
1.614,1.549,20326,20343,18,REVERSE_SIGNAL,4.771,0.372,4.027,0.1,3.927,39.27,True,NEARUSDT,2,FADE,SELL,20325,2026-05-14 02:05:00
1.549,1.5911,20344,20472,129,SL,0.452,2.905,-2.718,0.1,-2.818,-28.18,False,NEARUSDT,2,TREND,SELL,20343,2026-05-14 03:35:00
1.599,1.572,20481,20593,113,REVERSE_SIGNAL,2.126,2.251,-1.689,0.1,-1.789,-17.89,False,NEARUSDT,2,TREND,BUY,20480,2026-05-14 15:00:00
1.572,1.5248,20594,20750,157,SL,1.336,3.244,-3.0,0.1,-3.1,-31.0,False,NEARUSDT,2,FADE,BUY,20593,2026-05-15 00:25:00
1.568,1.539,20799,20890,92,REVERSE_SIGNAL,2.487,0.446,1.849,0.1,1.749,17.49,True,NEARUSDT,2,FADE,SELL,20798,2026-05-15 17:30:00
1.539,1.5501,20891,20916,26,SL,0.26,0.91,-0.721,0.1,-0.821,-8.21,False,NEARUSDT,2,TREND,SELL,20890,2026-05-16 01:10:00
1.513,1.518,21217,21374,158,REVERSE_SIGNAL,3.04,0.463,0.33,0.1,0.23,2.3,True,NEARUSDT,2,TREND,BUY,21216,2026-05-17 04:20:00
1.518,1.5403,21375,21420,46,SL,0.461,1.91,-1.469,0.1,-1.569,-15.69,False,NEARUSDT,2,TREND,SELL,21374,2026-05-17 17:30:00
1.532,1.578,21604,21688,85,SL,3.068,3.198,-3.0,0.1,-3.1,-31.0,False,NEARUSDT,2,FADE,SELL,21603,2026-05-18 12:35:00
1.603,1.66,21876,21946,71,REVERSE_SIGNAL,3.743,1.435,3.556,0.1,3.456,34.56,True,NEARUSDT,2,FADE,BUY,21875,2026-05-19 11:15:00
1.66,1.616,21947,22005,59,REVERSE_SIGNAL,2.831,1.627,2.651,0.1,2.551,25.51,True,NEARUSDT,2,FADE,SELL,21946,2026-05-19 17:10:00
1.616,1.6423,22006,22099,94,SL,2.29,3.403,-1.627,0.1,-1.727,-17.27,False,NEARUSDT,2,TREND,SELL,22005,2026-05-19 22:05:00
1.662,1.7119,22100,22211,112,SL,2.106,3.069,-3.0,0.1,-3.1,-31.0,False,NEARUSDT,2,FADE,SELL,22099,2026-05-20 05:55:00
2.125,2.159,22835,23069,235,REVERSE_SIGNAL,5.412,2.494,-1.6,0.1,-1.7,-17.0,False,NEARUSDT,2,TREND,SELL,22834,2026-05-22 19:10:00
2.159,2.368,23070,23524,455,REVERSE_SIGNAL,16.211,0.093,9.68,0.1,9.58,95.8,True,NEARUSDT,2,TREND,BUY,23069,2026-05-23 14:45:00
2.368,2.4135,23525,23541,17,SL,0.549,1.985,-1.921,0.1,-2.021,-20.21,False,NEARUSDT,2,TREND,SELL,23524,2026-05-25 04:40:00
2.464,2.745,23602,23948,347,REVERSE_SIGNAL,20.86,1.664,11.404,0.1,11.304,113.04,True,NEARUSDT,2,TREND,BUY,23601,2026-05-25 11:05:00
2.745,2.616,23949,24231,283,REVERSE_SIGNAL,10.747,0.437,4.699,0.1,4.599,45.99,True,NEARUSDT,2,TREND,SELL,23948,2026-05-26 16:00:00
2.616,2.4781,24232,24323,92,SL,4.664,5.581,-5.271,0.1,-5.371,-53.71,False,NEARUSDT,2,TREND,BUY,24231,2026-05-27 15:35:00
2.488,2.42,24328,24564,237,REVERSE_SIGNAL,8.802,0.764,2.733,0.1,2.633,26.33,True,NEARUSDT,2,TREND,SELL,24327,2026-05-27 23:35:00
2.42,2.452,24565,24785,221,REVERSE_SIGNAL,6.405,2.686,1.322,0.1,1.222,12.22,True,NEARUSDT,2,TREND,BUY,24564,2026-05-28 19:20:00
2.452,2.5099,24786,24801,16,SL,1.672,2.569,-2.361,0.1,-2.461,-24.61,False,NEARUSDT,2,TREND,SELL,24785,2026-05-29 13:45:00
2.61,2.4464,24821,24878,58,SL,0.843,6.82,-6.268,0.1,-6.368,-63.68,False,NEARUSDT,2,TREND,BUY,24820,2026-05-29 16:40:00
2.387,2.415,24885,25027,143,REVERSE_SIGNAL,5.949,2.137,-1.173,0.1,-1.273,-12.73,False,NEARUSDT,2,TREND,SELL,24884,2026-05-29 22:00:00
2.415,2.3665,25028,25094,67,SL,1.159,2.319,-2.008,0.1,-2.108,-21.08,False,NEARUSDT,2,TREND,BUY,25027,2026-05-30 09:55:00
2.342,2.317,25105,25264,160,REVERSE_SIGNAL,5.081,0.64,1.067,0.1,0.967,9.67,True,NEARUSDT,2,TREND,SELL,25104,2026-05-30 16:20:00
2.317,2.266,25265,25336,72,REVERSE_SIGNAL,3.453,1.252,2.201,0.1,2.101,21.01,True,NEARUSDT,2,FADE,SELL,25264,2026-05-31 05:40:00
2.266,2.295,25337,25343,7,SL,0.088,1.456,-1.28,0.1,-1.38,-13.8,False,NEARUSDT,2,TREND,SELL,25336,2026-05-31 11:40:00
2.317,2.236,25355,25417,63,REVERSE_SIGNAL,3.625,1.511,3.496,0.1,3.396,33.96,True,NEARUSDT,2,FADE,SELL,25354,2026-05-31 13:10:00
2.236,2.32,25418,25459,42,REVERSE_SIGNAL,4.651,1.208,3.757,0.1,3.657,36.57,True,NEARUSDT,2,FADE,BUY,25417,2026-05-31 18:25:00
2.32,2.496,25460,25959,500,REVERSE_SIGNAL,18.879,2.716,7.586,0.1,7.486,74.86,True,NEARUSDT,2,TREND,BUY,25459,2026-05-31 21:55:00
2.496,2.6919,25960,26021,62,SL,1.683,8.694,-7.849,0.1,-7.949,-79.49,False,NEARUSDT,2,TREND,SELL,25959,2026-06-02 15:35:00
2.766,2.849,26032,26120,89,SL,8.388,3.615,-3.0,0.1,-3.1,-31.0,False,NEARUSDT,2,FADE,SELL,26031,2026-06-02 21:35:00
2.782,2.6985,26281,26365,85,SL,5.572,3.595,-3.0,0.1,-3.1,-31.0,False,NEARUSDT,2,FADE,BUY,26280,2026-06-03 18:20:00
1.944,1.8581,27236,27252,17,SL,0.566,4.733,-4.419,0.1,-4.519,-45.19,False,NEARUSDT,2,TREND,BUY,27235,2026-06-07 01:55:00
2.071,2.1799,27795,27858,64,SL,1.4,5.746,-5.258,0.1,-5.358,-53.58,False,NEARUSDT,2,TREND,SELL,27794,2026-06-09 00:30:00
2.179,2.093,27860,27961,102,SL,1.056,3.947,-3.947,0.1,-4.047,-40.47,False,NEARUSDT,2,TREND,BUY,27859,2026-06-09 05:55:00
2.071,2.1711,27982,28017,36,SL,1.111,4.925,-4.833,0.1,-4.933,-49.33,False,NEARUSDT,2,TREND,SELL,27981,2026-06-09 16:05:00
2.231,2.086,28040,28138,99,REVERSE_SIGNAL,6.499,1.3,6.499,0.1,6.399,63.99,True,NEARUSDT,2,FADE,SELL,28039,2026-06-09 20:55:00
2.086,2.1648,28139,28240,102,SL,4.458,3.979,-3.778,0.1,-3.878,-38.78,False,NEARUSDT,2,TREND,SELL,28138,2026-06-10 05:10:00
2.164,2.001,28242,28323,82,REVERSE_SIGNAL,7.856,0.046,7.532,0.1,7.432,74.32,True,NEARUSDT,2,FADE,SELL,28241,2026-06-10 13:45:00
2.001,2.055,28324,28423,100,REVERSE_SIGNAL,3.698,3.548,-2.699,0.1,-2.799,-27.99,False,NEARUSDT,2,TREND,SELL,28323,2026-06-10 20:35:00
2.055,1.9718,28424,28571,148,SL,1.363,4.477,-4.049,0.1,-4.149,-41.49,False,NEARUSDT,2,TREND,BUY,28423,2026-06-11 04:55:00
2.058,2.045,28859,29086,228,REVERSE_SIGNAL,4.13,0.583,0.632,0.1,0.532,5.32,True,NEARUSDT,2,TREND,SELL,28858,2026-06-12 17:10:00
2.045,2.09,29087,29381,295,REVERSE_SIGNAL,6.895,0.098,2.2,0.1,2.1,21.0,True,NEARUSDT,2,TREND,BUY,29086,2026-06-13 12:10:00
2.09,2.1272,29382,29475,94,SL,1.388,1.962,-1.78,0.1,-1.88,-18.8,False,NEARUSDT,2,TREND,SELL,29381,2026-06-14 12:45:00
2.169,2.385,29486,29794,309,REVERSE_SIGNAL,17.243,0.231,9.959,0.1,9.859,98.59,True,NEARUSDT,2,TREND,BUY,29485,2026-06-14 21:25:00
2.385,2.457,29795,29903,109,REVERSE_SIGNAL,3.312,1.929,3.019,0.1,2.919,29.19,True,NEARUSDT,2,FADE,BUY,29794,2026-06-15 23:10:00
2.457,2.3973,29904,29961,58,SL,4.274,2.686,-2.43,0.1,-2.53,-25.3,False,NEARUSDT,2,TREND,BUY,29903,2026-06-16 08:15:00
2.383,2.364,29971,30285,315,REVERSE_SIGNAL,5.329,0.629,0.797,0.1,0.697,6.97,True,NEARUSDT,2,TREND,SELL,29970,2026-06-16 13:50:00
2.364,2.244,30286,30332,47,REVERSE_SIGNAL,5.88,1.015,5.076,0.1,4.976,49.76,True,NEARUSDT,2,FADE,SELL,30285,2026-06-17 16:05:00
2.244,2.22,30333,30490,158,REVERSE_SIGNAL,4.278,1.292,1.07,0.1,0.97,9.7,True,NEARUSDT,2,TREND,SELL,30332,2026-06-17 20:00:00
2.22,2.2866,30491,30541,51,SL,1.622,3.604,-3.0,0.1,-3.1,-31.0,False,NEARUSDT,2,FADE,SELL,30490,2026-06-18 09:10:00
2.173,2.2503,30598,30674,77,SL,0.598,3.59,-3.557,0.1,-3.657,-36.57,False,NEARUSDT,2,TREND,SELL,30597,2026-06-18 18:05:00
2.164,2.139,30843,31085,243,REVERSE_SIGNAL,1.294,2.126,-1.155,0.1,-1.255,-12.55,False,NEARUSDT,2,TREND,BUY,30842,2026-06-19 14:30:00
2.139,2.1634,31086,31133,48,SL,2.01,1.309,-1.141,0.1,-1.241,-12.41,False,NEARUSDT,2,TREND,SELL,31085,2026-06-20 10:45:00
2.176,2.177,31163,31400,238,REVERSE_SIGNAL,4.733,1.976,0.046,0.1,-0.054,-0.54,False,NEARUSDT,2,TREND,BUY,31162,2026-06-20 17:10:00
2.177,2.177,31401,31565,165,REVERSE_SIGNAL,4.134,1.516,0.0,0.1,-0.1,-1.0,False,NEARUSDT,2,TREND,SELL,31400,2026-06-21 13:00:00
2.177,2.127,31566,31735,170,REVERSE_SIGNAL,3.032,0.965,2.297,0.1,2.197,21.97,True,NEARUSDT,2,FADE,SELL,31565,2026-06-22 02:45:00
2.127,1.963,31736,32368,633,REVERSE_SIGNAL,12.694,0.893,7.71,0.1,7.61,76.1,True,NEARUSDT,2,TREND,SELL,31735,2026-06-22 16:55:00
1.963,1.934,32369,32531,163,REVERSE_SIGNAL,1.834,0.866,1.477,0.1,1.377,13.77,True,NEARUSDT,2,FADE,SELL,32368,2026-06-24 21:40:00
1.934,1.854,32532,32771,240,REVERSE_SIGNAL,9.204,0.827,4.137,0.1,4.037,40.37,True,NEARUSDT,2,TREND,SELL,32531,2026-06-25 11:15:00
1.854,1.788,32772,32824,53,REVERSE_SIGNAL,4.153,0.216,3.56,0.1,3.46,34.6,True,NEARUSDT,2,FADE,SELL,32771,2026-06-26 07:15:00
1.788,1.836,32825,33137,313,REVERSE_SIGNAL,3.188,2.069,2.685,0.1,2.585,25.85,True,NEARUSDT,2,FADE,BUY,32824,2026-06-26 11:40:00
1.836,1.855,33138,33341,204,REVERSE_SIGNAL,6.427,0.272,1.035,0.1,0.935,9.35,True,NEARUSDT,2,TREND,BUY,33137,2026-06-27 13:45:00
1.855,1.858,33342,33628,287,REVERSE_SIGNAL,1.995,2.911,0.162,0.1,0.062,0.62,True,NEARUSDT,2,FADE,BUY,33341,2026-06-28 06:45:00
1.858,1.9137,33629,33765,137,SL,2.476,3.122,-3.0,0.1,-3.1,-31.0,False,NEARUSDT,2,FADE,SELL,33628,2026-06-29 06:40:00
1.838,1.7829,33845,33989,145,SL,2.013,3.482,-3.0,0.1,-3.1,-31.0,False,NEARUSDT,2,FADE,BUY,33844,2026-06-30 00:40:00
1.838,1.7801,34171,34224,54,SL,0.871,3.264,-3.15,0.1,-3.25,-32.5,False,NEARUSDT,2,TREND,BUY,34170,2026-07-01 03:50:00
1.778,1.8188,34227,34294,68,SL,0.619,3.15,-2.295,0.1,-2.395,-23.95,False,NEARUSDT,2,TREND,SELL,34226,2026-07-01 08:30:00
1.843,1.805,34304,34409,106,REVERSE_SIGNAL,2.279,1.845,2.062,0.1,1.962,19.62,True,NEARUSDT,2,FADE,SELL,34303,2026-07-01 14:55:00
1.805,1.898,34410,34430,21,REVERSE_SIGNAL,5.873,0.277,5.152,0.1,5.052,50.52,True,NEARUSDT,2,FADE,BUY,34409,2026-07-01 23:45:00
1.898,1.9549,34431,34562,132,SL,1.423,3.003,-3.0,0.1,-3.1,-31.0,False,NEARUSDT,2,FADE,SELL,34430,2026-07-02 01:30:00
2.004,2.025,35025,35168,144,REVERSE_SIGNAL,2.445,1.397,-1.048,0.1,-1.148,-11.48,False,NEARUSDT,2,TREND,SELL,35024,2026-07-04 03:00:00
2.025,1.9713,35169,35291,123,SL,1.037,3.111,-2.652,0.1,-2.752,-27.52,False,NEARUSDT,2,TREND,BUY,35168,2026-07-04 15:00:00
1.973,1.978,35303,35441,139,REVERSE_SIGNAL,0.76,2.636,0.253,0.1,0.153,1.53,True,NEARUSDT,2,FADE,BUY,35302,2026-07-05 02:10:00
1.978,2.0373,35442,35532,91,SL,0.758,3.084,-3.0,0.1,-3.1,-31.0,False,NEARUSDT,2,FADE,SELL,35441,2026-07-05 13:45:00
1.979,2.029,35676,35697,22,REVERSE_SIGNAL,2.577,0.556,2.527,0.1,2.427,24.27,True,NEARUSDT,2,FADE,BUY,35675,2026-07-06 09:15:00
2.029,2.0899,35698,35754,57,SL,3.795,3.105,-3.0,0.1,-3.1,-31.0,False,NEARUSDT,2,FADE,SELL,35697,2026-07-06 11:05:00
2.017,2.065,35894,36039,146,SL,2.033,2.38,-2.38,0.1,-2.48,-24.8,False,NEARUSDT,2,TREND,SELL,35893,2026-07-07 03:25:00
2.05,2.0071,36047,36081,35,SL,1.317,2.293,-2.093,0.1,-2.193,-21.93,False,NEARUSDT,2,TREND,BUY,36046,2026-07-07 16:10:00
1.998,1.889,36103,36412,310,REVERSE_SIGNAL,7.858,0.701,5.455,0.1,5.355,53.55,True,NEARUSDT,2,TREND,SELL,36102,2026-07-07 20:50:00
1.889,1.89,36413,36887,475,REVERSE_SIGNAL,4.129,0.847,0.053,0.1,-0.047,-0.47,False,NEARUSDT,2,TREND,BUY,36412,2026-07-08 22:40:00
1.89,1.91,36888,37039,152,REVERSE_SIGNAL,1.164,1.958,1.058,0.1,0.958,9.58,True,NEARUSDT,2,FADE,BUY,36887,2026-07-10 14:15:00
1.91,1.88,37040,37097,58,REVERSE_SIGNAL,1.78,0.366,1.571,0.1,1.471,14.71,True,NEARUSDT,2,FADE,SELL,37039,2026-07-11 02:55:00
1.88,1.914,37098,37176,79,REVERSE_SIGNAL,1.809,0.319,1.809,0.1,1.709,17.09,True,NEARUSDT,2,FADE,BUY,37097,2026-07-11 07:45:00
1.914,1.872,37177,37288,112,REVERSE_SIGNAL,2.665,0.522,2.194,0.1,2.094,20.94,True,NEARUSDT,2,FADE,SELL,37176,2026-07-11 14:20:00
1.872,1.903,37289,37476,188,REVERSE_SIGNAL,1.709,0.962,1.656,0.1,1.556,15.56,True,NEARUSDT,2,FADE,BUY,37288,2026-07-11 23:40:00
1.903,1.866,37477,37622,146,REVERSE_SIGNAL,2.102,1.839,1.944,0.1,1.844,18.44,True,NEARUSDT,2,FADE,SELL,37476,2026-07-12 15:20:00
1.866,1.92,37623,37679,57,REVERSE_SIGNAL,3.483,0.536,2.894,0.1,2.794,27.94,True,NEARUSDT,2,FADE,BUY,37622,2026-07-13 03:30:00
1.92,1.8866,37680,37812,133,SL,2.917,1.771,-1.74,0.1,-1.84,-18.4,False,NEARUSDT,2,TREND,BUY,37679,2026-07-13 08:15:00
1.897,1.942,37816,37878,63,REVERSE_SIGNAL,2.372,1.16,2.372,0.1,2.272,22.72,True,NEARUSDT,2,FADE,BUY,37815,2026-07-13 19:35:00
1.942,2.0003,37879,37939,61,SL,0.412,3.193,-3.0,0.1,-3.1,-31.0,False,NEARUSDT,2,FADE,SELL,37878,2026-07-14 00:50:00
2.008,2.051,38257,38287,31,REVERSE_SIGNAL,2.739,0.05,2.141,0.1,2.041,20.41,True,NEARUSDT,2,FADE,BUY,38256,2026-07-15 08:20:00
2.051,2.038,38288,38391,104,REVERSE_SIGNAL,2.682,0.878,-0.634,0.1,-0.734,-7.34,False,NEARUSDT,2,TREND,BUY,38287,2026-07-15 10:55:00
2.038,2.0675,38392,38420,29,SL,0.294,1.57,-1.447,0.1,-1.547,-15.47,False,NEARUSDT,2,TREND,SELL,38391,2026-07-15 19:35:00
2.08,2.032,38447,38548,102,REVERSE_SIGNAL,2.933,0.048,2.308,0.1,2.208,22.08,True,NEARUSDT,2,FADE,SELL,38446,2026-07-16 00:10:00
2.032,2.0655,38549,38606,58,SL,1.23,2.559,-1.649,0.1,-1.749,-17.49,False,NEARUSDT,2,TREND,SELL,38548,2026-07-16 08:40:00
2.074,2.02,38615,38681,67,REVERSE_SIGNAL,2.797,0.53,2.604,0.1,2.504,25.04,True,NEARUSDT,2,FADE,SELL,38614,2026-07-16 14:10:00
2.02,1.943,38682,39059,378,REVERSE_SIGNAL,7.376,1.337,3.812,0.1,3.712,37.12,True,NEARUSDT,2,TREND,SELL,38681,2026-07-16 19:45:00
1.943,1.9207,39060,39090,31,SL,0.0,1.184,-1.148,0.1,-1.248,-12.48,False,NEARUSDT,2,TREND,BUY,39059,2026-07-18 03:15:00
1.909,1.93,39107,39237,131,REVERSE_SIGNAL,1.257,0.891,1.1,0.1,1.0,10.0,True,NEARUSDT,2,FADE,BUY,39106,2026-07-18 07:10:00
1.93,1.903,39238,39508,271,REVERSE_SIGNAL,1.399,0.829,1.399,0.1,1.299,12.99,True,NEARUSDT,2,FADE,SELL,39237,2026-07-18 18:05:00
1.903,1.934,39509,39718,210,REVERSE_SIGNAL,1.944,0.42,1.629,0.1,1.529,15.29,True,NEARUSDT,2,FADE,BUY,39508,2026-07-19 16:40:00
1.934,1.99,39719,40018,300,REVERSE_SIGNAL,6.67,0.155,2.896,0.1,2.796,27.96,True,NEARUSDT,2,TREND,BUY,39718,2026-07-20 10:10:00
1.99,1.889,40019,40597,579,REVERSE_SIGNAL,7.085,0.603,5.075,0.1,4.975,49.75,True,NEARUSDT,2,TREND,SELL,40018,2026-07-21 11:10:00
1.889,1.873,40598,40898,301,REVERSE_SIGNAL,1.165,1.482,0.847,0.1,0.747,7.47,True,NEARUSDT,2,FADE,SELL,40597,2026-07-23 11:25:00
1.873,1.802,40899,41418,520,REVERSE_SIGNAL,5.179,0.107,3.791,0.1,3.691,36.91,True,NEARUSDT,2,TREND,SELL,40898,2026-07-24 12:30:00
1.802,1.8561,41419,41658,240,SL,0.888,3.163,-3.0,0.1,-3.1,-31.0,False,NEARUSDT,2,FADE,SELL,41418,2026-07-26 07:50:00
1.816,1.636,41774,42414,641,REVERSE_SIGNAL,13.601,0.881,9.912,0.1,9.812,98.12,True,NEARUSDT,2,TREND,SELL,41773,2026-07-27 13:25:00
1.636,1.5818,42415,42430,16,SL,0.122,3.729,-3.313,0.1,-3.413,-34.13,False,NEARUSDT,2,TREND,BUY,42414,2026-07-29 18:50:00
1.64,1.67,42797,42926,130,REVERSE_SIGNAL,0.366,1.951,-1.829,0.1,-1.929,-19.29,False,NEARUSDT,2,TREND,SELL,42796,2026-07-31 02:40:00
1.67,1.666,42927,43064,138,REVERSE_SIGNAL,1.497,2.275,0.24,0.1,0.14,1.4,True,NEARUSDT,2,FADE,SELL,42926,2026-07-31 13:30:00
1.666,1.681,43065,43253,189,REVERSE_SIGNAL,1.2,1.381,0.9,0.1,0.8,8.0,True,NEARUSDT,2,FADE,BUY,43064,2026-08-01 01:00:00
1.681,1.6561,43254,43265,12,SL,0.178,1.487,-1.481,0.1,-1.581,-15.81,False,NEARUSDT,2,TREND,BUY,43253,2026-08-01 16:45:00
1.696,1.7103,43530,43558,29,SL,0.354,0.943,-0.843,0.1,-0.943,-9.43,False,NEARUSDT,2,TREND,SELL,43529,2026-08-02 15:45:00
1.719,1.735,43606,44030,425,REVERSE_SIGNAL,1.571,2.85,-0.931,0.1,-1.031,-10.31,False,NEARUSDT,2,FADE,SELL,43605,2026-08-02 22:05:00
1.735,1.728,44031,44544,514,REVERSE_SIGNAL,3.343,0.749,0.403,0.1,0.303,3.03,True,NEARUSDT,2,TREND,SELL,44030,2026-08-04 09:30:00
1.728,1.679,44545,44602,58,REVERSE_SIGNAL,3.067,0.116,2.836,0.1,2.736,27.36,True,NEARUSDT,2,FADE,SELL,44544,2026-08-06 04:20:00
1.679,1.61,44603,45195,593,REVERSE_SIGNAL,6.254,1.37,4.11,0.1,4.01,40.1,True,NEARUSDT,2,TREND,SELL,44602,2026-08-06 09:10:00
1.61,1.607,45196,45425,230,REVERSE_SIGNAL,1.677,0.497,-0.186,0.1,-0.286,-2.86,False,NEARUSDT,2,TREND,BUY,45195,2026-08-08 10:35:00
1.607,1.631,45426,45543,118,REVERSE_SIGNAL,1.742,0.124,1.493,0.1,1.393,13.93,True,NEARUSDT,2,FADE,BUY,45425,2026-08-09 05:45:00
1.631,1.614,45544,45628,85,SL,1.042,1.104,-1.042,0.1,-1.142,-11.42,False,NEARUSDT,2,TREND,BUY,45543,2026-08-09 15:35:00
1.604,1.643,45637,45711,75,REVERSE_SIGNAL,2.618,0.748,2.431,0.1,2.331,23.31,True,NEARUSDT,2,FADE,BUY,45636,2026-08-09 23:20:00
1.643,1.617,45712,45835,124,REVERSE_SIGNAL,1.582,1.582,1.582,0.1,1.482,14.82,True,NEARUSDT,2,FADE,SELL,45711,2026-08-10 05:35:00
1.617,1.5685,45836,46108,273,SL,0.557,3.649,-3.0,0.1,-3.1,-31.0,False,NEARUSDT,2,FADE,BUY,45835,2026-08-10 15:55:00
1.589,1.614,46193,46395,203,REVERSE_SIGNAL,5.916,0.0,1.573,0.1,1.473,14.73,True,NEARUSDT,2,TREND,BUY,46192,2026-08-11 21:40:00
1.614,1.653,46396,46550,155,REVERSE_SIGNAL,2.602,0.248,2.416,0.1,2.316,23.16,True,NEARUSDT,2,FADE,BUY,46395,2026-08-12 14:35:00
1.653,1.64,46551,46703,153,REVERSE_SIGNAL,1.149,1.633,0.786,0.1,0.686,6.86,True,NEARUSDT,2,FADE,SELL,46550,2026-08-13 03:30:00
1.64,1.619,46704,47041,338,REVERSE_SIGNAL,3.598,0.244,1.28,0.1,1.18,11.8,True,NEARUSDT,2,TREND,SELL,46703,2026-08-13 16:15:00
1.619,1.6676,47042,47120,79,SL,0.679,3.088,-3.0,0.1,-3.1,-31.0,False,NEARUSDT,2,FADE,SELL,47041,2026-08-14 20:25:00
1.624,1.625,47364,47513,150,REVERSE_SIGNAL,0.123,1.232,0.062,0.1,-0.038,-0.38,False,NEARUSDT,2,FADE,BUY,47363,2026-08-15 23:15:00
1.625,1.609,47514,47590,77,REVERSE_SIGNAL,1.231,0.185,0.985,0.1,0.885,8.85,True,NEARUSDT,2,FADE,SELL,47513,2026-08-16 11:45:00
1.609,1.615,47591,47693,103,REVERSE_SIGNAL,1.678,0.622,-0.373,0.1,-0.473,-4.73,False,NEARUSDT,2,TREND,SELL,47590,2026-08-16 18:10:00
1.615,1.61,47694,47874,181,REVERSE_SIGNAL,2.539,0.372,-0.31,0.1,-0.41,-4.1,False,NEARUSDT,2,TREND,BUY,47693,2026-08-17 02:45:00
1.61,1.6378,47875,47918,44,SL,0.311,1.739,-1.727,0.1,-1.827,-18.27,False,NEARUSDT,2,TREND,SELL,47874,2026-08-17 17:50:00
1.636,1.6228,47940,47981,42,SL,0.733,0.856,-0.807,0.1,-0.907,-9.07,False,NEARUSDT,2,TREND,BUY,47939,2026-08-17 23:15:00
1.611,1.5627,48049,48239,191,SL,2.235,3.042,-3.0,0.1,-3.1,-31.0,False,NEARUSDT,2,FADE,BUY,48048,2026-08-18 08:20:00
1.612,1.6604,48319,48420,102,SL,0.868,3.102,-3.0,0.1,-3.1,-31.0,False,NEARUSDT,2,FADE,SELL,48318,2026-08-19 06:50:00
1.704,1.7483,48702,48722,21,SL,0.059,2.758,-2.6,0.1,-2.7,-27.0,False,NEARUSDT,2,TREND,SELL,48701,2026-08-20 14:45:00
1.775,1.7283,48799,49162,364,SL,21.014,10.535,-2.631,0.1,-2.731,-27.31,False,NEARUSDT,2,TREND,BUY,48798,2026-08-20 22:50:00
1.924,1.955,49166,49340,175,REVERSE_SIGNAL,3.95,4.366,-1.611,0.1,-1.711,-17.11,False,NEARUSDT,2,TREND,SELL,49165,2026-08-22 05:25:00
1.955,1.9021,49341,49354,14,SL,0.614,2.762,-2.706,0.1,-2.806,-28.06,False,NEARUSDT,2,TREND,BUY,49340,2026-08-22 20:00:00
1.884,1.908,49414,49508,95,REVERSE_SIGNAL,4.299,1.752,-1.274,0.1,-1.374,-13.74,False,NEARUSDT,2,TREND,SELL,49413,2026-08-23 02:05:00
1.908,1.963,49509,49895,387,REVERSE_SIGNAL,8.753,0.21,2.883,0.1,2.783,27.83,True,NEARUSDT,2,TREND,BUY,49508,2026-08-23 10:00:00
1.963,1.983,49896,49999,104,REVERSE_SIGNAL,2.292,1.885,1.019,0.1,0.919,9.19,True,NEARUSDT,2,FADE,BUY,49895,2026-08-24 18:15:00
0.1284,0.1298,169,266,98,SL,1.402,1.402,-1.09,0.1,-1.19,-11.9,False,OPUSDT,2,TREND,SELL,168,2026-03-05 02:20:00
0.1275,0.1247,473,571,99,REVERSE_SIGNAL,2.431,0.314,2.196,0.1,2.096,20.96,True,OPUSDT,2,FADE,SELL,472,2026-03-06 03:40:00
0.1247,0.116,572,1135,564,REVERSE_SIGNAL,9.302,0.401,6.977,0.1,6.877,68.77,True,OPUSDT,2,TREND,SELL,571,2026-03-06 11:55:00
0.116,0.1195,1136,1360,225,SL,2.241,3.017,-3.0,0.1,-3.1,-31.0,False,OPUSDT,2,FADE,SELL,1135,2026-03-08 10:55:00
0.1184,0.1207,1814,2016,203,REVERSE_SIGNAL,2.196,1.351,1.943,0.1,1.843,18.43,True,OPUSDT,2,FADE,BUY,1813,2026-03-10 19:25:00
0.1207,0.1188,2017,2209,193,REVERSE_SIGNAL,1.574,1.74,-1.574,0.1,-1.674,-16.74,False,OPUSDT,2,TREND,BUY,2016,2026-03-11 12:20:00
0.1188,0.12,2210,2420,211,REVERSE_SIGNAL,2.609,1.263,-1.01,0.1,-1.11,-11.1,False,OPUSDT,2,TREND,SELL,2209,2026-03-12 04:25:00
0.12,0.1225,2421,2716,296,REVERSE_SIGNAL,6.333,0.667,2.083,0.1,1.983,19.83,True,OPUSDT,2,TREND,BUY,2420,2026-03-12 22:00:00
0.1225,0.1249,2717,2771,55,SL,0.327,1.959,-1.959,0.1,-2.059,-20.59,False,OPUSDT,2,TREND,SELL,2716,2026-03-13 22:40:00
0.1255,0.1235,2781,2798,18,SL,0.876,1.833,-1.594,0.1,-1.694,-16.94,False,OPUSDT,2,TREND,BUY,2780,2026-03-14 04:00:00
0.1221,0.1244,2812,3040,229,REVERSE_SIGNAL,1.966,0.246,1.884,0.1,1.784,17.84,True,OPUSDT,2,FADE,BUY,2811,2026-03-14 06:35:00
0.1244,0.1339,3041,3659,619,REVERSE_SIGNAL,12.058,0.241,7.637,0.1,7.537,75.37,True,OPUSDT,2,TREND,BUY,3040,2026-03-15 01:40:00
0.1339,0.1365,3660,3847,188,SL,0.597,2.016,-1.942,0.1,-2.042,-20.42,False,OPUSDT,2,TREND,SELL,3659,2026-03-17 05:15:00
0.1367,0.1345,3850,3935,86,SL,1.463,1.683,-1.609,0.1,-1.709,-17.09,False,OPUSDT,2,TREND,BUY,3849,2026-03-17 21:05:00
0.1345,0.1359,3975,3998,24,SL,0.074,1.115,-1.041,0.1,-1.141,-11.41,False,OPUSDT,2,TREND,SELL,3974,2026-03-18 07:30:00
0.1225,0.1228,4475,4798,324,REVERSE_SIGNAL,3.02,0.327,0.245,0.1,0.145,1.45,True,OPUSDT,2,TREND,BUY,4474,2026-03-20 01:10:00
0.1228,0.1241,4799,4939,141,REVERSE_SIGNAL,1.059,1.221,1.059,0.1,0.959,9.59,True,OPUSDT,2,FADE,BUY,4798,2026-03-21 04:10:00
0.1241,0.1214,4940,5027,88,REVERSE_SIGNAL,2.256,0.081,2.176,0.1,2.076,20.76,True,OPUSDT,2,FADE,SELL,4939,2026-03-21 15:55:00
0.1214,0.1164,5028,5385,358,REVERSE_SIGNAL,7.249,0.165,4.119,0.1,4.019,40.19,True,OPUSDT,2,TREND,SELL,5027,2026-03-21 23:15:00
0.1164,0.1148,5386,5403,18,SL,0.258,1.718,-1.375,0.1,-1.475,-14.75,False,OPUSDT,2,TREND,BUY,5385,2026-03-23 05:05:00
0.1138,0.118,5411,5459,49,REVERSE_SIGNAL,5.097,1.318,3.691,0.1,3.591,35.91,True,OPUSDT,2,FADE,BUY,5410,2026-03-23 07:10:00
0.118,0.1133,5460,5532,73,REVERSE_SIGNAL,0.593,4.153,-3.983,0.1,-4.083,-40.83,False,OPUSDT,2,TREND,BUY,5459,2026-03-23 11:15:00
0.1133,0.1155,5533,5713,181,REVERSE_SIGNAL,2.383,2.207,-1.942,0.1,-2.042,-20.42,False,OPUSDT,2,TREND,SELL,5532,2026-03-23 17:20:00
0.1155,0.1125,5714,5782,69,SL,1.385,2.771,-2.597,0.1,-2.697,-26.97,False,OPUSDT,2,TREND,BUY,5713,2026-03-24 08:25:00
0.1121,0.1136,5789,5880,92,REVERSE_SIGNAL,2.498,1.963,-1.338,0.1,-1.438,-14.38,False,OPUSDT,2,TREND,SELL,5788,2026-03-24 14:40:00
0.1136,0.1125,5881,6217,337,REVERSE_SIGNAL,1.849,1.232,-0.968,0.1,-1.068,-10.68,False,OPUSDT,2,TREND,BUY,5880,2026-03-24 22:20:00
0.1125,0.111,6218,6398,181,REVERSE_SIGNAL,4.267,0.267,1.333,0.1,1.233,12.33,True,OPUSDT,2,TREND,SELL,6217,2026-03-26 02:25:00
0.111,0.1088,6399,6410,12,SL,1.261,2.162,-1.982,0.1,-2.082,-20.82,False,OPUSDT,2,TREND,BUY,6398,2026-03-26 17:30:00
0.1071,0.1104,6420,6572,153,SL,1.494,3.175,-3.081,0.1,-3.181,-31.81,False,OPUSDT,2,TREND,SELL,6419,2026-03-26 19:15:00
0.1103,0.1086,6573,6579,7,SL,0.091,1.813,-1.541,0.1,-1.641,-16.41,False,OPUSDT,2,TREND,BUY,6572,2026-03-27 08:00:00
0.1075,0.1046,6599,6861,263,REVERSE_SIGNAL,5.209,0.279,2.698,0.1,2.598,25.98,True,OPUSDT,2,TREND,SELL,6598,2026-03-27 10:10:00
0.1046,0.1037,6862,7036,175,REVERSE_SIGNAL,1.052,1.625,0.86,0.1,0.76,7.6,True,OPUSDT,2,FADE,SELL,6861,2026-03-28 08:05:00
0.1037,0.1006,7037,7209,173,SL,0.675,3.375,-3.0,0.1,-3.1,-31.0,False,OPUSDT,2,FADE,BUY,7036,2026-03-28 22:40:00
0.1031,0.1062,7308,7373,66,SL,4.559,3.007,-3.0,0.1,-3.1,-31.0,False,OPUSDT,2,FADE,SELL,7307,2026-03-29 21:15:00
0.1058,0.1079,7571,7646,76,SL,0.473,2.552,-1.985,0.1,-2.085,-20.85,False,OPUSDT,2,TREND,SELL,7570,2026-03-30 19:10:00
0.108,0.11,7655,8188,534,REVERSE_SIGNAL,5.093,1.389,1.852,0.1,1.752,17.52,True,OPUSDT,2,TREND,BUY,7654,2026-03-31 02:10:00
0.11,0.108,8189,8542,354,REVERSE_SIGNAL,5.0,1.091,1.818,0.1,1.718,17.18,True,OPUSDT,2,TREND,SELL,8188,2026-04-01 22:40:00
0.108,0.109,8543,8906,364,REVERSE_SIGNAL,3.519,0.556,0.926,0.1,0.826,8.26,True,OPUSDT,2,TREND,BUY,8542,2026-04-03 04:10:00
0.109,0.1103,8907,8987,81,SL,0.642,1.376,-1.193,0.1,-1.293,-12.93,False,OPUSDT,2,TREND,SELL,8906,2026-04-04 10:30:00
0.1106,0.1089,9010,9123,114,REVERSE_SIGNAL,1.537,0.723,1.537,0.1,1.437,14.37,True,OPUSDT,2,FADE,SELL,9009,2026-04-04 19:05:00
0.1089,0.1091,9124,9346,223,REVERSE_SIGNAL,2.938,0.184,-0.184,0.1,-0.284,-2.84,False,OPUSDT,2,TREND,SELL,9123,2026-04-05 04:35:00
0.1091,0.1123,9347,9600,254,REVERSE_SIGNAL,5.408,0.0,2.933,0.1,2.833,28.33,True,OPUSDT,2,TREND,BUY,9346,2026-04-05 23:10:00
0.1123,0.1113,9601,9882,282,REVERSE_SIGNAL,4.452,0.178,0.89,0.1,0.79,7.9,True,OPUSDT,2,TREND,SELL,9600,2026-04-06 20:20:00
0.1113,0.118,9883,10094,212,REVERSE_SIGNAL,8.625,0.18,6.02,0.1,5.92,59.2,True,OPUSDT,2,TREND,BUY,9882,2026-04-07 19:50:00
0.118,0.1147,10095,10415,321,REVERSE_SIGNAL,6.102,0.254,2.797,0.1,2.697,26.97,True,OPUSDT,2,TREND,SELL,10094,2026-04-08 13:30:00
0.1147,0.1125,10416,10806,391,REVERSE_SIGNAL,1.831,2.354,-1.918,0.1,-2.018,-20.18,False,OPUSDT,2,TREND,BUY,10415,2026-04-09 16:15:00
0.1125,0.1129,10807,11002,196,REVERSE_SIGNAL,1.6,2.133,0.356,0.1,0.256,2.56,True,OPUSDT,2,FADE,BUY,10806,2026-04-11 00:50:00
0.1129,0.1114,11003,11103,101,SL,3.1,1.329,-1.329,0.1,-1.429,-14.29,False,OPUSDT,2,TREND,BUY,11002,2026-04-11 17:10:00
0.1094,0.1094,11106,11307,202,REVERSE_SIGNAL,0.731,2.285,0.0,0.1,-0.1,-1.0,False,OPUSDT,2,FADE,BUY,11105,2026-04-12 01:45:00
0.1094,0.1071,11308,11361,54,REVERSE_SIGNAL,2.651,0.274,2.102,0.1,2.002,20.02,True,OPUSDT,2,FADE,SELL,11307,2026-04-12 18:35:00
0.1071,0.1084,11362,11542,181,REVERSE_SIGNAL,1.867,1.681,1.214,0.1,1.114,11.14,True,OPUSDT,2,FADE,BUY,11361,2026-04-12 23:05:00
0.1084,0.1117,11543,11609,67,SL,0.369,3.044,-3.0,0.1,-3.1,-31.0,False,OPUSDT,2,FADE,SELL,11542,2026-04-13 14:10:00
0.1133,0.1099,11793,11893,101,SL,3.001,3.001,-3.0,0.1,-3.1,-31.0,False,OPUSDT,2,FADE,BUY,11792,2026-04-14 11:00:00
0.1131,0.1287,12054,12594,541,REVERSE_SIGNAL,18.656,0.442,13.793,0.1,13.693,136.93,True,OPUSDT,2,TREND,BUY,12053,2026-04-15 08:45:00
0.1287,0.1317,12595,12672,78,REVERSE_SIGNAL,2.875,0.389,2.331,0.1,2.231,22.31,True,OPUSDT,2,FADE,BUY,12594,2026-04-17 05:50:00
0.1317,0.1318,12673,12859,187,REVERSE_SIGNAL,4.176,0.532,0.076,0.1,-0.024,-0.24,False,OPUSDT,2,TREND,BUY,12672,2026-04-17 12:20:00
0.1318,0.1341,12860,12892,33,SL,0.303,1.897,-1.745,0.1,-1.845,-18.45,False,OPUSDT,2,TREND,SELL,12859,2026-04-18 03:55:00
0.1259,0.1218,13260,13315,56,REVERSE_SIGNAL,3.336,0.715,3.257,0.1,3.157,31.57,True,OPUSDT,2,FADE,SELL,13259,2026-04-19 13:15:00
0.1218,0.1233,13316,13509,194,REVERSE_SIGNAL,2.135,1.642,1.232,0.1,1.132,11.32,True,OPUSDT,2,FADE,BUY,13315,2026-04-19 17:55:00
0.1233,0.1231,13510,13709,200,REVERSE_SIGNAL,1.298,2.19,0.162,0.1,0.062,0.62,True,OPUSDT,2,FADE,SELL,13509,2026-04-20 10:05:00
0.1231,0.1246,13710,13993,284,REVERSE_SIGNAL,2.356,2.681,1.219,0.1,1.119,11.19,True,OPUSDT,2,FADE,BUY,13709,2026-04-21 02:45:00
0.1246,0.1244,13994,14217,224,REVERSE_SIGNAL,3.371,0.321,-0.161,0.1,-0.261,-2.61,False,OPUSDT,2,TREND,BUY,13993,2026-04-22 02:25:00
0.1244,0.1207,14218,14424,207,REVERSE_SIGNAL,5.466,0.643,2.974,0.1,2.874,28.74,True,OPUSDT,2,TREND,SELL,14217,2026-04-22 21:05:00
0.1207,0.1188,14425,14463,39,SL,1.74,2.071,-1.574,0.1,-1.674,-16.74,False,OPUSDT,2,TREND,BUY,14424,2026-04-23 14:20:00
0.1186,0.1215,14467,14520,54,REVERSE_SIGNAL,2.867,0.337,2.445,0.1,2.345,23.45,True,OPUSDT,2,FADE,BUY,14466,2026-04-23 17:50:00
0.1215,0.1251,14521,14779,259,SL,1.481,3.21,-3.0,0.1,-3.1,-31.0,False,OPUSDT,2,FADE,SELL,14520,2026-04-23 22:20:00
0.1261,0.1264,14997,15197,201,REVERSE_SIGNAL,2.458,0.714,-0.238,0.1,-0.338,-3.38,False,OPUSDT,2,TREND,SELL,14996,2026-04-25 14:00:00
0.1264,0.1242,15198,15472,275,REVERSE_SIGNAL,2.215,2.136,1.741,0.1,1.641,16.41,True,OPUSDT,2,FADE,SELL,15197,2026-04-26 06:45:00
0.1242,0.1223,15473,15692,220,REVERSE_SIGNAL,4.267,0.242,1.53,0.1,1.43,14.3,True,OPUSDT,2,TREND,SELL,15472,2026-04-27 05:40:00
0.1223,0.1202,15693,15833,141,REVERSE_SIGNAL,1.799,0.736,1.717,0.1,1.617,16.17,True,OPUSDT,2,FADE,SELL,15692,2026-04-28 00:00:00
0.1202,0.1227,15834,16031,198,REVERSE_SIGNAL,2.163,0.166,2.08,0.1,1.98,19.8,True,OPUSDT,2,FADE,BUY,15833,2026-04-28 11:45:00
0.1227,0.1221,16032,16134,103,REVERSE_SIGNAL,2.689,0.978,-0.489,0.1,-0.589,-5.89,False,OPUSDT,2,TREND,BUY,16031,2026-04-29 04:15:00
0.1221,0.1213,16135,16279,145,REVERSE_SIGNAL,5.569,0.328,0.655,0.1,0.555,5.55,True,OPUSDT,2,TREND,SELL,16134,2026-04-29 12:50:00
0.1213,0.1188,16280,16333,54,SL,0.412,2.226,-2.061,0.1,-2.161,-21.61,False,OPUSDT,2,TREND,BUY,16279,2026-04-30 00:55:00
0.1196,0.1225,16544,16596,53,REVERSE_SIGNAL,2.759,0.251,2.425,0.1,2.325,23.25,True,OPUSDT,2,FADE,BUY,16543,2026-04-30 22:55:00
0.1225,0.1204,16597,16695,99,REVERSE_SIGNAL,2.286,0.327,1.714,0.1,1.614,16.14,True,OPUSDT,2,FADE,SELL,16596,2026-05-01 03:20:00
0.1204,0.1223,16696,16729,34,REVERSE_SIGNAL,1.993,0.083,1.578,0.1,1.478,14.78,True,OPUSDT,2,FADE,BUY,16695,2026-05-01 11:35:00
0.1223,0.1207,16730,16844,115,REVERSE_SIGNAL,1.717,0.736,1.308,0.1,1.208,12.08,True,OPUSDT,2,FADE,SELL,16729,2026-05-01 14:25:00
0.1207,0.1222,16845,17014,170,REVERSE_SIGNAL,1.243,1.326,1.243,0.1,1.143,11.43,True,OPUSDT,2,FADE,BUY,16844,2026-05-02 00:00:00
0.1222,0.1231,17015,17152,138,REVERSE_SIGNAL,3.682,0.409,0.736,0.1,0.636,6.36,True,OPUSDT,2,TREND,BUY,17014,2026-05-02 14:10:00
0.1231,0.124,17153,17376,224,REVERSE_SIGNAL,1.706,0.812,-0.731,0.1,-0.831,-8.31,False,OPUSDT,2,TREND,SELL,17152,2026-05-03 01:40:00
0.124,0.122,17377,17421,45,SL,0.645,1.613,-1.613,0.1,-1.713,-17.13,False,OPUSDT,2,TREND,BUY,17376,2026-05-03 20:20:00
0.1207,0.1253,17544,17638,95,REVERSE_SIGNAL,0.331,4.143,-3.811,0.1,-3.911,-39.11,False,OPUSDT,2,TREND,SELL,17543,2026-05-04 10:15:00
0.1253,0.1291,17639,17821,183,SL,1.836,3.033,-3.0,0.1,-3.1,-31.0,False,OPUSDT,2,FADE,SELL,17638,2026-05-04 18:10:00
0.1273,0.1286,17933,17948,16,SL,0.157,1.178,-1.021,0.1,-1.121,-11.21,False,OPUSDT,2,TREND,SELL,17932,2026-05-05 18:40:00
0.1296,0.1335,17958,18096,139,SL,1.698,3.472,-3.0,0.1,-3.1,-31.0,False,OPUSDT,2,FADE,SELL,17957,2026-05-05 20:45:00
0.165,0.1646,18962,19359,398,REVERSE_SIGNAL,2.848,1.818,0.242,0.1,0.142,1.42,True,OPUSDT,2,TREND,SELL,18961,2026-05-09 08:25:00
0.1646,0.161,19360,19403,44,REVERSE_SIGNAL,4.617,0.972,2.187,0.1,2.087,20.87,True,OPUSDT,2,FADE,SELL,19359,2026-05-10 17:35:00
0.161,0.1536,19404,20034,631,REVERSE_SIGNAL,7.64,1.925,4.596,0.1,4.496,44.96,True,OPUSDT,2,TREND,SELL,19403,2026-05-10 21:15:00
0.1536,0.1524,20035,20158,124,REVERSE_SIGNAL,2.799,0.911,-0.781,0.1,-0.881,-8.81,False,OPUSDT,2,TREND,BUY,20034,2026-05-13 01:50:00
0.1524,0.1471,20159,20487,329,REVERSE_SIGNAL,6.299,0.131,3.478,0.1,3.378,33.78,True,OPUSDT,2,TREND,SELL,20158,2026-05-13 12:10:00
0.1471,0.1437,20488,20615,128,REVERSE_SIGNAL,2.583,0.816,2.311,0.1,2.211,22.11,True,OPUSDT,2,FADE,SELL,20487,2026-05-14 15:35:00
0.1437,0.1346,20616,21070,455,REVERSE_SIGNAL,9.047,0.626,6.333,0.1,6.233,62.33,True,OPUSDT,2,TREND,SELL,20615,2026-05-15 02:15:00
0.1346,0.1328,21071,21171,101,REVERSE_SIGNAL,1.337,0.52,1.337,0.1,1.237,12.37,True,OPUSDT,2,FADE,SELL,21070,2026-05-16 16:10:00
0.1328,0.1339,21172,21225,54,SL,0.904,0.904,-0.828,0.1,-0.928,-9.28,False,OPUSDT,2,TREND,SELL,21171,2026-05-17 00:35:00
0.1339,0.1317,21288,21322,35,REVERSE_SIGNAL,1.718,0.149,1.643,0.1,1.543,15.43,True,OPUSDT,2,FADE,SELL,21287,2026-05-17 10:15:00
0.1317,0.1277,21323,21448,126,SL,0.38,6.302,-3.0,0.1,-3.1,-31.0,False,OPUSDT,2,FADE,BUY,21322,2026-05-17 13:10:00
0.1281,0.1265,21697,21918,222,REVERSE_SIGNAL,1.639,1.639,1.249,0.1,1.149,11.49,True,OPUSDT,2,FADE,SELL,21696,2026-05-18 20:20:00
0.1265,0.1278,21919,22100,182,REVERSE_SIGNAL,1.265,1.265,-1.028,0.1,-1.128,-11.28,False,OPUSDT,2,TREND,SELL,21918,2026-05-19 14:50:00
0.1278,0.1251,22101,22194,94,REVERSE_SIGNAL,2.895,0.313,2.113,0.1,2.013,20.13,True,OPUSDT,2,FADE,SELL,22100,2026-05-20 06:00:00
0.1251,0.1275,22195,22202,8,SL,0.16,2.158,-1.918,0.1,-2.018,-20.18,False,OPUSDT,2,TREND,SELL,22194,2026-05-20 13:50:00
0.1292,0.1278,22217,22443,227,REVERSE_SIGNAL,1.858,1.393,-1.084,0.1,-1.184,-11.84,False,OPUSDT,2,TREND,BUY,22216,2026-05-20 15:40:00
0.1278,0.1305,22444,22523,80,SL,0.078,2.347,-2.113,0.1,-2.213,-22.13,False,OPUSDT,2,TREND,SELL,22443,2026-05-21 10:35:00
0.1319,0.1359,22530,22757,228,SL,1.289,3.108,-3.0,0.1,-3.1,-31.0,False,OPUSDT,2,FADE,SELL,22529,2026-05-21 17:45:00
0.1319,0.1258,22827,23074,248,REVERSE_SIGNAL,8.264,0.076,4.625,0.1,4.525,45.25,True,OPUSDT,2,TREND,SELL,22826,2026-05-22 18:30:00
0.1258,0.1282,23075,23233,159,REVERSE_SIGNAL,6.518,0.477,1.908,0.1,1.808,18.08,True,OPUSDT,2,TREND,BUY,23074,2026-05-23 15:10:00
0.1282,0.127,23234,23532,299,REVERSE_SIGNAL,4.29,1.014,0.936,0.1,0.836,8.36,True,OPUSDT,2,TREND,SELL,23233,2026-05-24 04:25:00
0.127,0.128,23533,23768,236,REVERSE_SIGNAL,4.173,0.472,0.787,0.1,0.687,6.87,True,OPUSDT,2,TREND,BUY,23532,2026-05-25 05:20:00
0.128,0.1311,23769,23860,92,REVERSE_SIGNAL,2.422,0.703,2.422,0.1,2.322,23.22,True,OPUSDT,2,FADE,BUY,23768,2026-05-26 01:00:00
0.1311,0.1286,23861,23964,104,SL,2.517,1.983,-1.907,0.1,-2.007,-20.07,False,OPUSDT,2,TREND,BUY,23860,2026-05-26 08:40:00
0.1287,0.1248,23969,24098,130,SL,0.699,3.108,-3.0,0.1,-3.1,-31.0,False,OPUSDT,2,FADE,BUY,23968,2026-05-26 17:40:00
0.1291,0.1228,24235,24306,72,REVERSE_SIGNAL,5.19,1.007,4.88,0.1,4.78,47.8,True,OPUSDT,2,FADE,SELL,24234,2026-05-27 15:50:00
0.1228,0.1204,24307,24549,243,REVERSE_SIGNAL,7.41,1.629,1.954,0.1,1.854,18.54,True,OPUSDT,2,TREND,SELL,24306,2026-05-27 21:50:00
0.1204,0.1164,24550,24655,106,SL,0.498,3.571,-3.322,0.1,-3.422,-34.22,False,OPUSDT,2,TREND,BUY,24549,2026-05-28 18:05:00
0.1169,0.1193,24672,24696,25,SL,0.086,2.31,-2.053,0.1,-2.153,-21.53,False,OPUSDT,2,TREND,SELL,24671,2026-05-29 04:15:00
0.1197,0.1233,24811,24944,134,SL,1.754,3.091,-3.0,0.1,-3.1,-31.0,False,OPUSDT,2,FADE,SELL,24810,2026-05-29 15:50:00
0.1199,0.1215,25192,25221,30,SL,0.083,1.334,-1.334,0.1,-1.434,-14.34,False,OPUSDT,2,TREND,SELL,25191,2026-05-30 23:35:00
0.118,0.1162,25462,25562,101,SL,2.627,1.61,-1.525,0.1,-1.625,-16.25,False,OPUSDT,2,TREND,BUY,25461,2026-05-31 22:05:00
0.1158,0.1192,25565,25687,123,SL,1.468,3.195,-2.936,0.1,-3.036,-30.36,False,OPUSDT,2,TREND,SELL,25564,2026-06-01 06:40:00
0.1202,0.1193,25692,25950,259,REVERSE_SIGNAL,5.241,2.829,-0.749,0.1,-0.849,-8.49,False,OPUSDT,2,TREND,BUY,25691,2026-06-01 17:15:00
0.1193,0.1231,25951,26123,173,REVERSE_SIGNAL,5.365,3.604,-3.185,0.1,-3.285,-32.85,False,OPUSDT,2,TREND,SELL,25950,2026-06-02 14:50:00
0.1231,0.1227,26124,26257,134,REVERSE_SIGNAL,8.205,1.3,-0.325,0.1,-0.425,-4.25,False,OPUSDT,2,TREND,BUY,26123,2026-06-03 05:15:00
0.1227,0.1114,26258,26523,266,REVERSE_SIGNAL,15.159,2.689,9.209,0.1,9.109,91.09,True,OPUSDT,2,TREND,SELL,26257,2026-06-03 16:25:00
0.1114,0.11,26524,26612,89,REVERSE_SIGNAL,6.822,1.526,-1.257,0.1,-1.357,-13.57,False,OPUSDT,2,TREND,BUY,26523,2026-06-04 14:35:00
0.11,0.1002,26613,26897,285,REVERSE_SIGNAL,17.0,2.545,8.909,0.1,8.809,88.09,True,OPUSDT,2,TREND,SELL,26612,2026-06-04 22:00:00
0.1002,0.0934,26898,26973,76,REVERSE_SIGNAL,6.986,0.2,6.786,0.1,6.686,66.86,True,OPUSDT,2,FADE,SELL,26897,2026-06-05 21:45:00
0.0934,0.0986,26974,27037,64,SL,4.069,5.782,-5.567,0.1,-5.667,-56.67,False,OPUSDT,2,TREND,SELL,26973,2026-06-06 04:05:00
0.0983,0.0949,27038,27044,7,SL,0.102,3.764,-3.459,0.1,-3.559,-35.59,False,OPUSDT,2,TREND,BUY,27037,2026-06-06 09:25:00
0.0935,0.0962,27142,27235,94,REVERSE_SIGNAL,3.209,1.283,2.888,0.1,2.788,27.88,True,OPUSDT,2,FADE,BUY,27141,2026-06-06 18:05:00
0.0962,0.0946,27236,27375,140,REVERSE_SIGNAL,3.534,1.455,1.663,0.1,1.563,15.63,True,OPUSDT,2,FADE,SELL,27235,2026-06-07 01:55:00
0.0946,0.0961,27376,27384,9,SL,0.211,1.586,-1.586,0.1,-1.686,-16.86,False,OPUSDT,2,TREND,SELL,27375,2026-06-07 13:35:00
0.0977,0.0956,27483,27786,304,REVERSE_SIGNAL,2.661,3.275,-2.149,0.1,-2.249,-22.49,False,OPUSDT,2,TREND,BUY,27482,2026-06-07 22:30:00
0.0956,0.0964,27787,27880,94,REVERSE_SIGNAL,3.033,0.941,-0.837,0.1,-0.937,-9.37,False,OPUSDT,2,TREND,SELL,27786,2026-06-08 23:50:00
0.0964,0.0945,27881,27909,29,SL,0.207,2.282,-1.971,0.1,-2.071,-20.71,False,OPUSDT,2,TREND,BUY,27880,2026-06-09 07:40:00
0.0926,0.0968,27983,28058,76,REVERSE_SIGNAL,5.184,1.404,4.536,0.1,4.436,44.36,True,OPUSDT,2,FADE,BUY,27982,2026-06-09 16:10:00
0.0968,0.0946,28059,28191,133,REVERSE_SIGNAL,3.306,1.033,2.273,0.1,2.173,21.73,True,OPUSDT,2,FADE,SELL,28058,2026-06-09 22:30:00
0.0946,0.0963,28192,28226,35,SL,2.008,2.114,-1.797,0.1,-1.897,-18.97,False,OPUSDT,2,TREND,SELL,28191,2026-06-10 09:35:00
0.0943,0.0971,28423,28706,284,SL,2.121,3.393,-3.0,0.1,-3.1,-31.0,False,OPUSDT,2,FADE,SELL,28422,2026-06-11 04:50:00
0.1056,0.108,29241,29357,117,SL,1.326,2.273,-2.273,0.1,-2.373,-23.73,False,OPUSDT,2,TREND,SELL,29240,2026-06-14 01:00:00
0.1089,0.1122,29489,29677,189,SL,1.561,3.03,-3.0,0.1,-3.1,-31.0,False,OPUSDT,2,FADE,SELL,29488,2026-06-14 21:40:00
0.1086,0.1104,29785,30052,268,REVERSE_SIGNAL,3.407,1.75,-1.657,0.1,-1.757,-17.57,False,OPUSDT,2,TREND,SELL,29784,2026-06-15 22:20:00
0.1104,0.1079,30053,30203,151,REVERSE_SIGNAL,3.17,1.63,2.264,0.1,2.164,21.64,True,OPUSDT,2,FADE,SELL,30052,2026-06-16 20:40:00
0.1079,0.1094,30204,30294,91,REVERSE_SIGNAL,2.224,2.595,1.39,0.1,1.29,12.9,True,OPUSDT,2,FADE,BUY,30203,2026-06-17 09:15:00
0.1094,0.1063,30295,30336,42,REVERSE_SIGNAL,3.931,1.097,2.834,0.1,2.734,27.34,True,OPUSDT,2,FADE,SELL,30294,2026-06-17 16:50:00
0.1063,0.1094,30337,30371,35,SL,1.035,2.916,-2.916,0.1,-3.016,-30.16,False,OPUSDT,2,TREND,SELL,30336,2026-06-17 20:20:00
0.1073,0.1054,30483,30568,86,SL,3.355,3.075,-1.771,0.1,-1.871,-18.71,False,OPUSDT,2,TREND,BUY,30482,2026-06-18 08:30:00
0.1052,0.1088,30575,30619,45,SL,1.521,3.422,-3.422,0.1,-3.522,-35.22,False,OPUSDT,2,TREND,SELL,30574,2026-06-18 16:10:00
0.1091,0.1054,30628,30688,61,REVERSE_SIGNAL,4.033,1.375,3.391,0.1,3.291,32.91,True,OPUSDT,2,FADE,SELL,30627,2026-06-18 20:35:00
0.1054,0.1041,30689,30830,142,REVERSE_SIGNAL,5.028,0.664,1.233,0.1,1.133,11.33,True,OPUSDT,2,TREND,SELL,30688,2026-06-19 01:40:00
0.1041,0.1011,30831,30911,81,SL,1.441,2.882,-2.882,0.1,-2.982,-29.82,False,OPUSDT,2,TREND,BUY,30830,2026-06-19 13:30:00
0.1018,0.1025,31104,31217,114,REVERSE_SIGNAL,2.652,0.982,-0.688,0.1,-0.788,-7.88,False,OPUSDT,2,TREND,SELL,31103,2026-06-20 12:15:00
0.1025,0.1023,31218,31394,177,REVERSE_SIGNAL,2.634,0.683,-0.195,0.1,-0.295,-2.95,False,OPUSDT,2,TREND,BUY,31217,2026-06-20 21:45:00
0.1023,0.1036,31395,31408,14,SL,0.196,1.564,-1.271,0.1,-1.371,-13.71,False,OPUSDT,2,TREND,SELL,31394,2026-06-21 12:30:00
0.1031,0.101,31628,31762,135,SL,1.552,2.328,-2.037,0.1,-2.137,-21.37,False,OPUSDT,2,TREND,BUY,31627,2026-06-22 07:55:00
0.101,0.098,31790,31896,107,SL,0.594,3.861,-3.0,0.1,-3.1,-31.0,False,OPUSDT,2,FADE,BUY,31789,2026-06-22 21:25:00
0.1008,0.1001,31991,32286,296,REVERSE_SIGNAL,3.175,2.48,0.694,0.1,0.594,5.94,True,OPUSDT,2,FADE,SELL,31990,2026-06-23 14:10:00
0.1001,0.1025,32287,32357,71,SL,5.594,2.597,-2.398,0.1,-2.498,-24.98,False,OPUSDT,2,TREND,SELL,32286,2026-06-24 14:50:00
0.1026,0.1054,32358,32531,174,REVERSE_SIGNAL,6.628,0.78,2.729,0.1,2.629,26.29,True,OPUSDT,2,TREND,BUY,32357,2026-06-24 20:45:00
0.1054,0.1073,32532,32558,27,SL,1.044,1.992,-1.803,0.1,-1.903,-19.03,False,OPUSDT,2,TREND,SELL,32531,2026-06-25 11:15:00
0.1053,0.1021,32663,32710,48,SL,1.519,4.084,-3.039,0.1,-3.139,-31.39,False,OPUSDT,2,TREND,BUY,32662,2026-06-25 22:10:00
0.1024,0.1053,32715,32760,46,SL,1.367,3.418,-2.832,0.1,-2.932,-29.32,False,OPUSDT,2,TREND,SELL,32714,2026-06-26 02:30:00
0.1074,0.1034,32772,32821,50,SL,0.931,3.724,-3.724,0.1,-3.824,-38.24,False,OPUSDT,2,TREND,BUY,32771,2026-06-26 07:15:00
0.1026,0.1057,32827,32851,25,SL,1.267,3.021,-3.021,0.1,-3.121,-31.21,False,OPUSDT,2,TREND,SELL,32826,2026-06-26 11:50:00
0.1057,0.1046,32882,33037,156,REVERSE_SIGNAL,1.514,1.892,1.041,0.1,0.941,9.41,True,OPUSDT,2,FADE,SELL,32881,2026-06-26 16:25:00
0.1046,0.1015,33038,33188,151,SL,0.86,3.25,-3.0,0.1,-3.1,-31.0,False,OPUSDT,2,FADE,BUY,33037,2026-06-27 05:25:00
0.1016,0.0999,33446,33520,75,REVERSE_SIGNAL,1.87,0.394,1.673,0.1,1.573,15.73,True,OPUSDT,2,FADE,SELL,33445,2026-06-28 15:25:00
0.0999,0.1009,33521,33580,60,SL,1.301,1.001,-1.001,0.1,-1.101,-11.01,False,OPUSDT,2,TREND,SELL,33520,2026-06-28 21:40:00
0.1028,0.0998,33596,33724,129,REVERSE_SIGNAL,3.405,0.097,2.918,0.1,2.818,28.18,True,OPUSDT,2,FADE,SELL,33595,2026-06-29 03:55:00
0.0998,0.1023,33725,33747,23,SL,0.301,2.605,-2.505,0.1,-2.605,-26.05,False,OPUSDT,2,TREND,SELL,33724,2026-06-29 14:40:00
0.1042,0.1012,33761,33801,41,SL,0.0,2.879,-2.879,0.1,-2.979,-29.79,False,OPUSDT,2,TREND,BUY,33760,2026-06-29 17:40:00
0.1006,0.0963,33825,34191,367,REVERSE_SIGNAL,6.362,0.199,4.274,0.1,4.174,41.74,True,OPUSDT,2,TREND,SELL,33824,2026-06-29 23:00:00
0.0963,0.0943,34192,34205,14,REVERSE_SIGNAL,2.804,0.208,2.077,0.1,1.977,19.77,True,OPUSDT,2,FADE,SELL,34191,2026-07-01 05:35:00
0.0943,0.0961,34206,34293,88,REVERSE_SIGNAL,1.591,2.121,-1.909,0.1,-2.009,-20.09,False,OPUSDT,2,TREND,SELL,34205,2026-07-01 06:45:00
0.0961,0.0946,34294,34414,121,REVERSE_SIGNAL,2.706,1.457,1.561,0.1,1.461,14.61,True,OPUSDT,2,FADE,SELL,34293,2026-07-01 14:05:00
0.0946,0.0964,34415,34438,24,REVERSE_SIGNAL,2.431,0.317,1.903,0.1,1.803,18.03,True,OPUSDT,2,FADE,BUY,34414,2026-07-02 00:10:00
0.0964,0.0993,34439,34557,119,SL,0.415,3.008,-3.0,0.1,-3.1,-31.0,False,OPUSDT,2,FADE,SELL,34438,2026-07-02 02:10:00
0.1073,0.1086,35284,35482,199,REVERSE_SIGNAL,1.305,2.33,1.212,0.1,1.112,11.12,True,OPUSDT,2,FADE,BUY,35283,2026-07-05 00:35:00
0.1086,0.1062,35483,35630,148,SL,1.013,2.486,-2.21,0.1,-2.31,-23.1,False,OPUSDT,2,TREND,BUY,35482,2026-07-05 17:10:00
0.1068,0.1036,35639,35708,70,SL,0.936,3.464,-3.0,0.1,-3.1,-31.0,False,OPUSDT,2,FADE,BUY,35638,2026-07-06 06:10:00
0.108,0.106,35799,35881,83,REVERSE_SIGNAL,1.944,1.389,1.852,0.1,1.752,17.52,True,OPUSDT,2,FADE,SELL,35798,2026-07-06 19:30:00
0.106,0.1005,35882,36441,560,REVERSE_SIGNAL,9.057,0.377,5.189,0.1,5.089,50.89,True,OPUSDT,2,TREND,SELL,35881,2026-07-07 02:25:00
0.1005,0.1017,36442,36720,279,REVERSE_SIGNAL,4.975,0.796,1.194,0.1,1.094,10.94,True,OPUSDT,2,TREND,BUY,36441,2026-07-09 01:05:00
0.1017,0.1049,36721,36743,23,REVERSE_SIGNAL,3.147,0.197,3.147,0.1,3.047,30.47,True,OPUSDT,2,FADE,BUY,36720,2026-07-10 00:20:00
0.1049,0.108,36744,36835,92,SL,0.477,3.146,-3.0,0.1,-3.1,-31.0,False,OPUSDT,2,FADE,SELL,36743,2026-07-10 02:15:00
0.1045,0.1059,36891,37177,287,REVERSE_SIGNAL,1.531,1.818,1.34,0.1,1.24,12.4,True,OPUSDT,2,FADE,BUY,36890,2026-07-10 14:30:00
0.1059,0.104,37178,37275,98,SL,1.228,1.889,-1.794,0.1,-1.894,-18.94,False,OPUSDT,2,TREND,BUY,37177,2026-07-11 14:25:00
0.104,0.1023,37278,37478,201,REVERSE_SIGNAL,3.846,0.096,1.635,0.1,1.535,15.35,True,OPUSDT,2,TREND,SELL,37277,2026-07-11 22:45:00
0.1023,0.1003,37479,37556,78,REVERSE_SIGNAL,2.151,0.196,1.955,0.1,1.855,18.55,True,OPUSDT,2,FADE,SELL,37478,2026-07-12 15:30:00
0.1003,0.1022,37557,37656,100,SL,2.293,1.894,-1.894,0.1,-1.994,-19.94,False,OPUSDT,2,TREND,SELL,37556,2026-07-12 22:00:00
0.0992,0.1022,37917,38028,112,SL,0.504,3.226,-3.0,0.1,-3.1,-31.0,False,OPUSDT,2,FADE,SELL,37916,2026-07-14 04:00:00
0.1011,0.1029,38455,38517,63,SL,0.495,1.879,-1.78,0.1,-1.88,-18.8,False,OPUSDT,2,TREND,SELL,38454,2026-07-16 00:50:00
0.0975,0.0958,39053,39118,66,REVERSE_SIGNAL,1.949,0.308,1.744,0.1,1.644,16.44,True,OPUSDT,2,FADE,SELL,39052,2026-07-18 02:40:00
0.0958,0.0929,39119,39512,394,SL,0.418,3.027,-3.0,0.1,-3.1,-31.0,False,OPUSDT,2,FADE,BUY,39118,2026-07-18 08:10:00
0.0954,0.0928,39605,39666,62,REVERSE_SIGNAL,3.459,0.21,2.725,0.1,2.625,26.25,True,OPUSDT,2,FADE,SELL,39604,2026-07-20 00:40:00
0.0928,0.095,39667,39866,200,REVERSE_SIGNAL,2.694,1.185,2.371,0.1,2.271,22.71,True,OPUSDT,2,FADE,BUY,39666,2026-07-20 05:50:00
0.095,0.0979,39867,40121,255,SL,2.105,3.474,-3.0,0.1,-3.1,-31.0,False,OPUSDT,2,FADE,SELL,39866,2026-07-20 22:30:00
0.0958,0.0979,40257,40353,97,SL,0.104,2.296,-2.192,0.1,-2.292,-22.92,False,OPUSDT,2,TREND,SELL,40256,2026-07-22 07:00:00
0.0982,0.0968,40361,40456,96,REVERSE_SIGNAL,1.935,0.916,1.426,0.1,1.326,13.26,True,OPUSDT,2,FADE,SELL,40360,2026-07-22 15:40:00
0.0968,0.0939,40457,40640,184,SL,0.723,3.202,-3.0,0.1,-3.1,-31.0,False,OPUSDT,2,FADE,BUY,40456,2026-07-22 23:40:00
0.094,0.0927,40793,40889,97,REVERSE_SIGNAL,1.596,0.851,1.383,0.1,1.283,12.83,True,OPUSDT,2,FADE,SELL,40792,2026-07-24 03:40:00
0.0927,0.0925,40890,41198,309,REVERSE_SIGNAL,0.324,2.157,-0.216,0.1,-0.316,-3.16,False,OPUSDT,2,FADE,BUY,40889,2026-07-24 11:45:00
0.0925,0.0953,41199,41601,403,SL,0.541,3.135,-3.0,0.1,-3.1,-31.0,False,OPUSDT,2,FADE,SELL,41198,2026-07-25 13:30:00
0.0918,0.089,41787,41881,95,SL,0.327,3.377,-3.0,0.1,-3.1,-31.0,False,OPUSDT,2,FADE,BUY,41786,2026-07-27 14:30:00
0.0893,0.0872,42109,42235,127,SL,0.784,2.352,-2.352,0.1,-2.452,-24.52,False,OPUSDT,2,TREND,BUY,42108,2026-07-28 17:20:00
0.0871,0.0884,42237,42465,229,REVERSE_SIGNAL,2.067,1.378,1.493,0.1,1.393,13.93,True,OPUSDT,2,FADE,BUY,42236,2026-07-29 04:00:00
0.0884,0.0884,42466,42585,120,REVERSE_SIGNAL,2.941,0.905,0.0,0.1,-0.1,-1.0,False,OPUSDT,2,TREND,BUY,42465,2026-07-29 23:05:00
0.0884,0.0892,42586,42719,134,REVERSE_SIGNAL,1.131,1.471,0.905,0.1,0.805,8.05,True,OPUSDT,2,FADE,BUY,42585,2026-07-30 09:05:00
0.0892,0.088,42720,42760,41,SL,0.224,1.345,-1.345,0.1,-1.445,-14.45,False,OPUSDT,2,TREND,BUY,42719,2026-07-30 20:15:00
0.0874,0.0848,42798,42908,111,SL,1.03,3.204,-3.0,0.1,-3.1,-31.0,False,OPUSDT,2,FADE,BUY,42797,2026-07-31 02:45:00
0.0869,0.0853,42985,43053,69,REVERSE_SIGNAL,2.186,0.0,1.841,0.1,1.741,17.41,True,OPUSDT,2,FADE,SELL,42984,2026-07-31 18:20:00
0.0853,0.0827,43054,43274,221,SL,0.938,3.751,-3.0,0.1,-3.1,-31.0,False,OPUSDT,2,FADE,BUY,43053,2026-08-01 00:05:00
0.0843,0.0876,43375,44083,709,REVERSE_SIGNAL,6.524,0.237,3.915,0.1,3.815,38.15,True,OPUSDT,2,TREND,BUY,43374,2026-08-02 02:50:00
0.0876,0.0889,44084,44144,61,SL,0.457,1.484,-1.484,0.1,-1.584,-15.84,False,OPUSDT,2,TREND,SELL,44083,2026-08-04 13:55:00
0.0894,0.0881,44195,44243,49,SL,0.224,1.678,-1.454,0.1,-1.554,-15.54,False,OPUSDT,2,TREND,BUY,44194,2026-08-04 23:10:00
0.0866,0.089,44367,44421,55,REVERSE_SIGNAL,3.233,0.346,2.771,0.1,2.671,26.71,True,OPUSDT,2,FADE,BUY,44366,2026-08-05 13:30:00
0.089,0.0872,44422,44522,101,REVERSE_SIGNAL,2.247,0.225,2.022,0.1,1.922,19.22,True,OPUSDT,2,FADE,SELL,44421,2026-08-05 18:05:00
0.0872,0.0881,44523,44699,177,REVERSE_SIGNAL,1.606,2.408,1.032,0.1,0.932,9.32,True,OPUSDT,2,FADE,BUY,44522,2026-08-06 02:30:00
0.0881,0.0865,44700,44753,54,REVERSE_SIGNAL,1.93,0.114,1.816,0.1,1.716,17.16,True,OPUSDT,2,FADE,SELL,44699,2026-08-06 17:15:00
0.0865,0.0875,44754,44801,48,REVERSE_SIGNAL,1.387,0.809,1.156,0.1,1.056,10.56,True,OPUSDT,2,FADE,BUY,44753,2026-08-06 21:45:00
0.0875,0.086,44802,44960,159,REVERSE_SIGNAL,1.829,2.4,1.714,0.1,1.614,16.14,True,OPUSDT,2,FADE,SELL,44801,2026-08-07 01:45:00
0.086,0.0873,44961,45116,156,REVERSE_SIGNAL,1.744,0.698,1.512,0.1,1.412,14.12,True,OPUSDT,2,FADE,BUY,44960,2026-08-07 15:00:00
0.0873,0.0881,45117,45474,358,REVERSE_SIGNAL,2.635,0.916,0.916,0.1,0.816,8.16,True,OPUSDT,2,TREND,BUY,45116,2026-08-08 04:00:00
0.0881,0.0889,45475,45517,43,SL,0.227,0.908,-0.908,0.1,-1.008,-10.08,False,OPUSDT,2,TREND,SELL,45474,2026-08-09 09:50:00
0.0893,0.0883,45550,45636,87,SL,1.68,1.232,-1.12,0.1,-1.22,-12.2,False,OPUSDT,2,TREND,BUY,45549,2026-08-09 16:05:00
0.088,0.0898,45639,45677,39,SL,0.227,2.159,-2.045,0.1,-2.145,-21.45,False,OPUSDT,2,TREND,SELL,45638,2026-08-09 23:30:00
0.0905,0.0906,45717,45989,273,REVERSE_SIGNAL,0.552,2.652,-0.11,0.1,-0.21,-2.1,False,OPUSDT,2,FADE,SELL,45716,2026-08-10 06:00:00
0.0906,0.0879,45990,46124,135,SL,0.883,3.091,-3.0,0.1,-3.1,-31.0,False,OPUSDT,2,FADE,BUY,45989,2026-08-11 04:45:00
0.0908,0.09,46179,46306,128,REVERSE_SIGNAL,0.881,1.432,0.881,0.1,0.781,7.81,True,OPUSDT,2,FADE,SELL,46178,2026-08-11 20:30:00
0.09,0.0911,46307,46369,63,SL,0.333,1.222,-1.222,0.1,-1.322,-13.22,False,OPUSDT,2,TREND,SELL,46306,2026-08-12 07:10:00
0.0867,0.0859,46605,46650,46,SL,0.577,0.923,-0.923,0.1,-1.023,-10.23,False,OPUSDT,2,TREND,BUY,46604,2026-08-13 08:00:00
0.0861,0.0878,46716,46785,70,REVERSE_SIGNAL,1.974,0.581,1.974,0.1,1.874,18.74,True,OPUSDT,2,FADE,BUY,46715,2026-08-13 17:15:00
0.0878,0.0864,46786,46873,88,SL,2.05,1.708,-1.595,0.1,-1.695,-16.95,False,OPUSDT,2,TREND,BUY,46785,2026-08-13 23:05:00
0.0864,0.0864,46874,47087,214,REVERSE_SIGNAL,1.968,0.463,0.0,0.1,-0.1,-1.0,False,OPUSDT,2,TREND,SELL,46873,2026-08-14 06:25:00
0.0864,0.0859,47088,47250,163,REVERSE_SIGNAL,1.389,0.694,-0.579,0.1,-0.679,-6.79,False,OPUSDT,2,TREND,BUY,47087,2026-08-15 00:15:00
0.0859,0.0833,47251,47629,379,SL,0.349,3.26,-3.0,0.1,-3.1,-31.0,False,OPUSDT,2,FADE,BUY,47250,2026-08-15 13:50:00
0.0845,0.0838,47707,47806,100,REVERSE_SIGNAL,0.947,1.42,0.828,0.1,0.728,7.28,True,OPUSDT,2,FADE,SELL,47706,2026-08-17 03:50:00
0.0838,0.0827,47807,48144,338,REVERSE_SIGNAL,3.819,0.835,1.325,0.1,1.225,12.25,True,OPUSDT,2,TREND,SELL,47806,2026-08-17 12:10:00
0.0827,0.0821,48145,48187,43,SL,0.254,0.786,-0.714,0.1,-0.814,-8.14,False,OPUSDT,2,TREND,BUY,48144,2026-08-18 16:20:00
0.0817,0.0822,48209,48372,164,REVERSE_SIGNAL,0.685,0.832,0.636,0.1,0.536,5.36,True,OPUSDT,2,FADE,BUY,48208,2026-08-18 21:40:00
0.0822,0.0884,48373,48586,214,REVERSE_SIGNAL,11.834,0.182,7.565,0.1,7.465,74.65,True,OPUSDT,2,TREND,BUY,48372,2026-08-19 11:20:00
0.0884,0.0891,48587,48600,14,SL,0.023,0.769,-0.746,0.1,-0.846,-8.46,False,OPUSDT,2,TREND,SELL,48586,2026-08-20 05:10:00
0.0898,0.1122,48608,49171,564,REVERSE_SIGNAL,37.479,0.557,24.942,0.1,24.842,248.42,True,OPUSDT,2,TREND,BUY,48607,2026-08-20 06:55:00
0.1122,0.1092,49172,49507,336,REVERSE_SIGNAL,7.611,0.9,2.665,0.1,2.565,25.65,True,OPUSDT,2,TREND,SELL,49171,2026-08-22 05:55:00
0.1092,0.1088,49508,49699,192,REVERSE_SIGNAL,4.99,0.659,-0.394,0.1,-0.494,-4.94,False,OPUSDT,2,TREND,BUY,49507,2026-08-23 09:55:00
0.1088,0.1082,49700,49999,300,REVERSE_SIGNAL,2.326,2.096,0.524,0.1,0.424,4.24,True,OPUSDT,2,TREND,SELL,49699,2026-08-24 01:55:00
1.402,1.392,150,388,239,REVERSE_SIGNAL,4.922,1.141,0.713,0.1,0.613,6.13,True,RENDERUSDT,2,TREND,SELL,149,2026-03-05 00:50:00
1.392,1.378,389,578,190,REVERSE_SIGNAL,2.227,1.365,-1.006,0.1,-1.106,-11.06,False,RENDERUSDT,2,TREND,BUY,388,2026-03-05 20:45:00
1.378,1.367,579,832,254,REVERSE_SIGNAL,3.556,1.379,0.798,0.1,0.698,6.98,True,RENDERUSDT,2,TREND,SELL,578,2026-03-06 12:35:00
1.367,1.348,833,1036,204,REVERSE_SIGNAL,4.462,1.463,-1.39,0.1,-1.49,-14.9,False,RENDERUSDT,2,TREND,BUY,832,2026-03-07 09:45:00
1.348,1.394,1037,1089,53,REVERSE_SIGNAL,3.487,0.445,3.412,0.1,3.312,33.12,True,RENDERUSDT,2,FADE,BUY,1036,2026-03-08 02:45:00
1.394,1.3588,1090,1150,61,SL,0.287,2.654,-2.525,0.1,-2.625,-26.25,False,RENDERUSDT,2,TREND,BUY,1089,2026-03-08 07:10:00
1.349,1.386,1192,1239,48,REVERSE_SIGNAL,3.484,0.371,2.743,0.1,2.643,26.43,True,RENDERUSDT,2,FADE,BUY,1191,2026-03-08 15:40:00
1.386,1.4276,1240,1609,370,SL,2.742,3.03,-3.0,0.1,-3.1,-31.0,False,RENDERUSDT,2,FADE,SELL,1239,2026-03-08 19:40:00
1.476,1.497,1842,2001,160,REVERSE_SIGNAL,1.558,1.491,1.423,0.1,1.323,13.23,True,RENDERUSDT,2,FADE,BUY,1841,2026-03-10 21:50:00
1.497,1.503,2002,2184,183,REVERSE_SIGNAL,5.544,0.534,0.401,0.1,0.301,3.01,True,RENDERUSDT,2,TREND,BUY,2001,2026-03-11 11:10:00
1.503,1.5343,2185,2242,58,SL,1.131,2.861,-2.083,0.1,-2.183,-21.83,False,RENDERUSDT,2,TREND,SELL,2184,2026-03-12 02:25:00
1.549,1.793,2247,2718,472,REVERSE_SIGNAL,25.759,0.387,15.752,0.1,15.652,156.52,True,RENDERUSDT,2,TREND,BUY,2246,2026-03-12 07:35:00
1.793,1.8403,2719,2770,52,SL,1.673,2.956,-2.638,0.1,-2.738,-27.38,False,RENDERUSDT,2,TREND,SELL,2718,2026-03-13 22:55:00
1.833,1.7913,2775,2779,5,SL,0.273,2.291,-2.275,0.1,-2.375,-23.75,False,RENDERUSDT,2,TREND,BUY,2774,2026-03-14 03:35:00
1.746,1.799,2812,2899,88,REVERSE_SIGNAL,0.515,3.207,-3.036,0.1,-3.136,-31.36,False,RENDERUSDT,2,TREND,SELL,2811,2026-03-14 06:40:00
1.799,1.853,2900,3008,109,SL,1.445,3.335,-3.0,0.1,-3.1,-31.0,False,RENDERUSDT,2,FADE,SELL,2899,2026-03-14 14:00:00
1.818,1.8808,3095,3175,81,SL,0.715,3.465,-3.454,0.1,-3.554,-35.54,False,RENDERUSDT,2,TREND,SELL,3094,2026-03-15 06:15:00
1.899,1.8285,3243,3483,241,SL,0.685,4.002,-3.712,0.1,-3.812,-38.12,False,RENDERUSDT,2,TREND,BUY,3242,2026-03-15 18:35:00
1.872,1.8158,3645,3750,106,SL,1.335,3.152,-3.0,0.1,-3.1,-31.0,False,RENDERUSDT,2,FADE,BUY,3644,2026-03-17 04:05:00
1.675,1.7253,4429,4497,69,SL,0.478,3.045,-3.0,0.1,-3.1,-31.0,False,RENDERUSDT,2,FADE,SELL,4428,2026-03-19 21:25:00
1.705,1.712,4602,4918,317,REVERSE_SIGNAL,1.173,1.935,0.411,0.1,0.311,3.11,True,RENDERUSDT,2,FADE,BUY,4601,2026-03-20 11:50:00
1.712,1.655,4919,5033,115,REVERSE_SIGNAL,4.147,0.701,3.329,0.1,3.229,32.29,True,RENDERUSDT,2,FADE,SELL,4918,2026-03-21 14:15:00
1.655,1.643,5034,5386,353,REVERSE_SIGNAL,3.867,2.236,0.725,0.1,0.625,6.25,True,RENDERUSDT,2,TREND,SELL,5033,2026-03-21 23:50:00
1.643,1.6168,5387,5402,16,SL,0.061,1.765,-1.595,0.1,-1.695,-16.95,False,RENDERUSDT,2,TREND,BUY,5386,2026-03-23 05:15:00
1.603,1.6339,5414,5456,43,SL,2.059,4.741,-1.928,0.1,-2.028,-20.28,False,RENDERUSDT,2,TREND,SELL,5413,2026-03-23 07:30:00
1.668,1.713,5459,5782,324,REVERSE_SIGNAL,7.914,2.278,2.698,0.1,2.598,25.98,True,RENDERUSDT,2,TREND,BUY,5458,2026-03-23 11:15:00
1.713,1.7593,5783,5855,73,SL,1.985,3.327,-2.703,0.1,-2.803,-28.03,False,RENDERUSDT,2,TREND,SELL,5782,2026-03-24 14:15:00
1.769,1.82,5859,6220,362,REVERSE_SIGNAL,7.914,2.035,2.883,0.1,2.783,27.83,True,RENDERUSDT,2,TREND,BUY,5858,2026-03-24 20:35:00
1.82,1.803,6221,6489,269,REVERSE_SIGNAL,4.78,0.11,0.934,0.1,0.834,8.34,True,RENDERUSDT,2,TREND,SELL,6220,2026-03-26 02:45:00
1.803,1.7599,6490,6578,89,SL,1.276,2.607,-2.39,0.1,-2.49,-24.9,False,RENDERUSDT,2,TREND,BUY,6489,2026-03-27 01:10:00
1.729,1.659,6585,6846,262,REVERSE_SIGNAL,6.651,0.752,4.049,0.1,3.949,39.49,True,RENDERUSDT,2,TREND,SELL,6584,2026-03-27 09:05:00
1.659,1.682,6847,7022,176,REVERSE_SIGNAL,5.184,0.0,1.386,0.1,1.286,12.86,True,RENDERUSDT,2,TREND,BUY,6846,2026-03-28 06:55:00
1.682,1.7033,7023,7364,342,SL,4.756,1.308,-1.266,0.1,-1.366,-13.66,False,RENDERUSDT,2,TREND,SELL,7022,2026-03-28 21:35:00
1.696,1.707,7371,7514,144,REVERSE_SIGNAL,4.422,0.059,0.649,0.1,0.549,5.49,True,RENDERUSDT,2,TREND,BUY,7370,2026-03-30 02:35:00
1.707,1.712,7515,7674,160,REVERSE_SIGNAL,2.109,1.64,-0.293,0.1,-0.393,-3.93,False,RENDERUSDT,2,TREND,SELL,7514,2026-03-30 14:35:00
1.712,1.67,7675,7745,71,REVERSE_SIGNAL,2.745,0.175,2.453,0.1,2.353,23.53,True,RENDERUSDT,2,FADE,SELL,7674,2026-03-31 03:55:00
1.67,1.7088,7746,7791,46,SL,0.838,2.395,-2.323,0.1,-2.423,-24.23,False,RENDERUSDT,2,TREND,SELL,7745,2026-03-31 09:50:00
1.72,1.7716,7830,7924,95,SL,1.221,3.663,-3.0,0.1,-3.1,-31.0,False,RENDERUSDT,2,FADE,SELL,7829,2026-03-31 16:50:00
1.766,1.713,8182,8235,54,SL,2.152,3.228,-3.0,0.1,-3.1,-31.0,False,RENDERUSDT,2,FADE,BUY,8181,2026-04-01 22:10:00
1.761,1.907,8388,8842,455,REVERSE_SIGNAL,11.471,0.284,8.291,0.1,8.191,81.91,True,RENDERUSDT,2,TREND,BUY,8387,2026-04-02 15:20:00
1.907,1.899,8843,9123,281,REVERSE_SIGNAL,1.783,2.779,-0.42,0.1,-0.52,-5.2,False,RENDERUSDT,2,FADE,BUY,8842,2026-04-04 05:15:00
1.899,1.847,9124,9158,35,REVERSE_SIGNAL,3.054,0.474,2.738,0.1,2.638,26.38,True,RENDERUSDT,2,FADE,SELL,9123,2026-04-05 04:40:00
1.847,1.888,9159,9348,190,REVERSE_SIGNAL,2.545,1.354,2.22,0.1,2.12,21.2,True,RENDERUSDT,2,FADE,BUY,9158,2026-04-05 07:35:00
1.888,1.924,9349,9569,221,REVERSE_SIGNAL,5.826,0.0,1.907,0.1,1.807,18.07,True,RENDERUSDT,2,TREND,BUY,9348,2026-04-05 23:25:00
1.924,1.8663,9570,9630,61,SL,0.884,3.378,-3.0,0.1,-3.1,-31.0,False,RENDERUSDT,2,FADE,BUY,9569,2026-04-06 17:50:00
1.914,1.8753,9754,9788,35,SL,0.784,3.03,-2.022,0.1,-2.122,-21.22,False,RENDERUSDT,2,TREND,BUY,9753,2026-04-07 09:10:00
1.862,1.938,9815,9884,70,REVERSE_SIGNAL,4.404,0.322,4.082,0.1,3.982,39.82,True,RENDERUSDT,2,FADE,BUY,9814,2026-04-07 14:15:00
1.938,2.034,9885,10117,233,REVERSE_SIGNAL,9.34,0.722,4.954,0.1,4.854,48.54,True,RENDERUSDT,2,TREND,BUY,9884,2026-04-07 20:05:00
2.034,2.04,10118,10290,173,REVERSE_SIGNAL,2.999,2.163,-0.295,0.1,-0.395,-3.95,False,RENDERUSDT,2,TREND,SELL,10117,2026-04-08 15:30:00
2.04,2.0071,10291,10317,27,SL,0.49,1.814,-1.613,0.1,-1.713,-17.13,False,RENDERUSDT,2,TREND,BUY,10290,2026-04-09 05:55:00
2.039,1.9778,10553,10804,252,SL,1.422,3.139,-3.0,0.1,-3.1,-31.0,False,RENDERUSDT,2,FADE,BUY,10552,2026-04-10 03:45:00
2.029,2.001,10920,11083,164,REVERSE_SIGNAL,1.873,2.514,1.38,0.1,1.28,12.8,True,RENDERUSDT,2,FADE,SELL,10919,2026-04-11 10:20:00
2.001,1.908,11084,11536,453,REVERSE_SIGNAL,7.746,0.9,4.648,0.1,4.548,45.48,True,RENDERUSDT,2,TREND,SELL,11083,2026-04-12 00:00:00
1.908,1.896,11537,11740,204,REVERSE_SIGNAL,2.516,1.625,0.629,0.1,0.529,5.29,True,RENDERUSDT,2,FADE,SELL,11536,2026-04-13 13:45:00
1.896,1.874,11741,11966,226,REVERSE_SIGNAL,4.114,0.897,1.16,0.1,1.06,10.6,True,RENDERUSDT,2,TREND,SELL,11740,2026-04-14 06:45:00
1.874,1.869,11967,12389,423,REVERSE_SIGNAL,2.401,1.601,-0.267,0.1,-0.367,-3.67,False,RENDERUSDT,2,TREND,BUY,11966,2026-04-15 01:35:00
1.869,1.8894,12390,12393,4,SL,0.054,1.177,-1.091,0.1,-1.191,-11.91,False,RENDERUSDT,2,TREND,SELL,12389,2026-04-16 12:50:00
1.884,1.837,12474,12593,120,REVERSE_SIGNAL,2.76,0.584,2.495,0.1,2.395,23.95,True,RENDERUSDT,2,FADE,SELL,12473,2026-04-16 19:50:00
1.837,1.877,12594,12671,78,REVERSE_SIGNAL,2.776,0.381,2.177,0.1,2.077,20.77,True,RENDERUSDT,2,FADE,BUY,12593,2026-04-17 05:50:00
1.877,1.886,12672,12782,111,REVERSE_SIGNAL,4.635,0.586,0.479,0.1,0.379,3.79,True,RENDERUSDT,2,TREND,BUY,12671,2026-04-17 12:20:00
1.886,1.787,12783,13241,459,REVERSE_SIGNAL,7.9,0.689,5.249,0.1,5.149,51.49,True,RENDERUSDT,2,TREND,SELL,12782,2026-04-17 21:35:00
1.787,1.7589,13242,13309,68,SL,1.567,1.847,-1.572,0.1,-1.672,-16.72,False,RENDERUSDT,2,TREND,BUY,13241,2026-04-19 11:50:00
1.746,1.767,13315,13477,163,REVERSE_SIGNAL,2.119,1.833,1.203,0.1,1.103,11.03,True,RENDERUSDT,2,FADE,BUY,13314,2026-04-19 17:55:00
1.767,1.76,13478,13882,405,REVERSE_SIGNAL,0.623,2.547,0.396,0.1,0.296,2.96,True,RENDERUSDT,2,FADE,SELL,13477,2026-04-20 07:30:00
1.76,1.795,13883,13970,88,REVERSE_SIGNAL,2.216,0.795,1.989,0.1,1.889,18.89,True,RENDERUSDT,2,FADE,BUY,13882,2026-04-21 17:15:00
1.795,1.815,13971,14199,229,REVERSE_SIGNAL,4.234,0.613,1.114,0.1,1.014,10.14,True,RENDERUSDT,2,TREND,BUY,13970,2026-04-22 00:35:00
1.815,1.819,14200,14435,236,REVERSE_SIGNAL,2.149,1.267,-0.22,0.1,-0.32,-3.2,False,RENDERUSDT,2,TREND,SELL,14199,2026-04-22 19:40:00
1.819,1.775,14436,14463,28,REVERSE_SIGNAL,2.859,0.11,2.419,0.1,2.319,23.19,True,RENDERUSDT,2,FADE,SELL,14435,2026-04-23 15:20:00
1.775,1.816,14464,14676,213,REVERSE_SIGNAL,2.366,0.563,2.31,0.1,2.21,22.1,True,RENDERUSDT,2,FADE,BUY,14463,2026-04-23 17:40:00
1.816,1.7927,14677,14739,63,SL,0.551,1.322,-1.283,0.1,-1.383,-13.83,False,RENDERUSDT,2,TREND,BUY,14676,2026-04-24 11:25:00
1.782,1.804,14811,14926,116,REVERSE_SIGNAL,1.459,0.224,1.235,0.1,1.135,11.35,True,RENDERUSDT,2,FADE,BUY,14810,2026-04-24 22:35:00
1.804,1.785,14927,14972,46,REVERSE_SIGNAL,1.497,0.942,1.053,0.1,0.953,9.53,True,RENDERUSDT,2,FADE,SELL,14926,2026-04-25 08:15:00
1.785,1.799,14973,15109,137,REVERSE_SIGNAL,1.008,0.896,0.784,0.1,0.684,6.84,True,RENDERUSDT,2,FADE,BUY,14972,2026-04-25 12:05:00
1.799,1.804,15110,15271,162,REVERSE_SIGNAL,0.445,2.668,-0.278,0.1,-0.378,-3.78,False,RENDERUSDT,2,FADE,SELL,15109,2026-04-25 23:30:00
1.804,1.834,15272,15411,140,REVERSE_SIGNAL,1.829,0.388,1.663,0.1,1.563,15.63,True,RENDERUSDT,2,FADE,BUY,15271,2026-04-26 13:00:00
1.834,1.8077,15412,15467,56,SL,1.636,1.69,-1.434,0.1,-1.534,-15.34,False,RENDERUSDT,2,TREND,BUY,15411,2026-04-27 00:40:00
1.809,1.7547,15472,15587,116,SL,0.276,3.206,-3.0,0.1,-3.1,-31.0,False,RENDERUSDT,2,FADE,BUY,15471,2026-04-27 05:40:00
1.787,1.756,15684,15777,94,REVERSE_SIGNAL,1.903,0.336,1.735,0.1,1.635,16.35,True,RENDERUSDT,2,FADE,SELL,15683,2026-04-27 23:20:00
1.756,1.766,15778,16022,245,REVERSE_SIGNAL,0.797,1.253,0.569,0.1,0.469,4.69,True,RENDERUSDT,2,FADE,BUY,15777,2026-04-28 07:10:00
1.766,1.752,16023,16130,108,REVERSE_SIGNAL,1.699,1.189,-0.793,0.1,-0.893,-8.93,False,RENDERUSDT,2,TREND,BUY,16022,2026-04-29 03:35:00
1.752,1.714,16131,16285,155,REVERSE_SIGNAL,5.594,0.171,2.169,0.1,2.069,20.69,True,RENDERUSDT,2,TREND,SELL,16130,2026-04-29 12:35:00
1.714,1.678,16286,16323,38,REVERSE_SIGNAL,2.159,0.117,2.1,0.1,2.0,20.0,True,RENDERUSDT,2,FADE,SELL,16285,2026-04-30 01:30:00
1.678,1.692,16324,16600,277,REVERSE_SIGNAL,1.43,0.954,0.834,0.1,0.734,7.34,True,RENDERUSDT,2,FADE,BUY,16323,2026-04-30 04:40:00
1.692,1.7428,16601,17072,472,SL,0.768,3.073,-3.0,0.1,-3.1,-31.0,False,RENDERUSDT,2,FADE,SELL,16600,2026-05-01 03:45:00
1.829,1.848,17554,17830,277,REVERSE_SIGNAL,1.367,1.367,1.039,0.1,0.939,9.39,True,RENDERUSDT,2,FADE,BUY,17553,2026-05-04 11:10:00
1.848,1.906,17831,18163,333,REVERSE_SIGNAL,7.955,0.487,3.139,0.1,3.039,30.39,True,RENDERUSDT,2,TREND,BUY,17830,2026-05-05 10:15:00
1.906,1.973,18164,18366,203,REVERSE_SIGNAL,3.83,0.525,3.515,0.1,3.415,34.15,True,RENDERUSDT,2,FADE,BUY,18163,2026-05-06 14:00:00
1.973,1.945,18367,18463,97,REVERSE_SIGNAL,2.788,1.774,-1.419,0.1,-1.519,-15.19,False,RENDERUSDT,2,TREND,BUY,18366,2026-05-07 06:55:00
1.945,1.978,18464,18669,206,REVERSE_SIGNAL,1.183,1.902,-1.697,0.1,-1.797,-17.97,False,RENDERUSDT,2,TREND,SELL,18463,2026-05-07 15:00:00
1.978,2.017,18670,18941,272,REVERSE_SIGNAL,5.359,1.314,1.972,0.1,1.872,18.72,True,RENDERUSDT,2,TREND,BUY,18669,2026-05-08 08:10:00
2.017,2.025,18942,19244,303,REVERSE_SIGNAL,2.231,0.446,-0.397,0.1,-0.497,-4.97,False,RENDERUSDT,2,TREND,SELL,18941,2026-05-09 06:50:00
2.025,1.982,19245,19397,153,REVERSE_SIGNAL,3.407,2.765,2.123,0.1,2.023,20.23,True,RENDERUSDT,2,FADE,SELL,19244,2026-05-10 08:05:00
1.982,2.002,19398,19557,160,REVERSE_SIGNAL,2.422,2.22,-1.009,0.1,-1.109,-11.09,False,RENDERUSDT,2,TREND,SELL,19397,2026-05-10 20:50:00
2.002,1.974,19558,19647,90,REVERSE_SIGNAL,2.597,0.25,1.399,0.1,1.299,12.99,True,RENDERUSDT,2,FADE,SELL,19557,2026-05-11 10:10:00
1.974,1.908,19648,19988,341,REVERSE_SIGNAL,6.434,0.709,3.343,0.1,3.243,32.43,True,RENDERUSDT,2,TREND,SELL,19647,2026-05-11 17:40:00
1.908,1.909,19989,20158,170,REVERSE_SIGNAL,0.629,2.411,-0.052,0.1,-0.152,-1.52,False,RENDERUSDT,2,FADE,SELL,19988,2026-05-12 22:05:00
1.909,1.883,20159,20312,154,REVERSE_SIGNAL,4.557,0.052,1.362,0.1,1.262,12.62,True,RENDERUSDT,2,TREND,SELL,20158,2026-05-13 12:15:00
1.883,1.8598,20313,20336,24,SL,0.159,1.699,-1.232,0.1,-1.332,-13.32,False,RENDERUSDT,2,TREND,BUY,20312,2026-05-14 01:05:00
1.84,1.875,20344,20368,25,SL,0.489,2.011,-1.902,0.1,-2.002,-20.02,False,RENDERUSDT,2,TREND,SELL,20343,2026-05-14 03:40:00
1.883,1.891,20455,20647,193,REVERSE_SIGNAL,3.452,1.009,0.425,0.1,0.325,3.25,True,RENDERUSDT,2,TREND,BUY,20454,2026-05-14 12:55:00
1.891,1.868,20648,20852,205,REVERSE_SIGNAL,5.288,0.846,1.216,0.1,1.116,11.16,True,RENDERUSDT,2,TREND,SELL,20647,2026-05-15 05:00:00
1.868,1.864,20853,20936,84,REVERSE_SIGNAL,2.837,0.589,-0.214,0.1,-0.314,-3.14,False,RENDERUSDT,2,TREND,BUY,20852,2026-05-15 22:05:00
1.864,1.835,20937,21060,124,REVERSE_SIGNAL,4.775,0.483,1.556,0.1,1.456,14.56,True,RENDERUSDT,2,TREND,SELL,20936,2026-05-16 05:05:00
1.835,1.814,21061,21163,103,SL,1.144,1.199,-1.144,0.1,-1.244,-12.44,False,RENDERUSDT,2,TREND,BUY,21060,2026-05-16 15:25:00
1.811,1.8408,21179,21223,45,SL,0.663,1.822,-1.645,0.1,-1.745,-17.45,False,RENDERUSDT,2,TREND,SELL,21178,2026-05-17 01:15:00
1.84,1.817,21227,21370,144,REVERSE_SIGNAL,1.576,0.435,1.25,0.1,1.15,11.5,True,RENDERUSDT,2,FADE,SELL,21226,2026-05-17 05:15:00
1.817,1.7625,21371,21447,77,SL,1.541,4.678,-3.0,0.1,-3.1,-31.0,False,RENDERUSDT,2,FADE,BUY,21370,2026-05-17 17:15:00
1.792,1.8,21696,21878,183,REVERSE_SIGNAL,3.181,0.725,0.446,0.1,0.346,3.46,True,RENDERUSDT,2,TREND,BUY,21695,2026-05-18 20:20:00
1.8,1.8265,21879,21938,60,SL,1.111,1.667,-1.472,0.1,-1.572,-15.72,False,RENDERUSDT,2,TREND,SELL,21878,2026-05-19 11:35:00
1.856,1.811,21944,22015,72,REVERSE_SIGNAL,0.054,2.694,-2.425,0.1,-2.525,-25.25,False,RENDERUSDT,2,TREND,BUY,21943,2026-05-19 17:00:00
1.811,1.846,22016,22093,78,REVERSE_SIGNAL,2.264,0.663,1.933,0.1,1.833,18.33,True,RENDERUSDT,2,FADE,BUY,22015,2026-05-19 23:00:00
1.846,1.904,22094,22444,351,REVERSE_SIGNAL,6.392,0.163,3.142,0.1,3.042,30.42,True,RENDERUSDT,2,TREND,BUY,22093,2026-05-20 05:30:00
1.904,1.944,22445,22534,90,REVERSE_SIGNAL,2.153,0.893,2.101,0.1,2.001,20.01,True,RENDERUSDT,2,FADE,BUY,22444,2026-05-21 10:45:00
1.944,2.0023,22535,22657,123,SL,1.44,3.395,-3.0,0.1,-3.1,-31.0,False,RENDERUSDT,2,FADE,SELL,22534,2026-05-21 18:15:00
1.976,1.838,22801,23052,252,REVERSE_SIGNAL,10.779,0.86,6.984,0.1,6.884,68.84,True,RENDERUSDT,2,TREND,SELL,22800,2026-05-22 16:25:00
1.838,1.924,23053,23351,299,REVERSE_SIGNAL,10.011,0.762,4.679,0.1,4.579,45.79,True,RENDERUSDT,2,TREND,BUY,23052,2026-05-23 13:25:00
1.924,1.986,23352,23390,39,SL,0.312,3.534,-3.222,0.1,-3.322,-33.22,False,RENDERUSDT,2,TREND,SELL,23351,2026-05-24 14:20:00
2.003,2.0631,23457,23596,140,SL,1.598,3.794,-3.0,0.1,-3.1,-31.0,False,RENDERUSDT,2,FADE,SELL,23456,2026-05-24 23:05:00
2.303,2.259,23996,24187,192,REVERSE_SIGNAL,5.905,2.084,1.911,0.1,1.811,18.11,True,RENDERUSDT,2,TREND,SELL,23995,2026-05-26 20:00:00
2.259,2.2155,24188,24207,20,SL,1.771,1.992,-1.926,0.1,-2.026,-20.26,False,RENDERUSDT,2,TREND,BUY,24187,2026-05-27 12:00:00
2.167,2.102,24255,24337,83,SL,2.03,3.184,-3.0,0.1,-3.1,-31.0,False,RENDERUSDT,2,FADE,BUY,24254,2026-05-27 17:35:00
2.05,1.9853,24630,24668,39,SL,1.561,3.268,-3.156,0.1,-3.256,-32.56,False,RENDERUSDT,2,TREND,BUY,24629,2026-05-29 00:50:00
1.981,2.0504,24776,24806,31,SL,2.07,3.937,-3.503,0.1,-3.603,-36.03,False,RENDERUSDT,2,TREND,SELL,24775,2026-05-29 13:00:00
2.06,2.0021,24837,24850,14,SL,0.049,3.447,-2.811,0.1,-2.911,-29.11,False,RENDERUSDT,2,TREND,BUY,24836,2026-05-29 18:05:00
1.957,2.033,24882,25050,169,REVERSE_SIGNAL,4.088,1.38,3.883,0.1,3.783,37.83,True,RENDERUSDT,2,FADE,BUY,24881,2026-05-29 21:50:00
2.033,2.024,25051,25367,317,REVERSE_SIGNAL,5.903,1.328,-0.443,0.1,-0.543,-5.43,False,RENDERUSDT,2,TREND,BUY,25050,2026-05-30 11:55:00
2.024,2.085,25368,25453,86,REVERSE_SIGNAL,1.038,3.458,-3.014,0.1,-3.114,-31.14,False,RENDERUSDT,2,TREND,SELL,25367,2026-05-31 14:20:00
2.085,2.036,25454,25578,125,SL,3.741,2.35,-2.35,0.1,-2.45,-24.5,False,RENDERUSDT,2,TREND,BUY,25453,2026-05-31 21:30:00
2.039,2.104,25583,25704,122,REVERSE_SIGNAL,4.12,3.139,-3.188,0.1,-3.288,-32.88,False,RENDERUSDT,2,TREND,SELL,25582,2026-06-01 08:15:00
2.104,2.083,25705,25953,249,REVERSE_SIGNAL,7.129,2.757,-0.998,0.1,-1.098,-10.98,False,RENDERUSDT,2,TREND,BUY,25704,2026-06-01 18:25:00
2.083,2.168,25954,26093,140,REVERSE_SIGNAL,4.657,4.369,-4.081,0.1,-4.181,-41.81,False,RENDERUSDT,2,TREND,SELL,25953,2026-06-02 15:10:00
2.168,2.13,26094,26263,170,REVERSE_SIGNAL,4.751,4.059,-1.753,0.1,-1.853,-18.53,False,RENDERUSDT,2,TREND,BUY,26093,2026-06-03 02:50:00
2.13,2.2133,26264,26322,59,SL,2.347,4.085,-3.911,0.1,-4.011,-40.11,False,RENDERUSDT,2,TREND,SELL,26263,2026-06-03 17:00:00
1.986,1.9016,26545,26602,58,SL,1.813,4.381,-4.25,0.1,-4.35,-43.5,False,RENDERUSDT,2,TREND,BUY,26544,2026-06-04 16:25:00
1.871,1.699,26609,26890,282,REVERSE_SIGNAL,16.729,1.122,9.193,0.1,9.093,90.93,True,RENDERUSDT,2,TREND,SELL,26608,2026-06-04 21:45:00
1.699,1.6291,26891,26959,69,SL,1.354,4.179,-4.114,0.1,-4.214,-42.14,False,RENDERUSDT,2,TREND,BUY,26890,2026-06-05 21:15:00
1.625,1.644,26964,27229,266,REVERSE_SIGNAL,4.862,2.338,-1.169,0.1,-1.269,-12.69,False,RENDERUSDT,2,TREND,SELL,26963,2026-06-06 03:20:00
1.644,1.6933,27230,27291,62,SL,1.217,3.041,-3.0,0.1,-3.1,-31.0,False,RENDERUSDT,2,FADE,SELL,27229,2026-06-07 01:30:00
1.629,1.671,27363,27400,38,REVERSE_SIGNAL,3.622,0.552,2.578,0.1,2.478,24.78,True,RENDERUSDT,2,FADE,BUY,27362,2026-06-07 12:35:00
1.671,1.6479,27401,27438,38,SL,0.898,1.496,-1.382,0.1,-1.482,-14.82,False,RENDERUSDT,2,TREND,BUY,27400,2026-06-07 15:45:00
1.608,1.6685,27446,27477,32,SL,0.684,5.41,-3.762,0.1,-3.862,-38.62,False,RENDERUSDT,2,TREND,SELL,27445,2026-06-07 19:30:00
1.678,1.6212,27485,27567,83,SL,1.311,3.397,-3.385,0.1,-3.485,-34.85,False,RENDERUSDT,2,TREND,BUY,27484,2026-06-07 22:45:00
1.623,1.646,27792,27873,82,REVERSE_SIGNAL,2.28,2.218,-1.417,0.1,-1.517,-15.17,False,RENDERUSDT,2,TREND,SELL,27791,2026-06-09 00:20:00
1.646,1.598,27874,27973,100,REVERSE_SIGNAL,3.341,0.668,2.916,0.1,2.816,28.16,True,RENDERUSDT,2,FADE,SELL,27873,2026-06-09 07:10:00
1.598,1.603,27974,28240,267,REVERSE_SIGNAL,4.568,2.441,-0.313,0.1,-0.413,-4.13,False,RENDERUSDT,2,TREND,SELL,27973,2026-06-09 15:30:00
1.603,1.5525,28241,28264,24,SL,0.062,3.618,-3.15,0.1,-3.25,-32.5,False,RENDERUSDT,2,TREND,BUY,28240,2026-06-10 13:45:00
1.513,1.5683,28317,28410,94,SL,2.247,3.833,-3.655,0.1,-3.755,-37.55,False,RENDERUSDT,2,TREND,SELL,28316,2026-06-10 20:05:00
1.563,1.613,28411,28733,323,REVERSE_SIGNAL,6.974,1.855,3.199,0.1,3.099,30.99,True,RENDERUSDT,2,TREND,BUY,28410,2026-06-11 03:55:00
1.613,1.669,28734,28764,31,REVERSE_SIGNAL,3.596,0.434,3.472,0.1,3.372,33.72,True,RENDERUSDT,2,FADE,BUY,28733,2026-06-12 06:50:00
1.669,1.7191,28765,29027,263,SL,2.457,3.116,-3.0,0.1,-3.1,-31.0,False,RENDERUSDT,2,FADE,SELL,28764,2026-06-12 09:25:00
1.731,1.7714,29391,29482,92,SL,1.56,2.831,-2.334,0.1,-2.434,-24.34,False,RENDERUSDT,2,TREND,SELL,29390,2026-06-14 13:35:00
1.788,1.8416,29487,29567,81,SL,0.559,3.356,-3.0,0.1,-3.1,-31.0,False,RENDERUSDT,2,FADE,SELL,29486,2026-06-14 21:35:00
1.791,1.793,29750,29884,135,REVERSE_SIGNAL,2.903,0.838,-0.112,0.1,-0.212,-2.12,False,RENDERUSDT,2,TREND,SELL,29749,2026-06-15 19:30:00
1.793,1.7686,29885,29960,76,SL,1.729,1.45,-1.361,0.1,-1.461,-14.61,False,RENDERUSDT,2,TREND,BUY,29884,2026-06-16 06:45:00
1.754,1.754,29970,30169,200,REVERSE_SIGNAL,2.965,0.912,0.0,0.1,-0.1,-1.0,False,RENDERUSDT,2,TREND,SELL,29969,2026-06-16 13:50:00
1.754,1.702,30170,30197,28,REVERSE_SIGNAL,3.592,0.114,2.965,0.1,2.865,28.65,True,RENDERUSDT,2,FADE,SELL,30169,2026-06-17 06:30:00
1.702,1.7483,30198,30288,91,SL,1.351,3.467,-2.72,0.1,-2.82,-28.2,False,RENDERUSDT,2,TREND,SELL,30197,2026-06-17 08:50:00
1.757,1.666,30289,30330,42,REVERSE_SIGNAL,5.521,0.114,5.179,0.1,5.079,50.79,True,RENDERUSDT,2,FADE,SELL,30288,2026-06-17 16:25:00
1.666,1.731,30331,30393,63,REVERSE_SIGNAL,4.202,0.84,3.902,0.1,3.802,38.02,True,RENDERUSDT,2,FADE,BUY,30330,2026-06-17 19:55:00
1.731,1.6949,30394,30423,30,SL,0.289,2.137,-2.085,0.1,-2.185,-21.85,False,RENDERUSDT,2,TREND,BUY,30393,2026-06-18 01:10:00
1.666,1.707,30431,30474,44,REVERSE_SIGNAL,3.241,0.54,2.461,0.1,2.361,23.61,True,RENDERUSDT,2,FADE,BUY,30430,2026-06-18 04:15:00
1.707,1.631,30475,30569,95,REVERSE_SIGNAL,4.921,0.996,4.452,0.1,4.352,43.52,True,RENDERUSDT,2,FADE,SELL,30474,2026-06-18 07:55:00
1.631,1.72,30570,30669,100,REVERSE_SIGNAL,5.518,0.858,5.457,0.1,5.357,53.57,True,RENDERUSDT,2,FADE,BUY,30569,2026-06-18 15:50:00
1.72,1.6582,30670,30758,89,SL,2.5,3.779,-3.593,0.1,-3.693,-36.93,False,RENDERUSDT,2,TREND,BUY,30669,2026-06-19 00:10:00
1.667,1.735,30765,30833,69,REVERSE_SIGNAL,4.319,1.02,4.079,0.1,3.979,39.79,True,RENDERUSDT,2,FADE,BUY,30764,2026-06-19 08:05:00
1.735,1.716,30834,31116,283,REVERSE_SIGNAL,1.671,2.133,1.095,0.1,0.995,9.95,True,RENDERUSDT,2,FADE,SELL,30833,2026-06-19 13:50:00
1.716,1.6645,31117,31496,380,SL,2.389,4.196,-3.0,0.1,-3.1,-31.0,False,RENDERUSDT,2,FADE,BUY,31116,2026-06-20 13:25:00
1.7,1.667,31679,31762,84,REVERSE_SIGNAL,2.529,0.941,1.941,0.1,1.841,18.41,True,RENDERUSDT,2,FADE,SELL,31678,2026-06-22 12:15:00
1.667,1.592,31763,32111,349,REVERSE_SIGNAL,8.638,0.36,4.499,0.1,4.399,43.99,True,RENDERUSDT,2,TREND,SELL,31762,2026-06-22 19:15:00
1.592,1.575,32112,32245,134,REVERSE_SIGNAL,1.57,1.256,-1.068,0.1,-1.168,-11.68,False,RENDERUSDT,2,TREND,BUY,32111,2026-06-24 00:20:00
1.575,1.5994,32246,32248,3,SL,0.0,2.032,-1.549,0.1,-1.649,-16.49,False,RENDERUSDT,2,TREND,SELL,32245,2026-06-24 11:30:00
1.572,1.549,32356,32505,150,REVERSE_SIGNAL,1.145,1.59,-1.463,0.1,-1.563,-15.63,False,RENDERUSDT,2,TREND,BUY,32355,2026-06-24 20:40:00
1.549,1.5672,32506,32557,52,SL,0.968,1.356,-1.175,0.1,-1.275,-12.75,False,RENDERUSDT,2,TREND,SELL,32505,2026-06-25 09:10:00
1.523,1.4948,32776,32801,26,SL,0.197,1.97,-1.852,0.1,-1.952,-19.52,False,RENDERUSDT,2,TREND,BUY,32775,2026-06-26 07:40:00
1.476,1.548,32836,32875,40,REVERSE_SIGNAL,5.894,0.949,4.878,0.1,4.778,47.78,True,RENDERUSDT,2,FADE,BUY,32835,2026-06-26 12:40:00
1.548,1.5944,32876,32971,96,SL,1.227,3.682,-3.0,0.1,-3.1,-31.0,False,RENDERUSDT,2,FADE,SELL,32875,2026-06-26 16:00:00
1.593,1.573,33150,33366,217,REVERSE_SIGNAL,4.08,0.942,1.255,0.1,1.155,11.55,True,RENDERUSDT,2,TREND,SELL,33149,2026-06-27 14:50:00
1.573,1.543,33367,33428,62,REVERSE_SIGNAL,2.289,0.191,1.907,0.1,1.807,18.07,True,RENDERUSDT,2,FADE,SELL,33366,2026-06-28 08:55:00
1.543,1.5633,33429,33595,167,SL,2.074,1.685,-1.316,0.1,-1.416,-14.16,False,RENDERUSDT,2,TREND,SELL,33428,2026-06-28 14:05:00
1.558,1.6047,33626,33762,137,SL,1.669,3.017,-3.0,0.1,-3.1,-31.0,False,RENDERUSDT,2,FADE,SELL,33625,2026-06-29 06:30:00
1.548,1.5016,33860,33973,114,SL,0.388,3.23,-3.0,0.1,-3.1,-31.0,False,RENDERUSDT,2,FADE,BUY,33859,2026-06-30 02:00:00
1.537,1.5,34297,34410,114,REVERSE_SIGNAL,2.537,1.236,2.407,0.1,2.307,23.07,True,RENDERUSDT,2,FADE,SELL,34296,2026-07-01 14:25:00
1.5,1.531,34411,34450,40,REVERSE_SIGNAL,2.267,0.533,2.067,0.1,1.967,19.67,True,RENDERUSDT,2,FADE,BUY,34410,2026-07-01 23:55:00
1.531,1.593,34451,35041,591,REVERSE_SIGNAL,6.793,0.196,4.05,0.1,3.95,39.5,True,RENDERUSDT,2,TREND,BUY,34450,2026-07-02 03:15:00
1.593,1.608,35042,35180,139,REVERSE_SIGNAL,1.193,1.067,0.942,0.1,0.842,8.42,True,RENDERUSDT,2,FADE,BUY,35041,2026-07-04 04:30:00
1.608,1.599,35181,35328,148,REVERSE_SIGNAL,1.99,1.182,-0.56,0.1,-0.66,-6.6,False,RENDERUSDT,2,TREND,BUY,35180,2026-07-04 16:05:00
1.599,1.607,35329,35537,209,REVERSE_SIGNAL,0.813,2.126,0.5,0.1,0.4,4.0,True,RENDERUSDT,2,FADE,BUY,35328,2026-07-05 04:25:00
1.607,1.59,35538,35636,99,REVERSE_SIGNAL,1.369,1.307,1.058,0.1,0.958,9.58,True,RENDERUSDT,2,FADE,SELL,35537,2026-07-05 21:50:00
1.59,1.6098,35637,35757,121,SL,2.704,1.321,-1.245,0.1,-1.345,-13.45,False,RENDERUSDT,2,TREND,SELL,35636,2026-07-06 06:05:00
1.612,1.594,35765,35896,132,REVERSE_SIGNAL,1.303,1.675,1.117,0.1,1.017,10.17,True,RENDERUSDT,2,FADE,SELL,35764,2026-07-06 16:45:00
1.594,1.6153,35897,35996,100,SL,1.317,1.38,-1.336,0.1,-1.436,-14.36,False,RENDERUSDT,2,TREND,SELL,35896,2026-07-07 03:45:00
1.614,1.578,35998,36027,30,REVERSE_SIGNAL,2.912,0.062,2.23,0.1,2.13,21.3,True,RENDERUSDT,2,FADE,SELL,35997,2026-07-07 12:10:00
1.578,1.5307,36028,36165,138,SL,1.711,3.169,-3.0,0.1,-3.1,-31.0,False,RENDERUSDT,2,FADE,BUY,36027,2026-07-07 14:40:00
1.543,1.55,36483,36892,410,REVERSE_SIGNAL,2.463,0.648,0.454,0.1,0.354,3.54,True,RENDERUSDT,2,TREND,BUY,36482,2026-07-09 04:35:00
1.55,1.572,36893,36990,98,REVERSE_SIGNAL,1.548,0.323,1.419,0.1,1.319,13.19,True,RENDERUSDT,2,FADE,BUY,36892,2026-07-10 14:45:00
1.572,1.561,36991,37281,291,REVERSE_SIGNAL,0.891,1.081,0.7,0.1,0.6,6.0,True,RENDERUSDT,2,FADE,SELL,36990,2026-07-10 22:55:00
1.561,1.551,37282,37437,156,REVERSE_SIGNAL,2.37,0.064,0.641,0.1,0.541,5.41,True,RENDERUSDT,2,TREND,SELL,37281,2026-07-11 23:10:00
1.551,1.5402,37438,37505,68,SL,0.451,0.709,-0.696,0.1,-0.796,-7.96,False,RENDERUSDT,2,TREND,BUY,37437,2026-07-12 12:10:00
1.531,1.4851,37556,37790,235,SL,1.241,3.005,-3.0,0.1,-3.1,-31.0,False,RENDERUSDT,2,FADE,BUY,37555,2026-07-12 22:00:00
1.5,1.4857,37969,37981,13,SL,0.0,1.0,-0.953,0.1,-1.053,-10.53,False,RENDERUSDT,2,TREND,BUY,37968,2026-07-14 08:25:00
1.523,1.4773,38415,38719,305,SL,0.985,3.02,-3.0,0.1,-3.1,-31.0,False,RENDERUSDT,2,FADE,BUY,38414,2026-07-15 21:35:00
1.49,1.463,38937,39130,194,REVERSE_SIGNAL,1.879,0.134,1.812,0.1,1.712,17.12,True,RENDERUSDT,2,FADE,SELL,38936,2026-07-17 17:05:00
1.463,1.4747,39131,39218,88,SL,0.684,0.889,-0.8,0.1,-0.9,-9.0,False,RENDERUSDT,2,TREND,SELL,39130,2026-07-18 09:15:00
1.477,1.473,39285,39701,417,REVERSE_SIGNAL,0.745,1.557,0.271,0.1,0.171,1.71,True,RENDERUSDT,2,FADE,SELL,39284,2026-07-18 22:05:00
1.473,1.497,39702,39758,57,REVERSE_SIGNAL,1.765,0.204,1.629,0.1,1.529,15.29,True,RENDERUSDT,2,FADE,BUY,39701,2026-07-20 08:50:00
1.497,1.537,39759,40089,331,REVERSE_SIGNAL,4.476,1.069,2.672,0.1,2.572,25.72,True,RENDERUSDT,2,TREND,BUY,39758,2026-07-20 13:35:00
1.537,1.527,40090,40340,251,REVERSE_SIGNAL,0.846,2.342,-0.651,0.1,-0.751,-7.51,False,RENDERUSDT,2,FADE,BUY,40089,2026-07-21 17:10:00
1.527,1.51,40341,40443,103,REVERSE_SIGNAL,1.244,0.655,1.113,0.1,1.013,10.13,True,RENDERUSDT,2,FADE,SELL,40340,2026-07-22 14:05:00
1.51,1.4647,40444,40749,306,SL,0.464,3.179,-3.0,0.1,-3.1,-31.0,False,RENDERUSDT,2,FADE,BUY,40443,2026-07-22 22:40:00
1.488,1.454,40813,40904,92,REVERSE_SIGNAL,2.755,0.605,2.285,0.1,2.185,21.85,True,RENDERUSDT,2,FADE,SELL,40812,2026-07-24 05:25:00
1.454,1.46,40905,41234,330,REVERSE_SIGNAL,1.1,1.169,0.413,0.1,0.313,3.13,True,RENDERUSDT,2,FADE,BUY,40904,2026-07-24 13:05:00
1.46,1.473,41235,41539,305,REVERSE_SIGNAL,0.411,2.123,-0.89,0.1,-0.99,-9.9,False,RENDERUSDT,2,FADE,SELL,41234,2026-07-25 16:35:00
1.473,1.487,41540,41600,61,REVERSE_SIGNAL,1.018,0.475,0.95,0.1,0.85,8.5,True,RENDERUSDT,2,FADE,BUY,41539,2026-07-26 18:00:00
1.487,1.459,41601,41790,190,REVERSE_SIGNAL,2.757,0.807,1.883,0.1,1.783,17.83,True,RENDERUSDT,2,FADE,SELL,41600,2026-07-26 23:05:00
1.459,1.4152,41791,41886,96,SL,0.411,3.153,-3.0,0.1,-3.1,-31.0,False,RENDERUSDT,2,FADE,BUY,41790,2026-07-27 14:55:00
1.43,1.4049,42089,42228,140,SL,0.07,1.958,-1.755,0.1,-1.855,-18.55,False,RENDERUSDT,2,TREND,BUY,42088,2026-07-28 15:45:00
1.398,1.416,42232,42415,184,REVERSE_SIGNAL,1.931,1.288,1.288,0.1,1.188,11.88,True,RENDERUSDT,2,FADE,BUY,42231,2026-07-29 03:40:00
1.416,1.4,42416,42793,378,REVERSE_SIGNAL,3.531,0.989,1.13,0.1,1.03,10.3,True,RENDERUSDT,2,FADE,SELL,42415,2026-07-29 19:00:00
1.4,1.358,42794,42933,140,SL,0.571,3.143,-3.0,0.1,-3.1,-31.0,False,RENDERUSDT,2,FADE,BUY,42793,2026-07-31 02:30:00
1.387,1.376,43084,43169,86,REVERSE_SIGNAL,0.865,0.505,0.793,0.1,0.693,6.93,True,RENDERUSDT,2,FADE,SELL,43083,2026-08-01 02:40:00
1.376,1.373,43170,43366,197,REVERSE_SIGNAL,0.073,2.762,-0.218,0.1,-0.318,-3.18,False,RENDERUSDT,2,FADE,BUY,43169,2026-08-01 09:50:00
1.373,1.365,43367,43664,298,REVERSE_SIGNAL,0.728,1.02,0.583,0.1,0.483,4.83,True,RENDERUSDT,2,FADE,SELL,43366,2026-08-02 02:15:00
1.365,1.371,43665,43802,138,REVERSE_SIGNAL,0.586,1.465,0.44,0.1,0.34,3.4,True,RENDERUSDT,2,FADE,BUY,43664,2026-08-03 03:05:00
1.371,1.352,43803,44003,201,REVERSE_SIGNAL,1.605,0.073,1.386,0.1,1.286,12.86,True,RENDERUSDT,2,FADE,SELL,43802,2026-08-03 14:35:00
1.352,1.349,44004,44277,274,REVERSE_SIGNAL,0.74,1.849,-0.222,0.1,-0.322,-3.22,False,RENDERUSDT,2,FADE,BUY,44003,2026-08-04 07:20:00
1.349,1.341,44278,44429,152,REVERSE_SIGNAL,1.186,1.408,0.593,0.1,0.493,4.93,True,RENDERUSDT,2,FADE,SELL,44277,2026-08-05 06:10:00
1.341,1.335,44430,44577,148,REVERSE_SIGNAL,2.088,0.075,0.447,0.1,0.347,3.47,True,RENDERUSDT,2,TREND,SELL,44429,2026-08-05 18:50:00
1.335,1.328,44578,44871,294,REVERSE_SIGNAL,1.573,1.423,0.524,0.1,0.424,4.24,True,RENDERUSDT,2,FADE,SELL,44577,2026-08-06 07:10:00
1.328,1.321,44872,45131,260,REVERSE_SIGNAL,0.678,2.033,-0.527,0.1,-0.627,-6.27,False,RENDERUSDT,2,FADE,BUY,44871,2026-08-07 07:40:00
1.321,1.323,45132,45501,370,REVERSE_SIGNAL,0.454,1.59,-0.151,0.1,-0.251,-2.51,False,RENDERUSDT,2,FADE,SELL,45131,2026-08-08 05:20:00
1.323,1.332,45502,45619,118,REVERSE_SIGNAL,0.983,0.227,0.68,0.1,0.58,5.8,True,RENDERUSDT,2,FADE,BUY,45501,2026-08-09 12:10:00
1.332,1.311,45620,45635,16,REVERSE_SIGNAL,1.877,0.526,1.577,0.1,1.477,14.77,True,RENDERUSDT,2,FADE,SELL,45619,2026-08-09 22:00:00
1.311,1.262,45636,46195,560,REVERSE_SIGNAL,6.484,0.153,3.738,0.1,3.638,36.38,True,RENDERUSDT,2,TREND,SELL,45635,2026-08-09 23:20:00
1.262,1.254,46196,46393,198,REVERSE_SIGNAL,0.951,1.506,0.634,0.1,0.534,5.34,True,RENDERUSDT,2,FADE,SELL,46195,2026-08-11 22:00:00
1.254,1.268,46394,46526,133,REVERSE_SIGNAL,1.754,1.116,-1.116,0.1,-1.216,-12.16,False,RENDERUSDT,2,TREND,SELL,46393,2026-08-12 14:30:00
1.268,1.25,46527,46706,180,SL,0.631,1.735,-1.42,0.1,-1.52,-15.2,False,RENDERUSDT,2,TREND,BUY,46526,2026-08-13 01:35:00
1.251,1.267,46710,47083,374,REVERSE_SIGNAL,1.679,0.959,1.279,0.1,1.179,11.79,True,RENDERUSDT,2,FADE,BUY,46709,2026-08-13 16:50:00
1.267,1.263,47084,47235,152,REVERSE_SIGNAL,1.263,0.395,-0.316,0.1,-0.416,-4.16,False,RENDERUSDT,2,TREND,BUY,47083,2026-08-15 00:00:00
1.263,1.267,47236,47510,275,REVERSE_SIGNAL,1.029,0.871,0.317,0.1,0.217,2.17,True,RENDERUSDT,2,FADE,BUY,47235,2026-08-15 12:40:00
1.267,1.247,47511,47630,120,REVERSE_SIGNAL,1.657,0.552,1.579,0.1,1.479,14.79,True,RENDERUSDT,2,FADE,SELL,47510,2026-08-16 11:35:00
1.247,1.268,47631,47688,58,REVERSE_SIGNAL,0.481,1.684,-1.684,0.1,-1.784,-17.84,False,RENDERUSDT,2,TREND,SELL,47630,2026-08-16 21:35:00
1.268,1.256,47689,47980,292,REVERSE_SIGNAL,1.183,0.868,0.946,0.1,0.846,8.46,True,RENDERUSDT,2,FADE,SELL,47688,2026-08-17 02:25:00
1.256,1.267,47981,48097,117,REVERSE_SIGNAL,1.115,0.876,0.876,0.1,0.776,7.76,True,RENDERUSDT,2,FADE,BUY,47980,2026-08-18 02:45:00
1.267,1.262,48098,48219,122,REVERSE_SIGNAL,0.789,0.552,0.395,0.1,0.295,2.95,True,RENDERUSDT,2,FADE,SELL,48097,2026-08-18 12:30:00
1.262,1.268,48220,48347,128,REVERSE_SIGNAL,0.634,0.634,0.475,0.1,0.375,3.75,True,RENDERUSDT,2,FADE,BUY,48219,2026-08-18 22:40:00
1.268,1.503,48348,49167,820,REVERSE_SIGNAL,29.259,0.237,18.533,0.1,18.433,184.33,True,RENDERUSDT,2,TREND,BUY,48347,2026-08-19 09:20:00
1.503,1.447,49168,49510,343,REVERSE_SIGNAL,8.317,2.129,3.726,0.1,3.626,36.26,True,RENDERUSDT,2,TREND,SELL,49167,2026-08-22 05:40:00
1.447,1.468,49511,49698,188,REVERSE_SIGNAL,6.704,0.138,1.451,0.1,1.351,13.51,True,RENDERUSDT,2,TREND,BUY,49510,2026-08-23 10:15:00
1.468,1.505,49699,49853,155,REVERSE_SIGNAL,3.542,0.886,2.52,0.1,2.42,24.2,True,RENDERUSDT,2,FADE,BUY,49698,2026-08-24 01:55:00
1.505,1.473,49854,49898,45,SL,3.455,2.193,-2.126,0.1,-2.226,-22.26,False,RENDERUSDT,2,TREND,BUY,49853,2026-08-24 14:50:00
0.0696,0.0693,142,270,129,REVERSE_SIGNAL,3.205,0.158,0.417,0.1,0.317,3.17,True,SEIUSDT,2,TREND,SELL,141,2026-03-05 00:10:00
0.0693,0.0682,271,300,30,SL,0.0,1.588,-1.559,0.1,-1.659,-16.59,False,SEIUSDT,2,TREND,BUY,270,2026-03-05 10:55:00
0.0667,0.0686,333,467,135,REVERSE_SIGNAL,0.15,3.001,-2.926,0.1,-3.026,-30.26,False,SEIUSDT,2,TREND,SELL,332,2026-03-05 16:05:00
0.0686,0.0688,468,546,79,REVERSE_SIGNAL,2.697,0.248,0.219,0.1,0.119,1.19,True,SEIUSDT,2,TREND,BUY,467,2026-03-06 03:20:00
0.0688,0.0645,547,1122,576,REVERSE_SIGNAL,7.942,0.582,6.225,0.1,6.125,61.25,True,SEIUSDT,2,TREND,SELL,546,2026-03-06 09:55:00
0.0645,0.0634,1123,1187,65,REVERSE_SIGNAL,1.737,1.241,1.644,0.1,1.544,15.44,True,SEIUSDT,2,FADE,SELL,1122,2026-03-08 09:55:00
0.0634,0.0635,1188,1543,356,REVERSE_SIGNAL,3.69,1.057,-0.11,0.1,-0.21,-2.1,False,SEIUSDT,2,TREND,SELL,1187,2026-03-08 15:20:00
0.0635,0.0645,1544,1664,121,REVERSE_SIGNAL,4.868,0.221,1.544,0.1,1.444,14.44,True,SEIUSDT,2,TREND,BUY,1543,2026-03-09 21:00:00
0.0645,0.0657,1665,1701,37,REVERSE_SIGNAL,2.296,0.124,1.862,0.1,1.762,17.62,True,SEIUSDT,2,FADE,BUY,1664,2026-03-10 07:05:00
0.0657,0.0646,1702,1836,135,REVERSE_SIGNAL,2.482,1.599,1.63,0.1,1.53,15.3,True,SEIUSDT,2,FADE,SELL,1701,2026-03-10 10:10:00
0.0646,0.0639,1837,1993,157,REVERSE_SIGNAL,4.366,0.077,1.022,0.1,0.922,9.22,True,SEIUSDT,2,TREND,SELL,1836,2026-03-10 21:25:00
0.0639,0.0621,1994,2007,14,SL,0.156,2.878,-2.863,0.1,-2.963,-29.63,False,SEIUSDT,2,TREND,BUY,1993,2026-03-11 10:30:00
0.0619,0.0628,2220,2245,26,SL,0.194,1.615,-1.421,0.1,-1.521,-15.21,False,SEIUSDT,2,TREND,SELL,2219,2026-03-12 05:20:00
0.0631,0.065,2293,2420,128,SL,1.268,3.012,-3.0,0.1,-3.1,-31.0,False,SEIUSDT,2,FADE,SELL,2292,2026-03-12 11:25:00
0.0658,0.0664,2713,3009,297,REVERSE_SIGNAL,2.265,0.912,0.867,0.1,0.767,7.67,True,SEIUSDT,2,FADE,BUY,2712,2026-03-13 22:25:00
0.0664,0.0683,3010,3349,340,SL,0.98,3.286,-3.0,0.1,-3.1,-31.0,False,SEIUSDT,2,FADE,SELL,3009,2026-03-14 23:10:00
0.0686,0.0692,3649,3821,173,REVERSE_SIGNAL,0.919,1.006,0.875,0.1,0.775,7.75,True,SEIUSDT,2,FADE,BUY,3648,2026-03-17 04:25:00
0.0692,0.0686,3822,3986,165,REVERSE_SIGNAL,1.157,0.723,0.737,0.1,0.637,6.37,True,SEIUSDT,2,FADE,SELL,3821,2026-03-17 18:50:00
0.0687,0.0642,3987,4466,480,REVERSE_SIGNAL,8.915,0.0,6.511,0.1,6.411,64.11,True,SEIUSDT,2,TREND,SELL,3986,2026-03-18 08:35:00
0.0642,0.0634,4467,4626,160,REVERSE_SIGNAL,1.387,0.717,1.278,0.1,1.178,11.78,True,SEIUSDT,2,FADE,SELL,4466,2026-03-20 00:35:00
0.0634,0.0639,4627,4800,174,REVERSE_SIGNAL,0.979,1.278,0.836,0.1,0.736,7.36,True,SEIUSDT,2,FADE,BUY,4626,2026-03-20 13:55:00
0.0639,0.0632,4801,4849,49,REVERSE_SIGNAL,1.362,0.031,1.158,0.1,1.058,10.58,True,SEIUSDT,2,FADE,SELL,4800,2026-03-21 04:25:00
0.0631,0.0613,4850,5035,186,SL,0.396,4.101,-3.0,0.1,-3.1,-31.0,False,SEIUSDT,2,FADE,BUY,4849,2026-03-21 08:30:00
0.0602,0.0593,5369,5407,39,REVERSE_SIGNAL,1.511,0.78,1.528,0.1,1.428,14.28,True,SEIUSDT,2,FADE,SELL,5368,2026-03-23 03:45:00
0.0593,0.0614,5408,5458,51,REVERSE_SIGNAL,4.452,1.568,3.609,0.1,3.509,35.09,True,SEIUSDT,2,FADE,BUY,5407,2026-03-23 07:00:00
0.0614,0.0597,5459,5649,191,REVERSE_SIGNAL,3.32,0.684,2.848,0.1,2.748,27.48,True,SEIUSDT,2,FADE,SELL,5458,2026-03-23 11:15:00
0.0597,0.0608,5650,5704,55,REVERSE_SIGNAL,1.927,0.0,1.86,0.1,1.76,17.6,True,SEIUSDT,2,FADE,BUY,5649,2026-03-24 03:10:00
0.0608,0.0598,5705,5788,84,REVERSE_SIGNAL,1.711,1.382,1.628,0.1,1.528,15.28,True,SEIUSDT,2,FADE,SELL,5704,2026-03-24 07:45:00
0.0598,0.0604,5789,5864,76,REVERSE_SIGNAL,1.371,1.137,0.936,0.1,0.836,8.36,True,SEIUSDT,2,FADE,BUY,5788,2026-03-24 14:45:00
0.0604,0.0608,5865,6118,254,REVERSE_SIGNAL,2.501,0.447,0.745,0.1,0.645,6.45,True,SEIUSDT,2,TREND,BUY,5864,2026-03-24 21:05:00
0.0608,0.059,6119,6301,183,SL,0.888,3.387,-3.0,0.1,-3.1,-31.0,False,SEIUSDT,2,FADE,BUY,6118,2026-03-25 18:15:00
0.0548,0.0541,6851,7028,178,REVERSE_SIGNAL,1.368,0.839,1.332,0.1,1.232,12.32,True,SEIUSDT,2,FADE,SELL,6850,2026-03-28 07:15:00
0.0541,0.0535,7029,7373,345,REVERSE_SIGNAL,6.045,0.296,1.091,0.1,0.991,9.91,True,SEIUSDT,2,TREND,SELL,7028,2026-03-28 22:05:00
0.0535,0.0527,7374,7523,150,REVERSE_SIGNAL,1.589,0.897,1.514,0.1,1.414,14.14,True,SEIUSDT,2,FADE,SELL,7373,2026-03-30 02:50:00
0.0527,0.0519,7524,7608,85,REVERSE_SIGNAL,3.796,0.664,1.48,0.1,1.38,13.8,True,SEIUSDT,2,TREND,SELL,7523,2026-03-30 15:20:00
0.0519,0.0513,7609,7630,22,REVERSE_SIGNAL,1.753,0.366,1.252,0.1,1.152,11.52,True,SEIUSDT,2,FADE,SELL,7608,2026-03-30 22:25:00
0.0513,0.0518,7631,7641,11,SL,0.273,1.249,-1.053,0.1,-1.153,-11.53,False,SEIUSDT,2,TREND,SELL,7630,2026-03-31 00:15:00
0.0523,0.0514,7656,7695,40,SL,0.0,2.045,-1.74,0.1,-1.84,-18.4,False,SEIUSDT,2,TREND,BUY,7655,2026-03-31 02:20:00
0.0511,0.0506,7717,7877,161,REVERSE_SIGNAL,5.381,1.076,0.959,0.1,0.859,8.59,True,SEIUSDT,2,TREND,SELL,7716,2026-03-31 07:25:00
0.0506,0.0521,7878,7975,98,SL,1.798,3.398,-3.0,0.1,-3.1,-31.0,False,SEIUSDT,2,FADE,SELL,7877,2026-03-31 20:50:00
0.0537,0.0517,8140,8524,385,REVERSE_SIGNAL,5.55,1.62,3.632,0.1,3.532,35.32,True,SEIUSDT,2,TREND,SELL,8139,2026-04-01 18:40:00
0.0517,0.054,8525,8787,263,REVERSE_SIGNAL,8.91,0.309,4.387,0.1,4.287,42.87,True,SEIUSDT,2,TREND,BUY,8524,2026-04-03 02:45:00
0.054,0.0547,8788,8832,45,SL,0.37,1.333,-1.278,0.1,-1.378,-13.78,False,SEIUSDT,2,TREND,SELL,8787,2026-04-04 00:40:00
0.0549,0.054,8835,8853,19,REVERSE_SIGNAL,2.021,0.109,1.766,0.1,1.666,16.66,True,SEIUSDT,2,FADE,SELL,8834,2026-04-04 04:35:00
0.054,0.0523,8854,9158,305,SL,0.76,3.002,-3.0,0.1,-3.1,-31.0,False,SEIUSDT,2,FADE,BUY,8853,2026-04-04 06:10:00
0.0525,0.0541,9321,9617,297,REVERSE_SIGNAL,4.778,0.609,3.065,0.1,2.965,29.65,True,SEIUSDT,2,TREND,BUY,9320,2026-04-05 21:05:00
0.0541,0.0534,9618,9858,241,REVERSE_SIGNAL,4.193,0.351,1.459,0.1,1.359,13.59,True,SEIUSDT,2,TREND,SELL,9617,2026-04-06 21:50:00
0.0534,0.0562,9859,10107,249,REVERSE_SIGNAL,8.997,1.106,5.342,0.1,5.242,52.42,True,SEIUSDT,2,TREND,BUY,9858,2026-04-07 17:55:00
0.0562,0.0545,10108,10225,118,SL,1.779,3.149,-3.0,0.1,-3.1,-31.0,False,SEIUSDT,2,FADE,BUY,10107,2026-04-08 14:40:00
0.056,0.0577,10406,10525,120,SL,0.839,3.052,-3.0,0.1,-3.1,-31.0,False,SEIUSDT,2,FADE,SELL,10405,2026-04-09 15:30:00
0.0559,0.0572,10638,10693,56,REVERSE_SIGNAL,2.47,0.358,2.345,0.1,2.245,22.45,True,SEIUSDT,2,FADE,BUY,10637,2026-04-10 10:50:00
0.0572,0.0562,10694,10799,106,REVERSE_SIGNAL,1.942,0.035,1.784,0.1,1.684,16.84,True,SEIUSDT,2,FADE,SELL,10693,2026-04-10 15:30:00
0.0561,0.0564,10800,10995,196,REVERSE_SIGNAL,0.748,1.71,0.516,0.1,0.416,4.16,True,SEIUSDT,2,FADE,BUY,10799,2026-04-11 00:20:00
0.0564,0.0557,10996,11101,106,REVERSE_SIGNAL,1.382,1.116,1.258,0.1,1.158,11.58,True,SEIUSDT,2,FADE,SELL,10995,2026-04-11 16:40:00
0.0557,0.0546,11102,11446,345,REVERSE_SIGNAL,4.45,0.0,2.01,0.1,1.91,19.1,True,SEIUSDT,2,TREND,SELL,11101,2026-04-12 01:30:00
0.0546,0.0556,11447,11776,330,REVERSE_SIGNAL,3.937,1.63,1.776,0.1,1.676,16.76,True,SEIUSDT,2,TREND,BUY,11446,2026-04-13 06:15:00
0.0556,0.0539,11777,11892,116,SL,0.846,3.005,-3.0,0.1,-3.1,-31.0,False,SEIUSDT,2,FADE,BUY,11776,2026-04-14 09:45:00
0.0547,0.0578,12143,12572,430,REVERSE_SIGNAL,8.39,0.238,5.666,0.1,5.566,55.66,True,SEIUSDT,2,TREND,BUY,12142,2026-04-15 16:15:00
0.0578,0.0581,12573,12622,50,REVERSE_SIGNAL,1.47,0.536,-0.467,0.1,-0.567,-5.67,False,SEIUSDT,2,TREND,SELL,12572,2026-04-17 04:05:00
0.0581,0.0575,12623,12651,29,SL,0.844,1.102,-0.999,0.1,-1.099,-10.99,False,SEIUSDT,2,TREND,BUY,12622,2026-04-17 08:15:00
0.0585,0.0557,12806,13257,452,REVERSE_SIGNAL,6.243,0.103,4.755,0.1,4.655,46.55,True,SEIUSDT,2,TREND,SELL,12805,2026-04-17 23:30:00
0.0557,0.0552,13258,13304,47,SL,0.754,0.97,-0.88,0.1,-0.98,-9.8,False,SEIUSDT,2,TREND,BUY,13257,2026-04-19 13:10:00
0.0551,0.0554,13347,13476,130,REVERSE_SIGNAL,2.195,0.689,-0.435,0.1,-0.535,-5.35,False,SEIUSDT,2,TREND,SELL,13346,2026-04-19 20:35:00
0.0554,0.057,13477,13954,478,SL,0.885,3.089,-3.0,0.1,-3.1,-31.0,False,SEIUSDT,2,FADE,SELL,13476,2026-04-20 07:25:00
0.0614,0.0616,14241,14436,196,REVERSE_SIGNAL,1.092,2.021,0.359,0.1,0.259,2.59,True,SEIUSDT,2,FADE,BUY,14240,2026-04-22 23:05:00
0.0616,0.0606,14437,14463,27,SL,0.26,1.64,-1.575,0.1,-1.675,-16.75,False,SEIUSDT,2,TREND,BUY,14436,2026-04-23 15:25:00
0.0616,0.0621,14776,14868,93,REVERSE_SIGNAL,0.941,1.087,0.795,0.1,0.695,6.95,True,SEIUSDT,2,FADE,BUY,14775,2026-04-24 19:40:00
0.0621,0.0617,14869,14979,111,REVERSE_SIGNAL,2.254,0.773,-0.66,0.1,-0.76,-7.6,False,SEIUSDT,2,TREND,BUY,14868,2026-04-25 03:25:00
0.0617,0.0607,14980,15203,224,REVERSE_SIGNAL,3.258,0.421,1.588,0.1,1.488,14.88,True,SEIUSDT,2,TREND,SELL,14979,2026-04-25 12:40:00
0.0607,0.0621,15204,15377,174,REVERSE_SIGNAL,6.555,0.264,2.223,0.1,2.123,21.23,True,SEIUSDT,2,TREND,BUY,15203,2026-04-26 07:20:00
0.0621,0.0633,15378,15444,67,REVERSE_SIGNAL,2.497,0.387,2.014,0.1,1.914,19.14,True,SEIUSDT,2,FADE,BUY,15377,2026-04-26 21:50:00
0.0633,0.0625,15445,15464,20,SL,0.016,1.532,-1.295,0.1,-1.395,-13.95,False,SEIUSDT,2,TREND,BUY,15444,2026-04-27 03:25:00
0.0612,0.0606,15470,15689,220,REVERSE_SIGNAL,3.218,0.0,0.98,0.1,0.88,8.8,True,SEIUSDT,2,TREND,SELL,15469,2026-04-27 05:30:00
0.0606,0.0599,15690,15708,19,SL,0.132,1.188,-1.171,0.1,-1.271,-12.71,False,SEIUSDT,2,TREND,BUY,15689,2026-04-27 23:50:00
0.0595,0.0597,15731,16042,312,REVERSE_SIGNAL,0.907,1.461,0.353,0.1,0.253,2.53,True,SEIUSDT,2,FADE,BUY,15730,2026-04-28 03:15:00
0.0597,0.0586,16043,16128,86,REVERSE_SIGNAL,2.059,0.67,1.908,0.1,1.808,18.08,True,SEIUSDT,2,FADE,SELL,16042,2026-04-29 05:15:00
0.0586,0.0581,16129,16283,155,REVERSE_SIGNAL,3.908,0.58,0.922,0.1,0.822,8.22,True,SEIUSDT,2,TREND,SELL,16128,2026-04-29 12:25:00
0.0581,0.0576,16284,16299,16,SL,0.517,0.982,-0.792,0.1,-0.892,-8.92,False,SEIUSDT,2,TREND,BUY,16283,2026-04-30 01:20:00
0.0574,0.0577,16328,16594,267,REVERSE_SIGNAL,0.679,1.324,0.47,0.1,0.37,3.7,True,SEIUSDT,2,FADE,BUY,16327,2026-04-30 05:00:00
0.0577,0.0572,16595,16679,85,REVERSE_SIGNAL,1.248,0.485,0.763,0.1,0.663,6.63,True,SEIUSDT,2,FADE,SELL,16594,2026-05-01 03:15:00
0.0572,0.0576,16680,16702,23,SL,0.297,0.681,-0.629,0.1,-0.729,-7.29,False,SEIUSDT,2,TREND,SELL,16679,2026-05-01 10:20:00
0.058,0.0574,16718,16914,197,REVERSE_SIGNAL,0.431,1.102,-1.068,0.1,-1.168,-11.68,False,SEIUSDT,2,TREND,BUY,16717,2026-05-01 13:30:00
0.0574,0.0579,16915,16948,34,SL,0.052,0.836,-0.818,0.1,-0.918,-9.18,False,SEIUSDT,2,TREND,SELL,16914,2026-05-02 05:55:00
0.0582,0.0582,16955,17150,196,REVERSE_SIGNAL,2.493,0.757,-0.017,0.1,-0.117,-1.17,False,SEIUSDT,2,TREND,BUY,16954,2026-05-02 09:15:00
0.0582,0.0583,17151,17288,138,REVERSE_SIGNAL,0.86,0.843,0.327,0.1,0.227,2.27,True,SEIUSDT,2,FADE,BUY,17150,2026-05-03 01:35:00
0.0583,0.0601,17289,17449,161,SL,0.549,3.051,-3.0,0.1,-3.1,-31.0,False,SEIUSDT,2,FADE,SELL,17288,2026-05-03 13:05:00
0.0583,0.0594,17545,17755,211,REVERSE_SIGNAL,2.573,0.086,1.853,0.1,1.753,17.53,True,SEIUSDT,2,FADE,BUY,17544,2026-05-04 10:25:00
0.0594,0.0591,17756,17914,159,REVERSE_SIGNAL,0.741,1.314,0.438,0.1,0.338,3.38,True,SEIUSDT,2,FADE,SELL,17755,2026-05-05 04:00:00
0.0591,0.0597,17915,17947,33,SL,0.237,1.066,-0.998,0.1,-1.098,-10.98,False,SEIUSDT,2,TREND,SELL,17914,2026-05-05 17:15:00
0.06,0.0619,17956,18109,154,SL,1.449,3.247,-3.0,0.1,-3.1,-31.0,False,SEIUSDT,2,FADE,SELL,17955,2026-05-05 20:40:00
0.0602,0.0616,18164,18369,206,REVERSE_SIGNAL,2.873,0.947,2.375,0.1,2.275,22.75,True,SEIUSDT,2,FADE,BUY,18163,2026-05-06 14:00:00
0.0617,0.0601,18370,18467,98,REVERSE_SIGNAL,2.579,0.892,2.449,0.1,2.349,23.49,True,SEIUSDT,2,FADE,SELL,18369,2026-05-07 07:10:00
0.0601,0.0615,18468,18634,167,REVERSE_SIGNAL,2.511,0.515,2.261,0.1,2.161,21.61,True,SEIUSDT,2,FADE,BUY,18467,2026-05-07 15:20:00
0.0615,0.0664,18635,18972,338,REVERSE_SIGNAL,12.667,1.366,8.049,0.1,7.949,79.49,True,SEIUSDT,2,TREND,BUY,18634,2026-05-08 05:15:00
0.0664,0.0678,18973,19045,73,SL,0.527,2.107,-2.032,0.1,-2.132,-21.32,False,SEIUSDT,2,TREND,SELL,18972,2026-05-09 09:25:00
0.0679,0.069,19050,19182,133,REVERSE_SIGNAL,4.92,0.516,1.709,0.1,1.609,16.09,True,SEIUSDT,2,TREND,BUY,19049,2026-05-09 15:50:00
0.069,0.0699,19183,19334,152,SL,2.173,1.39,-1.246,0.1,-1.346,-13.46,False,SEIUSDT,2,TREND,SELL,19182,2026-05-10 02:55:00
0.0703,0.0728,19337,19473,137,REVERSE_SIGNAL,13.58,0.256,3.644,0.1,3.544,35.44,True,SEIUSDT,2,TREND,BUY,19336,2026-05-10 15:45:00
0.0728,0.0753,19474,19500,27,SL,0.179,4.052,-3.42,0.1,-3.52,-35.2,False,SEIUSDT,2,TREND,SELL,19473,2026-05-11 03:10:00
0.0769,0.0741,19510,19536,27,SL,0.663,3.666,-3.666,0.1,-3.766,-37.66,False,SEIUSDT,2,TREND,BUY,19509,2026-05-11 06:10:00
0.0731,0.0709,19751,19858,108,SL,2.065,3.035,-3.0,0.1,-3.1,-31.0,False,SEIUSDT,2,FADE,BUY,19750,2026-05-12 02:15:00
0.0706,0.0695,20093,20148,56,REVERSE_SIGNAL,1.545,0.609,1.474,0.1,1.374,13.74,True,SEIUSDT,2,FADE,SELL,20092,2026-05-13 06:45:00
0.0695,0.0671,20149,20475,327,REVERSE_SIGNAL,5.812,0.259,3.453,0.1,3.353,33.53,True,SEIUSDT,2,TREND,SELL,20148,2026-05-13 11:25:00
0.0671,0.0662,20476,20653,178,REVERSE_SIGNAL,1.878,1.49,-1.356,0.1,-1.456,-14.56,False,SEIUSDT,2,TREND,BUY,20475,2026-05-14 14:40:00
0.0662,0.0642,20654,20749,96,SL,0.876,3.293,-3.0,0.1,-3.1,-31.0,False,SEIUSDT,2,FADE,BUY,20653,2026-05-15 05:30:00
0.0625,0.0618,21065,21186,122,REVERSE_SIGNAL,0.528,1.168,-1.088,0.1,-1.188,-11.88,False,SEIUSDT,2,TREND,BUY,21064,2026-05-16 15:45:00
0.0618,0.0626,21187,21209,23,SL,0.016,1.31,-1.245,0.1,-1.345,-13.45,False,SEIUSDT,2,TREND,SELL,21186,2026-05-17 01:55:00
0.0628,0.0624,21219,21338,120,REVERSE_SIGNAL,0.891,1.209,0.652,0.1,0.552,5.52,True,SEIUSDT,2,FADE,SELL,21218,2026-05-17 04:35:00
0.0624,0.0606,21339,21447,109,SL,0.368,4.469,-3.0,0.1,-3.1,-31.0,False,SEIUSDT,2,FADE,BUY,21338,2026-05-17 14:35:00
0.0609,0.0602,21697,21879,183,REVERSE_SIGNAL,1.084,1.397,1.084,0.1,0.984,9.84,True,SEIUSDT,2,FADE,SELL,21696,2026-05-18 20:25:00
0.0602,0.0606,21880,22095,216,REVERSE_SIGNAL,1.096,1.429,0.615,0.1,0.515,5.15,True,SEIUSDT,2,FADE,BUY,21879,2026-05-19 11:40:00
0.0606,0.0624,22096,22357,262,SL,0.677,3.021,-3.0,0.1,-3.1,-31.0,False,SEIUSDT,2,FADE,SELL,22095,2026-05-20 05:40:00
0.0614,0.063,22451,22526,76,REVERSE_SIGNAL,2.833,0.7,2.589,0.1,2.489,24.89,True,SEIUSDT,2,FADE,BUY,22450,2026-05-21 11:15:00
0.063,0.063,22527,22826,300,REVERSE_SIGNAL,3.476,0.619,0.0,0.1,-0.1,-1.0,False,SEIUSDT,2,TREND,BUY,22526,2026-05-21 17:35:00
0.063,0.0594,22827,23053,227,REVERSE_SIGNAL,7.952,0.048,5.746,0.1,5.646,56.46,True,SEIUSDT,2,TREND,SELL,22826,2026-05-22 18:35:00
0.0594,0.061,23054,23346,293,REVERSE_SIGNAL,6.366,0.286,2.661,0.1,2.561,25.61,True,SEIUSDT,2,TREND,BUY,23053,2026-05-23 13:30:00
0.061,0.0613,23347,23523,177,REVERSE_SIGNAL,2.477,0.525,-0.509,0.1,-0.609,-6.09,False,SEIUSDT,2,TREND,SELL,23346,2026-05-24 13:55:00
0.0613,0.0618,23524,23752,229,REVERSE_SIGNAL,0.082,2.905,-0.881,0.1,-0.981,-9.81,False,SEIUSDT,2,FADE,SELL,23523,2026-05-25 04:40:00
0.0618,0.0625,23753,23807,55,SL,1.731,1.343,-1.116,0.1,-1.216,-12.16,False,SEIUSDT,2,TREND,SELL,23752,2026-05-25 23:45:00
0.0629,0.0691,23809,24209,401,REVERSE_SIGNAL,16.269,0.54,9.851,0.1,9.751,97.51,True,SEIUSDT,2,TREND,BUY,23808,2026-05-26 04:25:00
0.0691,0.069,24210,24360,151,REVERSE_SIGNAL,4.802,2.227,0.188,0.1,0.088,0.88,True,SEIUSDT,2,TREND,SELL,24209,2026-05-27 13:50:00
0.069,0.0711,24361,24544,184,SL,4.825,3.188,-3.0,0.1,-3.1,-31.0,False,SEIUSDT,2,FADE,SELL,24360,2026-05-28 02:25:00
0.0682,0.0683,24611,24731,121,REVERSE_SIGNAL,4.223,0.308,-0.117,0.1,-0.217,-2.17,False,SEIUSDT,2,TREND,SELL,24610,2026-05-28 23:15:00
0.0683,0.0667,24732,24758,27,SL,0.322,2.402,-2.3,0.1,-2.4,-24.0,False,SEIUSDT,2,TREND,BUY,24731,2026-05-29 09:20:00
0.0659,0.0668,24767,24821,55,REVERSE_SIGNAL,4.782,1.655,-1.457,0.1,-1.557,-15.57,False,SEIUSDT,2,TREND,SELL,24766,2026-05-29 12:15:00
0.0668,0.0661,24822,24974,153,REVERSE_SIGNAL,3.636,3.232,-1.092,0.1,-1.192,-11.92,False,SEIUSDT,2,TREND,BUY,24821,2026-05-29 16:50:00
0.0661,0.0674,24975,25074,100,SL,2.3,2.012,-1.967,0.1,-2.067,-20.67,False,SEIUSDT,2,TREND,SELL,24974,2026-05-30 05:35:00
0.0673,0.0662,25075,25180,106,REVERSE_SIGNAL,1.188,2.258,-1.708,0.1,-1.808,-18.08,False,SEIUSDT,2,TREND,BUY,25074,2026-05-30 13:55:00
0.0662,0.0673,25181,25253,73,SL,1.133,2.025,-1.692,0.1,-1.792,-17.92,False,SEIUSDT,2,TREND,SELL,25180,2026-05-30 22:45:00
0.0673,0.0661,25257,25377,121,REVERSE_SIGNAL,2.436,2.911,1.812,0.1,1.712,17.12,True,SEIUSDT,2,FADE,SELL,25256,2026-05-31 05:05:00
0.0661,0.0673,25378,25448,71,REVERSE_SIGNAL,1.891,1.604,1.8,0.1,1.7,17.0,True,SEIUSDT,2,FADE,BUY,25377,2026-05-31 15:10:00
0.0673,0.0667,25449,25566,118,REVERSE_SIGNAL,2.794,1.858,-0.936,0.1,-1.036,-10.36,False,SEIUSDT,2,TREND,BUY,25448,2026-05-31 21:05:00
0.0667,0.068,25567,25686,120,SL,1.98,2.175,-2.01,0.1,-2.11,-21.1,False,SEIUSDT,2,TREND,SELL,25566,2026-06-01 06:55:00
0.0694,0.0686,25697,25852,156,REVERSE_SIGNAL,3.732,1.585,-1.182,0.1,-1.282,-12.82,False,SEIUSDT,2,TREND,BUY,25696,2026-06-01 17:45:00
0.0686,0.064,25853,26189,337,REVERSE_SIGNAL,10.878,0.787,6.722,0.1,6.622,66.22,True,SEIUSDT,2,TREND,SELL,25852,2026-06-02 06:45:00
0.064,0.0617,26190,26256,67,REVERSE_SIGNAL,3.877,1.735,3.611,0.1,3.511,35.11,True,SEIUSDT,2,FADE,SELL,26189,2026-06-03 10:50:00
0.0617,0.0484,26257,26895,639,REVERSE_SIGNAL,27.1,1.492,21.554,0.1,21.454,214.54,True,SEIUSDT,2,TREND,SELL,26256,2026-06-03 16:25:00
0.0484,0.0468,26896,26915,20,SL,0.165,3.391,-3.246,0.1,-3.346,-33.46,False,SEIUSDT,2,TREND,BUY,26895,2026-06-05 21:40:00
0.0457,0.0477,26976,27024,49,SL,2.865,4.331,-4.331,0.1,-4.431,-44.31,False,SEIUSDT,2,TREND,SELL,26975,2026-06-06 04:20:00
0.0479,0.0464,27030,27173,144,REVERSE_SIGNAL,3.777,1.503,3.109,0.1,3.009,30.09,True,SEIUSDT,2,FADE,SELL,27029,2026-06-06 08:50:00
0.0464,0.048,27174,27229,56,REVERSE_SIGNAL,3.769,0.258,3.381,0.1,3.281,32.81,True,SEIUSDT,2,FADE,BUY,27173,2026-06-06 20:50:00
0.048,0.0482,27230,27440,211,REVERSE_SIGNAL,5.604,0.458,0.417,0.1,0.317,3.17,True,SEIUSDT,2,TREND,BUY,27229,2026-06-07 01:30:00
0.0482,0.0496,27441,27477,37,SL,1.245,4.481,-2.905,0.1,-3.005,-30.05,False,SEIUSDT,2,TREND,SELL,27440,2026-06-07 19:05:00
0.0501,0.049,27484,27789,306,REVERSE_SIGNAL,3.395,1.098,2.177,0.1,2.077,20.77,True,SEIUSDT,2,FADE,SELL,27483,2026-06-07 22:40:00
0.049,0.0486,27790,28086,297,REVERSE_SIGNAL,5.267,0.592,0.878,0.1,0.778,7.78,True,SEIUSDT,2,TREND,SELL,27789,2026-06-09 00:10:00
0.0486,0.0474,28087,28122,36,REVERSE_SIGNAL,2.636,0.35,2.41,0.1,2.31,23.1,True,SEIUSDT,2,FADE,SELL,28086,2026-06-10 00:55:00
0.0474,0.0481,28123,28225,103,SL,2.132,1.541,-1.52,0.1,-1.62,-16.2,False,SEIUSDT,2,TREND,SELL,28122,2026-06-10 03:55:00
0.048,0.0465,28237,28318,82,REVERSE_SIGNAL,3.648,1.459,3.044,0.1,2.944,29.44,True,SEIUSDT,2,FADE,SELL,28236,2026-06-10 13:25:00
0.0465,0.0471,28319,28404,86,REVERSE_SIGNAL,2.021,1.978,-1.29,0.1,-1.39,-13.9,False,SEIUSDT,2,TREND,SELL,28318,2026-06-10 20:15:00
0.0471,0.0536,28405,29242,838,REVERSE_SIGNAL,18.34,0.0,13.713,0.1,13.613,136.13,True,SEIUSDT,2,TREND,BUY,28404,2026-06-11 03:25:00
0.0536,0.0539,29243,29427,185,REVERSE_SIGNAL,2.221,1.027,-0.653,0.1,-0.753,-7.53,False,SEIUSDT,2,TREND,SELL,29242,2026-06-14 01:15:00
0.0539,0.053,29428,29442,15,SL,0.037,1.725,-1.706,0.1,-1.806,-18.06,False,SEIUSDT,2,TREND,BUY,29427,2026-06-14 16:40:00
0.0543,0.0544,29748,29912,165,REVERSE_SIGNAL,2.155,0.424,-0.221,0.1,-0.321,-3.21,False,SEIUSDT,2,TREND,SELL,29747,2026-06-15 19:20:00
0.0544,0.0528,29913,29974,62,REVERSE_SIGNAL,3.105,0.662,2.885,0.1,2.785,27.85,True,SEIUSDT,2,FADE,SELL,29912,2026-06-16 09:05:00
0.0529,0.0542,29975,30048,74,REVERSE_SIGNAL,3.16,1.022,2.46,0.1,2.36,23.6,True,SEIUSDT,2,FADE,BUY,29974,2026-06-16 14:15:00
0.0541,0.054,30049,30196,148,REVERSE_SIGNAL,3.693,0.499,-0.332,0.1,-0.432,-4.32,False,SEIUSDT,2,TREND,BUY,30048,2026-06-16 20:25:00
0.054,0.0551,30197,30246,50,SL,0.352,2.261,-2.094,0.1,-2.194,-21.94,False,SEIUSDT,2,TREND,SELL,30196,2026-06-17 08:45:00
0.0557,0.0544,30276,30327,52,SL,2.388,2.496,-2.334,0.1,-2.434,-24.34,False,SEIUSDT,2,TREND,BUY,30275,2026-06-17 15:20:00
0.0548,0.055,30349,30620,272,REVERSE_SIGNAL,4.418,1.296,-0.456,0.1,-0.556,-5.56,False,SEIUSDT,2,TREND,SELL,30348,2026-06-17 21:25:00
0.055,0.054,30621,30756,136,REVERSE_SIGNAL,1.999,0.963,1.908,0.1,1.808,18.08,True,SEIUSDT,2,FADE,SELL,30620,2026-06-18 20:05:00
0.054,0.0549,30757,30833,77,SL,1.815,1.778,-1.704,0.1,-1.804,-18.04,False,SEIUSDT,2,TREND,SELL,30756,2026-06-19 07:25:00
0.055,0.0534,30837,30904,68,REVERSE_SIGNAL,3.181,0.091,2.909,0.1,2.809,28.09,True,SEIUSDT,2,FADE,SELL,30836,2026-06-19 14:05:00
0.0534,0.0549,30905,31030,126,REVERSE_SIGNAL,2.883,0.562,2.808,0.1,2.708,27.08,True,SEIUSDT,2,FADE,BUY,30904,2026-06-19 19:45:00
0.0549,0.0537,31031,31124,94,REVERSE_SIGNAL,2.222,1.402,2.185,0.1,2.085,20.85,True,SEIUSDT,2,FADE,SELL,31030,2026-06-20 06:15:00
0.0537,0.0545,31125,31232,108,REVERSE_SIGNAL,2.253,0.67,1.545,0.1,1.445,14.45,True,SEIUSDT,2,FADE,BUY,31124,2026-06-20 14:05:00
0.0545,0.0547,31233,31460,228,REVERSE_SIGNAL,3.484,0.275,0.275,0.1,0.175,1.75,True,SEIUSDT,2,TREND,BUY,31232,2026-06-20 23:05:00
0.0547,0.0554,31461,31547,87,SL,1.591,1.463,-1.298,0.1,-1.398,-13.98,False,SEIUSDT,2,TREND,SELL,31460,2026-06-21 18:05:00
0.0555,0.0547,31672,31721,50,SL,1.748,1.694,-1.424,0.1,-1.524,-15.24,False,SEIUSDT,2,TREND,BUY,31671,2026-06-22 11:40:00
0.0549,0.053,31732,32109,378,REVERSE_SIGNAL,5.914,0.419,3.567,0.1,3.467,34.67,True,SEIUSDT,2,TREND,SELL,31731,2026-06-22 16:40:00
0.053,0.0522,32110,32159,50,SL,1.529,1.604,-1.491,0.1,-1.591,-15.91,False,SEIUSDT,2,TREND,BUY,32109,2026-06-24 00:10:00
0.0525,0.0537,32240,32250,11,REVERSE_SIGNAL,2.533,0.381,2.343,0.1,2.243,22.43,True,SEIUSDT,2,FADE,BUY,32239,2026-06-24 11:00:00
0.0537,0.0522,32251,32278,28,REVERSE_SIGNAL,3.201,0.558,2.848,0.1,2.748,27.48,True,SEIUSDT,2,FADE,SELL,32250,2026-06-24 11:55:00
0.0522,0.0536,32279,32302,24,SL,0.326,2.874,-2.682,0.1,-2.782,-27.82,False,SEIUSDT,2,TREND,SELL,32278,2026-06-24 14:15:00
0.0545,0.0563,32356,32623,268,REVERSE_SIGNAL,9.519,0.532,3.283,0.1,3.183,31.83,True,SEIUSDT,2,TREND,BUY,32355,2026-06-24 20:40:00
0.0563,0.0536,32624,32959,336,REVERSE_SIGNAL,8.915,2.149,4.901,0.1,4.801,48.01,True,SEIUSDT,2,TREND,SELL,32623,2026-06-25 19:00:00
0.0536,0.0522,32960,32990,31,REVERSE_SIGNAL,2.726,0.691,2.446,0.1,2.346,23.46,True,SEIUSDT,2,FADE,SELL,32959,2026-06-26 23:00:00
0.0522,0.0507,32991,33175,185,SL,1.053,3.388,-3.0,0.1,-3.1,-31.0,False,SEIUSDT,2,FADE,BUY,32990,2026-06-27 01:35:00
0.0502,0.0491,33511,33562,52,REVERSE_SIGNAL,2.71,0.139,2.251,0.1,2.151,21.51,True,SEIUSDT,2,FADE,SELL,33510,2026-06-28 20:55:00
0.0491,0.05,33563,33594,32,SL,0.734,2.14,-1.916,0.1,-2.016,-20.16,False,SEIUSDT,2,TREND,SELL,33562,2026-06-29 01:15:00
0.0501,0.0492,33625,33727,103,REVERSE_SIGNAL,1.996,0.958,1.776,0.1,1.676,16.76,True,SEIUSDT,2,FADE,SELL,33624,2026-06-29 06:25:00
0.0492,0.0502,33728,33912,185,REVERSE_SIGNAL,2.398,0.366,1.951,0.1,1.851,18.51,True,SEIUSDT,2,FADE,BUY,33727,2026-06-29 15:00:00
0.0502,0.049,33913,33974,62,REVERSE_SIGNAL,2.492,0.339,2.312,0.1,2.212,22.12,True,SEIUSDT,2,FADE,SELL,33912,2026-06-30 06:25:00
0.049,0.0479,33975,34288,314,REVERSE_SIGNAL,5.407,0.265,2.285,0.1,2.185,21.85,True,SEIUSDT,2,TREND,SELL,33974,2026-06-30 11:35:00
0.0479,0.0472,34289,34412,124,REVERSE_SIGNAL,2.13,1.629,-1.336,0.1,-1.436,-14.36,False,SEIUSDT,2,TREND,BUY,34288,2026-07-01 13:45:00
0.0473,0.0483,34413,34545,133,REVERSE_SIGNAL,2.624,0.529,2.159,0.1,2.059,20.59,True,SEIUSDT,2,FADE,BUY,34412,2026-07-02 00:05:00
0.0483,0.0476,34546,34670,125,REVERSE_SIGNAL,1.637,2.175,1.347,0.1,1.247,12.47,True,SEIUSDT,2,FADE,SELL,34545,2026-07-02 11:10:00
0.0476,0.0481,34671,34698,28,SL,0.483,1.449,-1.008,0.1,-1.108,-11.08,False,SEIUSDT,2,TREND,SELL,34670,2026-07-02 21:35:00
0.0488,0.0503,34718,34880,163,SL,1.23,3.381,-3.0,0.1,-3.1,-31.0,False,SEIUSDT,2,FADE,SELL,34717,2026-07-03 01:30:00
0.0494,0.05,35077,35167,91,REVERSE_SIGNAL,1.214,1.032,1.092,0.1,0.992,9.92,True,SEIUSDT,2,FADE,BUY,35076,2026-07-04 07:25:00
0.05,0.0492,35168,35301,134,REVERSE_SIGNAL,1.721,1.601,1.601,0.1,1.501,15.01,True,SEIUSDT,2,FADE,SELL,35167,2026-07-04 15:00:00
0.0492,0.0492,35302,35495,194,REVERSE_SIGNAL,0.407,2.521,-0.041,0.1,-0.141,-1.41,False,SEIUSDT,2,FADE,BUY,35301,2026-07-05 02:10:00
0.0492,0.0487,35496,35627,132,REVERSE_SIGNAL,2.238,1.037,-0.976,0.1,-1.076,-10.76,False,SEIUSDT,2,TREND,BUY,35495,2026-07-05 18:20:00
0.0487,0.0503,35628,35757,130,REVERSE_SIGNAL,3.698,2.835,3.328,0.1,3.228,32.28,True,SEIUSDT,2,FADE,BUY,35627,2026-07-06 05:20:00
0.0503,0.0498,35758,35924,167,REVERSE_SIGNAL,1.869,2.465,1.014,0.1,0.914,9.14,True,SEIUSDT,2,FADE,SELL,35757,2026-07-06 16:10:00
0.0498,0.0483,35925,36082,158,SL,0.964,3.173,-3.0,0.1,-3.1,-31.0,False,SEIUSDT,2,FADE,BUY,35924,2026-07-07 06:05:00
0.0472,0.0466,36374,36393,20,SL,0.064,2.054,-1.313,0.1,-1.413,-14.13,False,SEIUSDT,2,TREND,BUY,36373,2026-07-08 19:30:00
0.0495,0.0501,36798,36830,33,SL,0.363,1.251,-1.11,0.1,-1.21,-12.1,False,SEIUSDT,2,TREND,SELL,36797,2026-07-10 06:50:00
0.0503,0.0496,36835,36886,52,SL,1.632,1.492,-1.313,0.1,-1.413,-14.13,False,SEIUSDT,2,TREND,BUY,36834,2026-07-10 09:55:00
0.0495,0.0505,36894,36956,63,REVERSE_SIGNAL,2.265,0.04,2.063,0.1,1.963,19.63,True,SEIUSDT,2,FADE,BUY,36893,2026-07-10 14:50:00
0.0505,0.0498,36957,37013,57,REVERSE_SIGNAL,1.407,0.02,1.308,0.1,1.208,12.08,True,SEIUSDT,2,FADE,SELL,36956,2026-07-10 20:05:00
0.0498,0.0503,37014,37176,163,REVERSE_SIGNAL,1.064,0.683,0.883,0.1,0.783,7.83,True,SEIUSDT,2,FADE,BUY,37013,2026-07-11 00:50:00
0.0503,0.0498,37177,37275,99,REVERSE_SIGNAL,1.075,1.373,0.915,0.1,0.815,8.15,True,SEIUSDT,2,FADE,SELL,37176,2026-07-11 14:25:00
0.0498,0.0477,37276,37962,687,REVERSE_SIGNAL,6.065,0.161,4.238,0.1,4.138,41.38,True,SEIUSDT,2,TREND,SELL,37275,2026-07-11 22:40:00
0.0477,0.0491,37963,38053,91,SL,0.881,3.314,-3.0,0.1,-3.1,-31.0,False,SEIUSDT,2,FADE,SELL,37962,2026-07-14 07:55:00
0.0479,0.049,38116,38311,196,REVERSE_SIGNAL,2.734,0.417,2.316,0.1,2.216,22.16,True,SEIUSDT,2,FADE,BUY,38115,2026-07-14 20:40:00
0.049,0.048,38312,38534,223,REVERSE_SIGNAL,2.468,0.816,2.182,0.1,2.082,20.82,True,SEIUSDT,2,FADE,SELL,38311,2026-07-15 13:00:00
0.048,0.0465,38535,38827,293,SL,0.771,3.128,-3.0,0.1,-3.1,-31.0,False,SEIUSDT,2,FADE,BUY,38534,2026-07-16 07:35:00
0.0476,0.0468,38925,39009,85,REVERSE_SIGNAL,1.826,0.777,1.658,0.1,1.558,15.58,True,SEIUSDT,2,FADE,SELL,38924,2026-07-17 16:05:00
0.0469,0.0468,39010,39236,227,REVERSE_SIGNAL,0.427,1.281,-0.107,0.1,-0.207,-2.07,False,SEIUSDT,2,FADE,BUY,39009,2026-07-17 23:10:00
0.0468,0.0465,39237,39364,128,REVERSE_SIGNAL,0.876,0.449,0.705,0.1,0.605,6.05,True,SEIUSDT,2,FADE,SELL,39236,2026-07-18 18:05:00
0.0465,0.0462,39365,39720,356,REVERSE_SIGNAL,0.947,2.625,-0.581,0.1,-0.681,-6.81,False,SEIUSDT,2,FADE,BUY,39364,2026-07-19 04:45:00
0.0462,0.0476,39721,39968,248,SL,1.32,3.009,-3.0,0.1,-3.1,-31.0,False,SEIUSDT,2,FADE,SELL,39720,2026-07-20 10:25:00
0.0469,0.0464,40093,40365,273,REVERSE_SIGNAL,0.362,2.601,-1.13,0.1,-1.23,-12.3,False,SEIUSDT,2,FADE,BUY,40092,2026-07-21 17:25:00
0.0464,0.046,40366,40407,42,SL,0.863,0.819,-0.798,0.1,-0.898,-8.98,False,SEIUSDT,2,TREND,BUY,40365,2026-07-22 16:10:00
0.0459,0.0468,40412,40465,54,REVERSE_SIGNAL,1.785,0.131,1.785,0.1,1.685,16.85,True,SEIUSDT,2,FADE,BUY,40411,2026-07-22 20:00:00
0.0468,0.0461,40466,40519,54,REVERSE_SIGNAL,1.668,0.021,1.411,0.1,1.311,13.11,True,SEIUSDT,2,FADE,SELL,40465,2026-07-23 00:30:00
0.0461,0.0466,40520,40602,83,REVERSE_SIGNAL,1.67,0.716,1.063,0.1,0.963,9.63,True,SEIUSDT,2,FADE,BUY,40519,2026-07-23 05:00:00
0.0466,0.0458,40603,40646,44,REVERSE_SIGNAL,2.125,0.386,1.696,0.1,1.596,15.96,True,SEIUSDT,2,FADE,SELL,40602,2026-07-23 11:55:00
0.0458,0.0459,40647,40831,185,REVERSE_SIGNAL,0.459,1.463,0.284,0.1,0.184,1.84,True,SEIUSDT,2,FADE,BUY,40646,2026-07-23 15:35:00
0.0459,0.0456,40832,40858,27,SL,0.348,0.849,-0.718,0.1,-0.818,-8.18,False,SEIUSDT,2,TREND,BUY,40831,2026-07-24 07:00:00
0.0454,0.044,40876,41192,317,REVERSE_SIGNAL,4.466,0.154,3.08,0.1,2.98,29.8,True,SEIUSDT,2,TREND,SELL,40875,2026-07-24 10:40:00
0.044,0.0445,41193,41485,293,REVERSE_SIGNAL,0.363,2.316,-0.953,0.1,-1.053,-10.53,False,SEIUSDT,2,FADE,SELL,41192,2026-07-25 13:05:00
0.0445,0.0448,41486,41511,26,SL,0.067,0.765,-0.742,0.1,-0.842,-8.42,False,SEIUSDT,2,TREND,SELL,41485,2026-07-26 13:30:00
0.045,0.0444,41590,41786,197,SL,1.867,1.756,-1.333,0.1,-1.433,-14.33,False,SEIUSDT,2,TREND,BUY,41589,2026-07-26 22:10:00
0.0443,0.043,41790,41884,95,SL,0.993,3.093,-3.0,0.1,-3.1,-31.0,False,SEIUSDT,2,FADE,BUY,41789,2026-07-27 14:50:00
0.0432,0.0427,41987,42033,47,SL,0.625,1.181,-1.157,0.1,-1.257,-12.57,False,SEIUSDT,2,TREND,BUY,41986,2026-07-28 07:15:00
0.0421,0.0432,42064,42096,33,REVERSE_SIGNAL,2.776,0.285,2.515,0.1,2.415,24.15,True,SEIUSDT,2,FADE,BUY,42063,2026-07-28 13:40:00
0.0432,0.0428,42097,42180,84,REVERSE_SIGNAL,1.203,0.463,0.926,0.1,0.826,8.26,True,SEIUSDT,2,FADE,SELL,42096,2026-07-28 16:25:00
0.0428,0.0431,42181,42183,3,SL,0.0,0.701,-0.677,0.1,-0.777,-7.77,False,SEIUSDT,2,TREND,SELL,42180,2026-07-28 23:25:00
0.0433,0.0424,42195,42227,33,REVERSE_SIGNAL,2.146,0.138,2.077,0.1,1.977,19.77,True,SEIUSDT,2,FADE,SELL,42194,2026-07-29 00:35:00
0.0424,0.0425,42228,42415,188,REVERSE_SIGNAL,0.495,2.168,0.165,0.1,0.065,0.65,True,SEIUSDT,2,FADE,BUY,42227,2026-07-29 03:20:00
0.0425,0.0419,42416,42421,6,SL,0.0,1.482,-1.435,0.1,-1.535,-15.35,False,SEIUSDT,2,TREND,BUY,42415,2026-07-29 19:00:00
0.0414,0.0423,42434,42497,64,SL,0.821,2.199,-2.199,0.1,-2.299,-22.99,False,SEIUSDT,2,TREND,SELL,42433,2026-07-29 20:30:00
0.0421,0.042,42604,42790,187,REVERSE_SIGNAL,0.807,2.349,0.285,0.1,0.185,1.85,True,SEIUSDT,2,FADE,SELL,42603,2026-07-30 10:40:00
0.042,0.0408,42791,43271,481,SL,0.738,3.117,-3.0,0.1,-3.1,-31.0,False,SEIUSDT,2,FADE,BUY,42790,2026-07-31 02:15:00
0.0414,0.0413,43357,43482,126,REVERSE_SIGNAL,0.338,1.112,0.193,0.1,0.093,0.93,True,SEIUSDT,2,FADE,SELL,43356,2026-08-02 01:25:00
0.0413,0.0412,43483,43789,307,REVERSE_SIGNAL,0.702,1.259,-0.145,0.1,-0.245,-2.45,False,SEIUSDT,2,FADE,BUY,43482,2026-08-02 11:55:00
0.0412,0.0414,43790,44005,216,REVERSE_SIGNAL,0.0,1.625,-0.315,0.1,-0.415,-4.15,False,SEIUSDT,2,FADE,SELL,43789,2026-08-03 13:30:00
0.0414,0.0417,44006,44135,130,REVERSE_SIGNAL,0.967,1.233,0.822,0.1,0.722,7.22,True,SEIUSDT,2,FADE,BUY,44005,2026-08-04 07:30:00
0.0417,0.0413,44136,44366,231,REVERSE_SIGNAL,1.463,0.288,1.055,0.1,0.955,9.55,True,SEIUSDT,2,FADE,SELL,44135,2026-08-04 18:20:00
0.0413,0.0415,44367,44559,193,REVERSE_SIGNAL,1.139,1.042,0.509,0.1,0.409,4.09,True,SEIUSDT,2,FADE,BUY,44366,2026-08-05 13:35:00
0.0415,0.0409,44560,44607,48,REVERSE_SIGNAL,1.374,0.289,1.326,0.1,1.226,12.26,True,SEIUSDT,2,FADE,SELL,44559,2026-08-06 05:40:00
0.0409,0.0415,44608,44665,58,REVERSE_SIGNAL,1.491,0.147,1.466,0.1,1.366,13.66,True,SEIUSDT,2,FADE,BUY,44607,2026-08-06 09:40:00
0.0415,0.0412,44666,44766,101,REVERSE_SIGNAL,0.939,1.373,0.795,0.1,0.695,6.95,True,SEIUSDT,2,FADE,SELL,44665,2026-08-06 14:30:00
0.0412,0.0408,44767,45102,336,REVERSE_SIGNAL,0.825,1.529,-0.85,0.1,-0.95,-9.5,False,SEIUSDT,2,FADE,BUY,44766,2026-08-06 22:55:00
0.0408,0.0415,45103,45339,237,REVERSE_SIGNAL,2.693,0.171,1.543,0.1,1.443,14.43,True,SEIUSDT,2,TREND,BUY,45102,2026-08-08 02:55:00
0.0415,0.0417,45340,45409,70,REVERSE_SIGNAL,0.772,0.241,0.651,0.1,0.551,5.51,True,SEIUSDT,2,FADE,BUY,45339,2026-08-08 22:40:00
0.0417,0.0415,45410,45472,63,REVERSE_SIGNAL,0.671,0.455,0.647,0.1,0.547,5.47,True,SEIUSDT,2,FADE,SELL,45409,2026-08-09 04:30:00
0.0415,0.0417,45473,45549,77,REVERSE_SIGNAL,0.94,0.289,0.651,0.1,0.551,5.51,True,SEIUSDT,2,FADE,BUY,45472,2026-08-09 09:45:00
0.0417,0.0413,45550,45636,87,REVERSE_SIGNAL,1.102,1.126,1.006,0.1,0.906,9.06,True,SEIUSDT,2,FADE,SELL,45549,2026-08-09 16:10:00
0.0413,0.0419,45637,45733,97,REVERSE_SIGNAL,1.355,0.508,1.355,0.1,1.255,12.55,True,SEIUSDT,2,FADE,BUY,45636,2026-08-09 23:25:00
0.0419,0.0415,45734,45901,168,REVERSE_SIGNAL,1.337,0.215,1.003,0.1,0.903,9.03,True,SEIUSDT,2,FADE,SELL,45733,2026-08-10 07:30:00
0.0415,0.0403,45902,46362,461,REVERSE_SIGNAL,4.173,0.072,2.87,0.1,2.77,27.7,True,SEIUSDT,2,TREND,SELL,45901,2026-08-10 21:30:00
0.0403,0.0398,46363,46484,122,REVERSE_SIGNAL,2.235,0.77,1.217,0.1,1.117,11.17,True,SEIUSDT,2,FADE,SELL,46362,2026-08-12 11:55:00
0.0398,0.0404,46485,46540,56,REVERSE_SIGNAL,1.483,0.101,1.458,0.1,1.358,13.58,True,SEIUSDT,2,FADE,BUY,46484,2026-08-12 22:05:00
0.0404,0.0408,46541,46700,160,REVERSE_SIGNAL,4.039,0.0,1.214,0.1,1.114,11.14,True,SEIUSDT,2,TREND,BUY,46540,2026-08-13 02:45:00
0.0408,0.0403,46701,47085,385,REVERSE_SIGNAL,3.109,0.759,1.322,0.1,1.222,12.22,True,SEIUSDT,2,TREND,SELL,46700,2026-08-13 16:05:00
0.0403,0.04,47086,47168,83,SL,0.198,0.819,-0.769,0.1,-0.869,-8.69,False,SEIUSDT,2,TREND,BUY,47085,2026-08-15 00:10:00
0.0399,0.0402,47181,47272,92,REVERSE_SIGNAL,0.851,0.225,0.701,0.1,0.601,6.01,True,SEIUSDT,2,FADE,BUY,47180,2026-08-15 08:05:00
0.0402,0.04,47273,47302,30,SL,0.05,0.621,-0.572,0.1,-0.672,-6.72,False,SEIUSDT,2,TREND,BUY,47272,2026-08-15 15:45:00
0.04,0.0399,47318,47739,422,REVERSE_SIGNAL,0.175,2.252,-0.225,0.1,-0.325,-3.25,False,SEIUSDT,2,FADE,BUY,47317,2026-08-15 19:30:00
0.0399,0.0395,47740,47765,26,REVERSE_SIGNAL,1.103,0.176,1.053,0.1,0.953,9.53,True,SEIUSDT,2,FADE,SELL,47739,2026-08-17 06:40:00
0.0395,0.0398,47766,47793,28,REVERSE_SIGNAL,0.963,0.051,0.912,0.1,0.812,8.12,True,SEIUSDT,2,FADE,BUY,47765,2026-08-17 08:50:00
0.0398,0.0397,47794,47929,136,REVERSE_SIGNAL,0.251,1.18,0.251,0.1,0.151,1.51,True,SEIUSDT,2,FADE,SELL,47793,2026-08-17 11:10:00
0.0397,0.0391,47930,48177,248,REVERSE_SIGNAL,3.852,0.201,1.636,0.1,1.536,15.36,True,SEIUSDT,2,TREND,SELL,47929,2026-08-17 22:30:00
0.0391,0.0388,48178,48185,8,SL,0.026,0.742,-0.691,0.1,-0.791,-7.91,False,SEIUSDT,2,TREND,BUY,48177,2026-08-18 19:10:00
0.0386,0.0387,48199,48375,177,REVERSE_SIGNAL,0.492,1.035,0.233,0.1,0.133,1.33,True,SEIUSDT,2,FADE,BUY,48198,2026-08-18 20:55:00
0.0387,0.0472,48376,49167,792,REVERSE_SIGNAL,31.776,0.026,21.786,0.1,21.686,216.86,True,SEIUSDT,2,TREND,BUY,48375,2026-08-19 11:40:00
0.0472,0.0477,49168,49341,174,REVERSE_SIGNAL,2.734,2.416,-1.187,0.1,-1.287,-12.87,False,SEIUSDT,2,TREND,SELL,49167,2026-08-22 05:40:00
0.0477,0.0463,49342,49415,74,REVERSE_SIGNAL,3.268,0.314,3.1,0.1,3.0,30.0,True,SEIUSDT,2,FADE,SELL,49341,2026-08-22 20:10:00
0.0463,0.0464,49416,49513,98,REVERSE_SIGNAL,3.891,0.886,-0.389,0.1,-0.489,-4.89,False,SEIUSDT,2,TREND,SELL,49415,2026-08-23 02:20:00
0.0464,0.0468,49514,49697,184,REVERSE_SIGNAL,4.974,0.258,0.711,0.1,0.611,6.11,True,SEIUSDT,2,TREND,BUY,49513,2026-08-23 10:30:00
0.0468,0.0479,49698,49829,132,REVERSE_SIGNAL,1.304,2.459,-2.437,0.1,-2.537,-25.37,False,SEIUSDT,2,TREND,SELL,49697,2026-08-24 01:50:00
0.0479,0.0468,49830,49913,84,REVERSE_SIGNAL,2.88,0.918,2.4,0.1,2.3,23.0,True,SEIUSDT,2,FADE,SELL,49829,2026-08-24 12:50:00
0.0468,0.0479,49914,49995,82,REVERSE_SIGNAL,2.951,0.492,2.502,0.1,2.402,24.02,True,SEIUSDT,2,FADE,BUY,49913,2026-08-24 19:50:00
0.0479,0.0478,49996,49999,4,REVERSE_SIGNAL,0.48,0.188,0.271,0.1,0.171,1.71,True,SEIUSDT,2,FADE,SELL,49995,2026-08-25 02:40:00
90.35,92.1721,135,265,131,SL,0.885,2.258,-2.017,0.1,-2.117,-21.17,False,SOLUSDT,2,TREND,SELL,134,2026-03-04 23:30:00
92.73,90.2636,267,315,49,SL,0.194,2.869,-2.66,0.1,-2.76,-27.6,False,SOLUSDT,2,TREND,BUY,266,2026-03-05 10:30:00
89.74,83.85,328,1128,801,REVERSE_SIGNAL,8.993,0.1,6.563,0.1,6.463,64.63,True,SOLUSDT,2,TREND,SELL,327,2026-03-05 15:35:00
83.85,82.15,1129,1161,33,REVERSE_SIGNAL,2.755,0.262,2.027,0.1,1.927,19.27,True,SOLUSDT,2,FADE,SELL,1128,2026-03-08 10:20:00
82.15,83.3705,1162,1329,168,SL,2.398,1.814,-1.486,0.1,-1.586,-15.86,False,SOLUSDT,2,TREND,SELL,1161,2026-03-08 13:05:00
84.33,86.8599,1332,1525,194,SL,2.467,3.036,-3.0,0.1,-3.1,-31.0,False,SOLUSDT,2,FADE,SELL,1331,2026-03-09 03:15:00
86.07,86.45,1817,2039,223,REVERSE_SIGNAL,1.487,2.056,0.442,0.1,0.342,3.42,True,SOLUSDT,2,FADE,BUY,1816,2026-03-10 19:40:00
86.45,84.7821,2040,2054,15,SL,0.775,2.267,-1.929,0.1,-2.029,-20.29,False,SOLUSDT,2,TREND,BUY,2039,2026-03-11 14:15:00
85.81,86.82,2184,2283,100,REVERSE_SIGNAL,1.375,1.27,-1.177,0.1,-1.277,-12.77,False,SOLUSDT,2,TREND,SELL,2183,2026-03-12 02:15:00
86.82,89.4246,2284,2448,165,SL,2.062,4.181,-3.0,0.1,-3.1,-31.0,False,SOLUSDT,2,FADE,SELL,2283,2026-03-12 10:35:00
88.72,87.78,2661,3008,348,REVERSE_SIGNAL,0.417,2.604,-1.06,0.1,-1.16,-11.6,False,SOLUSDT,2,FADE,BUY,2660,2026-03-13 18:00:00
87.78,87.53,3009,3185,177,REVERSE_SIGNAL,0.535,1.196,0.285,0.1,0.185,1.85,True,SOLUSDT,2,FADE,SELL,3008,2026-03-14 23:00:00
87.53,88.78,3186,3268,83,REVERSE_SIGNAL,1.668,0.137,1.428,0.1,1.328,13.28,True,SOLUSDT,2,FADE,BUY,3185,2026-03-15 13:45:00
88.78,94.13,3269,3646,378,REVERSE_SIGNAL,9.991,0.315,6.026,0.1,5.926,59.26,True,SOLUSDT,2,TREND,BUY,3268,2026-03-15 20:40:00
94.13,95.502,3647,3818,172,SL,1.094,1.562,-1.458,0.1,-1.558,-15.58,False,SOLUSDT,2,TREND,SELL,3646,2026-03-17 04:10:00
95.45,94.23,3820,3947,128,REVERSE_SIGNAL,1.812,0.189,1.278,0.1,1.178,11.78,True,SOLUSDT,2,FADE,SELL,3819,2026-03-17 18:35:00
94.23,89.27,3948,4462,515,REVERSE_SIGNAL,7.896,0.393,5.264,0.1,5.164,51.64,True,SOLUSDT,2,TREND,SELL,3947,2026-03-18 05:15:00
89.27,88.24,4463,4672,210,REVERSE_SIGNAL,1.344,1.299,1.154,0.1,1.054,10.54,True,SOLUSDT,2,FADE,SELL,4462,2026-03-20 00:10:00
88.24,89.4896,4673,4715,43,SL,0.159,1.757,-1.416,0.1,-1.516,-15.16,False,SOLUSDT,2,TREND,SELL,4672,2026-03-20 17:40:00
89.99,89.49,4728,4954,227,REVERSE_SIGNAL,0.767,0.878,0.556,0.1,0.456,4.56,True,SOLUSDT,2,FADE,SELL,4727,2026-03-20 22:15:00
89.49,90.1613,4955,4994,40,SL,0.078,0.972,-0.75,0.1,-0.85,-8.5,False,SOLUSDT,2,TREND,SELL,4954,2026-03-21 17:10:00
90.72,89.97,5459,5650,192,REVERSE_SIGNAL,1.675,2.69,-0.827,0.1,-0.927,-9.27,False,SOLUSDT,2,TREND,BUY,5458,2026-03-23 11:10:00
89.97,91.2187,5651,5698,48,SL,0.067,1.389,-1.388,0.1,-1.488,-14.88,False,SOLUSDT,2,TREND,SELL,5650,2026-03-24 03:10:00
91.68,89.9,5708,5780,73,REVERSE_SIGNAL,2.432,0.567,1.942,0.1,1.842,18.42,True,SOLUSDT,2,FADE,SELL,5707,2026-03-24 07:55:00
89.9,90.3,5781,5885,105,REVERSE_SIGNAL,1.724,0.923,-0.445,0.1,-0.545,-5.45,False,SOLUSDT,2,TREND,SELL,5780,2026-03-24 14:00:00
90.3,91.74,5886,6134,249,REVERSE_SIGNAL,3.499,0.144,1.595,0.1,1.495,14.95,True,SOLUSDT,2,TREND,BUY,5885,2026-03-24 22:45:00
91.74,88.9878,6135,6260,126,SL,0.196,3.074,-3.0,0.1,-3.1,-31.0,False,SOLUSDT,2,FADE,BUY,6134,2026-03-25 19:30:00
83.36,82.61,6853,7028,176,REVERSE_SIGNAL,1.308,1.188,0.9,0.1,0.8,8.0,True,SOLUSDT,2,FADE,SELL,6852,2026-03-28 07:20:00
82.61,80.1317,7029,7325,297,SL,0.702,4.648,-3.0,0.1,-3.1,-31.0,False,SOLUSDT,2,FADE,BUY,7028,2026-03-28 22:00:00
83.06,83.02,7373,7558,186,REVERSE_SIGNAL,0.229,2.312,0.048,0.1,-0.052,-0.52,False,SOLUSDT,2,FADE,SELL,7372,2026-03-30 02:40:00
83.02,84.2695,7559,7646,88,SL,1.349,1.903,-1.505,0.1,-1.605,-16.05,False,SOLUSDT,2,TREND,SELL,7558,2026-03-30 18:10:00
83.8,81.86,7652,7739,88,REVERSE_SIGNAL,2.351,0.298,2.315,0.1,2.215,22.15,True,SOLUSDT,2,FADE,SELL,7651,2026-03-31 01:55:00
81.86,83.4026,7740,7835,96,SL,2.407,1.942,-1.884,0.1,-1.984,-19.84,False,SOLUSDT,2,TREND,SELL,7739,2026-03-31 09:15:00
83.26,82.72,7837,8085,249,REVERSE_SIGNAL,1.345,1.73,0.649,0.1,0.549,5.49,True,SOLUSDT,2,FADE,SELL,7836,2026-03-31 17:20:00
82.72,84.0118,8086,8112,27,SL,0.097,1.656,-1.562,0.1,-1.662,-16.62,False,SOLUSDT,2,TREND,SELL,8085,2026-04-01 14:05:00
86.48,82.68,8121,8166,46,REVERSE_SIGNAL,4.88,0.023,4.394,0.1,4.294,42.94,True,SOLUSDT,2,FADE,SELL,8120,2026-04-01 17:00:00
82.68,79.5,8167,8411,245,REVERSE_SIGNAL,7.317,0.581,3.846,0.1,3.746,37.46,True,SOLUSDT,2,TREND,SELL,8166,2026-04-01 20:50:00
79.5,79.7,8412,8955,544,REVERSE_SIGNAL,1.409,1.761,-0.252,0.1,-0.352,-3.52,False,SOLUSDT,2,FADE,SELL,8411,2026-04-02 17:15:00
79.7,80.86,8956,8964,9,REVERSE_SIGNAL,2.434,0.213,1.455,0.1,1.355,13.55,True,SOLUSDT,2,FADE,BUY,8955,2026-04-04 14:35:00
80.86,80.34,8965,9129,165,REVERSE_SIGNAL,0.544,0.791,-0.643,0.1,-0.743,-7.43,False,SOLUSDT,2,TREND,BUY,8964,2026-04-04 15:20:00
80.34,80.0,9130,9293,164,REVERSE_SIGNAL,0.037,2.353,-0.423,0.1,-0.523,-5.23,False,SOLUSDT,2,FADE,BUY,9129,2026-04-05 05:05:00
80.0,79.309,9294,9334,41,SL,0.237,0.9,-0.864,0.1,-0.964,-9.64,False,SOLUSDT,2,TREND,BUY,9293,2026-04-05 18:45:00
81.65,80.01,9587,9861,275,REVERSE_SIGNAL,4.103,0.551,2.009,0.1,1.909,19.09,True,SOLUSDT,2,TREND,SELL,9586,2026-04-06 19:10:00
80.01,82.84,9862,10106,245,REVERSE_SIGNAL,8.974,0.675,3.537,0.1,3.437,34.37,True,SOLUSDT,2,TREND,BUY,9861,2026-04-07 18:05:00
82.84,83.7,10107,10411,305,REVERSE_SIGNAL,1.787,1.606,-1.038,0.1,-1.138,-11.38,False,SOLUSDT,2,TREND,SELL,10106,2026-04-08 14:30:00
83.7,82.8,10412,10548,137,REVERSE_SIGNAL,1.135,2.664,1.075,0.1,0.975,9.75,True,SOLUSDT,2,FADE,SELL,10411,2026-04-09 15:55:00
82.8,84.31,10549,10661,113,REVERSE_SIGNAL,1.92,0.205,1.824,0.1,1.724,17.24,True,SOLUSDT,2,FADE,BUY,10548,2026-04-10 03:20:00
84.31,84.29,10662,10850,189,REVERSE_SIGNAL,1.601,0.925,-0.024,0.1,-0.124,-1.24,False,SOLUSDT,2,TREND,BUY,10661,2026-04-10 12:45:00
84.29,84.61,10851,10992,142,REVERSE_SIGNAL,0.653,0.641,0.38,0.1,0.28,2.8,True,SOLUSDT,2,FADE,BUY,10850,2026-04-11 04:30:00
84.61,84.0872,10993,11102,110,SL,1.915,0.626,-0.618,0.1,-0.718,-7.18,False,SOLUSDT,2,TREND,BUY,10992,2026-04-11 16:20:00
82.79,82.63,11105,11340,236,REVERSE_SIGNAL,0.193,1.872,-0.193,0.1,-0.293,-2.93,False,SOLUSDT,2,FADE,BUY,11104,2026-04-12 01:40:00
82.63,81.8623,11341,11348,8,SL,0.206,0.968,-0.929,0.1,-1.029,-10.29,False,SOLUSDT,2,TREND,BUY,11340,2026-04-12 21:20:00
81.61,83.53,11441,11537,97,REVERSE_SIGNAL,2.365,0.0,2.353,0.1,2.253,22.53,True,SOLUSDT,2,FADE,BUY,11440,2026-04-13 05:40:00
83.53,85.16,11538,11873,336,REVERSE_SIGNAL,4.92,1.461,1.951,0.1,1.851,18.51,True,SOLUSDT,2,TREND,BUY,11537,2026-04-13 13:45:00
85.16,84.23,11874,12125,252,REVERSE_SIGNAL,3.006,0.27,1.092,0.1,0.992,9.92,True,SOLUSDT,2,TREND,SELL,11873,2026-04-14 17:45:00
84.23,87.64,12126,12553,428,REVERSE_SIGNAL,7.539,0.938,4.048,0.1,3.948,39.48,True,SOLUSDT,2,TREND,BUY,12125,2026-04-15 14:45:00
87.64,88.9914,12554,12631,78,SL,0.388,1.609,-1.542,0.1,-1.642,-16.42,False,SOLUSDT,2,TREND,SELL,12553,2026-04-17 02:25:00
88.8,87.8466,12635,12649,15,SL,0.766,1.182,-1.074,0.1,-1.174,-11.74,False,SOLUSDT,2,TREND,BUY,12634,2026-04-17 09:10:00
88.27,85.66,12859,13248,390,REVERSE_SIGNAL,4.52,0.374,2.957,0.1,2.857,28.57,True,SOLUSDT,2,TREND,SELL,12858,2026-04-18 03:50:00
85.66,84.9718,13249,13314,66,SL,1.658,0.841,-0.803,0.1,-0.903,-9.03,False,SOLUSDT,2,TREND,BUY,13248,2026-04-19 12:20:00
84.91,85.33,13345,13477,133,REVERSE_SIGNAL,2.52,0.978,-0.495,0.1,-0.595,-5.95,False,SOLUSDT,2,TREND,SELL,13344,2026-04-19 20:20:00
85.33,84.53,13478,13914,437,REVERSE_SIGNAL,1.254,1.805,0.938,0.1,0.838,8.38,True,SOLUSDT,2,FADE,SELL,13477,2026-04-20 07:25:00
84.53,86.24,13915,13970,56,REVERSE_SIGNAL,2.248,0.154,2.023,0.1,1.923,19.23,True,SOLUSDT,2,FADE,BUY,13914,2026-04-21 19:50:00
86.24,87.19,13971,14198,228,REVERSE_SIGNAL,3.537,0.22,1.102,0.1,1.002,10.02,True,SOLUSDT,2,TREND,BUY,13970,2026-04-22 00:30:00
87.19,84.5743,14199,14463,265,SL,0.573,3.016,-3.0,0.1,-3.1,-31.0,False,SOLUSDT,2,FADE,BUY,14198,2026-04-22 19:30:00
86.1,85.2,14549,14604,56,REVERSE_SIGNAL,1.161,0.256,1.045,0.1,0.945,9.45,True,SOLUSDT,2,FADE,SELL,14548,2026-04-24 00:40:00
85.2,86.15,14605,14679,75,REVERSE_SIGNAL,1.221,0.481,1.115,0.1,1.015,10.15,True,SOLUSDT,2,FADE,BUY,14604,2026-04-24 05:20:00
86.15,85.78,14680,15027,348,REVERSE_SIGNAL,0.801,0.894,0.429,0.1,0.329,3.29,True,SOLUSDT,2,FADE,SELL,14679,2026-04-24 11:35:00
85.78,86.24,15028,15147,120,REVERSE_SIGNAL,0.571,0.35,0.536,0.1,0.436,4.36,True,SOLUSDT,2,FADE,BUY,15027,2026-04-25 16:35:00
86.24,86.08,15148,15273,126,REVERSE_SIGNAL,0.533,0.568,0.186,0.1,0.086,0.86,True,SOLUSDT,2,FADE,SELL,15147,2026-04-26 02:35:00
86.08,86.8,15274,15341,68,REVERSE_SIGNAL,1.034,0.186,0.836,0.1,0.736,7.36,True,SOLUSDT,2,FADE,BUY,15273,2026-04-26 13:05:00
86.8,86.02,15342,15470,129,REVERSE_SIGNAL,1.071,1.475,0.899,0.1,0.799,7.99,True,SOLUSDT,2,FADE,SELL,15341,2026-04-26 18:45:00
86.02,83.4394,15471,15810,340,SL,0.0,3.116,-3.0,0.1,-3.1,-31.0,False,SOLUSDT,2,FADE,BUY,15470,2026-04-27 05:30:00
83.97,84.08,15984,16133,150,REVERSE_SIGNAL,0.262,1.858,-0.131,0.1,-0.231,-2.31,False,SOLUSDT,2,FADE,SELL,15983,2026-04-29 00:15:00
84.08,83.95,16134,16278,145,REVERSE_SIGNAL,3.294,0.214,0.155,0.1,0.055,0.55,True,SOLUSDT,2,TREND,SELL,16133,2026-04-29 12:45:00
83.95,82.35,16279,16324,46,REVERSE_SIGNAL,1.942,0.048,1.906,0.1,1.806,18.06,True,SOLUSDT,2,FADE,SELL,16278,2026-04-30 00:50:00
82.35,83.15,16325,16377,53,REVERSE_SIGNAL,1.263,0.304,0.971,0.1,0.871,8.71,True,SOLUSDT,2,FADE,BUY,16324,2026-04-30 04:40:00
83.15,83.45,16378,16807,430,REVERSE_SIGNAL,0.625,2.008,-0.361,0.1,-0.461,-4.61,False,SOLUSDT,2,FADE,SELL,16377,2026-04-30 09:05:00
83.45,84.1456,16808,16868,61,SL,0.096,0.851,-0.834,0.1,-0.934,-9.34,False,SOLUSDT,2,TREND,SELL,16807,2026-05-01 20:55:00
83.95,83.6,16964,17159,196,REVERSE_SIGNAL,0.572,1.203,0.417,0.1,0.317,3.17,True,SOLUSDT,2,FADE,SELL,16963,2026-05-02 09:55:00
83.6,84.06,17160,17282,123,REVERSE_SIGNAL,0.096,0.718,-0.55,0.1,-0.65,-6.5,False,SOLUSDT,2,TREND,SELL,17159,2026-05-03 02:15:00
84.06,83.4,17283,17424,142,REVERSE_SIGNAL,0.821,1.059,0.785,0.1,0.685,6.85,True,SOLUSDT,2,FADE,SELL,17282,2026-05-03 12:30:00
83.4,84.3803,17425,17438,14,SL,0.132,1.199,-1.175,0.1,-1.275,-12.75,False,SOLUSDT,2,TREND,SELL,17424,2026-05-04 00:20:00
85.01,83.8,17450,17542,93,REVERSE_SIGNAL,1.717,1.023,1.423,0.1,1.323,13.23,True,SOLUSDT,2,FADE,SELL,17449,2026-05-04 02:25:00
83.8,85.2647,17543,17599,57,SL,0.74,1.79,-1.748,0.1,-1.848,-18.48,False,SOLUSDT,2,TREND,SELL,17542,2026-05-04 10:10:00
84.65,87.1895,17759,18033,275,SL,0.307,3.142,-3.0,0.1,-3.1,-31.0,False,SOLUSDT,2,FADE,SELL,17758,2026-05-05 04:10:00
88.15,89.47,18300,18372,73,REVERSE_SIGNAL,1.588,0.771,1.497,0.1,1.397,13.97,True,SOLUSDT,2,FADE,BUY,18299,2026-05-07 01:15:00
89.47,88.16,18373,18458,86,REVERSE_SIGNAL,1.509,1.039,1.464,0.1,1.364,13.64,True,SOLUSDT,2,FADE,SELL,18372,2026-05-07 07:20:00
88.16,89.32,18459,18744,286,REVERSE_SIGNAL,1.338,0.681,1.316,0.1,1.216,12.16,True,SOLUSDT,2,FADE,BUY,18458,2026-05-07 14:30:00
89.32,92.5,18745,19042,298,REVERSE_SIGNAL,5.419,1.075,3.56,0.1,3.46,34.6,True,SOLUSDT,2,TREND,BUY,18744,2026-05-08 14:20:00
92.5,93.86,19043,19245,203,REVERSE_SIGNAL,1.546,0.011,1.47,0.1,1.37,13.7,True,SOLUSDT,2,FADE,BUY,19042,2026-05-09 15:10:00
93.86,96.6758,19246,19368,123,SL,1.151,3.154,-3.0,0.1,-3.1,-31.0,False,SOLUSDT,2,FADE,SELL,19245,2026-05-10 08:05:00
96.6,93.702,19750,19908,159,SL,0.373,3.106,-3.0,0.1,-3.1,-31.0,False,SOLUSDT,2,FADE,BUY,19749,2026-05-12 02:05:00
95.13,94.31,20036,20146,111,REVERSE_SIGNAL,0.946,0.883,0.862,0.1,0.762,7.62,True,SOLUSDT,2,FADE,SELL,20035,2026-05-13 01:55:00
94.31,92.2,20147,20478,332,REVERSE_SIGNAL,4.856,0.318,2.237,0.1,2.137,21.37,True,SOLUSDT,2,TREND,SELL,20146,2026-05-13 11:10:00
92.2,91.89,20479,20616,138,REVERSE_SIGNAL,1.562,0.857,-0.336,0.1,-0.436,-4.36,False,SOLUSDT,2,TREND,BUY,20478,2026-05-14 14:50:00
91.89,89.1333,20617,20751,135,SL,0.609,3.047,-3.0,0.1,-3.1,-31.0,False,SOLUSDT,2,FADE,BUY,20616,2026-05-15 02:20:00
86.82,86.28,21222,21334,113,REVERSE_SIGNAL,0.714,0.495,0.622,0.1,0.522,5.22,True,SOLUSDT,2,FADE,SELL,21221,2026-05-17 04:45:00
86.28,86.8329,21335,21401,67,SL,0.452,0.719,-0.641,0.1,-0.741,-7.41,False,SOLUSDT,2,TREND,SELL,21334,2026-05-17 14:10:00
86.82,86.02,21426,21441,16,REVERSE_SIGNAL,1.094,0.115,0.921,0.1,0.821,8.21,True,SOLUSDT,2,FADE,SELL,21425,2026-05-17 21:45:00
86.02,85.21,21442,21609,168,REVERSE_SIGNAL,3.15,0.116,0.942,0.1,0.842,8.42,True,SOLUSDT,2,TREND,SELL,21441,2026-05-17 23:05:00
85.21,84.5215,21610,21615,6,SL,0.164,1.115,-0.808,0.1,-0.908,-9.08,False,SOLUSDT,2,TREND,BUY,21609,2026-05-18 13:05:00
83.67,85.3,21633,21697,65,REVERSE_SIGNAL,2.008,0.287,1.948,0.1,1.848,18.48,True,SOLUSDT,2,FADE,BUY,21632,2026-05-18 15:00:00
85.3,84.63,21698,21865,168,REVERSE_SIGNAL,0.75,1.043,-0.785,0.1,-0.885,-8.85,False,SOLUSDT,2,TREND,BUY,21697,2026-05-18 20:25:00
84.63,84.75,21866,22100,235,REVERSE_SIGNAL,0.52,1.193,0.142,0.1,0.042,0.42,True,SOLUSDT,2,FADE,BUY,21865,2026-05-19 10:25:00
84.75,85.76,22101,22449,349,REVERSE_SIGNAL,0.755,2.855,-1.192,0.1,-1.292,-12.92,False,SOLUSDT,2,FADE,SELL,22100,2026-05-20 06:00:00
85.76,87.78,22450,22525,76,REVERSE_SIGNAL,2.635,0.583,2.355,0.1,2.255,22.55,True,SOLUSDT,2,FADE,BUY,22449,2026-05-21 11:05:00
87.78,86.54,22526,22681,156,REVERSE_SIGNAL,1.504,0.228,1.413,0.1,1.313,13.13,True,SOLUSDT,2,FADE,SELL,22525,2026-05-21 17:25:00
86.54,87.66,22682,22758,77,REVERSE_SIGNAL,1.398,0.104,1.294,0.1,1.194,11.94,True,SOLUSDT,2,FADE,BUY,22681,2026-05-22 06:25:00
87.66,86.78,22759,22802,44,REVERSE_SIGNAL,1.654,0.183,1.004,0.1,0.904,9.04,True,SOLUSDT,2,FADE,SELL,22758,2026-05-22 12:50:00
86.78,83.31,22803,23057,255,REVERSE_SIGNAL,6.246,0.426,3.999,0.1,3.899,38.99,True,SOLUSDT,2,TREND,SELL,22802,2026-05-22 16:30:00
83.31,85.2,23058,23352,295,REVERSE_SIGNAL,5.041,0.36,2.269,0.1,2.169,21.69,True,SOLUSDT,2,TREND,BUY,23057,2026-05-23 13:45:00
85.2,85.96,23353,23530,178,REVERSE_SIGNAL,1.854,1.045,-0.892,0.1,-0.992,-9.92,False,SOLUSDT,2,TREND,SELL,23352,2026-05-24 14:20:00
85.96,85.43,23531,23718,188,REVERSE_SIGNAL,0.826,0.617,0.617,0.1,0.517,5.17,True,SOLUSDT,2,FADE,SELL,23530,2026-05-25 05:10:00
85.43,85.62,23719,23884,166,REVERSE_SIGNAL,1.931,0.41,-0.222,0.1,-0.322,-3.22,False,SOLUSDT,2,TREND,SELL,23718,2026-05-25 20:50:00
85.62,83.92,23885,23963,79,REVERSE_SIGNAL,2.056,0.561,1.986,0.1,1.886,18.86,True,SOLUSDT,2,FADE,SELL,23884,2026-05-26 10:40:00
83.92,84.22,23964,24234,271,REVERSE_SIGNAL,1.478,1.072,-0.357,0.1,-0.457,-4.57,False,SOLUSDT,2,TREND,SELL,23963,2026-05-26 17:15:00
84.22,83.4199,24235,24250,16,SL,0.594,1.128,-0.95,0.1,-1.05,-10.5,False,SOLUSDT,2,TREND,BUY,24234,2026-05-27 15:50:00
82.35,82.03,24306,24537,232,REVERSE_SIGNAL,0.753,2.963,-0.389,0.1,-0.489,-4.89,False,SOLUSDT,2,FADE,BUY,24305,2026-05-27 21:45:00
82.03,81.33,24538,24771,234,REVERSE_SIGNAL,0.853,1.158,0.853,0.1,0.753,7.53,True,SOLUSDT,2,FADE,SELL,24537,2026-05-28 17:05:00
81.33,82.19,24772,24802,31,SL,1.266,1.094,-1.057,0.1,-1.157,-11.57,False,SOLUSDT,2,TREND,SELL,24771,2026-05-29 12:35:00
82.46,82.34,24816,25029,214,REVERSE_SIGNAL,1.128,0.91,0.146,0.1,0.046,0.46,True,SOLUSDT,2,FADE,SELL,24815,2026-05-29 16:15:00
82.34,82.83,25030,25110,81,REVERSE_SIGNAL,0.68,0.219,0.595,0.1,0.495,4.95,True,SOLUSDT,2,FADE,BUY,25029,2026-05-30 10:05:00
82.83,82.56,25111,25325,215,REVERSE_SIGNAL,0.519,0.652,0.326,0.1,0.226,2.26,True,SOLUSDT,2,FADE,SELL,25110,2026-05-30 16:50:00
82.56,82.56,25326,25466,141,REVERSE_SIGNAL,0.642,1.55,0.0,0.1,-0.1,-1.0,False,SOLUSDT,2,FADE,BUY,25325,2026-05-31 10:45:00
82.56,81.4,25467,25561,95,REVERSE_SIGNAL,1.49,0.63,1.405,0.1,1.305,13.05,True,SOLUSDT,2,FADE,SELL,25466,2026-05-31 22:30:00
81.4,81.06,25562,25726,165,REVERSE_SIGNAL,2.875,0.147,0.418,0.1,0.318,3.18,True,SOLUSDT,2,TREND,SELL,25561,2026-06-01 06:25:00
81.06,80.04,25727,25840,114,REVERSE_SIGNAL,2.097,0.74,1.258,0.1,1.158,11.58,True,SOLUSDT,2,FADE,SELL,25726,2026-06-01 20:10:00
80.04,74.97,25841,26166,326,REVERSE_SIGNAL,9.783,0.037,6.334,0.1,6.234,62.34,True,SOLUSDT,2,TREND,SELL,25840,2026-06-02 05:40:00
74.97,73.41,26167,26247,81,REVERSE_SIGNAL,2.134,0.934,2.081,0.1,1.981,19.81,True,SOLUSDT,2,FADE,SELL,26166,2026-06-03 08:50:00
73.41,63.72,26248,27229,982,REVERSE_SIGNAL,18.226,0.885,13.2,0.1,13.1,131.0,True,SOLUSDT,2,TREND,SELL,26247,2026-06-03 15:35:00
63.72,63.95,27230,27449,220,REVERSE_SIGNAL,3.688,1.099,0.361,0.1,0.261,2.61,True,SOLUSDT,2,TREND,BUY,27229,2026-06-07 01:25:00
63.95,66.27,27450,27484,35,REVERSE_SIGNAL,6.177,0.438,3.628,0.1,3.528,35.28,True,SOLUSDT,2,FADE,BUY,27449,2026-06-07 19:45:00
66.27,65.45,27485,27795,311,REVERSE_SIGNAL,2.852,2.037,-1.237,0.1,-1.337,-13.37,False,SOLUSDT,2,TREND,BUY,27484,2026-06-07 22:40:00
65.45,67.19,27796,27855,60,REVERSE_SIGNAL,2.979,0.336,2.659,0.1,2.559,25.59,True,SOLUSDT,2,FADE,BUY,27795,2026-06-09 00:35:00
67.19,66.0293,27856,27904,49,SL,0.387,1.741,-1.727,0.1,-1.827,-18.27,False,SOLUSDT,2,TREND,BUY,27855,2026-06-09 05:35:00
65.81,65.13,27948,28242,295,REVERSE_SIGNAL,4.407,0.562,1.033,0.1,0.933,9.33,True,SOLUSDT,2,TREND,SELL,27947,2026-06-09 13:15:00
65.13,62.92,28243,28331,89,REVERSE_SIGNAL,3.838,0.937,3.393,0.1,3.293,32.93,True,SOLUSDT,2,FADE,SELL,28242,2026-06-10 13:50:00
62.92,64.4003,28332,28383,52,SL,1.001,2.606,-2.353,0.1,-2.453,-24.53,False,SOLUSDT,2,TREND,SELL,28331,2026-06-10 21:15:00
64.79,66.7337,28386,28577,192,SL,0.772,3.658,-3.0,0.1,-3.1,-31.0,False,SOLUSDT,2,FADE,SELL,28385,2026-06-11 01:45:00
66.08,66.9303,28734,28752,19,SL,0.061,1.438,-1.287,0.1,-1.387,-13.87,False,SOLUSDT,2,TREND,SELL,28733,2026-06-12 06:45:00
67.25,66.4461,28768,28816,49,SL,0.149,1.368,-1.195,0.1,-1.295,-12.95,False,SOLUSDT,2,TREND,BUY,28767,2026-06-12 09:35:00
66.65,67.34,28922,29054,133,REVERSE_SIGNAL,1.35,0.33,1.035,0.1,0.935,9.35,True,SOLUSDT,2,FADE,BUY,28921,2026-06-12 22:25:00
67.34,68.36,29055,29303,249,REVERSE_SIGNAL,3.282,0.134,1.515,0.1,1.415,14.15,True,SOLUSDT,2,TREND,BUY,29054,2026-06-13 09:30:00
68.36,69.12,29304,29484,181,REVERSE_SIGNAL,1.39,2.15,1.112,0.1,1.012,10.12,True,SOLUSDT,2,FADE,BUY,29303,2026-06-14 06:15:00
69.12,73.84,29485,29794,310,REVERSE_SIGNAL,10.041,0.188,6.829,0.1,6.729,67.29,True,SOLUSDT,2,TREND,BUY,29484,2026-06-14 21:20:00
73.84,74.38,29795,29897,103,REVERSE_SIGNAL,1.503,0.894,-0.731,0.1,-0.831,-8.31,False,SOLUSDT,2,TREND,SELL,29794,2026-06-15 23:10:00
74.38,73.5731,29898,29975,78,SL,1.681,1.64,-1.085,0.1,-1.185,-11.85,False,SOLUSDT,2,TREND,BUY,29897,2026-06-16 07:45:00
72.64,73.78,29979,30285,307,REVERSE_SIGNAL,1.514,2.478,-1.569,0.1,-1.669,-16.69,False,SOLUSDT,2,TREND,SELL,29978,2026-06-16 14:30:00
73.78,71.91,30286,30333,48,REVERSE_SIGNAL,3.28,1.193,2.535,0.1,2.435,24.35,True,SOLUSDT,2,FADE,SELL,30285,2026-06-17 16:05:00
71.91,69.52,30334,30862,529,REVERSE_SIGNAL,5.632,1.015,3.324,0.1,3.224,32.24,True,SOLUSDT,2,TREND,SELL,30333,2026-06-17 20:05:00
69.52,71.6056,30863,31018,156,SL,1.367,4.215,-3.0,0.1,-3.1,-31.0,False,SOLUSDT,2,FADE,SELL,30862,2026-06-19 16:10:00
70.74,71.5543,31130,31133,4,SL,0.099,1.993,-1.151,0.1,-1.251,-12.51,False,SOLUSDT,2,TREND,SELL,31129,2026-06-20 14:25:00
71.74,72.65,31182,31499,318,REVERSE_SIGNAL,4.265,0.265,1.268,0.1,1.168,11.68,True,SOLUSDT,2,TREND,BUY,31181,2026-06-20 18:45:00
72.65,74.1498,31500,31548,49,SL,0.537,2.216,-2.064,0.1,-2.164,-21.64,False,SOLUSDT,2,TREND,SELL,31499,2026-06-21 21:15:00
73.97,72.74,31599,31728,130,REVERSE_SIGNAL,1.906,1.352,1.663,0.1,1.563,15.63,True,SOLUSDT,2,FADE,SELL,31598,2026-06-22 05:30:00
72.74,70.5578,31729,31893,165,SL,1.086,3.038,-3.0,0.1,-3.1,-31.0,False,SOLUSDT,2,FADE,BUY,31728,2026-06-22 16:20:00
69.62,68.9017,32107,32241,135,SL,1.063,1.149,-1.032,0.1,-1.132,-11.32,False,SOLUSDT,2,TREND,BUY,32106,2026-06-23 23:50:00
68.85,66.7845,32242,32310,69,SL,2.324,3.762,-3.0,0.1,-3.1,-31.0,False,SOLUSDT,2,FADE,BUY,32241,2026-06-24 11:05:00
67.39,68.18,32361,32528,168,REVERSE_SIGNAL,3.339,0.341,1.172,0.1,1.072,10.72,True,SOLUSDT,2,TREND,BUY,32360,2026-06-24 21:00:00
68.18,68.8766,32529,32546,18,SL,0.66,1.129,-1.022,0.1,-1.122,-11.22,False,SOLUSDT,2,TREND,SELL,32528,2026-06-25 11:00:00
68.07,66.4816,32680,32710,31,SL,0.015,3.07,-2.333,0.1,-2.433,-24.33,False,SOLUSDT,2,TREND,BUY,32679,2026-06-25 23:35:00
71.27,72.04,33206,33364,159,REVERSE_SIGNAL,1.67,1.249,-1.08,0.1,-1.18,-11.8,False,SOLUSDT,2,TREND,SELL,33205,2026-06-27 19:25:00
72.04,70.73,33365,33520,156,REVERSE_SIGNAL,2.568,0.472,1.818,0.1,1.718,17.18,True,SOLUSDT,2,FADE,SELL,33364,2026-06-28 08:40:00
70.73,71.5592,33521,33543,23,SL,1.541,1.442,-1.172,0.1,-1.272,-12.72,False,SOLUSDT,2,TREND,SELL,33520,2026-06-28 21:40:00
73.07,75.2621,33589,33754,166,SL,2.874,3.326,-3.0,0.1,-3.1,-31.0,False,SOLUSDT,2,FADE,SELL,33588,2026-06-29 03:20:00
74.08,71.8576,33885,33992,108,SL,0.202,3.01,-3.0,0.1,-3.1,-31.0,False,SOLUSDT,2,FADE,BUY,33884,2026-06-30 04:00:00
74.12,81.7,34151,35105,955,REVERSE_SIGNAL,13.276,0.283,10.227,0.1,10.127,101.27,True,SOLUSDT,2,TREND,BUY,34150,2026-07-01 02:10:00
81.7,82.7621,35106,35202,97,SL,0.514,1.322,-1.3,0.1,-1.4,-14.0,False,SOLUSDT,2,TREND,SELL,35105,2026-07-04 09:45:00
81.18,80.63,35446,35610,165,REVERSE_SIGNAL,1.503,0.961,-0.678,0.1,-0.778,-7.78,False,SOLUSDT,2,TREND,BUY,35445,2026-07-05 14:05:00
80.63,81.79,35611,35761,151,REVERSE_SIGNAL,2.158,1.786,1.439,0.1,1.339,13.39,True,SOLUSDT,2,FADE,BUY,35610,2026-07-06 03:50:00
81.79,81.22,35762,35892,131,REVERSE_SIGNAL,2.396,0.831,-0.697,0.1,-0.797,-7.97,False,SOLUSDT,2,TREND,BUY,35761,2026-07-06 16:25:00
81.22,82.1023,35893,36039,147,SL,0.997,1.317,-1.086,0.1,-1.186,-11.86,False,SOLUSDT,2,TREND,SELL,35892,2026-07-07 03:20:00
82.32,80.9396,36049,36082,34,SL,0.534,1.761,-1.677,0.1,-1.777,-17.77,False,SOLUSDT,2,TREND,BUY,36048,2026-07-07 16:20:00
80.85,78.4245,36108,36170,63,SL,0.309,3.179,-3.0,0.1,-3.1,-31.0,False,SOLUSDT,2,FADE,BUY,36107,2026-07-07 21:15:00
78.33,77.63,36443,36628,186,REVERSE_SIGNAL,2.132,0.626,0.894,0.1,0.794,7.94,True,SOLUSDT,2,FADE,SELL,36442,2026-07-09 01:10:00
77.63,79.11,36629,36738,110,REVERSE_SIGNAL,2.319,0.245,1.906,0.1,1.806,18.06,True,SOLUSDT,2,FADE,BUY,36628,2026-07-09 16:40:00
79.11,77.71,36739,36888,150,REVERSE_SIGNAL,1.997,0.67,1.77,0.1,1.67,16.7,True,SOLUSDT,2,FADE,SELL,36738,2026-07-10 01:50:00
77.71,78.13,36889,37167,279,REVERSE_SIGNAL,0.927,0.875,0.54,0.1,0.44,4.4,True,SOLUSDT,2,FADE,BUY,36888,2026-07-10 14:20:00
78.13,77.8009,37168,37203,36,SL,0.934,0.499,-0.421,0.1,-0.521,-5.21,False,SOLUSDT,2,TREND,BUY,37167,2026-07-11 13:35:00
77.51,77.08,37284,37441,158,REVERSE_SIGNAL,2.464,0.0,0.555,0.1,0.455,4.55,True,SOLUSDT,2,TREND,SELL,37283,2026-07-11 23:15:00
77.08,76.66,37442,37560,119,REVERSE_SIGNAL,0.856,0.882,0.545,0.1,0.445,4.45,True,SOLUSDT,2,FADE,SELL,37441,2026-07-12 12:25:00
76.66,74.3602,37561,37838,278,SL,1.996,3.039,-3.0,0.1,-3.1,-31.0,False,SOLUSDT,2,FADE,BUY,37560,2026-07-12 22:20:00
75.37,77.6311,37934,38028,95,SL,0.756,3.105,-3.0,0.1,-3.1,-31.0,False,SOLUSDT,2,FADE,SELL,37933,2026-07-14 05:25:00
77.16,74.8452,38397,38763,367,SL,0.7,3.149,-3.0,0.1,-3.1,-31.0,False,SOLUSDT,2,FADE,BUY,38396,2026-07-15 20:00:00
75.22,74.7,38944,39135,192,REVERSE_SIGNAL,0.811,0.266,0.691,0.1,0.591,5.91,True,SOLUSDT,2,FADE,SELL,38943,2026-07-17 17:35:00
74.7,75.42,39136,39241,106,REVERSE_SIGNAL,1.205,0.321,0.964,0.1,0.864,8.64,True,SOLUSDT,2,FADE,BUY,39135,2026-07-18 09:35:00
75.42,77.69,39242,40100,859,REVERSE_SIGNAL,4.574,0.358,3.01,0.1,2.91,29.1,True,SOLUSDT,2,TREND,BUY,39241,2026-07-18 18:25:00
77.69,78.5,40101,40181,81,REVERSE_SIGNAL,1.133,0.026,1.043,0.1,0.943,9.43,True,SOLUSDT,2,FADE,BUY,40100,2026-07-21 18:00:00
78.5,77.48,40182,40242,61,REVERSE_SIGNAL,1.338,0.0,1.299,0.1,1.199,11.99,True,SOLUSDT,2,FADE,SELL,40181,2026-07-22 00:45:00
77.48,78.66,40243,40357,115,REVERSE_SIGNAL,1.768,0.697,1.523,0.1,1.423,14.23,True,SOLUSDT,2,FADE,BUY,40242,2026-07-22 05:50:00
78.66,77.55,40358,40511,154,REVERSE_SIGNAL,1.78,0.153,1.411,0.1,1.311,13.11,True,SOLUSDT,2,FADE,SELL,40357,2026-07-22 15:25:00
77.55,75.2235,40512,40885,374,SL,0.361,3.056,-3.0,0.1,-3.1,-31.0,False,SOLUSDT,2,FADE,BUY,40511,2026-07-23 04:15:00
74.27,73.9206,41095,41105,11,SL,0.067,0.552,-0.47,0.1,-0.57,-5.7,False,SOLUSDT,2,TREND,BUY,41094,2026-07-25 04:50:00
73.74,74.16,41132,41225,94,REVERSE_SIGNAL,0.732,0.325,0.57,0.1,0.47,4.7,True,SOLUSDT,2,FADE,BUY,41131,2026-07-25 07:55:00
74.16,75.44,41226,41791,566,REVERSE_SIGNAL,4.477,0.162,1.726,0.1,1.626,16.26,True,SOLUSDT,2,TREND,BUY,41225,2026-07-25 15:45:00
75.44,73.1768,41792,41913,122,SL,1.021,3.499,-3.0,0.1,-3.1,-31.0,False,SOLUSDT,2,FADE,BUY,41791,2026-07-27 14:55:00
74.32,73.34,42090,42179,90,REVERSE_SIGNAL,1.494,0.296,1.319,0.1,1.219,12.19,True,SOLUSDT,2,FADE,SELL,42089,2026-07-28 15:45:00
73.34,74.05,42180,42301,122,REVERSE_SIGNAL,1.309,0.927,0.968,0.1,0.868,8.68,True,SOLUSDT,2,FADE,BUY,42179,2026-07-28 23:15:00
74.05,73.13,42302,42364,63,REVERSE_SIGNAL,1.364,0.324,1.242,0.1,1.142,11.42,True,SOLUSDT,2,FADE,SELL,42301,2026-07-29 09:25:00
73.13,73.81,42365,42511,147,REVERSE_SIGNAL,1.873,1.19,0.93,0.1,0.83,8.3,True,SOLUSDT,2,FADE,BUY,42364,2026-07-29 14:40:00
73.81,73.89,42512,42815,304,REVERSE_SIGNAL,0.745,1.992,-0.108,0.1,-0.208,-2.08,False,SOLUSDT,2,FADE,SELL,42511,2026-07-30 02:55:00
73.89,71.6733,42816,43262,447,SL,0.839,3.032,-3.0,0.1,-3.1,-31.0,False,SOLUSDT,2,FADE,BUY,42815,2026-07-31 04:15:00
72.44,72.92,43356,43499,144,REVERSE_SIGNAL,1.643,0.069,0.663,0.1,0.563,5.63,True,SOLUSDT,2,TREND,BUY,43355,2026-08-02 01:15:00
72.92,73.3115,43500,43548,49,SL,0.37,0.603,-0.537,0.1,-0.637,-6.37,False,SOLUSDT,2,TREND,SELL,43499,2026-08-02 13:15:00
73.59,72.96,43569,43647,79,REVERSE_SIGNAL,0.91,0.992,0.856,0.1,0.756,7.56,True,SOLUSDT,2,FADE,SELL,43568,2026-08-02 19:00:00
72.96,73.14,43648,43799,152,REVERSE_SIGNAL,1.494,0.507,-0.247,0.1,-0.347,-3.47,False,SOLUSDT,2,TREND,SELL,43647,2026-08-03 01:35:00
73.14,73.06,43800,43927,128,REVERSE_SIGNAL,1.545,0.219,-0.109,0.1,-0.209,-2.09,False,SOLUSDT,2,TREND,BUY,43799,2026-08-03 14:15:00
73.06,73.9,43928,43949,22,REVERSE_SIGNAL,1.423,0.055,1.15,0.1,1.05,10.5,True,SOLUSDT,2,FADE,BUY,43927,2026-08-04 00:55:00
73.9,73.28,43950,44024,75,REVERSE_SIGNAL,0.988,0.244,0.839,0.1,0.739,7.39,True,SOLUSDT,2,FADE,SELL,43949,2026-08-04 02:45:00
73.28,73.92,44025,44059,35,REVERSE_SIGNAL,0.914,0.3,0.873,0.1,0.773,7.73,True,SOLUSDT,2,FADE,BUY,44024,2026-08-04 09:00:00
73.92,73.48,44060,44215,156,REVERSE_SIGNAL,0.866,0.703,0.595,0.1,0.495,4.95,True,SOLUSDT,2,FADE,SELL,44059,2026-08-04 11:55:00
73.48,74.38,44216,44236,21,REVERSE_SIGNAL,1.225,0.177,1.225,0.1,1.125,11.25,True,SOLUSDT,2,FADE,BUY,44215,2026-08-05 00:55:00
74.38,73.66,44237,44516,280,REVERSE_SIGNAL,1.573,0.592,0.968,0.1,0.868,8.68,True,SOLUSDT,2,FADE,SELL,44236,2026-08-05 02:40:00
73.66,74.19,44517,44564,48,REVERSE_SIGNAL,0.91,0.448,0.72,0.1,0.62,6.2,True,SOLUSDT,2,FADE,BUY,44516,2026-08-06 02:00:00
74.19,73.25,44565,44610,46,REVERSE_SIGNAL,1.442,0.027,1.267,0.1,1.167,11.67,True,SOLUSDT,2,FADE,SELL,44564,2026-08-06 06:00:00
73.25,73.3,44611,44888,278,REVERSE_SIGNAL,0.464,1.311,0.068,0.1,-0.032,-0.32,False,SOLUSDT,2,FADE,BUY,44610,2026-08-06 09:50:00
73.3,75.499,44889,45202,314,SL,0.205,3.22,-3.0,0.1,-3.1,-31.0,False,SOLUSDT,2,FADE,SELL,44888,2026-08-07 09:00:00
75.85,76.1613,45377,45432,56,SL,0.132,0.422,-0.41,0.1,-0.51,-5.1,False,SOLUSDT,2,TREND,SELL,45376,2026-08-09 01:40:00
76.4,76.31,45440,45638,199,REVERSE_SIGNAL,1.937,0.419,-0.118,0.1,-0.218,-2.18,False,SOLUSDT,2,TREND,BUY,45439,2026-08-09 06:55:00
76.31,75.88,45639,46176,538,REVERSE_SIGNAL,1.088,2.28,-0.563,0.1,-0.663,-6.63,False,SOLUSDT,2,FADE,BUY,45638,2026-08-09 23:30:00
75.88,75.73,46177,46393,217,REVERSE_SIGNAL,1.911,0.224,-0.198,0.1,-0.298,-2.98,False,SOLUSDT,2,TREND,BUY,46176,2026-08-11 20:20:00
75.73,76.22,46394,46551,158,REVERSE_SIGNAL,0.607,0.739,-0.647,0.1,-0.747,-7.47,False,SOLUSDT,2,TREND,SELL,46393,2026-08-12 14:25:00
76.22,75.81,46552,46630,79,REVERSE_SIGNAL,0.59,0.499,0.538,0.1,0.438,4.38,True,SOLUSDT,2,FADE,SELL,46551,2026-08-13 03:35:00
75.81,76.25,46631,46673,43,REVERSE_SIGNAL,0.686,0.396,0.58,0.1,0.48,4.8,True,SOLUSDT,2,FADE,BUY,46630,2026-08-13 10:10:00
76.25,75.33,46674,46708,35,REVERSE_SIGNAL,1.587,0.407,1.207,0.1,1.107,11.07,True,SOLUSDT,2,FADE,SELL,46673,2026-08-13 13:45:00
75.33,76.34,46709,46780,72,REVERSE_SIGNAL,1.434,0.119,1.341,0.1,1.241,12.41,True,SOLUSDT,2,FADE,BUY,46708,2026-08-13 16:40:00
76.34,75.79,46781,46859,79,REVERSE_SIGNAL,0.838,0.026,0.72,0.1,0.62,6.2,True,SOLUSDT,2,FADE,SELL,46780,2026-08-13 22:40:00
75.79,75.56,46860,47114,255,REVERSE_SIGNAL,0.211,1.557,-0.303,0.1,-0.403,-4.03,False,SOLUSDT,2,FADE,BUY,46859,2026-08-14 05:15:00
75.56,75.12,47115,47187,73,REVERSE_SIGNAL,0.622,0.159,0.582,0.1,0.482,4.82,True,SOLUSDT,2,FADE,SELL,47114,2026-08-15 02:30:00
75.12,75.4422,47188,47240,53,SL,0.16,0.439,-0.429,0.1,-0.529,-5.29,False,SOLUSDT,2,TREND,SELL,47187,2026-08-15 08:35:00
75.52,75.29,47249,47372,124,REVERSE_SIGNAL,0.344,0.238,0.305,0.1,0.205,2.05,True,SOLUSDT,2,FADE,SELL,47248,2026-08-15 13:40:00
75.29,75.52,47373,47562,190,REVERSE_SIGNAL,0.438,0.226,0.305,0.1,0.205,2.05,True,SOLUSDT,2,FADE,BUY,47372,2026-08-16 00:00:00
75.52,75.14,47563,47598,36,REVERSE_SIGNAL,0.689,0.225,0.503,0.1,0.403,4.03,True,SOLUSDT,2,FADE,SELL,47562,2026-08-16 15:50:00
75.14,75.07,47599,47688,90,REVERSE_SIGNAL,1.517,0.253,0.093,0.1,-0.007,-0.07,False,SOLUSDT,2,TREND,SELL,47598,2026-08-16 18:50:00
75.07,75.34,47689,47978,290,REVERSE_SIGNAL,0.013,1.505,-0.36,0.1,-0.46,-4.6,False,SOLUSDT,2,FADE,SELL,47688,2026-08-17 02:20:00
75.34,75.8541,47979,48009,31,SL,0.239,0.69,-0.682,0.1,-0.782,-7.82,False,SOLUSDT,2,TREND,SELL,47978,2026-08-18 02:30:00
76.02,78.3006,48034,48389,356,SL,0.329,3.604,-3.0,0.1,-3.1,-31.0,False,SOLUSDT,2,FADE,SELL,48033,2026-08-18 07:05:00
91.61,96.61,49225,49397,173,REVERSE_SIGNAL,9.748,0.12,5.458,0.1,5.358,53.58,True,SOLUSDT,2,FADE,BUY,49224,2026-08-22 10:20:00
96.61,92.9396,49398,49444,47,SL,1.76,3.913,-3.799,0.1,-3.899,-38.99,False,SOLUSDT,2,TREND,BUY,49397,2026-08-23 00:45:00
92.38,94.76,49461,49540,80,REVERSE_SIGNAL,0.639,2.674,-2.576,0.1,-2.676,-26.76,False,SOLUSDT,2,TREND,SELL,49460,2026-08-23 06:00:00
94.76,93.4728,49541,49564,24,SL,1.14,1.857,-1.358,0.1,-1.458,-14.58,False,SOLUSDT,2,TREND,BUY,49540,2026-08-23 12:40:00
93.83,95.99,49723,49827,105,REVERSE_SIGNAL,2.654,0.65,2.302,0.1,2.202,22.02,True,SOLUSDT,2,FADE,BUY,49722,2026-08-24 03:50:00
95.99,100.78,49828,49999,172,REVERSE_SIGNAL,7.136,1.823,4.99,0.1,4.89,48.9,True,SOLUSDT,2,TREND,BUY,49827,2026-08-24 12:35:00
0.3333,0.3416,349,383,35,SL,0.69,3.03,-2.49,0.1,-2.59,-25.9,False,TIAUSDT,2,TREND,SELL,348,2026-03-05 17:20:00
0.3442,0.3371,393,580,188,REVERSE_SIGNAL,2.121,0.93,2.063,0.1,1.963,19.63,True,TIAUSDT,2,FADE,SELL,392,2026-03-05 21:00:00
0.3371,0.3188,581,1127,547,REVERSE_SIGNAL,7.654,1.483,5.429,0.1,5.329,53.29,True,TIAUSDT,2,TREND,SELL,580,2026-03-06 12:40:00
0.3188,0.3159,1128,1162,35,SL,1.317,1.129,-0.91,0.1,-1.01,-10.1,False,TIAUSDT,2,TREND,BUY,1127,2026-03-08 10:15:00
0.3135,0.3189,1194,1242,49,REVERSE_SIGNAL,2.424,0.638,1.722,0.1,1.622,16.22,True,TIAUSDT,2,FADE,BUY,1193,2026-03-08 15:45:00
0.3189,0.3151,1243,1255,13,SL,0.345,1.254,-1.192,0.1,-1.292,-12.92,False,TIAUSDT,2,TREND,BUY,1242,2026-03-08 19:50:00
0.3087,0.3252,1272,1360,89,REVERSE_SIGNAL,5.572,0.356,5.345,0.1,5.245,52.45,True,TIAUSDT,2,FADE,BUY,1271,2026-03-08 22:15:00
0.3252,0.3277,1361,1813,453,REVERSE_SIGNAL,4.889,2.645,0.769,0.1,0.669,6.69,True,TIAUSDT,2,TREND,BUY,1360,2026-03-09 05:40:00
0.3277,0.33,1814,2004,191,REVERSE_SIGNAL,1.068,1.8,0.702,0.1,0.602,6.02,True,TIAUSDT,2,FADE,BUY,1813,2026-03-10 19:25:00
0.33,0.3305,2005,2197,193,REVERSE_SIGNAL,4.485,1.0,0.152,0.1,0.052,0.52,True,TIAUSDT,2,TREND,BUY,2004,2026-03-11 11:20:00
0.3305,0.3355,2198,2387,190,REVERSE_SIGNAL,1.815,1.634,-1.513,0.1,-1.613,-16.13,False,TIAUSDT,2,TREND,SELL,2197,2026-03-12 03:25:00
0.3355,0.3447,2388,2716,329,REVERSE_SIGNAL,8.674,0.119,2.742,0.1,2.642,26.42,True,TIAUSDT,2,TREND,BUY,2387,2026-03-12 19:15:00
0.3447,0.3475,2717,2900,184,REVERSE_SIGNAL,2.553,1.16,0.812,0.1,0.712,7.12,True,TIAUSDT,2,FADE,BUY,2716,2026-03-13 22:40:00
0.3475,0.3436,2901,2979,79,REVERSE_SIGNAL,1.122,0.691,1.122,0.1,1.022,10.22,True,TIAUSDT,2,FADE,SELL,2900,2026-03-14 14:00:00
0.3436,0.3475,2980,3032,53,REVERSE_SIGNAL,1.455,0.204,1.135,0.1,1.035,10.35,True,TIAUSDT,2,FADE,BUY,2979,2026-03-14 20:35:00
0.3475,0.3477,3033,3203,171,REVERSE_SIGNAL,3.568,0.374,0.058,0.1,-0.042,-0.42,False,TIAUSDT,2,TREND,BUY,3032,2026-03-15 01:00:00
0.3477,0.3541,3204,3267,64,SL,0.46,1.898,-1.841,0.1,-1.941,-19.41,False,TIAUSDT,2,TREND,SELL,3203,2026-03-15 15:15:00
0.3557,0.3702,3331,3652,322,REVERSE_SIGNAL,8.884,1.04,4.076,0.1,3.976,39.76,True,TIAUSDT,2,TREND,BUY,3330,2026-03-16 01:50:00
0.3702,0.3738,3653,3858,206,REVERSE_SIGNAL,1.216,1.567,-0.972,0.1,-1.072,-10.72,False,TIAUSDT,2,TREND,SELL,3652,2026-03-17 04:40:00
0.3738,0.3673,3859,4012,154,REVERSE_SIGNAL,1.873,0.696,1.739,0.1,1.639,16.39,True,TIAUSDT,2,FADE,SELL,3858,2026-03-17 21:50:00
0.3673,0.3383,4013,4518,506,REVERSE_SIGNAL,10.101,0.436,7.895,0.1,7.795,77.95,True,TIAUSDT,2,TREND,SELL,4012,2026-03-18 10:40:00
0.3383,0.334,4519,4629,111,REVERSE_SIGNAL,1.833,1.064,1.271,0.1,1.171,11.71,True,TIAUSDT,2,FADE,SELL,4518,2026-03-20 04:50:00
0.334,0.335,4630,4816,187,REVERSE_SIGNAL,0.778,1.617,0.299,0.1,0.199,1.99,True,TIAUSDT,2,FADE,BUY,4629,2026-03-20 14:05:00
0.335,0.3313,4817,4873,57,REVERSE_SIGNAL,1.134,0.269,1.104,0.1,1.004,10.04,True,TIAUSDT,2,FADE,SELL,4816,2026-03-21 05:40:00
0.3313,0.3351,4874,4941,68,REVERSE_SIGNAL,1.751,0.241,1.147,0.1,1.047,10.47,True,TIAUSDT,2,FADE,BUY,4873,2026-03-21 10:25:00
0.3351,0.3308,4942,5028,87,REVERSE_SIGNAL,1.373,0.0,1.283,0.1,1.183,11.83,True,TIAUSDT,2,FADE,SELL,4941,2026-03-21 16:05:00
0.3308,0.3175,5029,5362,334,REVERSE_SIGNAL,7.013,0.091,4.021,0.1,3.921,39.21,True,TIAUSDT,2,TREND,SELL,5028,2026-03-21 23:20:00
0.3175,0.3106,5363,5412,50,REVERSE_SIGNAL,2.362,0.882,2.173,0.1,2.073,20.73,True,TIAUSDT,2,FADE,SELL,5362,2026-03-23 03:10:00
0.3106,0.3171,5413,5457,45,SL,0.161,5.666,-2.093,0.1,-2.193,-21.93,False,TIAUSDT,2,TREND,SELL,5412,2026-03-23 07:20:00
0.3249,0.3256,5460,5778,319,REVERSE_SIGNAL,2.585,1.385,0.215,0.1,0.115,1.15,True,TIAUSDT,2,TREND,BUY,5459,2026-03-23 11:15:00
0.3256,0.3301,5779,5857,79,SL,1.628,1.597,-1.382,0.1,-1.482,-14.82,False,TIAUSDT,2,TREND,SELL,5778,2026-03-24 13:50:00
0.329,0.3298,5864,6147,284,REVERSE_SIGNAL,2.492,0.547,0.243,0.1,0.143,1.43,True,TIAUSDT,2,TREND,BUY,5863,2026-03-24 20:55:00
0.3298,0.2992,6148,6864,717,REVERSE_SIGNAL,10.855,0.879,9.278,0.1,9.178,91.78,True,TIAUSDT,2,TREND,SELL,6147,2026-03-25 20:35:00
0.2992,0.2967,6865,6918,54,SL,0.167,0.969,-0.836,0.1,-0.936,-9.36,False,TIAUSDT,2,TREND,BUY,6864,2026-03-28 08:20:00
0.2964,0.2937,7042,7312,271,REVERSE_SIGNAL,0.034,2.8,-0.911,0.1,-1.011,-10.11,False,TIAUSDT,2,FADE,BUY,7041,2026-03-28 23:05:00
0.2937,0.2895,7313,7330,18,REVERSE_SIGNAL,3.984,0.306,1.43,0.1,1.33,13.3,True,TIAUSDT,2,FADE,SELL,7312,2026-03-29 21:40:00
0.2895,0.2942,7331,7343,13,SL,0.449,2.314,-1.623,0.1,-1.723,-17.23,False,TIAUSDT,2,TREND,SELL,7330,2026-03-29 23:10:00
0.2987,0.2971,7374,7550,177,REVERSE_SIGNAL,0.937,2.109,0.536,0.1,0.436,4.36,True,TIAUSDT,2,FADE,SELL,7373,2026-03-30 02:45:00
0.2971,0.301,7551,7646,96,REVERSE_SIGNAL,1.784,1.481,-1.313,0.1,-1.413,-14.13,False,TIAUSDT,2,TREND,SELL,7550,2026-03-30 17:30:00
0.301,0.2911,7647,7742,96,REVERSE_SIGNAL,3.422,0.1,3.289,0.1,3.189,31.89,True,TIAUSDT,2,FADE,SELL,7646,2026-03-31 01:30:00
0.2911,0.2976,7743,7799,57,SL,0.653,2.233,-2.233,0.1,-2.333,-23.33,False,TIAUSDT,2,TREND,SELL,7742,2026-03-31 09:30:00
0.2972,0.3061,7876,8068,193,SL,1.615,3.432,-3.0,0.1,-3.1,-31.0,False,TIAUSDT,2,FADE,SELL,7875,2026-03-31 20:35:00
0.2974,0.2887,8188,8549,362,REVERSE_SIGNAL,5.346,0.975,2.925,0.1,2.825,28.25,True,TIAUSDT,2,TREND,SELL,8187,2026-04-01 22:35:00
0.2887,0.2901,8550,8724,175,REVERSE_SIGNAL,3.776,0.208,0.485,0.1,0.385,3.85,True,TIAUSDT,2,TREND,BUY,8549,2026-04-03 04:45:00
0.2901,0.2924,8725,8928,204,REVERSE_SIGNAL,1.172,0.931,-0.793,0.1,-0.893,-8.93,False,TIAUSDT,2,TREND,SELL,8724,2026-04-03 19:20:00
0.2924,0.2876,8929,9086,158,REVERSE_SIGNAL,1.676,0.479,1.642,0.1,1.542,15.42,True,TIAUSDT,2,FADE,SELL,8928,2026-04-04 12:20:00
0.2876,0.286,9087,9352,266,REVERSE_SIGNAL,3.129,0.139,0.556,0.1,0.456,4.56,True,TIAUSDT,2,TREND,SELL,9086,2026-04-05 01:30:00
0.286,0.2934,9353,9590,238,REVERSE_SIGNAL,4.685,0.0,2.587,0.1,2.487,24.87,True,TIAUSDT,2,TREND,BUY,9352,2026-04-05 23:40:00
0.2934,0.2871,9591,9875,285,REVERSE_SIGNAL,4.431,0.511,2.147,0.1,2.047,20.47,True,TIAUSDT,2,TREND,SELL,9590,2026-04-06 19:30:00
0.2871,0.3071,9876,10099,224,REVERSE_SIGNAL,9.648,0.418,6.966,0.1,6.866,68.66,True,TIAUSDT,2,TREND,BUY,9875,2026-04-07 19:15:00
0.3071,0.3028,10100,10406,307,REVERSE_SIGNAL,5.015,0.228,1.4,0.1,1.3,13.0,True,TIAUSDT,2,TREND,SELL,10099,2026-04-08 13:55:00
0.3028,0.3119,10407,10487,81,SL,0.661,3.071,-3.0,0.1,-3.1,-31.0,False,TIAUSDT,2,FADE,SELL,10406,2026-04-09 15:30:00
0.3005,0.3043,10552,10566,15,SL,0.266,1.431,-1.265,0.1,-1.365,-13.65,False,TIAUSDT,2,TREND,SELL,10551,2026-04-10 03:35:00
0.3069,0.3053,10691,10879,189,REVERSE_SIGNAL,1.466,1.206,0.521,0.1,0.421,4.21,True,TIAUSDT,2,FADE,SELL,10690,2026-04-10 15:10:00
0.3053,0.3079,10880,10898,19,SL,0.098,0.852,-0.852,0.1,-0.952,-9.52,False,TIAUSDT,2,TREND,SELL,10879,2026-04-11 06:55:00
0.3097,0.3056,10997,11085,89,REVERSE_SIGNAL,1.388,1.647,1.324,0.1,1.224,12.24,True,TIAUSDT,2,FADE,SELL,10996,2026-04-11 16:40:00
0.3056,0.2985,11086,11301,216,REVERSE_SIGNAL,4.548,0.458,2.323,0.1,2.223,22.23,True,TIAUSDT,2,TREND,SELL,11085,2026-04-12 00:05:00
0.2985,0.292,11302,11357,56,REVERSE_SIGNAL,2.58,0.101,2.178,0.1,2.078,20.78,True,TIAUSDT,2,FADE,SELL,11301,2026-04-12 18:05:00
0.292,0.2978,11358,11538,181,REVERSE_SIGNAL,2.158,0.548,1.986,0.1,1.886,18.86,True,TIAUSDT,2,FADE,BUY,11357,2026-04-12 22:45:00
0.2978,0.3067,11539,11638,100,SL,1.444,3.358,-3.0,0.1,-3.1,-31.0,False,TIAUSDT,2,FADE,SELL,11538,2026-04-13 13:50:00
0.3086,0.3112,11742,11968,227,REVERSE_SIGNAL,1.685,2.203,0.843,0.1,0.743,7.43,True,TIAUSDT,2,FADE,BUY,11741,2026-04-14 06:45:00
0.3112,0.3205,11969,12089,121,SL,1.06,3.149,-3.0,0.1,-3.1,-31.0,False,TIAUSDT,2,FADE,SELL,11968,2026-04-15 01:40:00
0.415,0.3977,12932,13196,265,REVERSE_SIGNAL,8.024,0.0,4.169,0.1,4.069,40.69,True,TIAUSDT,2,TREND,SELL,12931,2026-04-18 09:55:00
0.3977,0.3887,13197,13288,92,REVERSE_SIGNAL,3.143,2.69,2.263,0.1,2.163,21.63,True,TIAUSDT,2,FADE,SELL,13196,2026-04-19 08:00:00
0.3887,0.3826,13289,13420,132,REVERSE_SIGNAL,5.428,0.515,1.569,0.1,1.469,14.69,True,TIAUSDT,2,TREND,SELL,13288,2026-04-19 15:40:00
0.3826,0.3779,13421,13664,244,REVERSE_SIGNAL,2.352,1.777,-1.228,0.1,-1.328,-13.28,False,TIAUSDT,2,TREND,BUY,13420,2026-04-20 02:40:00
0.3779,0.3775,13665,13968,304,REVERSE_SIGNAL,0.873,2.99,-0.106,0.1,-0.206,-2.06,False,TIAUSDT,2,FADE,BUY,13664,2026-04-20 23:00:00
0.3775,0.3888,13969,14073,105,SL,1.51,3.046,-3.0,0.1,-3.1,-31.0,False,TIAUSDT,2,FADE,SELL,13968,2026-04-22 00:20:00
0.375,0.3638,14199,14251,53,SL,0.907,3.013,-3.0,0.1,-3.1,-31.0,False,TIAUSDT,2,FADE,BUY,14198,2026-04-22 19:30:00
0.3642,0.3558,14440,14463,24,SL,0.686,2.691,-2.306,0.1,-2.406,-24.06,False,TIAUSDT,2,TREND,BUY,14439,2026-04-23 15:35:00
0.3575,0.3627,14609,14694,86,REVERSE_SIGNAL,1.818,0.112,1.455,0.1,1.355,13.55,True,TIAUSDT,2,FADE,BUY,14608,2026-04-24 05:40:00
0.3627,0.3568,14695,14910,216,REVERSE_SIGNAL,1.985,0.386,1.627,0.1,1.527,15.27,True,TIAUSDT,2,FADE,SELL,14694,2026-04-24 12:50:00
0.3568,0.3545,14911,15177,267,REVERSE_SIGNAL,0.729,2.999,-0.645,0.1,-0.745,-7.45,False,TIAUSDT,2,FADE,BUY,14910,2026-04-25 06:50:00
0.3545,0.3505,15178,15469,292,REVERSE_SIGNAL,2.539,1.298,-1.128,0.1,-1.228,-12.28,False,TIAUSDT,2,TREND,BUY,15177,2026-04-26 05:05:00
0.3505,0.3515,15470,15675,206,REVERSE_SIGNAL,0.799,2.767,0.285,0.1,0.185,1.85,True,TIAUSDT,2,FADE,BUY,15469,2026-04-27 05:25:00
0.3515,0.3516,15676,15809,134,REVERSE_SIGNAL,4.41,0.171,0.028,0.1,-0.072,-0.72,False,TIAUSDT,2,TREND,BUY,15675,2026-04-27 22:35:00
0.3516,0.3581,15810,15856,47,SL,0.199,2.048,-1.849,0.1,-1.949,-19.49,False,TIAUSDT,2,TREND,SELL,15809,2026-04-28 09:45:00
0.3687,0.3638,15880,16128,249,REVERSE_SIGNAL,3.526,2.441,-1.329,0.1,-1.429,-14.29,False,TIAUSDT,2,TREND,BUY,15879,2026-04-28 15:35:00
0.3638,0.3549,16129,16315,187,REVERSE_SIGNAL,6.707,0.55,2.446,0.1,2.346,23.46,True,TIAUSDT,2,TREND,SELL,16128,2026-04-29 12:20:00
0.3549,0.3529,16316,16474,159,REVERSE_SIGNAL,2.959,1.183,-0.564,0.1,-0.664,-6.64,False,TIAUSDT,2,TREND,BUY,16315,2026-04-30 03:55:00
0.3529,0.3587,16475,16596,122,SL,1.502,1.672,-1.644,0.1,-1.744,-17.44,False,TIAUSDT,2,TREND,SELL,16474,2026-04-30 17:10:00
0.3578,0.3501,16600,16806,207,SL,0.922,2.264,-2.152,0.1,-2.252,-22.52,False,TIAUSDT,2,TREND,BUY,16599,2026-05-01 03:35:00
0.3509,0.3534,16807,17015,209,REVERSE_SIGNAL,0.798,2.109,0.712,0.1,0.612,6.12,True,TIAUSDT,2,FADE,BUY,16806,2026-05-01 20:50:00
0.3534,0.3526,17016,17148,133,REVERSE_SIGNAL,2.547,0.453,-0.226,0.1,-0.326,-3.26,False,TIAUSDT,2,TREND,BUY,17015,2026-05-02 14:15:00
0.3526,0.3524,17149,17379,231,REVERSE_SIGNAL,2.099,0.255,0.057,0.1,-0.043,-0.43,False,TIAUSDT,2,TREND,SELL,17148,2026-05-03 01:20:00
0.3524,0.3488,17380,17389,10,SL,0.057,1.022,-1.022,0.1,-1.122,-11.22,False,TIAUSDT,2,TREND,BUY,17379,2026-05-03 20:35:00
0.345,0.3545,17421,17449,29,REVERSE_SIGNAL,3.014,0.899,2.754,0.1,2.654,26.54,True,TIAUSDT,2,FADE,BUY,17420,2026-05-04 00:00:00
0.3545,0.3456,17450,17541,92,SL,1.89,3.075,-2.511,0.1,-2.611,-26.11,False,TIAUSDT,2,TREND,BUY,17449,2026-05-04 02:25:00
0.3427,0.3586,17545,17676,132,REVERSE_SIGNAL,4.698,0.175,4.64,0.1,4.54,45.4,True,TIAUSDT,2,FADE,BUY,17544,2026-05-04 10:20:00
0.3586,0.3587,17677,17884,208,REVERSE_SIGNAL,5.968,1.171,0.028,0.1,-0.072,-0.72,False,TIAUSDT,2,TREND,BUY,17676,2026-05-04 21:20:00
0.3587,0.3696,17885,17960,76,SL,0.53,3.039,-3.039,0.1,-3.139,-31.39,False,TIAUSDT,2,TREND,SELL,17884,2026-05-05 14:40:00
0.3679,0.3616,17967,17980,14,SL,0.217,1.903,-1.712,0.1,-1.812,-18.12,False,TIAUSDT,2,TREND,BUY,17966,2026-05-05 21:30:00
0.3704,0.3809,18169,18238,70,SL,0.081,3.132,-2.835,0.1,-2.935,-29.35,False,TIAUSDT,2,TREND,SELL,18168,2026-05-06 14:20:00
0.3794,0.3746,18274,18296,23,SL,2.557,1.502,-1.265,0.1,-1.365,-13.65,False,TIAUSDT,2,TREND,BUY,18273,2026-05-06 23:05:00
0.3751,0.3872,18469,18506,38,SL,0.56,3.626,-3.226,0.1,-3.326,-33.26,False,TIAUSDT,2,TREND,SELL,18468,2026-05-07 15:20:00
0.3899,0.4336,18578,19023,446,REVERSE_SIGNAL,17.415,1.513,11.208,0.1,11.108,111.08,True,TIAUSDT,2,TREND,BUY,18577,2026-05-08 00:25:00
0.4336,0.4443,19024,19118,95,SL,1.499,2.514,-2.468,0.1,-2.568,-25.68,False,TIAUSDT,2,TREND,SELL,19023,2026-05-09 13:35:00
0.4414,0.4356,19125,19148,24,SL,0.634,1.382,-1.314,0.1,-1.414,-14.14,False,TIAUSDT,2,TREND,BUY,19124,2026-05-09 22:00:00
0.4331,0.4387,19170,19281,112,REVERSE_SIGNAL,1.616,1.893,1.293,0.1,1.193,11.93,True,TIAUSDT,2,FADE,BUY,19169,2026-05-10 01:45:00
0.4387,0.4373,19282,19466,185,REVERSE_SIGNAL,7.044,1.14,-0.319,0.1,-0.419,-4.19,False,TIAUSDT,2,TREND,BUY,19281,2026-05-10 11:05:00
0.4373,0.4487,19467,19557,91,REVERSE_SIGNAL,2.15,2.676,-2.607,0.1,-2.707,-27.07,False,TIAUSDT,2,TREND,SELL,19466,2026-05-11 02:30:00
0.4487,0.4384,19558,19599,42,SL,4.39,2.786,-2.296,0.1,-2.396,-23.96,False,TIAUSDT,2,TREND,BUY,19557,2026-05-11 10:05:00
0.4414,0.4533,19748,19779,32,SL,0.136,3.217,-2.696,0.1,-2.796,-27.96,False,TIAUSDT,2,TREND,SELL,19747,2026-05-12 01:55:00
0.459,0.4471,19792,19823,32,SL,0.588,2.919,-2.593,0.1,-2.693,-26.93,False,TIAUSDT,2,TREND,BUY,19791,2026-05-12 05:35:00
0.4393,0.4549,19887,19954,68,SL,3.483,3.802,-3.551,0.1,-3.651,-36.51,False,TIAUSDT,2,TREND,SELL,19886,2026-05-12 13:30:00
0.4558,0.4776,19958,20169,212,REVERSE_SIGNAL,14.392,0.11,4.783,0.1,4.683,46.83,True,TIAUSDT,2,TREND,BUY,19957,2026-05-12 19:25:00
0.4776,0.4679,20170,20474,305,REVERSE_SIGNAL,7.056,1.214,2.031,0.1,1.931,19.31,True,TIAUSDT,2,TREND,SELL,20169,2026-05-13 13:05:00
0.4679,0.4555,20475,20617,143,REVERSE_SIGNAL,2.565,2.714,-2.65,0.1,-2.75,-27.5,False,TIAUSDT,2,TREND,BUY,20474,2026-05-14 14:30:00
0.4555,0.4015,20618,21254,637,REVERSE_SIGNAL,14.314,1.142,11.855,0.1,11.755,117.55,True,TIAUSDT,2,TREND,SELL,20617,2026-05-15 02:25:00
0.4015,0.3935,21255,21322,68,REVERSE_SIGNAL,2.017,0.249,1.993,0.1,1.893,18.93,True,TIAUSDT,2,FADE,SELL,21254,2026-05-17 07:30:00
0.3935,0.3875,21323,21597,275,REVERSE_SIGNAL,7.37,0.127,1.525,0.1,1.425,14.25,True,TIAUSDT,2,TREND,SELL,21322,2026-05-17 13:10:00
0.3875,0.3991,21598,21715,118,SL,2.632,3.432,-3.0,0.1,-3.1,-31.0,False,TIAUSDT,2,FADE,SELL,21597,2026-05-18 12:05:00
0.3933,0.3986,21863,21903,41,SL,1.322,1.576,-1.348,0.1,-1.448,-14.48,False,TIAUSDT,2,TREND,SELL,21862,2026-05-19 10:10:00
0.3936,0.4021,22092,22430,339,REVERSE_SIGNAL,7.47,0.483,2.16,0.1,2.06,20.6,True,TIAUSDT,2,TREND,BUY,22091,2026-05-20 05:15:00
0.4021,0.4109,22431,22514,84,SL,1.865,2.313,-2.189,0.1,-2.289,-22.89,False,TIAUSDT,2,TREND,SELL,22430,2026-05-21 09:30:00
0.4134,0.4279,22523,22831,309,REVERSE_SIGNAL,11.272,0.266,3.507,0.1,3.407,34.07,True,TIAUSDT,2,TREND,BUY,22522,2026-05-21 17:10:00
0.4279,0.4118,22832,23053,222,REVERSE_SIGNAL,7.806,0.538,3.763,0.1,3.663,36.63,True,TIAUSDT,2,TREND,SELL,22831,2026-05-22 18:55:00
0.4118,0.4281,23054,23206,153,REVERSE_SIGNAL,9.835,0.729,3.958,0.1,3.858,38.58,True,TIAUSDT,2,TREND,BUY,23053,2026-05-23 13:25:00
0.4281,0.4189,23207,23477,271,REVERSE_SIGNAL,5.863,0.607,2.149,0.1,2.049,20.49,True,TIAUSDT,2,TREND,SELL,23206,2026-05-24 02:10:00
0.4189,0.4587,23478,24071,594,REVERSE_SIGNAL,17.689,0.859,9.501,0.1,9.401,94.01,True,TIAUSDT,2,TREND,BUY,23477,2026-05-25 00:45:00
0.4587,0.474,24072,24140,69,REVERSE_SIGNAL,2.507,3.379,-3.336,0.1,-3.436,-34.36,False,TIAUSDT,2,TREND,SELL,24071,2026-05-27 02:15:00
0.474,0.4516,24141,24164,24,REVERSE_SIGNAL,4.873,0.295,4.726,0.1,4.626,46.26,True,TIAUSDT,2,FADE,SELL,24140,2026-05-27 08:00:00
0.4516,0.4651,24165,24212,48,SL,1.816,4.052,-2.989,0.1,-3.089,-30.89,False,TIAUSDT,2,TREND,SELL,24164,2026-05-27 10:00:00
0.4664,0.4512,24238,24251,14,SL,0.086,3.323,-3.259,0.1,-3.359,-33.59,False,TIAUSDT,2,TREND,BUY,24237,2026-05-27 16:05:00
0.4375,0.4231,24307,24635,329,REVERSE_SIGNAL,7.543,1.303,3.291,0.1,3.191,31.91,True,TIAUSDT,2,TREND,SELL,24306,2026-05-27 21:50:00
0.4231,0.4142,24636,24652,17,SL,0.662,2.245,-2.104,0.1,-2.204,-22.04,False,TIAUSDT,2,TREND,BUY,24635,2026-05-29 01:15:00
0.4061,0.4186,24766,24802,37,SL,1.551,3.62,-3.078,0.1,-3.178,-31.78,False,TIAUSDT,2,TREND,SELL,24765,2026-05-29 12:05:00
0.4227,0.4117,24810,25071,262,REVERSE_SIGNAL,3.549,3.762,-2.602,0.1,-2.702,-27.02,False,TIAUSDT,2,TREND,BUY,24809,2026-05-29 15:45:00
0.4117,0.3993,25072,25285,214,SL,1.676,3.668,-3.0,0.1,-3.1,-31.0,False,TIAUSDT,2,FADE,BUY,25071,2026-05-30 13:35:00
0.3987,0.3877,25464,25558,95,REVERSE_SIGNAL,3.236,1.279,2.759,0.1,2.659,26.59,True,TIAUSDT,2,FADE,SELL,25463,2026-05-31 22:15:00
0.3877,0.3983,25559,25708,150,SL,2.347,2.734,-2.734,0.1,-2.834,-28.34,False,TIAUSDT,2,TREND,SELL,25558,2026-06-01 06:10:00
0.3993,0.3869,25724,25854,131,REVERSE_SIGNAL,3.556,0.826,3.105,0.1,3.005,30.05,True,TIAUSDT,2,FADE,SELL,25723,2026-06-01 19:55:00
0.3869,0.3966,25855,25924,70,SL,1.189,2.843,-2.507,0.1,-2.607,-26.07,False,TIAUSDT,2,TREND,SELL,25854,2026-06-02 06:50:00
0.3975,0.3888,25934,25942,9,SL,0.025,2.692,-2.189,0.1,-2.289,-22.89,False,TIAUSDT,2,TREND,BUY,25933,2026-06-02 13:25:00
0.382,0.3752,25951,26138,188,REVERSE_SIGNAL,8.351,0.576,1.78,0.1,1.68,16.8,True,TIAUSDT,2,TREND,SELL,25950,2026-06-02 14:50:00
0.3752,0.3865,26139,26194,56,SL,1.972,3.385,-3.0,0.1,-3.1,-31.0,False,TIAUSDT,2,FADE,SELL,26138,2026-06-03 06:30:00
0.3707,0.3782,26302,26323,22,SL,2.913,2.023,-2.023,0.1,-2.123,-21.23,False,TIAUSDT,2,TREND,SELL,26301,2026-06-03 20:05:00
0.3485,0.3385,26538,26603,66,SL,0.717,3.501,-2.869,0.1,-2.969,-29.69,False,TIAUSDT,2,TREND,BUY,26537,2026-06-04 15:45:00
0.333,0.3068,26611,26933,323,REVERSE_SIGNAL,14.745,2.462,7.868,0.1,7.768,77.68,True,TIAUSDT,2,TREND,SELL,26610,2026-06-04 21:50:00
0.3068,0.2899,26934,26973,40,REVERSE_SIGNAL,5.606,0.163,5.508,0.1,5.408,54.08,True,TIAUSDT,2,FADE,SELL,26933,2026-06-06 00:45:00
0.2899,0.2994,26974,27103,130,REVERSE_SIGNAL,4.519,4.277,-3.277,0.1,-3.377,-33.77,False,TIAUSDT,2,TREND,SELL,26973,2026-06-06 04:05:00
0.2994,0.2939,27104,27107,4,SL,0.167,1.971,-1.837,0.1,-1.937,-19.37,False,TIAUSDT,2,TREND,BUY,27103,2026-06-06 14:55:00
0.3055,0.3202,27446,27482,37,REVERSE_SIGNAL,9.624,1.015,4.812,0.1,4.712,47.12,True,TIAUSDT,2,FADE,BUY,27445,2026-06-07 19:25:00
0.3202,0.3168,27483,27782,300,REVERSE_SIGNAL,2.436,2.686,-1.062,0.1,-1.162,-11.62,False,TIAUSDT,2,TREND,BUY,27482,2026-06-07 22:30:00
0.3168,0.3197,27783,27856,74,REVERSE_SIGNAL,3.125,1.326,-0.915,0.1,-1.015,-10.15,False,TIAUSDT,2,TREND,SELL,27782,2026-06-08 23:30:00
0.3197,0.3124,27857,27975,119,SL,2.846,2.283,-2.283,0.1,-2.383,-23.83,False,TIAUSDT,2,TREND,BUY,27856,2026-06-09 05:40:00
0.3087,0.3258,27988,28060,73,REVERSE_SIGNAL,6.252,0.227,5.539,0.1,5.439,54.39,True,TIAUSDT,2,FADE,BUY,27987,2026-06-09 16:35:00
0.3258,0.3164,28061,28142,82,REVERSE_SIGNAL,3.683,1.044,2.885,0.1,2.785,27.85,True,TIAUSDT,2,FADE,SELL,28060,2026-06-09 22:40:00
0.3164,0.3226,28143,28226,84,SL,2.086,2.655,-1.96,0.1,-2.06,-20.6,False,TIAUSDT,2,TREND,SELL,28142,2026-06-10 05:30:00
0.3264,0.3079,28240,28314,75,REVERSE_SIGNAL,5.913,0.521,5.668,0.1,5.568,55.68,True,TIAUSDT,2,FADE,SELL,28239,2026-06-10 13:35:00
0.3079,0.3167,28315,28407,93,REVERSE_SIGNAL,2.501,3.28,-2.858,0.1,-2.958,-29.58,False,TIAUSDT,2,TREND,SELL,28314,2026-06-10 19:50:00
0.3167,0.3171,28408,28572,165,REVERSE_SIGNAL,5.084,0.158,0.126,0.1,0.026,0.26,True,TIAUSDT,2,TREND,BUY,28407,2026-06-11 03:35:00
0.3171,0.3287,28573,28769,197,REVERSE_SIGNAL,4.194,0.284,3.658,0.1,3.558,35.58,True,TIAUSDT,2,FADE,BUY,28572,2026-06-11 17:20:00
0.3287,0.321,28770,28933,164,REVERSE_SIGNAL,3.438,2.556,-2.343,0.1,-2.443,-24.43,False,TIAUSDT,2,TREND,BUY,28769,2026-06-12 09:45:00
0.321,0.3304,28934,29020,87,REVERSE_SIGNAL,3.333,0.093,2.928,0.1,2.828,28.28,True,TIAUSDT,2,FADE,BUY,28933,2026-06-12 23:25:00
0.3304,0.3391,29021,29284,264,REVERSE_SIGNAL,8.384,0.03,2.633,0.1,2.533,25.33,True,TIAUSDT,2,TREND,BUY,29020,2026-06-13 06:40:00
0.3391,0.3371,29285,29469,185,REVERSE_SIGNAL,2.919,1.268,0.59,0.1,0.49,4.9,True,TIAUSDT,2,TREND,SELL,29284,2026-06-14 04:40:00
0.3371,0.3976,29470,30230,761,REVERSE_SIGNAL,27.173,0.059,17.947,0.1,17.847,178.47,True,TIAUSDT,2,TREND,BUY,29469,2026-06-14 20:05:00
0.3976,0.4066,30231,30283,53,SL,2.364,2.842,-2.264,0.1,-2.364,-23.64,False,TIAUSDT,2,TREND,SELL,30230,2026-06-17 11:30:00
0.4122,0.3916,30290,30335,46,REVERSE_SIGNAL,5.628,0.073,4.998,0.1,4.898,48.98,True,TIAUSDT,2,FADE,SELL,30289,2026-06-17 16:25:00
0.3916,0.3799,30336,30567,232,SL,2.017,3.243,-3.0,0.1,-3.1,-31.0,False,TIAUSDT,2,FADE,BUY,30335,2026-06-17 20:15:00
0.3948,0.3771,30627,30726,100,REVERSE_SIGNAL,4.61,1.292,4.483,0.1,4.383,43.83,True,TIAUSDT,2,FADE,SELL,30626,2026-06-18 20:30:00
0.3771,0.3926,30727,30834,108,REVERSE_SIGNAL,1.034,4.349,-4.11,0.1,-4.21,-42.1,False,TIAUSDT,2,TREND,SELL,30726,2026-06-19 04:50:00
0.3926,0.3794,30835,30870,36,SL,1.019,3.591,-3.362,0.1,-3.462,-34.62,False,TIAUSDT,2,TREND,BUY,30834,2026-06-19 13:50:00
0.3791,0.3843,30891,31030,140,REVERSE_SIGNAL,2.242,1.345,1.372,0.1,1.272,12.72,True,TIAUSDT,2,FADE,BUY,30890,2026-06-19 18:30:00
0.3843,0.3764,31031,31097,67,REVERSE_SIGNAL,2.238,0.182,2.056,0.1,1.956,19.56,True,TIAUSDT,2,FADE,SELL,31030,2026-06-20 06:10:00
0.3764,0.3756,31098,31363,266,REVERSE_SIGNAL,3.719,0.372,0.213,0.1,0.113,1.13,True,TIAUSDT,2,TREND,SELL,31097,2026-06-20 11:45:00
0.3756,0.3675,31364,31460,97,SL,1.251,2.157,-2.157,0.1,-2.257,-22.57,False,TIAUSDT,2,TREND,BUY,31363,2026-06-21 09:55:00
0.371,0.3739,31471,31549,79,SL,2.884,1.402,-0.782,0.1,-0.882,-8.82,False,TIAUSDT,2,TREND,SELL,31470,2026-06-21 18:50:00
0.376,0.3873,31560,31636,77,SL,1.543,3.165,-3.0,0.1,-3.1,-31.0,False,TIAUSDT,2,FADE,SELL,31559,2026-06-22 02:15:00
0.3872,0.3981,31795,31845,51,REVERSE_SIGNAL,3.125,1.705,2.815,0.1,2.715,27.15,True,TIAUSDT,2,FADE,BUY,31794,2026-06-22 21:50:00
0.3981,0.3869,31846,31892,47,SL,1.507,2.939,-2.813,0.1,-2.913,-29.13,False,TIAUSDT,2,TREND,BUY,31845,2026-06-23 02:05:00
0.3829,0.3883,31900,31994,95,REVERSE_SIGNAL,4.649,1.698,-1.41,0.1,-1.51,-15.1,False,TIAUSDT,2,TREND,SELL,31899,2026-06-23 06:35:00
0.3883,0.3762,31995,32108,114,REVERSE_SIGNAL,0.618,3.219,-3.116,0.1,-3.216,-32.16,False,TIAUSDT,2,TREND,BUY,31994,2026-06-23 14:30:00
0.3762,0.3832,32109,32119,11,SL,0.106,2.366,-1.861,0.1,-1.961,-19.61,False,TIAUSDT,2,TREND,SELL,32108,2026-06-24 00:00:00
0.3629,0.3646,32369,32545,177,REVERSE_SIGNAL,6.035,0.524,0.468,0.1,0.368,3.68,True,TIAUSDT,2,TREND,BUY,32368,2026-06-24 21:40:00
0.3646,0.3612,32546,32771,226,REVERSE_SIGNAL,7.405,2.222,0.933,0.1,0.833,8.33,True,TIAUSDT,2,TREND,SELL,32545,2026-06-25 12:25:00
0.3612,0.3497,32772,32826,55,SL,1.606,3.184,-3.184,0.1,-3.284,-32.84,False,TIAUSDT,2,TREND,BUY,32771,2026-06-26 07:15:00
0.3738,0.3774,33027,33052,26,SL,0.883,0.963,-0.963,0.1,-1.063,-10.63,False,TIAUSDT,2,TREND,SELL,33026,2026-06-27 04:30:00
0.384,0.3731,33082,33105,24,SL,0.0,2.839,-2.839,0.1,-2.939,-29.39,False,TIAUSDT,2,TREND,BUY,33081,2026-06-27 09:05:00
0.3724,0.3801,33119,33167,49,REVERSE_SIGNAL,2.954,0.806,2.068,0.1,1.968,19.68,True,TIAUSDT,2,FADE,BUY,33118,2026-06-27 12:10:00
0.3801,0.3684,33168,33210,43,REVERSE_SIGNAL,3.604,0.737,3.078,0.1,2.978,29.78,True,TIAUSDT,2,FADE,SELL,33167,2026-06-27 16:15:00
0.3684,0.3803,33211,33389,179,REVERSE_SIGNAL,3.773,0.353,3.23,0.1,3.13,31.3,True,TIAUSDT,2,FADE,BUY,33210,2026-06-27 19:50:00
0.3803,0.3683,33390,33469,80,REVERSE_SIGNAL,3.287,0.053,3.155,0.1,3.055,30.55,True,TIAUSDT,2,FADE,SELL,33389,2026-06-28 10:45:00
0.3683,0.3753,33470,33543,74,SL,1.466,1.955,-1.901,0.1,-2.001,-20.01,False,TIAUSDT,2,TREND,SELL,33469,2026-06-28 17:25:00
0.3759,0.3861,33571,33850,280,REVERSE_SIGNAL,7.289,1.676,2.713,0.1,2.613,26.13,True,TIAUSDT,2,TREND,BUY,33570,2026-06-29 01:50:00
0.3861,0.3745,33851,33957,107,SL,2.745,3.108,-3.0,0.1,-3.1,-31.0,False,TIAUSDT,2,FADE,BUY,33850,2026-06-30 01:10:00
0.3675,0.3632,34174,34356,183,REVERSE_SIGNAL,2.83,1.741,-1.17,0.1,-1.27,-12.7,False,TIAUSDT,2,TREND,BUY,34173,2026-07-01 04:05:00
0.3632,0.3658,34357,34469,113,REVERSE_SIGNAL,2.506,1.322,-0.716,0.1,-0.816,-8.16,False,TIAUSDT,2,TREND,SELL,34356,2026-07-01 19:20:00
0.3658,0.3586,34470,34486,17,SL,0.437,1.968,-1.968,0.1,-2.068,-20.68,False,TIAUSDT,2,TREND,BUY,34469,2026-07-02 04:45:00
0.389,0.401,35087,35171,85,SL,0.746,3.111,-3.085,0.1,-3.185,-31.85,False,TIAUSDT,2,TREND,SELL,35086,2026-07-04 08:10:00
0.3993,0.3941,35178,35263,86,REVERSE_SIGNAL,3.706,1.653,-1.302,0.1,-1.402,-14.02,False,TIAUSDT,2,TREND,BUY,35177,2026-07-04 15:45:00
0.3941,0.3823,35264,35396,133,SL,1.269,3.02,-3.0,0.1,-3.1,-31.0,False,TIAUSDT,2,FADE,BUY,35263,2026-07-04 22:55:00
0.3957,0.3882,35503,35628,126,SL,2.098,2.881,-1.895,0.1,-1.995,-19.95,False,TIAUSDT,2,TREND,BUY,35502,2026-07-05 18:50:00
0.3856,0.3848,35632,35800,169,REVERSE_SIGNAL,3.942,0.934,0.207,0.1,0.107,1.07,True,TIAUSDT,2,TREND,SELL,35631,2026-07-06 05:35:00
0.3848,0.3808,35801,35865,65,SL,2.235,2.079,-1.04,0.1,-1.14,-11.4,False,TIAUSDT,2,TREND,BUY,35800,2026-07-06 19:40:00
0.3796,0.386,35878,35937,60,SL,1.528,2.081,-1.686,0.1,-1.786,-17.86,False,TIAUSDT,2,TREND,SELL,35877,2026-07-07 02:05:00
0.3866,0.38,35969,36112,144,REVERSE_SIGNAL,2.199,2.975,1.707,0.1,1.607,16.07,True,TIAUSDT,2,FADE,SELL,35968,2026-07-07 09:40:00
0.38,0.3897,36113,36197,85,SL,2.026,2.816,-2.553,0.1,-2.653,-26.53,False,TIAUSDT,2,TREND,SELL,36112,2026-07-07 21:40:00
0.3896,0.3804,36224,36243,20,SL,1.643,2.618,-2.361,0.1,-2.461,-24.61,False,TIAUSDT,2,TREND,BUY,36223,2026-07-08 06:55:00
0.4081,0.4075,36876,37042,167,REVERSE_SIGNAL,3.823,0.686,0.147,0.1,0.047,0.47,True,TIAUSDT,2,TREND,SELL,36875,2026-07-10 13:15:00
0.4075,0.3993,37043,37293,251,SL,3.166,2.822,-2.012,0.1,-2.112,-21.12,False,TIAUSDT,2,TREND,BUY,37042,2026-07-11 03:10:00
0.3971,0.4115,37294,37381,88,REVERSE_SIGNAL,4.18,0.705,3.626,0.1,3.526,35.26,True,TIAUSDT,2,FADE,BUY,37293,2026-07-12 00:05:00
0.4115,0.4018,37382,37463,82,SL,0.996,2.795,-2.357,0.1,-2.457,-24.57,False,TIAUSDT,2,TREND,BUY,37381,2026-07-12 07:25:00
0.4013,0.3893,37509,37605,97,SL,1.545,3.165,-3.0,0.1,-3.1,-31.0,False,TIAUSDT,2,FADE,BUY,37508,2026-07-12 18:00:00
0.4054,0.3981,37669,37830,162,REVERSE_SIGNAL,2.565,2.171,-1.801,0.1,-1.901,-19.01,False,TIAUSDT,2,TREND,BUY,37668,2026-07-13 07:20:00
0.3981,0.4068,37831,37922,92,SL,1.231,2.462,-2.185,0.1,-2.285,-22.85,False,TIAUSDT,2,TREND,SELL,37830,2026-07-13 20:50:00
0.41,0.399,37929,38012,84,REVERSE_SIGNAL,2.756,1.244,2.683,0.1,2.583,25.83,True,TIAUSDT,2,FADE,SELL,37928,2026-07-14 05:00:00
0.399,0.4078,38013,38132,120,SL,0.401,2.281,-2.206,0.1,-2.306,-23.06,False,TIAUSDT,2,TREND,SELL,38012,2026-07-14 12:00:00
0.4067,0.4009,38140,38216,77,SL,2.065,1.697,-1.426,0.1,-1.526,-15.26,False,TIAUSDT,2,TREND,BUY,38139,2026-07-14 22:35:00
0.4036,0.415,38254,38283,30,REVERSE_SIGNAL,3.171,0.297,2.825,0.1,2.725,27.25,True,TIAUSDT,2,FADE,BUY,38253,2026-07-15 08:05:00
0.415,0.4098,38284,38528,245,REVERSE_SIGNAL,2.072,2.361,-1.253,0.1,-1.353,-13.53,False,TIAUSDT,2,TREND,BUY,38283,2026-07-15 10:35:00
0.4098,0.4128,38529,38696,168,REVERSE_SIGNAL,2.831,0.854,-0.732,0.1,-0.832,-8.32,False,TIAUSDT,2,TREND,SELL,38528,2026-07-16 07:00:00
0.4128,0.397,38697,38726,30,REVERSE_SIGNAL,4.627,0.363,3.828,0.1,3.728,37.28,True,TIAUSDT,2,FADE,SELL,38696,2026-07-16 21:00:00
0.397,0.3851,38727,38756,30,SL,0.982,3.224,-3.0,0.1,-3.1,-31.0,False,TIAUSDT,2,FADE,BUY,38726,2026-07-16 23:30:00
0.3881,0.379,38937,38990,54,SL,0.18,3.015,-2.345,0.1,-2.445,-24.45,False,TIAUSDT,2,TREND,BUY,38936,2026-07-17 17:00:00
0.3767,0.3622,38999,39299,301,REVERSE_SIGNAL,6.477,0.637,3.849,0.1,3.749,37.49,True,TIAUSDT,2,TREND,SELL,38998,2026-07-17 22:10:00
0.3622,0.3557,39300,39449,150,REVERSE_SIGNAL,2.071,0.745,1.795,0.1,1.695,16.95,True,TIAUSDT,2,FADE,SELL,39299,2026-07-18 23:15:00
0.3557,0.3652,39450,39598,149,REVERSE_SIGNAL,2.839,1.546,2.671,0.1,2.571,25.71,True,TIAUSDT,2,FADE,BUY,39449,2026-07-19 11:45:00
0.3652,0.3587,39599,39858,260,REVERSE_SIGNAL,3.56,0.63,1.78,0.1,1.68,16.8,True,TIAUSDT,2,FADE,SELL,39598,2026-07-20 00:10:00
0.3587,0.3645,39859,39953,95,REVERSE_SIGNAL,1.645,1.115,1.617,0.1,1.517,15.17,True,TIAUSDT,2,FADE,BUY,39858,2026-07-20 21:50:00
0.3645,0.3625,39954,40211,258,REVERSE_SIGNAL,1.344,1.893,0.549,0.1,0.449,4.49,True,TIAUSDT,2,FADE,SELL,39953,2026-07-21 05:45:00
0.3625,0.365,40212,40470,259,REVERSE_SIGNAL,1.021,1.6,0.69,0.1,0.59,5.9,True,TIAUSDT,2,FADE,BUY,40211,2026-07-22 03:15:00
0.365,0.361,40471,40484,14,SL,0.027,1.178,-1.096,0.1,-1.196,-11.96,False,TIAUSDT,2,TREND,BUY,40470,2026-07-23 00:50:00
0.3576,0.3469,40502,40675,174,SL,1.342,3.356,-3.0,0.1,-3.1,-31.0,False,TIAUSDT,2,FADE,BUY,40501,2026-07-23 03:25:00
0.3407,0.3509,41253,41596,344,SL,1.174,3.317,-3.0,0.1,-3.1,-31.0,False,TIAUSDT,2,FADE,SELL,41252,2026-07-25 18:00:00
0.3393,0.3291,41787,41884,98,SL,0.383,3.36,-3.0,0.1,-3.1,-31.0,False,TIAUSDT,2,FADE,BUY,41786,2026-07-27 14:30:00
0.331,0.325,41996,42064,69,REVERSE_SIGNAL,2.266,0.453,1.813,0.1,1.713,17.13,True,TIAUSDT,2,FADE,SELL,41995,2026-07-28 07:55:00
0.325,0.3315,42065,42084,20,SL,0.492,2.923,-2.0,0.1,-2.1,-21.0,False,TIAUSDT,2,TREND,SELL,42064,2026-07-28 13:40:00
0.3208,0.3223,42474,42801,328,REVERSE_SIGNAL,3.99,0.935,0.468,0.1,0.368,3.68,True,TIAUSDT,2,TREND,BUY,42473,2026-07-29 23:45:00
0.3223,0.3229,42802,43068,267,REVERSE_SIGNAL,2.265,0.652,-0.186,0.1,-0.286,-2.86,False,TIAUSDT,2,TREND,SELL,42801,2026-07-31 03:05:00
0.3229,0.3227,43069,43274,206,REVERSE_SIGNAL,0.465,2.973,0.062,0.1,-0.038,-0.38,False,TIAUSDT,2,FADE,SELL,43068,2026-08-01 01:20:00
0.3227,0.3262,43275,43358,84,REVERSE_SIGNAL,1.178,1.952,1.085,0.1,0.985,9.85,True,TIAUSDT,2,FADE,BUY,43274,2026-08-01 18:30:00
0.3262,0.3261,43359,43535,177,REVERSE_SIGNAL,1.839,0.245,-0.031,0.1,-0.131,-1.31,False,TIAUSDT,2,TREND,BUY,43358,2026-08-02 01:30:00
0.3261,0.3287,43536,43553,18,SL,0.031,0.797,-0.797,0.1,-0.897,-8.97,False,TIAUSDT,2,TREND,SELL,43535,2026-08-02 16:15:00
0.3304,0.3258,43564,43647,84,REVERSE_SIGNAL,1.604,0.636,1.392,0.1,1.292,12.92,True,TIAUSDT,2,FADE,SELL,43563,2026-08-02 18:35:00
0.3258,0.3306,43648,43742,95,SL,0.952,1.596,-1.473,0.1,-1.573,-15.73,False,TIAUSDT,2,TREND,SELL,43647,2026-08-03 01:35:00
0.3309,0.336,43745,43931,187,REVERSE_SIGNAL,3.868,0.786,1.541,0.1,1.441,14.41,True,TIAUSDT,2,TREND,BUY,43744,2026-08-03 09:40:00
0.336,0.3397,43932,43961,30,SL,0.03,1.25,-1.101,0.1,-1.201,-12.01,False,TIAUSDT,2,TREND,SELL,43931,2026-08-04 01:15:00
0.3395,0.3348,44186,44214,29,REVERSE_SIGNAL,1.532,0.236,1.384,0.1,1.284,12.84,True,TIAUSDT,2,FADE,SELL,44185,2026-08-04 22:25:00
0.3348,0.342,44215,44239,25,REVERSE_SIGNAL,2.33,0.209,2.151,0.1,2.051,20.51,True,TIAUSDT,2,FADE,BUY,44214,2026-08-05 00:50:00
0.342,0.3378,44240,44333,94,REVERSE_SIGNAL,1.462,0.526,1.228,0.1,1.128,11.28,True,TIAUSDT,2,FADE,SELL,44239,2026-08-05 02:55:00
0.3378,0.3371,44334,44554,221,REVERSE_SIGNAL,0.503,2.575,-0.207,0.1,-0.307,-3.07,False,TIAUSDT,2,FADE,BUY,44333,2026-08-05 10:45:00
0.3371,0.331,44555,44609,55,REVERSE_SIGNAL,2.255,0.297,1.81,0.1,1.71,17.1,True,TIAUSDT,2,FADE,SELL,44554,2026-08-06 05:10:00
0.331,0.3342,44610,44749,140,REVERSE_SIGNAL,0.967,2.175,0.967,0.1,0.867,8.67,True,TIAUSDT,2,FADE,BUY,44609,2026-08-06 09:45:00
0.3342,0.3315,44750,44833,84,REVERSE_SIGNAL,2.274,1.077,-0.808,0.1,-0.908,-9.08,False,TIAUSDT,2,TREND,BUY,44749,2026-08-06 21:25:00
0.3315,0.3286,44834,45119,286,REVERSE_SIGNAL,2.564,0.814,0.875,0.1,0.775,7.75,True,TIAUSDT,2,TREND,SELL,44833,2026-08-07 04:25:00
0.3286,0.3264,45120,45341,222,REVERSE_SIGNAL,0.73,0.943,0.67,0.1,0.57,5.7,True,TIAUSDT,2,FADE,SELL,45119,2026-08-08 04:15:00
0.3264,0.3288,45342,45368,27,SL,0.153,0.735,-0.735,0.1,-0.835,-8.35,False,TIAUSDT,2,TREND,SELL,45341,2026-08-08 22:45:00
0.3298,0.3228,45540,45631,92,REVERSE_SIGNAL,2.577,0.364,2.122,0.1,2.022,20.22,True,TIAUSDT,2,FADE,SELL,45539,2026-08-09 15:15:00
0.3228,0.3304,45632,45723,92,REVERSE_SIGNAL,2.571,1.611,2.354,0.1,2.254,22.54,True,TIAUSDT,2,FADE,BUY,45631,2026-08-09 22:55:00
0.3304,0.3255,45724,45874,151,REVERSE_SIGNAL,2.209,0.575,1.483,0.1,1.383,13.83,True,TIAUSDT,2,FADE,SELL,45723,2026-08-10 06:35:00
0.3255,0.313,45875,46217,343,REVERSE_SIGNAL,6.82,0.246,3.84,0.1,3.74,37.4,True,TIAUSDT,2,TREND,SELL,45874,2026-08-10 19:10:00
0.313,0.3106,46218,46270,53,SL,0.511,0.958,-0.767,0.1,-0.867,-8.67,False,TIAUSDT,2,TREND,BUY,46217,2026-08-11 23:45:00
0.3099,0.3066,46278,46522,245,REVERSE_SIGNAL,4.292,0.419,1.065,0.1,0.965,9.65,True,TIAUSDT,2,TREND,SELL,46277,2026-08-12 04:45:00
0.3066,0.3069,46523,46879,357,REVERSE_SIGNAL,0.848,2.348,-0.098,0.1,-0.198,-1.98,False,TIAUSDT,2,FADE,SELL,46522,2026-08-13 01:10:00
0.3069,0.3081,46880,47083,204,REVERSE_SIGNAL,2.151,0.391,-0.391,0.1,-0.491,-4.91,False,TIAUSDT,2,TREND,SELL,46879,2026-08-14 06:55:00
0.3081,0.3066,47084,47217,134,REVERSE_SIGNAL,0.584,1.655,0.487,0.1,0.387,3.87,True,TIAUSDT,2,FADE,SELL,47083,2026-08-14 23:55:00
0.3066,0.3036,47218,47513,296,REVERSE_SIGNAL,2.772,0.033,0.978,0.1,0.878,8.78,True,TIAUSDT,2,TREND,SELL,47217,2026-08-15 11:05:00
0.3036,0.3026,47514,47626,113,REVERSE_SIGNAL,2.635,0.758,-0.329,0.1,-0.429,-4.29,False,TIAUSDT,2,TREND,BUY,47513,2026-08-16 11:45:00
0.3026,0.3039,47627,47904,278,REVERSE_SIGNAL,2.677,0.826,-0.43,0.1,-0.53,-5.3,False,TIAUSDT,2,TREND,SELL,47626,2026-08-16 21:10:00
0.3039,0.299,47905,47978,74,REVERSE_SIGNAL,1.744,0.395,1.612,0.1,1.512,15.12,True,TIAUSDT,2,FADE,SELL,47904,2026-08-17 20:20:00
0.299,0.3015,47979,48035,57,REVERSE_SIGNAL,2.14,0.836,-0.836,0.1,-0.936,-9.36,False,TIAUSDT,2,TREND,SELL,47978,2026-08-18 02:30:00
0.3015,0.2982,48036,48242,207,REVERSE_SIGNAL,1.36,0.73,1.095,0.1,0.995,9.95,True,TIAUSDT,2,FADE,SELL,48035,2026-08-18 07:15:00
0.2982,0.3018,48243,48336,94,REVERSE_SIGNAL,1.241,0.469,1.207,0.1,1.107,11.07,True,TIAUSDT,2,FADE,BUY,48242,2026-08-19 00:30:00
0.3018,0.3208,48337,48572,236,REVERSE_SIGNAL,11.862,0.033,6.296,0.1,6.196,61.96,True,TIAUSDT,2,TREND,BUY,48336,2026-08-19 08:20:00
0.3208,0.3243,48573,48621,49,SL,0.249,1.995,-1.091,0.1,-1.191,-11.91,False,TIAUSDT,2,TREND,SELL,48572,2026-08-20 04:00:00
0.331,0.321,48624,49162,539,SL,28.036,3.293,-3.021,0.1,-3.121,-31.21,False,TIAUSDT,2,TREND,BUY,48623,2026-08-20 08:15:00
0.3846,0.3742,49166,49516,351,REVERSE_SIGNAL,7.436,3.224,2.704,0.1,2.604,26.04,True,TIAUSDT,2,TREND,SELL,49165,2026-08-22 05:25:00
0.3742,0.3707,49517,49701,185,REVERSE_SIGNAL,4.623,1.309,-0.935,0.1,-1.035,-10.35,False,TIAUSDT,2,TREND,BUY,49516,2026-08-23 10:40:00
0.3707,0.3765,49702,49985,284,REVERSE_SIGNAL,2.536,2.671,-1.565,0.1,-1.665,-16.65,False,TIAUSDT,2,TREND,SELL,49701,2026-08-24 02:05:00
0.3765,0.3808,49986,49999,14,REVERSE_SIGNAL,1.912,0.505,1.142,0.1,1.042,10.42,True,TIAUSDT,2,TREND,BUY,49985,2026-08-25 01:45:00
1.4278,1.4419,136,267,132,REVERSE_SIGNAL,1.366,1.408,0.988,0.1,0.888,8.88,True,XRPUSDT,2,FADE,BUY,135,2026-03-04 23:35:00
1.4419,1.4164,268,323,56,SL,0.687,1.997,-1.768,0.1,-1.868,-18.68,False,XRPUSDT,2,TREND,BUY,267,2026-03-05 10:35:00
1.3994,1.3574,335,603,269,SL,1.672,3.309,-3.0,0.1,-3.1,-31.0,False,XRPUSDT,2,FADE,BUY,334,2026-03-05 16:10:00
1.3702,1.3597,856,901,46,REVERSE_SIGNAL,1.073,0.015,0.766,0.1,0.666,6.66,True,XRPUSDT,2,FADE,SELL,855,2026-03-07 11:35:00
1.3597,1.3594,902,1100,199,REVERSE_SIGNAL,0.316,1.412,-0.022,0.1,-0.122,-1.22,False,XRPUSDT,2,FADE,BUY,901,2026-03-07 15:25:00
1.3594,1.3451,1101,1166,66,REVERSE_SIGNAL,1.412,0.817,1.052,0.1,0.952,9.52,True,XRPUSDT,2,FADE,SELL,1100,2026-03-08 08:00:00
1.3451,1.3626,1167,1330,164,SL,1.814,1.368,-1.301,0.1,-1.401,-14.01,False,XRPUSDT,2,TREND,SELL,1166,2026-03-08 13:30:00
1.3646,1.4055,1454,1684,231,SL,0.696,3.408,-3.0,0.1,-3.1,-31.0,False,XRPUSDT,2,FADE,SELL,1453,2026-03-09 13:25:00
1.3866,1.4339,1728,1759,32,REVERSE_SIGNAL,3.656,0.454,3.411,0.1,3.311,33.11,True,XRPUSDT,2,FADE,BUY,1727,2026-03-10 12:15:00
1.4339,1.3893,1760,1810,51,REVERSE_SIGNAL,3.354,0.579,3.11,0.1,3.01,30.1,True,XRPUSDT,2,FADE,SELL,1759,2026-03-10 14:55:00
1.3893,1.4027,1811,2030,220,REVERSE_SIGNAL,1.13,1.447,0.965,0.1,0.865,8.65,True,XRPUSDT,2,FADE,BUY,1810,2026-03-10 19:10:00
1.4027,1.3741,2031,2054,24,SL,0.556,2.182,-2.039,0.1,-2.139,-21.39,False,XRPUSDT,2,TREND,BUY,2030,2026-03-11 13:30:00
1.3777,1.3881,2179,2284,106,REVERSE_SIGNAL,0.849,0.929,0.755,0.1,0.655,6.55,True,XRPUSDT,2,FADE,BUY,2178,2026-03-12 01:50:00
1.3881,1.372,2285,2382,98,REVERSE_SIGNAL,1.787,0.339,1.16,0.1,1.06,10.6,True,XRPUSDT,2,FADE,SELL,2284,2026-03-12 10:40:00
1.372,1.3839,2383,2443,61,REVERSE_SIGNAL,1.246,0.233,0.867,0.1,0.767,7.67,True,XRPUSDT,2,FADE,BUY,2382,2026-03-12 18:50:00
1.3839,1.4027,2444,2640,197,REVERSE_SIGNAL,4.979,0.108,1.358,0.1,1.258,12.58,True,XRPUSDT,2,TREND,BUY,2443,2026-03-12 23:55:00
1.4027,1.3955,2641,3002,362,REVERSE_SIGNAL,1.461,0.841,0.513,0.1,0.413,4.13,True,XRPUSDT,2,TREND,SELL,2640,2026-03-13 16:20:00
1.3955,1.5122,3003,3665,663,REVERSE_SIGNAL,15.113,0.007,8.363,0.1,8.263,82.63,True,XRPUSDT,2,TREND,BUY,3002,2026-03-14 22:30:00
1.5122,1.5343,3666,3824,159,REVERSE_SIGNAL,1.25,2.024,-1.461,0.1,-1.561,-15.61,False,XRPUSDT,2,TREND,SELL,3665,2026-03-17 05:45:00
1.5343,1.5149,3825,3895,71,REVERSE_SIGNAL,1.682,0.391,1.264,0.1,1.164,11.64,True,XRPUSDT,2,FADE,SELL,3824,2026-03-17 19:00:00
1.5149,1.5349,3896,3933,38,REVERSE_SIGNAL,1.703,0.106,1.32,0.1,1.22,12.2,True,XRPUSDT,2,FADE,BUY,3895,2026-03-18 00:55:00
1.5349,1.5107,3934,4014,81,REVERSE_SIGNAL,1.713,0.287,1.577,0.1,1.477,14.77,True,XRPUSDT,2,FADE,SELL,3933,2026-03-18 04:05:00
1.5107,1.4735,4015,4219,205,REVERSE_SIGNAL,5.037,0.053,2.462,0.1,2.362,23.62,True,XRPUSDT,2,TREND,SELL,4014,2026-03-18 10:50:00
1.4735,1.4479,4220,4322,103,REVERSE_SIGNAL,1.826,0.536,1.737,0.1,1.637,16.37,True,XRPUSDT,2,FADE,SELL,4219,2026-03-19 03:55:00
1.4479,1.4534,4323,4427,105,REVERSE_SIGNAL,0.594,1.837,0.38,0.1,0.28,2.8,True,XRPUSDT,2,FADE,BUY,4322,2026-03-19 12:30:00
1.4534,1.4445,4428,4621,194,REVERSE_SIGNAL,1.046,0.908,0.612,0.1,0.512,5.12,True,XRPUSDT,2,FADE,SELL,4427,2026-03-19 21:15:00
1.4445,1.4461,4622,4752,131,REVERSE_SIGNAL,0.492,1.433,0.111,0.1,0.011,0.11,True,XRPUSDT,2,FADE,BUY,4621,2026-03-20 13:25:00
1.4461,1.4407,4753,4858,106,REVERSE_SIGNAL,0.456,0.408,0.373,0.1,0.273,2.73,True,XRPUSDT,2,FADE,SELL,4752,2026-03-21 00:20:00
1.4407,1.3975,4859,5036,178,SL,0.375,3.339,-3.0,0.1,-3.1,-31.0,False,XRPUSDT,2,FADE,BUY,4858,2026-03-21 09:10:00
1.4269,1.4199,5459,5619,161,REVERSE_SIGNAL,2.719,1.822,-0.491,0.1,-0.591,-5.91,False,XRPUSDT,2,TREND,BUY,5458,2026-03-23 11:10:00
1.4199,1.4272,5620,5709,90,REVERSE_SIGNAL,1.106,0.901,-0.514,0.1,-0.614,-6.14,False,XRPUSDT,2,TREND,SELL,5619,2026-03-24 00:35:00
1.4272,1.4057,5710,5781,72,REVERSE_SIGNAL,1.948,0.091,1.506,0.1,1.406,14.06,True,XRPUSDT,2,FADE,SELL,5709,2026-03-24 08:05:00
1.4057,1.4059,5782,5865,84,REVERSE_SIGNAL,1.643,0.455,-0.014,0.1,-0.114,-1.14,False,XRPUSDT,2,TREND,SELL,5781,2026-03-24 14:05:00
1.4059,1.4056,5866,6087,222,REVERSE_SIGNAL,2.226,0.349,-0.021,0.1,-0.121,-1.21,False,XRPUSDT,2,TREND,BUY,5865,2026-03-24 21:05:00
1.4056,1.3647,6088,6453,366,REVERSE_SIGNAL,5.03,1.153,2.91,0.1,2.81,28.1,True,XRPUSDT,2,TREND,SELL,6087,2026-03-25 15:35:00
1.3647,1.3516,6454,6577,124,REVERSE_SIGNAL,0.975,0.535,0.96,0.1,0.86,8.6,True,XRPUSDT,2,FADE,SELL,6453,2026-03-26 22:05:00
1.3516,1.3394,6578,6831,254,REVERSE_SIGNAL,2.538,0.148,0.903,0.1,0.803,8.03,True,XRPUSDT,2,TREND,SELL,6577,2026-03-27 08:25:00
1.3394,1.3338,6832,7042,211,REVERSE_SIGNAL,0.672,1.366,0.418,0.1,0.318,3.18,True,XRPUSDT,2,FADE,SELL,6831,2026-03-28 05:35:00
1.3338,1.2938,7043,7325,283,SL,0.652,3.006,-3.0,0.1,-3.1,-31.0,False,XRPUSDT,2,FADE,BUY,7042,2026-03-28 23:10:00
1.3394,1.3408,7363,7513,151,REVERSE_SIGNAL,0.075,2.008,-0.105,0.1,-0.205,-2.05,False,XRPUSDT,2,FADE,SELL,7362,2026-03-30 01:50:00
1.3408,1.3395,7514,7655,142,REVERSE_SIGNAL,1.879,0.679,0.097,0.1,-0.003,-0.03,False,XRPUSDT,2,TREND,SELL,7513,2026-03-30 14:25:00
1.3395,1.3213,7656,7708,53,REVERSE_SIGNAL,1.941,0.03,1.359,0.1,1.259,12.59,True,XRPUSDT,2,FADE,SELL,7655,2026-03-31 02:15:00
1.3213,1.3325,7709,7799,91,SL,1.4,1.279,-0.848,0.1,-0.948,-9.48,False,XRPUSDT,2,TREND,SELL,7708,2026-03-31 06:40:00
1.3427,1.3256,7835,8223,389,REVERSE_SIGNAL,1.549,1.877,1.274,0.1,1.174,11.74,True,XRPUSDT,2,FADE,SELL,7834,2026-03-31 17:10:00
1.3256,1.3034,8224,8439,216,REVERSE_SIGNAL,3.508,0.279,1.675,0.1,1.575,15.75,True,XRPUSDT,2,TREND,SELL,8223,2026-04-02 01:35:00
1.3034,1.3132,8440,8805,366,REVERSE_SIGNAL,0.061,2.47,-0.752,0.1,-0.852,-8.52,False,XRPUSDT,2,FADE,SELL,8439,2026-04-02 19:35:00
1.3132,1.3169,8806,9019,214,REVERSE_SIGNAL,0.67,0.579,0.282,0.1,0.182,1.82,True,XRPUSDT,2,FADE,BUY,8805,2026-04-04 02:05:00
1.3169,1.3057,9020,9133,114,REVERSE_SIGNAL,0.896,0.159,0.85,0.1,0.75,7.5,True,XRPUSDT,2,FADE,SELL,9019,2026-04-04 19:55:00
1.3057,1.2987,9134,9263,130,REVERSE_SIGNAL,0.031,2.198,-0.536,0.1,-0.636,-6.36,False,XRPUSDT,2,FADE,BUY,9133,2026-04-05 05:25:00
1.2987,1.3377,9264,9356,93,SL,0.216,3.049,-3.0,0.1,-3.1,-31.0,False,XRPUSDT,2,FADE,SELL,9263,2026-04-05 16:15:00
1.3382,1.3178,9591,9887,297,REVERSE_SIGNAL,3.303,0.374,1.524,0.1,1.424,14.24,True,XRPUSDT,2,TREND,SELL,9590,2026-04-06 19:30:00
1.3178,1.3535,9888,10108,221,REVERSE_SIGNAL,5.927,0.243,2.709,0.1,2.609,26.09,True,XRPUSDT,2,TREND,BUY,9887,2026-04-07 20:15:00
1.3535,1.3522,10109,10410,302,REVERSE_SIGNAL,2.409,0.717,0.096,0.1,-0.004,-0.04,False,XRPUSDT,2,TREND,SELL,10108,2026-04-08 14:40:00
1.3522,1.3414,10411,10591,181,REVERSE_SIGNAL,1.028,1.257,0.799,0.1,0.699,6.99,True,XRPUSDT,2,FADE,SELL,10410,2026-04-09 15:50:00
1.3414,1.3518,10592,10685,94,REVERSE_SIGNAL,1.081,0.552,0.775,0.1,0.675,6.75,True,XRPUSDT,2,FADE,BUY,10591,2026-04-10 06:55:00
1.3518,1.349,10686,10847,162,REVERSE_SIGNAL,0.51,1.013,0.207,0.1,0.107,1.07,True,XRPUSDT,2,FADE,SELL,10685,2026-04-10 14:45:00
1.349,1.3534,10848,10998,151,REVERSE_SIGNAL,0.667,0.764,0.326,0.1,0.226,2.26,True,XRPUSDT,2,FADE,BUY,10847,2026-04-11 04:15:00
1.3534,1.3478,10999,11102,104,REVERSE_SIGNAL,1.589,0.414,-0.414,0.1,-0.514,-5.14,False,XRPUSDT,2,TREND,BUY,10998,2026-04-11 16:50:00
1.3478,1.3354,11103,11337,235,REVERSE_SIGNAL,2.204,0.0,0.92,0.1,0.82,8.2,True,XRPUSDT,2,TREND,SELL,11102,2026-04-12 01:30:00
1.3354,1.3246,11338,11419,82,REVERSE_SIGNAL,1.033,0.112,0.809,0.1,0.709,7.09,True,XRPUSDT,2,FADE,SELL,11337,2026-04-12 21:05:00
1.3246,1.3345,11420,11453,34,REVERSE_SIGNAL,0.898,0.453,0.747,0.1,0.647,6.47,True,XRPUSDT,2,FADE,BUY,11419,2026-04-13 03:55:00
1.3345,1.3256,11454,11466,13,SL,0.037,0.667,-0.667,0.1,-0.767,-7.67,False,XRPUSDT,2,TREND,BUY,11453,2026-04-13 06:45:00
1.3521,1.3613,11886,12098,213,REVERSE_SIGNAL,1.035,0.274,0.68,0.1,0.58,5.8,True,XRPUSDT,2,FADE,BUY,11885,2026-04-14 18:45:00
1.3613,1.4314,12099,12544,446,REVERSE_SIGNAL,7.669,0.051,5.149,0.1,5.049,50.49,True,XRPUSDT,2,TREND,BUY,12098,2026-04-15 12:30:00
1.4314,1.4569,12545,12637,93,REVERSE_SIGNAL,1.9,0.671,1.781,0.1,1.681,16.81,True,XRPUSDT,2,FADE,BUY,12544,2026-04-17 01:40:00
1.4569,1.4669,12638,12858,221,REVERSE_SIGNAL,3.59,1.716,0.686,0.1,0.586,5.86,True,XRPUSDT,2,TREND,BUY,12637,2026-04-17 09:25:00
1.4669,1.4416,12859,13265,407,REVERSE_SIGNAL,3.736,0.648,1.725,0.1,1.625,16.25,True,XRPUSDT,2,TREND,SELL,12858,2026-04-18 03:50:00
1.4416,1.4243,13266,13287,22,SL,0.305,1.54,-1.2,0.1,-1.3,-13.0,False,XRPUSDT,2,TREND,BUY,13265,2026-04-19 13:45:00
1.4122,1.4302,13316,13476,161,REVERSE_SIGNAL,1.381,1.692,1.275,0.1,1.175,11.75,True,XRPUSDT,2,FADE,BUY,13315,2026-04-19 17:55:00
1.4302,1.4188,13477,13884,408,REVERSE_SIGNAL,1.678,1.301,0.797,0.1,0.697,6.97,True,XRPUSDT,2,FADE,SELL,13476,2026-04-20 07:20:00
1.4188,1.4432,13885,13993,109,REVERSE_SIGNAL,1.762,0.599,1.72,0.1,1.62,16.2,True,XRPUSDT,2,FADE,BUY,13884,2026-04-21 17:20:00
1.4432,1.4353,13994,14207,214,REVERSE_SIGNAL,1.317,0.561,-0.547,0.1,-0.647,-6.47,False,XRPUSDT,2,TREND,BUY,13993,2026-04-22 02:25:00
1.4353,1.4267,14208,14433,226,REVERSE_SIGNAL,0.39,1.902,-0.599,0.1,-0.699,-6.99,False,XRPUSDT,2,FADE,BUY,14207,2026-04-22 20:15:00
1.4267,1.4303,14434,14624,191,REVERSE_SIGNAL,0.428,1.304,-0.252,0.1,-0.352,-3.52,False,XRPUSDT,2,FADE,SELL,14433,2026-04-23 15:05:00
1.4303,1.438,14625,14679,55,REVERSE_SIGNAL,0.657,0.503,0.538,0.1,0.438,4.38,True,XRPUSDT,2,FADE,BUY,14624,2026-04-24 07:00:00
1.438,1.432,14680,14891,212,REVERSE_SIGNAL,0.751,0.855,0.417,0.1,0.317,3.17,True,XRPUSDT,2,FADE,SELL,14679,2026-04-24 11:35:00
1.432,1.4262,14892,15185,294,REVERSE_SIGNAL,0.286,1.047,-0.405,0.1,-0.505,-5.05,False,XRPUSDT,2,FADE,BUY,14891,2026-04-25 05:15:00
1.4262,1.4209,15186,15470,285,REVERSE_SIGNAL,0.624,1.409,0.372,0.1,0.272,2.72,True,XRPUSDT,2,FADE,SELL,15185,2026-04-26 05:45:00
1.4209,1.3783,15471,15833,363,SL,0.0,3.012,-3.0,0.1,-3.1,-31.0,False,XRPUSDT,2,FADE,BUY,15470,2026-04-27 05:30:00
1.3886,1.3803,16026,16130,105,REVERSE_SIGNAL,0.756,1.231,0.598,0.1,0.498,4.98,True,XRPUSDT,2,FADE,SELL,16025,2026-04-29 03:45:00
1.3803,1.3831,16131,16278,148,REVERSE_SIGNAL,2.615,0.239,-0.203,0.1,-0.303,-3.03,False,XRPUSDT,2,TREND,SELL,16130,2026-04-29 12:30:00
1.3831,1.3608,16279,16326,48,REVERSE_SIGNAL,1.663,0.065,1.612,0.1,1.512,15.12,True,XRPUSDT,2,FADE,SELL,16278,2026-04-30 00:50:00
1.3608,1.3752,16327,16382,56,REVERSE_SIGNAL,1.367,0.206,1.058,0.1,0.958,9.58,True,XRPUSDT,2,FADE,BUY,16326,2026-04-30 04:50:00
1.3752,1.3653,16383,16541,159,REVERSE_SIGNAL,0.96,0.124,0.72,0.1,0.62,6.2,True,XRPUSDT,2,FADE,SELL,16382,2026-04-30 09:30:00
1.3653,1.3776,16542,16598,57,REVERSE_SIGNAL,1.069,0.132,0.901,0.1,0.801,8.01,True,XRPUSDT,2,FADE,BUY,16541,2026-04-30 22:45:00
1.3776,1.3833,16599,16829,231,REVERSE_SIGNAL,0.486,1.575,-0.414,0.1,-0.514,-5.14,False,XRPUSDT,2,FADE,SELL,16598,2026-05-01 03:30:00
1.3833,1.3898,16830,17006,177,REVERSE_SIGNAL,0.506,0.224,0.47,0.1,0.37,3.7,True,XRPUSDT,2,FADE,BUY,16829,2026-05-01 22:45:00
1.3898,1.3845,17007,17147,141,REVERSE_SIGNAL,0.403,0.727,0.381,0.1,0.281,2.81,True,XRPUSDT,2,FADE,SELL,17006,2026-05-02 13:30:00
1.3845,1.3887,17148,17260,113,REVERSE_SIGNAL,0.397,0.296,0.303,0.1,0.203,2.03,True,XRPUSDT,2,FADE,BUY,17147,2026-05-03 01:15:00
1.3887,1.387,17261,17422,162,REVERSE_SIGNAL,0.259,1.066,0.122,0.1,0.022,0.22,True,XRPUSDT,2,FADE,SELL,17260,2026-05-03 10:40:00
1.387,1.4048,17423,17449,27,REVERSE_SIGNAL,1.702,0.346,1.283,0.1,1.183,11.83,True,XRPUSDT,2,FADE,BUY,17422,2026-05-04 00:10:00
1.4048,1.3857,17450,17544,95,REVERSE_SIGNAL,1.381,1.11,1.36,0.1,1.26,12.6,True,XRPUSDT,2,FADE,SELL,17449,2026-05-04 02:25:00
1.3857,1.4083,17545,17752,208,REVERSE_SIGNAL,1.956,0.072,1.631,0.1,1.531,15.31,True,XRPUSDT,2,FADE,BUY,17544,2026-05-04 10:20:00
1.4083,1.4505,17753,18116,364,SL,0.667,3.011,-3.0,0.1,-3.1,-31.0,False,XRPUSDT,2,FADE,SELL,17752,2026-05-05 03:40:00
1.426,1.3904,18161,18708,548,REVERSE_SIGNAL,3.443,0.547,2.496,0.1,2.396,23.96,True,XRPUSDT,2,TREND,SELL,18160,2026-05-06 13:40:00
1.3904,1.4321,18709,18881,173,SL,0.547,3.1,-3.0,0.1,-3.1,-31.0,False,XRPUSDT,2,FADE,SELL,18708,2026-05-08 11:20:00
1.4205,1.4225,18992,19135,144,REVERSE_SIGNAL,0.275,0.725,0.141,0.1,0.041,0.41,True,XRPUSDT,2,FADE,BUY,18991,2026-05-09 10:55:00
1.4225,1.4117,19136,19165,30,REVERSE_SIGNAL,0.787,0.141,0.759,0.1,0.659,6.59,True,XRPUSDT,2,FADE,SELL,19135,2026-05-09 22:55:00
1.4117,1.4209,19166,19177,12,SL,0.057,0.687,-0.652,0.1,-0.752,-7.52,False,XRPUSDT,2,TREND,SELL,19165,2026-05-10 01:25:00
1.4236,1.4663,19253,19345,93,SL,0.428,3.442,-3.0,0.1,-3.1,-31.0,False,XRPUSDT,2,FADE,SELL,19252,2026-05-10 08:40:00
1.4539,1.4689,19404,19606,203,REVERSE_SIGNAL,1.63,1.032,1.032,0.1,0.932,9.32,True,XRPUSDT,2,FADE,BUY,19403,2026-05-10 21:15:00
1.4689,1.4585,19607,19773,167,REVERSE_SIGNAL,1.3,0.953,-0.708,0.1,-0.808,-8.08,False,XRPUSDT,2,TREND,BUY,19606,2026-05-11 14:10:00
1.4585,1.4501,19774,20030,257,REVERSE_SIGNAL,0.836,2.804,-0.576,0.1,-0.676,-6.76,False,XRPUSDT,2,FADE,BUY,19773,2026-05-12 04:05:00
1.4501,1.4478,20031,20155,125,REVERSE_SIGNAL,0.269,1.296,0.159,0.1,0.059,0.59,True,XRPUSDT,2,FADE,SELL,20030,2026-05-13 01:30:00
1.4478,1.4313,20156,20360,205,REVERSE_SIGNAL,2.583,0.097,1.14,0.1,1.04,10.4,True,XRPUSDT,2,TREND,SELL,20155,2026-05-13 11:55:00
1.4313,1.4742,20361,20492,132,SL,0.377,3.011,-3.0,0.1,-3.1,-31.0,False,XRPUSDT,2,FADE,SELL,20360,2026-05-14 05:00:00
1.4783,1.42,20618,21254,637,REVERSE_SIGNAL,5.628,0.934,3.944,0.1,3.844,38.44,True,XRPUSDT,2,TREND,SELL,20617,2026-05-15 02:25:00
1.42,1.4113,21255,21335,81,SL,0.592,0.732,-0.613,0.1,-0.713,-7.13,False,XRPUSDT,2,TREND,BUY,21254,2026-05-17 07:30:00
1.413,1.4234,21345,21421,77,REVERSE_SIGNAL,0.764,0.517,0.736,0.1,0.636,6.36,True,XRPUSDT,2,FADE,BUY,21344,2026-05-17 15:00:00
1.4234,1.4089,21422,21441,20,REVERSE_SIGNAL,1.18,0.155,1.019,0.1,0.919,9.19,True,XRPUSDT,2,FADE,SELL,21421,2026-05-17 21:25:00
1.4089,1.3892,21442,21698,257,REVERSE_SIGNAL,3.471,0.135,1.398,0.1,1.298,12.98,True,XRPUSDT,2,TREND,SELL,21441,2026-05-17 23:05:00
1.3892,1.3828,21699,21848,150,REVERSE_SIGNAL,0.871,0.569,0.461,0.1,0.361,3.61,True,XRPUSDT,2,FADE,SELL,21698,2026-05-18 20:30:00
1.3828,1.3673,21849,22099,251,REVERSE_SIGNAL,0.014,2.625,-1.121,0.1,-1.221,-12.21,False,XRPUSDT,2,FADE,BUY,21848,2026-05-19 09:00:00
1.3673,1.3683,22100,22442,343,REVERSE_SIGNAL,0.717,1.36,-0.073,0.1,-0.173,-1.73,False,XRPUSDT,2,FADE,SELL,22099,2026-05-20 05:55:00
1.3683,1.3796,22443,22524,82,SL,1.316,0.826,-0.826,0.1,-0.926,-9.26,False,XRPUSDT,2,TREND,SELL,22442,2026-05-21 10:30:00
1.3806,1.3636,22532,22684,153,REVERSE_SIGNAL,1.391,0.101,1.231,0.1,1.131,11.31,True,XRPUSDT,2,FADE,SELL,22531,2026-05-21 17:55:00
1.3636,1.3227,22685,22985,301,SL,0.447,3.043,-3.0,0.1,-3.1,-31.0,False,XRPUSDT,2,FADE,BUY,22684,2026-05-22 06:40:00
1.3352,1.3473,23053,23353,301,REVERSE_SIGNAL,3.026,0.33,0.906,0.1,0.806,8.06,True,XRPUSDT,2,TREND,BUY,23052,2026-05-23 13:20:00
1.3473,1.3574,23354,23532,179,REVERSE_SIGNAL,0.846,1.173,0.75,0.1,0.65,6.5,True,XRPUSDT,2,FADE,BUY,23353,2026-05-24 14:25:00
1.3574,1.3539,23533,23734,202,REVERSE_SIGNAL,0.582,0.457,-0.258,0.1,-0.358,-3.58,False,XRPUSDT,2,TREND,BUY,23532,2026-05-25 05:20:00
1.3539,1.3575,23735,23883,149,REVERSE_SIGNAL,0.369,1.514,0.266,0.1,0.166,1.66,True,XRPUSDT,2,FADE,BUY,23734,2026-05-25 22:10:00
1.3575,1.3362,23884,23963,80,REVERSE_SIGNAL,1.613,0.56,1.569,0.1,1.469,14.69,True,XRPUSDT,2,FADE,SELL,23883,2026-05-26 10:35:00
1.3362,1.3092,23964,24521,558,REVERSE_SIGNAL,5.194,0.494,2.021,0.1,1.921,19.21,True,XRPUSDT,2,TREND,SELL,23963,2026-05-26 17:15:00
1.3092,1.3101,24522,24645,124,REVERSE_SIGNAL,2.192,0.26,0.069,0.1,-0.031,-0.31,False,XRPUSDT,2,TREND,BUY,24521,2026-05-28 15:45:00
1.3101,1.3179,24646,24693,48,SL,0.603,0.641,-0.595,0.1,-0.695,-6.95,False,XRPUSDT,2,TREND,SELL,24645,2026-05-29 02:05:00
1.3243,1.3075,24733,24768,36,REVERSE_SIGNAL,1.344,0.189,1.269,0.1,1.169,11.69,True,XRPUSDT,2,FADE,SELL,24732,2026-05-29 09:20:00
1.3075,1.3189,24769,24805,37,SL,1.071,1.208,-0.872,0.1,-0.972,-9.72,False,XRPUSDT,2,TREND,SELL,24768,2026-05-29 12:20:00
1.3269,1.3375,24819,25203,385,REVERSE_SIGNAL,2.901,1.259,0.799,0.1,0.699,6.99,True,XRPUSDT,2,TREND,BUY,24818,2026-05-29 16:30:00
1.3375,1.3447,25204,25359,156,REVERSE_SIGNAL,0.755,0.404,0.538,0.1,0.438,4.38,True,XRPUSDT,2,FADE,BUY,25203,2026-05-31 00:35:00
1.3447,1.3368,25360,25366,7,SL,0.0,0.811,-0.587,0.1,-0.687,-6.87,False,XRPUSDT,2,TREND,BUY,25359,2026-05-31 13:35:00
1.3299,1.3366,25374,25471,98,REVERSE_SIGNAL,0.895,0.729,-0.504,0.1,-0.604,-6.04,False,XRPUSDT,2,TREND,SELL,25373,2026-05-31 14:45:00
1.3366,1.3217,25472,25543,72,REVERSE_SIGNAL,1.526,0.404,1.115,0.1,1.015,10.15,True,XRPUSDT,2,FADE,SELL,25471,2026-05-31 22:55:00
1.3217,1.234,25544,26134,591,REVERSE_SIGNAL,10.07,0.053,6.635,0.1,6.535,65.35,True,XRPUSDT,2,TREND,SELL,25543,2026-06-01 04:55:00
1.234,1.2102,26135,26256,122,REVERSE_SIGNAL,1.994,1.175,1.929,0.1,1.829,18.29,True,XRPUSDT,2,FADE,SELL,26134,2026-06-03 06:10:00
1.2102,1.1043,26257,27094,838,REVERSE_SIGNAL,13.32,1.487,8.751,0.1,8.651,86.51,True,XRPUSDT,2,TREND,SELL,26256,2026-06-03 16:20:00
1.1043,1.0797,27095,27168,74,REVERSE_SIGNAL,2.472,0.462,2.228,0.1,2.128,21.28,True,XRPUSDT,2,FADE,SELL,27094,2026-06-06 14:10:00
1.0797,1.0949,27169,27178,10,SL,0.167,1.528,-1.408,0.1,-1.508,-15.08,False,XRPUSDT,2,TREND,SELL,27168,2026-06-06 20:20:00
1.1143,1.1477,27230,27317,88,SL,0.709,3.114,-3.0,0.1,-3.1,-31.0,False,XRPUSDT,2,FADE,SELL,27229,2026-06-07 01:25:00
1.1237,1.1435,27381,27427,47,REVERSE_SIGNAL,1.922,0.125,1.762,0.1,1.662,16.62,True,XRPUSDT,2,FADE,BUY,27380,2026-06-07 14:00:00
1.1435,1.1307,27428,27440,13,SL,0.603,1.137,-1.119,0.1,-1.219,-12.19,False,XRPUSDT,2,TREND,BUY,27427,2026-06-07 17:55:00
1.1278,1.1581,27454,27484,31,REVERSE_SIGNAL,3.857,0.257,2.687,0.1,2.587,25.87,True,XRPUSDT,2,FADE,BUY,27453,2026-06-07 20:05:00
1.1581,1.153,27485,27797,313,REVERSE_SIGNAL,2.418,2.331,-0.44,0.1,-0.54,-5.4,False,XRPUSDT,2,TREND,BUY,27484,2026-06-07 22:40:00
1.153,1.1758,27798,27855,58,SL,0.911,1.986,-1.977,0.1,-2.077,-20.77,False,XRPUSDT,2,TREND,SELL,27797,2026-06-09 00:45:00
1.1752,1.1522,27864,27922,59,REVERSE_SIGNAL,1.974,0.094,1.957,0.1,1.857,18.57,True,XRPUSDT,2,FADE,SELL,27863,2026-06-09 06:15:00
1.1522,1.1362,27923,28240,318,REVERSE_SIGNAL,4.513,1.189,1.389,0.1,1.289,12.89,True,XRPUSDT,2,TREND,SELL,27922,2026-06-09 11:10:00
1.1362,1.0988,28241,28318,78,REVERSE_SIGNAL,3.793,0.062,3.292,0.1,3.192,31.92,True,XRPUSDT,2,FADE,SELL,28240,2026-06-10 13:40:00
1.0988,1.1192,28319,28411,93,REVERSE_SIGNAL,2.248,1.047,1.857,0.1,1.757,17.57,True,XRPUSDT,2,FADE,BUY,28318,2026-06-10 20:10:00
1.1192,1.1061,28412,28572,161,REVERSE_SIGNAL,1.412,0.563,1.17,0.1,1.07,10.7,True,XRPUSDT,2,FADE,SELL,28411,2026-06-11 03:55:00
1.1061,1.1364,28573,28580,8,REVERSE_SIGNAL,3.481,0.118,2.739,0.1,2.639,26.39,True,XRPUSDT,2,FADE,BUY,28572,2026-06-11 17:20:00
1.1364,1.1289,28581,28733,153,REVERSE_SIGNAL,0.836,1.25,0.66,0.1,0.56,5.6,True,XRPUSDT,2,FADE,SELL,28580,2026-06-11 18:00:00
1.1289,1.1426,28734,28752,19,SL,0.053,1.373,-1.214,0.1,-1.314,-13.14,False,XRPUSDT,2,TREND,SELL,28733,2026-06-12 06:45:00
1.1487,1.1296,28768,28819,52,REVERSE_SIGNAL,2.046,0.218,1.663,0.1,1.563,15.63,True,XRPUSDT,2,FADE,SELL,28767,2026-06-12 09:35:00
1.1296,1.1427,28820,29033,214,REVERSE_SIGNAL,2.443,0.363,1.16,0.1,1.06,10.6,True,XRPUSDT,2,FADE,BUY,28819,2026-06-12 13:55:00
1.1427,1.1439,29034,29318,285,REVERSE_SIGNAL,0.254,1.566,-0.105,0.1,-0.205,-2.05,False,XRPUSDT,2,FADE,SELL,29033,2026-06-13 07:45:00
1.1439,1.1583,29319,29484,166,REVERSE_SIGNAL,1.346,1.574,1.259,0.1,1.159,11.59,True,XRPUSDT,2,FADE,BUY,29318,2026-06-14 07:30:00
1.1583,1.2383,29485,29792,308,REVERSE_SIGNAL,11.629,0.449,6.907,0.1,6.807,68.07,True,XRPUSDT,2,TREND,BUY,29484,2026-06-14 21:20:00
1.2383,1.2423,29793,29908,116,REVERSE_SIGNAL,2.011,0.355,-0.323,0.1,-0.423,-4.23,False,XRPUSDT,2,TREND,SELL,29792,2026-06-15 23:00:00
1.2423,1.2266,29909,29967,59,SL,1.03,1.288,-1.264,0.1,-1.364,-13.64,False,XRPUSDT,2,TREND,BUY,29908,2026-06-16 08:40:00
1.2116,1.2214,29978,30289,312,REVERSE_SIGNAL,2.03,1.543,-0.809,0.1,-0.909,-9.09,False,XRPUSDT,2,TREND,SELL,29977,2026-06-16 14:25:00
1.2214,1.1787,30290,30330,41,REVERSE_SIGNAL,3.676,0.033,3.496,0.1,3.396,33.96,True,XRPUSDT,2,FADE,SELL,30289,2026-06-17 16:25:00
1.1787,1.1383,30331,30963,633,REVERSE_SIGNAL,5.116,1.086,3.428,0.1,3.328,33.28,True,XRPUSDT,2,TREND,SELL,30330,2026-06-17 19:50:00
1.1383,1.1405,30964,31123,160,REVERSE_SIGNAL,0.246,1.406,-0.193,0.1,-0.293,-2.93,False,XRPUSDT,2,FADE,SELL,30963,2026-06-20 00:35:00
1.1405,1.1525,31124,31224,101,REVERSE_SIGNAL,1.271,0.605,1.052,0.1,0.952,9.52,True,XRPUSDT,2,FADE,BUY,31123,2026-06-20 13:55:00
1.1525,1.1438,31225,31316,92,REVERSE_SIGNAL,0.217,0.885,-0.755,0.1,-0.855,-8.55,False,XRPUSDT,2,TREND,BUY,31224,2026-06-20 22:20:00
1.1438,1.1472,31317,31674,358,REVERSE_SIGNAL,0.796,2.142,0.297,0.1,0.197,1.97,True,XRPUSDT,2,FADE,BUY,31316,2026-06-21 06:00:00
1.1472,1.1339,31675,31740,66,SL,1.412,1.212,-1.159,0.1,-1.259,-12.59,False,XRPUSDT,2,TREND,BUY,31674,2026-06-22 11:50:00
1.1338,1.0998,31744,31920,177,SL,0.838,3.281,-3.0,0.1,-3.1,-31.0,False,XRPUSDT,2,FADE,BUY,31743,2026-06-22 17:35:00
1.1111,1.0985,32114,32206,93,REVERSE_SIGNAL,1.575,0.216,1.134,0.1,1.034,10.34,True,XRPUSDT,2,FADE,SELL,32113,2026-06-24 00:25:00
1.0985,1.0655,32207,32293,87,SL,0.419,3.004,-3.0,0.1,-3.1,-31.0,False,XRPUSDT,2,FADE,BUY,32206,2026-06-24 08:10:00
1.074,1.0732,32379,32527,149,REVERSE_SIGNAL,0.531,1.406,0.074,0.1,-0.026,-0.26,False,XRPUSDT,2,FADE,SELL,32378,2026-06-24 22:30:00
1.0732,1.049,32528,32770,243,REVERSE_SIGNAL,6.066,0.578,2.255,0.1,2.155,21.55,True,XRPUSDT,2,TREND,SELL,32527,2026-06-25 10:55:00
1.049,1.0291,32771,32816,46,REVERSE_SIGNAL,2.269,0.324,1.897,0.1,1.797,17.97,True,XRPUSDT,2,FADE,SELL,32770,2026-06-26 07:10:00
1.0291,1.0393,32817,32852,36,SL,1.798,1.302,-0.991,0.1,-1.091,-10.91,False,XRPUSDT,2,TREND,SELL,32816,2026-06-26 11:00:00
1.0476,1.0588,32884,33188,305,REVERSE_SIGNAL,2.778,0.983,1.069,0.1,0.969,9.69,True,XRPUSDT,2,TREND,BUY,32883,2026-06-26 16:35:00
1.0588,1.0633,33189,33694,506,REVERSE_SIGNAL,0.661,2.597,0.425,0.1,0.325,3.25,True,XRPUSDT,2,FADE,BUY,33188,2026-06-27 18:00:00
1.0633,1.0493,33695,33844,150,REVERSE_SIGNAL,2.257,1.213,1.317,0.1,1.217,12.17,True,XRPUSDT,2,FADE,SELL,33694,2026-06-29 12:10:00
1.0493,1.045,33845,34160,316,REVERSE_SIGNAL,0.286,2.678,-0.41,0.1,-0.51,-5.1,False,XRPUSDT,2,FADE,BUY,33844,2026-06-30 00:40:00
1.045,1.0365,34161,34268,108,REVERSE_SIGNAL,0.861,0.861,0.813,0.1,0.713,7.13,True,XRPUSDT,2,FADE,SELL,34160,2026-07-01 03:00:00
1.0365,1.0458,34269,34289,21,SL,0.27,1.11,-0.897,0.1,-0.997,-9.97,False,XRPUSDT,2,TREND,SELL,34268,2026-07-01 12:00:00
1.0583,1.0508,34296,34414,119,REVERSE_SIGNAL,1.134,1.436,0.709,0.1,0.609,6.09,True,XRPUSDT,2,FADE,SELL,34295,2026-07-01 14:15:00
1.0508,1.0675,34415,34458,44,REVERSE_SIGNAL,1.827,0.628,1.589,0.1,1.489,14.89,True,XRPUSDT,2,FADE,BUY,34414,2026-07-02 00:10:00
1.0675,1.0995,34459,34572,114,SL,1.162,3.288,-3.0,0.1,-3.1,-31.0,False,XRPUSDT,2,FADE,SELL,34458,2026-07-02 03:50:00
1.0792,1.0885,34674,34714,41,SL,0.093,1.112,-0.862,0.1,-0.962,-9.62,False,XRPUSDT,2,TREND,SELL,34673,2026-07-02 21:45:00
1.094,1.1268,34722,34924,203,SL,0.75,3.199,-3.0,0.1,-3.1,-31.0,False,XRPUSDT,2,FADE,SELL,34721,2026-07-03 01:45:00
1.1517,1.1406,35282,35533,252,REVERSE_SIGNAL,2.396,0.052,0.964,0.1,0.864,8.64,True,XRPUSDT,2,TREND,SELL,35281,2026-07-05 00:25:00
1.1406,1.1363,35534,35648,115,REVERSE_SIGNAL,2.499,0.421,-0.377,0.1,-0.477,-4.77,False,XRPUSDT,2,TREND,BUY,35533,2026-07-05 21:25:00
1.1363,1.1484,35649,35762,114,REVERSE_SIGNAL,1.285,2.42,1.065,0.1,0.965,9.65,True,XRPUSDT,2,FADE,BUY,35648,2026-07-06 07:00:00
1.1484,1.1334,35763,35884,122,REVERSE_SIGNAL,1.393,1.402,1.306,0.1,1.206,12.06,True,XRPUSDT,2,FADE,SELL,35762,2026-07-06 16:30:00
1.1334,1.0859,35885,36355,471,REVERSE_SIGNAL,5.788,0.132,4.191,0.1,4.091,40.91,True,XRPUSDT,2,TREND,SELL,35884,2026-07-07 02:40:00
1.0859,1.1025,36356,36899,544,REVERSE_SIGNAL,0.387,2.928,-1.529,0.1,-1.629,-16.29,False,XRPUSDT,2,FADE,SELL,36355,2026-07-08 17:55:00
1.1025,1.1091,36900,37115,216,REVERSE_SIGNAL,0.635,0.526,0.599,0.1,0.499,4.99,True,XRPUSDT,2,FADE,BUY,36899,2026-07-10 15:15:00
1.1091,1.1044,37116,37281,166,REVERSE_SIGNAL,0.496,0.875,0.424,0.1,0.324,3.24,True,XRPUSDT,2,FADE,SELL,37115,2026-07-11 09:15:00
1.1044,1.0999,37282,37449,168,REVERSE_SIGNAL,0.127,1.657,-0.407,0.1,-0.507,-5.07,False,XRPUSDT,2,FADE,BUY,37281,2026-07-11 23:05:00
1.0999,1.0882,37450,37557,108,REVERSE_SIGNAL,1.236,0.345,1.064,0.1,0.964,9.64,True,XRPUSDT,2,FADE,SELL,37449,2026-07-12 13:05:00
1.0882,1.0556,37558,37839,282,SL,1.323,3.271,-3.0,0.1,-3.1,-31.0,False,XRPUSDT,2,FADE,BUY,37557,2026-07-12 22:05:00
1.0691,1.1012,37929,38028,100,SL,0.224,3.311,-3.0,0.1,-3.1,-31.0,False,XRPUSDT,2,FADE,SELL,37928,2026-07-14 05:00:00
1.0992,1.1081,38187,38229,43,SL,0.064,1.274,-0.81,0.1,-0.91,-9.1,False,XRPUSDT,2,TREND,SELL,38186,2026-07-15 02:30:00
1.1102,1.1043,38267,38538,272,REVERSE_SIGNAL,0.649,1.756,0.531,0.1,0.431,4.31,True,XRPUSDT,2,FADE,SELL,38266,2026-07-15 09:10:00
1.1043,1.0712,38539,38894,356,SL,1.213,3.006,-3.0,0.1,-3.1,-31.0,False,XRPUSDT,2,FADE,BUY,38538,2026-07-16 07:50:00
1.0907,1.0861,38940,39140,201,REVERSE_SIGNAL,0.697,0.293,0.422,0.1,0.322,3.22,True,XRPUSDT,2,FADE,SELL,38939,2026-07-17 17:15:00
1.0861,1.0891,39141,39163,23,SL,0.037,0.276,-0.276,0.1,-0.376,-3.76,False,XRPUSDT,2,TREND,SELL,39140,2026-07-18 10:00:00
1.0919,1.0874,39238,39667,430,REVERSE_SIGNAL,0.586,1.502,0.412,0.1,0.312,3.12,True,XRPUSDT,2,FADE,SELL,39237,2026-07-18 18:05:00
1.0874,1.1033,39668,39736,69,REVERSE_SIGNAL,1.655,0.469,1.462,0.1,1.362,13.62,True,XRPUSDT,2,FADE,BUY,39667,2026-07-20 05:55:00
1.1033,1.1364,39737,39944,208,SL,1.604,3.19,-3.0,0.1,-3.1,-31.0,False,XRPUSDT,2,FADE,SELL,39736,2026-07-20 11:40:00
1.1383,1.1442,40165,40340,176,REVERSE_SIGNAL,0.791,0.887,0.518,0.1,0.418,4.18,True,XRPUSDT,2,FADE,BUY,40164,2026-07-21 23:20:00
1.1442,1.1351,40341,40488,148,REVERSE_SIGNAL,0.935,1.11,0.795,0.1,0.695,6.95,True,XRPUSDT,2,FADE,SELL,40340,2026-07-22 14:00:00
1.1351,1.101,40489,40675,187,SL,0.247,3.083,-3.0,0.1,-3.1,-31.0,False,XRPUSDT,2,FADE,BUY,40488,2026-07-23 02:20:00
1.1205,1.1074,40835,40859,25,SL,0.009,1.169,-1.169,0.1,-1.269,-12.69,False,XRPUSDT,2,TREND,BUY,40834,2026-07-24 07:10:00
1.1059,1.0951,40879,41218,340,REVERSE_SIGNAL,1.953,0.081,0.977,0.1,0.877,8.77,True,XRPUSDT,2,TREND,SELL,40878,2026-07-24 10:50:00
1.0951,1.0891,41219,41787,569,SL,1.936,0.694,-0.548,0.1,-0.648,-6.48,False,XRPUSDT,2,TREND,BUY,41218,2026-07-25 15:10:00
1.0905,1.0578,41788,41911,124,SL,0.459,3.017,-3.0,0.1,-3.1,-31.0,False,XRPUSDT,2,FADE,BUY,41787,2026-07-27 14:35:00
1.0636,1.0777,42097,42343,247,REVERSE_SIGNAL,2.802,0.827,1.326,0.1,1.226,12.26,True,XRPUSDT,2,TREND,BUY,42096,2026-07-28 16:20:00
1.0777,1.0869,42344,42413,70,REVERSE_SIGNAL,1.216,1.123,0.854,0.1,0.754,7.54,True,XRPUSDT,2,FADE,BUY,42343,2026-07-29 12:55:00
1.0869,1.0788,42414,42796,383,REVERSE_SIGNAL,2.337,0.736,0.745,0.1,0.645,6.45,True,XRPUSDT,2,FADE,SELL,42413,2026-07-29 18:45:00
1.0788,1.0464,42797,43278,482,SL,0.454,3.003,-3.0,0.1,-3.1,-31.0,False,XRPUSDT,2,FADE,BUY,42796,2026-07-31 02:40:00
1.0657,1.076,43354,43646,293,REVERSE_SIGNAL,2.552,0.094,0.967,0.1,0.867,8.67,True,XRPUSDT,2,TREND,BUY,43353,2026-08-02 01:05:00
1.076,1.075,43647,43799,153,REVERSE_SIGNAL,1.292,0.074,0.093,0.1,-0.007,-0.07,False,XRPUSDT,2,TREND,SELL,43646,2026-08-03 01:30:00
1.075,1.0748,43800,43909,110,REVERSE_SIGNAL,1.098,0.279,-0.019,0.1,-0.119,-1.19,False,XRPUSDT,2,TREND,BUY,43799,2026-08-03 14:15:00
1.0748,1.0797,43910,44155,246,REVERSE_SIGNAL,0.735,0.512,0.456,0.1,0.356,3.56,True,XRPUSDT,2,FADE,BUY,43909,2026-08-03 23:25:00
1.0797,1.0697,44156,44215,60,REVERSE_SIGNAL,1.028,0.009,0.926,0.1,0.826,8.26,True,XRPUSDT,2,FADE,SELL,44155,2026-08-04 19:55:00
1.0697,1.0705,44216,44424,209,REVERSE_SIGNAL,0.654,1.468,0.075,0.1,-0.025,-0.25,False,XRPUSDT,2,FADE,BUY,44215,2026-08-05 00:55:00
1.0705,1.0617,44425,44491,67,REVERSE_SIGNAL,0.981,0.159,0.822,0.1,0.722,7.22,True,XRPUSDT,2,FADE,SELL,44424,2026-08-05 18:20:00
1.0617,1.0364,44492,44895,404,REVERSE_SIGNAL,4.446,0.141,2.383,0.1,2.283,22.83,True,XRPUSDT,2,TREND,SELL,44491,2026-08-05 23:55:00
1.0364,1.0149,44896,44983,88,REVERSE_SIGNAL,2.065,0.656,2.074,0.1,1.974,19.74,True,XRPUSDT,2,FADE,SELL,44895,2026-08-07 09:35:00
1.0149,1.0306,44984,45088,105,REVERSE_SIGNAL,1.606,0.286,1.547,0.1,1.447,14.47,True,XRPUSDT,2,FADE,BUY,44983,2026-08-07 16:55:00
1.0306,1.038,45089,45344,256,REVERSE_SIGNAL,0.184,1.727,-0.718,0.1,-0.818,-8.18,False,XRPUSDT,2,FADE,SELL,45088,2026-08-08 01:40:00
1.038,1.0395,45345,45525,181,REVERSE_SIGNAL,0.289,0.751,0.145,0.1,0.045,0.45,True,XRPUSDT,2,FADE,BUY,45344,2026-08-08 23:00:00
1.0395,1.0317,45526,45637,112,REVERSE_SIGNAL,0.885,0.779,0.75,0.1,0.65,6.5,True,XRPUSDT,2,FADE,SELL,45525,2026-08-09 14:05:00
1.0317,1.0155,45638,46148,511,REVERSE_SIGNAL,4.178,0.872,1.57,0.1,1.47,14.7,True,XRPUSDT,2,TREND,SELL,45637,2026-08-09 23:25:00
1.0155,1.0116,46149,46388,240,REVERSE_SIGNAL,0.739,1.132,0.384,0.1,0.284,2.84,True,XRPUSDT,2,FADE,SELL,46148,2026-08-11 18:00:00
1.0116,1.0108,46389,46562,174,REVERSE_SIGNAL,0.425,1.127,-0.079,0.1,-0.179,-1.79,False,XRPUSDT,2,FADE,BUY,46388,2026-08-12 14:00:00
1.0108,1.0062,46563,46630,68,SL,0.406,0.475,-0.455,0.1,-0.555,-5.55,False,XRPUSDT,2,TREND,BUY,46562,2026-08-13 04:30:00
1.0068,1.0133,46644,46821,178,REVERSE_SIGNAL,0.646,0.944,0.646,0.1,0.546,5.46,True,XRPUSDT,2,FADE,BUY,46643,2026-08-13 11:15:00
1.0133,1.007,46822,46873,52,SL,0.039,0.681,-0.622,0.1,-0.722,-7.22,False,XRPUSDT,2,TREND,BUY,46821,2026-08-14 02:05:00
1.0038,1.0052,46883,47114,232,REVERSE_SIGNAL,0.508,1.933,0.139,0.1,0.039,0.39,True,XRPUSDT,2,FADE,BUY,46882,2026-08-14 07:10:00
1.0052,0.9999,47115,47257,143,REVERSE_SIGNAL,0.607,0.229,0.527,0.1,0.427,4.27,True,XRPUSDT,2,FADE,SELL,47114,2026-08-15 02:30:00
0.9999,1.0048,47258,47353,96,REVERSE_SIGNAL,0.51,0.01,0.49,0.1,0.39,3.9,True,XRPUSDT,2,FADE,BUY,47257,2026-08-15 14:25:00
1.0048,1.0006,47354,47426,73,REVERSE_SIGNAL,0.547,0.139,0.418,0.1,0.318,3.18,True,XRPUSDT,2,FADE,SELL,47353,2026-08-15 22:25:00
1.0006,1.0028,47427,47710,284,REVERSE_SIGNAL,0.4,1.309,0.22,0.1,0.12,1.2,True,XRPUSDT,2,FADE,BUY,47426,2026-08-16 04:30:00
1.0028,0.9964,47711,47777,67,REVERSE_SIGNAL,0.708,0.409,0.638,0.1,0.538,5.38,True,XRPUSDT,2,FADE,SELL,47710,2026-08-17 04:10:00
0.9964,1.0048,47778,47846,69,REVERSE_SIGNAL,0.943,0.06,0.843,0.1,0.743,7.43,True,XRPUSDT,2,FADE,BUY,47777,2026-08-17 09:45:00
1.0048,0.9943,47847,47974,128,REVERSE_SIGNAL,1.095,0.368,1.045,0.1,0.945,9.45,True,XRPUSDT,2,FADE,SELL,47846,2026-08-17 15:30:00
0.9943,0.9993,47975,48088,114,REVERSE_SIGNAL,0.764,0.634,0.503,0.1,0.403,4.03,True,XRPUSDT,2,FADE,BUY,47974,2026-08-18 02:10:00
0.9993,0.9973,48089,48273,185,REVERSE_SIGNAL,0.4,0.7,0.2,0.1,0.1,1.0,True,XRPUSDT,2,FADE,SELL,48088,2026-08-18 11:40:00
0.9973,1.0005,48274,48275,2,SL,0.0,0.351,-0.321,0.1,-0.421,-4.21,False,XRPUSDT,2,TREND,SELL,48273,2026-08-19 03:05:00
1.0039,1.034,48324,48415,92,SL,0.12,3.048,-3.0,0.1,-3.1,-31.0,False,XRPUSDT,2,FADE,SELL,48323,2026-08-19 07:15:00
1.0931,1.1056,48569,48587,19,SL,0.018,1.171,-1.144,0.1,-1.244,-12.44,False,XRPUSDT,2,TREND,SELL,48568,2026-08-20 03:40:00
1.1096,1.2429,48611,48772,162,REVERSE_SIGNAL,21.125,0.198,12.013,0.1,11.913,119.13,True,XRPUSDT,2,TREND,BUY,48610,2026-08-20 07:10:00
1.2429,1.2745,48773,48805,33,SL,0.378,2.599,-2.542,0.1,-2.642,-26.42,False,XRPUSDT,2,TREND,SELL,48772,2026-08-20 20:40:00
1.2958,1.4291,48836,49224,389,REVERSE_SIGNAL,31.27,1.119,10.287,0.1,10.187,101.87,True,XRPUSDT,2,TREND,BUY,48835,2026-08-21 01:55:00
1.4291,1.5165,49225,49553,329,REVERSE_SIGNAL,7.011,0.035,6.116,0.1,6.016,60.16,True,XRPUSDT,2,FADE,BUY,49224,2026-08-22 10:20:00
1.5165,1.4713,49554,49564,11,SL,2.235,4.069,-2.981,0.1,-3.081,-30.81,False,XRPUSDT,2,TREND,BUY,49553,2026-08-23 13:45:00
1.4669,1.5174,49702,49833,132,REVERSE_SIGNAL,3.606,0.995,3.443,0.1,3.343,33.43,True,XRPUSDT,2,FADE,BUY,49701,2026-08-24 02:05:00
1.5174,1.4726,49834,49884,51,SL,0.85,3.256,-2.952,0.1,-3.052,-30.52,False,XRPUSDT,2,TREND,BUY,49833,2026-08-24 13:05:00
