symbol,direction,signal_idx,entry_price,label,max_roe_pct,max_sl_pct,atr,trail2,sl_atr_1.0x_price,sl_atr_1.0x_dist,sl_atr_1.0x_hit,sl_atr_1.5x_price,sl_atr_1.5x_dist,sl_atr_1.5x_hit,sl_atr_2.0x_price,sl_atr_2.0x_dist,sl_atr_2.0x_hit,sl_atr_3.0x_price,sl_atr_3.0x_dist,sl_atr_3.0x_hit,sl_trail2_price,sl_trail2_dist,sl_trail2_hit,sl_trail2_buf_price,sl_trail2_buf_dist,sl_trail2_buf_hit,sl_fixed_0.5pct_price,sl_fixed_0.5pct_dist,sl_fixed_0.5pct_hit,sl_fixed_1.0pct_price,sl_fixed_1.0pct_dist,sl_fixed_1.0pct_hit,sl_fixed_1.5pct_price,sl_fixed_1.5pct_dist,sl_fixed_1.5pct_hit,sl_fixed_2.0pct_price,sl_fixed_2.0pct_dist,sl_fixed_2.0pct_hit,sl_fixed_3.0pct_price,sl_fixed_3.0pct_dist,sl_fixed_3.0pct_hit,entry_market,entry_retest_trail2,entry_retest_fvg,sl_swing_hl_price,sl_swing_hl_dist,sl_swing_hl_hit,sl_vsr_edge_price,sl_vsr_edge_dist,sl_vsr_edge_hit,sl_ob_beyond_price,sl_ob_beyond_dist,sl_ob_beyond_hit,sl_ob_midpoint_price,sl_ob_midpoint_dist,sl_ob_midpoint_hit,entry_retest_ob_mid
ADAUSDT,SELL,19,0.6477,win,8.646,1.22,0.0073,0.6821,0.655,1.127,True,0.6587,1.691,False,0.6623,2.254,False,0.6696,3.381,False,0.6821,5.311,False,0.6827,5.411,False,0.6509,0.5,True,0.6542,1.0,True,0.6574,1.5,False,0.6607,2.0,False,0.6671,3.0,False,0.6477,,0.6515,,,,,,,,,,,,,
ADAUSDT,BUY,488,0.6827,lose,0.161,6.65,0.0065,0.6428,0.6762,0.952,True,0.6729,1.428,True,0.6697,1.904,True,0.6632,2.856,True,0.6428,5.844,True,0.6421,5.944,True,0.6793,0.5,True,0.6759,1.0,True,0.6725,1.5,True,0.669,2.0,True,0.6622,3.0,True,0.6827,,0.6758,0.6355,6.907,False,0.6235,8.675,False,,,,,,,
ADAUSDT,SELL,528,0.6413,win,5.738,0.702,0.005,0.6634,0.6463,0.78,False,0.6488,1.169,False,0.6513,1.559,False,0.6563,2.339,False,0.6634,3.446,False,0.664,3.546,False,0.6445,0.5,True,0.6477,1.0,False,0.6509,1.5,False,0.6541,2.0,False,0.6605,3.0,False,0.6413,,,,,,,,,,,,,,,
ADAUSDT,BUY,680,0.6418,win,8.024,0.888,0.0037,0.6275,0.6381,0.577,True,0.6362,0.865,True,0.6344,1.153,False,0.6307,1.73,False,0.6275,2.228,False,0.6269,2.328,False,0.6386,0.5,True,0.6354,1.0,False,0.6322,1.5,False,0.629,2.0,False,0.6225,3.0,False,0.6418,,,0.6296,1.908,False,0.6221,3.073,False,,,,,,,
ADAUSDT,SELL,1116,0.6646,win,26.362,1.595,0.0036,0.6795,0.6682,0.542,True,0.67,0.813,True,0.6718,1.083,True,0.6754,1.625,False,0.6795,2.242,False,0.6802,2.342,False,0.6679,0.5,True,0.6712,1.0,True,0.6746,1.5,True,0.6779,2.0,False,0.6845,3.0,False,0.6646,,,,,,0.6889,3.655,False,,,,,,,
ADAUSDT,SELL,2031,0.5247,lose,1.048,8.672,0.0047,0.5422,0.5294,0.896,True,0.5318,1.344,True,0.5341,1.791,True,0.5388,2.687,True,0.5422,3.335,True,0.5427,3.435,True,0.5273,0.5,True,0.5299,1.0,True,0.5326,1.5,True,0.5352,2.0,True,0.5404,3.0,True,0.5247,,,,,,0.5727,9.143,True,,,,,,,
ADAUSDT,BUY,2125,0.5667,win,4.606,2.329,0.0066,0.527,0.5601,1.165,True,0.5568,1.747,True,0.5535,2.329,True,0.5469,3.494,False,0.527,7.005,False,0.5264,7.105,False,0.5639,0.5,True,0.561,1.0,True,0.5582,1.5,True,0.5554,2.0,True,0.5497,3.0,False,0.5667,,,0.5184,8.519,False,0.5474,3.414,False,,,,,,,
ADAUSDT,SELL,2233,0.5605,win,2.302,3.301,0.0037,0.5738,0.5642,0.66,True,0.5661,0.99,True,0.5679,1.32,True,0.5716,1.98,True,0.5738,2.373,True,0.5744,2.473,True,0.5633,0.5,True,0.5661,1.0,True,0.5689,1.5,True,0.5717,2.0,True,0.5773,3.0,True,0.5605,,,,,,0.5727,2.172,True,,,,,,,
ADAUSDT,BUY,2317,0.5772,win,5.128,1.906,0.004,0.5578,0.5732,0.693,True,0.5712,1.04,True,0.5692,1.386,True,0.5652,2.079,False,0.5578,3.361,False,0.5572,3.461,False,0.5743,0.5,True,0.5714,1.0,True,0.5685,1.5,True,0.5657,2.0,False,0.5599,3.0,False,0.5772,,,,,,0.5474,5.171,False,,,,,,,
ADAUSDT,SELL,2514,0.5702,win,3.139,1.806,0.004,0.5869,0.5742,0.702,True,0.5762,1.052,True,0.5782,1.403,True,0.5822,2.105,False,0.5869,2.929,False,0.5875,3.029,False,0.5731,0.5,True,0.5759,1.0,True,0.5788,1.5,True,0.5816,2.0,False,0.5873,3.0,False,0.5702,,,,,,0.5727,0.434,True,,,,,,,
ADAUSDT,BUY,2594,0.5798,lose,0.052,6.106,0.0029,0.5646,0.5769,0.5,True,0.5755,0.75,True,0.574,1.0,True,0.5711,1.501,True,0.5646,2.622,True,0.564,2.722,True,0.5769,0.5,True,0.574,1.0,True,0.5711,1.5,True,0.5682,2.0,True,0.5624,3.0,True,0.5798,0.5646,0.5702,,,,0.5474,5.596,True,0.5779,0.335,True,0.5793,0.086,True,0.5792999999999999
ADAUSDT,SELL,2606,0.5448,lose,1.083,4.901,0.0052,0.5739,0.55,0.954,True,0.5526,1.432,True,0.5552,1.909,True,0.5604,2.863,True,0.5739,5.341,False,0.5744,5.441,False,0.5475,0.5,True,0.5502,1.0,True,0.553,1.5,True,0.5557,2.0,True,0.5611,3.0,True,0.5448,,0.5457,0.5814,6.713,False,0.5727,5.116,False,0.5807,6.597,False,0.5793,6.333,False,
ADAUSDT,BUY,2683,0.5632,lose,0.959,6.214,0.0033,0.5542,0.5599,0.586,True,0.5583,0.879,True,0.5566,1.172,True,0.5533,1.758,True,0.5542,1.598,True,0.5536,1.698,True,0.5604,0.5,True,0.5576,1.0,True,0.5548,1.5,True,0.5519,2.0,True,0.5463,3.0,True,0.5632,,,,,,0.5474,2.814,True,,,,,,,
ADAUSDT,SELL,2705,0.529,win,26.749,1.002,0.0055,0.5651,0.5345,1.04,False,0.5373,1.56,False,0.54,2.079,False,0.5455,3.119,False,0.5651,6.824,False,0.5656,6.924,False,0.5316,0.5,True,0.5343,1.0,True,0.5369,1.5,False,0.5396,2.0,False,0.5449,3.0,False,0.529,,0.5309,0.5724,8.196,False,0.5727,8.256,False,0.572,8.13,False,0.569,7.552,False,
ADAUSDT,SELL,4087,0.4242,win,12.659,2.994,0.0023,0.4332,0.4265,0.542,True,0.4277,0.813,True,0.4288,1.084,True,0.4311,1.627,True,0.4332,2.122,True,0.4336,2.222,True,0.4263,0.5,True,0.4284,1.0,True,0.4306,1.5,True,0.4327,2.0,True,0.4369,3.0,False,0.4242,,0.4258,0.4396,3.621,False,0.4308,1.563,True,,,,,,,
ADAUSDT,BUY,4505,0.3935,win,15.807,0.229,0.0021,0.3833,0.3914,0.534,False,0.3904,0.801,False,0.3893,1.067,False,0.3872,1.601,False,0.3833,2.592,False,0.3829,2.692,False,0.3915,0.5,False,0.3896,1.0,False,0.3876,1.5,False,0.3856,2.0,False,0.3817,3.0,False,0.3935,,,0.3845,2.281,False,0.3755,4.568,False,,,,,,,
ADAUSDT,SELL,4784,0.4307,win,5.921,0.975,0.0023,0.4461,0.433,0.534,True,0.4342,0.801,True,0.4353,1.068,False,0.4376,1.602,False,0.4461,3.576,False,0.4465,3.676,False,0.4329,0.5,True,0.435,1.0,False,0.4372,1.5,False,0.4393,2.0,False,0.4436,3.0,False,0.4307,,0.432,0.4433,2.917,False,0.4363,1.309,False,,,,,,,
ADAUSDT,BUY,5011,0.4338,win,11.503,5.348,0.0039,0.4118,0.4299,0.899,True,0.4279,1.349,True,0.426,1.798,True,0.4221,2.697,True,0.4118,5.071,True,0.4114,5.171,True,0.4316,0.5,True,0.4295,1.0,True,0.4273,1.5,True,0.4251,2.0,True,0.4208,3.0,True,0.4338,,0.4314,0.4046,6.733,False,0.4129,4.821,True,,,,,,,
ADAUSDT,SELL,5324,0.4469,win,22.511,0.157,0.004,0.4687,0.4509,0.895,False,0.4529,1.343,False,0.4549,1.79,False,0.4589,2.685,False,0.4687,4.878,False,0.4691,4.978,False,0.4491,0.5,False,0.4514,1.0,False,0.4536,1.5,False,0.4558,2.0,False,0.4603,3.0,False,0.4469,,0.4476,,,,0.4645,3.93,False,,,,,,,
ADAUSDT,BUY,6129,0.3657,win,4.156,0.273,0.002,0.3577,0.3637,0.547,False,0.3627,0.82,False,0.3617,1.094,False,0.3597,1.641,False,0.3577,2.188,False,0.3573,2.288,False,0.3639,0.5,False,0.362,1.0,False,0.3602,1.5,False,0.3584,2.0,False,0.3547,3.0,False,0.3657,,,,,,0.3579,2.121,False,,,,,,,
ADAUSDT,SELL,6292,0.3678,win,2.855,2.447,0.0013,0.3756,0.3691,0.353,True,0.3698,0.53,True,0.3704,0.707,True,0.3717,1.06,True,0.3756,2.121,True,0.376,2.221,True,0.3696,0.5,True,0.3715,1.0,True,0.3733,1.5,True,0.3752,2.0,True,0.3788,3.0,False,0.3678,,0.3688,,,,0.372,1.134,True,,,,,,,
ADAUSDT,SELL,6514,0.3638,win,6.844,1.374,0.0015,0.3701,0.3653,0.412,True,0.366,0.618,True,0.3668,0.825,True,0.3683,1.237,True,0.3701,1.732,False,0.3705,1.832,False,0.3656,0.5,True,0.3674,1.0,True,0.3693,1.5,False,0.3711,2.0,False,0.3747,3.0,False,0.3638,,0.3674,,,,0.372,2.246,False,,,,,,,
ADAUSDT,BUY,6906,0.357,win,5.686,0.476,0.0013,0.3497,0.3557,0.364,True,0.355,0.546,False,0.3544,0.728,False,0.3531,1.092,False,0.3497,2.045,False,0.3493,2.145,False,0.3552,0.5,False,0.3534,1.0,False,0.3516,1.5,False,0.3499,2.0,False,0.3463,3.0,False,0.357,,0.3568,,,,0.3386,5.165,False,,,,,,,
ADAUSDT,SELL,7036,0.3634,lose,0.413,4.568,0.0016,0.3697,0.365,0.44,True,0.3658,0.66,True,0.3666,0.881,True,0.3682,1.321,True,0.3697,1.734,True,0.3701,1.834,True,0.3652,0.5,True,0.367,1.0,True,0.3689,1.5,True,0.3707,2.0,True,0.3743,3.0,True,0.3634,,,,,,0.3706,1.973,True,,,,,,,
ADAUSDT,SELL,7105,0.3639,win,9.975,1.539,0.0021,0.3744,0.366,0.577,True,0.367,0.866,True,0.3681,1.154,True,0.3702,1.731,False,0.3744,2.885,False,0.3748,2.985,False,0.3657,0.5,True,0.3675,1.0,True,0.3694,1.5,True,0.3712,2.0,False,0.3748,3.0,False,0.3639,,,,,,0.3706,1.833,False,,,,,,,
ADAUSDT,BUY,7400,0.3461,win,26.351,0.202,0.0015,0.3369,0.3446,0.433,False,0.3439,0.65,False,0.3431,0.867,False,0.3416,1.3,False,0.3369,2.658,False,0.3366,2.758,False,0.3444,0.5,False,0.3426,1.0,False,0.3409,1.5,False,0.3392,2.0,False,0.3357,3.0,False,0.3461,,0.3459,,,,0.3273,5.44,False,,,,,,,
ADAUSDT,SELL,7931,0.4116,win,6.827,2.745,0.0024,0.4197,0.414,0.583,True,0.4152,0.875,True,0.4164,1.166,True,0.4188,1.749,True,0.4197,1.968,True,0.4201,2.068,True,0.4137,0.5,True,0.4157,1.0,True,0.4178,1.5,True,0.4198,2.0,True,0.4239,3.0,False,0.4116,,,0.4226,2.681,True,,,,,,,,,,
ADAUSDT,SELL,8449,0.3822,lose,0.262,6.306,0.0021,0.3935,0.3843,0.549,True,0.3853,0.824,True,0.3864,1.099,True,0.3885,1.648,True,0.3935,2.957,True,0.3939,3.057,True,0.3841,0.5,True,0.386,1.0,True,0.3879,1.5,True,0.3898,2.0,True,0.3937,3.0,True,0.3822,,0.3831,,,,0.3892,1.829,True,,,,,,,
ADAUSDT,BUY,8553,0.4061,win,5.171,1.798,0.003,0.3876,0.4031,0.739,True,0.4016,1.108,True,0.4001,1.477,True,0.3971,2.216,False,0.3876,4.556,False,0.3872,4.656,False,0.4041,0.5,True,0.402,1.0,True,0.4,1.5,True,0.398,2.0,False,0.3939,3.0,False,0.4061,,0.4059,,,,0.3931,3.2,False,,,,,,,
ADAUSDT,SELL,8696,0.3999,win,5.426,2.701,0.0027,0.4163,0.4026,0.675,True,0.4039,1.013,True,0.4053,1.35,True,0.408,2.026,True,0.4163,4.101,False,0.4167,4.201,False,0.4019,0.5,True,0.4039,1.0,True,0.4059,1.5,True,0.4079,2.0,True,0.4119,3.0,False,0.3999,,0.4016,,,,0.4258,6.483,False,,,,,,,
ADAUSDT,BUY,8889,0.3944,win,2.485,1.344,0.0015,0.3905,0.3929,0.38,True,0.3921,0.57,True,0.3914,0.761,True,0.3899,1.141,True,0.3905,0.989,True,0.3901,1.089,True,0.3924,0.5,True,0.3905,1.0,True,0.3885,1.5,False,0.3865,2.0,False,0.3826,3.0,False,0.3944,,,0.3927,0.428,True,,,,,,,,,,
ADAUSDT,SELL,9041,0.3918,win,12.94,1.302,0.0016,0.3978,0.3934,0.408,True,0.3942,0.613,True,0.395,0.817,True,0.3966,1.225,True,0.3978,1.531,False,0.3982,1.631,False,0.3938,0.5,True,0.3957,1.0,True,0.3977,1.5,False,0.3996,2.0,False,0.4036,3.0,False,0.3918,,,,,,0.402,2.604,False,,,,,,,
ADAUSDT,SELL,9508,0.3544,win,6.179,4.628,0.0015,0.3635,0.3559,0.423,True,0.3566,0.635,True,0.3574,0.847,True,0.3589,1.27,True,0.3635,2.568,True,0.3639,2.668,True,0.3562,0.5,True,0.3579,1.0,True,0.3597,1.5,True,0.3615,2.0,True,0.365,3.0,True,0.3544,,0.3557,,,,,,,,,,,,,
ADAUSDT,BUY,9802,0.3521,win,3.635,1.619,0.0024,0.3434,0.3497,0.682,True,0.3485,1.022,True,0.3473,1.363,True,0.3449,2.045,False,0.3434,2.471,False,0.343,2.571,False,0.3503,0.5,True,0.3486,1.0,True,0.3468,1.5,True,0.3451,2.0,False,0.3415,3.0,False,0.3521,,,0.3442,2.249,False,0.3428,2.654,False,,,,,,,
ADAUSDT,SELL,10046,0.3501,win,23.222,0.628,0.002,0.3588,0.3521,0.571,True,0.3531,0.857,False,0.3541,1.143,False,0.3561,1.714,False,0.3588,2.485,False,0.3592,2.585,False,0.3519,0.5,True,0.3536,1.0,False,0.3554,1.5,False,0.3571,2.0,False,0.3606,3.0,False,0.3501,,,,,,0.3573,2.044,False,,,,,,,
ADAUSDT,SELL,10664,0.2862,win,22.991,2.516,0.0029,0.3001,0.2891,1.013,True,0.2906,1.52,True,0.292,2.027,True,0.2949,3.04,False,0.3001,4.857,False,0.3004,4.957,False,0.2876,0.5,True,0.2891,1.0,True,0.2905,1.5,True,0.2919,2.0,True,0.2948,3.0,False,0.2862,,0.2869,,,,0.2998,4.752,False,,,,,,,
ADAUSDT,BUY,10858,0.2769,win,2.6,4.875,0.003,0.2575,0.2739,1.083,True,0.2724,1.625,True,0.2709,2.167,True,0.2679,3.25,True,0.2575,7.006,False,0.2572,7.106,False,0.2755,0.5,True,0.2741,1.0,True,0.2727,1.5,True,0.2714,2.0,True,0.2686,3.0,True,0.2769,,0.2756,,,,0.2249,18.788,False,,,,,,,
ADAUSDT,SELL,11122,0.2637,win,5.119,3.716,0.0015,0.272,0.2652,0.569,True,0.2659,0.853,True,0.2667,1.138,True,0.2682,1.706,True,0.272,3.148,True,0.2723,3.248,True,0.265,0.5,True,0.2663,1.0,True,0.2677,1.5,True,0.269,2.0,True,0.2716,3.0,True,0.2637,,,,,,0.2789,5.756,False,,,,,,,
ADAUSDT,SELL,11720,0.2844,win,6.153,1.793,0.002,0.2927,0.2864,0.703,True,0.2874,1.055,True,0.2884,1.406,True,0.2904,2.11,True,0.2927,2.918,True,0.293,3.018,True,0.2858,0.5,True,0.2872,1.0,True,0.2887,1.5,True,0.2901,2.0,True,0.2929,3.0,True,0.2844,,,0.3022,6.242,False,,,,,,,,,,
ADAUSDT,BUY,12201,0.2888,lose,1.697,4.709,0.003,0.2697,0.2858,1.039,True,0.2843,1.558,True,0.2828,2.078,True,0.2798,3.116,True,0.2697,6.614,False,0.2694,6.714,False,0.2874,0.5,True,0.2859,1.0,True,0.2845,1.5,True,0.283,2.0,True,0.2801,3.0,True,0.2888,,,0.2692,6.788,False,0.284,1.657,True,,,,,,,
ADAUSDT,SELL,12350,0.2756,win,6.785,0.617,0.001,0.2817,0.2766,0.363,True,0.2771,0.544,True,0.2776,0.726,False,0.2786,1.089,False,0.2817,2.213,False,0.282,2.313,False,0.277,0.5,True,0.2784,1.0,False,0.2797,1.5,False,0.2811,2.0,False,0.2839,3.0,False,0.2756,,,,,,0.2865,3.95,False,,,,,,,
ADAUSDT,BUY,12477,0.2736,lose,0.183,4.934,0.0015,0.2656,0.2721,0.548,True,0.2714,0.822,True,0.2706,1.096,True,0.2691,1.645,True,0.2656,2.924,True,0.2653,3.024,True,0.2722,0.5,True,0.2709,1.0,True,0.2695,1.5,True,0.2681,2.0,True,0.2654,3.0,True,0.2736,,0.2731,,,,0.2598,5.029,False,,,,,,,
ADAUSDT,BUY,12627,0.2706,win,15.817,3.215,0.0019,0.2582,0.2687,0.702,True,0.2677,1.053,True,0.2668,1.404,True,0.2649,2.106,True,0.2582,4.582,False,0.2579,4.682,False,0.2692,0.5,True,0.2679,1.0,True,0.2665,1.5,True,0.2652,2.0,True,0.2625,3.0,True,0.2706,,0.2692,0.257,5.021,False,0.2584,4.493,False,,,,,,,
ADAUSDT,SELL,12786,0.2833,win,8.542,4.553,0.0025,0.297,0.2858,0.882,True,0.287,1.324,True,0.2883,1.765,True,0.2908,2.647,True,0.297,4.836,False,0.2973,4.936,False,0.2847,0.5,True,0.2861,1.0,True,0.2875,1.5,True,0.289,2.0,True,0.2918,3.0,True,0.2833,,0.2877,,,,0.2941,3.81,True,,,,,,,
ADAUSDT,BUY,12993,0.2781,win,5.07,2.697,0.0025,0.2674,0.2756,0.899,True,0.2744,1.348,True,0.2731,1.798,True,0.2706,2.697,True,0.2674,3.848,False,0.2671,3.948,False,0.2767,0.5,True,0.2753,1.0,True,0.2739,1.5,True,0.2725,2.0,True,0.2698,3.0,False,0.2781,,,,,,0.2609,6.171,False,,,,,,,
ADAUSDT,SELL,13082,0.2709,lose,0.997,6.423,0.0021,0.2818,0.273,0.775,True,0.274,1.163,True,0.2751,1.55,True,0.2772,2.326,True,0.2818,4.024,True,0.2821,4.124,True,0.2723,0.5,True,0.2736,1.0,True,0.275,1.5,True,0.2763,2.0,True,0.279,3.0,True,0.2709,,0.2716,,,,0.2826,4.312,True,,,,,,,
ADAUSDT,BUY,13162,0.288,lose,0.174,6.875,0.0028,0.2712,0.2852,0.972,True,0.2838,1.458,True,0.2824,1.944,True,0.2796,2.917,True,0.2712,5.833,True,0.2709,5.933,True,0.2866,0.5,True,0.2851,1.0,True,0.2837,1.5,True,0.2822,2.0,True,0.2794,3.0,True,0.288,,,,,,0.2749,4.54,True,,,,,,,
ADAUSDT,SELL,13221,0.269,win,4.015,1.933,0.0016,0.2781,0.2706,0.595,True,0.2714,0.892,True,0.2722,1.19,True,0.2738,1.784,True,0.2781,3.383,False,0.2784,3.483,False,0.2703,0.5,True,0.2717,1.0,True,0.273,1.5,True,0.2744,2.0,True,0.2771,3.0,True,0.269,,,,,,0.2826,5.049,False,,,,,,,
ADAUSDT,BUY,13347,0.2728,win,4.472,2.896,0.0019,0.2641,0.2709,0.696,True,0.2699,1.045,True,0.269,1.393,True,0.2671,2.089,True,0.2641,3.189,False,0.2638,3.289,False,0.2714,0.5,True,0.2701,1.0,True,0.2687,1.5,True,0.2673,2.0,True,0.2646,3.0,False,0.2728,,,,,,,,,,,,,,,
ADAUSDT,SELL,14086,0.259,lose,0.347,5.367,0.0009,0.2623,0.2599,0.347,True,0.2604,0.521,True,0.2608,0.695,True,0.2617,1.042,True,0.2623,1.274,True,0.2626,1.374,True,0.2603,0.5,True,0.2616,1.0,True,0.2629,1.5,True,0.2642,2.0,True,0.2668,3.0,True,0.259,0.2623,0.2614,,,,0.2664,2.844,True,,,,,,,
ADAUSDT,BUY,14156,0.2699,win,4.261,2.445,0.0018,0.2591,0.2681,0.667,True,0.2672,1.0,True,0.2663,1.334,True,0.2645,2.001,True,0.2591,4.001,False,0.2588,4.101,False,0.2686,0.5,True,0.2672,1.0,True,0.2659,1.5,True,0.2645,2.0,True,0.2618,3.0,False,0.2699,,0.2693,,,,0.2601,3.616,False,,,,,,,
ADAUSDT,SELL,14247,0.2652,win,2.715,0.528,0.0014,0.2716,0.2666,0.528,True,0.2673,0.792,False,0.268,1.056,False,0.2694,1.584,False,0.2716,2.413,False,0.2719,2.513,False,0.2665,0.5,True,0.2679,1.0,False,0.2692,1.5,False,0.2705,2.0,False,0.2732,3.0,False,0.2652,,,,,,0.2671,0.704,True,,,,,,,
ADAUSDT,BUY,14366,0.2653,win,11.383,1.319,0.0011,0.2603,0.2642,0.415,True,0.2636,0.622,True,0.2631,0.829,True,0.262,1.244,True,0.2603,1.885,False,0.26,1.985,False,0.264,0.5,True,0.2626,1.0,True,0.2613,1.5,False,0.26,2.0,False,0.2573,3.0,False,0.2653,,,,,,0.2635,0.665,True,,,,,,,
ADAUSDT,SELL,14684,0.2762,win,10.391,0.434,0.0021,0.2899,0.2783,0.76,False,0.2793,1.14,False,0.2804,1.521,False,0.2825,2.281,False,0.2899,4.96,False,0.2902,5.06,False,0.2776,0.5,False,0.279,1.0,False,0.2803,1.5,False,0.2817,2.0,False,0.2845,3.0,False,0.2762,,0.2767,0.2959,7.148,False,0.2958,7.095,False,0.296,7.165,False,0.2931,6.101,False,
ADAUSDT,BUY,15166,0.26,win,6.462,0.846,0.0024,0.2503,0.2576,0.923,False,0.2564,1.385,False,0.2552,1.846,False,0.2528,2.769,False,0.2503,3.731,False,0.25,3.831,False,0.2587,0.5,True,0.2574,1.0,False,0.2561,1.5,False,0.2548,2.0,False,0.2522,3.0,False,0.26,,,0.2471,4.95,False,0.2498,3.904,False,,,,,,,
ADAUSDT,SELL,15425,0.2622,win,11.365,0.114,0.0011,0.2693,0.2633,0.42,False,0.2638,0.629,False,0.2644,0.839,False,0.2655,1.259,False,0.2693,2.708,False,0.2696,2.808,False,0.2635,0.5,False,0.2648,1.0,False,0.2661,1.5,False,0.2674,2.0,False,0.2701,3.0,False,0.2622,,0.2625,,,,0.2699,2.925,False,,,,,,,
ADAUSDT,BUY,15820,0.2509,lose,0.757,4.583,0.0014,0.2425,0.2495,0.558,True,0.2488,0.837,True,0.2481,1.116,True,0.2467,1.674,True,0.2425,3.348,True,0.2422,3.448,True,0.2496,0.5,True,0.2484,1.0,True,0.2471,1.5,True,0.2459,2.0,True,0.2434,3.0,True,0.2509,,0.2496,,,,0.2384,4.997,False,,,,,,,
ADAUSDT,SELL,15922,0.2405,win,2.62,5.904,0.0013,0.247,0.2418,0.541,True,0.2424,0.811,True,0.2431,1.081,True,0.2444,1.622,True,0.247,2.703,True,0.2472,2.803,True,0.2417,0.5,True,0.2429,1.0,True,0.2441,1.5,True,0.2453,2.0,True,0.2477,3.0,True,0.2405,,0.2407,,,,0.243,1.057,True,,,,,,,
ADAUSDT,SELL,16089,0.2389,lose,1.8,2.637,0.0019,0.249,0.2408,0.795,True,0.2417,1.193,True,0.2427,1.591,True,0.2446,2.386,True,0.249,4.228,False,0.2492,4.328,False,0.2401,0.5,True,0.2413,1.0,True,0.2425,1.5,True,0.2437,2.0,True,0.2461,3.0,False,0.2389,,,,,,0.2512,5.128,False,,,,,,,
ADAUSDT,BUY,16203,0.2439,win,3.034,0.943,0.0011,0.2396,0.2428,0.451,True,0.2422,0.677,True,0.2417,0.902,True,0.2406,1.353,False,0.2396,1.763,False,0.2394,1.863,False,0.2427,0.5,True,0.2415,1.0,True,0.2402,1.5,False,0.239,2.0,False,0.2366,3.0,False,0.2439,,,,,,,,,,,,,,,
ADAUSDT,SELL,16391,0.2423,lose,1.156,5.943,0.0008,0.2464,0.2431,0.33,True,0.2435,0.495,True,0.2439,0.66,True,0.2447,0.991,True,0.2464,1.692,True,0.2466,1.792,True,0.2435,0.5,True,0.2447,1.0,True,0.2459,1.5,True,0.2471,2.0,True,0.2496,3.0,True,0.2423,,0.2424,0.249,2.754,True,0.2467,1.835,True,,,,,,,
ADAUSDT,BUY,16643,0.2549,win,4.472,1.452,0.0017,0.2436,0.2532,0.667,True,0.2524,1.0,True,0.2515,1.334,True,0.2498,2.001,False,0.2436,4.433,False,0.2433,4.533,False,0.2536,0.5,True,0.2524,1.0,True,0.2511,1.5,False,0.2498,2.0,False,0.2473,3.0,False,0.2549,,,,,,0.2395,6.057,False,,,,,,,
ADAUSDT,SELL,16732,0.2517,lose,1.748,2.463,0.0012,0.2583,0.2529,0.477,True,0.2535,0.715,True,0.2541,0.954,True,0.2553,1.43,True,0.2583,2.622,False,0.2586,2.722,False,0.253,0.5,True,0.2542,1.0,True,0.2555,1.5,True,0.2567,2.0,True,0.2593,3.0,False,0.2517,,0.2543,,,,,,,,,,,,,
ADAUSDT,BUY,16832,0.2568,lose,1.674,2.96,0.0014,0.2507,0.2554,0.545,True,0.2547,0.818,True,0.254,1.09,True,0.2526,1.636,True,0.2507,2.375,True,0.2504,2.475,True,0.2555,0.5,True,0.2542,1.0,True,0.2529,1.5,True,0.2517,2.0,True,0.2491,3.0,False,0.2568,,,0.2483,3.299,False,0.2395,6.752,False,,,,,,,
ADAUSDT,SELL,16971,0.2503,win,6.073,2.237,0.0008,0.2538,0.2511,0.32,True,0.2515,0.479,True,0.2519,0.639,True,0.2527,0.959,True,0.2538,1.398,True,0.2541,1.498,True,0.2516,0.5,True,0.2528,1.0,True,0.2541,1.5,True,0.2553,2.0,True,0.2578,3.0,False,0.2503,,,,,,0.2583,3.179,False,,,,,,,
ADAUSDT,BUY,17221,0.2473,lose,0.89,3.761,0.0016,0.2376,0.2457,0.647,True,0.2449,0.97,True,0.2441,1.294,True,0.2425,1.941,True,0.2376,3.922,False,0.2374,4.022,False,0.2461,0.5,True,0.2448,1.0,True,0.2436,1.5,True,0.2424,2.0,True,0.2399,3.0,True,0.2473,,,0.2369,4.188,False,0.2375,3.978,False,,,,,,,
ADAUSDT,SELL,17355,0.2401,lose,0.625,3.124,0.0009,0.2432,0.241,0.375,True,0.2414,0.562,True,0.2419,0.75,True,0.2428,1.125,True,0.2432,1.291,True,0.2434,1.391,True,0.2413,0.5,True,0.2425,1.0,True,0.2437,1.5,True,0.2449,2.0,True,0.2473,3.0,True,0.2401,,,0.2422,0.859,True,,,,,,,,,,
ADAUSDT,SELL,18095,0.247,lose,1.053,1.984,0.0011,0.2529,0.2481,0.445,True,0.2487,0.668,True,0.2492,0.891,True,0.2503,1.336,True,0.2529,2.389,False,0.2531,2.489,False,0.2482,0.5,True,0.2495,1.0,True,0.2507,1.5,True,0.2519,2.0,False,0.2544,3.0,False,0.247,,0.2479,,,,0.2489,0.789,True,,,,,,,
ADAUSDT,BUY,18245,0.2504,lose,1.358,0.998,0.0009,0.2475,0.2495,0.359,True,0.2491,0.539,True,0.2486,0.719,True,0.2477,1.078,False,0.2475,1.158,False,0.2472,1.258,False,0.2491,0.5,True,0.2479,1.0,False,0.2466,1.5,False,0.2454,2.0,False,0.2429,3.0,False,0.2504,,0.249,,,,0.2451,2.135,False,,,,,,,
ADAUSDT,SELL,18503,0.2472,lose,1.78,1.335,0.0012,0.2527,0.2484,0.485,True,0.249,0.728,True,0.2496,0.971,True,0.2508,1.456,False,0.2527,2.225,False,0.2529,2.325,False,0.2484,0.5,True,0.2497,1.0,True,0.2509,1.5,False,0.2521,2.0,False,0.2546,3.0,False,0.2472,,,0.2565,3.756,False,0.2489,0.707,True,,,,,,,
ADAUSDT,BUY,18696,0.2496,lose,1.763,2.644,0.0008,0.2464,0.2488,0.321,True,0.2484,0.481,True,0.248,0.641,True,0.2472,0.962,True,0.2464,1.282,True,0.2462,1.382,True,0.2484,0.5,True,0.2471,1.0,True,0.2459,1.5,True,0.2446,2.0,True,0.2421,3.0,False,0.2496,,0.2494,0.2456,1.59,True,0.2451,1.821,True,,,,,,,
ADAUSDT,BUY,18874,0.2494,win,9.743,1.083,0.0009,0.2448,0.2485,0.361,True,0.2481,0.541,True,0.2476,0.722,True,0.2467,1.083,True,0.2448,1.844,False,0.2446,1.944,False,0.2482,0.5,True,0.2469,1.0,True,0.2457,1.5,False,0.2444,2.0,False,0.2419,3.0,False,0.2494,,,0.2447,1.872,False,0.247,0.981,True,,,,,,,
ADAUSDT,BUY,19599,0.2709,win,2.879,0.849,0.0014,0.2627,0.2695,0.517,True,0.2688,0.775,True,0.2681,1.034,False,0.2667,1.55,False,0.2627,3.027,False,0.2624,3.127,False,0.2695,0.5,True,0.2682,1.0,False,0.2668,1.5,False,0.2655,2.0,False,0.2628,3.0,False,0.2709,,0.2706,,,,0.2601,3.972,False,,,,,,,
ADAUSDT,SELL,19745,0.2696,lose,0.519,2.856,0.0008,0.2726,0.2704,0.297,True,0.2708,0.445,True,0.2712,0.593,True,0.272,0.89,True,0.2726,1.113,True,0.2729,1.213,True,0.2709,0.5,True,0.2723,1.0,True,0.2736,1.5,True,0.275,2.0,True,0.2777,3.0,True,0.2696,,0.2699,,,,0.279,3.479,True,,,,,,,
ADAUSDT,BUY,19784,0.2771,win,4.15,1.155,0.0011,0.2706,0.276,0.397,True,0.2755,0.595,True,0.2749,0.794,True,0.2738,1.191,False,0.2706,2.346,False,0.2703,2.446,False,0.2757,0.5,True,0.2743,1.0,True,0.2729,1.5,False,0.2716,2.0,False,0.2688,3.0,False,0.2771,,,,,,0.2724,1.686,False,,,,,,,
ADAUSDT,SELL,19950,0.2745,win,4.918,1.166,0.0012,0.2808,0.2757,0.437,True,0.2763,0.656,True,0.2769,0.874,True,0.2781,1.311,False,0.2808,2.295,False,0.2811,2.395,False,0.2759,0.5,True,0.2772,1.0,True,0.2786,1.5,False,0.28,2.0,False,0.2827,3.0,False,0.2745,,0.275,,,,0.2813,2.47,False,,,,,,,
ADAUSDT,BUY,20171,0.2715,win,3.241,4.088,0.0014,0.2645,0.2701,0.516,True,0.2694,0.773,True,0.2687,1.031,True,0.2673,1.547,True,0.2645,2.578,True,0.2642,2.678,True,0.2701,0.5,True,0.2688,1.0,True,0.2674,1.5,True,0.2661,2.0,True,0.2634,3.0,True,0.2715,,0.2707,0.2631,3.092,True,0.2663,1.903,True,0.2634,2.972,True,0.2639,2.818,True,
ADAUSDT,SELL,20952,0.2431,win,3.044,2.509,0.0015,0.2521,0.2446,0.617,True,0.2454,0.926,True,0.2461,1.234,True,0.2476,1.851,True,0.2521,3.702,False,0.2523,3.802,False,0.2443,0.5,True,0.2455,1.0,True,0.2467,1.5,True,0.248,2.0,True,0.2504,3.0,False,0.2431,,,0.2549,4.846,False,0.2523,3.765,False,,,,,,,
ADAUSDT,BUY,21052,0.2487,lose,0.844,3.177,0.0012,0.24,0.2475,0.483,True,0.2469,0.724,True,0.2463,0.965,True,0.2451,1.448,True,0.24,3.498,False,0.2398,3.598,False,0.2475,0.5,True,0.2462,1.0,True,0.245,1.5,True,0.2437,2.0,True,0.2412,3.0,True,0.2487,,0.2484,,,,0.2355,5.322,False,,,,,,,
ADAUSDT,SELL,21149,0.2418,lose,1.447,2.233,0.0007,0.245,0.2425,0.289,True,0.2428,0.434,True,0.2432,0.579,True,0.2439,0.868,True,0.245,1.323,True,0.2452,1.423,True,0.243,0.5,True,0.2442,1.0,True,0.2454,1.5,True,0.2466,2.0,True,0.2491,3.0,False,0.2418,,,,,,0.2494,3.163,False,,,,,,,
ADAUSDT,SELL,21265,0.2407,win,5.359,2.742,0.001,0.2454,0.2417,0.415,True,0.2422,0.623,True,0.2427,0.831,True,0.2437,1.246,True,0.2454,1.953,True,0.2456,2.053,True,0.2419,0.5,True,0.2431,1.0,True,0.2443,1.5,True,0.2455,2.0,True,0.2479,3.0,False,0.2407,,,,,,0.2494,3.635,False,,,,,,,
ADAUSDT,SELL,21804,0.2327,win,36.184,2.063,0.001,0.2375,0.2337,0.43,True,0.2342,0.645,True,0.2347,0.859,True,0.2357,1.289,True,0.2375,2.063,True,0.2377,2.163,False,0.2339,0.5,True,0.235,1.0,True,0.2362,1.5,True,0.2374,2.0,True,0.2397,3.0,False,0.2327,,,,,,0.2494,7.198,False,,,,,,,
ADAUSDT,BUY,22447,0.1658,win,5.187,4.765,0.0014,0.1575,0.1644,0.844,True,0.1637,1.267,True,0.163,1.689,True,0.1616,2.533,True,0.1575,5.006,False,0.1573,5.106,False,0.165,0.5,True,0.1641,1.0,True,0.1633,1.5,True,0.1625,2.0,True,0.1608,3.0,True,0.1658,,0.1646,,,,0.1568,5.402,False,,,,,,,
ADAUSDT,SELL,22713,0.1621,win,2.468,5.182,0.0012,0.1678,0.1633,0.74,True,0.1639,1.11,True,0.1645,1.481,True,0.1657,2.221,True,0.1678,3.516,True,0.168,3.616,True,0.1629,0.5,True,0.1637,1.0,True,0.1645,1.5,True,0.1653,2.0,True,0.167,3.0,True,0.1621,,,0.1701,4.907,True,0.1686,3.99,True,,,,,,,
ADAUSDT,BUY,22865,0.1705,win,3.05,2.111,0.0014,0.1619,0.1691,0.821,True,0.1684,1.232,True,0.1677,1.642,True,0.1663,2.463,False,0.1619,5.044,False,0.1617,5.144,False,0.1696,0.5,True,0.1688,1.0,True,0.1679,1.5,True,0.1671,2.0,True,0.1654,3.0,False,0.1705,,0.1691,0.1638,3.957,False,0.1647,3.381,False,,,,,,,
ADAUSDT,BUY,23171,0.1754,win,8.267,0.912,0.0013,0.1674,0.1741,0.741,True,0.1734,1.112,False,0.1728,1.482,False,0.1715,2.223,False,0.1674,4.561,False,0.1672,4.661,False,0.1745,0.5,True,0.1736,1.0,False,0.1728,1.5,False,0.1719,2.0,False,0.1701,3.0,False,0.1754,,0.1752,,,,0.1672,4.656,False,,,,,,,
ADAUSDT,SELL,23283,0.1756,win,20.615,3.303,0.0014,0.1827,0.177,0.797,True,0.1777,1.196,True,0.1784,1.595,True,0.1798,2.392,True,0.1827,4.043,False,0.1829,4.143,False,0.1765,0.5,True,0.1774,1.0,True,0.1782,1.5,True,0.1791,2.0,True,0.1809,3.0,True,0.1756,,,,,,,,,,,,,,,
ADAUSDT,SELL,24418,0.1447,win,2.557,2.833,0.0006,0.1477,0.1453,0.415,True,0.1456,0.622,True,0.1459,0.829,True,0.1465,1.244,True,0.1477,2.073,True,0.1478,2.173,True,0.1454,0.5,True,0.1461,1.0,True,0.1469,1.5,True,0.1476,2.0,True,0.149,3.0,False,0.1447,,0.1453,0.1496,3.403,False,0.1485,2.66,True,0.1495,3.331,False,0.1488,2.833,True,
ADAUSDT,BUY,24612,0.1466,lose,0.0,3.138,0.0007,0.1444,0.1459,0.477,True,0.1456,0.716,True,0.1452,0.955,True,0.1445,1.432,True,0.1444,1.501,True,0.1443,1.601,True,0.1459,0.5,True,0.1451,1.0,True,0.1444,1.5,True,0.1437,2.0,True,0.1422,3.0,True,0.1466,,,,,,0.1436,2.076,True,,,,,,,
ADAUSDT,BUY,24731,0.1522,win,31.34,2.365,0.0013,0.1431,0.1509,0.854,True,0.1502,1.281,True,0.1496,1.708,True,0.1483,2.562,False,0.1431,5.979,False,0.1429,6.079,False,0.1514,0.5,True,0.1507,1.0,True,0.1499,1.5,True,0.1492,2.0,True,0.1476,3.0,False,0.1522,,0.1506,0.1416,6.973,False,0.1417,6.926,False,0.1415,7.004,False,0.1431,5.979,False,
ADAUSDT,SELL,25220,0.184,win,10.489,1.685,0.0011,0.1897,0.1851,0.598,True,0.1857,0.897,True,0.1862,1.196,True,0.1873,1.793,False,0.1897,3.098,False,0.1899,3.198,False,0.1849,0.5,True,0.1858,1.0,True,0.1868,1.5,True,0.1877,2.0,False,0.1895,3.0,False,0.184,,,,,,,,,,,,,,,
ADAUSDT,BUY,25736,0.1721,lose,0.581,5.404,0.0011,0.1659,0.171,0.639,True,0.1704,0.959,True,0.1699,1.278,True,0.1688,1.917,True,0.1659,3.603,True,0.1657,3.703,True,0.1712,0.5,True,0.1704,1.0,True,0.1695,1.5,True,0.1687,2.0,True,0.1669,3.0,True,0.1721,,0.1702,,,,,,,,,,,,,
ADAUSDT,SELL,25772,0.1632,win,4.841,1.961,0.0011,0.1698,0.1643,0.674,True,0.1649,1.011,True,0.1654,1.348,True,0.1665,2.022,False,0.1698,4.044,False,0.17,4.144,False,0.164,0.5,True,0.1648,1.0,True,0.1656,1.5,True,0.1665,2.0,False,0.1681,3.0,False,0.1632,,0.1648,,,,0.1848,13.226,False,,,,,,,
ADAUSDT,BUY,26017,0.1637,win,3.421,1.71,0.0009,0.1579,0.1628,0.55,True,0.1624,0.825,True,0.1619,1.1,True,0.161,1.649,True,0.1579,3.543,False,0.1577,3.643,False,0.1629,0.5,True,0.1621,1.0,True,0.1612,1.5,True,0.1604,2.0,False,0.1588,3.0,False,0.1637,,,,,,0.1551,5.226,False,,,,,,,
ADAUSDT,SELL,26194,0.1619,win,2.656,3.15,0.0007,0.1647,0.1626,0.432,True,0.1629,0.649,True,0.1633,0.865,True,0.164,1.297,True,0.1647,1.729,True,0.1649,1.829,True,0.1627,0.5,True,0.1635,1.0,True,0.1643,1.5,True,0.1651,2.0,True,0.1668,3.0,True,0.1619,,,0.1666,2.934,True,0.1662,2.635,True,,,,,,,
ADAUSDT,BUY,26319,0.1658,win,2.051,2.654,0.0013,0.1594,0.1645,0.784,True,0.1638,1.176,True,0.1632,1.568,True,0.1619,2.352,True,0.1594,3.86,False,0.1592,3.96,False,0.165,0.5,True,0.1641,1.0,True,0.1633,1.5,True,0.1625,2.0,True,0.1608,3.0,True,0.1658,,0.1653,,,,0.1636,1.305,True,,,,,,,
ADAUSDT,SELL,26563,0.1616,lose,0.681,5.569,0.001,0.1669,0.1626,0.619,True,0.1631,0.928,True,0.1636,1.238,True,0.1646,1.856,True,0.1669,3.28,True,0.1671,3.38,True,0.1624,0.5,True,0.1632,1.0,True,0.164,1.5,True,0.1648,2.0,True,0.1664,3.0,True,0.1616,,0.1617,0.1686,4.302,True,0.1645,1.772,True,,,,,,,
ADAUSDT,BUY,26612,0.1683,win,7.427,0.713,0.0013,0.1626,0.167,0.772,False,0.1663,1.159,False,0.1657,1.545,False,0.1644,2.317,False,0.1626,3.387,False,0.1624,3.487,False,0.1675,0.5,True,0.1666,1.0,False,0.1658,1.5,False,0.1649,2.0,False,0.1633,3.0,False,0.1683,,,,,,0.1619,3.78,False,,,,,,,
ADAUSDT,SELL,26887,0.1698,win,5.006,0.471,0.0012,0.1756,0.171,0.707,False,0.1716,1.06,False,0.1722,1.413,False,0.1734,2.12,False,0.1756,3.416,False,0.1758,3.516,False,0.1706,0.5,False,0.1715,1.0,False,0.1723,1.5,False,0.1732,2.0,False,0.1749,3.0,False,0.1698,,,0.1761,3.689,False,0.1761,3.696,False,,,,,,,
ADAUSDT,SELL,27270,0.1589,win,3.587,2.832,0.0012,0.1665,0.1601,0.755,True,0.1607,1.133,True,0.1613,1.51,True,0.1625,2.266,True,0.1665,4.783,False,0.1667,4.883,False,0.1597,0.5,True,0.1605,1.0,True,0.1613,1.5,True,0.1621,2.0,True,0.1637,3.0,False,0.1589,,,,,,0.1649,3.754,False,,,,,,,
ADAUSDT,BUY,27396,0.1622,win,22.996,1.171,0.0009,0.1571,0.1613,0.555,True,0.1609,0.832,True,0.1604,1.11,True,0.1595,1.665,False,0.1571,3.144,False,0.1569,3.244,False,0.1614,0.5,True,0.1606,1.0,True,0.1598,1.5,False,0.159,2.0,False,0.1573,3.0,False,0.1622,,0.1617,,,,0.1553,4.227,False,,,,,,,
ADAUSDT,SELL,28188,0.1876,lose,0.32,8.369,0.0012,0.1932,0.1888,0.64,True,0.1894,0.959,True,0.19,1.279,True,0.1912,1.919,True,0.1932,2.985,True,0.1934,3.085,True,0.1885,0.5,True,0.1895,1.0,True,0.1904,1.5,True,0.1914,2.0,True,0.1932,3.0,True,0.1876,,,0.193,2.873,True,0.1929,2.821,True,,,,,,,
ADAUSDT,BUY,28229,0.2002,win,5.744,2.348,0.0019,0.1883,0.1983,0.949,True,0.1973,1.424,True,0.1964,1.898,True,0.1945,2.847,False,0.1883,5.944,False,0.1881,6.044,False,0.1992,0.5,True,0.1982,1.0,True,0.1972,1.5,True,0.1962,2.0,True,0.1942,3.0,False,0.2002,,,,,,0.1861,7.036,False,,,,,,,
ADAUSDT,SELL,28498,0.1966,win,12.97,1.424,0.0008,0.2004,0.1974,0.407,True,0.1978,0.61,True,0.1982,0.814,True,0.199,1.221,True,0.2004,1.933,False,0.2006,2.033,False,0.1976,0.5,True,0.1986,1.0,True,0.1995,1.5,False,0.2005,2.0,False,0.2025,3.0,False,0.1966,,0.1969,0.2,1.729,False,0.2003,1.882,False,,,,,,,
ADAUSDT,BUY,29480,0.1815,win,42.59,2.094,0.0014,0.1724,0.1801,0.771,True,0.1794,1.157,True,0.1787,1.543,True,0.1773,2.314,False,0.1724,5.014,False,0.1722,5.114,False,0.1806,0.5,True,0.1797,1.0,True,0.1788,1.5,True,0.1779,2.0,True,0.1761,3.0,False,0.1815,,0.1811,0.1732,4.551,False,0.1718,5.329,False,0.1734,4.435,False,0.1737,4.27,False,
AVAXUSDT,SELL,12,21.035,win,9.627,2.239,0.2429,22.2994,21.2779,1.155,True,21.3994,1.732,True,21.5208,2.309,False,21.7637,3.464,False,22.2994,6.011,False,22.3204,6.111,False,21.1402,0.5,True,21.2454,1.0,True,21.3505,1.5,True,21.4557,2.0,True,21.6661,3.0,False,21.035,,21.241,,,,,,,22.2343,5.701,False,22.1365,5.237,False,
AVAXUSDT,BUY,256,20.174,win,5.086,2.166,0.0656,19.9824,20.1084,0.325,True,20.0756,0.488,True,20.0428,0.65,True,19.9772,0.976,True,19.9824,0.95,True,19.9622,1.05,True,20.0731,0.5,True,19.9723,1.0,True,19.8714,1.5,True,19.7705,2.0,True,19.5688,3.0,False,20.174,19.9824,,19.956,1.08,True,,,,,,,,,,
AVAXUSDT,SELL,426,20.267,win,3.997,2.842,0.081,20.6877,20.348,0.4,True,20.3885,0.599,True,20.429,0.799,True,20.51,1.199,True,20.6877,2.076,True,20.708,2.176,True,20.3683,0.5,True,20.4697,1.0,True,20.571,1.5,True,20.6723,2.0,True,20.875,3.0,False,20.267,,20.338,20.6499,1.889,True,,,,,,,,,,
AVAXUSDT,BUY,487,20.768,lose,0.347,6.736,0.1725,19.669,20.5955,0.831,True,20.5093,1.246,True,20.423,1.661,True,20.2505,2.492,True,19.669,5.292,True,19.6482,5.392,True,20.6642,0.5,True,20.5603,1.0,True,20.4565,1.5,True,20.3526,2.0,True,20.145,3.0,True,20.768,,20.623,,,,,,,,,,,,,
AVAXUSDT,SELL,524,19.468,win,5.553,1.264,0.1552,20.2669,19.6232,0.797,True,19.7008,1.196,True,19.7784,1.594,False,19.9336,2.392,False,20.2669,4.104,False,20.2864,4.204,False,19.5653,0.5,True,19.6627,1.0,True,19.76,1.5,False,19.8574,2.0,False,20.052,3.0,False,19.468,,,,,,,,,,,,,,,
AVAXUSDT,SELL,712,19.053,lose,0.226,3.133,0.0797,19.4078,19.1327,0.418,True,19.1726,0.627,True,19.2124,0.837,True,19.2921,1.255,True,19.4078,1.862,True,19.4269,1.962,True,19.1483,0.5,True,19.2435,1.0,True,19.3388,1.5,True,19.4341,2.0,True,19.6246,3.0,True,19.053,,19.079,19.7696,3.761,False,19.2743,1.161,True,,,,,,,
AVAXUSDT,BUY,743,19.554,win,7.819,2.24,0.0817,19.2257,19.4723,0.418,True,19.4314,0.627,True,19.3906,0.836,True,19.3089,1.253,True,19.2257,1.679,True,19.2061,1.779,True,19.4562,0.5,True,19.3585,1.0,True,19.2607,1.5,True,19.1629,2.0,True,18.9674,3.0,False,19.554,,19.418,,,,18.7982,3.865,False,,,,,,,
AVAXUSDT,SELL,1145,20.179,win,13.197,1.472,0.0996,20.5859,20.2786,0.494,True,20.3284,0.74,True,20.3782,0.987,True,20.4778,1.481,False,20.5859,2.016,False,20.6061,2.116,False,20.2799,0.5,True,20.3808,1.0,True,20.4817,1.5,False,20.5826,2.0,False,20.7844,3.0,False,20.179,,20.238,20.5458,1.818,False,20.7527,2.843,False,20.5281,1.73,False,20.4495,1.341,True,
AVAXUSDT,SELL,1641,18.263,win,18.009,3.526,0.0956,18.7315,18.3586,0.523,True,18.4064,0.785,True,18.4542,1.047,True,18.5498,1.57,True,18.7315,2.565,True,18.7498,2.665,True,18.3543,0.5,True,18.4456,1.0,True,18.5369,1.5,True,18.6283,2.0,True,18.8109,3.0,True,18.263,,,,,,18.5375,1.503,True,,,,,,,
AVAXUSDT,SELL,2022,16.034,win,2.782,5.582,0.115,16.6011,16.149,0.717,True,16.2065,1.076,True,16.264,1.434,True,16.379,2.152,True,16.6011,3.537,True,16.6171,3.637,True,16.1142,0.5,True,16.1943,1.0,True,16.2745,1.5,True,16.3547,2.0,True,16.515,3.0,True,16.034,,,,,,16.7537,4.489,True,,,,,,,
AVAXUSDT,SELL,2261,16.905,lose,0.68,5.732,0.1011,17.518,17.0061,0.598,True,17.0567,0.897,True,17.1072,1.196,True,17.2083,1.794,True,17.518,3.626,True,17.5349,3.726,True,16.9895,0.5,True,17.074,1.0,True,17.1586,1.5,True,17.2431,2.0,True,17.4122,3.0,True,16.905,,,17.5453,3.788,True,,,,,,,,,,
AVAXUSDT,BUY,2308,17.767,win,4.683,2.899,0.1143,17.0847,17.6527,0.643,True,17.5955,0.965,True,17.5384,1.287,True,17.4241,1.93,True,17.0847,3.84,False,17.0669,3.94,False,17.6782,0.5,True,17.5893,1.0,True,17.5005,1.5,True,17.4117,2.0,True,17.234,3.0,False,17.767,,17.719,,,,16.5654,6.763,False,,,,,,,
AVAXUSDT,SELL,2518,17.335,win,4.13,2.452,0.1211,17.9268,17.4561,0.699,True,17.5167,1.048,True,17.5772,1.397,True,17.6983,2.096,True,17.9268,3.414,False,17.9441,3.514,False,17.4217,0.5,True,17.5084,1.0,True,17.595,1.5,True,17.6817,2.0,True,17.8551,3.0,False,17.335,,,17.9068,3.299,False,,,,17.8955,3.233,False,17.8025,2.697,False,
AVAXUSDT,BUY,2663,17.562,lose,0.216,7.562,0.129,16.9673,17.433,0.735,True,17.3685,1.102,True,17.304,1.469,True,17.175,2.204,True,16.9673,3.386,True,16.9497,3.486,True,17.4742,0.5,True,17.3864,1.0,True,17.2986,1.5,True,17.2108,2.0,True,17.0351,3.0,True,17.562,,17.491,,,,16.5654,5.675,True,,,,,,,
AVAXUSDT,SELL,2706,16.274,win,24.727,0.363,0.1614,17.3666,16.4354,0.992,False,16.5161,1.488,False,16.5968,1.984,False,16.7582,2.975,False,17.3666,6.714,False,17.3829,6.814,False,16.3554,0.5,False,16.4367,1.0,False,16.5181,1.5,False,16.5995,2.0,False,16.7622,3.0,False,16.274,,16.333,,,,16.7537,2.948,False,,,,,,,
AVAXUSDT,BUY,3710,13.501,win,13.006,1.874,0.079,13.1664,13.422,0.585,True,13.3825,0.878,True,13.343,1.17,True,13.264,1.755,True,13.1664,2.478,False,13.1529,2.578,False,13.4335,0.5,True,13.366,1.0,True,13.2985,1.5,True,13.231,2.0,False,13.096,3.0,False,13.501,,13.481,13.1263,2.775,False,12.2378,9.357,False,,,,,,,
AVAXUSDT,SELL,4179,14.825,win,15.386,0.513,0.0302,14.9871,14.8552,0.204,True,14.8703,0.306,True,14.8854,0.407,True,14.9156,0.611,False,14.9871,1.093,False,15.0019,1.193,False,14.8991,0.5,True,14.9733,1.0,False,15.0474,1.5,False,15.1215,2.0,False,15.2698,3.0,False,14.825,,,,,,,,,,,,,,,
AVAXUSDT,BUY,4519,13.44,win,12.173,0.0,0.093,12.8268,13.347,0.692,False,13.3005,1.038,False,13.254,1.384,False,13.161,2.076,False,12.8268,4.562,False,12.8134,4.662,False,13.3728,0.5,False,13.3056,1.0,False,13.2384,1.5,False,13.1712,2.0,False,13.0368,3.0,False,13.44,,,12.8118,4.674,False,12.7472,5.154,False,,,,,,,
AVAXUSDT,SELL,4731,14.386,win,10.329,0.918,0.0801,14.6741,14.4661,0.557,True,14.5061,0.835,True,14.5462,1.114,False,14.6263,1.67,False,14.6741,2.003,False,14.6885,2.103,False,14.4579,0.5,True,14.5299,1.0,False,14.6018,1.5,False,14.6737,2.0,False,14.8176,3.0,False,14.386,,14.49,14.8763,3.408,False,14.7107,2.257,False,,,,,,,
AVAXUSDT,SELL,5323,13.982,win,7.953,0.007,0.107,14.4994,14.089,0.765,False,14.1425,1.148,False,14.196,1.531,False,14.303,2.296,False,14.4994,3.7,False,14.5134,3.8,False,14.0519,0.5,False,14.1218,1.0,False,14.1917,1.5,False,14.2616,2.0,False,14.4015,3.0,False,13.982,,13.983,14.8432,6.16,False,14.6106,4.496,False,,,,,,,
AVAXUSDT,BUY,5550,13.399,lose,0.455,2.358,0.0467,13.1974,13.3523,0.349,True,13.3289,0.523,True,13.3056,0.697,True,13.2589,1.046,True,13.1974,1.505,True,13.184,1.605,True,13.332,0.5,True,13.265,1.0,True,13.198,1.5,True,13.131,2.0,True,12.997,3.0,False,13.399,,13.362,,,,13.0869,2.329,True,,,,,,,
AVAXUSDT,SELL,5650,13.116,win,14.143,1.815,0.0356,13.319,13.1516,0.271,True,13.1694,0.407,True,13.1872,0.543,True,13.2228,0.814,True,13.319,1.548,True,13.3321,1.648,True,13.1816,0.5,True,13.2472,1.0,True,13.3127,1.5,True,13.3783,2.0,False,13.5095,3.0,False,13.116,,13.175,,,,13.2853,1.291,True,,,,,,,
AVAXUSDT,BUY,6128,11.933,win,4.408,0.142,0.0794,11.5741,11.8536,0.665,False,11.8139,0.998,False,11.7742,1.331,False,11.6948,1.996,False,11.5741,3.008,False,11.5622,3.108,False,11.8733,0.5,False,11.8137,1.0,False,11.754,1.5,False,11.6943,2.0,False,11.575,3.0,False,11.933,,,11.2441,5.773,False,11.6344,2.503,False,,,,,,,
AVAXUSDT,SELL,6313,12.117,lose,1.428,2.682,0.0263,12.238,12.1433,0.217,True,12.1565,0.326,True,12.1696,0.434,True,12.1959,0.651,True,12.238,0.999,True,12.2501,1.099,True,12.1776,0.5,True,12.2382,1.0,True,12.2988,1.5,True,12.3593,2.0,True,12.4805,3.0,False,12.117,12.238,,,,,12.3203,1.678,True,,,,,,,
AVAXUSDT,SELL,6533,11.932,lose,0.511,3.771,0.075,12.3606,12.007,0.629,True,12.0445,0.943,True,12.082,1.257,True,12.157,1.886,True,12.3606,3.592,True,12.3725,3.692,True,11.9917,0.5,True,12.0513,1.0,True,12.111,1.5,True,12.1706,2.0,True,12.29,3.0,True,11.932,,,12.3395,3.415,True,12.3203,3.254,True,,,,,,,
AVAXUSDT,BUY,6699,12.214,win,2.751,1.621,0.0416,12.0423,12.1724,0.341,True,12.1516,0.511,True,12.1308,0.681,True,12.0892,1.022,True,12.0423,1.406,True,12.0301,1.506,True,12.1529,0.5,True,12.0919,1.0,True,12.0308,1.5,True,11.9697,2.0,False,11.8476,3.0,False,12.214,,,,,,,,,,,,,,,
AVAXUSDT,BUY,6779,12.537,lose,0.295,3.254,0.0625,12.2219,12.4745,0.499,True,12.4433,0.748,True,12.412,0.997,True,12.3495,1.496,True,12.2219,2.513,True,12.2094,2.613,True,12.4743,0.5,True,12.4116,1.0,True,12.3489,1.5,True,12.2863,2.0,True,12.1609,3.0,True,12.537,,,11.998,4.299,False,12.2228,2.506,True,,,,,,,
AVAXUSDT,BUY,6910,12.482,win,3.349,0.401,0.0242,12.3471,12.4578,0.194,True,12.4457,0.291,True,12.4336,0.388,True,12.4094,0.582,False,12.3471,1.081,False,12.3346,1.181,False,12.4196,0.5,False,12.3572,1.0,False,12.2948,1.5,False,12.2324,2.0,False,12.1075,3.0,False,12.482,,,12.3684,0.91,False,12.2228,2.077,False,,,,,,,
AVAXUSDT,BUY,7061,12.863,win,2.604,3.265,0.0605,12.5636,12.8025,0.47,True,12.7722,0.706,True,12.742,0.941,True,12.6815,1.411,True,12.5636,2.328,True,12.5507,2.428,True,12.7987,0.5,True,12.7344,1.0,True,12.6701,1.5,True,12.6057,2.0,True,12.4771,3.0,True,12.863,,,12.4972,2.844,True,12.6014,2.034,True,,,,,,,
AVAXUSDT,BUY,7401,12.522,win,18.456,0.232,0.0365,12.3058,12.4855,0.291,False,12.4672,0.437,False,12.449,0.583,False,12.4125,0.874,False,12.3058,1.727,False,12.2933,1.827,False,12.4594,0.5,False,12.3968,1.0,False,12.3342,1.5,False,12.2716,2.0,False,12.1463,3.0,False,12.522,,,,,,,,,,,,,,,
AVAXUSDT,BUY,8375,13.886,win,2.369,3.003,0.0551,13.7116,13.8309,0.397,True,13.8034,0.595,True,13.7758,0.794,True,13.7207,1.19,True,13.7116,1.256,True,13.6977,1.356,True,13.8166,0.5,True,13.7471,1.0,True,13.6777,1.5,True,13.6083,2.0,True,13.4694,3.0,True,13.886,13.7116,,,,,13.6933,1.388,True,,,,,,,
AVAXUSDT,BUY,8548,14.067,win,6.242,1.173,0.0598,13.6248,14.0072,0.425,True,13.9773,0.638,True,13.9474,0.85,True,13.8876,1.275,False,13.6248,3.144,False,13.6107,3.244,False,13.9967,0.5,True,13.9263,1.0,True,13.856,1.5,False,13.7857,2.0,False,13.645,3.0,False,14.067,,13.969,,,,13.8172,1.776,False,,,,,,,
AVAXUSDT,SELL,8696,14.136,win,6.812,2.37,0.0782,14.6468,14.2142,0.553,True,14.2533,0.83,True,14.2924,1.106,True,14.3706,1.66,True,14.6468,3.613,False,14.6609,3.713,False,14.2067,0.5,True,14.2774,1.0,True,14.348,1.5,True,14.4187,2.0,True,14.5601,3.0,False,14.136,,14.166,,,,14.8699,5.191,False,,,,,,,
AVAXUSDT,BUY,8932,13.866,lose,0.426,2.178,0.0474,13.5595,13.8186,0.342,True,13.7949,0.513,True,13.7712,0.684,True,13.7238,1.026,True,13.5595,2.21,False,13.5456,2.31,False,13.7967,0.5,True,13.7273,1.0,True,13.658,1.5,True,13.5887,2.0,True,13.45,3.0,False,13.866,,13.857,13.5027,2.62,False,13.2767,4.25,False,13.7482,0.85,True,,,,
AVAXUSDT,BUY,9347,12.54,lose,0.606,4.035,0.1106,12.133,12.4294,0.882,True,12.3741,1.323,True,12.3188,1.764,True,12.2082,2.646,True,12.133,3.246,True,12.1205,3.346,True,12.4773,0.5,True,12.4146,1.0,True,12.3519,1.5,True,12.2892,2.0,True,12.1638,3.0,True,12.54,,,11.8442,5.549,False,12.3566,1.462,True,,,,,,,
AVAXUSDT,BUY,9850,11.805,win,4.049,1.965,0.0469,11.6083,11.7581,0.397,True,11.7347,0.596,True,11.7112,0.795,True,11.6643,1.192,True,11.6083,1.666,True,11.5965,1.766,True,11.746,0.5,True,11.6869,1.0,True,11.6279,1.5,True,11.5689,2.0,False,11.4508,3.0,False,11.805,,11.754,,,,11.6194,1.572,True,,,,,,,
AVAXUSDT,SELL,10046,11.794,win,36.12,0.56,0.0632,12.0603,11.8572,0.536,True,11.8888,0.804,False,11.9204,1.072,False,11.9836,1.608,False,12.0603,2.258,False,12.0721,2.358,False,11.853,0.5,True,11.9119,1.0,False,11.9709,1.5,False,12.0299,2.0,False,12.1478,3.0,False,11.794,,,,,,11.9539,1.356,False,,,,,,,
AVAXUSDT,BUY,10860,9.247,win,2.347,4.261,0.0916,8.6627,9.1554,0.991,True,9.1096,1.486,True,9.0638,1.981,True,8.9722,2.972,True,8.6627,6.319,False,8.6535,6.419,False,9.2008,0.5,True,9.1545,1.0,True,9.1083,1.5,True,9.0621,2.0,True,8.9696,3.0,True,9.247,,,,,,8.2917,10.331,False,,,,,,,
AVAXUSDT,SELL,11117,8.916,win,5.462,3.017,0.0479,9.1809,8.9639,0.537,True,8.9878,0.806,True,9.0118,1.074,True,9.0597,1.612,True,9.1809,2.971,True,9.1898,3.071,False,8.9606,0.5,True,9.0052,1.0,True,9.0497,1.5,True,9.0943,2.0,True,9.1835,3.0,True,8.916,,,,,,9.3704,5.096,False,,,,,,,
AVAXUSDT,SELL,11729,9.25,win,6.454,1.784,0.0489,9.5411,9.2989,0.529,True,9.3233,0.793,True,9.3478,1.057,True,9.3967,1.586,True,9.5411,3.147,False,9.5503,3.247,False,9.2962,0.5,True,9.3425,1.0,True,9.3887,1.5,True,9.435,2.0,False,9.5275,3.0,False,9.25,,9.269,,,,9.3704,1.301,True,,,,,,,
AVAXUSDT,BUY,12167,9.161,win,3.144,2.609,0.0381,8.8529,9.1229,0.416,True,9.1038,0.624,True,9.0848,0.832,True,9.0467,1.248,True,8.8529,3.363,False,8.8437,3.463,False,9.1152,0.5,True,9.0694,1.0,True,9.0236,1.5,True,8.9778,2.0,True,8.8862,3.0,False,9.161,,9.159,8.8627,3.256,False,8.981,1.965,True,,,,,,,
AVAXUSDT,SELL,12333,9.058,win,9.77,0.431,0.0317,9.2415,9.0897,0.35,True,9.1055,0.525,False,9.1214,0.7,False,9.1531,1.05,False,9.2415,2.026,False,9.2506,2.126,False,9.1033,0.5,False,9.1486,1.0,False,9.1939,1.5,False,9.2392,2.0,False,9.3297,3.0,False,9.058,,9.082,,,,9.3704,3.448,False,,,,,,,
AVAXUSDT,BUY,12627,8.679,win,13.389,3.111,0.0593,8.3116,8.6197,0.683,True,8.59,1.025,True,8.5604,1.367,True,8.5011,2.05,True,8.3116,4.233,False,8.3029,4.333,False,8.6356,0.5,True,8.5922,1.0,True,8.5488,1.5,True,8.5054,2.0,True,8.4186,3.0,True,8.679,,8.652,8.2356,5.109,False,8.2737,4.67,False,,,,,,,
AVAXUSDT,SELL,12783,9.142,win,7.832,3.708,0.0696,9.4861,9.2116,0.761,True,9.2464,1.142,True,9.2812,1.523,True,9.3508,2.284,True,9.4861,3.764,False,9.4952,3.864,False,9.1877,0.5,True,9.2334,1.0,True,9.2791,1.5,True,9.3248,2.0,True,9.4163,3.0,True,9.142,,9.22,,,,9.8508,7.754,False,,,,,,,
AVAXUSDT,BUY,12989,9.145,win,3.084,3.357,0.076,8.6648,9.069,0.831,True,9.031,1.247,True,8.993,1.662,True,8.917,2.493,True,8.6648,5.251,False,8.6557,5.351,False,9.0993,0.5,True,9.0535,1.0,True,9.0078,1.5,True,8.9621,2.0,True,8.8706,3.0,True,9.145,,,,,,8.5075,6.971,False,,,,,,,
AVAXUSDT,SELL,13241,9.009,lose,1.31,5.45,0.0391,9.1655,9.0481,0.434,True,9.0677,0.651,True,9.0872,0.868,True,9.1263,1.302,True,9.1655,1.737,True,9.1745,1.837,True,9.054,0.5,True,9.0991,1.0,True,9.1441,1.5,True,9.1892,2.0,True,9.2793,3.0,True,9.009,,9.067,,,,9.2232,2.378,True,,,,,,,
AVAXUSDT,BUY,13328,9.456,win,3.437,3.099,0.0628,9.0533,9.3932,0.664,True,9.3618,0.996,True,9.3304,1.328,True,9.2676,1.992,True,9.0533,4.259,False,9.0438,4.359,False,9.4087,0.5,True,9.3614,1.0,True,9.3142,1.5,True,9.2669,2.0,True,9.1723,3.0,True,9.456,,9.414,8.9905,4.923,False,8.9351,5.509,False,,,,,,,
AVAXUSDT,SELL,13531,9.211,win,5.841,0.847,0.0403,9.437,9.2513,0.438,True,9.2714,0.656,True,9.2916,0.875,False,9.3319,1.313,False,9.437,2.454,False,9.4462,2.554,False,9.2571,0.5,True,9.3031,1.0,False,9.3492,1.5,False,9.3952,2.0,False,9.4873,3.0,False,9.211,,9.226,,,,9.5355,3.523,False,,,,,,,
AVAXUSDT,BUY,13796,9.153,win,12.313,1.573,0.0688,8.8372,9.0842,0.752,True,9.0498,1.127,True,9.0154,1.503,True,8.9466,2.255,False,8.8372,3.45,False,8.828,3.55,False,9.1072,0.5,True,9.0615,1.0,True,9.0157,1.5,True,8.9699,2.0,False,8.8784,3.0,False,9.153,,,,,,8.6643,5.339,False,,,,,,,
AVAXUSDT,SELL,14248,9.718,win,2.109,0.576,0.0407,9.9275,9.7587,0.419,True,9.779,0.628,False,9.7994,0.838,False,9.8401,1.256,False,9.9275,2.156,False,9.9372,2.256,False,9.7666,0.5,True,9.8152,1.0,False,9.8638,1.5,False,9.9124,2.0,False,10.0095,3.0,False,9.718,,,,,,9.7678,0.512,True,,,,,,,
AVAXUSDT,BUY,14354,9.742,win,8.222,0.862,0.0307,9.5916,9.7113,0.315,True,9.696,0.473,True,9.6806,0.63,True,9.6499,0.945,False,9.5916,1.544,False,9.5819,1.644,False,9.6933,0.5,True,9.6446,1.0,False,9.5959,1.5,False,9.5472,2.0,False,9.4497,3.0,False,9.742,,9.707,,,,9.6713,0.726,True,,,,,,,
AVAXUSDT,SELL,14681,9.972,win,11.081,0.0,0.0494,10.316,10.0214,0.495,False,10.0461,0.743,False,10.0708,0.991,False,10.1202,1.486,False,10.316,3.45,False,10.326,3.55,False,10.0219,0.5,False,10.0717,1.0,False,10.1216,1.5,False,10.1714,2.0,False,10.2712,3.0,False,9.972,,,,,,,,,,,,,,,
AVAXUSDT,BUY,15163,9.428,win,3.861,0.827,0.0945,8.9689,9.3335,1.002,False,9.2863,1.504,False,9.239,2.005,False,9.1445,3.007,False,8.9689,4.87,False,8.9595,4.97,False,9.3809,0.5,True,9.3337,1.0,False,9.2866,1.5,False,9.2394,2.0,False,9.1452,3.0,False,9.428,,,8.9006,5.594,False,8.99,4.646,False,,,,,,,
AVAXUSDT,SELL,15426,9.443,win,8.313,0.085,0.0349,9.6534,9.4779,0.37,False,9.4954,0.554,False,9.5128,0.739,False,9.5477,1.109,False,9.6534,2.228,False,9.6628,2.328,False,9.4902,0.5,False,9.5374,1.0,False,9.5846,1.5,False,9.6319,2.0,False,9.7263,3.0,False,9.443,,9.444,9.7366,3.109,False,9.6967,2.687,False,,,,,,,
AVAXUSDT,BUY,15668,8.911,lose,0.045,2.211,0.0316,8.7832,8.8794,0.355,True,8.8636,0.532,True,8.8478,0.709,True,8.8162,1.064,True,8.7832,1.434,True,8.7743,1.534,True,8.8664,0.5,True,8.8219,1.0,True,8.7773,1.5,True,8.7328,2.0,True,8.6437,3.0,False,8.911,,,8.7499,1.808,True,8.7952,1.3,True,,,,,,,
AVAXUSDT,SELL,15703,8.798,win,4.922,1.421,0.0293,8.8593,8.8273,0.333,True,8.842,0.5,True,8.8566,0.666,True,8.8859,0.999,True,8.8593,0.697,True,8.8681,0.797,True,8.842,0.5,True,8.886,1.0,True,8.93,1.5,True,8.974,2.0,False,9.0619,3.0,False,8.798,,,,,,9.1381,3.866,False,,,,,,,
AVAXUSDT,BUY,15817,8.914,lose,1.851,2.535,0.0423,8.6749,8.8717,0.475,True,8.8506,0.712,True,8.8294,0.949,True,8.7871,1.424,True,8.6749,2.682,False,8.666,2.782,False,8.8694,0.5,True,8.8249,1.0,True,8.7803,1.5,True,8.7357,2.0,True,8.6466,3.0,False,8.914,,8.913,,,,8.8242,1.008,True,,,,,,,
AVAXUSDT,BUY,16001,9.081,win,4.394,3.469,0.0425,8.8308,9.0385,0.468,True,9.0172,0.702,True,8.996,0.936,True,8.9535,1.404,True,8.8308,2.755,True,8.8217,2.855,True,9.0356,0.5,True,8.9902,1.0,True,8.9448,1.5,True,8.8994,2.0,True,8.8086,3.0,True,9.081,,,,,,8.7173,4.005,False,,,,,,,
AVAXUSDT,BUY,16204,8.894,win,2.811,1.237,0.035,8.7584,8.859,0.394,True,8.8415,0.59,True,8.824,0.787,True,8.789,1.181,True,8.7584,1.525,False,8.7495,1.625,False,8.8495,0.5,True,8.8051,1.0,True,8.7606,1.5,False,8.7161,2.0,False,8.6272,3.0,False,8.894,,,,,,,,,,,,,,,
AVAXUSDT,BUY,16458,9.185,win,5.204,3.473,0.0486,8.8117,9.1364,0.529,True,9.1121,0.794,True,9.0878,1.058,True,9.0392,1.587,True,8.8117,4.064,False,8.8025,4.164,False,9.1391,0.5,True,9.0931,1.0,True,9.0472,1.5,True,9.0013,2.0,True,8.9094,3.0,True,9.185,,9.175,8.7948,4.248,False,9.018,1.818,True,,,,,,,
AVAXUSDT,SELL,16550,8.903,win,4.976,2.853,0.0507,9.393,8.9537,0.569,True,8.9791,0.854,True,9.0044,1.139,True,9.0551,1.708,True,9.393,5.504,False,9.4019,5.604,False,8.9475,0.5,True,8.992,1.0,True,9.0365,1.5,True,9.0811,2.0,True,9.1701,3.0,False,8.903,,,,,,9.1902,3.226,False,,,,,,,
AVAXUSDT,BUY,16642,9.146,win,5.172,1.848,0.0772,8.6329,9.0688,0.844,True,9.0302,1.266,True,8.9916,1.688,True,8.9144,2.532,False,8.6329,5.61,False,8.6238,5.71,False,9.1003,0.5,True,9.0545,1.0,True,9.0088,1.5,True,8.9631,2.0,True,8.8716,3.0,False,9.146,,,,,,9.018,1.4,True,,,,,,,
AVAXUSDT,SELL,16747,8.979,lose,0.791,4.555,0.0448,9.2898,9.0238,0.499,True,9.0462,0.748,True,9.0686,0.998,True,9.1134,1.497,True,9.2898,3.461,True,9.2988,3.561,True,9.0239,0.5,True,9.0688,1.0,True,9.1137,1.5,True,9.1586,2.0,True,9.2484,3.0,True,8.979,,8.981,,,,9.1902,2.352,True,,,,,,,
AVAXUSDT,BUY,16813,9.286,win,4.458,0.657,0.0565,9.0391,9.2295,0.608,True,9.2012,0.913,False,9.173,1.217,False,9.1165,1.825,False,9.0391,2.659,False,9.0298,2.759,False,9.2396,0.5,True,9.1931,1.0,False,9.1467,1.5,False,9.1003,2.0,False,9.0074,3.0,False,9.286,,,,,,9.018,2.886,False,,,,,,,
AVAXUSDT,BUY,17013,9.488,lose,1.286,4.933,0.0404,9.2794,9.4476,0.426,True,9.4274,0.639,True,9.4072,0.852,True,9.3668,1.277,True,9.2794,2.199,True,9.2699,2.299,True,9.4406,0.5,True,9.3931,1.0,True,9.3457,1.5,True,9.2982,2.0,True,9.2034,3.0,True,9.488,,,9.1702,3.349,True,9.3896,1.037,True,,,,,,,
AVAXUSDT,BUY,17200,9.331,win,7.234,1.704,0.063,9.0212,9.268,0.675,True,9.2365,1.013,True,9.205,1.35,True,9.142,2.026,False,9.0212,3.32,False,9.0119,3.42,False,9.2843,0.5,True,9.2377,1.0,True,9.191,1.5,True,9.1444,2.0,False,9.0511,3.0,False,9.331,,9.312,8.9476,4.109,False,9.0599,2.905,False,,,,,,,
AVAXUSDT,SELL,17652,9.422,win,4.893,0.212,0.0476,9.7407,9.4696,0.505,False,9.4934,0.758,False,9.5172,1.01,False,9.5648,1.516,False,9.7407,3.383,False,9.7501,3.483,False,9.4691,0.5,False,9.5162,1.0,False,9.5633,1.5,False,9.6104,2.0,False,9.7047,3.0,False,9.422,,,,,,9.7658,3.648,False,,,,,,,
AVAXUSDT,BUY,18687,9.34,lose,1.092,2.794,0.0288,9.1724,9.3112,0.308,True,9.2968,0.463,True,9.2824,0.617,True,9.2536,0.925,True,9.1724,1.794,True,9.1631,1.894,True,9.2933,0.5,True,9.2466,1.0,True,9.1999,1.5,True,9.1532,2.0,True,9.0598,3.0,True,9.34,,9.32,9.1223,2.331,True,9.1798,1.715,True,,,,,,,
AVAXUSDT,SELL,18737,9.18,win,2.963,0.948,0.0423,9.3114,9.2223,0.461,True,9.2434,0.691,True,9.2646,0.922,True,9.3069,1.382,False,9.3114,1.431,False,9.3206,1.531,False,9.2259,0.5,True,9.2718,1.0,False,9.3177,1.5,False,9.3636,2.0,False,9.4554,3.0,False,9.18,,,9.4562,3.008,False,9.2572,0.841,True,,,,,,,
AVAXUSDT,BUY,19158,9.323,win,4.837,3.186,0.0487,9.018,9.2743,0.522,True,9.25,0.784,True,9.2256,1.045,True,9.1769,1.567,True,9.018,3.271,False,9.0087,3.371,False,9.2764,0.5,True,9.2298,1.0,True,9.1832,1.5,True,9.1365,2.0,True,9.0433,3.0,True,9.323,,9.273,8.9735,3.749,False,8.8991,4.547,False,,,,,,,
AVAXUSDT,BUY,19596,9.753,win,7.485,0.513,0.052,9.4831,9.701,0.533,False,9.675,0.8,False,9.649,1.066,False,9.597,1.6,False,9.4831,2.767,False,9.4733,2.867,False,9.7042,0.5,True,9.6555,1.0,False,9.6067,1.5,False,9.5579,2.0,False,9.4604,3.0,False,9.753,,9.708,9.4838,2.761,False,8.8991,8.755,False,,,,,,,
AVAXUSDT,SELL,19841,10.076,win,4.039,1.906,0.0516,10.2316,10.1276,0.512,True,10.1534,0.768,True,10.1792,1.024,True,10.2308,1.536,True,10.2316,1.544,True,10.2417,1.644,True,10.1264,0.5,True,10.1768,1.0,True,10.2271,1.5,True,10.2775,2.0,False,10.3783,3.0,False,10.076,,,,,,,,,10.3014,2.237,False,10.275,1.975,False,
AVAXUSDT,BUY,20027,10.026,lose,1.257,3.271,0.0299,9.8785,9.9961,0.298,True,9.9811,0.447,True,9.9662,0.596,True,9.9363,0.895,True,9.8785,1.471,True,9.8685,1.571,True,9.9759,0.5,True,9.9257,1.0,True,9.8756,1.5,True,9.8255,2.0,True,9.7252,3.0,True,10.026,,,,,,8.8991,11.24,False,,,,,,,
AVAXUSDT,SELL,20069,9.797,lose,1.878,2.674,0.054,10.0262,9.851,0.551,True,9.878,0.827,True,9.905,1.102,True,9.959,1.654,True,10.0262,2.339,True,10.036,2.439,True,9.846,0.5,True,9.895,1.0,True,9.944,1.5,True,9.9929,2.0,True,10.0909,3.0,False,9.797,,,10.1672,3.779,False,,,,10.1585,3.69,False,10.1195,3.292,False,
AVAXUSDT,SELL,20255,9.696,win,7.88,0.021,0.0346,9.9045,9.7306,0.357,False,9.7479,0.535,False,9.7652,0.714,False,9.7998,1.071,False,9.9045,2.15,False,9.9142,2.25,False,9.7445,0.5,False,9.793,1.0,False,9.8414,1.5,False,9.8899,2.0,False,9.9869,3.0,False,9.696,,,,,,9.8158,1.236,False,,,,,,,
AVAXUSDT,SELL,20953,9.211,win,4.104,0.738,0.0554,9.5014,9.2664,0.601,True,9.2941,0.902,False,9.3218,1.203,False,9.3772,1.804,False,9.5014,3.153,False,9.5106,3.253,False,9.2571,0.5,True,9.3031,1.0,False,9.3492,1.5,False,9.3952,2.0,False,9.4873,3.0,False,9.211,,,9.6134,4.369,False,9.5115,3.262,False,9.6048,4.275,False,9.57,3.898,False,
AVAXUSDT,BUY,21039,9.146,win,4.855,0.405,0.0338,8.9879,9.1122,0.37,True,9.0953,0.554,False,9.0784,0.739,False,9.0446,1.109,False,8.9879,1.729,False,8.9788,1.829,False,9.1003,0.5,False,9.0545,1.0,False,9.0088,1.5,False,8.9631,2.0,False,8.8716,3.0,False,9.146,,,,,,8.8292,3.464,False,,,,,,,
AVAXUSDT,SELL,21148,9.206,lose,1.575,1.857,0.025,9.3194,9.231,0.272,True,9.2435,0.407,True,9.256,0.543,True,9.281,0.815,True,9.3194,1.232,True,9.3286,1.332,True,9.252,0.5,True,9.2981,1.0,True,9.3441,1.5,True,9.3901,2.0,False,9.4822,3.0,False,9.206,,,,,,9.2452,0.426,True,,,,,,,
AVAXUSDT,BUY,21200,9.376,lose,1.376,2.197,0.0267,9.227,9.3493,0.285,True,9.3359,0.427,True,9.3226,0.57,True,9.2959,0.854,True,9.227,1.589,True,9.2176,1.689,True,9.3291,0.5,True,9.2822,1.0,True,9.2354,1.5,True,9.1885,2.0,True,9.0947,3.0,False,9.376,,9.366,,,,9.1868,2.018,True,,,,,,,
AVAXUSDT,SELL,21265,9.203,win,6.031,3.097,0.0348,9.3742,9.2378,0.378,True,9.2552,0.567,True,9.2726,0.756,True,9.3074,1.134,True,9.3742,1.86,True,9.3834,1.96,True,9.249,0.5,True,9.295,1.0,True,9.341,1.5,True,9.3871,2.0,True,9.4791,3.0,True,9.203,,9.211,,,,9.2452,0.459,True,,,,,,,
AVAXUSDT,BUY,21702,8.988,lose,1.035,2.047,0.0246,8.8788,8.9634,0.274,True,8.9511,0.411,True,8.9388,0.547,True,8.9142,0.821,True,8.8788,1.215,True,8.8698,1.315,True,8.9431,0.5,True,8.8981,1.0,True,8.8532,1.5,True,8.8082,2.0,True,8.7184,3.0,False,8.988,,,,,,,,,,,,,,,
AVAXUSDT,BUY,22869,6.646,lose,1.896,1.986,0.0455,6.4591,6.6005,0.685,True,6.5777,1.027,True,6.555,1.369,True,6.5095,2.054,True,6.4591,2.812,False,6.4525,2.912,False,6.6128,0.5,True,6.5795,1.0,True,6.5463,1.5,True,6.5131,2.0,True,6.4466,3.0,False,6.646,,,6.4593,2.809,False,6.4226,3.362,False,,,,,,,
AVAXUSDT,SELL,23139,6.544,win,2.644,3.484,0.022,6.6736,6.566,0.336,True,6.577,0.504,True,6.588,0.672,True,6.61,1.009,True,6.6736,1.98,True,6.6801,2.08,True,6.5767,0.5,True,6.6094,1.0,True,6.6422,1.5,True,6.6749,2.0,True,6.7403,3.0,True,6.544,,,,,,6.6476,1.584,True,,,,,,,
AVAXUSDT,BUY,23172,6.742,win,4.954,0.697,0.0476,6.4851,6.6944,0.706,False,6.6706,1.059,False,6.6468,1.412,False,6.5992,2.118,False,6.4851,3.81,False,6.4784,3.91,False,6.7083,0.5,True,6.6746,1.0,False,6.6409,1.5,False,6.6072,2.0,False,6.5397,3.0,False,6.742,,,6.3614,5.645,False,6.5934,2.204,False,,,,,,,
AVAXUSDT,BUY,23741,6.136,win,3.814,0.733,0.0311,6.0198,6.1049,0.507,True,6.0894,0.76,False,6.0738,1.014,False,6.0427,1.521,False,6.0198,1.894,False,6.0137,1.994,False,6.1053,0.5,True,6.0746,1.0,False,6.044,1.5,False,6.0133,2.0,False,5.9519,3.0,False,6.136,,6.132,6.016,1.956,False,5.964,2.803,False,,,,,,,
AVAXUSDT,SELL,23851,6.149,lose,0.0,4.44,0.0345,6.2561,6.1835,0.561,True,6.2008,0.842,True,6.218,1.122,True,6.2525,1.683,True,6.2561,1.742,True,6.2622,1.842,True,6.1797,0.5,True,6.2105,1.0,True,6.2412,1.5,True,6.272,2.0,True,6.3335,3.0,True,6.149,6.2561,,,,,6.3413,3.128,True,,,,,,,
AVAXUSDT,BUY,24033,6.426,lose,1.774,5.182,0.0428,6.2221,6.3832,0.666,True,6.3618,0.999,True,6.3404,1.332,True,6.2976,1.998,True,6.2221,3.173,True,6.2157,3.273,True,6.3939,0.5,True,6.3617,1.0,True,6.3296,1.5,True,6.2975,2.0,True,6.2332,3.0,True,6.426,,,6.2566,2.636,True,6.3307,1.484,True,,,,,,,
AVAXUSDT,BUY,24146,6.393,win,3.785,6.992,0.0425,6.2788,6.3505,0.665,True,6.3293,0.997,True,6.308,1.33,True,6.2655,1.994,True,6.2788,1.786,True,6.2724,1.886,True,6.361,0.5,True,6.3291,1.0,True,6.2971,1.5,True,6.2651,2.0,True,6.2012,3.0,True,6.393,,,,,,6.3077,1.334,True,,,,,,,
AVAXUSDT,SELL,24193,5.974,lose,0.285,9.19,0.0636,6.5039,6.0376,1.065,True,6.0694,1.597,True,6.1012,2.129,True,6.1648,3.194,True,6.5039,8.87,True,6.5099,8.97,True,6.0039,0.5,True,6.0337,1.0,True,6.0636,1.5,True,6.0935,2.0,True,6.1532,3.0,True,5.974,,6.174,,,,6.5085,8.947,True,,,,,,,
AVAXUSDT,SELL,24418,6.379,lose,1.771,4.405,0.0304,6.5263,6.4094,0.477,True,6.4246,0.715,True,6.4398,0.953,True,6.4702,1.43,True,6.5263,2.309,True,6.5327,2.409,True,6.4109,0.5,True,6.4428,1.0,True,6.4747,1.5,True,6.5066,2.0,True,6.5704,3.0,True,6.379,,6.406,6.68,4.719,False,6.5085,2.03,True,,,,,,,
AVAXUSDT,BUY,24541,6.585,win,3.538,3.068,0.0635,6.3111,6.5215,0.964,True,6.4897,1.446,True,6.458,1.929,True,6.3945,2.893,True,6.3111,4.159,False,6.3045,4.259,False,6.5521,0.5,True,6.5191,1.0,True,6.4862,1.5,True,6.4533,2.0,True,6.3874,3.0,True,6.585,,,,,,6.3077,4.211,False,,,,,,,
AVAXUSDT,BUY,25192,6.924,win,2.369,3.148,0.0297,6.8337,6.8943,0.429,True,6.8795,0.643,True,6.8646,0.858,True,6.8349,1.287,True,6.8337,1.304,True,6.8268,1.404,True,6.8894,0.5,True,6.8548,1.0,True,6.8201,1.5,True,6.7855,2.0,True,6.7163,3.0,True,6.924,,,,,,6.5165,5.886,False,,,,,,,
AVAXUSDT,SELL,25308,6.757,win,6.601,0.918,0.0295,6.9058,6.7865,0.437,True,6.8012,0.655,True,6.816,0.873,True,6.8455,1.31,False,6.9058,2.202,False,6.9126,2.302,False,6.7908,0.5,True,6.8246,1.0,False,6.8584,1.5,False,6.8921,2.0,False,6.9597,3.0,False,6.757,,,7.0986,5.056,False,7.0951,5.004,False,7.1056,5.159,False,7.0,3.596,False,
AVAXUSDT,SELL,25768,6.556,win,4.332,1.724,0.0268,6.7549,6.5828,0.409,True,6.5962,0.613,True,6.6096,0.818,True,6.6364,1.226,True,6.7549,3.034,False,6.7615,3.134,False,6.5888,0.5,True,6.6216,1.0,True,6.6543,1.5,True,6.6871,2.0,False,6.7527,3.0,False,6.556,,6.566,,,,,,,,,,,,,
AVAXUSDT,BUY,25905,6.635,win,2.05,4.582,0.0398,6.4028,6.5952,0.6,True,6.5753,0.9,True,6.5554,1.2,True,6.5156,1.8,True,6.4028,3.5,True,6.3962,3.6,True,6.6018,0.5,True,6.5686,1.0,True,6.5355,1.5,True,6.5023,2.0,True,6.436,3.0,True,6.635,,6.62,,,,6.3956,3.608,True,,,,,,,
AVAXUSDT,BUY,26354,6.624,lose,0.543,2.295,0.023,6.5104,6.601,0.347,True,6.5895,0.521,True,6.578,0.694,True,6.555,1.042,True,6.5104,1.715,True,6.5038,1.815,True,6.5909,0.5,True,6.5578,1.0,True,6.5246,1.5,True,6.4915,2.0,True,6.4253,3.0,False,6.624,,,6.5262,1.477,True,6.3776,3.72,False,,,,,,,
AVAXUSDT,SELL,26488,6.494,lose,1.678,2.402,0.0204,6.5841,6.5144,0.314,True,6.5246,0.471,True,6.5348,0.628,True,6.5552,0.942,True,6.5841,1.387,True,6.5906,1.487,True,6.5265,0.5,True,6.5589,1.0,True,6.5914,1.5,True,6.6239,2.0,True,6.6888,3.0,False,6.494,,6.495,,,,6.6346,2.166,True,,,,,,,
AVAXUSDT,SELL,26754,6.477,lose,0.232,2.733,0.0258,6.6216,6.5028,0.398,True,6.5157,0.597,True,6.5286,0.797,True,6.5544,1.195,True,6.6216,2.233,True,6.6281,2.333,True,6.5094,0.5,True,6.5418,1.0,True,6.5742,1.5,True,6.6065,2.0,True,6.6713,3.0,False,6.477,,6.481,6.6219,2.237,True,6.6396,2.511,True,,,,,,,
AVAXUSDT,SELL,26883,6.48,win,5.386,0.355,0.0316,6.6041,6.5116,0.488,True,6.5274,0.731,True,6.5432,0.975,True,6.5748,1.463,False,6.6041,1.915,False,6.6106,2.015,False,6.5124,0.5,True,6.5448,1.0,True,6.5772,1.5,False,6.6096,2.0,False,6.6744,3.0,False,6.48,,,6.6189,2.144,False,6.6396,2.463,False,,,,,,,
AVAXUSDT,BUY,27073,6.475,win,5.699,0.0,0.0298,6.2399,6.4452,0.46,False,6.4303,0.69,False,6.4154,0.92,False,6.3856,1.381,False,6.2399,3.631,False,6.2334,3.731,False,6.4426,0.5,False,6.4102,1.0,False,6.3779,1.5,False,6.3455,2.0,False,6.2807,3.0,False,6.475,,,6.2177,3.974,False,6.2617,3.294,False,,,,,,,
AVAXUSDT,SELL,27269,6.522,win,2.591,1.656,0.0378,6.7362,6.5598,0.58,True,6.5787,0.869,True,6.5976,1.159,True,6.6354,1.739,False,6.7362,3.284,False,6.7427,3.384,False,6.5546,0.5,True,6.5872,1.0,True,6.6198,1.5,True,6.6524,2.0,False,6.7177,3.0,False,6.522,,6.547,6.704,2.791,False,,,,,,,,,,
AVAXUSDT,BUY,27392,6.618,lose,0.302,4.745,0.0283,6.4641,6.5897,0.428,True,6.5756,0.641,True,6.5614,0.855,True,6.5331,1.283,True,6.4641,2.325,True,6.4575,2.425,True,6.5849,0.5,True,6.5518,1.0,True,6.5187,1.5,True,6.4856,2.0,True,6.4195,3.0,True,6.618,,6.599,,,,6.2617,5.383,False,,,,,,,
AVAXUSDT,SELL,27424,6.426,win,6.116,1.805,0.0328,6.5429,6.4588,0.51,True,6.4752,0.766,True,6.4916,1.021,True,6.5244,1.531,True,6.5429,1.819,False,6.5493,1.919,False,6.4581,0.5,True,6.4903,1.0,True,6.5224,1.5,True,6.5545,2.0,False,6.6188,3.0,False,6.426,,,6.648,3.454,False,,,,,,,,,,
AVAXUSDT,BUY,27800,6.332,win,5.591,0.3,0.0236,6.2103,6.3084,0.373,False,6.2966,0.559,False,6.2848,0.745,False,6.2612,1.118,False,6.2103,1.922,False,6.204,2.022,False,6.3003,0.5,False,6.2687,1.0,False,6.237,1.5,False,6.2054,2.0,False,6.142,3.0,False,6.332,,,,,,,,,,,,,,,
AVAXUSDT,SELL,27901,6.408,lose,0.687,2.747,0.0275,6.5397,6.4355,0.429,True,6.4493,0.644,True,6.463,0.858,True,6.4905,1.287,True,6.5397,2.055,True,6.5461,2.155,True,6.44,0.5,True,6.4721,1.0,True,6.5041,1.5,True,6.5362,2.0,True,6.6002,3.0,False,6.408,,6.418,,,,,,,,,,,,,
AVAXUSDT,BUY,27958,6.57,win,6.332,0.7,0.025,6.4421,6.545,0.381,True,6.5325,0.571,True,6.52,0.761,False,6.495,1.142,False,6.4421,1.947,False,6.4355,2.047,False,6.5372,0.5,True,6.5043,1.0,False,6.4714,1.5,False,6.4386,2.0,False,6.3729,3.0,False,6.57,,,,,,6.3616,3.172,False,,,,,,,
AVAXUSDT,SELL,28128,6.584,win,3.736,1.777,0.029,6.7456,6.613,0.44,True,6.6275,0.661,True,6.642,0.881,True,6.671,1.321,True,6.7456,2.454,False,6.7522,2.554,False,6.6169,0.5,True,6.6498,1.0,True,6.6828,1.5,True,6.7157,2.0,False,6.7815,3.0,False,6.584,,6.614,6.7301,2.219,False,6.7117,1.94,False,,,,,,,
AVAXUSDT,BUY,28529,6.546,lose,0.611,2.872,0.0182,6.4724,6.5278,0.278,True,6.5187,0.417,True,6.5096,0.556,True,6.4914,0.834,True,6.4724,1.124,True,6.4659,1.224,True,6.5133,0.5,True,6.4805,1.0,True,6.4478,1.5,True,6.4151,2.0,True,6.3496,3.0,False,6.546,,,6.4453,1.538,True,6.4565,1.367,True,,,,,,,
AVAXUSDT,SELL,28643,6.423,win,4.998,2.071,0.0223,6.5253,6.4453,0.347,True,6.4565,0.521,True,6.4676,0.694,True,6.4899,1.042,True,6.5253,1.593,True,6.5317,1.693,True,6.4551,0.5,True,6.4872,1.0,True,6.5193,1.5,True,6.5515,2.0,True,6.6157,3.0,False,6.423,,,,,,6.5986,2.734,False,,,,,,,
AVAXUSDT,BUY,28798,6.407,win,2.216,2.107,0.0397,6.2315,6.3673,0.62,True,6.3475,0.929,True,6.3276,1.239,True,6.2879,1.859,True,6.2315,2.739,False,6.2251,2.839,False,6.375,0.5,True,6.3429,1.0,True,6.3109,1.5,True,6.2789,2.0,True,6.2148,3.0,False,6.407,,6.378,6.1967,3.282,False,6.2088,3.094,False,6.204,3.168,False,6.216,2.981,False,
AVAXUSDT,BUY,29037,6.496,win,5.896,0.385,0.0199,6.3956,6.4761,0.306,True,6.4662,0.46,False,6.4562,0.613,False,6.4363,0.919,False,6.3956,1.546,False,6.3891,1.646,False,6.4635,0.5,False,6.431,1.0,False,6.3986,1.5,False,6.3661,2.0,False,6.3011,3.0,False,6.496,,,6.3734,1.887,False,6.2088,4.421,False,,,,,,,
AVAXUSDT,SELL,29107,6.491,win,4.237,3.713,0.0177,6.589,6.5087,0.273,True,6.5175,0.409,True,6.5264,0.545,True,6.5441,0.818,True,6.589,1.51,True,6.5955,1.61,True,6.5235,0.5,True,6.5559,1.0,True,6.5884,1.5,True,6.6208,2.0,True,6.6857,3.0,True,6.491,,,,,,6.5565,1.01,True,,,,,,,
AVAXUSDT,BUY,29479,6.671,win,24.884,2.668,0.0515,6.2576,6.6195,0.772,True,6.5938,1.158,True,6.568,1.544,True,6.5165,2.316,True,6.2576,6.197,False,6.2509,6.297,False,6.6376,0.5,True,6.6043,1.0,True,6.5709,1.5,True,6.5376,2.0,True,6.4709,3.0,False,6.671,,6.602,6.2686,6.032,False,6.2088,6.929,False,6.2722,5.978,False,6.307,5.456,False,
AVAXUSDT,SELL,29755,7.583,win,4.075,1.253,0.0911,7.9118,7.6741,1.201,True,7.7197,1.802,False,7.7652,2.403,False,7.8563,3.604,False,7.9118,4.336,False,7.9194,4.436,False,7.6209,0.5,True,7.6588,1.0,True,7.6967,1.5,False,7.7347,2.0,False,7.8105,3.0,False,7.583,,,8.3435,10.029,False,8.3233,9.763,False,,,,,,,
BNBUSDT,SELL,12,1140.49,win,10.477,2.146,11.3744,1195.5355,1151.8644,0.997,True,1157.5516,1.496,True,1163.2388,1.995,True,1174.6132,2.992,False,1195.5355,4.826,False,1196.676,4.926,False,1146.1924,0.5,True,1151.8949,1.0,True,1157.5974,1.5,True,1163.2998,2.0,True,1174.7047,3.0,False,1140.49,,1157.0,1192.5662,4.566,False,1182.6114,3.693,False,,,,,,,
BNBUSDT,SELL,405,1097.9,win,4.271,1.526,5.9269,1120.7249,1103.8269,0.54,True,1106.7903,0.81,True,1109.7538,1.08,True,1115.6807,1.62,False,1120.7249,2.079,False,1121.8228,2.179,False,1103.3895,0.5,True,1108.879,1.0,True,1114.3685,1.5,True,1119.858,2.0,False,1130.837,3.0,False,1097.9,,1101.0,,,,,,,,,,,,,
BNBUSDT,BUY,643,1105.0,win,4.963,2.591,4.8551,1071.4485,1100.1449,0.439,True,1097.7173,0.659,True,1095.2898,0.879,True,1090.4347,1.318,True,1071.4485,3.036,False,1070.3435,3.136,False,1099.475,0.5,True,1093.95,1.0,True,1088.425,1.5,True,1082.9,2.0,True,1071.85,3.0,False,1105.0,,1103.16,,,,1056.4025,4.398,False,,,,,,,
BNBUSDT,BUY,948,1124.27,win,5.202,3.226,3.1866,1111.3675,1121.0834,0.283,True,1119.4901,0.425,True,1117.8968,0.567,True,1114.7102,0.85,True,1111.3675,1.148,True,1110.2432,1.248,True,1118.6487,0.5,True,1113.0273,1.0,True,1107.406,1.5,True,1101.7846,2.0,True,1090.5419,3.0,True,1124.27,,1122.54,,,,1081.6273,3.793,True,,,,,,,
BNBUSDT,SELL,1180,1098.94,win,20.017,2.815,7.5563,1149.9424,1106.4963,0.688,True,1110.2745,1.031,True,1114.0526,1.375,True,1121.6089,2.063,True,1149.9424,4.641,False,1151.0413,4.741,False,1104.4347,0.5,True,1109.9294,1.0,True,1115.4241,1.5,True,1120.9188,2.0,True,1131.9082,3.0,False,1098.94,,1100.39,1150.6234,4.703,False,1175.0539,6.926,False,1149.284,4.581,False,1146.98,4.371,False,
BNBUSDT,BUY,2091,968.98,lose,0.042,4.039,4.3651,946.9368,964.6149,0.45,True,962.4324,0.676,True,960.2498,0.901,True,955.8847,1.351,True,946.9368,2.275,True,945.9678,2.375,True,964.1351,0.5,True,959.2902,1.0,True,954.4453,1.5,True,949.6004,2.0,True,939.9106,3.0,True,968.98,,963.83,,,,965.9331,0.314,True,,,,,,,
BNBUSDT,BUY,2134,983.58,win,3.616,0.902,7.3078,941.5306,976.2722,0.743,True,972.6183,1.114,False,968.9644,1.486,False,961.6566,2.229,False,941.5306,4.275,False,940.547,4.375,False,978.6621,0.5,True,973.7442,1.0,False,968.8263,1.5,False,963.9084,2.0,False,954.0726,3.0,False,983.58,,,924.4313,6.014,False,924.8942,5.967,False,,,,,,,
BNBUSDT,BUY,2902,944.19,lose,0.677,3.07,2.9394,926.4139,941.2506,0.311,True,939.7809,0.467,True,938.3112,0.623,True,935.3718,0.934,True,926.4139,1.883,True,925.4697,1.983,True,939.4691,0.5,True,934.7481,1.0,True,930.0272,1.5,True,925.3062,2.0,True,915.8643,3.0,True,944.19,,944.18,927.7862,1.737,True,897.102,4.987,False,,,,,,,
BNBUSDT,SELL,3274,897.87,win,11.912,2.019,5.7732,932.3914,903.6432,0.643,True,906.5298,0.964,True,909.4164,1.286,True,915.1896,1.929,True,932.3914,3.845,False,933.2893,3.945,False,902.3593,0.5,True,906.8487,1.0,True,911.338,1.5,True,915.8274,2.0,True,924.8061,3.0,False,897.87,,,,,,934.6237,4.093,False,,,,,,,
BNBUSDT,BUY,3609,847.33,win,3.502,2.045,3.6664,828.296,843.6636,0.433,True,841.8304,0.649,True,839.9972,0.865,True,836.3308,1.298,True,828.296,2.246,False,827.4487,2.346,False,843.0933,0.5,True,838.8567,1.0,True,834.62,1.5,True,830.3834,2.0,True,821.9101,3.0,False,847.33,,,,,,,,,,,,,,,
BNBUSDT,SELL,3846,842.76,lose,0.327,5.323,4.0972,863.2824,846.8572,0.486,True,848.9058,0.729,True,850.9544,0.972,True,855.0516,1.458,True,863.2824,2.435,True,864.1252,2.535,True,846.9738,0.5,True,851.1876,1.0,True,855.4014,1.5,True,859.6152,2.0,True,868.0428,3.0,True,842.76,,,,,,856.0252,1.574,True,,,,,,,
BNBUSDT,BUY,3951,885.33,win,2.447,1.036,4.7279,853.7354,880.6021,0.534,True,878.2382,0.801,True,875.8742,1.068,False,871.1463,1.602,False,853.7354,3.569,False,852.8501,3.669,False,880.9034,0.5,True,876.4767,1.0,True,872.0501,1.5,False,867.6234,2.0,False,858.7701,3.0,False,885.33,,882.95,850.8418,3.896,False,848.9102,4.114,False,,,,,,,
BNBUSDT,SELL,4171,885.88,lose,1.956,1.239,2.6471,894.4318,888.5271,0.299,True,889.8506,0.448,True,891.1742,0.598,True,893.8213,0.896,True,894.4318,0.965,True,895.3177,1.065,True,890.3094,0.5,True,894.7388,1.0,True,899.1682,1.5,False,903.5976,2.0,False,912.4564,3.0,False,885.88,,886.39,,,,899.2083,1.505,False,,,,,,,
BNBUSDT,SELL,4363,849.75,win,5.69,0.073,5.1635,892.1021,854.9135,0.608,False,857.4953,0.911,False,860.077,1.215,False,865.2405,1.823,False,892.1021,4.984,False,892.9518,5.084,False,853.9987,0.5,False,858.2475,1.0,False,862.4962,1.5,False,866.745,2.0,False,875.2425,3.0,False,849.75,,850.37,,,,899.2083,5.82,False,,,,,,,
BNBUSDT,BUY,4508,841.07,win,10.44,0.203,2.989,826.7609,838.081,0.355,False,836.5865,0.533,False,835.092,0.711,False,832.103,1.066,False,826.7609,1.701,False,825.9198,1.801,False,836.8647,0.5,False,832.6593,1.0,False,828.454,1.5,False,824.2486,2.0,False,815.8379,3.0,False,841.07,,,,,,813.7454,3.249,False,,,,,,,
BNBUSDT,SELL,4731,897.24,win,2.978,1.275,4.5608,915.853,901.8008,0.508,True,904.0812,0.762,True,906.3616,1.017,True,910.9224,1.525,False,915.853,2.074,False,916.7502,2.174,False,901.7262,0.5,True,906.2124,1.0,True,910.6986,1.5,False,915.1848,2.0,False,924.1572,3.0,False,897.24,,901.34,918.0751,2.322,False,910.91,1.524,False,,,,,,,
BNBUSDT,SELL,4997,874.0,lose,0.356,3.705,3.2787,895.4425,877.2787,0.375,True,878.918,0.563,True,880.5574,0.75,True,883.8361,1.125,True,895.4425,2.453,True,896.3165,2.553,True,878.37,0.5,True,882.74,1.0,True,887.11,1.5,True,891.48,2.0,True,900.22,3.0,True,874.0,,876.64,,,,886.7158,1.455,True,,,,,,,
BNBUSDT,BUY,5416,888.2,lose,1.882,1.967,3.7072,870.78,884.4928,0.417,True,882.6392,0.626,True,880.7856,0.835,True,877.0784,1.252,True,870.78,1.961,True,869.8918,2.061,False,883.759,0.5,True,879.318,1.0,True,874.877,1.5,True,870.436,2.0,False,861.554,3.0,False,888.2,,,,,,861.7374,2.979,False,,,,,,,
BNBUSDT,SELL,5942,859.14,win,4.757,2.074,2.8249,868.9113,861.9649,0.329,True,863.3773,0.493,True,864.7898,0.658,True,867.6147,0.986,True,868.9113,1.137,True,869.7704,1.237,True,863.4357,0.5,True,867.7314,1.0,True,872.0271,1.5,True,876.3228,2.0,True,884.9142,3.0,False,859.14,,,,,,885.3244,3.048,False,,,,,,,
BNBUSDT,BUY,6142,847.51,win,2.854,0.431,2.4384,835.5516,845.0716,0.288,True,843.8524,0.432,False,842.6332,0.575,False,840.1948,0.863,False,835.5516,1.411,False,834.7041,1.511,False,843.2724,0.5,False,839.0349,1.0,False,834.7973,1.5,False,830.5598,2.0,False,822.0847,3.0,False,847.51,,,,,,831.2179,1.922,False,,,,,,,
BNBUSDT,BUY,7212,859.57,win,2.178,0.387,2.533,852.2924,857.037,0.295,True,855.7705,0.442,False,854.504,0.589,False,851.971,0.884,False,852.2924,0.847,False,851.4328,0.947,False,855.2722,0.5,False,850.9743,1.0,False,846.6765,1.5,False,842.3786,2.0,False,833.7829,3.0,False,859.57,,,,,,848.6205,1.274,False,,,,,,,
BNBUSDT,SELL,7387,857.24,lose,0.075,1.593,1.4068,866.381,858.6468,0.164,True,859.3502,0.246,True,860.0536,0.328,True,861.4604,0.492,True,866.381,1.066,True,867.2382,1.166,True,861.5262,0.5,True,865.8124,1.0,True,870.0986,1.5,True,874.3848,2.0,False,882.9572,3.0,False,857.24,,858.8,,,,879.1683,2.558,False,,,,,,,
BNBUSDT,BUY,7472,870.88,win,6.196,0.607,1.6913,860.8192,869.1887,0.194,True,868.343,0.291,True,867.4974,0.388,True,865.8061,0.583,True,860.8192,1.155,False,859.9483,1.255,False,866.5256,0.5,True,862.1712,1.0,False,857.8168,1.5,False,853.4624,2.0,False,844.7536,3.0,False,870.88,,870.06,,,,865.7334,0.591,True,,,,,,,
BNBUSDT,BUY,8549,910.98,win,4.904,0.199,2.0835,904.4162,908.8965,0.229,False,907.8547,0.343,False,906.813,0.457,False,904.7295,0.686,False,904.4162,0.721,False,903.5052,0.821,False,906.4251,0.5,False,901.8702,1.0,False,897.3153,1.5,False,892.7604,2.0,False,883.6506,3.0,False,910.98,,,905.4298,0.609,False,893.1659,1.955,False,,,,,,,
BNBUSDT,SELL,8765,925.94,lose,0.229,1.959,3.359,942.0839,929.299,0.363,True,930.9785,0.544,True,932.658,0.726,True,936.017,1.088,True,942.0839,1.744,True,943.0098,1.844,True,930.5697,0.5,True,935.1994,1.0,True,939.8291,1.5,True,944.4588,2.0,False,953.7182,3.0,False,925.94,,,947.6393,2.343,False,946.0051,2.167,False,,,,,,,
BNBUSDT,SELL,9066,913.66,win,5.381,2.182,4.7661,953.4949,918.4261,0.522,True,920.8091,0.782,True,923.1922,1.043,True,927.9583,1.565,True,953.4949,4.36,False,954.4086,4.46,False,918.2283,0.5,True,922.7966,1.0,True,927.3649,1.5,True,931.9332,2.0,True,941.0698,3.0,False,913.66,,916.31,955.2607,4.553,False,961.4605,5.232,False,954.032,4.419,False,952.82,4.286,False,
BNBUSDT,BUY,9396,897.49,lose,0.924,2.114,2.021,884.8919,895.469,0.225,True,894.4585,0.338,True,893.448,0.45,True,891.427,0.676,True,884.8919,1.404,True,883.9944,1.504,True,893.0026,0.5,True,888.5151,1.0,True,884.0276,1.5,True,879.5402,2.0,True,870.5653,3.0,False,897.49,,,886.5582,1.218,True,884.5945,1.437,True,,,,,,,
BNBUSDT,SELL,10079,892.68,win,18.388,0.036,2.1218,901.7473,894.8018,0.238,False,895.8627,0.357,False,896.9236,0.475,False,899.0454,0.713,False,901.7473,1.016,False,902.64,1.116,False,897.1434,0.5,False,901.6068,1.0,False,906.0702,1.5,False,910.5336,2.0,False,919.4604,3.0,False,892.68,,,908.4707,1.769,False,901.5206,0.99,False,907.347,1.643,False,905.925,1.484,False,
BNBUSDT,SELL,10581,737.12,win,22.401,5.271,5.5382,776.503,742.6582,0.751,True,745.4273,1.127,True,748.1964,1.503,True,753.7346,2.254,True,776.503,5.343,False,777.2401,5.443,False,740.8056,0.5,True,744.4912,1.0,True,748.1768,1.5,True,751.8624,2.0,True,759.2336,3.0,True,737.12,,746.27,,,,766.9061,4.041,True,,,,,,,
BNBUSDT,SELL,10929,636.24,win,7.735,3.032,3.8633,653.6393,640.1033,0.607,True,642.0349,0.911,True,643.9666,1.214,True,647.8299,1.822,True,653.6393,2.735,True,654.2755,2.835,True,639.4212,0.5,True,642.6024,1.0,True,645.7836,1.5,True,648.9648,2.0,True,655.3272,3.0,True,636.24,,636.61,664.9059,4.506,False,652.5219,2.559,True,,,,,,,
BNBUSDT,SELL,11729,613.92,lose,1.583,2.829,2.7719,631.8001,616.6919,0.452,True,618.0779,0.677,True,619.4638,0.903,True,622.2357,1.355,True,631.8001,2.912,False,632.414,3.012,False,616.9896,0.5,True,620.0592,1.0,True,623.1288,1.5,True,626.1984,2.0,True,632.3376,3.0,False,613.92,,614.81,,,,629.2186,2.492,True,,,,,,,
BNBUSDT,SELL,11920,613.06,win,2.903,2.254,3.7712,627.1176,616.8312,0.615,True,618.7168,0.923,True,620.6024,1.23,True,624.3736,1.845,True,627.1176,2.293,False,627.7307,2.393,False,616.1253,0.5,True,619.1906,1.0,True,622.2559,1.5,True,625.3212,2.0,True,631.4518,3.0,False,613.06,,,,,,625.2646,1.991,True,,,,,,,
BNBUSDT,BUY,12204,617.6,win,2.837,0.246,3.3526,602.5135,614.2474,0.543,False,612.5711,0.814,False,610.8948,1.086,False,607.5422,1.629,False,602.5135,2.443,False,601.8959,2.543,False,614.512,0.5,False,611.424,1.0,False,608.336,1.5,False,605.248,2.0,False,599.072,3.0,False,617.6,,616.57,600.0985,2.834,False,603.5958,2.268,False,,,,,,,
BNBUSDT,SELL,12353,619.71,win,5.961,0.854,1.1963,626.535,620.9063,0.193,True,621.5045,0.29,True,622.1026,0.386,True,623.2989,0.579,True,626.535,1.101,False,627.1547,1.201,False,622.8085,0.5,True,625.9071,1.0,False,629.0056,1.5,False,632.1042,2.0,False,638.3013,3.0,False,619.71,,619.87,,,,625.2646,0.896,False,,,,,,,
BNBUSDT,BUY,12480,611.82,lose,0.026,3.643,2.4159,598.3249,609.4041,0.395,True,608.1962,0.592,True,606.9882,0.79,True,604.5723,1.185,True,598.3249,2.206,True,597.7131,2.306,True,608.7609,0.5,True,605.7018,1.0,True,602.6427,1.5,True,599.5836,2.0,True,593.4654,3.0,True,611.82,,,,,,603.5958,1.344,True,,,,,,,
BNBUSDT,SELL,12538,589.62,win,2.207,2.098,3.0541,604.7597,592.6741,0.518,True,594.2011,0.777,True,595.7282,1.036,True,598.7823,1.554,True,604.7597,2.568,False,605.3493,2.668,False,592.5681,0.5,True,595.5162,1.0,True,598.4643,1.5,True,601.4124,2.0,True,607.3086,3.0,False,589.62,,593.79,,,,625.2646,6.045,False,,,,,,,
BNBUSDT,BUY,12635,595.22,win,7.711,0.953,2.8161,585.9322,592.4039,0.473,True,590.9959,0.71,True,589.5878,0.946,True,586.7717,1.419,False,585.9322,1.56,False,585.337,1.66,False,592.2439,0.5,True,589.2678,1.0,False,586.2917,1.5,False,583.3156,2.0,False,577.3634,3.0,False,595.22,,594.64,,,,582.9165,2.067,False,,,,,,,
BNBUSDT,SELL,12858,614.7,win,4.28,0.781,2.5136,628.4428,617.2136,0.409,True,618.4704,0.613,True,619.7272,0.818,False,622.2408,1.227,False,628.4428,2.236,False,629.0575,2.336,False,617.7735,0.5,True,620.847,1.0,False,623.9205,1.5,False,626.994,2.0,False,633.141,3.0,False,614.7,,,634.951,3.294,False,641.7611,4.402,False,,,,,,,
BNBUSDT,BUY,12992,617.13,win,5.884,0.972,3.3208,601.4414,613.8092,0.538,True,612.1488,0.807,True,610.4884,1.076,False,607.1676,1.614,False,601.4414,2.542,False,600.8243,2.642,False,614.0444,0.5,True,610.9587,1.0,False,607.8731,1.5,False,604.7874,2.0,False,598.6161,3.0,False,617.13,,,,,,595.8336,3.451,False,,,,,,,
BNBUSDT,SELL,13237,625.46,lose,0.777,4.646,2.9051,637.2071,628.3651,0.464,True,629.8177,0.697,True,631.2702,0.929,True,634.1753,1.393,True,637.2071,1.878,True,637.8326,1.978,True,628.5873,0.5,True,631.7146,1.0,True,634.8419,1.5,True,637.9692,2.0,True,644.2238,3.0,True,625.46,,629.81,,,,630.3797,0.787,True,,,,,,,
BNBUSDT,BUY,13326,652.08,win,2.201,1.681,3.2647,629.6518,648.8153,0.501,True,647.183,0.751,True,645.5506,1.001,True,642.2859,1.502,True,629.6518,3.439,False,628.9997,3.539,False,648.8196,0.5,True,645.5592,1.0,True,642.2988,1.5,True,639.0384,2.0,False,632.5176,3.0,False,652.08,,650.11,625.061,4.144,False,619.6297,4.976,False,,,,,,,
BNBUSDT,SELL,13505,644.79,win,5.774,0.492,2.3195,655.414,647.1095,0.36,True,648.2692,0.54,False,649.429,0.719,False,651.7485,1.079,False,655.414,1.648,False,656.0588,1.748,False,648.0139,0.5,False,651.2379,1.0,False,654.4618,1.5,False,657.6858,2.0,False,664.1337,3.0,False,644.79,,,,,,652.642,1.218,False,,,,,,,
BNBUSDT,BUY,13814,627.27,win,8.341,0.507,2.3495,617.3461,624.9205,0.375,True,623.7457,0.562,False,622.571,0.749,False,620.2215,1.124,False,617.3461,1.582,False,616.7188,1.682,False,624.1336,0.5,True,620.9973,1.0,False,617.861,1.5,False,614.7246,2.0,False,608.4519,3.0,False,627.27,,626.16,,,,616.9524,1.645,False,,,,,,,
BNBUSDT,BUY,14367,659.88,win,4.24,0.491,1.3481,654.1438,658.5319,0.204,True,657.8578,0.306,True,657.1838,0.409,True,655.8357,0.613,False,654.1438,0.869,False,653.4839,0.969,False,656.5806,0.5,False,653.2812,1.0,False,649.9818,1.5,False,646.6824,2.0,False,640.0836,3.0,False,659.88,,659.53,,,,654.2351,0.855,False,,,,,,,
BNBUSDT,SELL,14592,665.98,win,6.904,1.547,2.0704,676.3872,668.0504,0.311,True,669.0856,0.466,True,670.1208,0.622,True,672.1912,0.933,True,676.3872,1.563,False,677.0532,1.663,False,669.3099,0.5,True,672.6398,1.0,True,675.9697,1.5,True,679.2996,2.0,False,685.9594,3.0,False,665.98,,,,,,669.3186,0.501,True,,,,,,,
BNBUSDT,SELL,15428,634.44,win,4.565,0.23,1.7251,645.0138,636.1651,0.272,False,637.0277,0.408,False,637.8902,0.544,False,639.6153,0.816,False,645.0138,1.667,False,645.6482,1.767,False,637.6122,0.5,False,640.7844,1.0,False,643.9566,1.5,False,647.1288,2.0,False,653.4732,3.0,False,634.44,,,,,,651.3307,2.662,False,,,,,,,
BNBUSDT,BUY,15677,617.71,lose,0.028,1.308,0.9227,612.9492,616.7873,0.149,True,616.326,0.224,True,615.8646,0.299,True,614.9419,0.448,True,612.9492,0.771,True,612.3315,0.871,True,614.6214,0.5,True,611.5329,1.0,True,608.4443,1.5,False,605.3558,2.0,False,599.1787,3.0,False,617.71,,617.12,,,,612.1872,0.894,True,,,,,,,
BNBUSDT,SELL,15745,610.06,win,2.303,1.708,1.104,615.22,611.164,0.181,True,611.716,0.271,True,612.268,0.362,True,613.372,0.543,True,615.22,0.846,True,615.8301,0.946,True,613.1103,0.5,True,616.1606,1.0,True,619.2109,1.5,True,622.2612,2.0,False,628.3618,3.0,False,610.06,,611.19,615.3817,0.872,True,619.0084,1.467,True,,,,,,,
BNBUSDT,BUY,15818,620.16,lose,0.256,2.515,1.9604,609.752,618.1996,0.316,True,617.2194,0.474,True,616.2392,0.632,True,614.2788,0.948,True,609.752,1.678,True,609.1318,1.778,True,617.0592,0.5,True,613.9584,1.0,True,610.8576,1.5,True,607.7568,2.0,True,601.5552,3.0,False,620.16,,,,,,609.6597,1.693,True,,,,,,,
BNBUSDT,SELL,16083,599.91,win,4.867,0.237,2.4561,616.6291,602.3661,0.409,False,603.5942,0.614,False,604.8222,0.819,False,607.2783,1.228,False,616.6291,2.787,False,617.229,2.887,False,602.9095,0.5,False,605.9091,1.0,False,608.9086,1.5,False,611.9082,2.0,False,617.9073,3.0,False,599.91,,,,,,617.0765,2.862,False,,,,,,,
BNBUSDT,BUY,16286,588.99,win,3.703,0.292,0.6583,585.6814,588.3317,0.112,True,588.0026,0.168,True,587.6734,0.224,True,587.0151,0.335,False,585.6814,0.562,False,585.0924,0.662,False,586.0451,0.5,False,583.1001,1.0,False,580.1552,1.5,False,577.2102,2.0,False,571.3203,3.0,False,588.99,,,,,,,,,,,,,,,
BNBUSDT,SELL,16716,606.41,lose,1.529,1.029,1.9211,613.6975,608.3311,0.317,True,609.2917,0.475,True,610.2522,0.634,True,612.1733,0.95,True,613.6975,1.202,False,614.3039,1.302,False,609.442,0.5,True,612.4741,1.0,True,615.5061,1.5,False,618.5382,2.0,False,624.6023,3.0,False,606.41,,,,,,,,,,,,,,,
BNBUSDT,BUY,17193,603.8,win,7.517,0.219,1.9439,593.7841,601.8561,0.322,False,600.8841,0.483,False,599.9122,0.644,False,597.9683,0.966,False,593.7841,1.659,False,593.1803,1.759,False,600.781,0.5,False,597.762,1.0,False,594.743,1.5,False,591.724,2.0,False,585.686,3.0,False,603.8,,602.48,594.8863,1.476,False,590.5788,2.19,False,,,,,,,
BNBUSDT,SELL,18101,635.09,lose,1.25,0.912,1.7714,644.3309,636.8614,0.279,True,637.7471,0.418,True,638.6328,0.558,True,640.4042,0.837,True,644.3309,1.455,False,644.966,1.555,False,638.2654,0.5,True,641.4409,1.0,False,644.6164,1.5,False,647.7918,2.0,False,654.1427,3.0,False,635.09,,635.56,,,,655.5449,3.221,False,,,,,,,
BNBUSDT,BUY,18707,629.8,lose,0.016,2.247,1.1142,623.6382,628.6858,0.177,True,628.1287,0.265,True,627.5716,0.354,True,626.4574,0.531,True,623.6382,0.978,True,623.0084,1.078,True,626.651,0.5,True,623.502,1.0,True,620.353,1.5,True,617.204,2.0,True,610.906,3.0,False,629.8,,628.63,,,,624.2152,0.887,True,,,,,,,
BNBUSDT,BUY,18914,622.44,lose,0.09,1.356,1.2134,616.1352,621.2266,0.195,True,620.6199,0.292,True,620.0132,0.39,True,618.7998,0.585,True,616.1352,1.013,True,615.5128,1.113,True,619.3278,0.5,True,616.2156,1.0,True,613.1034,1.5,False,609.9912,2.0,False,603.7668,3.0,False,622.44,,,615.3456,1.14,True,609.6797,2.05,False,,,,,,,
BNBUSDT,BUY,19045,620.0,win,7.213,0.755,0.8226,616.3745,619.1774,0.133,True,618.7661,0.199,True,618.3548,0.265,True,617.5322,0.398,True,616.3745,0.585,True,615.7545,0.685,True,616.9,0.5,True,613.8,1.0,False,610.7,1.5,False,607.6,2.0,False,601.4,3.0,False,620.0,,,,,,609.6797,1.665,False,,,,,,,
BNBUSDT,SELL,19736,648.0,lose,0.056,1.173,1.1146,650.9428,649.1146,0.172,True,649.6719,0.258,True,650.2292,0.344,True,651.3438,0.516,True,650.9428,0.454,True,651.5908,0.554,True,651.24,0.5,True,654.48,1.0,True,657.72,1.5,False,660.96,2.0,False,667.44,3.0,False,648.0,,,653.6891,0.878,True,,,,,,,,,,
BNBUSDT,BUY,19784,655.41,win,2.774,0.998,1.2189,648.3387,654.1911,0.186,True,653.5816,0.279,True,652.9722,0.372,True,651.7533,0.558,True,648.3387,1.079,False,647.6833,1.179,False,652.1329,0.5,True,648.8559,1.0,False,645.5788,1.5,False,642.3018,2.0,False,635.7477,3.0,False,655.41,,655.15,,,,633.396,3.359,False,,,,,,,
BNBUSDT,BUY,20002,668.36,win,2.66,0.636,1.7305,659.012,666.6295,0.259,True,665.7643,0.388,True,664.899,0.518,True,663.1685,0.777,False,659.012,1.399,False,658.3436,1.499,False,665.0182,0.5,True,661.6764,1.0,False,658.3346,1.5,False,654.9928,2.0,False,648.3092,3.0,False,668.36,,666.75,649.4144,2.835,False,663.7556,0.689,False,,,,,,,
BNBUSDT,SELL,20123,667.88,lose,0.157,3.072,2.2378,676.9877,670.1178,0.335,True,671.2367,0.503,True,672.3556,0.67,True,674.5934,1.005,True,676.9877,1.364,True,677.6556,1.464,True,671.2194,0.5,True,674.5588,1.0,True,677.8982,1.5,True,681.2376,2.0,True,687.9164,3.0,True,667.88,,,678.7766,1.632,True,677.9072,1.501,True,,,,,,,
BNBUSDT,SELL,20296,672.57,win,5.671,0.391,1.5335,679.727,674.1035,0.228,True,674.8703,0.342,True,675.637,0.456,False,677.1705,0.684,False,679.727,1.064,False,680.3996,1.164,False,675.9329,0.5,False,679.2957,1.0,False,682.6585,1.5,False,686.0214,2.0,False,692.7471,3.0,False,672.57,,672.71,,,,691.2405,2.776,False,,,,,,,
BNBUSDT,BUY,20744,648.37,win,2.557,0.321,1.7555,640.2994,646.6145,0.271,True,645.7368,0.406,False,644.859,0.542,False,643.1035,0.812,False,640.2994,1.245,False,639.651,1.345,False,645.1282,0.5,False,641.8863,1.0,False,638.6445,1.5,False,635.4026,2.0,False,628.9189,3.0,False,648.37,,647.23,,,,638.5508,1.514,False,,,,,,,
BNBUSDT,SELL,20972,649.46,win,2.226,0.619,1.9641,659.2511,651.4241,0.302,True,652.4062,0.454,True,653.3882,0.605,True,655.3523,0.907,False,659.2511,1.508,False,659.9006,1.608,False,652.7073,0.5,True,655.9546,1.0,False,659.2019,1.5,False,662.4492,2.0,False,668.9438,3.0,False,649.46,,652.65,,,,660.66,1.725,False,,,,,,,
BNBUSDT,BUY,21647,648.08,win,15.2,0.088,1.4146,637.9875,646.6654,0.218,False,645.9581,0.327,False,645.2508,0.437,False,643.8362,0.655,False,637.9875,1.557,False,637.3394,1.657,False,644.8396,0.5,False,641.5992,1.0,False,638.3588,1.5,False,635.1184,2.0,False,628.6376,3.0,False,648.08,,,,,,631.6877,2.529,False,,,,,,,
BNBUSDT,SELL,21827,711.65,win,21.748,2.775,3.1661,723.8505,714.8161,0.445,True,716.3991,0.667,True,717.9822,0.89,True,721.1483,1.335,True,723.8505,1.714,True,724.5621,1.814,True,715.2082,0.5,True,718.7665,1.0,True,722.3247,1.5,True,725.883,2.0,True,732.9995,3.0,False,711.65,,,,,,,,,,,,,,,
BNBUSDT,BUY,22437,588.7,win,3.82,0.8,2.391,575.3411,586.309,0.406,True,585.1135,0.609,True,583.918,0.812,False,581.527,1.218,False,575.3411,2.269,False,574.7524,2.369,False,585.7565,0.5,True,582.813,1.0,False,579.8695,1.5,False,576.926,2.0,False,571.039,3.0,False,588.7,,,,,,570.5489,3.083,False,,,,,,,
BNBUSDT,BUY,22828,600.93,win,2.158,0.754,2.0232,589.3643,598.9068,0.337,True,597.8952,0.505,True,596.8836,0.673,True,594.8604,1.01,False,589.3643,1.925,False,588.7634,2.025,False,597.9253,0.5,True,594.9207,1.0,False,591.916,1.5,False,588.9114,2.0,False,582.9021,3.0,False,600.93,,,,,,580.5389,3.393,False,,,,,,,
BNBUSDT,BUY,23174,615.54,win,2.863,2.4,2.1656,605.2786,613.3744,0.352,True,612.2916,0.528,True,611.2088,0.704,True,609.0432,1.055,True,605.2786,1.667,True,604.6631,1.767,True,612.4623,0.5,True,609.3846,1.0,True,606.3069,1.5,True,603.2292,2.0,True,597.0738,3.0,False,615.54,,,602.0955,2.184,True,603.9854,1.877,True,,,,,,,
BNBUSDT,BUY,23685,587.7,win,2.568,1.021,1.3818,578.3066,586.3182,0.235,True,585.6273,0.353,True,584.9364,0.47,True,583.5546,0.705,True,578.3066,1.598,True,577.7189,1.698,True,584.7615,0.5,True,581.823,1.0,True,578.8845,1.5,True,575.946,2.0,False,570.069,3.0,False,587.7,,586.51,,,,578.1213,1.63,True,,,,,,,
BNBUSDT,SELL,23970,583.35,win,6.348,0.115,1.7981,595.1059,585.1481,0.308,False,586.0471,0.462,False,586.9462,0.616,False,588.7443,0.925,False,595.1059,2.015,False,595.6893,2.115,False,586.2668,0.5,False,589.1835,1.0,False,592.1002,1.5,False,595.017,2.0,False,600.8505,3.0,False,583.35,,584.02,594.0598,1.836,False,587.2066,0.661,False,,,,,,,
BNBUSDT,SELL,24193,542.17,lose,0.0,5.27,3.8303,571.2844,546.0003,0.706,True,547.9154,1.06,True,549.8306,1.413,True,553.6609,2.119,True,571.2844,5.37,False,571.8266,5.47,False,544.8808,0.5,True,547.5917,1.0,True,550.3025,1.5,True,553.0134,2.0,True,558.4351,3.0,True,542.17,,557.62,573.5691,5.791,False,563.9133,4.01,True,,,,,,,
BNBUSDT,BUY,24792,551.94,win,7.59,0.982,1.979,546.2398,549.961,0.359,True,548.9715,0.538,True,547.982,0.717,True,546.003,1.076,False,546.2398,1.033,False,545.6879,1.133,False,549.1803,0.5,True,546.4206,1.0,False,543.6609,1.5,False,540.9012,2.0,False,535.3818,3.0,False,551.94,,,,,,539.51,2.252,False,,,,,,,
BNBUSDT,BUY,25509,575.14,lose,1.44,1.181,1.6587,566.0657,573.4813,0.288,True,572.6519,0.433,True,571.8226,0.577,True,570.1639,0.865,True,566.0657,1.578,False,565.4906,1.678,False,572.2643,0.5,True,569.3886,1.0,True,566.5129,1.5,False,563.6372,2.0,False,557.8858,3.0,False,575.14,,572.77,,,,561.3881,2.391,False,,,,,,,
BNBUSDT,SELL,26226,576.42,win,3.596,0.165,1.5195,582.1431,577.9395,0.264,False,578.6993,0.395,False,579.459,0.527,False,580.9785,0.791,False,582.1431,0.993,False,582.7195,1.093,False,579.3021,0.5,False,582.1842,1.0,False,585.0663,1.5,False,587.9484,2.0,False,593.7126,3.0,False,576.42,,,582.5125,1.057,False,586.9263,1.823,False,,,,,,,
BNBUSDT,BUY,26611,574.72,lose,0.954,1.042,1.5325,567.3473,573.1875,0.267,True,572.4212,0.4,True,571.655,0.533,True,570.1225,0.8,True,567.3473,1.283,False,566.7726,1.383,False,571.8464,0.5,True,568.9728,1.0,True,566.0992,1.5,False,563.2256,2.0,False,557.4784,3.0,False,574.72,,572.44,,,,567.1223,1.322,False,,,,,,,
BNBUSDT,SELL,27730,582.9,lose,1.578,0.482,1.1961,590.3628,584.0961,0.205,True,584.6941,0.308,True,585.2922,0.41,True,586.4883,0.616,False,590.3628,1.28,False,590.9457,1.38,False,585.8145,0.5,False,588.729,1.0,False,591.6435,1.5,False,594.558,2.0,False,600.387,3.0,False,582.9,,583.71,594.1399,1.928,False,593.8432,1.877,False,,,,,,,
BNBUSDT,BUY,28382,593.81,win,3.141,0.103,0.5431,591.2633,593.2669,0.091,True,592.9953,0.137,False,592.7238,0.183,False,592.1807,0.274,False,591.2633,0.429,False,590.6695,0.529,False,590.8409,0.5,False,587.8719,1.0,False,584.9028,1.5,False,581.9338,2.0,False,575.9957,3.0,False,593.81,,,590.1934,0.609,False,589.41,0.741,False,591.024,0.469,False,591.36,0.413,False,
BNBUSDT,SELL,28609,600.6,lose,0.498,1.307,1.2236,607.1479,601.8236,0.204,True,602.4354,0.306,True,603.0472,0.407,True,604.2708,0.611,True,607.1479,1.09,True,607.7485,1.19,True,603.603,0.5,True,606.606,1.0,True,609.609,1.5,False,612.612,2.0,False,618.618,3.0,False,600.6,,,608.0006,1.232,True,605.4949,0.815,True,,,,,,,
BNBUSDT,BUY,28690,607.17,win,2.258,0.352,1.2265,600.8777,605.9435,0.202,True,605.3302,0.303,True,604.717,0.404,False,603.4905,0.606,False,600.8777,1.036,False,600.2705,1.136,False,604.1341,0.5,False,601.0983,1.0,False,598.0624,1.5,False,595.0266,2.0,False,588.9549,3.0,False,607.17,,,,,,603.3061,0.636,False,,,,,,,
BNBUSDT,BUY,29053,611.89,lose,0.217,0.757,0.9271,606.9498,610.9629,0.152,True,610.4993,0.227,True,610.0358,0.303,True,609.1087,0.455,True,606.9498,0.807,False,606.3379,0.907,False,608.8306,0.5,True,605.7711,1.0,False,602.7116,1.5,False,599.6522,2.0,False,593.5333,3.0,False,611.89,,,,,,607.412,0.732,True,,,,,,,
BNBUSDT,BUY,29477,609.09,win,19.383,0.008,1.0314,602.0636,608.0586,0.169,False,607.5429,0.254,False,607.0272,0.339,False,605.9958,0.508,False,602.0636,1.154,False,601.4545,1.254,False,606.0446,0.5,False,602.9991,1.0,False,599.9537,1.5,False,596.9082,2.0,False,590.8173,3.0,False,609.09,,609.04,,,,599.9994,1.492,False,,,,,,,
BTCUSDT,SELL,14,108432.0,win,4.576,0.708,756.0498,111845.8755,109188.0498,0.697,True,109566.0747,1.046,False,109944.0996,1.395,False,110700.1494,2.092,False,111845.8755,3.148,False,111954.3075,3.248,False,108974.16,0.5,True,109516.32,1.0,False,110058.48,1.5,False,110600.64,2.0,False,111684.96,3.0,False,108432.0,,,,,,110244.6345,1.672,False,,,,,,,
BTCUSDT,BUY,487,112899.9,lose,0.921,4.537,758.0789,107846.5724,112141.8211,0.671,True,111762.7816,1.007,True,111383.7422,1.343,True,110625.6633,2.014,True,107846.5724,4.476,True,107733.6725,4.576,False,112335.4005,0.5,True,111770.901,1.0,True,111206.4015,1.5,True,110641.902,2.0,True,109512.903,3.0,True,112899.9,,,,,,107464.7277,4.814,False,,,,,,,
BTCUSDT,BUY,671,109106.1,win,6.667,0.42,317.8435,108245.4235,108788.2565,0.291,True,108629.3348,0.437,False,108470.413,0.583,False,108152.5695,0.874,False,108245.4235,0.789,False,108136.3174,0.889,False,108560.5695,0.5,False,108015.039,1.0,False,107469.5085,1.5,False,106923.978,2.0,False,105832.917,3.0,False,109106.1,,,108476.4409,0.577,False,106253.9397,2.614,False,,,,,,,
BTCUSDT,SELL,1120,113650.0,win,6.555,2.133,242.5622,114830.381,113892.5622,0.213,True,114013.8433,0.32,True,114135.1244,0.427,True,114377.6866,0.64,True,114830.381,1.039,True,114944.031,1.139,True,114218.25,0.5,True,114786.5,1.0,True,115354.75,1.5,True,115923.0,2.0,True,117059.5,3.0,False,113650.0,,113735.1,,,,115637.2217,1.749,True,,,,,,,
BTCUSDT,SELL,1687,108079.9,win,8.504,0.251,391.0133,110603.6724,108470.9133,0.362,False,108666.4199,0.543,False,108861.9266,0.724,False,109252.9399,1.085,False,110603.6724,2.335,False,110711.7523,2.435,False,108620.2995,0.5,False,109160.699,1.0,False,109701.0985,1.5,False,110241.498,2.0,False,111322.297,3.0,False,108079.9,,,110877.0665,2.588,False,110059.3494,1.831,False,,,,,,,
BTCUSDT,BUY,1938,103889.9,lose,0.585,3.515,451.2456,101790.397,103438.6544,0.434,True,103213.0316,0.652,True,102987.4088,0.869,True,102536.1632,1.303,True,101790.397,2.021,True,101686.5071,2.121,True,103370.4505,0.5,True,102851.001,1.0,True,102331.5515,1.5,True,101812.102,2.0,True,100773.203,3.0,True,103889.9,,,,,,101852.046,1.962,True,,,,,,,
BTCUSDT,SELL,2032,101316.5,win,2.089,2.034,593.1456,103731.8484,101909.6456,0.585,True,102206.2184,0.878,True,102502.7912,1.171,True,103095.9368,1.756,True,103731.8484,2.384,True,103833.1649,2.484,False,101823.0825,0.5,True,102329.665,1.0,True,102836.2475,1.5,True,103342.83,2.0,True,104355.995,3.0,False,101316.5,,,,,,102956.0532,1.618,True,,,,,,,
BTCUSDT,SELL,2286,102009.2,lose,0.541,1.982,189.4374,102441.5244,102198.6374,0.186,True,102293.3561,0.279,True,102388.0748,0.371,True,102577.5122,0.557,True,102441.5244,0.424,True,102543.5336,0.524,True,102519.246,0.5,True,103029.292,1.0,True,103539.338,1.5,True,104049.384,2.0,False,105069.476,3.0,False,102009.2,,,,,,102956.0532,0.928,True,,,,,,,
BTCUSDT,BUY,2310,103300.3,win,4.04,0.16,359.6075,101713.5054,102940.6925,0.348,False,102760.8887,0.522,False,102581.085,0.696,False,102221.4775,1.044,False,101713.5054,1.536,False,101610.2051,1.636,False,102783.7985,0.5,False,102267.297,1.0,False,101750.7955,1.5,False,101234.294,2.0,False,100201.291,3.0,False,103300.3,,,,,,101804.8932,1.448,False,,,,,,,
BTCUSDT,SELL,2505,103417.2,lose,0.984,1.688,383.5431,105571.3273,103800.7431,0.371,True,103992.5146,0.556,True,104184.2862,0.742,True,104567.8293,1.113,True,105571.3273,2.083,False,105674.7445,2.183,False,103934.286,0.5,True,104451.372,1.0,True,104968.458,1.5,True,105485.544,2.0,False,106519.716,3.0,False,103417.2,,103549.7,,,,107581.1737,4.026,False,,,,,,,
BTCUSDT,BUY,2584,104708.7,lose,0.562,3.279,295.3514,103538.5161,104413.3486,0.282,True,104265.6729,0.423,True,104117.9972,0.564,True,103822.6458,0.846,True,103538.5161,1.118,True,103433.8074,1.218,True,104185.1565,0.5,True,103661.613,1.0,True,103138.0695,1.5,True,102614.526,2.0,True,101567.439,3.0,True,104708.7,,,,,,102674.223,1.943,True,,,,,,,
BTCUSDT,SELL,2603,101750.2,win,12.519,2.235,513.3593,104653.1171,102263.5593,0.505,True,102520.2389,0.757,True,102776.9186,1.009,True,103290.2779,1.514,True,104653.1171,2.853,False,104754.8673,2.953,False,102258.951,0.5,True,102767.702,1.0,True,103276.453,1.5,True,103785.204,2.0,True,104802.706,3.0,False,101750.2,,101871.4,105454.9455,3.641,False,103524.8214,1.744,True,105334.93,3.523,False,105107.35,3.299,False,
BTCUSDT,SELL,3235,90769.3,win,2.429,2.193,385.6007,92433.5064,91154.9007,0.425,True,91347.7011,0.637,True,91540.5014,0.85,True,91926.1021,1.274,True,92433.5064,1.833,True,92524.2757,1.933,True,91223.1465,0.5,True,91676.993,1.0,True,92130.8395,1.5,True,92584.686,2.0,True,93492.379,3.0,False,90769.3,,,,,,94265.6715,3.852,False,,,,,,,
BTCUSDT,SELL,3372,88199.0,win,8.616,0.224,632.094,92300.4753,88831.094,0.717,False,89147.141,1.075,False,89463.188,1.433,False,90095.282,2.15,False,92300.4753,4.65,False,92388.6743,4.75,False,88639.995,0.5,False,89080.99,1.0,False,89521.985,1.5,False,89962.98,2.0,False,90844.97,3.0,False,88199.0,,,,,,94265.6715,6.878,False,,,,,,,
BTCUSDT,BUY,3604,86120.0,win,3.55,1.038,335.3091,84154.4572,85784.6909,0.389,True,85617.0363,0.584,True,85449.3818,0.779,True,85114.0727,1.168,False,84154.4572,2.282,False,84068.3372,2.382,False,85689.4,0.5,True,85258.8,1.0,True,84828.2,1.5,False,84397.6,2.0,False,83536.4,3.0,False,86120.0,,,,,,81029.889,5.91,False,,,,,,,
BTCUSDT,BUY,3954,90001.1,win,3.421,1.876,454.9831,86753.0937,89546.1169,0.506,True,89318.6254,0.758,True,89091.1338,1.011,True,88636.1507,1.517,True,86753.0937,3.609,False,86663.0926,3.709,False,89551.0945,0.5,True,89101.089,1.0,True,88651.0835,1.5,True,88201.078,2.0,True,87301.067,3.0,False,90001.1,,90001.0,86131.5087,4.299,False,87418.494,2.87,False,,,,,,,
BTCUSDT,SELL,4363,88338.3,win,5.153,0.589,358.6345,91442.6542,88696.9345,0.406,True,88876.2517,0.609,True,89055.569,0.812,True,89414.2035,1.218,False,91442.6542,3.514,False,91530.9925,3.614,False,88779.9915,0.5,True,89221.683,1.0,True,89663.3745,1.5,False,90105.066,2.0,False,90988.449,3.0,False,88338.3,,88408.8,,,,92026.3344,4.175,False,,,,,,,
BTCUSDT,BUY,4516,88784.0,win,6.083,0.051,361.7025,86297.0897,88422.2975,0.407,False,88241.4462,0.611,False,88060.595,0.815,False,87698.8925,1.222,False,86297.0897,2.801,False,86208.3057,2.901,False,88340.08,0.5,False,87896.16,1.0,False,87452.24,1.5,False,87008.32,2.0,False,86120.48,3.0,False,88784.0,,,86191.5185,2.92,False,86321.6919,2.773,False,,,,,,,
BTCUSDT,SELL,4765,91985.6,win,4.672,0.511,255.9013,92981.3966,92241.5013,0.278,True,92369.452,0.417,True,92497.4026,0.556,False,92753.3039,0.835,False,92981.3966,1.083,False,93073.3822,1.183,False,92445.528,0.5,True,92905.456,1.0,False,93365.384,1.5,False,93825.312,2.0,False,94745.168,3.0,False,91985.6,,92047.0,92804.4983,0.89,False,93193.5004,1.313,False,,,,,,,
BTCUSDT,BUY,5195,93344.8,lose,1.296,2.876,485.6125,89911.406,92859.1875,0.52,True,92616.3813,0.78,True,92373.575,1.04,True,91887.9625,1.561,True,89911.406,3.678,False,89818.0612,3.778,False,92878.076,0.5,True,92411.352,1.0,True,91944.628,1.5,True,91477.904,2.0,True,90544.456,3.0,False,93344.8,,,,,,89563.8465,4.051,False,,,,,,,
BTCUSDT,SELL,5327,91044.0,win,2.025,2.75,467.9213,93121.2297,91511.9213,0.514,True,91745.8819,0.771,True,91979.8426,1.028,True,92447.7639,1.542,True,93121.2297,2.282,True,93212.2737,2.382,True,91499.22,0.5,True,91954.44,1.0,True,92409.66,1.5,True,92864.88,2.0,True,93775.32,3.0,False,91044.0,,,94585.3656,3.89,False,,,,,,,,,,
BTCUSDT,BUY,5888,87843.7,win,2.868,2.94,330.627,86360.2066,87513.073,0.376,True,87347.7595,0.565,True,87182.446,0.753,True,86851.819,1.129,True,86360.2066,1.689,True,86272.3629,1.789,True,87404.4815,0.5,True,86965.263,1.0,True,86526.0445,1.5,True,86086.826,2.0,True,85208.389,3.0,False,87843.7,,,,,,86257.656,1.806,True,,,,,,,
BTCUSDT,SELL,6021,86607.0,lose,0.07,3.28,231.5983,87187.9099,86838.5983,0.267,True,86954.3975,0.401,True,87070.1966,0.535,True,87301.7949,0.802,True,87187.9099,0.671,True,87274.5169,0.771,True,87040.035,0.5,True,87473.07,1.0,True,87906.105,1.5,True,88339.14,2.0,True,89205.21,3.0,True,86607.0,,,,,,87375.1879,0.887,True,,,,,,,
BTCUSDT,SELL,6088,85444.7,lose,0.447,3.419,466.0534,87193.3381,85910.7534,0.545,True,86143.7801,0.818,True,86376.8068,1.091,True,86842.8602,1.636,True,87193.3381,2.047,True,87278.7828,2.147,True,85871.9235,0.5,True,86299.147,1.0,True,86726.3705,1.5,True,87153.594,2.0,True,88008.041,3.0,True,85444.7,,,,,,88063.5756,3.065,True,,,,,,,
BTCUSDT,BUY,6125,88063.2,win,2.88,1.44,370.6542,86090.9857,87692.5458,0.421,True,87507.2187,0.631,True,87321.8916,0.842,True,86951.2374,1.263,True,86090.9857,2.24,False,86002.9225,2.34,False,87622.884,0.5,True,87182.568,1.0,True,86742.252,1.5,False,86301.936,2.0,False,85421.304,3.0,False,88063.2,,,,,,85664.25,2.724,False,,,,,,,
BTCUSDT,BUY,6731,88377.0,lose,1.336,1.988,199.6949,87328.0223,88177.3051,0.226,True,88077.4576,0.339,True,87977.6102,0.452,True,87777.9153,0.678,True,87328.0223,1.187,True,87239.6453,1.287,True,87935.115,0.5,True,87493.23,1.0,True,87051.345,1.5,True,86609.46,2.0,False,85725.69,3.0,False,88377.0,,,87088.1715,1.458,True,87225.8868,1.303,True,,,,,,,
BTCUSDT,BUY,7209,88966.8,lose,0.436,1.817,327.4725,87251.972,88639.3275,0.368,True,88475.5912,0.552,True,88311.855,0.736,True,87984.3825,1.104,True,87251.972,1.927,False,87163.0052,2.027,False,88521.966,0.5,True,88077.132,1.0,True,87632.298,1.5,True,87187.464,2.0,False,86297.796,3.0,False,88966.8,,88634.6,,,,87368.0445,1.797,True,,,,,,,
BTCUSDT,BUY,7424,88286.3,win,7.333,0.026,112.9428,87783.0537,88173.3572,0.128,False,88116.8858,0.192,False,88060.4144,0.256,False,87947.4716,0.384,False,87783.0537,0.57,False,87694.7674,0.67,False,87844.8685,0.5,False,87403.437,1.0,False,86962.0055,1.5,False,86520.574,2.0,False,85637.711,3.0,False,88286.3,,,,,,87903.8082,0.433,False,,,,,,,
BTCUSDT,SELL,8453,90852.7,lose,0.215,1.592,286.4069,91540.0887,91139.1069,0.315,True,91282.3103,0.473,True,91425.5138,0.63,True,91711.9207,0.946,True,91540.0887,0.757,True,91630.9414,0.857,True,91306.9635,0.5,True,91761.227,1.0,True,92215.4905,1.5,True,92669.754,2.0,False,93578.281,3.0,False,90852.7,91540.0887,,,,,91503.5121,0.716,True,,,,,,,
BTCUSDT,BUY,9524,90700.9,lose,0.0,1.731,407.5343,88896.1807,90293.3657,0.449,True,90089.5985,0.674,True,89885.8314,0.899,True,89478.2971,1.348,True,88896.1807,1.99,False,88805.4798,2.09,False,90247.3955,0.5,True,89793.891,1.0,True,89340.3865,1.5,True,88886.882,2.0,False,87979.873,3.0,False,90700.9,,,88397.205,2.54,False,87699.4128,3.309,False,,,,,,,
BTCUSDT,SELL,10043,88033.9,win,15.311,0.485,274.7575,89313.657,88308.6575,0.312,True,88446.0362,0.468,True,88583.415,0.624,False,88858.1725,0.936,False,89313.657,1.454,False,89401.6909,1.554,False,88474.0695,0.5,False,88914.239,1.0,False,89354.4085,1.5,False,89794.578,2.0,False,90674.917,3.0,False,88033.9,,,,,,89589.5,1.767,False,,,,,,,
BTCUSDT,SELL,10576,75120.3,win,20.394,2.439,544.9421,78751.4579,75665.2421,0.725,True,75937.7131,1.088,True,76210.1842,1.451,True,76755.1263,2.176,True,78751.4579,4.834,False,78826.5782,4.934,False,75495.9015,0.5,True,75871.503,1.0,True,76247.1045,1.5,True,76622.706,2.0,True,77373.909,3.0,False,75120.3,,75369.1,,,,77377.5002,3.005,False,,,,,,,
BTCUSDT,BUY,10858,69220.6,win,4.449,2.847,668.1522,65634.6161,68552.4478,0.965,True,68218.3717,1.448,True,67884.2956,1.931,True,67216.1434,2.896,False,65634.6161,5.181,False,65565.3955,5.281,False,68874.497,0.5,True,68528.394,1.0,True,68182.291,1.5,True,67836.188,2.0,True,67143.982,3.0,False,69220.6,,,,,,,,,,,,,,,
BTCUSDT,SELL,11718,69174.0,win,5.173,1.354,264.8694,70184.9961,69438.8694,0.383,True,69571.3041,0.574,True,69703.7388,0.766,True,69968.6082,1.149,True,70184.9961,1.462,False,70254.1701,1.562,False,69519.87,0.5,True,69865.74,1.0,True,70211.61,1.5,False,70557.48,2.0,False,71249.22,3.0,False,69174.0,,,71044.9077,2.705,False,70296.7265,1.623,False,,,,,,,
BTCUSDT,BUY,12625,65860.4,win,6.284,1.731,376.189,63618.3032,65484.211,0.571,True,65296.1165,0.857,True,65108.022,1.142,True,64731.833,1.714,True,63618.3032,3.404,False,63552.4428,3.504,False,65531.098,0.5,True,65201.796,1.0,True,64872.494,1.5,True,64543.192,2.0,False,63884.588,3.0,False,65860.4,,,,,,64041.894,2.761,False,,,,,,,
BTCUSDT,SELL,12800,67406.8,win,6.568,1.16,304.7046,68189.3707,67711.5046,0.452,True,67863.8569,0.678,True,68016.2092,0.904,True,68320.9138,1.356,False,68189.3707,1.161,False,68256.7775,1.261,False,67743.834,0.5,True,68080.868,1.0,True,68417.902,1.5,False,68754.936,2.0,False,69429.004,3.0,False,67406.8,,67529.6,,,,,,,,,,,,,
BTCUSDT,BUY,12987,66723.9,win,5.06,2.567,422.9019,64288.0208,66300.9981,0.634,True,66089.5471,0.951,True,65878.0962,1.268,True,65455.1943,1.901,True,64288.0208,3.651,False,64221.2969,3.751,False,66390.2805,0.5,True,66056.661,1.0,True,65723.0415,1.5,True,65389.422,2.0,True,64722.183,3.0,False,66723.9,,,,,,63961.4745,4.14,False,,,,,,,
BTCUSDT,SELL,13234,66462.9,lose,0.576,4.852,310.7839,68357.7041,66773.6839,0.468,True,66929.0758,0.701,True,67084.4678,0.935,True,67395.2517,1.403,True,68357.7041,2.851,True,68424.167,2.951,True,66795.2145,0.5,True,67127.529,1.0,True,67459.8435,1.5,True,67792.158,2.0,True,68456.787,3.0,True,66462.9,,66685.9,,,,67400.333,1.41,True,,,,,,,
BTCUSDT,BUY,13322,69393.7,win,6.705,0.423,373.9486,67364.2657,69019.7514,0.539,False,68832.7771,0.808,False,68645.8028,1.078,False,68271.8542,1.617,False,67364.2657,2.925,False,67294.872,3.025,False,69046.7315,0.5,False,68699.763,1.0,False,68352.7945,1.5,False,68005.826,2.0,False,67311.889,3.0,False,69393.7,,69332.6,67248.975,3.091,False,65481.5529,5.638,False,,,,,,,
BTCUSDT,SELL,13479,71187.2,win,7.892,0.281,284.9729,72295.8414,71472.1729,0.4,False,71614.6594,0.6,False,71757.1458,0.801,False,72042.1187,1.201,False,72295.8414,1.557,False,72367.0286,1.657,False,71543.136,0.5,False,71899.072,1.0,False,72255.008,1.5,False,72610.944,2.0,False,73322.816,3.0,False,71187.2,,,,,,72889.817,2.392,False,,,,,,,
BTCUSDT,BUY,13828,69377.9,win,6.475,1.698,377.7555,67007.5579,69000.1445,0.544,True,68811.2667,0.817,True,68622.389,1.089,True,68244.6335,1.633,True,67007.5579,3.417,False,66938.18,3.517,False,69031.0105,0.5,True,68684.121,1.0,True,68337.2315,1.5,True,67990.342,2.0,False,67296.563,3.0,False,69377.9,,,,,,65534.4,5.54,False,,,,,,,
BTCUSDT,SELL,14254,70656.7,lose,0.567,1.377,234.751,71855.9275,70891.451,0.332,True,71008.8265,0.498,True,71126.202,0.664,True,71360.953,0.997,True,71855.9275,1.697,False,71926.5842,1.797,False,71009.9835,0.5,True,71363.267,1.0,True,71716.5505,1.5,False,72069.834,2.0,False,72776.401,3.0,False,70656.7,,,,,,71221.15,0.799,True,,,,,,,
BTCUSDT,BUY,14364,71541.9,win,6.23,0.45,172.5702,70724.6789,71369.3298,0.241,True,71283.0447,0.362,True,71196.7596,0.482,False,71024.1894,0.724,False,70724.6789,1.142,False,70653.137,1.242,False,71184.1905,0.5,False,70826.481,1.0,False,70468.7715,1.5,False,70111.062,2.0,False,69395.643,3.0,False,71541.9,,,,,,70567.362,1.362,False,,,,,,,
BTCUSDT,SELL,14684,72393.2,win,7.035,0.213,274.1267,74303.8063,72667.3267,0.379,False,72804.3901,0.568,False,72941.4534,0.757,False,73215.5801,1.136,False,74303.8063,2.639,False,74376.1995,2.739,False,72755.166,0.5,False,73117.132,1.0,False,73479.098,1.5,False,73841.064,2.0,False,74564.996,3.0,False,72393.2,,72458.5,,,,74381.6073,2.747,False,,,,,,,
BTCUSDT,SELL,15278,69205.2,lose,0.463,3.056,334.6903,70797.7475,69539.8903,0.484,True,69707.2354,0.725,True,69874.5806,0.967,True,70209.2709,1.451,True,70797.7475,2.301,True,70866.9527,2.401,True,69551.226,0.5,True,69897.252,1.0,True,70243.278,1.5,True,70589.304,2.0,True,71281.356,3.0,True,69205.2,,69263.9,,,,71539.468,3.373,False,,,,,,,
BTCUSDT,SELL,15433,70053.8,win,6.499,0.111,212.0526,71005.7473,70265.8526,0.303,False,70371.8789,0.454,False,70477.9052,0.605,False,70689.9578,0.908,False,71005.7473,1.359,False,71075.8011,1.459,False,70404.069,0.5,False,70754.338,1.0,False,71104.607,1.5,False,71454.876,2.0,False,72155.414,3.0,False,70053.8,,,,,,71677.606,2.318,False,,,,,,,
BTCUSDT,BUY,15975,68224.2,lose,1.559,2.592,274.6891,66863.1044,67949.5109,0.403,True,67812.1663,0.604,True,67674.8218,0.805,True,67400.1327,1.208,True,66863.1044,1.995,True,66794.8802,2.095,True,67883.079,0.5,True,67541.958,1.0,True,67200.837,1.5,True,66859.716,2.0,True,66177.474,3.0,False,68224.2,,,,,,66550.6827,2.453,True,,,,,,,
BTCUSDT,SELL,16415,66676.6,lose,0.016,1.728,96.7182,67150.8001,66773.3182,0.145,True,66821.6773,0.218,True,66870.0364,0.29,True,66966.7546,0.435,True,67150.8001,0.711,True,67217.4767,0.811,True,67009.983,0.5,True,67343.366,1.0,True,67676.749,1.5,True,68010.132,2.0,False,68676.898,3.0,False,66676.6,,66863.8,,,,67417.35,1.111,True,,,,,,,
BTCUSDT,BUY,16445,67636.7,win,3.986,0.478,138.66,66877.6665,67498.04,0.205,True,67428.71,0.308,True,67359.38,0.41,True,67220.72,0.615,False,66877.6665,1.122,False,66810.0298,1.222,False,67298.5165,0.5,False,66960.333,1.0,False,66622.1495,1.5,False,66283.966,2.0,False,65607.599,3.0,False,67636.7,,67511.3,,,,66685.1481,1.407,False,,,,,,,
BTCUSDT,BUY,16644,70726.3,win,4.308,0.422,388.0506,68398.3236,70338.2494,0.549,False,70144.2241,0.823,False,69950.1988,1.097,False,69562.1482,1.646,False,68398.3236,3.292,False,68327.5973,3.392,False,70372.6685,0.5,False,70019.037,1.0,False,69665.4055,1.5,False,69311.774,2.0,False,68604.511,3.0,False,70726.3,,70707.0,67609.4335,4.407,False,69110.82,2.284,False,,,,,,,
BTCUSDT,SELL,17043,71737.3,lose,1.783,0.967,295.0491,73348.3496,72032.3491,0.411,True,72179.8737,0.617,True,72327.3982,0.823,True,72622.4473,1.234,False,73348.3496,2.246,False,73420.0869,2.346,False,72095.9865,0.5,True,72454.673,1.0,False,72813.3595,1.5,False,73172.046,2.0,False,73889.419,3.0,False,71737.3,,,73884.0601,2.993,False,73052.3794,1.833,False,,,,,,,
BTCUSDT,BUY,17193,71823.6,win,9.017,0.27,279.029,70757.9001,71544.571,0.388,False,71405.0565,0.583,False,71265.542,0.777,False,70986.513,1.165,False,70757.9001,1.484,False,70686.0765,1.584,False,71464.482,0.5,False,71105.364,1.0,False,70746.246,1.5,False,70387.128,2.0,False,69668.892,3.0,False,71823.6,,,,,,70590.6387,1.717,False,,,,,,,
BTCUSDT,SELL,17655,76034.5,win,3.111,0.405,181.5754,76963.6237,76216.0754,0.239,True,76306.8631,0.358,True,76397.6508,0.478,False,76579.2262,0.716,False,76963.6237,1.222,False,77039.6582,1.322,False,76414.6725,0.5,False,76794.845,1.0,False,77175.0175,1.5,False,77555.19,2.0,False,78315.535,3.0,False,76034.5,,76061.8,,,,,,,,,,,,,
BTCUSDT,BUY,17874,76237.4,win,4.206,1.914,336.9096,74304.8463,75900.4904,0.442,True,75732.0356,0.663,True,75563.5808,0.884,True,75226.6712,1.326,True,74304.8463,2.535,False,74228.6089,2.635,False,75856.213,0.5,True,75475.026,1.0,True,75093.839,1.5,True,74712.652,2.0,False,73950.278,3.0,False,76237.4,,76038.5,,,,74504.1213,2.274,False,,,,,,,
BTCUSDT,BUY,18871,77147.2,win,7.364,0.406,178.4369,75992.1881,76968.7631,0.231,True,76879.5446,0.347,True,76790.3262,0.463,False,76611.8893,0.694,False,75992.1881,1.497,False,75915.0409,1.597,False,76761.464,0.5,False,76375.728,1.0,False,75989.992,1.5,False,75604.256,2.0,False,74832.784,3.0,False,77147.2,,77030.2,76040.8674,1.434,False,76575.1482,0.742,False,,,,,,,
BTCUSDT,SELL,19480,80940.0,win,2.227,0.27,188.7766,81613.4918,81128.7766,0.233,True,81223.1649,0.35,False,81317.5532,0.466,False,81506.3298,0.7,False,81613.4918,0.832,False,81694.4318,0.932,False,81344.7,0.5,False,81749.4,1.0,False,82154.1,1.5,False,82558.8,2.0,False,83368.2,3.0,False,80940.0,,81069.6,81803.1209,1.066,False,81959.878,1.26,False,,,,,,,
BTCUSDT,BUY,19695,80778.4,win,2.082,0.685,120.0983,80076.9998,80658.3017,0.149,True,80598.2525,0.223,True,80538.2034,0.297,True,80418.1051,0.446,True,80076.9998,0.868,False,79996.2214,0.968,False,80374.508,0.5,True,79970.616,1.0,False,79566.724,1.5,False,79162.832,2.0,False,78355.048,3.0,False,80778.4,,,,,,80260.3593,0.641,True,,,,,,,
BTCUSDT,SELL,20936,76685.6,win,3.237,0.501,188.8477,77667.4019,76874.4477,0.246,True,76968.8716,0.369,True,77063.2954,0.493,True,77252.1431,0.739,False,77667.4019,1.28,False,77744.0875,1.38,False,77069.028,0.5,True,77452.456,1.0,False,77835.884,1.5,False,78219.312,2.0,False,78986.168,3.0,False,76685.6,,,,,,77362.9857,0.883,False,,,,,,,
BTCUSDT,BUY,21046,75766.0,win,2.801,0.0,158.7331,75056.9521,75607.2669,0.21,False,75527.9003,0.314,False,75448.5338,0.419,False,75289.8007,0.629,False,75056.9521,0.936,False,74981.1861,1.036,False,75387.17,0.5,False,75008.34,1.0,False,74629.51,1.5,False,74250.68,2.0,False,73493.02,3.0,False,75766.0,,,,,,74129.3964,2.16,False,,,,,,,
BTCUSDT,SELL,21858,73259.4,win,19.355,0.052,185.2327,74059.125,73444.6327,0.253,False,73537.249,0.379,False,73629.8654,0.506,False,73815.0981,0.759,False,74059.125,1.092,False,74132.3844,1.192,False,73625.697,0.5,False,73991.994,1.0,False,74358.291,1.5,False,74724.588,2.0,False,75457.182,3.0,False,73259.4,,73297.3,74291.1698,1.408,False,73914.9411,0.895,False,74207.52,1.294,False,74041.8,1.068,False,
BTCUSDT,BUY,22434,61643.3,win,4.229,0.92,221.749,60799.6518,61421.551,0.36,True,61310.6765,0.54,True,61199.802,0.719,True,60978.053,1.079,False,60799.6518,1.369,False,60738.0085,1.469,False,61335.0835,0.5,True,61026.867,1.0,False,60718.6505,1.5,False,60410.434,2.0,False,59794.001,3.0,False,61643.3,,,,,,60660.1791,1.595,False,,,,,,,
BTCUSDT,SELL,23158,63757.6,lose,0.064,2.971,125.7648,64341.522,63883.3648,0.197,True,63946.2472,0.296,True,64009.1296,0.395,True,64134.8944,0.592,True,64341.522,0.916,True,64405.2796,1.016,True,64076.388,0.5,True,64395.176,1.0,True,64713.964,1.5,True,65032.752,2.0,True,65670.328,3.0,False,63757.6,,63857.5,,,,64354.3901,0.936,True,,,,,,,
BTCUSDT,BUY,23169,65284.4,win,3.019,0.561,233.4843,63805.584,65050.9157,0.358,True,64934.1735,0.536,True,64817.4314,0.715,False,64583.9471,1.073,False,63805.584,2.265,False,63740.2996,2.365,False,64957.978,0.5,True,64631.556,1.0,False,64305.134,1.5,False,63978.712,2.0,False,63325.868,3.0,False,65284.4,,65235.2,63554.525,2.65,False,64011.8241,1.949,False,,,,,,,
BTCUSDT,BUY,23667,63382.2,win,3.495,0.388,129.5093,62964.3419,63252.6907,0.204,True,63187.936,0.306,True,63123.1814,0.409,False,62993.6721,0.613,False,62964.3419,0.659,False,62900.9597,0.759,False,63065.289,0.5,False,62748.378,1.0,False,62431.467,1.5,False,62114.556,2.0,False,61480.734,3.0,False,63382.2,,,,,,63203.1336,0.283,True,,,,,,,
BTCUSDT,SELL,23968,63409.9,win,6.86,0.03,170.364,64508.6514,63580.264,0.269,False,63665.446,0.403,False,63750.628,0.537,False,63920.992,0.806,False,64508.6514,1.733,False,64572.0613,1.833,False,63726.9495,0.5,False,64043.999,1.0,False,64361.0485,1.5,False,64678.098,2.0,False,65312.197,3.0,False,63409.9,,,,,,64446.9826,1.636,False,,,,,,,
BTCUSDT,BUY,24167,61774.1,lose,0.254,6.061,195.4977,60752.9628,61578.6023,0.316,True,61480.8534,0.475,True,61383.1046,0.633,True,61187.6069,0.949,True,60752.9628,1.653,True,60691.1887,1.753,True,61465.2295,0.5,True,61156.359,1.0,True,60847.4885,1.5,True,60538.618,2.0,True,59920.877,3.0,True,61774.1,,,60557.028,1.97,True,60879.9591,1.447,True,,,,,,,
BTCUSDT,BUY,24388,60607.3,lose,0.524,1.705,120.8215,59892.576,60486.4785,0.199,True,60426.0678,0.299,True,60365.657,0.399,True,60244.8355,0.598,True,59892.576,1.179,True,59831.9687,1.279,True,60304.2635,0.5,True,60001.227,1.0,True,59698.1905,1.5,True,59395.154,2.0,False,58789.081,3.0,False,60607.3,,,60071.757,0.884,True,58561.38,3.376,False,,,,,,,
BTCUSDT,SELL,24492,59589.9,win,3.073,1.961,162.2315,60415.9797,59752.1315,0.272,True,59833.2473,0.408,True,59914.363,0.544,True,60076.5945,0.817,True,60415.9797,1.386,True,60475.5696,1.486,True,59887.8495,0.5,True,60185.799,1.0,True,60483.7485,1.5,True,60781.698,2.0,False,61377.597,3.0,False,59589.9,,59768.3,,,,60330.1699,1.242,True,,,,,,,
BTCUSDT,BUY,25267,63735.4,lose,1.501,2.04,308.3818,62493.7337,63427.0182,0.484,True,63272.8273,0.726,True,63118.6364,0.968,True,62810.2546,1.452,True,62493.7337,1.948,True,62429.9983,2.048,False,63416.723,0.5,True,63098.046,1.0,True,62779.369,1.5,True,62460.692,2.0,True,61823.338,3.0,False,63735.4,,,61205.0545,3.97,False,62398.9386,2.097,False,61262.34,3.88,False,61470.3,3.554,False,
BTCUSDT,SELL,25411,62592.1,lose,1.713,1.109,182.5043,63529.2399,62774.6043,0.292,True,62865.8564,0.437,True,62957.1086,0.583,True,63139.6129,0.875,True,63529.2399,1.497,False,63591.832,1.597,False,62905.0605,0.5,True,63218.021,1.0,True,63530.9815,1.5,False,63843.942,2.0,False,64469.863,3.0,False,62592.1,,,,,,63489.9265,1.434,False,,,,,,,
BTCUSDT,BUY,26014,63764.2,win,2.863,0.336,193.0675,62410.8642,63571.1325,0.303,True,63474.5987,0.454,False,63378.065,0.606,False,63184.9975,0.908,False,62410.8642,2.122,False,62347.1,2.222,False,63445.379,0.5,False,63126.558,1.0,False,62807.737,1.5,False,62488.916,2.0,False,61851.274,3.0,False,63764.2,,63726.1,,,,62759.7774,1.575,False,,,,,,,
BTCUSDT,SELL,26190,64086.5,win,2.468,1.23,171.0713,64951.1541,64257.5713,0.267,True,64343.107,0.4,True,64428.6426,0.534,True,64599.7139,0.801,True,64951.1541,1.349,False,65015.2406,1.449,False,64406.9325,0.5,True,64727.365,1.0,True,65047.7975,1.5,False,65368.23,2.0,False,66009.095,3.0,False,64086.5,,,65071.9618,1.538,False,65195.13,1.73,False,,,,,,,
BTCUSDT,BUY,26607,65476.4,win,2.211,0.71,242.1152,64228.371,65234.2848,0.37,True,65113.2272,0.555,True,64992.1696,0.74,False,64750.0544,1.109,False,64228.371,1.906,False,64162.8946,2.006,False,65149.018,0.5,True,64821.636,1.0,False,64494.254,1.5,False,64166.872,2.0,False,63512.108,3.0,False,65476.4,,,,,,64251.684,1.87,False,,,,,,,
BTCUSDT,SELL,26789,65770.2,win,3.199,0.902,176.0609,66371.7786,65946.2609,0.268,True,66034.2913,0.402,True,66122.3218,0.535,True,66298.3827,0.803,True,66371.7786,0.915,False,66437.5488,1.015,False,66099.051,0.5,True,66427.902,1.0,False,66756.753,1.5,False,67085.604,2.0,False,67743.306,3.0,False,65770.2,,65849.8,,,,66546.48,1.18,False,,,,,,,
BTCUSDT,SELL,27301,63755.5,lose,1.718,1.113,185.1608,65192.5324,63940.6608,0.29,True,64033.2412,0.436,True,64125.8216,0.581,True,64310.9824,0.871,True,65192.5324,2.254,False,65256.2879,2.354,False,64074.2775,0.5,True,64393.055,1.0,True,64711.8325,1.5,False,65030.61,2.0,False,65668.165,3.0,False,63755.5,,63819.5,,,,65788.2225,3.188,False,,,,,,,
BTCUSDT,BUY,27430,64435.9,lose,1.483,1.865,147.2381,63599.156,64288.6619,0.229,True,64215.0428,0.343,True,64141.4238,0.457,True,63994.1857,0.686,True,63599.156,1.299,True,63534.7201,1.399,True,64113.7205,0.5,True,63791.541,1.0,True,63469.3615,1.5,True,63147.182,2.0,False,62502.823,3.0,False,64435.9,,64360.1,,,,,,,,,,,,,
BTCUSDT,SELL,27628,63818.6,win,2.491,0.256,139.4383,64638.7945,63958.0383,0.218,True,64027.7574,0.328,False,64097.4766,0.437,False,64236.9149,0.655,False,64638.7945,1.285,False,64702.6131,1.385,False,64137.693,0.5,False,64456.786,1.0,False,64775.879,1.5,False,65094.972,2.0,False,65733.158,3.0,False,63818.6,,,65489.387,2.618,False,65788.2225,3.086,False,,,,,,,
BTCUSDT,BUY,27798,63393.0,lose,0.609,1.068,122.4316,62703.8697,63270.5684,0.193,True,63209.3526,0.29,True,63148.1368,0.386,True,63025.7052,0.579,True,62703.8697,1.087,True,62640.4767,1.187,True,63076.035,0.5,True,62759.07,1.0,True,62442.105,1.5,False,62125.14,2.0,False,61491.21,3.0,False,63393.0,,,,,,62862.6744,0.837,True,,,,,,,
BTCUSDT,SELL,28473,64758.9,lose,0.018,0.751,42.6435,64984.3758,64801.5435,0.066,True,64822.8653,0.099,True,64844.187,0.132,True,64886.8305,0.198,True,64984.3758,0.348,True,65049.1347,0.448,True,65082.6945,0.5,True,65406.489,1.0,False,65730.2835,1.5,False,66054.078,2.0,False,66701.667,3.0,False,64758.9,,64804.1,,,,65036.6717,0.429,True,,,,,,,
BTCUSDT,SELL,28613,64594.6,win,2.141,0.15,136.0847,65265.5864,64730.6847,0.211,False,64798.7271,0.316,False,64866.7694,0.421,False,65002.8541,0.632,False,65265.5864,1.039,False,65330.181,1.139,False,64917.573,0.5,False,65240.546,1.0,False,65563.519,1.5,False,65886.492,2.0,False,66532.438,3.0,False,64594.6,,64691.2,65446.4226,1.319,False,65204.139,0.944,False,,,,,,,
BTCUSDT,SELL,29223,62825.4,lose,0.162,1.189,95.7413,63200.5554,62921.1413,0.152,True,62969.012,0.229,True,63016.8826,0.305,True,63112.6239,0.457,True,63200.5554,0.597,True,63263.3808,0.697,True,63139.527,0.5,True,63453.654,1.0,True,63767.781,1.5,False,64081.908,2.0,False,64710.162,3.0,False,62825.4,,,63465.055,1.018,True,63102.6396,0.441,True,62835.76,0.016,True,,,,
BTCUSDT,SELL,29825,76065.0,lose,0.256,2.62,277.7749,77547.1969,76342.7749,0.365,True,76481.6623,0.548,True,76620.5498,0.73,True,76898.3247,1.096,True,77547.1969,1.949,True,77623.2619,2.049,True,76445.325,0.5,True,76825.65,1.0,True,77205.975,1.5,True,77586.3,2.0,True,78346.95,3.0,False,76065.0,,76354.8,,,,78668.4899,3.423,False,76431.48,0.482,True,,,,
BTCUSDT,BUY,29889,77808.7,win,2.784,1.49,219.1888,76756.6044,77589.5112,0.282,True,77479.9168,0.423,True,77370.3224,0.563,True,77151.1336,0.845,True,76756.6044,1.352,True,76678.7957,1.452,True,77419.6565,0.5,True,77030.613,1.0,True,76641.5695,1.5,False,76252.526,2.0,False,75474.439,3.0,False,77808.7,,77350.0,,,,76433.49,1.767,False,,,,,,,
DOGEUSDT,SELL,13,0.1947,win,9.909,0.01,0.0026,0.2016,0.1973,1.335,False,0.1986,2.003,False,0.1999,2.671,False,0.2025,4.006,False,0.2016,3.544,False,0.2018,3.644,False,0.1957,0.5,False,0.1966,1.0,False,0.1976,1.5,False,0.1986,2.0,False,0.2005,3.0,False,0.1947,,,,,,,,,,,,,,,
DOGEUSDT,BUY,488,0.2051,lose,0.224,6.221,0.0019,0.1939,0.2032,0.926,True,0.2023,1.39,True,0.2013,1.853,True,0.1994,2.779,True,0.1939,5.461,True,0.1937,5.561,True,0.2041,0.5,True,0.203,1.0,True,0.202,1.5,True,0.201,2.0,True,0.1989,3.0,True,0.2051,,0.20168,0.1917,6.532,False,0.2002,2.389,True,,,,,,,
DOGEUSDT,SELL,536,0.193,win,4.405,1.503,0.0012,0.1993,0.1942,0.622,True,0.1948,0.933,True,0.1954,1.244,True,0.1966,1.865,False,0.1993,3.264,False,0.1995,3.364,False,0.194,0.5,True,0.1949,1.0,True,0.1959,1.5,False,0.1969,2.0,False,0.1988,3.0,False,0.193,,,,,,0.202,4.664,False,,,,,,,
DOGEUSDT,BUY,663,0.1943,win,3.521,1.493,0.0008,0.1914,0.1935,0.412,True,0.1931,0.618,True,0.1927,0.823,True,0.1919,1.235,True,0.1914,1.493,True,0.1912,1.593,False,0.1933,0.5,True,0.1924,1.0,True,0.1914,1.5,False,0.1904,2.0,False,0.1885,3.0,False,0.1943,0.1914,,,,,0.1843,5.139,False,,,,,,,
DOGEUSDT,SELL,924,0.1953,lose,0.133,2.868,0.0005,0.1973,0.1958,0.256,True,0.1961,0.384,True,0.1963,0.512,True,0.1968,0.768,True,0.1973,1.024,True,0.1975,1.124,True,0.1963,0.5,True,0.1973,1.0,True,0.1982,1.5,True,0.1992,2.0,True,0.2012,3.0,False,0.1953,,,,,,0.197,0.869,True,,,,,,,
DOGEUSDT,BUY,947,0.1989,win,5.288,0.337,0.0008,0.1956,0.1981,0.402,False,0.1977,0.603,False,0.1973,0.804,False,0.1965,1.207,False,0.1956,1.659,False,0.1954,1.759,False,0.1979,0.5,False,0.1969,1.0,False,0.1959,1.5,False,0.1949,2.0,False,0.1929,3.0,False,0.1989,,,0.1942,2.364,False,0.1958,1.557,False,,,,,,,
DOGEUSDT,SELL,1090,0.2021,win,12.757,0.455,0.0011,0.2057,0.2032,0.544,False,0.2038,0.816,False,0.2043,1.089,False,0.2054,1.633,False,0.2057,1.781,False,0.2059,1.881,False,0.2031,0.5,False,0.2041,1.0,False,0.2051,1.5,False,0.2061,2.0,False,0.2082,3.0,False,0.2021,,,0.2059,1.899,False,0.2076,2.725,False,0.2057,1.791,False,0.2052,1.524,False,
DOGEUSDT,SELL,2023,0.1608,win,2.449,3.998,0.0011,0.1658,0.1619,0.684,True,0.1625,1.026,True,0.163,1.368,True,0.1641,2.052,True,0.1658,3.109,True,0.166,3.209,True,0.1616,0.5,True,0.1624,1.0,True,0.1632,1.5,True,0.164,2.0,True,0.1656,3.0,True,0.1608,,,,,,0.1739,8.13,False,,,,,,,
DOGEUSDT,BUY,2097,0.165,win,11.105,3.298,0.0009,0.1622,0.1641,0.545,True,0.1637,0.818,True,0.1632,1.091,True,0.1623,1.636,True,0.1622,1.697,True,0.162,1.797,True,0.1642,0.5,True,0.1633,1.0,True,0.1625,1.5,True,0.1617,2.0,True,0.16,3.0,True,0.165,,,,,,,,,,,,,,,
DOGEUSDT,SELL,2262,0.1726,lose,0.886,4.298,0.0009,0.1775,0.1735,0.521,True,0.1739,0.782,True,0.1744,1.043,True,0.1753,1.564,True,0.1775,2.839,True,0.1777,2.939,True,0.1735,0.5,True,0.1743,1.0,True,0.1752,1.5,True,0.1761,2.0,True,0.1778,3.0,True,0.1726,,0.17316,0.1768,2.425,True,0.1808,4.74,False,,,,,,,
DOGEUSDT,BUY,2329,0.18,win,3.516,3.244,0.001,0.1743,0.179,0.556,True,0.1785,0.833,True,0.178,1.111,True,0.177,1.667,True,0.1743,3.167,True,0.1741,3.267,False,0.1791,0.5,True,0.1782,1.0,True,0.1773,1.5,True,0.1764,2.0,True,0.1746,3.0,True,0.18,,0.17919,,,,0.1787,0.71,True,,,,,,,
DOGEUSDT,SELL,2515,0.175,win,2.383,1.983,0.0012,0.1802,0.1762,0.686,True,0.1768,1.029,True,0.1774,1.371,True,0.1786,2.057,False,0.1802,2.971,False,0.1804,3.071,False,0.1759,0.5,True,0.1767,1.0,True,0.1776,1.5,True,0.1785,2.0,False,0.1802,3.0,False,0.175,,,0.1791,2.319,False,0.1808,3.303,False,0.1791,2.332,False,0.1773,1.334,True,
DOGEUSDT,SELL,2606,0.1687,lose,0.931,4.95,0.0016,0.177,0.1703,0.948,True,0.1711,1.423,True,0.1719,1.897,True,0.1735,2.845,True,0.177,4.92,True,0.1772,5.02,False,0.1695,0.5,True,0.1704,1.0,True,0.1712,1.5,True,0.1721,2.0,True,0.1738,3.0,True,0.1687,,,0.1787,5.956,False,0.1808,7.161,False,0.1786,5.852,False,0.178,5.522,False,
DOGEUSDT,SELL,2706,0.1645,win,9.274,0.997,0.0016,0.1755,0.1661,0.973,True,0.1669,1.459,False,0.1677,1.945,False,0.1693,2.918,False,0.1755,6.687,False,0.1757,6.787,False,0.1653,0.5,True,0.1661,1.0,True,0.167,1.5,False,0.1678,2.0,False,0.1694,3.0,False,0.1645,,0.16508,0.1779,8.15,False,0.1808,9.897,False,0.1781,8.265,False,0.1754,6.602,False,
DOGEUSDT,BUY,3187,0.1611,lose,1.142,5.004,0.0011,0.1554,0.16,0.683,True,0.1594,1.024,True,0.1589,1.366,True,0.1578,2.048,True,0.1554,3.538,True,0.1552,3.638,True,0.1603,0.5,True,0.1595,1.0,True,0.1587,1.5,True,0.1579,2.0,True,0.1563,3.0,True,0.1611,,0.16084,,,,0.158,1.898,True,,,,,,,
DOGEUSDT,SELL,3275,0.1533,win,4.096,3.385,0.0013,0.1602,0.1546,0.848,True,0.1552,1.272,True,0.1559,1.696,True,0.1572,2.544,True,0.1602,4.501,False,0.1604,4.601,False,0.1541,0.5,True,0.1548,1.0,True,0.1556,1.5,True,0.1564,2.0,True,0.1579,3.0,True,0.1533,,0.15366,0.1599,4.331,False,0.1608,4.867,False,,,,,,,
DOGEUSDT,BUY,3612,0.1437,win,7.082,1.294,0.0008,0.139,0.1429,0.557,True,0.1425,0.835,True,0.1421,1.113,True,0.1413,1.67,False,0.139,3.271,False,0.1389,3.371,False,0.143,0.5,True,0.1423,1.0,True,0.1415,1.5,False,0.1408,2.0,False,0.1394,3.0,False,0.1437,,0.14352,,,,0.1338,6.913,False,,,,,,,
DOGEUSDT,BUY,3953,0.1557,lose,0.681,3.655,0.0011,0.1493,0.1546,0.706,True,0.154,1.06,True,0.1535,1.413,True,0.1524,2.119,True,0.1493,4.11,False,0.1491,4.21,False,0.1549,0.5,True,0.1541,1.0,True,0.1534,1.5,True,0.1526,2.0,True,0.151,3.0,True,0.1557,,,0.1483,4.729,False,0.1338,14.087,False,,,,,,,
DOGEUSDT,BUY,4515,0.1389,win,10.426,0.194,0.0006,0.1354,0.1383,0.432,False,0.138,0.648,False,0.1377,0.864,False,0.1371,1.296,False,0.1354,2.52,False,0.1353,2.62,False,0.1382,0.5,False,0.1375,1.0,False,0.1368,1.5,False,0.1361,2.0,False,0.1347,3.0,False,0.1389,,,0.1342,3.414,False,0.133,4.271,False,,,,,,,
DOGEUSDT,SELL,4751,0.1479,win,8.902,0.223,0.0006,0.1502,0.1485,0.406,False,0.1488,0.609,False,0.1491,0.811,False,0.1497,1.217,False,0.1502,1.555,False,0.1503,1.655,False,0.1486,0.5,False,0.1494,1.0,False,0.1501,1.5,False,0.1509,2.0,False,0.1523,3.0,False,0.1479,,,,,,0.1495,1.115,False,,,,,,,
DOGEUSDT,BUY,5021,0.1421,win,2.063,4.435,0.0007,0.1388,0.1414,0.493,True,0.1411,0.739,True,0.1407,0.985,True,0.14,1.478,True,0.1388,2.322,True,0.1387,2.422,True,0.1414,0.5,True,0.1407,1.0,True,0.14,1.5,True,0.1393,2.0,True,0.1378,3.0,True,0.1421,0.1388,0.14067,0.1346,5.294,False,0.1394,1.928,True,,,,,,,
DOGEUSDT,SELL,5175,0.1402,lose,0.064,6.592,0.0005,0.1422,0.1407,0.357,True,0.1409,0.535,True,0.1412,0.713,True,0.1417,1.07,True,0.1422,1.427,True,0.1423,1.527,True,0.1409,0.5,True,0.1416,1.0,True,0.1423,1.5,True,0.143,2.0,True,0.1444,3.0,True,0.1402,,0.14052,,,,0.1449,3.384,True,,,,,,,
DOGEUSDT,BUY,5194,0.1492,win,2.668,4.64,0.0013,0.1398,0.1479,0.871,True,0.1472,1.307,True,0.1466,1.743,True,0.1453,2.614,True,0.1398,6.3,False,0.1397,6.4,False,0.1485,0.5,True,0.1477,1.0,True,0.147,1.5,True,0.1462,2.0,True,0.1447,3.0,True,0.1492,,0.14862,,,,0.1424,4.586,True,,,,,,,
DOGEUSDT,SELL,5321,0.1432,win,6.339,0.195,0.0013,0.1487,0.1445,0.908,False,0.1452,1.362,False,0.1458,1.816,False,0.1471,2.723,False,0.1487,3.841,False,0.1488,3.941,False,0.1439,0.5,False,0.1446,1.0,False,0.1453,1.5,False,0.1461,2.0,False,0.1475,3.0,False,0.1432,,,0.1505,5.109,False,0.1449,1.218,False,,,,,,,
DOGEUSDT,BUY,5562,0.1396,lose,0.244,2.858,0.0004,0.1374,0.1392,0.287,True,0.139,0.43,True,0.1388,0.573,True,0.1384,0.86,True,0.1374,1.576,True,0.1373,1.676,True,0.1389,0.5,True,0.1382,1.0,True,0.1375,1.5,True,0.1368,2.0,True,0.1354,3.0,False,0.1396,,0.13932,,,,0.1385,0.816,True,,,,,,,
DOGEUSDT,SELL,5657,0.1367,win,7.446,1.221,0.0005,0.1388,0.1372,0.366,True,0.1374,0.549,True,0.1377,0.732,True,0.1382,1.097,True,0.1388,1.536,False,0.1389,1.636,False,0.1374,0.5,True,0.1381,1.0,True,0.1388,1.5,False,0.1394,2.0,False,0.1408,3.0,False,0.1367,,,,,,0.1377,0.759,True,,,,,,,
DOGEUSDT,BUY,5895,0.1315,win,3.627,4.768,0.0005,0.13,0.131,0.38,True,0.1308,0.57,True,0.1305,0.76,True,0.13,1.141,True,0.13,1.141,True,0.1299,1.241,True,0.1308,0.5,True,0.1302,1.0,True,0.1295,1.5,True,0.1289,2.0,True,0.1276,3.0,True,0.1315,,,,,,0.1291,1.847,True,,,,,,,
DOGEUSDT,SELL,5972,0.1258,win,4.707,3.904,0.0014,0.133,0.1272,1.113,True,0.1279,1.669,True,0.1286,2.226,True,0.13,3.339,True,0.133,5.723,False,0.1331,5.823,False,0.1264,0.5,True,0.1271,1.0,True,0.1277,1.5,True,0.1283,2.0,True,0.1296,3.0,True,0.1258,,0.12598,0.1365,8.493,False,0.1327,5.511,False,,,,,,,
DOGEUSDT,BUY,6120,0.1278,win,4.477,0.29,0.0008,0.1234,0.127,0.626,False,0.1266,0.939,False,0.1262,1.252,False,0.1254,1.878,False,0.1234,3.443,False,0.1233,3.543,False,0.1272,0.5,False,0.1265,1.0,False,0.1259,1.5,False,0.1252,2.0,False,0.124,3.0,False,0.1278,,,,,,0.1217,4.79,False,,,,,,,
DOGEUSDT,SELL,6342,0.1291,lose,0.139,3.951,0.0006,0.1322,0.1297,0.465,True,0.13,0.697,True,0.1303,0.93,True,0.1309,1.394,True,0.1322,2.401,True,0.1323,2.501,True,0.1297,0.5,True,0.1304,1.0,True,0.131,1.5,True,0.1317,2.0,True,0.133,3.0,True,0.1291,,0.12923,0.1336,3.486,True,0.1329,2.969,True,,,,,,,
DOGEUSDT,BUY,6413,0.1322,win,2.36,3.328,0.0006,0.1301,0.1316,0.454,True,0.1313,0.681,True,0.131,0.908,True,0.1304,1.362,True,0.1301,1.589,True,0.13,1.689,True,0.1315,0.5,True,0.1309,1.0,True,0.1302,1.5,True,0.1296,2.0,True,0.1282,3.0,True,0.1322,,,,,,0.1289,2.518,True,,,,,,,
DOGEUSDT,SELL,6533,0.1288,win,6.458,1.583,0.0007,0.1325,0.1295,0.543,True,0.1298,0.815,True,0.1302,1.087,True,0.1309,1.63,False,0.1325,2.873,False,0.1326,2.973,False,0.1294,0.5,True,0.1301,1.0,True,0.1307,1.5,True,0.1314,2.0,False,0.1327,3.0,False,0.1288,,,0.1315,2.133,False,0.1301,1.033,True,,,,,,,
DOGEUSDT,BUY,7377,0.1203,win,30.098,0.141,0.0004,0.1184,0.1199,0.333,False,0.1197,0.499,False,0.1195,0.665,False,0.1191,0.998,False,0.1184,1.579,False,0.1183,1.679,False,0.1197,0.5,False,0.1191,1.0,False,0.1185,1.5,False,0.1179,2.0,False,0.1167,3.0,False,0.1203,,,,,,,,,,,,,,,
DOGEUSDT,SELL,7891,0.1451,win,7.045,6.191,0.0016,0.1524,0.1467,1.103,True,0.1475,1.654,True,0.1483,2.205,True,0.1499,3.308,True,0.1524,5.031,True,0.1525,5.131,True,0.1458,0.5,True,0.1466,1.0,True,0.1473,1.5,True,0.148,2.0,True,0.1495,3.0,True,0.1451,,,0.1568,8.06,False,0.1519,4.653,True,0.1569,8.143,False,0.1548,6.675,False,
DOGEUSDT,BUY,8547,0.1406,win,7.566,0.946,0.0006,0.1374,0.14,0.427,True,0.1397,0.64,True,0.1394,0.853,True,0.1388,1.28,False,0.1374,2.276,False,0.1373,2.376,False,0.1399,0.5,True,0.1392,1.0,False,0.1385,1.5,False,0.1378,2.0,False,0.1364,3.0,False,0.1406,,0.14055,,,,0.1353,3.795,False,,,,,,,
DOGEUSDT,SELL,8696,0.1427,win,16.389,1.668,0.0009,0.1474,0.1436,0.631,True,0.144,0.946,True,0.1445,1.261,True,0.1454,1.892,False,0.1474,3.294,False,0.1475,3.394,False,0.1434,0.5,True,0.1441,1.0,True,0.1448,1.5,True,0.1456,2.0,False,0.147,3.0,False,0.1427,,0.14313,,,,0.1505,5.431,False,,,,,,,
DOGEUSDT,SELL,9424,0.1248,win,5.787,2.461,0.0006,0.1267,0.1254,0.481,True,0.1257,0.721,True,0.126,0.962,True,0.1266,1.442,True,0.1267,1.522,True,0.1268,1.622,True,0.1254,0.5,True,0.126,1.0,True,0.1267,1.5,True,0.1273,2.0,True,0.1285,3.0,False,0.1248,,0.12481,,,,,,,,,,,,,
DOGEUSDT,BUY,9898,0.125,win,2.136,2.632,0.0007,0.1208,0.1243,0.56,True,0.124,0.84,True,0.1236,1.12,True,0.1229,1.68,True,0.1208,3.36,False,0.1207,3.46,False,0.1244,0.5,True,0.1237,1.0,True,0.1231,1.5,True,0.1225,2.0,True,0.1212,3.0,False,0.125,,0.12454,0.1211,3.098,False,0.1203,3.776,False,,,,,,,
DOGEUSDT,SELL,10039,0.1221,win,22.55,0.278,0.0007,0.1257,0.1228,0.573,False,0.1231,0.86,False,0.1235,1.147,False,0.1242,1.72,False,0.1257,2.948,False,0.1258,3.048,False,0.1227,0.5,False,0.1233,1.0,False,0.1239,1.5,False,0.1245,2.0,False,0.1258,3.0,False,0.1221,,,0.1265,3.57,False,0.1251,2.477,False,0.1264,3.5,False,0.1258,2.989,False,
DOGEUSDT,SELL,10666,0.1037,win,22.934,1.755,0.001,0.1082,0.1047,0.964,True,0.1052,1.446,True,0.1057,1.929,False,0.1067,2.893,False,0.1082,4.339,False,0.1083,4.439,False,0.1042,0.5,True,0.1047,1.0,True,0.1053,1.5,True,0.1058,2.0,False,0.1068,3.0,False,0.1037,,,,,,0.1078,3.961,False,,,,,,,
DOGEUSDT,BUY,10860,0.0995,win,2.734,4.916,0.0011,0.0925,0.0984,1.106,True,0.0979,1.658,True,0.0973,2.211,True,0.0962,3.317,True,0.0925,7.035,False,0.0924,7.135,False,0.099,0.5,True,0.0985,1.0,True,0.098,1.5,True,0.0975,2.0,True,0.0965,3.0,True,0.0995,,0.09876,,,,0.0813,18.273,False,,,,,,,
DOGEUSDT,SELL,11112,0.0952,win,7.713,1.881,0.0006,0.0978,0.0958,0.63,True,0.0961,0.945,True,0.0964,1.261,True,0.097,1.891,False,0.0978,2.731,False,0.0979,2.831,False,0.0957,0.5,True,0.0962,1.0,True,0.0966,1.5,True,0.0971,2.0,False,0.0981,3.0,False,0.0952,,0.0954,,,,0.0991,4.096,False,,,,,,,
DOGEUSDT,SELL,11728,0.1057,win,9.689,0.0,0.001,0.1116,0.1067,0.946,False,0.1072,1.419,False,0.1077,1.892,False,0.1087,2.838,False,0.1116,5.582,False,0.1117,5.682,False,0.1062,0.5,False,0.1068,1.0,False,0.1073,1.5,False,0.1078,2.0,False,0.1089,3.0,False,0.1057,,,,,,,,,,,,,,,
DOGEUSDT,BUY,12232,0.0999,lose,0.99,2.391,0.0006,0.0978,0.0993,0.601,True,0.099,0.901,True,0.0987,1.201,True,0.0981,1.802,True,0.0978,2.102,True,0.0977,2.202,True,0.0994,0.5,True,0.0989,1.0,True,0.0984,1.5,True,0.0979,2.0,True,0.0969,3.0,False,0.0999,,,,,,0.0981,1.8,True,,,,,,,
DOGEUSDT,SELL,12337,0.0981,win,6.852,0.061,0.0003,0.0997,0.0984,0.306,False,0.0986,0.459,False,0.0987,0.612,False,0.099,0.917,False,0.0997,1.631,False,0.0998,1.731,False,0.0986,0.5,False,0.0991,1.0,False,0.0996,1.5,False,0.1001,2.0,False,0.101,3.0,False,0.0981,,,,,,0.1011,3.059,False,,,,,,,
DOGEUSDT,SELL,12505,0.0928,win,3.168,2.295,0.0007,0.0961,0.0935,0.754,True,0.0938,1.131,True,0.0942,1.509,True,0.0949,2.263,True,0.0961,3.556,False,0.0962,3.656,False,0.0933,0.5,True,0.0937,1.0,True,0.0942,1.5,True,0.0947,2.0,True,0.0956,3.0,False,0.0928,,,0.0977,5.298,False,0.0965,3.983,False,,,,,,,
DOGEUSDT,BUY,12658,0.0935,win,13.563,0.118,0.0004,0.0919,0.0931,0.428,False,0.0929,0.642,False,0.0927,0.856,False,0.0923,1.283,False,0.0919,1.711,False,0.0918,1.811,False,0.093,0.5,False,0.0926,1.0,False,0.0921,1.5,False,0.0916,2.0,False,0.0907,3.0,False,0.0935,,,,,,0.091,2.664,False,,,,,,,
DOGEUSDT,SELL,12779,0.0983,win,10.904,0.773,0.0007,0.1015,0.099,0.712,True,0.0993,1.068,False,0.0997,1.424,False,0.1004,2.136,False,0.1015,3.255,False,0.1016,3.355,False,0.0988,0.5,True,0.0993,1.0,False,0.0998,1.5,False,0.1003,2.0,False,0.1012,3.0,False,0.0983,,,,,,,,,,,,,,,
DOGEUSDT,BUY,12993,0.0938,win,4.306,3.176,0.0008,0.0905,0.093,0.853,True,0.0926,1.279,True,0.0922,1.706,True,0.0914,2.559,True,0.0905,3.518,False,0.0904,3.618,False,0.0933,0.5,True,0.0929,1.0,True,0.0924,1.5,True,0.0919,2.0,True,0.091,3.0,True,0.0938,,,,,,0.0891,4.999,False,,,,,,,
DOGEUSDT,SELL,13082,0.091,lose,0.582,6.724,0.0007,0.0947,0.0917,0.769,True,0.092,1.154,True,0.0924,1.538,True,0.0931,2.308,True,0.0947,4.066,True,0.0948,4.166,True,0.0915,0.5,True,0.0919,1.0,True,0.0924,1.5,True,0.0928,2.0,True,0.0937,3.0,True,0.091,,,,,,0.0961,5.6,True,,,,,,,
DOGEUSDT,SELL,13222,0.0917,win,3.794,1.831,0.0005,0.0938,0.0922,0.545,True,0.0925,0.818,True,0.0927,1.091,True,0.0932,1.636,True,0.0938,2.29,False,0.0939,2.39,False,0.0922,0.5,True,0.0926,1.0,True,0.0931,1.5,True,0.0935,2.0,False,0.0945,3.0,False,0.0917,,,,,,0.0961,4.794,False,,,,,,,
DOGEUSDT,BUY,13334,0.093,win,12.142,1.656,0.0007,0.0897,0.0923,0.753,True,0.092,1.129,True,0.0916,1.505,True,0.0909,2.258,False,0.0897,3.548,False,0.0896,3.648,False,0.0925,0.5,True,0.0921,1.0,True,0.0916,1.5,True,0.0911,2.0,False,0.0902,3.0,False,0.093,,0.09189,0.0884,4.96,False,0.0896,3.645,False,,,,,,,
DOGEUSDT,SELL,13443,0.095,win,8.916,0.747,0.0007,0.0981,0.0957,0.737,True,0.096,1.105,False,0.0964,1.474,False,0.0971,2.211,False,0.0981,3.263,False,0.0982,3.363,False,0.0955,0.5,True,0.096,1.0,False,0.0964,1.5,False,0.0969,2.0,False,0.0979,3.0,False,0.095,,0.09557,0.0981,3.249,False,0.0961,1.154,False,,,,,,,
DOGEUSDT,BUY,14107,0.0956,win,6.651,2.667,0.0006,0.0923,0.095,0.628,True,0.0947,0.941,True,0.0944,1.255,True,0.0938,1.883,True,0.0923,3.452,False,0.0922,3.552,False,0.0951,0.5,True,0.0946,1.0,True,0.0942,1.5,True,0.0937,2.0,True,0.0927,3.0,False,0.0956,,0.09529,0.0916,4.202,False,0.0948,0.831,True,,,,,,,
DOGEUSDT,SELL,14680,0.097,win,8.223,0.052,0.0006,0.1011,0.0976,0.619,False,0.0979,0.928,False,0.0982,1.237,False,0.0988,1.856,False,0.1011,4.227,False,0.1012,4.327,False,0.0975,0.5,False,0.098,1.0,False,0.0985,1.5,False,0.0989,2.0,False,0.0999,3.0,False,0.097,,0.0971,,,,0.0978,0.822,False,,,,,,,
DOGEUSDT,SELL,15420,0.0944,win,5.49,0.117,0.0003,0.0961,0.0947,0.318,False,0.0949,0.477,False,0.095,0.636,False,0.0953,0.953,False,0.0961,1.801,False,0.0962,1.901,False,0.0949,0.5,False,0.0953,1.0,False,0.0958,1.5,False,0.0963,2.0,False,0.0972,3.0,False,0.0944,,,0.0969,2.686,False,0.0954,1.054,False,,,,,,,
DOGEUSDT,BUY,15650,0.093,win,2.539,2.851,0.0004,0.0903,0.0926,0.43,True,0.0924,0.645,True,0.0922,0.86,True,0.0918,1.29,True,0.0903,2.903,False,0.0902,3.003,False,0.0925,0.5,True,0.0921,1.0,True,0.0916,1.5,True,0.0911,2.0,True,0.0902,3.0,False,0.093,,,,,,0.0898,3.43,False,,,,,,,
DOGEUSDT,SELL,15715,0.091,win,3.429,2.308,0.0003,0.0921,0.0913,0.33,True,0.0915,0.495,True,0.0916,0.659,True,0.0919,0.989,True,0.0921,1.209,True,0.0922,1.309,True,0.0915,0.5,True,0.0919,1.0,True,0.0924,1.5,True,0.0928,2.0,True,0.0937,3.0,False,0.091,,0.09122,,,,0.0954,4.83,False,,,,,,,
DOGEUSDT,BUY,15805,0.0929,lose,1.087,3.412,0.0005,0.0905,0.0924,0.538,True,0.0921,0.807,True,0.0919,1.076,True,0.0914,1.615,True,0.0905,2.583,True,0.0904,2.683,True,0.0924,0.5,True,0.092,1.0,True,0.0915,1.5,True,0.091,2.0,True,0.0901,3.0,True,0.0929,,,0.0877,5.567,False,0.0898,3.326,True,,,,,,,
DOGEUSDT,SELL,15920,0.09,lose,0.756,3.69,0.0004,0.0921,0.0904,0.444,True,0.0906,0.667,True,0.0908,0.889,True,0.0912,1.333,True,0.0921,2.333,True,0.0922,2.433,True,0.0904,0.5,True,0.0909,1.0,True,0.0913,1.5,True,0.0918,2.0,True,0.0927,3.0,True,0.09,,0.09005,,,,0.0954,5.995,False,,,,,,,
DOGEUSDT,BUY,16001,0.0932,lose,1.427,3.714,0.0004,0.091,0.0928,0.429,True,0.0926,0.644,True,0.0924,0.858,True,0.092,1.288,True,0.091,2.361,True,0.0909,2.461,True,0.0927,0.5,True,0.0923,1.0,True,0.0918,1.5,True,0.0913,2.0,True,0.0904,3.0,True,0.0932,,,,,,0.0898,3.637,True,,,,,,,
DOGEUSDT,SELL,16085,0.0901,lose,1.277,2.41,0.0005,0.0929,0.0906,0.555,True,0.0909,0.832,True,0.0911,1.11,True,0.0916,1.665,True,0.0929,3.108,False,0.093,3.208,False,0.0906,0.5,True,0.091,1.0,True,0.0915,1.5,True,0.0919,2.0,True,0.0928,3.0,False,0.0901,,,,,,0.0954,5.877,False,,,,,,,
DOGEUSDT,BUY,16237,0.092,lose,1.229,1.598,0.0003,0.0904,0.0917,0.326,True,0.0915,0.489,True,0.0914,0.652,True,0.0911,0.978,True,0.0904,1.739,True,0.0903,1.839,True,0.0915,0.5,True,0.0911,1.0,True,0.0906,1.5,True,0.0902,2.0,True,0.0892,3.0,False,0.092,,0.09191,,,,0.0898,2.38,False,,,,,,,
DOGEUSDT,SELL,16551,0.0902,lose,0.233,3.603,0.0003,0.0923,0.0905,0.333,True,0.0907,0.499,True,0.0908,0.665,True,0.0911,0.998,True,0.0923,2.328,True,0.0924,2.428,True,0.0907,0.5,True,0.0911,1.0,True,0.0916,1.5,True,0.092,2.0,True,0.0929,3.0,True,0.0902,,0.09045,,,,0.0954,5.76,False,,,,,,,
DOGEUSDT,BUY,16642,0.0934,win,2.849,2.496,0.0004,0.0907,0.093,0.428,True,0.0928,0.642,True,0.0926,0.857,True,0.0922,1.285,True,0.0907,2.891,False,0.0906,2.991,False,0.0929,0.5,True,0.0925,1.0,True,0.092,1.5,True,0.0915,2.0,True,0.0906,3.0,False,0.0934,,0.09283,,,,0.0898,3.844,False,,,,,,,
DOGEUSDT,BUY,17209,0.093,win,9.802,0.763,0.0004,0.0907,0.0926,0.43,True,0.0924,0.645,True,0.0922,0.86,False,0.0918,1.29,False,0.0907,2.473,False,0.0906,2.573,False,0.0925,0.5,True,0.0921,1.0,False,0.0916,1.5,False,0.0911,2.0,False,0.0902,3.0,False,0.093,,0.09277,,,,0.0898,3.43,False,,,,,,,
DOGEUSDT,SELL,17648,0.0971,win,4.779,0.082,0.0004,0.0995,0.0975,0.412,False,0.0977,0.618,False,0.0979,0.824,False,0.0983,1.236,False,0.0995,2.472,False,0.0996,2.572,False,0.0976,0.5,False,0.0981,1.0,False,0.0986,1.5,False,0.099,2.0,False,0.1,3.0,False,0.0971,,,,,,0.0992,2.162,False,,,,,,,
DOGEUSDT,SELL,18537,0.0972,lose,0.154,3.942,0.0005,0.0993,0.0977,0.514,True,0.0979,0.772,True,0.0982,1.029,True,0.0987,1.543,True,0.0993,2.16,True,0.0994,2.26,True,0.0977,0.5,True,0.0982,1.0,True,0.0987,1.5,True,0.0991,2.0,True,0.1001,3.0,True,0.0972,,0.09762,0.0994,2.231,True,0.0998,2.675,True,,,,,,,
DOGEUSDT,BUY,18587,0.0996,win,12.427,1.616,0.0005,0.0978,0.0991,0.502,True,0.0988,0.753,True,0.0986,1.004,True,0.0981,1.506,True,0.0978,1.807,False,0.0977,1.907,False,0.0991,0.5,True,0.0986,1.0,True,0.0981,1.5,True,0.0976,2.0,False,0.0966,3.0,False,0.0996,,,,,,0.0963,3.31,False,,,,,,,
DOGEUSDT,SELL,19433,0.1124,win,6.113,0.053,0.0004,0.1142,0.1128,0.356,False,0.113,0.534,False,0.1132,0.712,False,0.1136,1.068,False,0.1142,1.601,False,0.1143,1.701,False,0.113,0.5,False,0.1135,1.0,False,0.1141,1.5,False,0.1146,2.0,False,0.1158,3.0,False,0.1124,,,,,,0.1125,0.1,False,,,,,,,
DOGEUSDT,BUY,19620,0.1094,lose,1.69,1.599,0.0004,0.1074,0.109,0.366,True,0.1088,0.548,True,0.1086,0.731,True,0.1082,1.097,True,0.1074,1.828,False,0.1073,1.928,False,0.1089,0.5,True,0.1083,1.0,True,0.1078,1.5,True,0.1072,2.0,False,0.1061,3.0,False,0.1094,,,,,,0.1066,2.566,False,,,,,,,
DOGEUSDT,SELL,20492,0.1067,win,4.583,0.422,0.0009,0.1117,0.1076,0.843,False,0.1081,1.265,False,0.1085,1.687,False,0.1094,2.53,False,0.1117,4.686,False,0.1118,4.786,False,0.1072,0.5,False,0.1078,1.0,False,0.1083,1.5,False,0.1088,2.0,False,0.1099,3.0,False,0.1067,,,0.1114,4.43,False,0.1095,2.633,False,0.1113,4.294,False,0.1111,4.171,False,
DOGEUSDT,SELL,20957,0.1039,win,6.524,0.52,0.0006,0.1061,0.1045,0.577,True,0.1048,0.866,True,0.1051,1.155,False,0.1057,1.732,False,0.1061,2.117,False,0.1062,2.217,False,0.1044,0.5,True,0.1049,1.0,False,0.1055,1.5,False,0.106,2.0,False,0.107,3.0,False,0.1039,,,,,,0.1065,2.509,False,,,,,,,
DOGEUSDT,BUY,21052,0.1042,lose,0.826,3.514,0.0005,0.1005,0.1037,0.48,True,0.1035,0.72,True,0.1032,0.96,True,0.1027,1.44,True,0.1005,3.551,True,0.1004,3.651,True,0.1037,0.5,True,0.1032,1.0,True,0.1026,1.5,True,0.1021,2.0,True,0.1011,3.0,True,0.1042,,0.10378,,,,0.0971,6.811,False,,,,,,,
DOGEUSDT,BUY,22426,0.0832,win,5.216,0.349,0.0005,0.0814,0.0827,0.601,False,0.0824,0.901,False,0.0822,1.202,False,0.0817,1.803,False,0.0814,2.163,False,0.0813,2.263,False,0.0828,0.5,False,0.0824,1.0,False,0.082,1.5,False,0.0815,2.0,False,0.0807,3.0,False,0.0832,,,,,,0.0815,2.021,False,,,,,,,
DOGEUSDT,SELL,22700,0.0843,win,2.955,1.424,0.0004,0.0859,0.0847,0.474,True,0.0849,0.712,True,0.0851,0.949,True,0.0855,1.423,False,0.0859,1.898,False,0.086,1.998,False,0.0847,0.5,True,0.0851,1.0,True,0.0856,1.5,False,0.086,2.0,False,0.0868,3.0,False,0.0843,,,0.0858,1.789,False,0.0868,2.95,False,,,,,,,
DOGEUSDT,BUY,23036,0.0882,lose,0.715,2.303,0.0003,0.0866,0.0879,0.34,True,0.0877,0.51,True,0.0876,0.68,True,0.0873,1.02,True,0.0866,1.814,True,0.0865,1.914,True,0.0878,0.5,True,0.0873,1.0,True,0.0869,1.5,True,0.0864,2.0,True,0.0856,3.0,False,0.0882,,0.08814,,,,0.0837,5.084,False,,,,,,,
DOGEUSDT,SELL,23290,0.0873,win,6.302,2.028,0.0004,0.089,0.0877,0.458,True,0.0879,0.687,True,0.0881,0.916,True,0.0885,1.375,True,0.089,1.947,True,0.0891,2.047,False,0.0877,0.5,True,0.0882,1.0,True,0.0886,1.5,True,0.089,2.0,True,0.0899,3.0,False,0.0873,,,,,,0.0896,2.623,False,,,,,,,
DOGEUSDT,BUY,23687,0.0842,lose,0.047,2.387,0.0002,0.0829,0.084,0.238,True,0.0839,0.356,True,0.0838,0.475,True,0.0836,0.713,True,0.0829,1.544,True,0.0828,1.644,True,0.0838,0.5,True,0.0834,1.0,True,0.0829,1.5,True,0.0825,2.0,True,0.0817,3.0,False,0.0842,,0.08383,,,,0.0833,1.049,True,,,,,,,
DOGEUSDT,SELL,23846,0.0825,lose,0.473,2.607,0.0003,0.0838,0.0828,0.364,True,0.083,0.545,True,0.0831,0.727,True,0.0834,1.091,True,0.0838,1.576,True,0.0839,1.676,True,0.0829,0.5,True,0.0833,1.0,True,0.0837,1.5,True,0.0842,2.0,True,0.085,3.0,False,0.0825,,0.0827,0.0839,1.655,True,0.0834,1.071,True,,,,,,,
DOGEUSDT,BUY,23903,0.0844,lose,0.77,3.069,0.0003,0.0831,0.0841,0.355,True,0.0839,0.533,True,0.0838,0.711,True,0.0835,1.066,True,0.0831,1.54,True,0.083,1.64,True,0.084,0.5,True,0.0836,1.0,True,0.0831,1.5,True,0.0827,2.0,True,0.0819,3.0,True,0.0844,,0.0838,,,,0.0834,1.165,True,,,,,,,
DOGEUSDT,SELL,23940,0.082,win,11.301,0.78,0.0003,0.0838,0.0823,0.366,True,0.0825,0.549,True,0.0826,0.732,True,0.0829,1.098,False,0.0838,2.195,False,0.0839,2.295,False,0.0824,0.5,True,0.0828,1.0,False,0.0832,1.5,False,0.0836,2.0,False,0.0845,3.0,False,0.082,,0.08226,,,,0.0839,2.297,False,,,,,,,
DOGEUSDT,BUY,24169,0.0773,lose,0.026,7.656,0.0003,0.0759,0.077,0.388,True,0.0768,0.582,True,0.0767,0.776,True,0.0764,1.164,True,0.0759,1.811,True,0.0758,1.911,True,0.0769,0.5,True,0.0765,1.0,True,0.0761,1.5,True,0.0758,2.0,True,0.075,3.0,True,0.0773,,0.07698,0.0756,2.152,True,,,,,,,,,,
DOGEUSDT,SELL,24193,0.0717,lose,0.014,6.151,0.0006,0.0772,0.0723,0.837,True,0.0726,1.255,True,0.0729,1.674,True,0.0735,2.51,True,0.0772,7.671,False,0.0773,7.771,False,0.0721,0.5,True,0.0724,1.0,True,0.0728,1.5,True,0.0731,2.0,True,0.0739,3.0,True,0.0717,,0.07392,0.0776,8.223,False,0.0771,7.499,False,,,,,,,
DOGEUSDT,SELL,24417,0.0746,win,6.828,0.416,0.0003,0.0757,0.0749,0.402,False,0.0751,0.603,False,0.0752,0.804,False,0.0755,1.206,False,0.0757,1.475,False,0.0758,1.575,False,0.075,0.5,False,0.0753,1.0,False,0.0757,1.5,False,0.0761,2.0,False,0.0768,3.0,False,0.0746,,0.07465,0.0765,2.58,False,,,,,,,,,,
DOGEUSDT,SELL,25109,0.0758,lose,0.738,3.574,0.0004,0.078,0.0762,0.528,True,0.0764,0.792,True,0.0766,1.055,True,0.077,1.583,True,0.078,2.902,True,0.0781,3.002,True,0.0762,0.5,True,0.0766,1.0,True,0.0769,1.5,True,0.0773,2.0,True,0.0781,3.0,True,0.0758,,0.07609,,,,,,,,,,,,,
DOGEUSDT,BUY,25585,0.0738,win,2.384,1.612,0.0003,0.0722,0.0735,0.407,True,0.0733,0.61,True,0.0732,0.813,True,0.0729,1.22,True,0.0722,2.168,False,0.0721,2.268,False,0.0734,0.5,True,0.0731,1.0,True,0.0727,1.5,True,0.0723,2.0,False,0.0716,3.0,False,0.0738,,0.07376,,,,0.0721,2.266,False,,,,,,,
DOGEUSDT,BUY,26016,0.0739,win,2.003,1.76,0.0003,0.0719,0.0736,0.406,True,0.0734,0.609,True,0.0733,0.812,True,0.073,1.218,True,0.0719,2.706,False,0.0718,2.806,False,0.0735,0.5,True,0.0732,1.0,True,0.0728,1.5,True,0.0724,2.0,False,0.0717,3.0,False,0.0739,,0.07377,0.0718,2.812,False,0.0717,2.939,False,,,,,,,
DOGEUSDT,SELL,26199,0.0731,win,3.01,1.149,0.0002,0.0742,0.0733,0.274,True,0.0734,0.41,True,0.0735,0.547,True,0.0737,0.821,True,0.0742,1.505,False,0.0743,1.605,False,0.0735,0.5,True,0.0738,1.0,True,0.0742,1.5,False,0.0746,2.0,False,0.0753,3.0,False,0.0731,,,,,,0.0744,1.743,False,,,,,,,
DOGEUSDT,BUY,27078,0.0707,win,4.693,0.198,0.0002,0.0693,0.0705,0.283,False,0.0704,0.424,False,0.0703,0.566,False,0.0701,0.849,False,0.0693,1.98,False,0.0692,2.08,False,0.0703,0.5,False,0.07,1.0,False,0.0696,1.5,False,0.0693,2.0,False,0.0686,3.0,False,0.0707,,0.07065,0.069,2.396,False,0.0692,2.078,False,,,,,,,
DOGEUSDT,SELL,27284,0.0717,win,5.692,0.698,0.0003,0.0731,0.072,0.418,True,0.0722,0.628,True,0.0723,0.837,False,0.0726,1.255,False,0.0731,1.953,False,0.0732,2.053,False,0.0721,0.5,True,0.0724,1.0,False,0.0728,1.5,False,0.0731,2.0,False,0.0739,3.0,False,0.0717,,0.07186,0.0733,2.245,False,0.0733,2.194,False,,,,,,,
DOGEUSDT,SELL,28186,0.0696,win,2.083,0.977,0.0002,0.0702,0.0698,0.287,True,0.0699,0.431,True,0.07,0.575,True,0.0702,0.862,True,0.0702,0.862,True,0.0703,0.962,True,0.0699,0.5,True,0.0703,1.0,True,0.0706,1.5,False,0.071,2.0,False,0.0717,3.0,False,0.0696,,0.06997,0.0706,1.503,False,0.0733,5.278,False,,,,,,,
DOGEUSDT,BUY,28546,0.0709,lose,0.071,2.652,0.0001,0.0702,0.0708,0.141,True,0.0708,0.212,True,0.0707,0.282,True,0.0706,0.423,True,0.0702,0.987,True,0.0701,1.087,True,0.0705,0.5,True,0.0702,1.0,True,0.0698,1.5,True,0.0695,2.0,True,0.0688,3.0,False,0.0709,0.0702,,,,,0.0683,3.623,False,,,,,,,
DOGEUSDT,BUY,28702,0.0708,win,3.348,1.285,0.0002,0.0699,0.0706,0.282,True,0.0705,0.424,True,0.0704,0.565,True,0.0702,0.847,True,0.0699,1.271,True,0.0698,1.371,False,0.0704,0.5,True,0.0701,1.0,True,0.0697,1.5,False,0.0694,2.0,False,0.0687,3.0,False,0.0708,,,,,,0.0683,3.486,False,,,,,,,
DOGEUSDT,SELL,28807,0.0708,win,2.908,0.127,0.0003,0.0718,0.0711,0.424,False,0.0713,0.636,False,0.0714,0.847,False,0.0717,1.271,False,0.0718,1.412,False,0.0719,1.512,False,0.0712,0.5,False,0.0715,1.0,False,0.0719,1.5,False,0.0722,2.0,False,0.0729,3.0,False,0.0708,,,,,,0.0722,1.938,False,,,,,,,
DOGEUSDT,SELL,29977,0.0891,lose,0.505,3.054,0.0008,0.0927,0.0899,0.898,True,0.0903,1.347,True,0.0907,1.796,True,0.0915,2.694,True,0.0927,4.04,False,0.0928,4.14,False,0.0895,0.5,True,0.09,1.0,True,0.0904,1.5,True,0.0909,2.0,True,0.0918,3.0,True,0.0891,,,0.0935,4.961,False,0.0974,9.312,False,0.0935,4.9,False,0.093,4.321,False,
ETHUSDT,SELL,19,3887.38,win,5.566,1.561,39.3213,4071.8737,3926.7013,1.012,True,3946.3619,1.517,True,3966.0226,2.023,False,4005.3439,3.035,False,4071.8737,4.746,False,4075.7611,4.846,False,3906.8169,0.5,True,3926.2538,1.0,True,3945.6907,1.5,True,3965.1276,2.0,False,4004.0014,3.0,False,3887.38,,3907.1,,,,,,,,,,,,,
ETHUSDT,BUY,210,3884.95,win,5.149,1.929,14.4463,3824.5302,3870.5037,0.372,True,3863.2805,0.558,True,3856.0574,0.744,True,3841.6111,1.116,True,3824.5302,1.555,True,3820.6453,1.655,True,3865.5252,0.5,True,3846.1005,1.0,True,3826.6757,1.5,True,3807.251,2.0,False,3768.4015,3.0,False,3884.95,,,3840.3408,1.148,True,3866.3198,0.48,True,,,,,,,
ETHUSDT,SELL,404,3961.61,win,3.115,3.084,21.4975,4041.0959,3983.1075,0.543,True,3993.8563,0.814,True,4004.605,1.085,True,4026.1025,1.628,True,4041.0959,2.006,True,4045.0575,2.106,True,3981.418,0.5,True,4001.2261,1.0,True,4021.0341,1.5,True,4040.8422,2.0,True,4080.4583,3.0,True,3961.61,,,,,,3963.96,0.059,True,,,,,,,
ETHUSDT,SELL,529,3867.95,win,4.179,0.97,26.4859,3971.7487,3894.4359,0.685,True,3907.6788,1.027,False,3920.9218,1.37,False,3947.4077,2.054,False,3971.7487,2.684,False,3975.6166,2.784,False,3887.2897,0.5,True,3906.6295,1.0,False,3925.9692,1.5,False,3945.309,2.0,False,3983.9885,3.0,False,3867.95,,,,,,3963.96,2.482,False,,,,,,,
ETHUSDT,BUY,657,3888.88,win,9.363,2.105,14.1929,3824.4903,3874.6871,0.365,True,3867.5907,0.547,True,3860.4942,0.73,True,3846.3013,1.095,True,3824.4903,1.656,True,3820.6014,1.756,True,3869.4356,0.5,True,3849.9912,1.0,True,3830.5468,1.5,True,3811.1024,2.0,True,3772.2136,3.0,False,3888.88,,3888.7,,,,3702.6037,4.79,False,,,,,,,
ETHUSDT,SELL,1110,4069.17,win,9.62,2.578,19.2967,4183.626,4088.4667,0.474,True,4098.1151,0.711,True,4107.7634,0.948,True,4127.0601,1.423,True,4183.626,2.813,False,4187.6952,2.913,False,4089.5158,0.5,True,4109.8617,1.0,True,4130.2076,1.5,True,4150.5534,2.0,True,4191.2451,3.0,False,4069.17,,4099.0,,,,4183.4493,2.808,False,,,,,,,
ETHUSDT,SELL,1685,3797.4,win,19.55,0.2,17.977,3900.4409,3815.377,0.473,False,3824.3655,0.71,False,3833.354,0.947,False,3851.331,1.42,False,3900.4409,2.713,False,3904.2383,2.813,False,3816.387,0.5,False,3835.374,1.0,False,3854.361,1.5,False,3873.348,2.0,False,3911.322,3.0,False,3797.4,,,3920.8725,3.252,False,4013.9099,5.702,False,3916.591,3.139,False,3907.045,2.887,False,
ETHUSDT,BUY,1937,3433.78,lose,1.317,5.402,24.8701,3297.7192,3408.9099,0.724,True,3396.4749,1.086,True,3384.0398,1.449,True,3359.1697,2.173,True,3297.7192,3.962,True,3294.2854,4.062,True,3416.6111,0.5,True,3399.4422,1.0,True,3382.2733,1.5,True,3365.1044,2.0,True,3330.7666,3.0,True,3433.78,,,3267.3316,4.847,True,,,,,,,,,,
ETHUSDT,BUY,2307,3553.74,win,2.934,1.971,19.5005,3389.3473,3534.2395,0.549,True,3524.4892,0.823,True,3514.739,1.097,True,3495.2385,1.646,True,3389.3473,4.626,False,3385.7936,4.726,False,3535.9713,0.5,True,3518.2026,1.0,True,3500.4339,1.5,True,3482.6652,2.0,True,3447.1278,3.0,False,3553.74,,3516.11,,,,3415.0415,3.903,False,,,,,,,
ETHUSDT,SELL,2503,3485.46,win,2.365,2.397,22.9681,3600.7141,3508.4281,0.659,True,3519.9122,0.988,True,3531.3962,1.318,True,3554.3643,1.977,True,3600.7141,3.307,False,3604.1996,3.407,False,3502.8873,0.5,True,3520.3146,1.0,True,3537.7419,1.5,True,3555.1692,2.0,True,3590.0238,3.0,False,3485.46,,3488.59,3598.3895,3.24,False,3576.2126,2.604,False,3595.319,3.152,False,3581.405,2.753,False,
ETHUSDT,SELL,2606,3400.98,lose,0.887,4.823,28.8565,3536.3299,3429.8365,0.848,True,3444.2647,1.273,True,3458.693,1.697,True,3487.5495,2.545,True,3536.3299,3.98,True,3539.7309,4.08,True,3417.9849,0.5,True,3434.9898,1.0,True,3451.9947,1.5,True,3468.9996,2.0,True,3503.0094,3.0,True,3400.98,,3431.81,3592.6209,5.635,False,3576.2126,5.152,False,3588.564,5.516,False,3580.62,5.282,False,
ETHUSDT,BUY,2665,3537.16,lose,0.335,5.204,22.442,3444.2703,3514.718,0.634,True,3503.497,0.952,True,3492.276,1.269,True,3469.834,1.903,True,3444.2703,2.626,True,3440.7331,2.726,True,3519.4742,0.5,True,3501.7884,1.0,True,3484.1026,1.5,True,3466.4168,2.0,True,3431.0452,3.0,True,3537.16,,3519.27,,,,3530.9255,0.176,True,3530.669,0.184,True,,,,
ETHUSDT,SELL,2699,3366.66,win,12.575,0.64,29.4034,3518.1392,3396.0634,0.873,False,3410.7651,1.31,False,3425.4668,1.747,False,3454.8702,2.62,False,3518.1392,4.499,False,3521.5059,4.599,False,3383.4933,0.5,True,3400.3266,1.0,False,3417.1599,1.5,False,3433.9932,2.0,False,3467.6598,3.0,False,3366.66,,,,,,3576.2126,6.224,False,,,,,,,
ETHUSDT,BUY,3188,3157.0,lose,0.389,5.285,23.8975,3043.601,3133.1025,0.757,True,3121.1537,1.135,True,3109.205,1.514,True,3085.3075,2.271,True,3043.601,3.592,True,3040.444,3.692,True,3141.215,0.5,True,3125.43,1.0,True,3109.645,1.5,True,3093.86,2.0,True,3062.29,3.0,True,3157.0,,3155.91,,,,3060.0669,3.07,True,,,,,,,
ETHUSDT,SELL,3235,3030.15,win,13.536,2.733,18.2316,3107.5913,3048.3816,0.602,True,3057.4974,0.903,True,3066.6132,1.203,True,3084.8448,1.805,True,3107.5913,2.556,True,3110.6215,2.656,True,3045.3007,0.5,True,3060.4515,1.0,True,3075.6022,1.5,True,3090.753,2.0,True,3121.0545,3.0,False,3030.15,,,,,,3175.152,4.785,False,,,,,,,
ETHUSDT,BUY,3603,2816.7,win,10.022,1.964,13.6843,2736.526,2803.0157,0.486,True,2796.1735,0.729,True,2789.3314,0.972,True,2775.6471,1.457,True,2736.526,2.846,False,2733.7093,2.946,False,2802.6165,0.5,True,2788.533,1.0,True,2774.4495,1.5,True,2760.366,2.0,False,2732.199,3.0,False,2816.7,,,2728.2415,3.141,False,,,,,,,,,,
ETHUSDT,SELL,4218,2993.33,lose,1.113,1.967,7.9649,3033.9842,3001.2949,0.266,True,3005.2773,0.399,True,3009.2598,0.532,True,3017.2247,0.798,True,3033.9842,1.358,True,3036.9775,1.458,True,3008.2966,0.5,True,3023.2633,1.0,True,3038.2299,1.5,True,3053.1966,2.0,False,3083.1299,3.0,False,2993.33,,2995.03,,,,3083.08,2.998,False,,,,,,,
ETHUSDT,SELL,4363,2891.77,win,6.007,0.111,19.2697,3040.9533,2911.0397,0.666,False,2920.6746,1.0,False,2930.3094,1.333,False,2949.5791,1.999,False,3040.9533,5.159,False,3043.8451,5.259,False,2906.2288,0.5,True,2920.6877,1.0,False,2935.1465,1.5,False,2949.6054,2.0,False,2978.5231,3.0,False,2891.77,,2894.97,,,,3083.08,6.616,False,,,,,,,
ETHUSDT,BUY,4516,2885.99,win,12.241,0.128,14.4529,2791.3316,2871.5371,0.501,False,2864.3106,0.751,False,2857.0842,1.002,False,2842.6313,1.502,False,2791.3316,3.28,False,2788.4456,3.38,False,2871.56,0.5,False,2857.1301,1.0,False,2842.7001,1.5,False,2828.2702,2.0,False,2799.4103,3.0,False,2885.99,,2882.29,2776.4291,3.796,False,2788.9583,3.362,False,,,,,,,
ETHUSDT,SELL,4805,3102.42,win,6.404,1.759,18.213,3175.3346,3120.633,0.587,True,3129.7395,0.881,True,3138.846,1.174,True,3157.059,1.761,False,3175.3346,2.35,False,3178.437,2.45,False,3117.9321,0.5,True,3133.4442,1.0,True,3148.9563,1.5,True,3164.4684,2.0,False,3195.4926,3.0,False,3102.42,,,,,,3140.2571,1.22,True,,,,,,,
ETHUSDT,BUY,5014,3129.02,win,10.134,3.804,23.9858,3009.1029,3105.0342,0.767,True,3093.0413,1.15,True,3081.0484,1.533,True,3057.0626,2.3,True,3009.1029,3.832,False,3005.9739,3.932,False,3113.3749,0.5,True,3097.7298,1.0,True,3082.0847,1.5,True,3066.4396,2.0,True,3035.1494,3.0,True,3129.02,,,2899.3944,7.339,False,2900.8463,7.292,False,,,,,,,
ETHUSDT,SELL,5333,3209.79,win,5.835,1.952,23.6674,3337.4258,3233.4574,0.737,True,3245.2911,1.106,True,3257.1248,1.475,True,3280.7922,2.212,False,3337.4258,3.976,False,3340.6356,4.076,False,3225.8389,0.5,True,3241.8879,1.0,True,3257.9368,1.5,True,3273.9858,2.0,False,3306.0837,3.0,False,3209.79,,,3451.2892,7.524,False,3351.2879,4.408,False,3452.468,7.561,False,3414.38,6.374,False,
ETHUSDT,SELL,5768,3011.82,win,7.381,0.604,23.4365,3147.8581,3035.2565,0.778,False,3046.9748,1.167,False,3058.693,1.556,False,3082.1295,2.334,False,3147.8581,4.517,False,3150.8699,4.617,False,3026.8791,0.5,True,3041.9382,1.0,False,3056.9973,1.5,False,3072.0564,2.0,False,3102.1746,3.0,False,3011.82,,,3181.7655,5.643,False,3131.0579,3.959,False,,,,,,,
ETHUSDT,BUY,6050,2934.57,win,4.887,5.507,20.1699,2834.657,2914.4001,0.687,True,2904.3152,1.031,True,2894.2302,1.375,True,2874.0603,2.062,True,2834.657,3.405,True,2831.7224,3.505,True,2919.8972,0.5,True,2905.2243,1.0,True,2890.5514,1.5,True,2875.8786,2.0,True,2846.5329,3.0,True,2934.57,,2930.07,,,,2924.1529,0.355,True,,,,,,,
ETHUSDT,SELL,6468,2992.43,win,3.532,1.423,13.3027,3029.267,3005.7327,0.445,True,3012.384,0.667,True,3019.0354,0.889,True,3032.3381,1.334,True,3029.267,1.231,True,3032.2594,1.331,True,3007.3921,0.5,True,3022.3543,1.0,True,3037.3164,1.5,False,3052.2786,2.0,False,3082.2029,3.0,False,2992.43,,,,,,3058.055,2.193,False,,,,,,,
ETHUSDT,BUY,6788,2979.08,lose,0.463,2.889,9.6883,2927.2173,2969.3917,0.325,True,2964.5475,0.488,True,2959.7034,0.65,True,2950.0151,0.976,True,2927.2173,1.741,True,2924.2382,1.841,True,2964.1846,0.5,True,2949.2892,1.0,True,2934.3938,1.5,True,2919.4984,2.0,True,2889.7076,3.0,False,2979.08,,2970.82,2884.5467,3.173,False,2883.8632,3.196,False,,,,,,,
ETHUSDT,SELL,7963,3214.4,win,5.039,0.423,10.0818,3258.6518,3224.4818,0.314,True,3229.5227,0.47,False,3234.5636,0.627,False,3244.6454,0.941,False,3258.6518,1.377,False,3261.8662,1.477,False,3230.472,0.5,False,3246.544,1.0,False,3262.616,1.5,False,3278.688,2.0,False,3310.832,3.0,False,3214.4,,,,,,3286.283,2.236,False,,,,,,,
ETHUSDT,SELL,8501,3100.13,lose,0.01,2.837,9.2749,3131.3354,3109.4049,0.299,True,3114.0424,0.449,True,3118.6798,0.598,True,3127.9547,0.898,True,3131.3354,1.007,True,3134.4355,1.107,True,3115.6306,0.5,True,3131.1313,1.0,True,3146.6319,1.5,True,3162.1326,2.0,True,3193.1339,3.0,True,3100.13,,,,,,3113.7807,0.44,True,,,,,,,
ETHUSDT,BUY,8553,3183.11,win,6.932,0.405,14.5587,3101.8265,3168.5513,0.457,False,3161.272,0.686,False,3153.9926,0.915,False,3139.4339,1.372,False,3101.8265,2.554,False,3098.6434,2.654,False,3167.1944,0.5,False,3151.2789,1.0,False,3135.3634,1.5,False,3119.4478,2.0,False,3087.6167,3.0,False,3183.11,,3176.31,,,,3128.7281,1.708,False,,,,,,,
ETHUSDT,BUY,8936,3327.08,lose,1.229,4.571,5.3696,3290.1722,3321.7104,0.161,True,3319.0256,0.242,True,3316.3408,0.323,True,3310.9712,0.484,True,3290.1722,1.109,True,3286.8451,1.209,True,3310.4446,0.5,True,3293.8092,1.0,True,3277.1738,1.5,True,3260.5384,2.0,True,3227.2676,3.0,True,3327.08,,3316.06,,,,3205.2815,3.661,True,,,,,,,
ETHUSDT,SELL,9067,3202.7,win,13.069,0.999,19.0268,3348.1597,3221.7268,0.594,True,3231.2402,0.891,True,3240.7536,1.188,False,3259.7804,1.782,False,3348.1597,4.542,False,3351.3624,4.642,False,3218.7135,0.5,True,3234.727,1.0,False,3250.7405,1.5,False,3266.754,2.0,False,3298.781,3.0,False,3202.7,,,3373.032,5.318,False,3387.0136,5.755,False,3369.324,5.203,False,3361.26,4.951,False,
ETHUSDT,SELL,10052,2955.33,win,41.258,0.463,10.7555,3001.1242,2966.0855,0.364,True,2971.4632,0.546,False,2976.841,0.728,False,2987.5965,1.092,False,3001.1242,1.55,False,3004.0795,1.65,False,2970.1066,0.5,False,2984.8833,1.0,False,2999.6599,1.5,False,3014.4366,2.0,False,3043.9899,3.0,False,2955.33,,,,,,3021.018,2.223,False,,,,,,,
ETHUSDT,BUY,10862,2041.4,win,5.418,2.354,24.124,1912.8417,2017.276,1.182,True,2005.214,1.773,True,1993.152,2.363,False,1969.028,3.545,False,1912.8417,6.298,False,1910.8003,6.398,False,2031.193,0.5,True,2020.986,1.0,True,2010.779,1.5,True,2000.572,2.0,True,1980.158,3.0,False,2041.4,,,,,,,,,,,,,,,
ETHUSDT,SELL,11123,2026.98,lose,0.936,5.715,12.073,2094.3231,2039.053,0.596,True,2045.0895,0.893,True,2051.126,1.191,True,2063.199,1.787,True,2094.3231,3.322,True,2096.3501,3.422,True,2037.1149,0.5,True,2047.2498,1.0,True,2057.3847,1.5,True,2067.5196,2.0,True,2087.7894,3.0,True,2026.98,,2027.95,,,,2127.125,4.941,True,,,,,,,
ETHUSDT,BUY,11527,2038.73,win,3.35,2.292,14.6029,1932.8531,2024.1271,0.716,True,2016.8256,1.074,True,2009.5242,1.433,True,1994.9213,2.149,True,1932.8531,5.193,False,1930.8144,5.293,False,2028.5364,0.5,True,2018.3427,1.0,True,2008.149,1.5,True,1997.9554,2.0,True,1977.5681,3.0,False,2038.73,,2032.0,,,,1948.2598,4.438,False,,,,,,,
ETHUSDT,SELL,11713,2001.2,win,3.716,1.852,13.3355,2081.1886,2014.5355,0.666,True,2021.2033,1.0,True,2027.871,1.333,True,2041.2065,1.999,False,2081.1886,3.997,False,2083.1898,4.097,False,2011.206,0.5,True,2021.212,1.0,True,2031.218,1.5,True,2041.224,2.0,False,2061.236,3.0,False,2001.2,,,2105.8841,5.231,False,2062.3903,3.058,False,,,,,,,
ETHUSDT,BUY,11979,2029.29,lose,0.035,4.06,8.4673,1977.6574,2020.8227,0.417,True,2016.5891,0.626,True,2012.3554,0.835,True,2003.8881,1.252,True,1977.6574,2.544,True,1975.6281,2.644,True,2019.1436,0.5,True,2008.9971,1.0,True,1998.8506,1.5,True,1988.7042,2.0,True,1968.4113,3.0,True,2029.29,,2016.1,1964.3191,3.202,True,1933.4546,4.723,False,,,,,,,
ETHUSDT,SELL,12021,1951.37,win,2.351,1.821,12.8295,2010.2203,1964.1995,0.657,True,1970.6142,0.986,True,1977.029,1.315,True,1989.8585,1.972,False,2010.2203,3.016,False,2012.1717,3.116,False,1961.1268,0.5,True,1970.8837,1.0,True,1980.6405,1.5,True,1990.3974,2.0,False,2009.9111,3.0,False,1951.37,,,,,,1974.3023,1.175,True,,,,,,,
ETHUSDT,SELL,12388,1946.55,win,7.734,0.691,6.091,1980.12,1952.641,0.313,True,1955.6865,0.469,True,1958.732,0.626,True,1964.823,0.939,False,1980.12,1.725,False,1982.0665,1.825,False,1956.2827,0.5,True,1966.0155,1.0,False,1975.7482,1.5,False,1985.481,2.0,False,2004.9465,3.0,False,1946.55,,,,,,1974.3023,1.426,False,,,,,,,
ETHUSDT,BUY,12626,1933.91,win,11.171,2.94,13.5823,1838.3135,1920.3277,0.702,True,1913.5366,1.053,True,1906.7454,1.405,True,1893.1631,2.107,True,1838.3135,4.943,False,1836.3796,5.043,False,1924.2405,0.5,True,1914.5709,1.0,True,1904.9014,1.5,True,1895.2318,2.0,True,1875.8927,3.0,False,1933.91,,1927.01,,,,1847.6605,4.46,False,,,,,,,
ETHUSDT,SELL,12785,1987.44,win,7.717,3.838,15.3744,2060.9411,2002.8144,0.774,True,2010.5016,1.16,True,2018.1888,1.547,True,2033.5632,2.321,True,2060.9411,3.698,True,2062.9285,3.798,True,1997.3772,0.5,True,2007.3144,1.0,True,2017.2516,1.5,True,2027.1888,2.0,True,2047.0632,3.0,True,1987.44,,2011.63,,,,2152.0999,8.285,False,,,,,,,
ETHUSDT,BUY,12992,1958.23,win,4.925,2.672,16.1346,1885.906,1942.0954,0.824,True,1934.0281,1.236,True,1925.9608,1.648,True,1909.8262,2.472,True,1885.906,3.693,False,1883.9478,3.793,False,1948.4389,0.5,True,1938.6477,1.0,True,1928.8565,1.5,True,1919.0654,2.0,True,1899.4831,3.0,False,1958.23,,,,,,1868.2898,4.593,False,,,,,,,
ETHUSDT,BUY,13327,2075.44,win,5.976,1.939,15.2511,1967.901,2060.1889,0.735,True,2052.5633,1.102,True,2044.9378,1.47,True,2029.6867,2.205,False,1967.901,5.182,False,1965.8256,5.282,False,2065.0628,0.5,True,2054.6856,1.0,True,2044.3084,1.5,True,2033.9312,2.0,False,2013.1768,3.0,False,2075.44,,,1940.4849,6.502,False,1932.7653,6.874,False,,,,,,,
ETHUSDT,SELL,13483,2071.8,win,7.972,0.994,10.1933,2116.2689,2081.9933,0.492,True,2087.09,0.738,True,2092.1866,0.984,True,2102.3799,1.476,False,2116.2689,2.146,False,2118.3407,2.246,False,2082.159,0.5,True,2092.518,1.0,False,2102.877,1.5,False,2113.236,2.0,False,2133.954,3.0,False,2071.8,,,2102.449,1.479,False,2133.5414,2.98,False,,,,,,,
ETHUSDT,BUY,13808,2014.94,win,9.655,1.734,12.9691,1943.5605,2001.9709,0.644,True,1995.4864,0.965,True,1989.0018,1.287,True,1976.0327,1.931,False,1943.5605,3.543,False,1941.5456,3.643,False,2004.8653,0.5,True,1994.7906,1.0,True,1984.7159,1.5,True,1974.6412,2.0,False,1954.4918,3.0,False,2014.94,,1998.05,,,,1904.7234,5.47,False,,,,,,,
ETHUSDT,SELL,14279,2078.66,lose,0.893,1.813,6.7368,2114.2359,2085.3968,0.324,True,2088.7652,0.486,True,2092.1336,0.648,True,2098.8704,0.972,True,2114.2359,1.711,True,2116.3146,1.811,True,2089.0533,0.5,True,2099.4466,1.0,True,2109.8399,1.5,True,2120.2332,2.0,False,2141.0198,3.0,False,2078.66,,,2108.9086,1.455,True,2106.0439,1.317,True,,,,,,,
ETHUSDT,BUY,14367,2108.4,win,13.156,1.105,6.261,2077.5697,2102.139,0.297,True,2099.0085,0.445,True,2095.878,0.594,True,2089.617,0.891,True,2077.5697,1.462,False,2075.4613,1.562,False,2097.858,0.5,True,2087.316,1.0,True,2076.774,1.5,False,2066.232,2.0,False,2045.148,3.0,False,2108.4,,2107.1,,,,2079.0289,1.393,False,,,,,,,
ETHUSDT,SELL,14683,2262.53,win,10.65,0.0,11.2751,2331.2459,2273.8051,0.498,False,2279.4427,0.748,False,2285.0802,0.997,False,2296.3553,1.495,False,2331.2459,3.037,False,2333.5084,3.137,False,2273.8427,0.5,False,2285.1553,1.0,False,2296.468,1.5,False,2307.7806,2.0,False,2330.4059,3.0,False,2262.53,,,,,,2333.2109,3.124,False,,,,,,,
ETHUSDT,BUY,15164,2144.18,win,2.608,1.967,23.6737,2040.7812,2120.5063,1.104,True,2108.6694,1.656,True,2096.8326,2.208,False,2073.1589,3.312,False,2040.7812,4.822,False,2038.637,4.922,False,2133.4591,0.5,True,2122.7382,1.0,True,2112.0173,1.5,True,2101.2964,2.0,False,2079.8546,3.0,False,2144.18,,2138.39,2018.5476,5.859,False,2024.5634,5.579,False,,,,,,,
ETHUSDT,SELL,15429,2120.71,win,7.286,0.261,8.1959,2165.8117,2128.9059,0.386,False,2133.0039,0.58,False,2137.1018,0.773,False,2145.2977,1.159,False,2165.8117,2.127,False,2167.9324,2.227,False,2131.3135,0.5,False,2141.9171,1.0,False,2152.5206,1.5,False,2163.1242,2.0,False,2184.3313,3.0,False,2120.71,,,,,,2201.199,3.795,False,,,,,,,
ETHUSDT,BUY,15656,2027.21,lose,0.087,1.926,8.4458,1992.496,2018.7642,0.417,True,2014.5413,0.625,True,2010.3184,0.833,True,2001.8726,1.25,True,1992.496,1.712,True,1990.4688,1.812,True,2017.0739,0.5,True,2006.9379,1.0,True,1996.8019,1.5,True,1986.6658,2.0,False,1966.3937,3.0,False,2027.21,,2023.19,1988.2132,1.924,True,1999.6184,1.361,True,,,,,,,
ETHUSDT,SELL,15733,1994.88,win,2.924,2.855,4.3631,2013.382,1999.2431,0.219,True,2001.4247,0.328,True,2003.6062,0.437,True,2007.9693,0.656,True,2013.382,0.927,True,2015.3769,1.027,True,2004.8544,0.5,True,2014.8288,1.0,True,2024.8032,1.5,True,2034.7776,2.0,True,2054.7264,3.0,False,1994.88,,,2022.0285,1.361,True,2201.199,10.342,False,,,,,,,
ETHUSDT,BUY,15803,2046.0,win,5.924,1.698,11.8935,1989.3776,2034.1065,0.581,True,2028.1598,0.872,True,2022.213,1.163,True,2010.3195,1.744,False,1989.3776,2.767,False,1987.3316,2.867,False,2035.77,0.5,True,2025.54,1.0,True,2015.31,1.5,True,2005.08,2.0,False,1984.62,3.0,False,2046.0,,,1933.6352,5.492,False,1980.2278,3.215,False,,,,,,,
ETHUSDT,SELL,16088,2052.97,lose,1.823,1.512,15.2145,2139.138,2068.1845,0.741,True,2075.7917,1.112,True,2083.399,1.482,True,2098.6135,2.223,False,2139.138,4.197,False,2141.191,4.297,False,2063.2348,0.5,True,2073.4997,1.0,True,2083.7645,1.5,True,2094.0294,2.0,False,2114.5591,3.0,False,2052.97,,2056.75,,,,2151.5194,4.8,False,,,,,,,
ETHUSDT,BUY,16361,2064.43,lose,0.008,1.846,3.87,2049.4467,2060.56,0.187,True,2058.625,0.281,True,2056.69,0.375,True,2052.82,0.562,True,2049.4467,0.726,True,2047.3823,0.826,True,2054.1078,0.5,True,2043.7857,1.0,True,2033.4635,1.5,True,2023.1414,2.0,False,2002.4971,3.0,False,2064.43,,,,,,2052.0959,0.597,True,,,,,,,
ETHUSDT,BUY,16454,2096.4,win,3.721,0.482,9.1271,2036.3799,2087.2729,0.435,True,2082.7094,0.653,False,2078.1458,0.871,False,2069.0187,1.306,False,2036.3799,2.863,False,2034.2835,2.963,False,2085.918,0.5,False,2075.436,1.0,False,2064.954,1.5,False,2054.472,2.0,False,2033.508,3.0,False,2096.4,,2095.99,,,,2018.5894,3.712,False,,,,,,,
ETHUSDT,SELL,16568,2107.99,win,2.371,3.976,8.6269,2137.6783,2116.6169,0.409,True,2120.9303,0.614,True,2125.2438,0.818,True,2133.8707,1.228,True,2137.6783,1.408,True,2139.7863,1.508,True,2118.5299,0.5,True,2129.0699,1.0,True,2139.6098,1.5,True,2150.1498,2.0,True,2171.2297,3.0,True,2107.99,,,,,,,,,,,,,,,
ETHUSDT,BUY,16644,2177.01,win,4.409,0.781,14.166,2088.8031,2162.844,0.651,True,2155.761,0.976,False,2148.678,1.301,False,2134.512,1.952,False,2088.8031,4.052,False,2086.6261,4.152,False,2166.125,0.5,True,2155.2399,1.0,False,2144.3549,1.5,False,2133.4698,2.0,False,2111.6997,3.0,False,2177.01,,2174.64,,,,2082.3456,4.348,False,,,,,,,
ETHUSDT,BUY,16897,2221.64,win,4.877,0.726,8.6012,2188.1146,2213.0388,0.387,True,2208.7382,0.581,True,2204.4376,0.774,False,2195.8364,1.161,False,2188.1146,1.509,False,2185.893,1.609,False,2210.5318,0.5,True,2199.4236,1.0,False,2188.3154,1.5,False,2177.2072,2.0,False,2154.9908,3.0,False,2221.64,,,,,,2215.2026,0.29,True,,,,,,,
ETHUSDT,SELL,17045,2222.26,win,2.217,1.023,12.681,2284.9267,2234.941,0.571,True,2241.2815,0.856,True,2247.622,1.141,True,2260.303,1.712,False,2284.9267,2.82,False,2287.149,2.92,False,2233.3713,0.5,True,2244.4826,1.0,True,2255.5939,1.5,False,2266.7052,2.0,False,2288.9278,3.0,False,2222.26,,,2333.485,5.005,False,2284.7425,2.812,False,,,,,,,
ETHUSDT,BUY,17207,2240.74,win,7.839,0.056,11.4669,2185.2054,2229.2731,0.512,False,2223.5396,0.768,False,2217.8062,1.023,False,2206.3393,1.535,False,2185.2054,2.478,False,2182.9647,2.578,False,2229.5363,0.5,False,2218.3326,1.0,False,2207.1289,1.5,False,2195.9252,2.0,False,2173.5178,3.0,False,2240.74,,2239.49,2171.2183,3.103,False,2190.2276,2.254,False,,,,,,,
ETHUSDT,BUY,17424,2353.64,win,4.683,3.014,9.8679,2323.6817,2343.7721,0.419,True,2338.8382,0.629,True,2333.9042,0.839,True,2324.0363,1.258,True,2323.6817,1.273,True,2321.3281,1.373,True,2341.8718,0.5,True,2330.1036,1.0,True,2318.3354,1.5,True,2306.5672,2.0,True,2283.0308,3.0,True,2353.64,,,2339.7551,0.59,True,2325.1925,1.209,True,,,,,,,
ETHUSDT,SELL,17649,2374.59,win,5.208,0.003,7.5911,2414.2533,2382.1811,0.32,False,2385.9767,0.48,False,2389.7722,0.639,False,2397.3633,0.959,False,2414.2533,1.67,False,2416.6279,1.77,False,2386.463,0.5,False,2398.3359,1.0,False,2410.2088,1.5,False,2422.0818,2.0,False,2445.8277,3.0,False,2374.59,,,,,,2421.5992,1.98,False,,,,,,,
ETHUSDT,SELL,18105,2339.62,win,2.407,0.774,10.32,2390.4161,2349.94,0.441,True,2355.1,0.662,True,2360.26,0.882,False,2370.58,1.323,False,2390.4161,2.171,False,2392.7557,2.271,False,2351.3181,0.5,True,2363.0162,1.0,False,2374.7143,1.5,False,2386.4124,2.0,False,2409.8086,3.0,False,2339.62,,2343.6,,,,2398.8164,2.53,False,,,,,,,
ETHUSDT,BUY,18410,2331.82,win,3.095,0.932,4.0864,2312.4475,2327.7336,0.175,True,2325.6904,0.263,True,2323.6472,0.35,True,2319.5608,0.526,True,2312.4475,0.831,True,2310.1157,0.931,True,2320.1609,0.5,True,2308.5018,1.0,False,2296.8427,1.5,False,2285.1836,2.0,False,2261.8654,3.0,False,2331.82,,2330.11,2301.6124,1.295,False,2296.681,1.507,False,,,,,,,
ETHUSDT,BUY,18688,2325.64,lose,0.896,2.794,7.6743,2284.1349,2317.9657,0.33,True,2314.1285,0.495,True,2310.2914,0.66,True,2302.6171,0.99,True,2284.1349,1.785,True,2281.8093,1.885,True,2314.0118,0.5,True,2302.3836,1.0,True,2290.7554,1.5,True,2279.1272,2.0,True,2255.8708,3.0,False,2325.64,,,2274.603,2.195,True,2253.774,3.09,False,,,,,,,
ETHUSDT,SELL,18733,2266.22,win,2.091,1.27,10.1107,2319.0976,2276.3307,0.446,True,2281.386,0.669,True,2286.4414,0.892,True,2296.5521,1.338,False,2319.0976,2.333,False,2321.3638,2.433,False,2277.5511,0.5,True,2288.8822,1.0,True,2300.2133,1.5,False,2311.5444,2.0,False,2334.2066,3.0,False,2266.22,,2267.9,2349.9997,3.697,False,2279.4372,0.583,True,,,,,,,
ETHUSDT,BUY,18880,2282.87,win,6.117,0.537,5.5234,2257.9058,2277.3466,0.242,True,2274.5849,0.363,True,2271.8232,0.484,True,2266.2998,0.726,False,2257.9058,1.094,False,2255.6229,1.194,False,2271.4556,0.5,True,2260.0413,1.0,False,2248.6269,1.5,False,2237.2126,2.0,False,2214.3839,3.0,False,2282.87,,,2247.6035,1.545,False,2223.4643,2.602,False,,,,,,,
ETHUSDT,SELL,19410,2348.46,win,3.621,0.322,9.8534,2392.402,2358.3134,0.42,False,2363.2401,0.629,False,2368.1668,0.839,False,2378.0202,1.259,False,2392.402,1.871,False,2394.7505,1.971,False,2360.2023,0.5,False,2371.9446,1.0,False,2383.6869,1.5,False,2395.4292,2.0,False,2418.9138,3.0,False,2348.46,,,2426.1538,3.308,False,2378.1658,1.265,False,,,,,,,
ETHUSDT,SELL,19920,2307.55,win,2.271,0.62,7.6615,2348.1795,2315.2115,0.332,True,2319.0422,0.498,True,2322.873,0.664,False,2330.5345,0.996,False,2348.1795,1.761,False,2350.4871,1.861,False,2319.0878,0.5,True,2330.6255,1.0,False,2342.1633,1.5,False,2353.701,2.0,False,2376.7765,3.0,False,2307.55,,2315.0,2348.3973,1.77,False,2378.1658,3.06,False,,,,,,,
ETHUSDT,SELL,20069,2266.43,lose,1.475,2.267,9.0947,2306.7,2275.5247,0.401,True,2280.072,0.602,True,2284.6194,0.803,True,2293.7141,1.204,True,2306.7,1.777,True,2308.9664,1.877,True,2277.7621,0.5,True,2289.0943,1.0,True,2300.4264,1.5,True,2311.7586,2.0,True,2334.4229,3.0,False,2266.43,,,2326.164,2.636,False,2378.1658,4.93,False,,,,,,,
ETHUSDT,BUY,21047,2078.42,win,3.437,0.826,6.778,2044.3176,2071.642,0.326,True,2068.253,0.489,True,2064.864,0.652,True,2058.086,0.978,False,2044.3176,1.641,False,2042.2392,1.741,False,2068.0279,0.5,True,2057.6358,1.0,False,2047.2437,1.5,False,2036.8516,2.0,False,2016.0674,3.0,False,2078.42,,2074.62,,,,2004.993,3.533,False,,,,,,,
ETHUSDT,BUY,21614,2041.51,lose,0.107,1.993,11.3339,1988.7015,2030.1761,0.555,True,2024.5092,0.833,True,2018.8422,1.11,True,2007.5083,1.666,True,1988.7015,2.587,False,1986.66,2.687,False,2031.3024,0.5,True,2021.0949,1.0,True,2010.8873,1.5,True,2000.6798,2.0,True,1980.2647,3.0,False,2041.51,,,1972.4069,3.385,False,2008.2397,1.63,True,,,,,,,
ETHUSDT,BUY,22434,1599.41,win,7.638,0.109,8.0517,1566.6241,1591.3583,0.503,False,1587.3325,0.755,False,1583.3066,1.007,False,1575.2549,1.51,False,1566.6241,2.05,False,1565.0247,2.15,False,1591.413,0.5,False,1583.4159,1.0,False,1575.4189,1.5,False,1567.4218,2.0,False,1551.4277,3.0,False,1599.41,,,,,,1561.437,2.374,False,,,,,,,
ETHUSDT,BUY,23169,1717.9,win,7.619,0.55,8.4842,1661.114,1709.4158,0.494,True,1705.1737,0.741,False,1700.9316,0.988,False,1692.4474,1.482,False,1661.114,3.306,False,1659.3961,3.406,False,1709.3105,0.5,True,1700.721,1.0,False,1692.1315,1.5,False,1683.542,2.0,False,1666.363,3.0,False,1717.9,,1714.86,1650.88,3.901,False,1596.0623,7.092,False,,,,,,,
ETHUSDT,BUY,23685,1726.88,lose,1.288,1.535,4.9343,1700.6704,1721.9457,0.286,True,1719.4786,0.429,True,1717.0114,0.571,True,1712.0771,0.857,True,1700.6704,1.518,True,1698.9435,1.618,False,1718.2456,0.5,True,1709.6112,1.0,True,1700.9768,1.5,True,1692.3424,2.0,False,1675.0736,3.0,False,1726.88,,,,,,1703.8844,1.332,True,,,,,,,
ETHUSDT,SELL,23848,1705.69,lose,0.107,3.477,7.0491,1738.001,1712.7391,0.413,True,1716.2637,0.62,True,1719.7882,0.827,True,1726.8373,1.24,True,1738.001,1.894,True,1739.7067,1.994,True,1714.2184,0.5,True,1722.7469,1.0,True,1731.2753,1.5,True,1739.8038,2.0,True,1756.8607,3.0,True,1705.69,,1708.57,1741.0276,2.072,True,1734.733,1.703,True,,,,,,,
ETHUSDT,BUY,23896,1762.68,lose,0.926,3.04,6.2059,1724.6016,1756.4741,0.352,True,1753.3712,0.528,True,1750.2682,0.704,True,1744.0623,1.056,True,1724.6016,2.16,True,1722.8389,2.26,True,1753.8666,0.5,True,1745.0532,1.0,True,1736.2398,1.5,True,1727.4264,2.0,True,1709.7996,3.0,True,1762.68,,1761.57,,,,1703.8844,3.336,False,,,,,,,
ETHUSDT,SELL,23967,1712.85,win,9.449,0.095,5.7471,1745.9622,1718.5971,0.336,False,1721.4706,0.503,False,1724.3442,0.671,False,1730.0913,1.007,False,1745.9622,1.933,False,1747.675,2.033,False,1721.4142,0.5,False,1729.9785,1.0,False,1738.5427,1.5,False,1747.107,2.0,False,1764.2355,3.0,False,1712.85,,1714.27,,,,1741.3796,1.666,False,,,,,,,
ETHUSDT,BUY,24166,1652.28,lose,0.407,7.401,7.0844,1615.874,1645.1956,0.429,True,1641.6534,0.643,True,1638.1112,0.858,True,1631.0268,1.286,True,1615.874,2.203,True,1614.2217,2.303,True,1644.0186,0.5,True,1635.7572,1.0,True,1627.4958,1.5,True,1619.2344,2.0,True,1602.7116,3.0,True,1652.28,,,,,,1619.9884,1.954,True,,,,,,,
ETHUSDT,BUY,24387,1593.42,lose,1.068,1.998,3.8397,1568.4548,1589.5803,0.241,True,1587.6605,0.361,True,1585.7406,0.482,True,1581.9009,0.723,True,1568.4548,1.567,True,1566.8614,1.667,True,1585.4529,0.5,True,1577.4858,1.0,True,1569.5187,1.5,True,1561.5516,2.0,False,1545.6174,3.0,False,1593.42,,,1575.7129,1.111,True,1518.0304,4.731,False,,,,,,,
ETHUSDT,BUY,25592,1775.16,win,3.062,0.42,6.3327,1741.0938,1768.8273,0.357,True,1765.661,0.535,False,1762.4946,0.713,False,1756.1619,1.07,False,1741.0938,1.919,False,1739.3186,2.019,False,1766.2842,0.5,False,1757.4084,1.0,False,1748.5326,1.5,False,1739.6568,2.0,False,1721.9052,3.0,False,1775.16,,1774.1,1734.0051,2.318,False,1728.3,2.64,False,1735.911,2.211,False,1740.105,1.975,False,
ETHUSDT,BUY,26013,1860.7,win,4.625,0.36,10.1348,1772.0345,1850.5652,0.545,False,1845.4978,0.817,False,1840.4304,1.089,False,1830.2956,1.634,False,1772.0345,4.765,False,1770.1738,4.865,False,1851.3965,0.5,False,1842.093,1.0,False,1832.7895,1.5,False,1823.486,2.0,False,1804.879,3.0,False,1860.7,,1854.01,,,,1781.4967,4.257,False,,,,,,,
ETHUSDT,SELL,26882,1901.31,win,2.9,0.421,6.7716,1931.1426,1908.0816,0.356,True,1911.4674,0.534,False,1914.8532,0.712,False,1921.6248,1.068,False,1931.1426,1.569,False,1933.0439,1.669,False,1910.8165,0.5,False,1920.3231,1.0,False,1929.8296,1.5,False,1939.3362,2.0,False,1958.3493,3.0,False,1901.31,,,,,,1928.8669,1.449,False,,,,,,,
ETHUSDT,BUY,27096,1874.86,win,5.715,0.441,2.9414,1861.2949,1871.9186,0.157,True,1870.4479,0.235,True,1868.9772,0.314,True,1866.0358,0.471,False,1861.2949,0.724,False,1859.42,0.824,False,1865.4857,0.5,False,1856.1114,1.0,False,1846.7371,1.5,False,1837.3628,2.0,False,1818.6142,3.0,False,1874.86,,1869.8,,,,1871.0771,0.202,True,,,,,,,
ETHUSDT,BUY,28032,1872.68,win,3.755,0.97,5.6261,1852.6909,1867.0539,0.3,True,1864.2409,0.451,True,1861.4278,0.601,True,1855.8017,0.901,True,1852.6909,1.067,False,1850.8182,1.167,False,1863.3166,0.5,True,1853.9532,1.0,False,1844.5898,1.5,False,1835.2264,2.0,False,1816.4996,3.0,False,1872.68,,1861.91,1849.7712,1.223,False,1844.6635,1.496,False,,,,,,,
ETHUSDT,SELL,28610,1900.37,win,2.534,0.454,5.2585,1926.7206,1905.6285,0.277,True,1908.2577,0.415,True,1910.887,0.553,True,1916.1455,0.83,False,1926.7206,1.387,False,1928.621,1.487,False,1909.8718,0.5,True,1919.3737,1.0,False,1928.8755,1.5,False,1938.3774,2.0,False,1957.3811,3.0,False,1900.37,,,1933.1754,1.726,False,1939.6777,2.068,False,,,,,,,
ETHUSDT,SELL,29769,2410.36,win,2.281,3.118,10.4947,2457.3884,2420.8547,0.435,True,2426.102,0.653,True,2431.3494,0.871,True,2441.8441,1.306,True,2457.3884,1.951,True,2459.7988,2.051,True,2422.4118,0.5,True,2434.4636,1.0,True,2446.5154,1.5,True,2458.5672,2.0,True,2482.6708,3.0,True,2410.36,,,,,,,,,,,,,,,
LINKUSDT,SELL,20,17.693,win,11.36,0.43,0.2115,18.5172,17.9045,1.195,False,18.0103,1.793,False,18.116,2.391,False,18.3275,3.586,False,18.5172,4.658,False,18.5349,4.758,False,17.7815,0.5,False,17.8699,1.0,False,17.9584,1.5,False,18.0469,2.0,False,18.2238,3.0,False,17.693,,,,,,,,,,,,,,,
LINKUSDT,BUY,276,17.106,win,12.124,1.081,0.1412,16.4637,16.9648,0.825,True,16.8942,1.238,False,16.8236,1.651,False,16.6824,2.476,False,16.4637,3.755,False,16.4466,3.855,False,17.0205,0.5,True,16.9349,1.0,True,16.8494,1.5,False,16.7639,2.0,False,16.5928,3.0,False,17.106,,17.03,16.4942,3.576,False,16.7992,1.794,False,,,,,,,
LINKUSDT,SELL,445,17.731,win,5.865,6.926,0.1317,18.6341,17.8627,0.743,True,17.9286,1.114,True,17.9944,1.486,True,18.1261,2.228,True,18.6341,5.093,True,18.6518,5.193,True,17.8197,0.5,True,17.9083,1.0,True,17.997,1.5,True,18.0856,2.0,True,18.2629,3.0,True,17.731,,17.795,18.9774,7.03,False,,,,,,,,,,
LINKUSDT,BUY,743,17.687,win,3.149,1.38,0.0765,17.357,17.6105,0.433,True,17.5723,0.649,True,17.534,0.865,True,17.4575,1.298,True,17.357,1.866,False,17.3393,1.966,False,17.5986,0.5,True,17.5101,1.0,True,17.4217,1.5,False,17.3333,2.0,False,17.1564,3.0,False,17.687,,,,,,16.6743,5.726,False,,,,,,,
LINKUSDT,SELL,930,17.756,lose,0.107,3.272,0.0493,17.969,17.8053,0.278,True,17.83,0.416,True,17.8546,0.555,True,17.9039,0.833,True,17.969,1.2,True,17.9868,1.3,True,17.8448,0.5,True,17.9336,1.0,True,18.0223,1.5,True,18.1111,2.0,True,18.2887,3.0,True,17.756,,,,,,,,,,,,,,,
LINKUSDT,BUY,953,18.309,win,4.08,1.497,0.0846,17.7975,18.2244,0.462,True,18.1821,0.693,True,18.1398,0.924,True,18.0552,1.386,True,17.7975,2.794,False,17.7792,2.894,False,18.2175,0.5,True,18.1259,1.0,True,18.0344,1.5,False,17.9428,2.0,False,17.7597,3.0,False,18.309,,,,,,17.9041,2.212,False,,,,,,,
LINKUSDT,BUY,1521,17.334,lose,1.875,4.794,0.0758,17.0259,17.2582,0.437,True,17.2203,0.656,True,17.1824,0.875,True,17.1066,1.312,True,17.0259,1.777,True,17.0086,1.877,True,17.2473,0.5,True,17.1607,1.0,True,17.074,1.5,True,16.9873,2.0,True,16.814,3.0,True,17.334,,,,,,16.8302,2.907,True,,,,,,,
LINKUSDT,SELL,1687,16.525,win,17.18,0.079,0.1421,17.4371,16.6671,0.86,False,16.7381,1.29,False,16.8092,1.72,False,16.9513,2.58,False,17.4371,5.52,False,17.4536,5.62,False,16.6076,0.5,False,16.6902,1.0,False,16.7729,1.5,False,16.8555,2.0,False,17.0207,3.0,False,16.525,,16.538,17.6855,7.023,False,17.1972,4.068,False,17.6712,6.936,False,17.598,6.493,False,
LINKUSDT,BUY,1958,15.176,lose,0.593,6.207,0.1065,14.7972,15.0695,0.702,True,15.0162,1.053,True,14.963,1.404,True,14.8565,2.105,True,14.7972,2.496,True,14.782,2.596,True,15.1001,0.5,True,15.0242,1.0,True,14.9484,1.5,True,14.8725,2.0,True,14.7207,3.0,True,15.176,,,,,,15.0769,0.653,True,,,,,,,
LINKUSDT,BUY,2127,15.797,win,2.633,4.355,0.1953,14.5971,15.6017,1.236,True,15.5041,1.854,True,15.4064,2.473,True,15.2111,3.709,True,14.5971,7.596,False,14.5813,7.696,False,15.718,0.5,True,15.639,1.0,True,15.56,1.5,True,15.4811,2.0,True,15.3231,3.0,True,15.797,,15.753,14.2786,9.612,False,15.0769,4.558,False,,,,,,,
LINKUSDT,BUY,2313,15.813,win,6.172,1.454,0.1239,15.2526,15.6891,0.784,True,15.6272,1.175,True,15.5652,1.567,False,15.4413,2.351,False,15.2526,3.544,False,15.2368,3.644,False,15.7339,0.5,True,15.6549,1.0,True,15.5758,1.5,False,15.4967,2.0,False,15.3386,3.0,False,15.813,,,,,,15.0769,4.655,False,,,,,,,
LINKUSDT,SELL,2520,15.669,win,3.159,3.306,0.1227,16.2381,15.7917,0.783,True,15.853,1.175,True,15.9144,1.566,True,16.0371,2.349,True,16.2381,3.632,False,16.2538,3.732,False,15.7473,0.5,True,15.8257,1.0,True,15.904,1.5,True,15.9824,2.0,True,16.1391,3.0,True,15.669,,,16.3124,4.106,False,16.1191,2.873,True,16.3012,4.035,False,16.222,3.529,False,
LINKUSDT,SELL,2605,15.161,lose,1.675,5.626,0.1676,15.9904,15.3286,1.105,True,15.4124,1.658,True,15.4962,2.211,True,15.6638,3.316,True,15.9904,5.471,True,16.0056,5.571,True,15.2368,0.5,True,15.3126,1.0,True,15.3884,1.5,True,15.4642,2.0,True,15.6158,3.0,True,15.161,,,16.2684,7.304,False,16.1191,6.32,False,16.2548,7.215,False,16.19,6.787,False,
LINKUSDT,BUY,2664,15.879,lose,0.428,7.299,0.1269,15.3625,15.7521,0.799,True,15.6886,1.199,True,15.6252,1.598,True,15.4983,2.398,True,15.3625,3.253,True,15.3466,3.353,True,15.7996,0.5,True,15.7202,1.0,True,15.6408,1.5,True,15.5614,2.0,True,15.4026,3.0,True,15.879,,,,,,15.7902,0.559,True,,,,,,,
LINKUSDT,SELL,2704,14.767,win,11.627,0.352,0.1604,15.7881,14.9274,1.086,False,15.0076,1.629,False,15.0878,2.172,False,15.2482,3.259,False,15.7881,6.915,False,15.8029,7.015,False,14.8408,0.5,False,14.9147,1.0,False,14.9885,1.5,False,15.0623,2.0,False,15.21,3.0,False,14.767,,14.819,,,,16.1191,9.156,False,,,,,,,
LINKUSDT,SELL,3235,13.275,win,3.902,3.729,0.0961,13.7129,13.3711,0.724,True,13.4192,1.086,True,13.4672,1.448,True,13.5633,2.172,True,13.7129,3.299,True,13.7262,3.399,True,13.3414,0.5,True,13.4078,1.0,True,13.4741,1.5,True,13.5405,2.0,True,13.6733,3.0,True,13.275,,13.321,,,,13.5045,1.729,True,,,,,,,
LINKUSDT,BUY,3325,13.769,lose,1.678,7.197,0.0828,13.2865,13.6862,0.601,True,13.6448,0.902,True,13.6034,1.203,True,13.5206,1.804,True,13.2865,3.504,True,13.2727,3.604,True,13.7002,0.5,True,13.6313,1.0,True,13.5625,1.5,True,13.4936,2.0,True,13.3559,3.0,True,13.769,,13.713,,,,13.3217,3.249,True,,,,,,,
LINKUSDT,BUY,3609,12.455,win,8.936,1.309,0.0781,12.0474,12.3769,0.627,True,12.3378,0.941,True,12.2988,1.254,True,12.2207,1.881,False,12.0474,3.273,False,12.0349,3.373,False,12.3927,0.5,True,12.3305,1.0,True,12.2682,1.5,False,12.2059,2.0,False,12.0814,3.0,False,12.455,,,,,,11.6633,6.356,False,,,,,,,
LINKUSDT,SELL,4150,13.155,lose,1.908,1.3,0.0782,13.425,13.2332,0.594,True,13.2723,0.892,True,13.3114,1.189,True,13.3896,1.783,False,13.425,2.052,False,13.4382,2.152,False,13.2208,0.5,True,13.2866,1.0,True,13.3523,1.5,False,13.4181,2.0,False,13.5496,3.0,False,13.155,,,,,,,,,,,,,,,
LINKUSDT,BUY,4329,13.24,lose,1.307,6.088,0.0632,13.025,13.1768,0.477,True,13.1452,0.716,True,13.1136,0.955,True,13.0504,1.432,True,13.025,1.624,True,13.0118,1.724,True,13.1738,0.5,True,13.1076,1.0,True,13.0414,1.5,True,12.9752,2.0,True,12.8428,3.0,True,13.24,,,,,,12.6833,4.205,True,,,,,,,
LINKUSDT,SELL,4363,12.49,win,6.013,0.384,0.1006,13.2898,12.5906,0.805,True,12.6409,1.208,False,12.6912,1.611,False,12.7918,2.416,False,13.2898,6.404,False,13.3023,6.504,False,12.5524,0.5,True,12.6149,1.0,True,12.6773,1.5,False,12.7398,2.0,False,12.8647,3.0,False,12.49,,12.538,,,,13.1221,5.061,False,,,,,,,
LINKUSDT,BUY,4515,12.481,win,19.55,0.184,0.065,12.0725,12.416,0.521,False,12.3835,0.781,False,12.351,1.042,False,12.286,1.562,False,12.0725,3.273,False,12.06,3.373,False,12.4186,0.5,False,12.3562,1.0,False,12.2938,1.5,False,12.2314,2.0,False,12.1066,3.0,False,12.481,,12.458,,,,,,,,,,,,,
LINKUSDT,SELL,4770,14.21,win,6.017,0.802,0.061,14.4386,14.271,0.429,True,14.3015,0.644,True,14.332,0.859,False,14.393,1.288,False,14.4386,1.609,False,14.4528,1.709,False,14.281,0.5,True,14.3521,1.0,False,14.4231,1.5,False,14.4942,2.0,False,14.6363,3.0,False,14.21,,,14.4146,1.44,False,,,,,,,,,,
LINKUSDT,SELL,4997,13.23,lose,0.469,11.534,0.1017,13.9495,13.3317,0.769,True,13.3826,1.153,True,13.4334,1.537,True,13.5351,2.306,True,13.9495,5.438,True,13.9627,5.538,True,13.2961,0.5,True,13.3623,1.0,True,13.4284,1.5,True,13.4946,2.0,True,13.6269,3.0,True,13.23,,13.435,,,,13.9579,5.502,True,,,,,,,
LINKUSDT,SELL,5326,13.79,win,2.959,3.024,0.1375,14.489,13.9275,0.997,True,13.9962,1.496,True,14.065,1.994,True,14.2025,2.991,True,14.489,5.069,False,14.5028,5.169,False,13.8589,0.5,True,13.9279,1.0,True,13.9968,1.5,True,14.0658,2.0,True,14.2037,3.0,True,13.79,,,14.9063,8.095,False,14.0971,2.227,True,14.9162,8.167,False,14.723,6.766,False,
LINKUSDT,BUY,5415,14.038,win,2.144,5.499,0.1165,13.5815,13.9215,0.83,True,13.8633,1.245,True,13.805,1.66,True,13.6885,2.49,True,13.5815,3.252,True,13.5675,3.352,True,13.9678,0.5,True,13.8976,1.0,True,13.8274,1.5,True,13.7572,2.0,True,13.6169,3.0,True,14.038,,,13.3619,4.816,True,13.4395,4.263,True,,,,,,,
LINKUSDT,SELL,5486,13.51,win,13.19,3.368,0.1454,14.1409,13.6554,1.076,True,13.7281,1.614,True,13.8008,2.152,True,13.9462,3.229,True,14.1409,4.67,False,14.1544,4.77,False,13.5775,0.5,True,13.6451,1.0,True,13.7126,1.5,True,13.7802,2.0,True,13.9153,3.0,True,13.51,,13.581,14.3605,6.295,False,14.0971,4.346,False,,,,,,,
LINKUSDT,BUY,6137,12.439,win,2.516,1.809,0.0549,12.1637,12.3841,0.441,True,12.3567,0.662,True,12.3292,0.883,True,12.2743,1.324,True,12.1637,2.213,False,12.1513,2.313,False,12.3768,0.5,True,12.3146,1.0,True,12.2524,1.5,True,12.1902,2.0,False,12.0658,3.0,False,12.439,,,,,,12.1728,2.14,False,,,,,,,
LINKUSDT,BUY,6420,12.664,win,2.298,3.538,0.0655,12.3704,12.5985,0.517,True,12.5657,0.776,True,12.533,1.034,True,12.4675,1.552,True,12.3704,2.318,True,12.3577,2.418,True,12.6007,0.5,True,12.5374,1.0,True,12.474,1.5,True,12.4107,2.0,True,12.2841,3.0,True,12.664,,,,,,12.1728,3.879,False,,,,,,,
LINKUSDT,SELL,6505,12.327,win,2.847,1.72,0.0586,12.5527,12.3856,0.475,True,12.4149,0.713,True,12.4442,0.951,True,12.5028,1.426,True,12.5527,1.831,False,12.565,1.931,False,12.3886,0.5,True,12.4503,1.0,True,12.5119,1.5,True,12.5735,2.0,False,12.6968,3.0,False,12.327,,,12.713,3.132,False,12.6917,2.958,False,,,,,,,
LINKUSDT,BUY,7412,12.443,win,14.37,0.121,0.0419,12.2545,12.4011,0.337,False,12.3802,0.505,False,12.3592,0.673,False,12.3173,1.01,False,12.2545,1.515,False,12.2421,1.615,False,12.3808,0.5,False,12.3186,1.0,False,12.2564,1.5,False,12.1941,2.0,False,12.0697,3.0,False,12.443,,,,,,11.979,3.729,False,,,,,,,
LINKUSDT,SELL,7976,13.389,win,2.771,1.232,0.0917,13.8973,13.4807,0.685,True,13.5265,1.027,True,13.5724,1.37,False,13.6641,2.055,False,13.8973,3.796,False,13.9107,3.896,False,13.4559,0.5,True,13.5229,1.0,True,13.5898,1.5,False,13.6568,2.0,False,13.7907,3.0,False,13.389,,,13.9619,4.279,False,13.8939,3.771,False,,,,,,,
LINKUSDT,BUY,8376,13.279,lose,1.792,2.854,0.0465,13.1338,13.2325,0.35,True,13.2092,0.525,True,13.186,0.7,True,13.1395,1.051,True,13.1338,1.093,True,13.1205,1.193,True,13.2126,0.5,True,13.1462,1.0,True,13.0798,1.5,True,13.0134,2.0,True,12.8806,3.0,False,13.279,13.1338,,,,,13.1648,0.86,True,,,,,,,
LINKUSDT,SELL,8483,13.049,lose,0.146,3.579,0.0583,13.2902,13.1073,0.447,True,13.1364,0.67,True,13.1656,0.894,True,13.2239,1.34,True,13.2902,1.848,True,13.3032,1.948,True,13.1142,0.5,True,13.1795,1.0,True,13.2447,1.5,True,13.31,2.0,True,13.4405,3.0,True,13.049,,,13.348,2.291,True,13.1872,1.059,True,13.0628,0.106,True,,,,
LINKUSDT,BUY,8549,13.397,win,7.517,0.433,0.0584,13.124,13.3386,0.436,False,13.3094,0.654,False,13.2802,0.872,False,13.2218,1.308,False,13.124,2.038,False,13.1106,2.138,False,13.33,0.5,False,13.263,1.0,False,13.196,1.5,False,13.1291,2.0,False,12.9951,3.0,False,13.397,,13.361,,,,13.2897,0.801,False,,,,,,,
LINKUSDT,SELL,8709,13.847,win,3.098,2.6,0.0576,14.0547,13.9046,0.416,True,13.9334,0.624,True,13.9622,0.832,True,14.0198,1.248,True,14.0547,1.5,True,14.0685,1.6,True,13.9162,0.5,True,13.9855,1.0,True,14.0547,1.5,True,14.1239,2.0,True,14.2624,3.0,False,13.847,,,,,,14.2012,2.558,True,,,,,,,
LINKUSDT,BUY,8938,13.868,lose,0.043,11.307,0.0403,13.6674,13.8277,0.291,True,13.8076,0.436,True,13.7874,0.581,True,13.7471,0.872,True,13.6674,1.446,True,13.6535,1.546,True,13.7987,0.5,True,13.7293,1.0,True,13.66,1.5,True,13.5906,2.0,True,13.452,3.0,True,13.868,,13.862,,,,13.6893,1.289,True,,,,,,,
LINKUSDT,SELL,9066,12.805,win,7.193,1.484,0.1362,13.911,12.9412,1.064,True,13.0093,1.595,False,13.0774,2.127,False,13.2136,3.191,False,13.911,8.637,False,13.9238,8.737,False,12.869,0.5,True,12.933,1.0,True,12.9971,1.5,False,13.0611,2.0,False,13.1891,3.0,False,12.805,,12.898,13.8948,8.511,False,14.2012,10.903,False,13.8782,8.381,False,13.853,8.184,False,
LINKUSDT,BUY,9820,11.902,win,2.378,1.815,0.0623,11.7108,11.8397,0.523,True,11.8085,0.785,True,11.7774,1.047,True,11.7151,1.57,True,11.7108,1.606,True,11.6989,1.706,True,11.8425,0.5,True,11.783,1.0,True,11.7235,1.5,True,11.664,2.0,False,11.5449,3.0,False,11.902,,,,,,,,,,,,,,,
LINKUSDT,SELL,10005,11.81,win,24.157,1.092,0.0672,12.0135,11.8772,0.569,True,11.9108,0.854,True,11.9444,1.138,False,12.0116,1.707,False,12.0135,1.723,False,12.0253,1.823,False,11.869,0.5,True,11.9281,1.0,True,11.9871,1.5,False,12.0462,2.0,False,12.1643,3.0,False,11.81,,,,,,12.1001,2.456,False,,,,,,,
LINKUSDT,SELL,10577,9.307,win,23.531,6.253,0.0925,9.8293,9.3995,0.994,True,9.4458,1.491,True,9.492,1.988,True,9.5845,2.982,True,9.8293,5.612,True,9.8386,5.712,True,9.3535,0.5,True,9.4001,1.0,True,9.4466,1.5,True,9.4931,2.0,True,9.5862,3.0,True,9.307,,,,,,9.5656,2.778,True,,,,,,,
LINKUSDT,BUY,10861,8.801,win,2.795,2.568,0.089,8.2704,8.712,1.011,True,8.6675,1.517,True,8.623,2.022,True,8.534,3.034,False,8.2704,6.029,False,8.2616,6.129,False,8.757,0.5,True,8.713,1.0,True,8.669,1.5,True,8.625,2.0,True,8.537,3.0,False,8.801,,8.718,,,,7.8921,10.327,False,,,,,,,
LINKUSDT,BUY,11528,8.723,win,5.915,0.619,0.0654,8.3226,8.6576,0.75,False,8.6249,1.125,False,8.5922,1.499,False,8.5268,2.249,False,8.3226,4.59,False,8.3139,4.69,False,8.6794,0.5,True,8.6358,1.0,False,8.5922,1.5,False,8.5485,2.0,False,8.4613,3.0,False,8.723,,,,,,,,,,,,,,,
LINKUSDT,SELL,11727,8.819,win,5.454,1.996,0.0504,9.0614,8.8694,0.571,True,8.8946,0.857,True,8.9198,1.143,True,8.9702,1.714,True,9.0614,2.749,False,9.0702,2.849,False,8.8631,0.5,True,8.9072,1.0,True,8.9513,1.5,True,8.9954,2.0,False,9.0836,3.0,False,8.819,,8.85,,,,9.0671,2.813,False,,,,,,,
LINKUSDT,SELL,12386,8.714,win,7.62,0.7,0.0297,8.8856,8.7437,0.341,True,8.7585,0.511,True,8.7734,0.682,True,8.8031,1.022,False,8.8856,1.969,False,8.8943,2.069,False,8.7576,0.5,True,8.8011,1.0,False,8.8447,1.5,False,8.8883,2.0,False,8.9754,3.0,False,8.714,,,8.8843,1.954,False,8.8468,1.524,False,,,,,,,
LINKUSDT,BUY,12626,8.614,win,11.319,3.042,0.0597,8.1962,8.5543,0.693,True,8.5245,1.04,True,8.4946,1.386,True,8.4349,2.079,True,8.1962,4.85,False,8.1876,4.95,False,8.5709,0.5,True,8.5279,1.0,True,8.4848,1.5,True,8.4417,2.0,True,8.3556,3.0,True,8.614,,8.581,8.1488,5.401,False,8.2158,4.623,False,,,,,,,
LINKUSDT,SELL,12785,8.878,win,7.603,4.674,0.0756,9.2818,8.9536,0.852,True,8.9914,1.277,True,9.0292,1.703,True,9.1048,2.555,True,9.2818,4.548,True,9.2907,4.648,True,8.9224,0.5,True,8.9668,1.0,True,9.0112,1.5,True,9.0556,2.0,True,9.1443,3.0,True,8.878,,8.898,,,,,,,,,,,,,
LINKUSDT,BUY,12992,8.798,win,4.637,3.023,0.0741,8.4441,8.7239,0.842,True,8.6868,1.263,True,8.6498,1.684,True,8.5757,2.527,True,8.4441,4.023,False,8.4353,4.123,False,8.754,0.5,True,8.71,1.0,True,8.666,1.5,True,8.622,2.0,True,8.5341,3.0,True,8.798,,,,,,8.2158,6.618,False,,,,,,,
LINKUSDT,BUY,13327,9.217,win,4.459,2.105,0.0683,8.7236,9.1487,0.741,True,9.1146,1.112,True,9.0804,1.482,True,9.0121,2.223,False,8.7236,5.353,False,8.7144,5.453,False,9.1709,0.5,True,9.1248,1.0,True,9.0787,1.5,True,9.0327,2.0,True,8.9405,3.0,False,9.217,,,8.668,5.957,False,8.6533,6.115,False,,,,,,,
LINKUSDT,SELL,13521,9.105,win,7.897,0.78,0.0434,9.3103,9.1484,0.477,True,9.1701,0.715,True,9.1918,0.953,False,9.2352,1.43,False,9.3103,2.255,False,9.3194,2.355,False,9.1505,0.5,True,9.1961,1.0,False,9.2416,1.5,False,9.2871,2.0,False,9.3782,3.0,False,9.105,,9.143,,,,9.3053,2.2,False,,,,,,,
LINKUSDT,BUY,13825,8.914,win,2.984,0.987,0.0542,8.61,8.8598,0.608,True,8.8327,0.912,True,8.8056,1.216,False,8.7514,1.824,False,8.61,3.41,False,8.6011,3.51,False,8.8694,0.5,True,8.8249,1.0,False,8.7803,1.5,False,8.7357,2.0,False,8.6466,3.0,False,8.914,,,,,,8.3776,6.017,False,,,,,,,
LINKUSDT,SELL,14079,8.841,lose,0.011,3.156,0.0332,8.9992,8.8742,0.376,True,8.8908,0.563,True,8.9074,0.751,True,8.9406,1.127,True,8.9992,1.789,True,9.008,1.889,True,8.8852,0.5,True,8.9294,1.0,True,8.9736,1.5,True,9.0178,2.0,True,9.1062,3.0,True,8.841,,8.902,,,,9.0971,2.897,True,,,,,,,
LINKUSDT,BUY,14154,9.12,win,5.197,1.162,0.042,8.9088,9.078,0.461,True,9.057,0.691,True,9.036,0.921,True,8.994,1.382,False,8.9088,2.316,False,8.8997,2.416,False,9.0744,0.5,True,9.0288,1.0,True,8.9832,1.5,False,8.9376,2.0,False,8.8464,3.0,False,9.12,,,,,,8.8541,2.915,False,,,,,,,
LINKUSDT,SELL,14252,9.062,lose,1.655,1.324,0.0398,9.2686,9.1018,0.439,True,9.1217,0.659,True,9.1416,0.878,True,9.1814,1.318,True,9.2686,2.28,False,9.2777,2.38,False,9.1073,0.5,True,9.1526,1.0,True,9.1979,1.5,False,9.2432,2.0,False,9.3339,3.0,False,9.062,,9.068,,,,9.1451,0.917,True,,,,,,,
LINKUSDT,BUY,14346,9.177,win,9.807,0.752,0.0249,9.0296,9.1521,0.271,True,9.1396,0.407,True,9.1272,0.543,True,9.1023,0.814,False,9.0296,1.606,False,9.0204,1.706,False,9.1311,0.5,True,9.0852,1.0,False,9.0393,1.5,False,8.9935,2.0,False,8.9017,3.0,False,9.177,,9.144,,,,9.015,1.766,False,,,,,,,
LINKUSDT,SELL,14683,9.489,win,9.695,0.0,0.0533,9.8413,9.5423,0.562,False,9.569,0.843,False,9.5956,1.123,False,9.6489,1.685,False,9.8413,3.713,False,9.8508,3.813,False,9.5364,0.5,False,9.5839,1.0,False,9.6313,1.5,False,9.6788,2.0,False,9.7737,3.0,False,9.489,,,,,,9.8398,3.697,False,,,,,,,
LINKUSDT,BUY,15165,9.032,win,5.104,0.476,0.0886,8.6454,8.9434,0.981,False,8.8991,1.471,False,8.8548,1.962,False,8.7662,2.943,False,8.6454,4.28,False,8.6364,4.38,False,8.9868,0.5,False,8.9417,1.0,False,8.8965,1.5,False,8.8514,2.0,False,8.761,3.0,False,9.032,,,8.5581,5.246,False,8.6404,4.336,False,,,,,,,
LINKUSDT,SELL,15425,9.098,win,10.046,0.198,0.0366,9.3311,9.1346,0.402,False,9.1529,0.603,False,9.1712,0.805,False,9.2078,1.207,False,9.3311,2.562,False,9.3402,2.662,False,9.1435,0.5,False,9.189,1.0,False,9.2345,1.5,False,9.28,2.0,False,9.3709,3.0,False,9.098,,9.108,9.4191,3.529,False,9.3453,2.719,False,,,,,,,
LINKUSDT,BUY,15803,8.668,win,6.057,1.961,0.049,8.4334,8.619,0.565,True,8.5945,0.848,True,8.57,1.131,True,8.521,1.696,True,8.4334,2.707,False,8.4247,2.807,False,8.6247,0.5,True,8.5813,1.0,True,8.538,1.5,True,8.4946,2.0,False,8.408,3.0,False,8.668,,,8.1717,5.725,False,8.3556,3.604,False,,,,,,,
LINKUSDT,SELL,16084,8.592,win,2.048,2.502,0.0626,9.0061,8.6546,0.729,True,8.6859,1.093,True,8.7172,1.457,True,8.7798,2.186,True,9.0061,4.82,False,9.0147,4.92,False,8.635,0.5,True,8.6779,1.0,True,8.7209,1.5,True,8.7638,2.0,True,8.8498,3.0,False,8.592,,8.63,,,,9.006,4.818,False,,,,,,,
LINKUSDT,BUY,16457,8.82,win,3.776,1.156,0.0451,8.5384,8.7749,0.511,True,8.7523,0.767,True,8.7298,1.023,True,8.6847,1.534,False,8.5384,3.193,False,8.5296,3.293,False,8.7759,0.5,True,8.7318,1.0,True,8.6877,1.5,False,8.6436,2.0,False,8.5554,3.0,False,8.82,,,8.5462,3.105,False,8.3556,5.265,False,,,,,,,
LINKUSDT,SELL,16555,8.826,win,2.946,4.26,0.0416,8.9928,8.8676,0.471,True,8.8884,0.707,True,8.9092,0.943,True,8.9508,1.414,True,8.9928,1.89,True,9.0016,1.99,True,8.8701,0.5,True,8.9143,1.0,True,8.9584,1.5,True,9.0025,2.0,True,9.0908,3.0,True,8.826,,,,,,9.006,2.039,True,,,,,,,
LINKUSDT,BUY,16645,9.2,win,2.359,4.022,0.0698,8.6686,9.1302,0.759,True,9.0953,1.138,True,9.0604,1.517,True,8.9906,2.276,True,8.6686,5.776,False,8.6594,5.876,False,9.154,0.5,True,9.108,1.0,True,9.062,1.5,True,9.016,2.0,True,8.924,3.0,True,9.2,,,,,,8.3556,9.178,False,,,,,,,
LINKUSDT,SELL,16743,8.852,lose,1.909,2.09,0.0437,9.1308,8.8957,0.494,True,8.9176,0.741,True,8.9394,0.987,True,8.9831,1.481,True,9.1308,3.15,False,9.1397,3.25,False,8.8963,0.5,True,8.9405,1.0,True,8.9848,1.5,True,9.029,2.0,True,9.1176,3.0,False,8.852,,,,,,9.006,1.74,True,,,,,,,
LINKUSDT,BUY,16829,9.012,win,3.04,3.029,0.0471,8.8072,8.9649,0.523,True,8.9413,0.784,True,8.9178,1.045,True,8.8707,1.568,True,8.8072,2.273,True,8.7982,2.373,True,8.9669,0.5,True,8.9219,1.0,True,8.8768,1.5,True,8.8318,2.0,True,8.7416,3.0,True,9.012,,,,,,8.3556,7.283,False,,,,,,,
LINKUSDT,BUY,17208,8.964,win,5.254,0.469,0.0461,8.7207,8.9179,0.514,False,8.8948,0.771,False,8.8718,1.029,False,8.8257,1.543,False,8.7207,2.714,False,8.7117,2.814,False,8.9192,0.5,False,8.8744,1.0,False,8.8295,1.5,False,8.7847,2.0,False,8.6951,3.0,False,8.964,,8.963,8.665,3.336,False,8.7333,2.574,False,,,,,,,
LINKUSDT,SELL,17652,9.398,win,4.309,0.5,0.0379,9.6419,9.4359,0.403,True,9.4549,0.605,False,9.4738,0.807,False,9.5117,1.21,False,9.6419,2.595,False,9.6513,2.695,False,9.445,0.5,True,9.492,1.0,False,9.539,1.5,False,9.586,2.0,False,9.6799,3.0,False,9.398,,9.406,,,,9.5836,1.975,False,,,,,,,
LINKUSDT,SELL,18504,9.318,lose,1.91,0.848,0.0353,9.4715,9.3533,0.379,True,9.3709,0.568,True,9.3886,0.758,True,9.4239,1.137,False,9.4715,1.647,False,9.4808,1.747,False,9.3646,0.5,True,9.4112,1.0,False,9.4578,1.5,False,9.5044,2.0,False,9.5975,3.0,False,9.318,,,9.6024,3.052,False,9.3874,0.745,True,,,,,,,
LINKUSDT,BUY,18690,9.357,lose,0.609,3.057,0.0266,9.2335,9.3304,0.284,True,9.3171,0.426,True,9.3038,0.569,True,9.2772,0.853,True,9.2335,1.32,True,9.2241,1.42,True,9.3102,0.5,True,9.2634,1.0,True,9.2166,1.5,True,9.1699,2.0,True,9.0763,3.0,True,9.357,,,9.1932,1.751,True,9.3007,0.602,True,,,,,,,
LINKUSDT,BUY,19154,9.267,win,10.575,0.151,0.0407,9.0647,9.2263,0.439,False,9.2059,0.659,False,9.1856,0.878,False,9.1449,1.318,False,9.0647,2.183,False,9.0554,2.283,False,9.2207,0.5,False,9.1743,1.0,False,9.128,1.5,False,9.0817,2.0,False,8.989,3.0,False,9.267,,,9.0694,2.133,False,8.8971,3.992,False,,,,,,,
LINKUSDT,BUY,19600,10.256,win,5.987,0.039,0.0561,9.8704,10.1999,0.547,False,10.1719,0.82,False,10.1438,1.094,False,10.0877,1.641,False,9.8704,3.76,False,9.8601,3.86,False,10.2047,0.5,False,10.1534,1.0,False,10.1022,1.5,False,10.0509,2.0,False,9.9483,3.0,False,10.256,,10.252,,,,9.7552,4.883,False,,,,,,,
LINKUSDT,SELL,19946,10.387,win,2.879,1.04,0.0403,10.601,10.4273,0.388,True,10.4474,0.582,True,10.4676,0.776,True,10.5079,1.164,False,10.601,2.06,False,10.6114,2.16,False,10.4389,0.5,True,10.4909,1.0,True,10.5428,1.5,False,10.5947,2.0,False,10.6986,3.0,False,10.387,,,,,,10.5626,1.69,False,,,,,,,
LINKUSDT,BUY,20030,10.461,win,3.26,3.221,0.0326,10.3165,10.4284,0.312,True,10.4121,0.467,True,10.3958,0.623,True,10.3632,0.935,True,10.3165,1.381,True,10.306,1.481,True,10.4087,0.5,True,10.3564,1.0,True,10.3041,1.5,True,10.2518,2.0,True,10.1472,3.0,True,10.461,,10.434,,,,10.2987,1.552,True,,,,,,,
LINKUSDT,BUY,20169,10.635,lose,1.26,4.1,0.0648,10.2002,10.5702,0.609,True,10.5378,0.914,True,10.5054,1.219,True,10.4406,1.828,True,10.2002,4.088,True,10.1896,4.188,False,10.5818,0.5,True,10.5286,1.0,True,10.4755,1.5,True,10.4223,2.0,True,10.3159,3.0,True,10.635,,10.618,,,,10.1998,4.092,True,,,,,,,
LINKUSDT,SELL,20228,10.291,win,9.649,0.972,0.047,10.5058,10.338,0.457,True,10.3615,0.685,True,10.385,0.913,True,10.432,1.37,False,10.5058,2.087,False,10.5161,2.187,False,10.3425,0.5,True,10.3939,1.0,False,10.4454,1.5,False,10.4968,2.0,False,10.5997,3.0,False,10.291,,,,,,,,,,,,,,,
LINKUSDT,SELL,20953,9.462,win,4.523,3.097,0.0751,9.8819,9.5371,0.794,True,9.5747,1.191,True,9.6122,1.587,True,9.6873,2.381,True,9.8819,4.438,False,9.8914,4.538,False,9.5093,0.5,True,9.5566,1.0,True,9.6039,1.5,True,9.6512,2.0,True,9.7459,3.0,True,9.462,,,10.046,6.173,False,9.9019,4.649,False,,,,,,,
LINKUSDT,BUY,21053,9.753,lose,0.277,4.286,0.0554,9.2583,9.6976,0.568,True,9.6699,0.852,True,9.6422,1.136,True,9.5868,1.704,True,9.2583,5.072,True,9.2485,5.172,False,9.7042,0.5,True,9.6555,1.0,True,9.6067,1.5,True,9.5579,2.0,True,9.4604,3.0,True,9.753,,9.658,,,,9.3426,4.207,True,,,,,,,
LINKUSDT,SELL,21151,9.353,lose,1.187,3.036,0.029,9.5131,9.382,0.31,True,9.3965,0.465,True,9.411,0.62,True,9.44,0.93,True,9.5131,1.712,True,9.5225,1.812,True,9.3998,0.5,True,9.4465,1.0,True,9.4933,1.5,True,9.5401,2.0,True,9.6336,3.0,True,9.353,,9.357,,,,9.6637,3.321,False,,,,,,,
LINKUSDT,BUY,21648,9.161,lose,1.626,1.648,0.0399,8.9443,9.1211,0.436,True,9.1011,0.653,True,9.0812,0.871,True,9.0413,1.307,True,8.9443,2.365,False,8.9351,2.465,False,9.1152,0.5,True,9.0694,1.0,True,9.0236,1.5,True,8.9778,2.0,False,8.8862,3.0,False,9.161,,,,,,9.1319,0.318,True,,,,,,,
LINKUSDT,BUY,22423,7.576,win,7.22,0.66,0.0454,7.347,7.5306,0.599,True,7.5079,0.899,False,7.4852,1.199,False,7.4398,1.798,False,7.347,3.023,False,7.3394,3.123,False,7.5381,0.5,True,7.5002,1.0,False,7.4624,1.5,False,7.4245,2.0,False,7.3487,3.0,False,7.576,,,,,,,,,,,,,,,
LINKUSDT,SELL,22712,7.747,win,3.498,1.949,0.0403,7.9201,7.7873,0.52,True,7.8075,0.78,True,7.8276,1.04,True,7.8679,1.561,True,7.9201,2.234,False,7.9278,2.334,False,7.7857,0.5,True,7.8245,1.0,True,7.8632,1.5,True,7.9019,2.0,False,7.9794,3.0,False,7.747,,,7.9379,2.464,False,8.007,3.356,False,,,,,,,
LINKUSDT,BUY,23171,8.08,win,6.658,0.099,0.0438,7.8445,8.0362,0.542,False,8.0143,0.813,False,7.9924,1.084,False,7.9486,1.626,False,7.8445,2.915,False,7.8364,3.015,False,8.0396,0.5,False,7.9992,1.0,False,7.9588,1.5,False,7.9184,2.0,False,7.8376,3.0,False,8.08,,,7.7673,3.87,False,7.7832,3.673,False,,,,,,,
LINKUSDT,BUY,23899,8.113,lose,0.493,3.784,0.0367,7.8826,8.0763,0.452,True,8.0579,0.679,True,8.0396,0.905,True,8.0029,1.357,True,7.8826,2.84,True,7.8745,2.94,True,8.0724,0.5,True,8.0319,1.0,True,7.9913,1.5,True,7.9507,2.0,True,7.8696,3.0,True,8.113,,,,,,7.8082,3.757,True,,,,,,,
LINKUSDT,SELL,23967,7.824,win,9.049,0.166,0.0318,7.984,7.8558,0.406,False,7.8717,0.61,False,7.8876,0.813,False,7.9194,1.219,False,7.984,2.045,False,7.9918,2.145,False,7.8631,0.5,False,7.9022,1.0,False,7.9414,1.5,False,7.9805,2.0,False,8.0587,3.0,False,7.824,,,,,,7.9579,1.712,False,,,,,,,
LINKUSDT,BUY,24169,7.532,lose,0.013,7.05,0.0285,7.3982,7.5035,0.378,True,7.4893,0.568,True,7.475,0.757,True,7.4465,1.135,True,7.3982,1.776,True,7.3907,1.876,True,7.4943,0.5,True,7.4567,1.0,True,7.419,1.5,True,7.3814,2.0,True,7.306,3.0,True,7.532,,7.495,7.3659,2.205,True,,,,7.5018,0.401,True,7.527,0.066,True,7.527
LINKUSDT,BUY,24335,7.355,lose,1.604,1.536,0.0294,7.222,7.3256,0.4,True,7.3109,0.6,True,7.2962,0.799,True,7.2668,1.199,True,7.222,1.808,False,7.2146,1.908,False,7.3182,0.5,True,7.2815,1.0,True,7.2447,1.5,True,7.2079,2.0,False,7.1344,3.0,False,7.355,,,,,,,,,,,,,,,
LINKUSDT,BUY,25187,8.124,lose,0.308,4.53,0.031,7.9197,8.093,0.382,True,8.0775,0.572,True,8.062,0.763,True,8.031,1.145,True,7.9197,2.515,True,7.9116,2.615,True,8.0834,0.5,True,8.0428,1.0,True,8.0021,1.5,True,7.9615,2.0,True,7.8803,3.0,True,8.124,,,,,,7.976,1.822,True,,,,,,,
LINKUSDT,BUY,26014,8.18,win,5.526,0.0,0.0418,7.8829,8.1382,0.511,False,8.1173,0.767,False,8.0964,1.022,False,8.0546,1.533,False,7.8829,3.632,False,7.8747,3.732,False,8.1391,0.5,False,8.0982,1.0,False,8.0573,1.5,False,8.0164,2.0,False,7.9346,3.0,False,8.18,,,,,,7.8901,3.544,False,,,,,,,
LINKUSDT,SELL,26249,8.337,win,4.03,0.324,0.0303,8.4932,8.3673,0.363,False,8.3825,0.545,False,8.3976,0.727,False,8.4279,1.09,False,8.4932,1.874,False,8.5015,1.974,False,8.3787,0.5,False,8.4204,1.0,False,8.4621,1.5,False,8.5037,2.0,False,8.5871,3.0,False,8.337,,8.356,8.4687,1.58,False,,,,,,,,,,
LINKUSDT,SELL,26857,8.53,win,3.142,1.489,0.0231,8.6583,8.5531,0.271,True,8.5646,0.406,True,8.5762,0.542,True,8.5993,0.812,True,8.6583,1.504,False,8.6668,1.604,False,8.5726,0.5,True,8.6153,1.0,True,8.6579,1.5,False,8.7006,2.0,False,8.7859,3.0,False,8.53,,,8.693,1.911,False,8.5886,0.687,True,,,,,,,
LINKUSDT,BUY,27091,8.416,win,5.989,0.76,0.0194,8.3253,8.3966,0.231,True,8.3869,0.346,True,8.3772,0.461,True,8.3578,0.692,True,8.3253,1.078,False,8.3169,1.178,False,8.3739,0.5,True,8.3318,1.0,False,8.2898,1.5,False,8.2477,2.0,False,8.1635,3.0,False,8.416,,,,,,8.3107,1.251,False,,,,,,,
LINKUSDT,SELL,27289,8.632,win,5.491,0.127,0.0371,8.7627,8.6691,0.43,False,8.6876,0.645,False,8.7062,0.86,False,8.7433,1.289,False,8.7627,1.514,False,8.7713,1.614,False,8.6752,0.5,False,8.7183,1.0,False,8.7615,1.5,False,8.8046,2.0,False,8.891,3.0,False,8.632,,,8.671,0.452,False,8.7577,1.457,False,,,,,,,
LINKUSDT,BUY,27547,8.464,lose,0.874,2.623,0.03,8.3025,8.434,0.354,True,8.419,0.532,True,8.404,0.709,True,8.374,1.063,True,8.3025,1.908,True,8.294,2.008,True,8.4217,0.5,True,8.3794,1.0,True,8.337,1.5,True,8.2947,2.0,True,8.2101,3.0,True,8.464,,8.448,8.2446,2.592,True,8.2907,2.047,True,,,,,,,
LINKUSDT,SELL,27633,8.247,win,4.426,0.485,0.0293,8.4224,8.2763,0.355,True,8.291,0.533,False,8.3056,0.711,False,8.3349,1.066,False,8.4224,2.127,False,8.4306,2.227,False,8.2882,0.5,False,8.3295,1.0,False,8.3707,1.5,False,8.4119,2.0,False,8.4944,3.0,False,8.247,,8.253,,,,8.3383,1.107,False,,,,,,,
LINKUSDT,BUY,27796,8.236,win,2.635,0.959,0.0312,8.0459,8.2048,0.379,True,8.1892,0.568,True,8.1736,0.758,True,8.1424,1.136,False,8.0459,2.308,False,8.0377,2.408,False,8.1948,0.5,True,8.1536,1.0,False,8.1125,1.5,False,8.0713,2.0,False,7.9889,3.0,False,8.236,,,,,,,,,,,,,,,
LINKUSDT,BUY,28242,8.305,lose,1.108,2.456,0.0396,8.1246,8.2654,0.477,True,8.2456,0.715,True,8.2258,0.954,True,8.1862,1.43,True,8.1246,2.172,True,8.1163,2.272,True,8.2635,0.5,True,8.2219,1.0,True,8.1804,1.5,True,8.1389,2.0,True,8.0558,3.0,False,8.305,,,,,,8.0859,2.638,False,,,,,,,
LINKUSDT,SELL,28557,8.183,lose,0.22,3.422,0.0337,8.3486,8.2167,0.412,True,8.2335,0.618,True,8.2504,0.824,True,8.2841,1.235,True,8.3486,2.024,True,8.3568,2.124,True,8.2239,0.5,True,8.2648,1.0,True,8.3057,1.5,True,8.3467,2.0,True,8.4285,3.0,True,8.183,,8.257,8.4006,2.659,True,8.3864,2.485,True,8.3929,2.565,True,8.3635,2.206,True,
LINKUSDT,BUY,28657,8.424,win,49.869,0.736,0.0356,8.2354,8.3884,0.423,True,8.3706,0.634,True,8.3528,0.845,False,8.3172,1.268,False,8.2354,2.239,False,8.227,2.339,False,8.3819,0.5,True,8.3398,1.0,False,8.2976,1.5,False,8.2555,2.0,False,8.1713,3.0,False,8.424,,,8.1907,2.77,False,8.3287,1.132,False,8.2,2.659,False,8.218,2.445,False,
LINKUSDT,SELL,29813,11.54,win,4.35,2.192,0.0792,11.8633,11.6192,0.686,True,11.6588,1.029,True,11.6984,1.373,True,11.7776,2.059,True,11.8633,2.802,False,11.8748,2.902,False,11.5977,0.5,True,11.6554,1.0,True,11.7131,1.5,True,11.7708,2.0,True,11.8862,3.0,False,11.54,,,,,,11.7227,1.583,True,,,,,,,
NEARUSDT,SELL,17,2.258,win,8.99,0.266,0.0311,2.3866,2.2891,1.377,False,2.3047,2.066,False,2.3202,2.755,False,2.3513,4.132,False,2.3866,5.695,False,2.3889,5.795,False,2.2693,0.5,False,2.2806,1.0,False,2.2919,1.5,False,2.3032,2.0,False,2.3257,3.0,False,2.258,,2.264,,,,2.3523,4.178,False,,,,,,,
NEARUSDT,BUY,279,2.229,win,4.845,1.795,0.0197,2.1286,2.2093,0.884,True,2.1995,1.326,True,2.1896,1.768,True,2.1699,2.651,False,2.1286,4.504,False,2.1264,4.604,False,2.2179,0.5,True,2.2067,1.0,True,2.1956,1.5,True,2.1844,2.0,False,2.1621,3.0,False,2.229,,2.225,,,,2.1389,4.044,False,,,,,,,
NEARUSDT,SELL,442,2.197,lose,1.593,6.782,0.0135,2.2861,2.2105,0.614,True,2.2172,0.922,True,2.224,1.229,True,2.2375,1.843,True,2.2861,4.056,True,2.2883,4.156,True,2.208,0.5,True,2.219,1.0,True,2.23,1.5,True,2.2409,2.0,True,2.2629,3.0,True,2.197,,2.202,2.3065,4.982,True,2.2643,3.062,True,,,,,,,
NEARUSDT,BUY,486,2.337,lose,1.113,6.333,0.0248,2.1898,2.3122,1.061,True,2.2998,1.592,True,2.2874,2.122,True,2.2626,3.184,True,2.1898,6.299,True,2.1875,6.399,False,2.3253,0.5,True,2.3136,1.0,True,2.3019,1.5,True,2.2903,2.0,True,2.2669,3.0,True,2.337,,2.332,,,,2.2368,4.289,True,,,,,,,
NEARUSDT,SELL,546,2.204,win,5.036,2.269,0.0154,2.275,2.2194,0.699,True,2.2271,1.048,True,2.2348,1.397,True,2.2502,2.096,True,2.275,3.221,False,2.2772,3.321,False,2.215,0.5,True,2.226,1.0,True,2.2371,1.5,True,2.2481,2.0,True,2.2701,3.0,False,2.204,,,,,,2.2643,2.734,False,,,,,,,
NEARUSDT,BUY,734,2.247,win,7.61,2.136,0.012,2.1782,2.235,0.534,True,2.229,0.801,True,2.223,1.068,True,2.211,1.602,True,2.1782,3.062,False,2.176,3.162,False,2.2358,0.5,True,2.2245,1.0,True,2.2133,1.5,True,2.2021,2.0,True,2.1796,3.0,False,2.247,,2.239,,,,2.1488,4.368,False,,,,,,,
NEARUSDT,SELL,1173,2.303,win,4.559,0.825,0.0166,2.3718,2.3196,0.721,True,2.3279,1.081,False,2.3362,1.442,False,2.3528,2.162,False,2.3718,2.987,False,2.3741,3.087,False,2.3145,0.5,True,2.326,1.0,False,2.3375,1.5,False,2.3491,2.0,False,2.3721,3.0,False,2.303,,2.304,2.3856,3.585,False,2.3844,3.534,False,,,,,,,
NEARUSDT,BUY,1250,2.311,lose,1.558,5.193,0.0125,2.2607,2.2985,0.541,True,2.2923,0.811,True,2.286,1.082,True,2.2735,1.623,True,2.2607,2.177,True,2.2584,2.277,True,2.2994,0.5,True,2.2879,1.0,True,2.2763,1.5,True,2.2648,2.0,True,2.2417,3.0,True,2.311,,2.299,,,,,,,,,,,,,
NEARUSDT,SELL,1330,2.206,win,8.069,0.635,0.018,2.2953,2.224,0.816,False,2.233,1.224,False,2.242,1.632,False,2.26,2.448,False,2.2953,4.048,False,2.2975,4.148,False,2.217,0.5,True,2.2281,1.0,False,2.2391,1.5,False,2.2501,2.0,False,2.2722,3.0,False,2.206,,,,,,2.3333,5.772,False,,,,,,,
NEARUSDT,SELL,1688,2.058,win,16.472,0.534,0.0187,2.1717,2.0767,0.909,False,2.086,1.363,False,2.0954,1.817,False,2.1141,2.726,False,2.1717,5.525,False,2.1738,5.625,False,2.0683,0.5,True,2.0786,1.0,False,2.0889,1.5,False,2.0992,2.0,False,2.1197,3.0,False,2.058,,,2.2053,7.158,False,2.3333,13.379,False,,,,,,,
NEARUSDT,SELL,2449,2.746,win,16.096,3.205,0.0316,2.8994,2.7776,1.151,True,2.7934,1.726,True,2.8092,2.302,True,2.8408,3.452,False,2.8994,5.586,False,2.9021,5.686,False,2.7597,0.5,True,2.7735,1.0,True,2.7872,1.5,True,2.8009,2.0,True,2.8284,3.0,True,2.746,,2.821,,,,,,,,,,,,,
NEARUSDT,BUY,2844,2.547,win,2.945,6.203,0.0255,2.3926,2.5215,1.001,True,2.5088,1.502,True,2.496,2.002,True,2.4705,3.004,True,2.3926,6.062,True,2.3901,6.162,True,2.5343,0.5,True,2.5215,1.0,True,2.5088,1.5,True,2.4961,2.0,True,2.4706,3.0,True,2.547,,2.536,2.3115,9.245,False,2.3017,9.631,False,,,,,,,
NEARUSDT,SELL,2922,2.39,win,10.167,7.155,0.0157,2.4774,2.4057,0.657,True,2.4136,0.985,True,2.4214,1.314,True,2.4371,1.971,True,2.4774,3.657,True,2.4798,3.757,True,2.4019,0.5,True,2.4139,1.0,True,2.4259,1.5,True,2.4378,2.0,True,2.4617,3.0,True,2.39,,,,,,,,,,,,,,,
NEARUSDT,BUY,3306,2.368,lose,1.858,9.797,0.0319,2.2281,2.3361,1.347,True,2.3201,2.021,True,2.3042,2.694,True,2.2723,4.041,True,2.2281,5.908,True,2.2257,6.008,True,2.3562,0.5,True,2.3443,1.0,True,2.3325,1.5,True,2.3206,2.0,True,2.297,3.0,True,2.368,,,2.1438,9.469,True,2.2268,5.964,True,,,,,,,
NEARUSDT,SELL,3373,2.15,win,16.465,0.884,0.0295,2.3472,2.1795,1.372,False,2.1942,2.058,False,2.209,2.744,False,2.2385,4.116,False,2.3472,9.172,False,2.3493,9.272,False,2.1607,0.5,True,2.1715,1.0,False,2.1822,1.5,False,2.193,2.0,False,2.2145,3.0,False,2.15,,,,,,2.2753,5.827,False,,,,,,,
NEARUSDT,BUY,3757,1.938,win,2.477,5.108,0.0226,1.8311,1.9154,1.166,True,1.9041,1.749,True,1.8928,2.332,True,1.8702,3.498,True,1.8311,5.516,False,1.8292,5.616,False,1.9283,0.5,True,1.9186,1.0,True,1.9089,1.5,True,1.8992,2.0,True,1.8799,3.0,True,1.938,,,1.8203,6.075,False,1.8142,6.389,False,,,,,,,
NEARUSDT,SELL,4083,1.867,win,15.212,4.713,0.0104,1.9282,1.8774,0.557,True,1.8826,0.836,True,1.8878,1.114,True,1.8982,1.671,True,1.9282,3.278,True,1.9301,3.378,True,1.8763,0.5,True,1.8857,1.0,True,1.895,1.5,True,1.9043,2.0,True,1.923,3.0,True,1.867,,,,,,2.017,8.035,False,,,,,,,
NEARUSDT,BUY,4500,1.697,win,11.844,0.059,0.0123,1.6382,1.6847,0.725,False,1.6785,1.087,False,1.6724,1.45,False,1.6601,2.174,False,1.6382,3.465,False,1.6365,3.565,False,1.6885,0.5,False,1.68,1.0,False,1.6715,1.5,False,1.6631,2.0,False,1.6461,3.0,False,1.697,,1.696,,,,1.6224,4.397,False,,,,,,,
NEARUSDT,SELL,4728,1.785,win,8.291,1.793,0.0162,1.8551,1.8012,0.908,True,1.8093,1.361,True,1.8174,1.815,False,1.8336,2.723,False,1.8551,3.927,False,1.8569,4.027,False,1.7939,0.5,True,1.8028,1.0,True,1.8118,1.5,True,1.8207,2.0,False,1.8385,3.0,False,1.785,,,,,,1.7978,0.717,True,,,,,,,
NEARUSDT,BUY,5021,1.767,lose,1.981,4.754,0.0123,1.6942,1.7547,0.696,True,1.7485,1.044,True,1.7424,1.392,True,1.7301,2.088,True,1.6942,4.12,True,1.6924,4.22,True,1.7582,0.5,True,1.7493,1.0,True,1.7405,1.5,True,1.7317,2.0,True,1.714,3.0,True,1.767,1.6942,1.761,1.6345,7.496,False,1.7003,3.775,True,,,,,,,
NEARUSDT,SELL,5168,1.711,lose,0.058,7.656,0.0093,1.7549,1.7203,0.544,True,1.7249,0.815,True,1.7296,1.087,True,1.7389,1.631,True,1.7549,2.566,True,1.7566,2.666,True,1.7196,0.5,True,1.7281,1.0,True,1.7367,1.5,True,1.7452,2.0,True,1.7623,3.0,True,1.711,,,,,,1.7758,3.786,True,,,,,,,
NEARUSDT,BUY,5193,1.834,win,2.781,4.526,0.0171,1.72,1.8169,0.932,True,1.8084,1.399,True,1.7998,1.865,True,1.7827,2.797,True,1.72,6.216,False,1.7182,6.316,False,1.8248,0.5,True,1.8157,1.0,True,1.8065,1.5,True,1.7973,2.0,True,1.779,3.0,True,1.834,,,,,,1.7343,5.438,False,,,,,,,
NEARUSDT,SELL,5263,1.756,win,9.909,6.15,0.0083,1.8059,1.7643,0.473,True,1.7685,0.709,True,1.7726,0.945,True,1.7809,1.418,True,1.8059,2.842,True,1.8077,2.942,True,1.7648,0.5,True,1.7736,1.0,True,1.7823,1.5,True,1.7911,2.0,True,1.8087,3.0,True,1.756,,1.762,,,,1.7758,1.126,True,,,,,,,
NEARUSDT,BUY,5557,1.676,lose,0.477,3.043,0.0071,1.6381,1.6689,0.424,True,1.6653,0.635,True,1.6618,0.847,True,1.6547,1.271,True,1.6381,2.261,True,1.6364,2.361,True,1.6676,0.5,True,1.6592,1.0,True,1.6509,1.5,True,1.6425,2.0,True,1.6257,3.0,True,1.676,,,,,,1.6743,0.1,True,,,,,,,
NEARUSDT,SELL,5639,1.63,win,8.773,0.982,0.0063,1.6576,1.6363,0.387,True,1.6394,0.58,True,1.6426,0.773,True,1.6489,1.16,False,1.6576,1.693,False,1.6592,1.793,False,1.6381,0.5,True,1.6463,1.0,False,1.6544,1.5,False,1.6626,2.0,False,1.6789,3.0,False,1.63,,,1.6725,2.608,False,1.7027,4.46,False,,,,,,,
NEARUSDT,SELL,5972,1.485,win,2.29,7.003,0.0194,1.579,1.5044,1.306,True,1.5141,1.96,True,1.5238,2.613,True,1.5432,3.919,True,1.579,6.33,True,1.5805,6.43,True,1.4924,0.5,True,1.4999,1.0,True,1.5073,1.5,True,1.5147,2.0,True,1.5296,3.0,True,1.485,,1.49,,,,1.5415,3.807,True,,,,,,,
NEARUSDT,BUY,6057,1.567,win,2.106,9.317,0.0194,1.4683,1.5476,1.238,True,1.5379,1.857,True,1.5282,2.476,True,1.5088,3.714,True,1.4683,6.299,True,1.4667,6.399,True,1.5592,0.5,True,1.5513,1.0,True,1.5435,1.5,True,1.5357,2.0,True,1.52,3.0,True,1.567,,1.559,,,,1.5325,2.204,True,,,,,,,
NEARUSDT,SELL,6080,1.425,lose,1.474,8.491,0.0209,1.5202,1.4459,1.467,True,1.4564,2.2,True,1.4668,2.933,True,1.4877,4.4,True,1.5202,6.681,True,1.5216,6.781,True,1.4321,0.5,True,1.4393,1.0,True,1.4464,1.5,True,1.4535,2.0,True,1.4678,3.0,True,1.425,,1.452,1.6024,12.449,False,1.5415,8.178,True,,,,,,,
NEARUSDT,BUY,6156,1.542,lose,1.167,4.929,0.0145,1.4591,1.5275,0.94,True,1.5203,1.411,True,1.513,1.881,True,1.4985,2.821,True,1.4591,5.376,True,1.4576,5.476,True,1.5343,0.5,True,1.5266,1.0,True,1.5189,1.5,True,1.5112,2.0,True,1.4957,3.0,True,1.542,,1.521,,,,1.4036,8.976,False,,,,,,,
NEARUSDT,SELL,6336,1.468,lose,1.022,5.109,0.0102,1.5297,1.4782,0.695,True,1.4833,1.042,True,1.4884,1.39,True,1.4986,2.084,True,1.5297,4.203,True,1.5312,4.303,True,1.4753,0.5,True,1.4827,1.0,True,1.49,1.5,True,1.4974,2.0,True,1.512,3.0,True,1.468,,1.469,1.5383,4.789,True,,,,,,,,,,
NEARUSDT,BUY,6404,1.532,win,3.525,2.742,0.0104,1.4825,1.5216,0.679,True,1.5164,1.018,True,1.5112,1.358,True,1.5008,2.037,True,1.4825,3.231,False,1.481,3.331,False,1.5243,0.5,True,1.5167,1.0,True,1.509,1.5,True,1.5014,2.0,True,1.486,3.0,False,1.532,,,,,,1.4036,8.382,False,,,,,,,
NEARUSDT,SELL,6483,1.503,win,4.591,1.863,0.0102,1.5387,1.5132,0.679,True,1.5183,1.018,True,1.5234,1.357,True,1.5336,2.036,False,1.5387,2.375,False,1.5402,2.475,False,1.5105,0.5,True,1.518,1.0,True,1.5255,1.5,True,1.5331,2.0,False,1.5481,3.0,False,1.503,,,1.5263,1.549,True,,,,,,,,,,
NEARUSDT,SELL,6762,1.436,lose,0.418,7.382,0.0103,1.4921,1.4463,0.717,True,1.4514,1.076,True,1.4566,1.435,True,1.4669,2.152,True,1.4921,3.907,True,1.4935,4.007,True,1.4432,0.5,True,1.4504,1.0,True,1.4575,1.5,True,1.4647,2.0,True,1.4791,3.0,True,1.436,,,,,,1.5035,4.701,True,,,,,,,
NEARUSDT,BUY,6776,1.524,win,5.971,2.559,0.014,1.4559,1.51,0.919,True,1.503,1.378,True,1.496,1.837,True,1.482,2.756,False,1.4559,4.469,False,1.4544,4.569,False,1.5164,0.5,True,1.5088,1.0,True,1.5011,1.5,True,1.4935,2.0,True,1.4783,3.0,False,1.524,,,1.4279,6.309,False,1.4765,3.115,False,,,,,,,
NEARUSDT,SELL,7041,1.559,win,5.901,3.335,0.0066,1.5835,1.5656,0.423,True,1.5689,0.635,True,1.5722,0.847,True,1.5788,1.27,True,1.5835,1.572,True,1.5851,1.672,True,1.5668,0.5,True,1.5746,1.0,True,1.5824,1.5,True,1.5902,2.0,True,1.6058,3.0,True,1.559,,1.578,,,,,,,,,,,,,
NEARUSDT,BUY,7394,1.555,win,18.328,0.772,0.0072,1.5069,1.5478,0.463,True,1.5442,0.695,True,1.5406,0.926,False,1.5334,1.389,False,1.5069,3.093,False,1.5053,3.193,False,1.5472,0.5,True,1.5394,1.0,False,1.5317,1.5,False,1.5239,2.0,False,1.5083,3.0,False,1.555,,,,,,1.5215,2.156,False,,,,,,,
NEARUSDT,SELL,7968,1.753,win,5.533,0.627,0.011,1.7963,1.764,0.627,True,1.7695,0.941,False,1.775,1.255,False,1.786,1.882,False,1.7963,2.47,False,1.7981,2.57,False,1.7618,0.5,True,1.7705,1.0,False,1.7793,1.5,False,1.7881,2.0,False,1.8056,3.0,False,1.753,,,1.8057,3.007,False,1.7878,1.984,False,,,,,,,
NEARUSDT,BUY,8406,1.763,lose,0.34,5.842,0.0157,1.6764,1.7473,0.891,True,1.7394,1.336,True,1.7316,1.781,True,1.7159,2.672,True,1.6764,4.912,True,1.6746,5.012,True,1.7542,0.5,True,1.7454,1.0,True,1.7366,1.5,True,1.7277,2.0,True,1.7101,3.0,True,1.763,,1.759,1.6665,5.474,True,1.6683,5.37,True,,,,,,,
NEARUSDT,SELL,8446,1.662,lose,1.143,5.475,0.0114,1.7172,1.6734,0.686,True,1.6791,1.029,True,1.6848,1.372,True,1.6962,2.058,True,1.7172,3.321,True,1.7189,3.421,True,1.6703,0.5,True,1.6786,1.0,True,1.6869,1.5,True,1.6952,2.0,True,1.7119,3.0,True,1.662,,1.668,,,,1.6827,1.244,True,,,,,,,
NEARUSDT,BUY,8526,1.745,win,8.539,0.287,0.0111,1.6905,1.7339,0.636,False,1.7284,0.954,False,1.7228,1.272,False,1.7117,1.908,False,1.6905,3.123,False,1.6888,3.223,False,1.7363,0.5,False,1.7276,1.0,False,1.7188,1.5,False,1.7101,2.0,False,1.6926,3.0,False,1.745,,,,,,1.6683,4.394,False,,,,,,,
NEARUSDT,SELL,8696,1.748,win,4.348,3.661,0.0136,1.8344,1.7616,0.778,True,1.7684,1.167,True,1.7752,1.556,True,1.7888,2.334,True,1.8344,4.943,False,1.8361,5.043,False,1.7567,0.5,True,1.7655,1.0,True,1.7742,1.5,True,1.783,2.0,True,1.8004,3.0,True,1.748,,1.754,,,,1.8809,7.602,False,,,,,,,
NEARUSDT,BUY,8904,1.767,win,2.377,2.999,0.0073,1.72,1.7597,0.413,True,1.756,0.62,True,1.7524,0.826,True,1.7451,1.239,True,1.72,2.66,True,1.7182,2.76,True,1.7582,0.5,True,1.7493,1.0,True,1.7405,1.5,True,1.7317,2.0,True,1.714,3.0,True,1.767,,,1.7174,2.806,True,1.7093,3.266,False,,,,,,,
NEARUSDT,SELL,8985,1.721,win,18.187,1.162,0.0096,1.7673,1.7306,0.558,True,1.7354,0.837,True,1.7402,1.116,True,1.7498,1.673,False,1.7673,2.69,False,1.769,2.79,False,1.7296,0.5,True,1.7382,1.0,True,1.7468,1.5,False,1.7554,2.0,False,1.7726,3.0,False,1.721,,1.722,,,,1.7247,0.216,True,,,,,,,
NEARUSDT,SELL,10053,1.453,win,24.983,0.069,0.008,1.4771,1.461,0.551,False,1.465,0.826,False,1.469,1.101,False,1.477,1.652,False,1.4771,1.659,False,1.4786,1.759,False,1.4603,0.5,False,1.4675,1.0,False,1.4748,1.5,False,1.4821,2.0,False,1.4966,3.0,False,1.453,,,,,,1.5125,4.096,False,,,,,,,
NEARUSDT,BUY,10476,1.232,lose,0.325,6.575,0.0109,1.1809,1.2211,0.885,True,1.2156,1.327,True,1.2102,1.769,True,1.1993,2.654,True,1.1809,4.148,True,1.1797,4.248,True,1.2258,0.5,True,1.2197,1.0,True,1.2135,1.5,True,1.2074,2.0,True,1.195,3.0,True,1.232,,,,,,1.1399,7.479,False,,,,,,,
NEARUSDT,SELL,10576,1.151,win,27.02,7.385,0.0122,1.2172,1.1632,1.06,True,1.1693,1.59,True,1.1754,2.12,True,1.1876,3.18,True,1.2172,5.752,True,1.2184,5.852,True,1.1568,0.5,True,1.1625,1.0,True,1.1683,1.5,True,1.174,2.0,True,1.1855,3.0,True,1.151,,1.16,1.2128,5.371,True,1.2302,6.883,True,,,,,,,
NEARUSDT,BUY,10858,1.077,win,3.343,4.457,0.0119,1.0069,1.0651,1.105,True,1.0592,1.657,True,1.0532,2.21,True,1.0413,3.315,True,1.0069,6.509,False,1.0058,6.609,False,1.0716,0.5,True,1.0662,1.0,True,1.0608,1.5,True,1.0555,2.0,True,1.0447,3.0,True,1.077,,1.071,,,,1.016,5.665,False,,,,,,,
NEARUSDT,SELL,11063,1.048,win,6.011,1.431,0.0069,1.0723,1.0549,0.658,True,1.0584,0.988,True,1.0618,1.317,True,1.0687,1.975,False,1.0723,2.319,False,1.0733,2.419,False,1.0532,0.5,True,1.0585,1.0,True,1.0637,1.5,False,1.069,2.0,False,1.0794,3.0,False,1.048,,,,,,1.1051,5.449,False,,,,,,,
NEARUSDT,BUY,11175,1.032,lose,0.484,4.845,0.0077,1.0064,1.0243,0.746,True,1.0205,1.119,True,1.0166,1.492,True,1.0089,2.238,True,1.0064,2.481,True,1.0054,2.581,True,1.0268,0.5,True,1.0217,1.0,True,1.0165,1.5,True,1.0114,2.0,True,1.001,3.0,True,1.032,,,,,,,,,,,,,,,
NEARUSDT,SELL,11736,1.038,win,5.588,3.468,0.0081,1.0743,1.0461,0.78,True,1.0502,1.171,True,1.0542,1.561,True,1.0623,2.341,True,1.0743,3.497,False,1.0753,3.597,False,1.0432,0.5,True,1.0484,1.0,True,1.0536,1.5,True,1.0588,2.0,True,1.0691,3.0,True,1.038,,,,,,1.0631,2.414,True,,,,,,,
NEARUSDT,BUY,12211,1.038,win,6.744,0.578,0.0113,0.9942,1.0267,1.089,False,1.0211,1.633,False,1.0154,2.177,False,1.0041,3.266,False,0.9942,4.22,False,0.9932,4.32,False,1.0328,0.5,True,1.0276,1.0,False,1.0224,1.5,False,1.0172,2.0,False,1.0069,3.0,False,1.038,,,,,,1.026,1.159,False,,,,,,,
NEARUSDT,SELL,12339,1.034,win,8.027,0.193,0.0061,1.0667,1.0401,0.59,False,1.0432,0.885,False,1.0462,1.18,False,1.0523,1.77,False,1.0667,3.162,False,1.0677,3.262,False,1.0392,0.5,False,1.0443,1.0,False,1.0495,1.5,False,1.0547,2.0,False,1.065,3.0,False,1.034,,1.035,1.0646,2.959,False,1.0561,2.133,False,,,,,,,
NEARUSDT,BUY,12654,1.012,win,24.704,0.395,0.0065,0.9748,1.0055,0.642,False,1.0023,0.963,False,0.999,1.285,False,0.9925,1.927,False,0.9748,3.676,False,0.9738,3.776,False,1.0069,0.5,False,1.0019,1.0,False,0.9968,1.5,False,0.9918,2.0,False,0.9816,3.0,False,1.012,,1.01,,,,0.959,5.233,False,,,,,,,
NEARUSDT,SELL,12780,1.1,win,6.636,5.636,0.0118,1.166,1.1118,1.073,True,1.1177,1.609,True,1.1236,2.145,True,1.1354,3.218,True,1.166,6.0,False,1.1671,6.1,False,1.1055,0.5,True,1.111,1.0,True,1.1165,1.5,True,1.122,2.0,True,1.133,3.0,True,1.1,,1.102,,,,,,,,,,,,,
NEARUSDT,BUY,12991,1.15,win,26.348,3.304,0.0168,1.058,1.1332,1.461,True,1.1248,2.191,True,1.1164,2.922,True,1.0996,4.383,False,1.058,8.0,False,1.0569,8.1,False,1.1442,0.5,True,1.1385,1.0,True,1.1327,1.5,True,1.127,2.0,True,1.1155,3.0,True,1.15,,,,,,0.959,16.605,False,,,,,,,
NEARUSDT,SELL,13386,1.293,win,7.734,2.707,0.012,1.3606,1.305,0.928,True,1.311,1.392,True,1.317,1.856,True,1.329,2.784,False,1.3606,5.228,False,1.3619,5.328,False,1.2995,0.5,True,1.3059,1.0,True,1.3124,1.5,True,1.3189,2.0,True,1.3318,3.0,False,1.293,,1.298,,,,,,,,,,,,,
NEARUSDT,BUY,14355,1.344,win,12.277,1.488,0.0072,1.3084,1.3368,0.536,True,1.3332,0.804,True,1.3296,1.071,True,1.3224,1.607,False,1.3084,2.649,False,1.3071,2.749,False,1.3373,0.5,True,1.3306,1.0,True,1.3238,1.5,False,1.3171,2.0,False,1.3037,3.0,False,1.344,,,1.299,3.345,False,1.3057,2.85,False,,,,,,,
NEARUSDT,SELL,14689,1.407,win,11.158,0.142,0.0112,1.4605,1.4182,0.796,False,1.4238,1.194,False,1.4294,1.592,False,1.4406,2.388,False,1.4605,3.802,False,1.4619,3.902,False,1.414,0.5,False,1.4211,1.0,False,1.4281,1.5,False,1.4351,2.0,False,1.4492,3.0,False,1.407,,1.409,,,,1.4645,4.084,False,,,,,,,
NEARUSDT,SELL,15333,1.276,win,11.52,2.743,0.0069,1.305,1.2829,0.541,True,1.2864,0.811,True,1.2898,1.082,True,1.2967,1.622,True,1.305,2.273,True,1.3063,2.373,True,1.2824,0.5,True,1.2888,1.0,True,1.2951,1.5,True,1.3015,2.0,True,1.3143,3.0,False,1.276,,,1.308,2.505,True,1.3333,4.493,False,,,,,,,
NEARUSDT,BUY,15803,1.196,win,2.341,3.344,0.0079,1.1592,1.1881,0.661,True,1.1842,0.991,True,1.1802,1.321,True,1.1723,1.982,True,1.1592,3.077,True,1.158,3.177,True,1.19,0.5,True,1.184,1.0,True,1.1781,1.5,True,1.1721,2.0,True,1.1601,3.0,True,1.196,,1.195,1.1273,5.744,False,,,,1.126,5.853,False,1.144,4.348,False,
NEARUSDT,SELL,15859,1.163,lose,1.29,3.439,0.0066,1.1914,1.1696,0.567,True,1.1729,0.851,True,1.1762,1.135,True,1.1828,1.702,True,1.1914,2.442,True,1.1926,2.542,True,1.1688,0.5,True,1.1746,1.0,True,1.1804,1.5,True,1.1863,2.0,True,1.1979,3.0,True,1.163,,,,,,1.2342,6.125,False,,,,,,,
NEARUSDT,BUY,16195,1.189,win,8.242,0.084,0.0057,1.1615,1.1833,0.479,False,1.1804,0.719,False,1.1776,0.959,False,1.1719,1.438,False,1.1615,2.313,False,1.1603,2.413,False,1.1831,0.5,False,1.1771,1.0,False,1.1712,1.5,False,1.1652,2.0,False,1.1533,3.0,False,1.189,,,,,,1.1738,1.276,False,,,,,,,
NEARUSDT,SELL,16443,1.231,lose,0.731,3.574,0.0057,1.2542,1.2367,0.463,True,1.2396,0.695,True,1.2424,0.926,True,1.2481,1.389,True,1.2542,1.885,True,1.2554,1.985,True,1.2372,0.5,True,1.2433,1.0,True,1.2495,1.5,True,1.2556,2.0,True,1.2679,3.0,True,1.231,,,1.2649,2.753,True,,,,,,,,,,
NEARUSDT,BUY,16468,1.266,win,2.844,2.449,0.0075,1.2362,1.2585,0.592,True,1.2548,0.889,True,1.251,1.185,True,1.2435,1.777,True,1.2362,2.354,True,1.2349,2.454,False,1.2597,0.5,True,1.2533,1.0,True,1.247,1.5,True,1.2407,2.0,True,1.228,3.0,False,1.266,,,1.2202,3.62,False,1.1738,7.281,False,,,,,,,
NEARUSDT,BUY,16641,1.307,win,8.952,1.76,0.0103,1.2414,1.2967,0.788,True,1.2915,1.182,True,1.2864,1.576,True,1.2761,2.364,False,1.2414,5.019,False,1.2401,5.119,False,1.3005,0.5,True,1.2939,1.0,True,1.2874,1.5,True,1.2809,2.0,False,1.2678,3.0,False,1.307,,1.302,1.2182,6.796,False,1.1738,10.189,False,1.2191,6.725,False,1.2245,6.312,False,
NEARUSDT,BUY,17156,1.388,win,3.602,1.945,0.0103,1.3381,1.3777,0.742,True,1.3725,1.113,True,1.3674,1.484,True,1.3571,2.226,True,1.3381,3.595,False,1.3367,3.695,False,1.3811,0.5,True,1.3741,1.0,True,1.3672,1.5,True,1.3602,2.0,True,1.3464,3.0,False,1.388,,1.374,,,,1.3487,2.835,False,,,,,,,
NEARUSDT,BUY,17377,1.384,win,4.191,1.373,0.0086,1.3576,1.3754,0.621,True,1.3711,0.932,True,1.3668,1.243,True,1.3582,1.864,False,1.3576,1.908,False,1.3562,2.008,False,1.3771,0.5,True,1.3702,1.0,True,1.3632,1.5,False,1.3563,2.0,False,1.3425,3.0,False,1.384,,,1.339,3.252,False,,,,,,,,,,
NEARUSDT,SELL,17666,1.38,win,4.275,0.652,0.008,1.4151,1.388,0.58,True,1.392,0.87,False,1.396,1.159,False,1.404,1.739,False,1.4151,2.543,False,1.4165,2.643,False,1.3869,0.5,True,1.3938,1.0,False,1.4007,1.5,False,1.4076,2.0,False,1.4214,3.0,False,1.38,,,1.4231,3.125,False,1.4234,3.147,False,,,,,,,
NEARUSDT,SELL,18109,1.383,lose,1.012,2.386,0.006,1.4103,1.389,0.434,True,1.392,0.651,True,1.395,0.868,True,1.401,1.302,True,1.4103,1.974,True,1.4117,2.074,True,1.3899,0.5,True,1.3968,1.0,True,1.4037,1.5,True,1.4107,2.0,True,1.4245,3.0,False,1.383,,,,,,,,,,,,,,,
NEARUSDT,BUY,18690,1.367,lose,0.366,3.804,0.0048,1.349,1.3622,0.351,True,1.3598,0.527,True,1.3574,0.702,True,1.3526,1.053,True,1.349,1.317,True,1.3476,1.417,True,1.3602,0.5,True,1.3533,1.0,True,1.3465,1.5,True,1.3397,2.0,True,1.326,3.0,True,1.367,,,,,,1.3447,1.635,True,1.3641,0.212,True,,,,
NEARUSDT,SELL,18730,1.32,win,5.758,1.591,0.0072,1.3635,1.3272,0.545,True,1.3308,0.818,True,1.3344,1.091,True,1.3416,1.636,False,1.3635,3.295,False,1.3648,3.395,False,1.3266,0.5,True,1.3332,1.0,True,1.3398,1.5,True,1.3464,2.0,False,1.3596,3.0,False,1.32,,1.325,,,,1.3554,2.678,False,,,,,,,
NEARUSDT,BUY,19326,1.312,win,24.314,1.905,0.0073,1.2675,1.3047,0.556,True,1.3011,0.835,True,1.2974,1.113,True,1.2901,1.669,True,1.2675,3.392,False,1.2662,3.492,False,1.3054,0.5,True,1.2989,1.0,True,1.2923,1.5,True,1.2858,2.0,False,1.2726,3.0,False,1.312,,1.308,1.2601,3.955,False,1.2497,4.745,False,1.2606,3.918,False,1.269,3.277,False,
NEARUSDT,BUY,20424,1.533,lose,1.696,4.631,0.008,1.497,1.525,0.522,True,1.521,0.783,True,1.517,1.044,True,1.509,1.566,True,1.497,2.348,True,1.4955,2.448,True,1.5253,0.5,True,1.5177,1.0,True,1.51,1.5,True,1.5023,2.0,True,1.487,3.0,True,1.533,,,1.4738,3.863,True,1.4805,3.423,True,,,,,,,
NEARUSDT,SELL,20521,1.483,lose,0.405,7.215,0.0102,1.5345,1.4932,0.688,True,1.4983,1.032,True,1.5034,1.376,True,1.5136,2.063,True,1.5345,3.473,True,1.536,3.573,True,1.4904,0.5,True,1.4978,1.0,True,1.5052,1.5,True,1.5127,2.0,True,1.5275,3.0,True,1.483,,,,,,1.5095,1.787,True,,,,,,,
NEARUSDT,BUY,20570,1.584,win,6.503,0.568,0.0154,1.4953,1.5686,0.972,False,1.5609,1.458,False,1.5532,1.944,False,1.5378,2.917,False,1.4953,5.6,False,1.4937,5.7,False,1.5761,0.5,True,1.5682,1.0,False,1.5602,1.5,False,1.5523,2.0,False,1.5365,3.0,False,1.584,,,,,,1.4605,7.794,False,,,,,,,
NEARUSDT,SELL,20693,1.583,lose,0.253,5.559,0.0092,1.6233,1.5922,0.581,True,1.5968,0.872,True,1.6014,1.162,True,1.6106,1.744,True,1.6233,2.546,True,1.6249,2.646,True,1.5909,0.5,True,1.5988,1.0,True,1.6067,1.5,True,1.6147,2.0,True,1.6305,3.0,True,1.583,,1.597,,,,,,,,,,,,,
NEARUSDT,BUY,20710,1.655,win,79.94,1.692,0.0129,1.597,1.6421,0.779,True,1.6357,1.169,True,1.6292,1.559,True,1.6163,2.338,False,1.597,3.505,False,1.5953,3.605,False,1.6467,0.5,True,1.6384,1.0,True,1.6302,1.5,True,1.6219,2.0,False,1.6054,3.0,False,1.655,,,1.5766,4.735,False,1.6184,2.213,False,,,,,,,
NEARUSDT,SELL,21361,2.526,win,10.174,8.393,0.0343,2.7196,2.5603,1.358,True,2.5774,2.037,True,2.5946,2.716,True,2.6289,4.074,True,2.7196,7.664,True,2.7221,7.764,True,2.5386,0.5,True,2.5513,1.0,True,2.5639,1.5,True,2.5765,2.0,True,2.6018,3.0,True,2.526,,,,,,2.6046,3.112,True,,,,,,,
NEARUSDT,BUY,21574,2.532,win,3.949,9.202,0.0298,2.3948,2.5022,1.177,True,2.4873,1.765,True,2.4724,2.354,True,2.4426,3.531,True,2.3948,5.419,True,2.3923,5.519,True,2.5193,0.5,True,2.5067,1.0,True,2.494,1.5,True,2.4814,2.0,True,2.456,3.0,True,2.532,,2.527,,,,2.5205,0.455,True,,,,,,,
NEARUSDT,SELL,21659,2.306,win,4.206,5.941,0.0285,2.4835,2.3345,1.236,True,2.3487,1.854,True,2.363,2.472,True,2.3915,3.708,True,2.4835,7.697,False,2.4858,7.797,False,2.3175,0.5,True,2.3291,1.0,True,2.3406,1.5,True,2.3521,2.0,True,2.3752,3.0,True,2.306,,2.313,,,,2.6046,12.949,False,,,,,,,
NEARUSDT,BUY,21883,2.394,win,28.864,2.632,0.0357,2.2452,2.3583,1.491,True,2.3405,2.237,True,2.3226,2.982,False,2.2869,4.474,False,2.2452,6.216,False,2.2428,6.316,False,2.382,0.5,True,2.3701,1.0,True,2.3581,1.5,True,2.3461,2.0,True,2.3222,3.0,False,2.394,,2.377,2.2796,4.78,False,2.2907,4.315,False,,,,,,,
NEARUSDT,SELL,22150,2.429,win,26.142,2.47,0.0608,2.8316,2.4898,2.503,False,2.5202,3.755,False,2.5506,5.006,False,2.6114,7.509,False,2.8316,16.575,False,2.834,16.675,False,2.4411,0.5,True,2.4533,1.0,True,2.4654,1.5,True,2.4776,2.0,True,2.5019,3.0,False,2.429,,2.446,,,,2.6927,10.856,False,,,,,,,
NEARUSDT,BUY,22478,2.072,win,9.266,5.695,0.0368,1.8941,2.0352,1.776,True,2.0168,2.664,True,1.9984,3.552,True,1.9616,5.328,True,1.8941,8.586,False,1.892,8.686,False,2.0616,0.5,True,2.0513,1.0,True,2.0409,1.5,True,2.0306,2.0,True,2.0098,3.0,True,2.072,,,,,,1.8791,9.309,False,,,,,,,
NEARUSDT,SELL,22767,2.043,win,5.678,7.0,0.034,2.1659,2.077,1.664,True,2.094,2.496,True,2.111,3.328,True,2.145,4.993,True,2.1659,6.016,True,2.1679,6.116,True,2.0532,0.5,True,2.0634,1.0,True,2.0736,1.5,True,2.0839,2.0,True,2.1043,3.0,True,2.043,,2.049,2.1763,6.523,True,,,,,,,,,,
NEARUSDT,BUY,23051,2.101,win,21.942,1.904,0.0286,2.0007,2.0724,1.361,True,2.0581,2.042,False,2.0438,2.723,False,2.0152,4.084,False,2.0007,4.774,False,1.9986,4.874,False,2.0905,0.5,True,2.08,1.0,True,2.0695,1.5,True,2.059,2.0,False,2.038,3.0,False,2.101,,,,,,1.971,6.186,False,,,,,,,
NEARUSDT,SELL,23339,2.34,win,10.983,2.051,0.0291,2.4531,2.3691,1.244,True,2.3836,1.865,True,2.3982,2.487,False,2.4273,3.731,False,2.4531,4.833,False,2.4554,4.933,False,2.3517,0.5,True,2.3634,1.0,True,2.3751,1.5,True,2.3868,2.0,True,2.4102,3.0,False,2.34,,,2.5658,9.651,False,2.4024,2.667,False,2.5661,9.662,False,2.5415,8.611,False,
NEARUSDT,BUY,23774,2.189,win,4.111,4.34,0.0153,2.1429,2.1737,0.699,True,2.1661,1.048,True,2.1584,1.398,True,2.1431,2.097,True,2.1429,2.106,True,2.1407,2.206,True,2.1781,0.5,True,2.1671,1.0,True,2.1562,1.5,True,2.1452,2.0,True,2.1233,3.0,True,2.189,,,2.1618,1.245,True,2.1668,1.013,True,,,,,,,
NEARUSDT,SELL,23845,2.115,win,17.21,3.924,0.0175,2.1997,2.1325,0.827,True,2.1413,1.241,True,2.15,1.655,True,2.1675,2.482,True,2.1997,4.005,False,2.2018,4.105,False,2.1256,0.5,True,2.1362,1.0,True,2.1467,1.5,True,2.1573,2.0,True,2.1785,3.0,True,2.115,,,,,,2.1592,2.088,True,,,,,,,
NEARUSDT,BUY,24390,1.897,win,3.005,7.38,0.0142,1.8008,1.8828,0.749,True,1.8757,1.123,True,1.8686,1.497,True,1.8544,2.246,True,1.8008,5.071,True,1.7989,5.171,True,1.8875,0.5,True,1.878,1.0,True,1.8685,1.5,True,1.8591,2.0,True,1.8401,3.0,True,1.897,,1.881,1.7883,5.729,True,1.7542,7.525,False,,,,,,,
NEARUSDT,SELL,24670,1.763,win,2.382,6.466,0.0156,1.8737,1.7786,0.885,True,1.7864,1.327,True,1.7942,1.77,True,1.8098,2.655,True,1.8737,6.279,True,1.8755,6.379,True,1.7718,0.5,True,1.7806,1.0,True,1.7894,1.5,True,1.7983,2.0,True,1.8159,3.0,True,1.763,,1.785,1.8778,6.512,False,1.956,10.945,False,,,,,,,
NEARUSDT,BUY,24802,1.873,win,12.92,3.897,0.0133,1.7988,1.8597,0.71,True,1.8531,1.065,True,1.8464,1.42,True,1.8331,2.13,True,1.7988,3.962,False,1.7969,4.062,False,1.8636,0.5,True,1.8543,1.0,True,1.8449,1.5,True,1.8355,2.0,True,1.8168,3.0,True,1.873,,1.861,,,,1.7193,8.207,False,,,,,,,
NEARUSDT,SELL,25044,1.959,lose,1.94,4.441,0.0105,2.0139,1.9695,0.536,True,1.9748,0.804,True,1.98,1.072,True,1.9905,1.608,True,2.0139,2.802,True,2.0159,2.902,True,1.9688,0.5,True,1.9786,1.0,True,1.9884,1.5,True,1.9982,2.0,True,2.0178,3.0,True,1.959,,,,,,1.995,1.837,True,,,,,,,
NEARUSDT,SELL,25393,1.919,win,4.065,1.459,0.0172,2.0366,1.9362,0.896,True,1.9448,1.344,True,1.9534,1.793,False,1.9706,2.689,False,2.0366,6.128,False,2.0385,6.228,False,1.9286,0.5,True,1.9382,1.0,True,1.9478,1.5,False,1.9574,2.0,False,1.9766,3.0,False,1.919,,,,,,1.978,3.073,False,,,,,,,
NEARUSDT,BUY,25560,1.925,win,2.182,2.494,0.0121,1.8884,1.9129,0.629,True,1.9068,0.943,True,1.9008,1.257,True,1.8887,1.886,True,1.8884,1.901,True,1.8865,2.001,True,1.9154,0.5,True,1.9058,1.0,True,1.8961,1.5,True,1.8865,2.0,True,1.8673,3.0,False,1.925,,,,,,,,,,,,,,,
NEARUSDT,SELL,25646,1.897,win,2.319,2.161,0.0116,1.9358,1.9086,0.611,True,1.9144,0.917,True,1.9202,1.223,True,1.9318,1.834,True,1.9358,2.045,True,1.9377,2.145,True,1.9065,0.5,True,1.916,1.0,True,1.9255,1.5,True,1.9349,2.0,True,1.9539,3.0,False,1.897,,,,,,1.978,4.269,False,,,,,,,
NEARUSDT,BUY,25913,1.914,win,10.031,2.038,0.0124,1.8772,1.9016,0.648,True,1.8954,0.972,True,1.8892,1.296,True,1.8768,1.944,True,1.8772,1.923,True,1.8753,2.023,True,1.9044,0.5,True,1.8949,1.0,True,1.8853,1.5,True,1.8757,2.0,True,1.8566,3.0,False,1.914,,,1.8532,3.176,False,1.8621,2.71,False,,,,,,,
NEARUSDT,SELL,26247,1.962,win,4.638,2.294,0.0158,2.0693,1.9778,0.805,True,1.9857,1.208,True,1.9936,1.611,True,2.0094,2.416,False,2.0693,5.469,False,2.0713,5.569,False,1.9718,0.5,True,1.9816,1.0,True,1.9914,1.5,True,2.0012,2.0,True,2.0209,3.0,False,1.962,,,,,,2.025,3.212,False,,,,,,,
NEARUSDT,BUY,26592,1.981,win,4.139,2.776,0.0149,1.9056,1.9661,0.752,True,1.9587,1.128,True,1.9512,1.504,True,1.9363,2.256,True,1.9056,3.806,False,1.9036,3.906,False,1.9711,0.5,True,1.9612,1.0,True,1.9513,1.5,True,1.9414,2.0,True,1.9216,3.0,False,1.981,,,1.8942,4.384,False,1.8991,4.134,False,,,,,,,
NEARUSDT,BUY,27209,1.837,lose,1.198,3.647,0.0083,1.7886,1.8287,0.452,True,1.8245,0.678,True,1.8204,0.904,True,1.8121,1.355,True,1.7886,2.635,True,1.7868,2.735,True,1.8278,0.5,True,1.8186,1.0,True,1.8094,1.5,True,1.8003,2.0,True,1.7819,3.0,True,1.837,,1.829,,,,1.7842,2.873,True,,,,,,,
NEARUSDT,SELL,27274,1.772,win,11.456,0.79,0.0122,1.8386,1.7842,0.688,True,1.7903,1.033,False,1.7964,1.377,False,1.8086,2.065,False,1.8386,3.758,False,1.8404,3.858,False,1.7809,0.5,True,1.7897,1.0,False,1.7986,1.5,False,1.8074,2.0,False,1.8252,3.0,False,1.772,,,,,,1.8008,1.625,False,,,,,,,
NEARUSDT,BUY,27551,1.654,win,6.892,1.391,0.009,1.6146,1.645,0.544,True,1.6405,0.816,True,1.636,1.088,True,1.627,1.632,False,1.6146,2.382,False,1.6129,2.482,False,1.6457,0.5,True,1.6375,1.0,True,1.6292,1.5,False,1.6209,2.0,False,1.6044,3.0,False,1.654,,,,,,1.6004,3.241,False,,,,,,,
NEARUSDT,BUY,28517,1.623,win,2.834,1.91,0.0053,1.6063,1.6177,0.327,True,1.6151,0.49,True,1.6124,0.653,True,1.6071,0.98,True,1.6063,1.029,True,1.6047,1.129,True,1.6149,0.5,True,1.6068,1.0,True,1.5987,1.5,True,1.5905,2.0,False,1.5743,3.0,False,1.623,,,,,,1.5974,1.577,True,,,,,,,
NEARUSDT,BUY,28746,1.623,win,3.697,0.863,0.0091,1.576,1.6139,0.561,True,1.6094,0.841,True,1.6048,1.121,False,1.5957,1.682,False,1.576,2.896,False,1.5744,2.996,False,1.6149,0.5,True,1.6068,1.0,False,1.5987,1.5,False,1.5905,2.0,False,1.5743,3.0,False,1.623,,,,,,1.5974,1.577,False,,,,,,,
NEARUSDT,SELL,28948,1.617,win,2.226,2.103,0.0072,1.6527,1.6242,0.445,True,1.6278,0.668,True,1.6314,0.891,True,1.6386,1.336,True,1.6527,2.208,True,1.6543,2.308,False,1.6251,0.5,True,1.6332,1.0,True,1.6413,1.5,True,1.6493,2.0,True,1.6655,3.0,False,1.617,,,,,,,,,,,,,,,
NEARUSDT,SELL,29134,1.613,lose,1.922,1.984,0.005,1.6366,1.618,0.31,True,1.6205,0.465,True,1.623,0.62,True,1.628,0.93,True,1.6366,1.463,True,1.6382,1.563,True,1.6211,0.5,True,1.6291,1.0,True,1.6372,1.5,True,1.6453,2.0,False,1.6614,3.0,False,1.613,,,,,,1.6366,1.465,True,,,,,,,
NEARUSDT,BUY,29249,1.634,lose,1.958,3.121,0.0065,1.6058,1.6275,0.398,True,1.6242,0.597,True,1.621,0.796,True,1.6145,1.193,True,1.6058,1.726,True,1.6042,1.826,True,1.6258,0.5,True,1.6177,1.0,True,1.6095,1.5,True,1.6013,2.0,True,1.585,3.0,True,1.634,,,,,,1.6024,1.934,True,,,,,,,
NEARUSDT,BUY,29477,1.638,win,31.136,3.053,0.008,1.5937,1.63,0.488,True,1.626,0.733,True,1.622,0.977,True,1.614,1.465,True,1.5937,2.705,True,1.5921,2.805,True,1.6298,0.5,True,1.6216,1.0,True,1.6134,1.5,True,1.6052,2.0,True,1.5889,3.0,True,1.638,,1.635,,,,1.5654,4.43,False,,,,,,,
NEARUSDT,SELL,29755,1.916,win,5.898,3.079,0.0327,2.0286,1.9487,1.707,True,1.965,2.56,True,1.9814,3.413,False,2.0141,5.12,False,2.0286,5.877,False,2.0305,5.977,False,1.9256,0.5,True,1.9352,1.0,True,1.9447,1.5,True,1.9543,2.0,True,1.9735,3.0,True,1.916,,,2.1512,12.277,False,2.1371,11.541,False,,,,,,,
NEARUSDT,BUY,29850,1.946,win,6.629,2.055,0.0194,1.8758,1.9266,0.997,True,1.9169,1.495,True,1.9072,1.994,True,1.8878,2.991,False,1.8758,3.607,False,1.8739,3.707,False,1.9363,0.5,True,1.9265,1.0,True,1.9168,1.5,True,1.9071,2.0,True,1.8876,3.0,False,1.946,,,1.8003,7.487,False,1.5864,18.478,False,1.7986,7.575,False,1.825,6.218,False,
SOLUSDT,SELL,20,189.14,win,8.005,0.328,2.4063,198.1393,191.5463,1.272,False,192.7494,1.908,False,193.9526,2.544,False,196.3589,3.817,False,198.1393,4.758,False,198.3284,4.858,False,190.0857,0.5,False,191.0314,1.0,False,191.9771,1.5,False,192.9228,2.0,False,194.8142,3.0,False,189.14,,,,,,,,,,,,,,,
SOLUSDT,BUY,200,185.0,win,5.103,1.049,0.9121,182.3826,184.0879,0.493,True,183.6318,0.74,True,183.1758,0.986,True,182.2637,1.479,False,182.3826,1.415,False,182.1976,1.515,False,184.075,0.5,True,183.15,1.0,True,182.225,1.5,False,181.3,2.0,False,179.45,3.0,False,185.0,,,,,,,,,,,,,,,
SOLUSDT,SELL,406,187.88,win,2.784,4.764,1.1184,191.8314,188.9984,0.595,True,189.5576,0.893,True,190.1168,1.191,True,191.2352,1.786,True,191.8314,2.103,True,192.0193,2.203,True,188.8194,0.5,True,189.7588,1.0,True,190.6982,1.5,True,191.6376,2.0,True,193.5164,3.0,True,187.88,,189.5,,,,,,,,,,,,,
SOLUSDT,BUY,488,196.66,lose,0.524,6.88,1.7247,184.3884,194.9353,0.877,True,194.0729,1.315,True,193.2106,1.754,True,191.4859,2.631,True,184.3884,6.24,True,184.1917,6.34,True,195.6767,0.5,True,194.6934,1.0,True,193.7101,1.5,True,192.7268,2.0,True,190.7602,3.0,True,196.66,,195.31,,,,183.2366,6.826,True,,,,,,,
SOLUSDT,SELL,544,184.2,win,3.99,2.03,1.1181,190.1921,185.3181,0.607,True,185.8772,0.911,True,186.4362,1.214,True,187.5543,1.821,True,190.1921,3.253,False,190.3763,3.353,False,185.121,0.5,True,186.042,1.0,True,186.963,1.5,True,187.884,2.0,True,189.726,3.0,False,184.2,,184.28,,,,187.7375,1.92,True,,,,,,,
SOLUSDT,BUY,649,187.41,win,9.546,0.486,0.9359,182.3652,186.4741,0.499,False,186.0061,0.749,False,185.5382,0.999,False,184.6023,1.498,False,182.3652,2.692,False,182.1778,2.792,False,186.4729,0.5,False,185.5359,1.0,False,184.5988,1.5,False,183.6618,2.0,False,181.7877,3.0,False,187.41,,,,,,176.823,5.649,False,,,,,,,
SOLUSDT,BUY,1247,201.13,lose,0.094,6.091,1.0169,195.1717,200.1131,0.506,True,199.6046,0.758,True,199.0962,1.011,True,198.0793,1.517,True,195.1717,2.962,True,194.9706,3.062,True,200.1243,0.5,True,199.1187,1.0,True,198.113,1.5,True,197.1074,2.0,True,195.0961,3.0,True,201.13,,200.51,,,,198.2216,1.446,True,,,,,,,
SOLUSDT,SELL,1331,191.91,win,24.095,0.333,1.2591,197.7072,193.1691,0.656,False,193.7987,0.984,False,194.4282,1.312,False,195.6873,1.968,False,197.7072,3.021,False,197.8991,3.121,False,192.8695,0.5,False,193.8291,1.0,False,194.7886,1.5,False,195.7482,2.0,False,197.6673,3.0,False,191.91,,,198.3972,3.38,False,202.7525,5.65,False,198.197,3.276,False,197.615,2.973,False,
SOLUSDT,SELL,2035,155.96,win,4.02,4.431,1.3692,161.1855,157.3292,0.878,True,158.0138,1.317,True,158.6984,1.756,True,160.0676,2.634,True,161.1855,3.351,True,161.3415,3.451,True,156.7398,0.5,True,157.5196,1.0,True,158.2994,1.5,True,159.0792,2.0,True,160.6388,3.0,True,155.96,,,,,,165.0349,5.819,False,,,,,,,
SOLUSDT,BUY,2133,162.03,lose,1.722,3.833,1.5795,154.4129,160.4505,0.975,True,159.6608,1.462,True,158.871,1.95,True,157.2915,2.924,True,154.4129,4.701,False,154.2509,4.801,False,161.2199,0.5,True,160.4097,1.0,True,159.5995,1.5,True,158.7894,2.0,True,157.1691,3.0,True,162.03,,,149.4655,7.754,False,149.5403,7.708,False,149.285,7.866,False,151.715,6.366,False,
SOLUSDT,SELL,2217,156.61,lose,1.022,4.674,0.9013,161.1303,157.5113,0.576,True,157.962,0.863,True,158.4126,1.151,True,159.3139,1.727,True,161.1303,2.886,True,161.2869,2.986,True,157.393,0.5,True,158.1761,1.0,True,158.9591,1.5,True,159.7422,2.0,True,161.3083,3.0,True,156.61,,156.8,,,,,,,,,,,,,
SOLUSDT,BUY,2312,163.5,win,5.119,2.141,1.1676,157.0002,162.3324,0.714,True,161.7486,1.071,True,161.1648,1.428,True,159.9972,2.142,True,157.0002,3.975,False,156.8367,4.075,False,162.6825,0.5,True,161.865,1.0,True,161.0475,1.5,True,160.23,2.0,True,158.595,3.0,False,163.5,,162.5,,,,149.5403,8.538,False,,,,,,,
SOLUSDT,SELL,2507,160.19,win,19.658,0.506,1.0493,166.3686,161.2393,0.655,False,161.7639,0.983,False,162.2886,1.31,False,163.3379,1.965,False,166.3686,3.857,False,166.5288,3.957,False,160.9909,0.5,True,161.7919,1.0,False,162.5928,1.5,False,163.3938,2.0,False,164.9957,3.0,False,160.19,,,,,,171.131,6.83,False,,,,,,,
SOLUSDT,BUY,3160,137.97,win,3.465,4.247,0.9934,133.1366,136.9766,0.72,True,136.4799,1.08,True,135.9832,1.44,True,134.9898,2.16,True,133.1366,3.503,True,132.9986,3.603,True,137.2801,0.5,True,136.5903,1.0,True,135.9005,1.5,True,135.2106,2.0,True,133.8309,3.0,True,137.97,,,,,,136.893,0.781,True,,,,,,,
SOLUSDT,SELL,3278,132.31,lose,1.413,8.964,1.1911,139.6036,133.5011,0.9,True,134.0967,1.35,True,134.6922,1.8,True,135.8833,2.701,True,139.6036,5.513,True,139.7359,5.613,True,132.9715,0.5,True,133.6331,1.0,True,134.2946,1.5,True,134.9562,2.0,True,136.2793,3.0,True,132.31,,,,,,143.7236,8.626,True,,,,,,,
SOLUSDT,BUY,3611,130.77,win,10.652,2.111,0.756,127.0446,130.014,0.578,True,129.636,0.867,True,129.258,1.156,True,128.502,1.734,True,127.0446,2.849,False,126.9138,2.949,False,130.1162,0.5,True,129.4623,1.0,True,128.8085,1.5,True,128.1546,2.0,True,126.8469,3.0,False,130.77,,130.58,125.821,3.785,False,,,,,,,,,,
SOLUSDT,SELL,4088,139.3,win,3.367,3.058,0.616,142.0134,139.916,0.442,True,140.224,0.663,True,140.532,0.884,True,141.148,1.327,True,142.0134,1.948,True,142.1527,2.048,True,139.9965,0.5,True,140.693,1.0,True,141.3895,1.5,True,142.086,2.0,True,143.479,3.0,True,139.3,,140.01,,,,,,,,,,,,,
SOLUSDT,SELL,4363,129.87,win,5.251,0.839,1.0046,138.2409,130.8746,0.774,True,131.3769,1.16,False,131.8792,1.547,False,132.8838,2.321,False,138.2409,6.446,False,138.3708,6.546,False,130.5194,0.5,True,131.1687,1.0,True,131.818,1.5,False,132.4674,2.0,False,133.7661,3.0,False,129.87,,130.21,,,,141.7016,9.11,False,,,,,,,
SOLUSDT,BUY,4513,130.54,win,12.51,0.184,0.6544,126.7688,129.8856,0.501,False,129.5584,0.752,False,129.2312,1.003,False,128.5768,1.504,False,126.7688,2.889,False,126.6383,2.989,False,129.8873,0.5,False,129.2346,1.0,False,128.5819,1.5,False,127.9292,2.0,False,126.6238,3.0,False,130.54,,130.3,125.7012,3.707,False,127.2226,2.541,False,,,,,,,
SOLUSDT,SELL,4731,139.3,win,8.435,1.019,0.9604,143.7494,140.2604,0.689,True,140.7406,1.034,False,141.2208,1.379,False,142.1812,2.068,False,143.7494,3.194,False,143.8887,3.294,False,139.9965,0.5,True,140.693,1.0,True,141.3895,1.5,False,142.086,2.0,False,143.479,3.0,False,139.3,,,144.4363,3.687,False,141.9918,1.932,False,,,,,,,
SOLUSDT,BUY,5016,135.77,win,2.6,4.478,0.9147,131.2594,134.8553,0.674,True,134.398,1.011,True,133.9406,1.347,True,133.0259,2.021,True,131.2594,3.322,True,131.1236,3.422,True,135.0911,0.5,True,134.4123,1.0,True,133.7335,1.5,True,133.0546,2.0,True,131.6969,3.0,True,135.77,,,127.3587,6.195,False,132.6872,2.271,True,,,,,,,
SOLUSDT,BUY,5195,141.41,win,2.468,5.452,1.1997,132.8241,140.2103,0.848,True,139.6104,1.273,True,139.0106,1.697,True,137.8109,2.545,True,132.8241,6.072,False,132.6827,6.172,False,140.7029,0.5,True,139.9959,1.0,True,139.2888,1.5,True,138.5818,2.0,True,137.1677,3.0,True,141.41,,,131.3227,7.133,False,132.1777,6.529,False,,,,,,,
SOLUSDT,SELL,5324,134.18,win,3.928,2.668,1.2301,140.1265,135.4101,0.917,True,136.0251,1.375,True,136.6402,1.834,True,137.8703,2.75,False,140.1265,4.432,False,140.2607,4.532,False,134.8509,0.5,True,135.5218,1.0,True,136.1927,1.5,True,136.8636,2.0,True,138.2054,3.0,False,134.18,,134.36,142.7839,6.412,False,135.6255,1.077,True,,,,,,,
SOLUSDT,BUY,5406,137.02,win,2.241,4.08,1.203,130.7313,135.817,0.878,True,135.2155,1.317,True,134.614,1.756,True,133.411,2.634,True,130.7313,4.59,False,130.5943,4.69,False,136.3349,0.5,True,135.6498,1.0,True,134.9647,1.5,True,134.2796,2.0,True,132.9094,3.0,True,137.02,,136.01,,,,129.6802,5.357,False,,,,,,,
SOLUSDT,BUY,6121,124.37,win,2.806,0.86,0.8571,120.4907,123.5129,0.689,True,123.0844,1.034,False,122.6558,1.378,False,121.7987,2.067,False,120.4907,3.119,False,120.3663,3.219,False,123.7482,0.5,True,123.1263,1.0,False,122.5045,1.5,False,121.8826,2.0,False,120.6389,3.0,False,124.37,,,,,,122.9869,1.112,False,,,,,,,
SOLUSDT,SELL,6337,123.57,lose,0.121,3.998,0.5029,126.3552,124.0729,0.407,True,124.3243,0.61,True,124.5758,0.814,True,125.0787,1.221,True,126.3552,2.254,True,126.4788,2.354,True,124.1878,0.5,True,124.8057,1.0,True,125.4235,1.5,True,126.0414,2.0,True,127.2771,3.0,True,123.57,,123.89,126.7498,2.573,True,126.9869,2.765,True,,,,,,,
SOLUSDT,SELL,6517,124.77,win,3.414,0.665,0.4161,125.9006,125.1861,0.333,True,125.3941,0.5,True,125.6022,0.667,False,126.0183,1.0,False,125.9006,0.906,False,126.0254,1.006,False,125.3938,0.5,True,126.0177,1.0,False,126.6415,1.5,False,127.2654,2.0,False,128.5131,3.0,False,124.77,,,,,,127.7676,2.403,False,,,,,,,
SOLUSDT,SELL,6762,120.05,lose,0.75,3.565,0.5768,123.3504,120.6268,0.48,True,120.9152,0.721,True,121.2036,0.961,True,121.7804,1.441,True,123.3504,2.749,True,123.4704,2.849,True,120.6502,0.5,True,121.2505,1.0,True,121.8507,1.5,True,122.451,2.0,True,123.6515,3.0,True,120.05,,120.52,,,,122.0519,1.668,True,,,,,,,
SOLUSDT,BUY,7251,125.56,win,14.248,1.704,0.4383,123.8014,125.1217,0.349,True,124.9026,0.524,True,124.6834,0.698,True,124.2451,1.047,True,123.8014,1.401,True,123.6758,1.501,True,124.9322,0.5,True,124.3044,1.0,True,123.6766,1.5,True,123.0488,2.0,False,121.7932,3.0,False,125.56,,125.21,123.2648,1.828,False,123.3565,1.755,False,,,,,,,
SOLUSDT,SELL,7976,135.65,win,2.322,3.199,0.759,139.8218,136.409,0.56,True,136.7885,0.839,True,137.168,1.119,True,137.927,1.679,True,139.8218,3.075,True,139.9574,3.175,True,136.3282,0.5,True,137.0065,1.0,True,137.6847,1.5,True,138.363,2.0,True,139.7195,3.0,True,135.65,,135.86,,,,,,,,,,,,,
SOLUSDT,BUY,8356,138.1,win,7.748,0.456,0.3064,136.0895,137.7936,0.222,True,137.6404,0.333,True,137.4872,0.444,True,137.1808,0.666,False,136.0895,1.456,False,135.9514,1.556,False,137.4095,0.5,False,136.719,1.0,False,136.0285,1.5,False,135.338,2.0,False,133.957,3.0,False,138.1,,137.94,,,,135.894,1.597,False,,,,,,,
SOLUSDT,SELL,8757,141.47,lose,0.919,2.849,0.8609,145.9884,142.3309,0.609,True,142.7613,0.913,True,143.1918,1.217,True,144.0527,1.826,True,145.9884,3.194,False,146.1299,3.294,False,142.1773,0.5,True,142.8847,1.0,True,143.592,1.5,True,144.2994,2.0,True,145.7141,3.0,False,141.47,,,,,,148.9488,5.286,False,,,,,,,
SOLUSDT,BUY,9342,131.0,lose,0.832,3.313,1.022,126.7777,129.978,0.78,True,129.467,1.17,True,128.956,1.56,True,127.934,2.34,True,126.7777,3.223,True,126.6467,3.323,False,130.345,0.5,True,129.69,1.0,True,129.035,1.5,True,128.38,2.0,True,127.07,3.0,True,131.0,,130.7,124.9822,4.594,False,124.1257,5.248,False,,,,,,,
SOLUSDT,BUY,9814,124.6,win,2.97,1.565,0.7802,121.1088,123.8198,0.626,True,123.4297,0.939,True,123.0396,1.252,True,122.2594,1.878,False,121.1088,2.802,False,120.9842,2.902,False,123.977,0.5,True,123.354,1.0,True,122.731,1.5,True,122.108,2.0,False,120.862,3.0,False,124.6,,,,,,117.3425,5.825,False,,,,,,,
SOLUSDT,BUY,10862,86.63,win,3.59,3.313,1.1146,80.7884,85.5154,1.287,True,84.9581,1.93,True,84.4008,2.573,True,83.2862,3.86,False,80.7884,6.743,False,80.7018,6.843,False,86.1968,0.5,True,85.7637,1.0,True,85.3305,1.5,True,84.8974,2.0,True,84.0311,3.0,True,86.63,,85.74,,,,81.4984,5.924,False,,,,,,,
SOLUSDT,BUY,11161,87.89,lose,0.444,4.301,0.7634,84.4031,87.1266,0.869,True,86.7449,1.303,True,86.3632,1.737,True,85.5998,2.606,True,84.4031,3.967,True,84.3152,4.067,True,87.4506,0.5,True,87.0111,1.0,True,86.5717,1.5,True,86.1322,2.0,True,85.2533,3.0,True,87.89,,,,,,86.0239,2.123,True,,,,,,,
SOLUSDT,SELL,11221,84.17,win,9.065,1.2,0.4147,86.1618,84.5847,0.493,True,84.7921,0.739,True,84.9994,0.985,True,85.4141,1.478,False,86.1618,2.366,False,86.246,2.466,False,84.5908,0.5,True,85.0117,1.0,True,85.4325,1.5,False,85.8534,2.0,False,86.6951,3.0,False,84.17,,,,,,89.1791,5.951,False,,,,,,,
SOLUSDT,BUY,12171,83.57,win,3.721,2.226,0.3605,81.6693,83.2095,0.431,True,83.0292,0.647,True,82.849,0.863,True,82.4885,1.294,True,81.6693,2.274,False,81.5857,2.374,False,83.1521,0.5,True,82.7343,1.0,True,82.3164,1.5,True,81.8986,2.0,True,81.0629,3.0,False,83.57,,,,,,82.4275,1.367,True,,,,,,,
SOLUSDT,SELL,12388,83.65,win,9.659,0.072,0.3157,85.3754,83.9657,0.377,False,84.1236,0.566,False,84.2814,0.755,False,84.5971,1.132,False,85.3754,2.063,False,85.4591,2.163,False,84.0682,0.5,False,84.4865,1.0,False,84.9047,1.5,False,85.323,2.0,False,86.1595,3.0,False,83.65,,,85.6283,2.365,False,85.3453,2.027,False,,,,,,,
SOLUSDT,BUY,12623,81.94,win,12.387,1.233,0.6532,77.3077,81.2868,0.797,True,80.9602,1.196,True,80.6336,1.594,False,79.9804,2.392,False,77.3077,5.653,False,77.2258,5.753,False,81.5303,0.5,True,81.1206,1.0,True,80.7109,1.5,False,80.3012,2.0,False,79.4818,3.0,False,81.94,,,,,,78.961,3.636,False,,,,,,,
SOLUSDT,SELL,12787,84.72,win,9.042,4.178,0.6771,88.111,85.3971,0.799,True,85.7356,1.199,True,86.0742,1.598,True,86.7513,2.398,True,88.111,4.003,True,88.1957,4.103,True,85.1436,0.5,True,85.5672,1.0,True,85.9908,1.5,True,86.4144,2.0,True,87.2616,3.0,True,84.72,,85.29,,,,88.3082,4.235,False,,,,,,,
SOLUSDT,BUY,12990,84.07,win,5.721,2.212,0.8521,79.6184,83.2179,1.014,True,82.7918,1.52,True,82.3658,2.027,True,81.5137,3.041,False,79.6184,5.295,False,79.5343,5.395,False,83.6496,0.5,True,83.2293,1.0,True,82.8089,1.5,True,82.3886,2.0,True,81.5479,3.0,False,84.07,,,,,,78.9909,6.041,False,,,,,,,
SOLUSDT,SELL,13083,82.27,lose,0.766,9.347,0.625,85.9393,82.895,0.76,True,83.2075,1.14,True,83.52,1.519,True,84.145,2.279,True,85.9393,4.46,True,86.0216,4.56,True,82.6813,0.5,True,83.0927,1.0,True,83.504,1.5,True,83.9154,2.0,True,84.7381,3.0,True,82.27,,82.56,,,,87.0369,5.794,True,,,,,,,
SOLUSDT,BUY,13162,89.61,lose,0.792,6.673,0.9409,83.2436,88.6691,1.05,True,88.1987,1.575,True,87.7282,2.1,True,86.7873,3.15,True,83.2436,7.105,False,83.154,7.205,False,89.162,0.5,True,88.7139,1.0,True,88.2659,1.5,True,87.8178,2.0,True,86.9217,3.0,True,89.61,,89.12,,,,83.4265,6.9,False,,,,,,,
SOLUSDT,SELL,13241,84.15,win,2.08,6.928,0.5318,86.3675,84.6818,0.632,True,84.9477,0.948,True,85.2136,1.264,True,85.7454,1.896,True,86.3675,2.635,True,86.4517,2.735,True,84.5707,0.5,True,84.9915,1.0,True,85.4123,1.5,True,85.833,2.0,True,86.6745,3.0,True,84.15,,,,,,87.0369,3.431,True,,,,,,,
SOLUSDT,BUY,13326,89.58,win,5.102,1.942,0.7672,84.8876,88.8128,0.856,True,88.4292,1.285,True,88.0456,1.713,True,87.2784,2.569,False,84.8876,5.238,False,84.798,5.338,False,89.1321,0.5,True,88.6842,1.0,True,88.2363,1.5,True,87.7884,2.0,False,86.8926,3.0,False,89.58,,,84.6229,5.534,False,83.4265,6.869,False,,,,,,,
SOLUSDT,SELL,13473,89.06,win,9.971,0.337,0.5701,91.0159,89.6301,0.64,False,89.9151,0.96,False,90.2002,1.28,False,90.7703,1.92,False,91.0159,2.196,False,91.105,2.296,False,89.5053,0.5,False,89.9506,1.0,False,90.3959,1.5,False,90.8412,2.0,False,91.7318,3.0,False,89.06,,89.22,89.9447,0.993,False,,,,,,,,,,
SOLUSDT,SELL,14079,84.85,lose,0.024,3.312,0.3471,86.2856,85.1971,0.409,True,85.3706,0.614,True,85.5442,0.818,True,85.8913,1.227,True,86.2856,1.692,True,86.3705,1.792,True,85.2742,0.5,True,85.6985,1.0,True,86.1227,1.5,True,86.547,2.0,True,87.3955,3.0,True,84.85,,,,,,86.9368,2.459,True,,,,,,,
SOLUSDT,SELL,14252,87.84,lose,1.628,0.934,0.3838,89.7955,88.2238,0.437,True,88.4157,0.655,True,88.6076,0.874,True,88.9914,1.311,False,89.7955,2.226,False,89.8833,2.326,False,88.2792,0.5,True,88.7184,1.0,False,89.1576,1.5,False,89.5968,2.0,False,90.4752,3.0,False,87.84,,87.97,,,,90.5404,3.074,False,,,,,,,
SOLUSDT,SELL,14684,90.52,win,4.121,0.939,0.554,94.6807,91.074,0.612,True,91.351,0.918,True,91.628,1.224,False,92.182,1.836,False,94.6807,4.596,False,94.7712,4.696,False,90.9726,0.5,True,91.4252,1.0,False,91.8778,1.5,False,92.3304,2.0,False,93.2356,3.0,False,90.52,,90.69,,,,94.6445,4.557,False,,,,,,,
SOLUSDT,SELL,15018,86.74,win,2.006,5.983,0.4434,90.296,87.1834,0.511,True,87.4051,0.767,True,87.6268,1.022,True,88.0702,1.534,True,90.296,4.1,True,90.3827,4.2,True,87.1737,0.5,True,87.6074,1.0,True,88.0411,1.5,True,88.4748,2.0,True,89.3422,3.0,True,86.74,,87.52,90.4955,4.33,True,89.8397,3.574,True,,,,,,,
SOLUSDT,SELL,15282,89.14,lose,0.886,4.274,0.5129,91.0532,89.6529,0.575,True,89.9094,0.863,True,90.1658,1.151,True,90.6787,1.726,True,91.0532,2.146,True,91.1423,2.246,True,89.5857,0.5,True,90.0314,1.0,True,90.4771,1.5,True,90.9228,2.0,True,91.8142,3.0,True,89.14,,89.44,,,,92.0219,3.233,True,,,,,,,
SOLUSDT,BUY,15327,92.59,lose,0.94,3.964,0.4323,89.8303,92.1577,0.467,True,91.9416,0.7,True,91.7254,0.934,True,91.2931,1.401,True,89.8303,2.981,True,89.7377,3.081,True,92.127,0.5,True,91.6641,1.0,True,91.2011,1.5,True,90.7382,2.0,True,89.8123,3.0,True,92.59,,92.28,,,,85.904,7.221,False,,,,,,,
SOLUSDT,SELL,15426,89.15,win,11.643,0.202,0.3758,91.7435,89.5258,0.422,False,89.7137,0.632,False,89.9016,0.843,False,90.2774,1.265,False,91.7435,2.909,False,91.8327,3.009,False,89.5957,0.5,False,90.0415,1.0,False,90.4873,1.5,False,90.933,2.0,False,91.8245,3.0,False,89.15,,89.24,92.0579,3.262,False,92.0219,3.221,False,,,,,,,
SOLUSDT,SELL,15923,80.68,lose,0.62,4.598,0.5066,83.5944,81.1866,0.628,True,81.4399,0.942,True,81.6932,1.256,True,82.1998,1.884,True,83.5944,3.612,True,83.6751,3.712,True,81.0834,0.5,True,81.4868,1.0,True,81.8902,1.5,True,82.2936,2.0,True,83.1004,3.0,True,80.68,,,,,,81.9719,1.601,True,,,,,,,
SOLUSDT,BUY,16002,84.28,win,2.741,4.224,0.3799,81.9625,83.9001,0.451,True,83.7101,0.676,True,83.5202,0.902,True,83.1403,1.352,True,81.9625,2.75,True,81.8782,2.85,True,83.8586,0.5,True,83.4372,1.0,True,83.0158,1.5,True,82.5944,2.0,True,81.7516,3.0,True,84.28,,,,,,79.8101,5.304,False,,,,,,,
SOLUSDT,SELL,16072,81.29,win,5.733,0.529,0.5466,83.6513,81.8366,0.672,False,82.1099,1.009,False,82.3832,1.345,False,82.9298,2.017,False,83.6513,2.905,False,83.7326,3.005,False,81.6964,0.5,True,82.1029,1.0,False,82.5093,1.5,False,82.9158,2.0,False,83.7287,3.0,False,81.29,,,86.7199,6.68,False,82.9629,2.058,False,,,,,,,
SOLUSDT,BUY,16459,82.45,lose,0.885,3.554,0.4744,79.3134,81.9756,0.575,True,81.7384,0.863,True,81.5012,1.151,True,81.0268,1.726,True,79.3134,3.804,False,79.231,3.904,False,82.0378,0.5,True,81.6255,1.0,True,81.2133,1.5,True,80.801,2.0,True,79.9765,3.0,True,82.45,,,78.9214,4.28,False,79.4505,3.638,False,,,,,,,
SOLUSDT,BUY,16635,82.0,win,6.329,0.427,0.5102,79.1788,81.4898,0.622,False,81.2347,0.933,False,80.9796,1.244,False,80.4694,1.867,False,79.1788,3.44,False,79.0968,3.54,False,81.59,0.5,False,81.18,1.0,False,80.77,1.5,False,80.36,2.0,False,79.54,3.0,False,82.0,,,78.1826,4.655,False,78.7112,4.011,False,,,,,,,
SOLUSDT,SELL,16753,82.17,lose,0.986,3.042,0.3758,83.7556,82.5458,0.457,True,82.7337,0.686,True,82.9216,0.915,True,83.2974,1.372,True,83.7556,1.93,True,83.8378,2.03,True,82.5808,0.5,True,82.9917,1.0,True,83.4025,1.5,True,83.8134,2.0,True,84.6351,3.0,True,82.17,,,,,,85.095,3.56,False,,,,,,,
SOLUSDT,BUY,16823,83.55,win,3.208,2.059,0.5402,82.0389,83.0098,0.647,True,82.7397,0.97,True,82.4696,1.293,True,81.9294,1.94,True,82.0389,1.809,True,81.9553,1.909,True,83.1322,0.5,True,82.7145,1.0,True,82.2968,1.5,True,81.879,2.0,True,81.0435,3.0,False,83.55,,,81.238,2.767,False,,,,,,,,,,
SOLUSDT,BUY,17209,84.07,win,4.246,0.845,0.4229,81.8019,83.6471,0.503,True,83.4356,0.755,True,83.2242,1.006,False,82.8013,1.509,False,81.8019,2.698,False,81.7178,2.798,False,83.6496,0.5,True,83.2293,1.0,False,82.8089,1.5,False,82.3886,2.0,False,81.5479,3.0,False,84.07,,,,,,81.938,2.536,False,,,,,,,
SOLUSDT,SELL,17311,83.72,lose,1.338,2.496,0.448,85.5671,84.168,0.535,True,84.392,0.803,True,84.616,1.07,True,85.064,1.605,True,85.5671,2.206,True,85.6508,2.306,True,84.1386,0.5,True,84.5572,1.0,True,84.9758,1.5,True,85.3944,2.0,True,86.2316,3.0,False,83.72,,,87.7715,4.839,False,86.2261,2.993,False,,,,,,,
SOLUSDT,BUY,17414,84.74,win,7.045,1.227,0.4034,83.4126,84.3366,0.476,True,84.1349,0.714,True,83.9332,0.952,True,83.5298,1.428,False,83.4126,1.566,False,83.3279,1.666,False,84.3163,0.5,True,83.8926,1.0,True,83.4689,1.5,False,83.0452,2.0,False,82.1978,3.0,False,84.74,,,84.0338,0.833,True,81.938,3.307,False,,,,,,,
SOLUSDT,SELL,18101,85.89,lose,1.711,1.199,0.3533,87.8397,86.2433,0.411,True,86.42,0.617,True,86.5966,0.823,True,86.9499,1.234,False,87.8397,2.27,False,87.9256,2.37,False,86.3194,0.5,True,86.7489,1.0,True,87.1783,1.5,False,87.6078,2.0,False,88.4667,3.0,False,85.89,,,,,,88.8888,3.491,False,,,,,,,
SOLUSDT,SELL,18358,85.62,lose,0.117,1.296,0.1825,86.3642,85.8025,0.213,True,85.8938,0.32,True,85.985,0.426,True,86.1675,0.639,True,86.3642,0.869,True,86.4498,0.969,True,86.0481,0.5,True,86.4762,1.0,True,86.9043,1.5,False,87.3324,2.0,False,88.1886,3.0,False,85.62,,,,,,86.5665,1.105,True,,,,,,,
SOLUSDT,SELL,20252,90.59,win,8.036,0.144,0.3306,92.3082,90.9206,0.365,False,91.0859,0.547,False,91.2512,0.73,False,91.5818,1.095,False,92.3082,1.897,False,92.3988,1.997,False,91.0429,0.5,False,91.4959,1.0,False,91.9488,1.5,False,92.4018,2.0,False,93.3077,3.0,False,90.59,,,,,,91.4113,0.907,False,,,,,,,
SOLUSDT,SELL,20953,84.51,win,3.727,0.887,0.5111,87.3393,85.0211,0.605,True,85.2767,0.907,False,85.5322,1.21,False,86.0433,1.814,False,87.3393,3.348,False,87.4238,3.448,False,84.9325,0.5,True,85.3551,1.0,False,85.7776,1.5,False,86.2002,2.0,False,87.0453,3.0,False,84.51,,,87.9517,4.073,False,87.077,3.037,False,,,,,,,
SOLUSDT,BUY,21039,84.18,win,3.956,0.665,0.3071,82.9611,83.8729,0.365,True,83.7194,0.547,True,83.5658,0.73,False,83.2587,1.094,False,82.9611,1.448,False,82.8769,1.548,False,83.7591,0.5,True,83.3382,1.0,False,82.9173,1.5,False,82.4964,2.0,False,81.6546,3.0,False,84.18,,,,,,81.2786,3.447,False,,,,,,,
SOLUSDT,SELL,21156,84.88,win,5.855,1.897,0.4155,86.0103,85.2955,0.49,True,85.5032,0.734,True,85.711,0.979,True,86.1265,1.469,True,86.0103,1.332,True,86.0952,1.432,True,85.3044,0.5,True,85.7288,1.0,True,86.1532,1.5,True,86.5776,2.0,False,87.4264,3.0,False,84.88,,,,,,86.2762,1.645,True,,,,,,,
SOLUSDT,SELL,21804,81.52,win,26.362,1.914,0.2666,82.9594,81.7866,0.327,True,81.9199,0.491,True,82.0532,0.654,True,82.3198,0.981,True,82.9594,1.766,True,83.0409,1.866,True,81.9276,0.5,True,82.3352,1.0,True,82.7428,1.5,True,83.1504,2.0,False,83.9656,3.0,False,81.52,,,,,,84.1941,3.28,False,,,,,,,
SOLUSDT,BUY,22437,64.79,win,5.201,1.898,0.4229,62.5046,64.3671,0.653,True,64.1557,0.979,True,63.9442,1.305,True,63.5213,1.958,True,62.5046,3.527,False,62.4398,3.627,False,64.4661,0.5,True,64.1421,1.0,True,63.8182,1.5,True,63.4942,2.0,False,62.8463,3.0,False,64.79,,64.62,,,,63.6863,1.704,True,,,,,,,
SOLUSDT,BUY,22827,65.47,win,6.232,0.947,0.2971,63.9262,65.1729,0.454,True,65.0243,0.681,True,64.8758,0.908,True,64.5787,1.361,False,63.9262,2.358,False,63.8607,2.458,False,65.1427,0.5,True,64.8153,1.0,False,64.4879,1.5,False,64.1606,2.0,False,63.5059,3.0,False,65.47,,65.27,,,,63.6863,2.725,False,,,,,,,
SOLUSDT,SELL,23162,67.48,lose,0.044,4.475,0.2105,68.2684,67.6905,0.312,True,67.7957,0.468,True,67.901,0.624,True,68.1115,0.936,True,68.2684,1.168,True,68.3359,1.268,True,67.8174,0.5,True,68.1548,1.0,True,68.4922,1.5,True,68.8296,2.0,True,69.5044,3.0,True,67.48,68.2684,67.86,,,,68.2282,1.109,True,,,,,,,
SOLUSDT,SELL,23399,73.14,win,7.219,2.078,0.3461,74.4504,73.4861,0.473,True,73.6591,0.71,True,73.8322,0.946,True,74.1783,1.42,True,74.4504,1.792,True,74.5235,1.892,True,73.5057,0.5,True,73.8714,1.0,True,74.2371,1.5,True,74.6028,2.0,True,75.3342,3.0,False,73.14,,,74.5517,1.93,True,74.4944,1.852,True,,,,,,,
SOLUSDT,SELL,23945,71.9,win,10.07,0.153,0.3603,73.8076,72.2603,0.501,False,72.4405,0.752,False,72.6206,1.002,False,72.9809,1.503,False,73.8076,2.653,False,73.8795,2.753,False,72.2595,0.5,False,72.619,1.0,False,72.9785,1.5,False,73.338,2.0,False,74.057,3.0,False,71.9,,,,,,73.3433,2.007,False,,,,,,,
SOLUSDT,BUY,24264,70.6,win,4.688,3.499,0.5685,67.2103,70.0315,0.805,True,69.7472,1.208,True,69.463,1.61,True,68.8945,2.416,True,67.2103,4.801,False,67.1397,4.901,False,70.247,0.5,True,69.894,1.0,True,69.541,1.5,True,69.188,2.0,True,68.482,3.0,True,70.6,,70.33,65.7612,6.854,False,66.4035,5.944,False,65.777,6.831,False,66.275,6.126,False,
SOLUSDT,SELL,24420,70.88,lose,1.749,3.414,0.3237,72.1617,71.2037,0.457,True,71.3655,0.685,True,71.5274,0.913,True,71.8511,1.37,True,72.1617,1.808,True,72.2326,1.908,True,71.2344,0.5,True,71.5888,1.0,True,71.9432,1.5,True,72.2976,2.0,True,73.0064,3.0,True,70.88,,,73.2697,3.372,True,,,,,,,,,,
SOLUSDT,BUY,24557,72.68,win,5.242,1.142,0.4873,70.6897,72.1927,0.67,True,71.949,1.006,True,71.7054,1.341,False,71.2181,2.011,False,70.6897,2.738,False,70.617,2.838,False,72.3166,0.5,True,71.9532,1.0,True,71.5898,1.5,False,71.2264,2.0,False,70.4996,3.0,False,72.68,,,,,,66.4035,8.636,False,,,,,,,
SOLUSDT,BUY,24735,75.14,win,11.738,1.637,0.4689,73.1751,74.6711,0.624,True,74.4367,0.936,True,74.2022,1.248,True,73.7333,1.872,False,73.1751,2.615,False,73.1,2.715,False,74.7643,0.5,True,74.3886,1.0,True,74.0129,1.5,True,73.6372,2.0,False,72.8858,3.0,False,75.14,,,72.1117,4.03,False,72.1478,3.982,False,,,,,,,
SOLUSDT,SELL,25393,79.04,win,3.543,0.493,0.4114,81.7811,79.4514,0.52,False,79.6571,0.781,False,79.8628,1.041,False,80.2742,1.561,False,81.7811,3.468,False,81.8601,3.568,False,79.4352,0.5,False,79.8304,1.0,False,80.2256,1.5,False,80.6208,2.0,False,81.4112,3.0,False,79.04,,,,,,80.13,1.379,False,,,,,,,
SOLUSDT,BUY,25591,78.8,lose,1.066,2.246,0.2963,77.637,78.5037,0.376,True,78.3555,0.564,True,78.2074,0.752,True,77.9111,1.128,True,77.637,1.476,True,77.5582,1.576,True,78.406,0.5,True,78.012,1.0,True,77.618,1.5,True,77.224,2.0,True,76.436,3.0,False,78.8,,,77.6134,1.506,True,77.0429,2.23,True,,,,,,,
SOLUSDT,BUY,26019,76.85,win,2.811,1.666,0.4143,74.9672,76.4357,0.539,True,76.2285,0.809,True,76.0214,1.078,True,75.6071,1.617,True,74.9672,2.45,False,74.8904,2.55,False,76.4657,0.5,True,76.0815,1.0,True,75.6972,1.5,True,75.313,2.0,False,74.5445,3.0,False,76.85,,,,,,74.4854,3.077,False,,,,,,,
SOLUSDT,BUY,27112,74.39,win,4.154,0.954,0.1259,74.0278,74.2641,0.169,True,74.2011,0.254,True,74.1382,0.338,True,74.0123,0.508,True,74.0278,0.487,True,73.9534,0.587,True,74.0181,0.5,True,73.6461,1.0,False,73.2742,1.5,False,72.9022,2.0,False,72.1583,3.0,False,74.39,,,,,,,,,,,,,,,
SOLUSDT,SELL,27302,74.02,win,2.378,1.175,0.3475,76.4068,74.3675,0.469,True,74.5412,0.704,True,74.715,0.939,True,75.0625,1.408,False,76.4068,3.225,False,76.4808,3.325,False,74.3901,0.5,True,74.7602,1.0,True,75.1303,1.5,False,75.5004,2.0,False,76.2406,3.0,False,74.02,,74.08,,,,76.4964,3.346,False,,,,,,,
SOLUSDT,BUY,27562,74.69,lose,0.79,2.597,0.2524,73.5224,74.4376,0.338,True,74.3114,0.507,True,74.1852,0.676,True,73.9328,1.014,True,73.5224,1.563,True,73.4477,1.663,True,74.3165,0.5,True,73.9431,1.0,True,73.5696,1.5,True,73.1962,2.0,True,72.4493,3.0,False,74.69,,,,,,,,,,,,,,,
SOLUSDT,SELL,27915,72.04,lose,0.125,2.499,0.198,73.3556,72.238,0.275,True,72.337,0.412,True,72.436,0.55,True,72.634,0.825,True,73.3556,1.826,True,73.4276,1.926,True,72.4002,0.5,True,72.7604,1.0,True,73.1206,1.5,True,73.4808,2.0,True,74.2012,3.0,False,72.04,,72.21,,,,73.033,1.378,True,,,,,,,
SOLUSDT,BUY,28758,76.33,lose,1.31,1.389,0.1796,75.6277,76.1504,0.235,True,76.0606,0.353,True,75.9708,0.471,True,75.7912,0.706,True,75.6277,0.92,True,75.5514,1.02,True,75.9484,0.5,True,75.5667,1.0,True,75.1851,1.5,False,74.8034,2.0,False,74.0401,3.0,False,76.33,,,,,,,,,,,,,,,
XRPUSDT,SELL,17,2.3659,win,7.515,1.475,0.0237,2.4668,2.3896,1.002,True,2.4015,1.503,False,2.4133,2.003,False,2.437,3.005,False,2.4668,4.265,False,2.4692,4.365,False,2.3777,0.5,True,2.3896,1.0,True,2.4014,1.5,False,2.4132,2.0,False,2.4369,3.0,False,2.3659,,,,,,2.4306,2.736,False,,,,,,,
XRPUSDT,BUY,175,2.3593,win,8.142,1.818,0.0115,2.2935,2.3478,0.487,True,2.342,0.731,True,2.3363,0.975,True,2.3248,1.462,True,2.2935,2.789,False,2.2911,2.889,False,2.3475,0.5,True,2.3357,1.0,True,2.3239,1.5,True,2.3121,2.0,False,2.2885,3.0,False,2.3593,,,,,,2.3332,1.108,True,,,,,,,
XRPUSDT,SELL,454,2.4165,lose,0.67,4.759,0.0127,2.4771,2.4292,0.526,True,2.4356,0.788,True,2.4419,1.051,True,2.4546,1.577,True,2.4771,2.508,True,2.4795,2.608,True,2.4286,0.5,True,2.4407,1.0,True,2.4527,1.5,True,2.4648,2.0,True,2.489,3.0,True,2.4165,,,,,,2.4306,0.585,True,,,,,,,
XRPUSDT,BUY,492,2.5114,lose,0.374,4.902,0.0179,2.4271,2.4935,0.713,True,2.4846,1.069,True,2.4756,1.425,True,2.4577,2.138,True,2.4271,3.357,True,2.4246,3.457,True,2.4988,0.5,True,2.4863,1.0,True,2.4737,1.5,True,2.4612,2.0,True,2.4361,3.0,True,2.5114,,2.49,,,,2.327,7.344,False,,,,,,,
XRPUSDT,BUY,733,2.4285,win,11.052,0.099,0.0083,2.3838,2.4202,0.342,False,2.4161,0.513,False,2.4119,0.684,False,2.4036,1.025,False,2.3838,1.841,False,2.3814,1.941,False,2.4164,0.5,False,2.4042,1.0,False,2.3921,1.5,False,2.3799,2.0,False,2.3556,3.0,False,2.4285,,,,,,2.327,4.181,False,,,,,,,
XRPUSDT,SELL,1283,2.5951,win,8.462,0.135,0.0196,2.665,2.6147,0.755,False,2.6245,1.133,False,2.6343,1.511,False,2.6539,2.266,False,2.665,2.694,False,2.6676,2.794,False,2.6081,0.5,False,2.6211,1.0,False,2.634,1.5,False,2.647,2.0,False,2.673,3.0,False,2.5951,,,,,,2.6655,2.711,False,,,,,,,
XRPUSDT,SELL,1686,2.4425,win,15.435,0.389,0.0131,2.5236,2.4556,0.536,False,2.4621,0.805,False,2.4687,1.073,False,2.4818,1.609,False,2.5236,3.32,False,2.526,3.42,False,2.4547,0.5,False,2.4669,1.0,False,2.4791,1.5,False,2.4913,2.0,False,2.5158,3.0,False,2.4425,,2.4512,2.5351,3.791,False,2.5176,3.075,False,,,,,,,
XRPUSDT,SELL,2028,2.2167,win,2.878,5.481,0.0159,2.3165,2.2326,0.717,True,2.2405,1.076,True,2.2485,1.435,True,2.2644,2.152,True,2.3165,4.502,True,2.3187,4.602,True,2.2278,0.5,True,2.2389,1.0,True,2.25,1.5,True,2.261,2.0,True,2.2832,3.0,True,2.2167,,,,,,2.338,5.474,True,,,,,,,
XRPUSDT,BUY,2129,2.3086,win,2.777,2.976,0.0238,2.1926,2.2848,1.031,True,2.2729,1.546,True,2.261,2.062,True,2.2372,3.093,False,2.1926,5.025,False,2.1903,5.125,False,2.2971,0.5,True,2.2855,1.0,True,2.274,1.5,True,2.2624,2.0,True,2.2393,3.0,False,2.3086,,,2.1497,6.884,False,2.2961,0.541,True,,,,,,,
XRPUSDT,BUY,2329,2.3476,win,9.895,1.09,0.0123,2.2705,2.3353,0.524,True,2.3291,0.786,True,2.323,1.048,True,2.3107,1.572,False,2.2705,3.284,False,2.2682,3.384,False,2.3359,0.5,True,2.3241,1.0,True,2.3124,1.5,False,2.3006,2.0,False,2.2772,3.0,False,2.3476,,2.3326,,,,2.2961,2.194,False,,,,,,,
XRPUSDT,SELL,2492,2.4511,win,5.569,2.448,0.011,2.4979,2.4621,0.449,True,2.4676,0.673,True,2.4731,0.898,True,2.4841,1.346,True,2.4979,1.909,True,2.5004,2.009,True,2.4634,0.5,True,2.4756,1.0,True,2.4879,1.5,True,2.5001,2.0,True,2.5246,3.0,False,2.4511,,,,,,2.5792,5.225,False,,,,,,,
XRPUSDT,BUY,2652,2.4766,win,2.007,6.085,0.0235,2.3541,2.4531,0.949,True,2.4413,1.423,True,2.4296,1.898,True,2.4061,2.847,True,2.3541,4.946,True,2.3516,5.046,True,2.4642,0.5,True,2.4518,1.0,True,2.4395,1.5,True,2.4271,2.0,True,2.4023,3.0,True,2.4766,,,,,,,,,,,,,,,
XRPUSDT,SELL,2709,2.3401,win,7.944,0.543,0.024,2.4596,2.3641,1.026,False,2.3761,1.538,False,2.3881,2.051,False,2.4121,3.077,False,2.4596,5.107,False,2.4619,5.207,False,2.3518,0.5,True,2.3635,1.0,False,2.3752,1.5,False,2.3869,2.0,False,2.4103,3.0,False,2.3401,,,,,,2.5792,10.217,False,,,,,,,
XRPUSDT,SELL,3090,2.1523,win,15.435,4.084,0.0242,2.2731,2.1765,1.124,True,2.1886,1.687,True,2.2007,2.249,True,2.2249,3.373,True,2.2731,5.613,False,2.2753,5.713,False,2.1631,0.5,True,2.1738,1.0,True,2.1846,1.5,True,2.1953,2.0,True,2.2169,3.0,True,2.1523,,,2.3102,7.334,False,2.3048,7.086,False,,,,,,,
XRPUSDT,BUY,3601,1.9982,win,14.353,0.175,0.0119,1.9276,1.9863,0.596,False,1.9804,0.893,False,1.9744,1.191,False,1.9625,1.787,False,1.9276,3.533,False,1.9256,3.633,False,1.9882,0.5,False,1.9782,1.0,False,1.9682,1.5,False,1.9582,2.0,False,1.9383,3.0,False,1.9982,,,1.9156,4.133,False,1.8394,7.949,False,,,,,,,
XRPUSDT,BUY,4518,2.1303,win,4.145,0.474,0.0138,2.0192,2.1165,0.648,False,2.1096,0.972,False,2.1027,1.296,False,2.0889,1.943,False,2.0192,5.215,False,2.0171,5.315,False,2.1196,0.5,False,2.109,1.0,False,2.0983,1.5,False,2.0877,2.0,False,2.0664,3.0,False,2.1303,,2.1204,1.9907,6.553,False,1.9907,6.553,False,,,,,,,
XRPUSDT,SELL,4702,2.1395,win,7.095,0.804,0.0081,2.1846,2.1476,0.379,True,2.1517,0.568,True,2.1557,0.757,True,2.1638,1.136,False,2.1846,2.108,False,2.1867,2.208,False,2.1502,0.5,True,2.1609,1.0,False,2.1716,1.5,False,2.1823,2.0,False,2.2037,3.0,False,2.1395,,,,,,2.1785,1.822,False,,,,,,,
XRPUSDT,BUY,5196,2.1656,lose,0.545,4.969,0.0162,2.048,2.1494,0.748,True,2.1413,1.122,True,2.1332,1.496,True,2.117,2.244,True,2.048,5.43,False,2.0458,5.53,False,2.1548,0.5,True,2.1439,1.0,True,2.1331,1.5,True,2.1223,2.0,True,2.1006,3.0,True,2.1656,,2.1564,,,,2.0803,3.938,True,,,,,,,
XRPUSDT,SELL,5656,1.9929,win,7.14,1.024,0.0051,2.0248,1.998,0.256,True,2.0006,0.384,True,2.0031,0.512,True,2.0082,0.768,True,2.0248,1.601,False,2.0268,1.701,False,2.0029,0.5,True,2.0128,1.0,True,2.0228,1.5,False,2.0328,2.0,False,2.0527,3.0,False,1.9929,,,,,,2.0201,1.366,False,,,,,,,
XRPUSDT,BUY,5855,1.936,win,2.603,4.649,0.0089,1.8951,1.9271,0.46,True,1.9226,0.69,True,1.9182,0.919,True,1.9093,1.379,True,1.8951,2.113,True,1.8932,2.213,True,1.9263,0.5,True,1.9166,1.0,True,1.907,1.5,True,1.8973,2.0,True,1.8779,3.0,True,1.936,,1.9151,,,,1.8798,2.902,True,,,,,,,
XRPUSDT,SELL,5974,1.8508,lose,1.378,4.458,0.0156,1.9354,1.8664,0.843,True,1.8742,1.264,True,1.882,1.686,True,1.8976,2.529,True,1.9354,4.571,False,1.9373,4.671,False,1.8601,0.5,True,1.8693,1.0,True,1.8786,1.5,True,1.8878,2.0,True,1.9063,3.0,True,1.8508,,1.8601,1.9894,7.488,False,1.9297,4.265,True,,,,,,,
XRPUSDT,BUY,6056,1.9275,lose,0.005,6.744,0.0151,1.849,1.9124,0.783,True,1.9048,1.175,True,1.8973,1.567,True,1.8822,2.35,True,1.849,4.073,True,1.8471,4.173,True,1.9179,0.5,True,1.9082,1.0,True,1.8986,1.5,True,1.8889,2.0,True,1.8697,3.0,True,1.9275,,1.9118,,,,1.9115,0.831,True,,,,,,,
XRPUSDT,SELL,6078,1.8145,win,2.436,3.378,0.016,1.8863,1.8305,0.882,True,1.8385,1.323,True,1.8465,1.764,True,1.8625,2.645,True,1.8863,3.957,False,1.8881,4.057,False,1.8236,0.5,True,1.8326,1.0,True,1.8417,1.5,True,1.8508,2.0,True,1.8689,3.0,True,1.8145,,,1.9362,6.707,False,1.9118,5.363,False,,,,,,,
XRPUSDT,BUY,6139,1.873,win,4.522,0.582,0.0073,1.8324,1.8657,0.39,True,1.862,0.585,False,1.8584,0.779,False,1.8511,1.169,False,1.8324,2.168,False,1.8305,2.268,False,1.8636,0.5,True,1.8543,1.0,False,1.8449,1.5,False,1.8355,2.0,False,1.8168,3.0,False,1.873,,,,,,1.8638,0.489,True,,,,,,,
XRPUSDT,SELL,7309,1.843,lose,1.758,1.394,0.0056,1.8757,1.8486,0.304,True,1.8514,0.456,True,1.8542,0.608,True,1.8598,0.912,True,1.8757,1.774,False,1.8775,1.874,False,1.8522,0.5,True,1.8614,1.0,True,1.8706,1.5,True,1.8799,2.0,False,1.8983,3.0,False,1.843,,,1.8852,2.291,False,1.8964,2.897,False,,,,,,,
XRPUSDT,BUY,7406,1.8677,win,29.437,0.182,0.0046,1.8403,1.8631,0.246,False,1.8608,0.369,False,1.8585,0.493,False,1.8539,0.739,False,1.8403,1.467,False,1.8384,1.567,False,1.8584,0.5,False,1.849,1.0,False,1.8397,1.5,False,1.8303,2.0,False,1.8117,3.0,False,1.8677,,1.8657,,,,1.8567,0.587,False,,,,,,,
XRPUSDT,SELL,7889,2.2079,win,7.899,5.046,0.0247,2.369,2.2326,1.119,True,2.2449,1.678,True,2.2573,2.237,True,2.282,3.356,True,2.369,7.297,False,2.3712,7.397,False,2.2189,0.5,True,2.23,1.0,True,2.241,1.5,True,2.2521,2.0,True,2.2741,3.0,True,2.2079,,2.2452,2.4026,8.818,False,,,,2.4013,8.758,False,2.3877,8.143,False,
XRPUSDT,BUY,8462,2.0872,win,5.007,2.357,0.0114,2.0515,2.0758,0.546,True,2.0701,0.819,True,2.0644,1.092,True,2.053,1.639,True,2.0515,1.71,True,2.0494,1.81,True,2.0768,0.5,True,2.0663,1.0,True,2.0559,1.5,True,2.0455,2.0,True,2.0246,3.0,False,2.0872,,,,,,2.0529,1.641,True,,,,,,,
XRPUSDT,SELL,8698,2.0953,win,12.156,1.737,0.0106,2.1417,2.1059,0.506,True,2.1112,0.759,True,2.1165,1.012,True,2.1271,1.518,True,2.1417,2.214,False,2.1438,2.314,False,2.1058,0.5,True,2.1163,1.0,True,2.1267,1.5,True,2.1372,2.0,False,2.1582,3.0,False,2.0953,,,,,,2.1752,3.812,False,,,,,,,
XRPUSDT,BUY,9139,2.0118,lose,0.383,2.868,0.0097,1.9747,2.0021,0.482,True,1.9972,0.723,True,1.9924,0.964,True,1.9827,1.446,True,1.9747,1.844,True,1.9727,1.944,True,2.0017,0.5,True,1.9917,1.0,True,1.9816,1.5,True,1.9716,2.0,True,1.9514,3.0,False,2.0118,,,,,,,,,,,,,,,
XRPUSDT,SELL,9182,1.9556,win,4.495,1.442,0.0081,1.9983,1.9637,0.414,True,1.9678,0.621,True,1.9718,0.828,True,1.9799,1.243,True,1.9983,2.183,False,2.0003,2.283,False,1.9654,0.5,True,1.9752,1.0,True,1.9849,1.5,True,1.9947,2.0,False,2.0143,3.0,False,1.9556,,,,,,2.0014,2.342,False,,,,,,,
XRPUSDT,BUY,9342,1.9744,lose,0.734,3.763,0.0185,1.8922,1.9559,0.937,True,1.9466,1.405,True,1.9374,1.874,True,1.9189,2.811,True,1.8922,4.163,False,1.8902,4.263,False,1.9645,0.5,True,1.9547,1.0,True,1.9448,1.5,True,1.9349,2.0,True,1.9152,3.0,True,1.9744,,,1.8672,5.43,False,1.8658,5.499,False,,,,,,,
XRPUSDT,BUY,9791,1.9118,lose,1.758,2.427,0.0071,1.8627,1.9047,0.371,True,1.9011,0.557,True,1.8976,0.743,True,1.8905,1.114,True,1.8627,2.568,False,1.8608,2.668,False,1.9022,0.5,True,1.8927,1.0,True,1.8831,1.5,True,1.8736,2.0,True,1.8544,3.0,False,1.9118,,1.9055,,,,1.8888,1.203,True,,,,,,,
XRPUSDT,SELL,10042,1.8667,win,40.14,1.189,0.0082,1.9147,1.8749,0.439,True,1.879,0.659,True,1.8831,0.879,True,1.8913,1.318,False,1.9147,2.571,False,1.9166,2.671,False,1.876,0.5,True,1.8854,1.0,True,1.8947,1.5,False,1.904,2.0,False,1.9227,3.0,False,1.8667,,1.8717,,,,1.903,1.945,False,,,,,,,
XRPUSDT,BUY,10848,1.4328,win,7.594,4.236,0.0204,1.2929,1.4124,1.424,True,1.4022,2.136,True,1.392,2.848,True,1.3716,4.271,False,1.2929,9.764,False,1.2915,9.864,False,1.4256,0.5,True,1.4185,1.0,True,1.4113,1.5,True,1.4041,2.0,True,1.3898,3.0,True,1.4328,,1.423,,,,1.2758,10.956,False,,,,,,,
XRPUSDT,SELL,11124,1.3761,lose,0.145,6.359,0.0099,1.4382,1.386,0.719,True,1.391,1.079,True,1.3959,1.439,True,1.4058,2.158,True,1.4382,4.513,True,1.4396,4.613,True,1.383,0.5,True,1.3899,1.0,True,1.3967,1.5,True,1.4036,2.0,True,1.4174,3.0,True,1.3761,,1.3835,1.4569,5.87,True,1.436,4.355,True,,,,,,,
XRPUSDT,BUY,11182,1.4449,lose,0.554,3.689,0.0081,1.414,1.4368,0.561,True,1.4327,0.841,True,1.4287,1.121,True,1.4206,1.682,True,1.414,2.139,True,1.4126,2.239,True,1.4377,0.5,True,1.4305,1.0,True,1.4232,1.5,True,1.416,2.0,True,1.4016,3.0,True,1.4449,,1.4427,,,,1.3852,4.131,False,,,,,,,
XRPUSDT,SELL,11732,1.48,win,6.986,2.392,0.0127,1.5598,1.4927,0.858,True,1.499,1.287,True,1.5054,1.716,True,1.5181,2.574,False,1.5598,5.392,False,1.5613,5.492,False,1.4874,0.5,True,1.4948,1.0,True,1.5022,1.5,True,1.5096,2.0,True,1.5244,3.0,False,1.48,,,,,,,,,,,,,,,
XRPUSDT,BUY,12276,1.4407,lose,1.59,2.527,0.0041,1.4138,1.4366,0.285,True,1.4345,0.427,True,1.4325,0.569,True,1.4284,0.854,True,1.4138,1.867,True,1.4124,1.967,True,1.4335,0.5,True,1.4263,1.0,True,1.4191,1.5,True,1.4119,2.0,True,1.3975,3.0,False,1.4407,,,,,,1.3852,3.851,False,,,,,,,
XRPUSDT,SELL,12382,1.4086,win,5.651,1.143,0.0042,1.4335,1.4128,0.298,True,1.4149,0.447,True,1.417,0.596,True,1.4212,0.895,True,1.4335,1.768,False,1.4349,1.868,False,1.4156,0.5,True,1.4227,1.0,True,1.4297,1.5,False,1.4368,2.0,False,1.4509,3.0,False,1.4086,,,,,,1.4614,3.746,False,,,,,,,
XRPUSDT,BUY,12476,1.4174,lose,0.332,6.434,0.009,1.3644,1.4084,0.635,True,1.4039,0.952,True,1.3994,1.27,True,1.3904,1.905,True,1.3644,3.739,True,1.363,3.839,True,1.4103,0.5,True,1.4032,1.0,True,1.3961,1.5,True,1.3891,2.0,True,1.3749,3.0,True,1.4174,,1.4112,,,,1.3852,2.271,True,,,,,,,
XRPUSDT,SELL,12535,1.33,lose,1.391,5.241,0.0092,1.3862,1.3392,0.692,True,1.3438,1.038,True,1.3484,1.383,True,1.3576,2.075,True,1.3862,4.226,True,1.3875,4.326,True,1.3366,0.5,True,1.3433,1.0,True,1.3499,1.5,True,1.3566,2.0,True,1.3699,3.0,True,1.33,,1.3333,,,,1.4614,9.877,False,,,,,,,
XRPUSDT,BUY,12635,1.3693,win,9.063,1.263,0.0087,1.3447,1.3606,0.635,True,1.3562,0.953,True,1.3519,1.271,False,1.3432,1.906,False,1.3447,1.797,False,1.3433,1.897,False,1.3625,0.5,True,1.3556,1.0,True,1.3488,1.5,False,1.3419,2.0,False,1.3282,3.0,False,1.3693,,,1.3381,2.279,False,1.344,1.851,False,,,,,,,
XRPUSDT,SELL,12785,1.3869,win,8.479,2.776,0.011,1.4464,1.3979,0.793,True,1.4034,1.19,True,1.4089,1.586,True,1.4199,2.379,True,1.4464,4.29,False,1.4478,4.39,False,1.3938,0.5,True,1.4008,1.0,True,1.4077,1.5,True,1.4146,2.0,True,1.4285,3.0,False,1.3869,,1.4002,,,,1.4949,7.787,False,,,,,,,
XRPUSDT,BUY,12990,1.3725,win,4.386,2.2,0.0122,1.3111,1.3603,0.889,True,1.3542,1.333,True,1.3481,1.778,True,1.3359,2.667,False,1.3111,4.474,False,1.3097,4.574,False,1.3656,0.5,True,1.3588,1.0,True,1.3519,1.5,True,1.3451,2.0,True,1.3313,3.0,False,1.3725,,,,,,1.3006,5.239,False,,,,,,,
XRPUSDT,SELL,13083,1.3426,lose,0.722,5.623,0.0085,1.3894,1.3511,0.633,True,1.3554,0.95,True,1.3596,1.266,True,1.3681,1.899,True,1.3894,3.486,True,1.3907,3.586,True,1.3493,0.5,True,1.356,1.0,True,1.3627,1.5,True,1.3695,2.0,True,1.3829,3.0,True,1.3426,,1.3465,,,,1.3971,4.059,True,,,,,,,
XRPUSDT,BUY,13328,1.4175,win,3.852,2.526,0.0096,1.3544,1.4079,0.677,True,1.4031,1.016,True,1.3983,1.354,True,1.3887,2.032,True,1.3544,4.451,False,1.353,4.551,False,1.4104,0.5,True,1.4033,1.0,True,1.3962,1.5,True,1.3891,2.0,True,1.375,3.0,False,1.4175,,1.4091,1.3423,5.306,False,1.349,4.829,False,,,,,,,
XRPUSDT,SELL,13499,1.4014,win,5.759,0.45,0.0051,1.425,1.4065,0.364,True,1.409,0.546,False,1.4116,0.728,False,1.4167,1.092,False,1.425,1.684,False,1.4264,1.784,False,1.4084,0.5,False,1.4154,1.0,False,1.4224,1.5,False,1.4294,2.0,False,1.4434,3.0,False,1.4014,,1.4024,,,,1.4266,1.8,False,,,,,,,
XRPUSDT,BUY,13877,1.3869,win,3.987,1.319,0.0064,1.3494,1.3805,0.461,True,1.3773,0.692,True,1.3741,0.923,True,1.3677,1.384,False,1.3494,2.704,False,1.348,2.804,False,1.38,0.5,True,1.373,1.0,True,1.3661,1.5,False,1.3592,2.0,False,1.3453,3.0,False,1.3869,,1.3858,,,,1.3699,1.224,True,,,,,,,
XRPUSDT,SELL,14073,1.3726,lose,0.678,3.745,0.0043,1.3902,1.3769,0.313,True,1.3791,0.47,True,1.3812,0.627,True,1.3855,0.94,True,1.3902,1.282,True,1.3916,1.382,True,1.3795,0.5,True,1.3863,1.0,True,1.3932,1.5,True,1.4001,2.0,True,1.4138,3.0,True,1.3726,,1.3761,,,,1.3917,1.391,True,,,,,,,
XRPUSDT,BUY,14158,1.4133,win,2.795,2.201,0.0075,1.372,1.4058,0.531,True,1.4021,0.796,True,1.3983,1.061,True,1.3908,1.592,True,1.372,2.922,False,1.3706,3.022,False,1.4062,0.5,True,1.3992,1.0,True,1.3921,1.5,True,1.385,2.0,True,1.3709,3.0,False,1.4133,,,,,,1.3699,3.069,False,,,,,,,
XRPUSDT,BUY,14354,1.4144,win,13.575,0.679,0.0039,1.3924,1.4105,0.276,True,1.4086,0.414,True,1.4066,0.551,True,1.4027,0.827,False,1.3924,1.555,False,1.391,1.655,False,1.4073,0.5,True,1.4003,1.0,False,1.3932,1.5,False,1.3861,2.0,False,1.372,3.0,False,1.4144,,1.4129,,,,1.4029,0.813,False,,,,,,,
XRPUSDT,SELL,14683,1.4793,win,8.011,0.142,0.007,1.5264,1.4863,0.473,False,1.4898,0.71,False,1.4933,0.946,False,1.5003,1.42,False,1.5264,3.184,False,1.5279,3.284,False,1.4867,0.5,False,1.4941,1.0,False,1.5015,1.5,False,1.5089,2.0,False,1.5237,3.0,False,1.4793,,1.4794,,,,1.541,4.174,False,,,,,,,
XRPUSDT,SELL,15275,1.3974,lose,1.059,2.032,0.0065,1.4241,1.4039,0.465,True,1.4071,0.698,True,1.4104,0.93,True,1.4169,1.395,True,1.4241,1.911,True,1.4255,2.011,True,1.4044,0.5,True,1.4114,1.0,True,1.4184,1.5,True,1.4253,2.0,True,1.4393,3.0,False,1.3974,,1.398,,,,1.4458,3.467,False,,,,,,,
XRPUSDT,SELL,15427,1.3876,win,5.066,0.072,0.0046,1.4145,1.3922,0.332,False,1.3945,0.497,False,1.3968,0.663,False,1.4014,0.995,False,1.4145,1.939,False,1.4159,2.039,False,1.3945,0.5,False,1.4015,1.0,False,1.4084,1.5,False,1.4154,2.0,False,1.4292,3.0,False,1.3876,,,,,,1.4458,4.197,False,,,,,,,
XRPUSDT,SELL,15730,1.3332,win,2.963,2.07,0.0029,1.3432,1.3361,0.218,True,1.3376,0.326,True,1.339,0.435,True,1.3419,0.653,True,1.3432,0.75,True,1.3445,0.85,True,1.3399,0.5,True,1.3465,1.0,True,1.3532,1.5,True,1.3599,2.0,True,1.3732,3.0,False,1.3332,,,1.3445,0.849,True,1.3581,1.864,True,,,,,,,
XRPUSDT,SELL,16386,1.2968,lose,1.527,3.2,0.0032,1.3178,1.3,0.247,True,1.3016,0.37,True,1.3032,0.494,True,1.3064,0.74,True,1.3178,1.619,True,1.3191,1.719,True,1.3033,0.5,True,1.3098,1.0,True,1.3163,1.5,True,1.3227,2.0,True,1.3357,3.0,True,1.2968,,1.3022,,,,1.3617,5.002,False,,,,,,,
XRPUSDT,BUY,16458,1.333,lose,1.8,1.643,0.0058,1.2938,1.3272,0.435,True,1.3243,0.653,True,1.3214,0.87,True,1.3156,1.305,True,1.2938,2.941,False,1.2925,3.041,False,1.3263,0.5,True,1.3197,1.0,True,1.313,1.5,True,1.3063,2.0,False,1.293,3.0,False,1.333,,1.3302,,,,1.3079,1.884,False,,,,,,,
XRPUSDT,BUY,16644,1.3543,win,3.072,1.846,0.0078,1.3056,1.3465,0.576,True,1.3426,0.864,True,1.3387,1.152,True,1.3309,1.728,True,1.3056,3.596,False,1.3042,3.696,False,1.3475,0.5,True,1.3408,1.0,True,1.334,1.5,True,1.3272,2.0,True,1.3137,3.0,False,1.3543,,1.3527,1.2921,4.596,False,1.3001,4.002,False,,,,,,,
XRPUSDT,BUY,16829,1.3561,lose,1.386,2.367,0.0051,1.336,1.351,0.376,True,1.3485,0.564,True,1.3459,0.752,True,1.3408,1.128,True,1.336,1.482,True,1.3346,1.582,True,1.3493,0.5,True,1.3425,1.0,True,1.3358,1.5,True,1.329,2.0,True,1.3154,3.0,False,1.3561,,,1.3189,2.742,False,,,,,,,,,,
XRPUSDT,BUY,17214,1.3491,win,11.867,0.052,0.0048,1.3259,1.3443,0.356,False,1.3419,0.534,False,1.3395,0.712,False,1.3347,1.067,False,1.3259,1.72,False,1.3246,1.82,False,1.3424,0.5,False,1.3356,1.0,False,1.3289,1.5,False,1.3221,2.0,False,1.3086,3.0,False,1.3491,,,,,,1.3292,1.477,False,,,,,,,
XRPUSDT,BUY,18705,1.4031,lose,0.171,3.036,0.0037,1.3808,1.3994,0.264,True,1.3976,0.396,True,1.3957,0.527,True,1.392,0.791,True,1.3808,1.589,True,1.3794,1.689,True,1.3961,0.5,True,1.3891,1.0,True,1.3821,1.5,True,1.375,2.0,True,1.361,3.0,True,1.4031,,1.4024,,,,1.3793,1.695,True,,,,,,,
XRPUSDT,SELL,18726,1.3644,lose,1.481,2.169,0.0052,1.3927,1.3696,0.381,True,1.3722,0.572,True,1.3748,0.762,True,1.38,1.143,True,1.3927,2.074,True,1.3941,2.174,True,1.3712,0.5,True,1.378,1.0,True,1.3849,1.5,True,1.3917,2.0,True,1.4053,3.0,False,1.3644,,1.3679,1.4078,3.182,False,1.3898,1.861,True,,,,,,,
XRPUSDT,BUY,20165,1.4706,win,5.318,2.917,0.0069,1.425,1.4637,0.469,True,1.4602,0.704,True,1.4568,0.938,True,1.4499,1.408,True,1.425,3.101,False,1.4235,3.201,False,1.4632,0.5,True,1.4559,1.0,True,1.4485,1.5,True,1.4412,2.0,True,1.4265,3.0,False,1.4706,,1.4644,,,,1.4472,1.594,True,,,,,,,
XRPUSDT,SELL,20837,1.3562,win,4.505,2.183,0.0049,1.3781,1.3611,0.361,True,1.3636,0.542,True,1.366,0.723,True,1.3709,1.084,True,1.3781,1.615,True,1.3795,1.715,True,1.363,0.5,True,1.3698,1.0,True,1.3765,1.5,True,1.3833,2.0,True,1.3969,3.0,False,1.3562,,1.3646,,,,1.3684,0.897,True,,,,,,,
XRPUSDT,BUY,21049,1.3462,win,2.184,1.092,0.0034,1.3285,1.3428,0.253,True,1.3411,0.379,True,1.3394,0.505,True,1.336,0.758,True,1.3285,1.315,False,1.3272,1.415,False,1.3395,0.5,True,1.3327,1.0,True,1.326,1.5,False,1.3193,2.0,False,1.3058,3.0,False,1.3462,,,,,,1.2938,3.892,False,,,,,,,
XRPUSDT,SELL,21804,1.3263,win,20.908,1.184,0.0046,1.3463,1.3309,0.347,True,1.3332,0.52,True,1.3355,0.694,True,1.3401,1.04,True,1.3463,1.508,False,1.3476,1.608,False,1.3329,0.5,True,1.3396,1.0,True,1.3462,1.5,False,1.3528,2.0,False,1.3661,3.0,False,1.3263,,,1.3496,1.758,False,1.3407,1.089,True,,,,,,,
XRPUSDT,BUY,22425,1.1176,win,6.129,0.716,0.0064,1.0889,1.1112,0.573,True,1.108,0.859,False,1.1048,1.145,False,1.0984,1.718,False,1.0889,2.568,False,1.0878,2.668,False,1.112,0.5,True,1.1064,1.0,False,1.1008,1.5,False,1.0952,2.0,False,1.0841,3.0,False,1.1176,,,,,,1.1172,0.037,True,,,,,,,
XRPUSDT,SELL,22667,1.1268,win,3.506,1.748,0.0064,1.1638,1.1332,0.568,True,1.1364,0.852,True,1.1396,1.136,True,1.146,1.704,True,1.1638,3.284,False,1.1649,3.384,False,1.1324,0.5,True,1.1381,1.0,True,1.1437,1.5,True,1.1493,2.0,True,1.1606,3.0,False,1.1268,,,,,,1.1733,4.124,False,,,,,,,
XRPUSDT,BUY,22871,1.1415,lose,1.673,1.428,0.0072,1.1054,1.1343,0.631,True,1.1307,0.946,True,1.1271,1.261,True,1.1199,1.892,False,1.1054,3.163,False,1.1043,3.263,False,1.1358,0.5,True,1.1301,1.0,True,1.1244,1.5,False,1.1187,2.0,False,1.1073,3.0,False,1.1415,,1.1406,1.1017,3.483,False,1.116,2.235,False,,,,,,,
XRPUSDT,SELL,23334,1.2149,win,7.943,1.268,0.0071,1.2454,1.222,0.584,True,1.2256,0.877,True,1.2291,1.169,True,1.2362,1.753,False,1.2454,2.51,False,1.2466,2.61,False,1.221,0.5,True,1.227,1.0,True,1.2331,1.5,False,1.2392,2.0,False,1.2513,3.0,False,1.2149,,,1.257,3.464,False,,,,,,,,,,
XRPUSDT,SELL,23845,1.1312,lose,0.734,2.847,0.0046,1.1508,1.1358,0.407,True,1.1381,0.61,True,1.1404,0.813,True,1.145,1.22,True,1.1508,1.733,True,1.1519,1.833,True,1.1369,0.5,True,1.1425,1.0,True,1.1482,1.5,True,1.1538,2.0,True,1.1651,3.0,False,1.1312,,,,,,1.1478,1.472,True,,,,,,,
XRPUSDT,BUY,23905,1.1631,lose,0.009,3.654,0.0049,1.1355,1.1582,0.421,True,1.1558,0.632,True,1.1533,0.843,True,1.1484,1.264,True,1.1355,2.373,True,1.1343,2.473,True,1.1573,0.5,True,1.1515,1.0,True,1.1457,1.5,True,1.1398,2.0,True,1.1282,3.0,True,1.1631,,1.1577,,,,1.1363,2.307,True,,,,,,,
XRPUSDT,SELL,23964,1.122,win,10.152,0.053,0.0038,1.143,1.1258,0.339,False,1.1277,0.508,False,1.1296,0.677,False,1.1334,1.016,False,1.143,1.872,False,1.1441,1.972,False,1.1276,0.5,False,1.1332,1.0,False,1.1388,1.5,False,1.1444,2.0,False,1.1557,3.0,False,1.122,,1.1226,,,,1.1478,2.304,False,,,,,,,
XRPUSDT,BUY,24342,1.0579,lose,1.777,1.267,0.0048,1.0333,1.0531,0.454,True,1.0507,0.681,True,1.0483,0.907,True,1.0435,1.361,False,1.0333,2.325,False,1.0322,2.425,False,1.0526,0.5,True,1.0473,1.0,True,1.042,1.5,False,1.0367,2.0,False,1.0262,3.0,False,1.0579,,,1.0357,2.094,False,1.0145,4.104,False,,,,,,,
XRPUSDT,SELL,24660,1.0419,lose,1.987,2.236,0.0024,1.0549,1.0443,0.23,True,1.0455,0.346,True,1.0467,0.461,True,1.0491,0.691,True,1.0549,1.248,True,1.0559,1.348,True,1.0471,0.5,True,1.0523,1.0,True,1.0575,1.5,True,1.0627,2.0,True,1.0732,3.0,False,1.0419,,,,,,1.0508,0.859,True,,,,,,,
XRPUSDT,SELL,25114,1.1382,lose,1.239,2.715,0.0042,1.1541,1.1424,0.369,True,1.1445,0.554,True,1.1466,0.738,True,1.1508,1.107,True,1.1541,1.397,True,1.1552,1.497,True,1.1439,0.5,True,1.1496,1.0,True,1.1553,1.5,True,1.161,2.0,True,1.1723,3.0,False,1.1382,,1.1407,,,,,,,,,,,,,
XRPUSDT,BUY,25588,1.106,lose,1.157,1.338,0.0035,1.0882,1.1025,0.316,True,1.1008,0.475,True,1.099,0.633,True,1.0955,0.949,True,1.0882,1.609,False,1.0871,1.709,False,1.1005,0.5,True,1.0949,1.0,True,1.0894,1.5,True,1.0839,2.0,False,1.0728,3.0,False,1.106,,,,,,1.066,3.614,False,,,,,,,
XRPUSDT,SELL,26228,1.0893,lose,1.854,0.927,0.0051,1.117,1.0944,0.468,True,1.0969,0.702,True,1.0995,0.936,False,1.1046,1.405,False,1.117,2.543,False,1.1181,2.643,False,1.0947,0.5,True,1.1002,1.0,False,1.1056,1.5,False,1.1111,2.0,False,1.122,3.0,False,1.0893,,,1.1194,2.761,False,1.1143,2.296,False,,,,,,,
XRPUSDT,SELL,26877,1.1213,win,3.3,0.009,0.003,1.1411,1.1243,0.268,False,1.1258,0.401,False,1.1273,0.535,False,1.1303,0.803,False,1.1411,1.766,False,1.1422,1.866,False,1.1269,0.5,False,1.1325,1.0,False,1.1381,1.5,False,1.1437,2.0,False,1.1549,3.0,False,1.1213,,,,,,1.1409,1.752,False,,,,,,,
XRPUSDT,SELL,27278,1.0934,win,4.472,0.192,0.0045,1.1108,1.0979,0.412,False,1.1001,0.617,False,1.1024,0.823,False,1.1069,1.235,False,1.1108,1.591,False,1.1119,1.691,False,1.0989,0.5,False,1.1043,1.0,False,1.1098,1.5,False,1.1153,2.0,False,1.1262,3.0,False,1.0934,,,,,,1.1221,2.627,False,,,,,,,
XRPUSDT,BUY,27412,1.0795,lose,1.427,1.667,0.0044,1.0583,1.0751,0.408,True,1.0729,0.611,True,1.0707,0.815,True,1.0663,1.223,True,1.0583,1.964,False,1.0572,2.064,False,1.0741,0.5,True,1.0687,1.0,True,1.0633,1.5,True,1.0579,2.0,False,1.0471,3.0,False,1.0795,,1.078,,,,1.0479,2.932,False,,,,,,,
XRPUSDT,SELL,28109,1.0651,win,4.985,0.723,0.002,1.0761,1.0671,0.188,True,1.0681,0.282,True,1.0691,0.376,True,1.0711,0.563,True,1.0761,1.033,False,1.0772,1.133,False,1.0704,0.5,True,1.0758,1.0,False,1.0811,1.5,False,1.0864,2.0,False,1.0971,3.0,False,1.0651,,,,,,,,,,,,,,,
XRPUSDT,SELL,28563,1.0295,win,3.973,1.02,0.0042,1.0458,1.0337,0.408,True,1.0358,0.612,True,1.0379,0.816,True,1.0421,1.224,False,1.0458,1.583,False,1.0468,1.683,False,1.0346,0.5,True,1.0398,1.0,True,1.0449,1.5,False,1.0501,2.0,False,1.0604,3.0,False,1.0295,,,1.0492,1.911,False,1.0593,2.891,False,1.0417,1.189,False,1.0355,0.583,True,1.0354999999999999
XRPUSDT,BUY,28795,1.0241,lose,0.137,2.109,0.0023,1.0126,1.0218,0.225,True,1.0207,0.337,True,1.0195,0.449,True,1.0172,0.674,True,1.0126,1.123,True,1.0116,1.223,True,1.019,0.5,True,1.0139,1.0,True,1.0087,1.5,True,1.0036,2.0,True,0.9934,3.0,False,1.0241,,1.0191,,,,1.0181,0.588,True,,,,,,,
XRPUSDT,BUY,29451,1.0047,win,69.304,0.189,0.0018,0.9966,1.0029,0.179,True,1.002,0.269,False,1.0011,0.358,False,0.9993,0.537,False,0.9966,0.806,False,0.9956,0.906,False,0.9997,0.5,False,0.9947,1.0,False,0.9896,1.5,False,0.9846,2.0,False,0.9746,3.0,False,1.0047,,1.0045,0.994,1.064,False,0.9961,0.856,False,0.9951,0.96,False,0.9978,0.692,False,
